<?xml version="1.0" encoding="UTF-8"?>
<gpx xmlns="http://www.topografix.com/GPX/1/1" xmlns:xsi="http://www.w3.org/2001/XMLSchema-instance" xsi:schemaLocation="http://www.topografix.com/GPX/1/1 http://www.topografix.com/GPX/1/1/gpx.xsd" version="1.1" creator="鹏">
  <metadata>
    <name>Cycling (Completed)</name>
    <desc>Distance: 4.24km, Estimated duration: 0.23h, Elevation up: 12.0m, Elevation down: 18.0m</desc>
    <author>
      <name>鹏</name>
      <link href="https://www.komoot.de/user/3342641231843">
        <text>View 鹏's Profile on Komoot</text>
      </link>
    </author>
    <link href="https://www.komoot.de/tour/1114571080">
      <text>View tour on Komoot</text>
    </link>
  </metadata>
  <trk>
    <name>Cycling (Completed)</name>
    <desc>Distance: 4.24km, Estimated duration: 0.23h, Elevation up: 12.0m, Elevation down: 18.0m</desc>
    <link href="https://www.komoot.de/tour/1114571080">
      <text>View tour on Komoot</text>
    </link>
    <trkseg>
      <trkpt lat="22.557148" lon="113.959824">
        <ele>16</ele>
        <time>2023-05-12T00:42:58Z</time>
      </trkpt>
      <trkpt lat="22.557131" lon="113.959786">
        <ele>16</ele>
        <time>2023-05-12T00:43:14Z</time>
      </trkpt>
      <trkpt lat="22.557124" lon="113.959731">
        <ele>16</ele>
        <time>2023-05-12T00:43:15Z</time>
      </trkpt>
      <trkpt lat="22.557125" lon="113.959677">
        <ele>16</ele>
        <time>2023-05-12T00:43:16Z</time>
      </trkpt>
      <trkpt lat="22.557128" lon="113.959632">
        <ele>16</ele>
        <time>2023-05-12T00:43:17Z</time>
      </trkpt>
      <trkpt lat="22.557127" lon="113.959591">
        <ele>16</ele>
        <time>2023-05-12T00:43:18Z</time>
      </trkpt>
      <trkpt lat="22.557112" lon="113.959555">
        <ele>16</ele>
        <time>2023-05-12T00:43:19Z</time>
      </trkpt>
      <trkpt lat="22.557091" lon="113.959524">
        <ele>16</ele>
        <time>2023-05-12T00:43:20Z</time>
      </trkpt>
      <trkpt lat="22.557078" lon="113.959492">
        <ele>16</ele>
        <time>2023-05-12T00:43:21Z</time>
      </trkpt>
      <trkpt lat="22.557074" lon="113.959454">
        <ele>16</ele>
        <time>2023-05-12T00:43:22Z</time>
      </trkpt>
      <trkpt lat="22.557077" lon="113.959413">
        <ele>16</ele>
        <time>2023-05-12T00:43:23Z</time>
      </trkpt>
      <trkpt lat="22.557079" lon="113.959365">
        <ele>16</ele>
        <time>2023-05-12T00:43:24Z</time>
      </trkpt>
      <trkpt lat="22.557077" lon="113.959312">
        <ele>16</ele>
        <time>2023-05-12T00:43:25Z</time>
      </trkpt>
      <trkpt lat="22.557077" lon="113.959259">
        <ele>16</ele>
        <time>2023-05-12T00:43:26Z</time>
      </trkpt>
      <trkpt lat="22.557076" lon="113.959203">
        <ele>16</ele>
        <time>2023-05-12T00:43:27Z</time>
      </trkpt>
      <trkpt lat="22.557073" lon="113.95915">
        <ele>16</ele>
        <time>2023-05-12T00:43:28Z</time>
      </trkpt>
      <trkpt lat="22.557071" lon="113.959092">
        <ele>16</ele>
        <time>2023-05-12T00:43:29Z</time>
      </trkpt>
      <trkpt lat="22.557069" lon="113.959041">
        <ele>16</ele>
        <time>2023-05-12T00:43:30Z</time>
      </trkpt>
      <trkpt lat="22.557065" lon="113.958995">
        <ele>16</ele>
        <time>2023-05-12T00:43:31Z</time>
      </trkpt>
      <trkpt lat="22.557061" lon="113.958947">
        <ele>16</ele>
        <time>2023-05-12T00:43:32Z</time>
      </trkpt>
      <trkpt lat="22.557057" lon="113.958893">
        <ele>16</ele>
        <time>2023-05-12T00:43:33Z</time>
      </trkpt>
      <trkpt lat="22.557053" lon="113.958837">
        <ele>16</ele>
        <time>2023-05-12T00:43:34Z</time>
      </trkpt>
      <trkpt lat="22.557048" lon="113.958784">
        <ele>16</ele>
        <time>2023-05-12T00:43:35Z</time>
      </trkpt>
      <trkpt lat="22.557044" lon="113.958728">
        <ele>16.1</ele>
        <time>2023-05-12T00:43:36Z</time>
      </trkpt>
      <trkpt lat="22.557037" lon="113.958671">
        <ele>16.1</ele>
        <time>2023-05-12T00:43:37Z</time>
      </trkpt>
      <trkpt lat="22.557025" lon="113.958618">
        <ele>16.1</ele>
        <time>2023-05-12T00:43:38Z</time>
      </trkpt>
      <trkpt lat="22.557016" lon="113.958565">
        <ele>16.1</ele>
        <time>2023-05-12T00:43:39Z</time>
      </trkpt>
      <trkpt lat="22.557006" lon="113.958513">
        <ele>16.1</ele>
        <time>2023-05-12T00:43:40Z</time>
      </trkpt>
      <trkpt lat="22.556997" lon="113.958468">
        <ele>16.2</ele>
        <time>2023-05-12T00:43:41Z</time>
      </trkpt>
      <trkpt lat="22.556989" lon="113.958423">
        <ele>16.2</ele>
        <time>2023-05-12T00:43:42Z</time>
      </trkpt>
      <trkpt lat="22.556987" lon="113.958377">
        <ele>16.2</ele>
        <time>2023-05-12T00:43:43Z</time>
      </trkpt>
      <trkpt lat="22.556993" lon="113.95833">
        <ele>16.2</ele>
        <time>2023-05-12T00:43:44Z</time>
      </trkpt>
      <trkpt lat="22.556995" lon="113.958288">
        <ele>16.2</ele>
        <time>2023-05-12T00:43:45Z</time>
      </trkpt>
      <trkpt lat="22.556994" lon="113.958247">
        <ele>16.3</ele>
        <time>2023-05-12T00:43:46Z</time>
      </trkpt>
      <trkpt lat="22.556988" lon="113.958201">
        <ele>16.3</ele>
        <time>2023-05-12T00:43:47Z</time>
      </trkpt>
      <trkpt lat="22.55698" lon="113.958156">
        <ele>16.3</ele>
        <time>2023-05-12T00:43:48Z</time>
      </trkpt>
      <trkpt lat="22.556969" lon="113.958109">
        <ele>16.3</ele>
        <time>2023-05-12T00:43:49Z</time>
      </trkpt>
      <trkpt lat="22.556956" lon="113.958061">
        <ele>16.3</ele>
        <time>2023-05-12T00:43:50Z</time>
      </trkpt>
      <trkpt lat="22.556946" lon="113.958018">
        <ele>16.3</ele>
        <time>2023-05-12T00:43:51Z</time>
      </trkpt>
      <trkpt lat="22.55694" lon="113.957983">
        <ele>16.4</ele>
        <time>2023-05-12T00:43:52Z</time>
      </trkpt>
      <trkpt lat="22.556934" lon="113.957952">
        <ele>16.4</ele>
        <time>2023-05-12T00:43:53Z</time>
      </trkpt>
      <trkpt lat="22.556927" lon="113.957919">
        <ele>16.4</ele>
        <time>2023-05-12T00:43:54Z</time>
      </trkpt>
      <trkpt lat="22.55692" lon="113.957883">
        <ele>16.4</ele>
        <time>2023-05-12T00:43:55Z</time>
      </trkpt>
      <trkpt lat="22.556916" lon="113.957844">
        <ele>16.4</ele>
        <time>2023-05-12T00:43:56Z</time>
      </trkpt>
      <trkpt lat="22.556919" lon="113.957793">
        <ele>16.4</ele>
        <time>2023-05-12T00:43:57Z</time>
      </trkpt>
      <trkpt lat="22.556922" lon="113.957746">
        <ele>16.5</ele>
        <time>2023-05-12T00:43:58Z</time>
      </trkpt>
      <trkpt lat="22.556921" lon="113.957695">
        <ele>16.5</ele>
        <time>2023-05-12T00:43:59Z</time>
      </trkpt>
      <trkpt lat="22.556913" lon="113.957649">
        <ele>16.5</ele>
        <time>2023-05-12T00:44:00Z</time>
      </trkpt>
      <trkpt lat="22.556902" lon="113.957609">
        <ele>16.5</ele>
        <time>2023-05-12T00:44:01Z</time>
      </trkpt>
      <trkpt lat="22.556886" lon="113.957581">
        <ele>16.5</ele>
        <time>2023-05-12T00:44:02Z</time>
      </trkpt>
      <trkpt lat="22.556865" lon="113.957556">
        <ele>16.5</ele>
        <time>2023-05-12T00:44:03Z</time>
      </trkpt>
      <trkpt lat="22.556847" lon="113.95753">
        <ele>16.5</ele>
        <time>2023-05-12T00:44:04Z</time>
      </trkpt>
      <trkpt lat="22.556828" lon="113.957512">
        <ele>16.6</ele>
        <time>2023-05-12T00:44:05Z</time>
      </trkpt>
      <trkpt lat="22.556809" lon="113.957489">
        <ele>16.6</ele>
        <time>2023-05-12T00:44:06Z</time>
      </trkpt>
      <trkpt lat="22.556801" lon="113.957463">
        <ele>16.6</ele>
        <time>2023-05-12T00:44:07Z</time>
      </trkpt>
      <trkpt lat="22.556804" lon="113.957429">
        <ele>16.6</ele>
        <time>2023-05-12T00:44:08Z</time>
      </trkpt>
      <trkpt lat="22.556814" lon="113.957397">
        <ele>16.6</ele>
        <time>2023-05-12T00:44:09Z</time>
      </trkpt>
      <trkpt lat="22.556823" lon="113.957374">
        <ele>16.6</ele>
        <time>2023-05-12T00:44:10Z</time>
      </trkpt>
      <trkpt lat="22.556826" lon="113.957349">
        <ele>16.6</ele>
        <time>2023-05-12T00:44:11Z</time>
      </trkpt>
      <trkpt lat="22.556826" lon="113.957317">
        <ele>16.6</ele>
        <time>2023-05-12T00:44:12Z</time>
      </trkpt>
      <trkpt lat="22.556825" lon="113.957279">
        <ele>16.7</ele>
        <time>2023-05-12T00:44:13Z</time>
      </trkpt>
      <trkpt lat="22.556823" lon="113.957238">
        <ele>16.7</ele>
        <time>2023-05-12T00:44:14Z</time>
      </trkpt>
      <trkpt lat="22.556821" lon="113.957192">
        <ele>16.7</ele>
        <time>2023-05-12T00:44:15Z</time>
      </trkpt>
      <trkpt lat="22.556819" lon="113.957146">
        <ele>16.7</ele>
        <time>2023-05-12T00:44:16Z</time>
      </trkpt>
      <trkpt lat="22.556819" lon="113.957102">
        <ele>16.7</ele>
        <time>2023-05-12T00:44:17Z</time>
      </trkpt>
      <trkpt lat="22.55682" lon="113.95706">
        <ele>16.7</ele>
        <time>2023-05-12T00:44:18Z</time>
      </trkpt>
      <trkpt lat="22.55682" lon="113.957019">
        <ele>16.8</ele>
        <time>2023-05-12T00:44:19Z</time>
      </trkpt>
      <trkpt lat="22.556818" lon="113.956978">
        <ele>16.8</ele>
        <time>2023-05-12T00:44:20Z</time>
      </trkpt>
      <trkpt lat="22.556812" lon="113.95693">
        <ele>16.8</ele>
        <time>2023-05-12T00:44:21Z</time>
      </trkpt>
      <trkpt lat="22.556805" lon="113.956879">
        <ele>16.8</ele>
        <time>2023-05-12T00:44:22Z</time>
      </trkpt>
      <trkpt lat="22.556802" lon="113.956835">
        <ele>16.9</ele>
        <time>2023-05-12T00:44:23Z</time>
      </trkpt>
      <trkpt lat="22.556805" lon="113.956795">
        <ele>16.9</ele>
        <time>2023-05-12T00:44:24Z</time>
      </trkpt>
      <trkpt lat="22.556803" lon="113.95675">
        <ele>16.9</ele>
        <time>2023-05-12T00:44:25Z</time>
      </trkpt>
      <trkpt lat="22.556799" lon="113.956707">
        <ele>16.9</ele>
        <time>2023-05-12T00:44:26Z</time>
      </trkpt>
      <trkpt lat="22.556793" lon="113.956666">
        <ele>16.9</ele>
        <time>2023-05-12T00:44:27Z</time>
      </trkpt>
      <trkpt lat="22.556788" lon="113.956621">
        <ele>17</ele>
        <time>2023-05-12T00:44:28Z</time>
      </trkpt>
      <trkpt lat="22.556787" lon="113.956572">
        <ele>17</ele>
        <time>2023-05-12T00:44:29Z</time>
      </trkpt>
      <trkpt lat="22.556789" lon="113.956516">
        <ele>17</ele>
        <time>2023-05-12T00:44:30Z</time>
      </trkpt>
      <trkpt lat="22.55679" lon="113.956458">
        <ele>17.1</ele>
        <time>2023-05-12T00:44:31Z</time>
      </trkpt>
      <trkpt lat="22.55679" lon="113.956403">
        <ele>17.1</ele>
        <time>2023-05-12T00:44:32Z</time>
      </trkpt>
      <trkpt lat="22.556787" lon="113.956352">
        <ele>17.1</ele>
        <time>2023-05-12T00:44:33Z</time>
      </trkpt>
      <trkpt lat="22.556784" lon="113.956303">
        <ele>17.1</ele>
        <time>2023-05-12T00:44:34Z</time>
      </trkpt>
      <trkpt lat="22.556781" lon="113.956249">
        <ele>17.2</ele>
        <time>2023-05-12T00:44:35Z</time>
      </trkpt>
      <trkpt lat="22.556779" lon="113.956197">
        <ele>17.2</ele>
        <time>2023-05-12T00:44:36Z</time>
      </trkpt>
      <trkpt lat="22.556775" lon="113.956143">
        <ele>17.2</ele>
        <time>2023-05-12T00:44:37Z</time>
      </trkpt>
      <trkpt lat="22.556773" lon="113.95609">
        <ele>17.3</ele>
        <time>2023-05-12T00:44:38Z</time>
      </trkpt>
      <trkpt lat="22.556772" lon="113.956033">
        <ele>17.3</ele>
        <time>2023-05-12T00:44:39Z</time>
      </trkpt>
      <trkpt lat="22.556772" lon="113.955972">
        <ele>17.3</ele>
        <time>2023-05-12T00:44:40Z</time>
      </trkpt>
      <trkpt lat="22.556772" lon="113.955913">
        <ele>17.3</ele>
        <time>2023-05-12T00:44:41Z</time>
      </trkpt>
      <trkpt lat="22.55677" lon="113.955852">
        <ele>17.4</ele>
        <time>2023-05-12T00:44:42Z</time>
      </trkpt>
      <trkpt lat="22.556769" lon="113.955794">
        <ele>17.4</ele>
        <time>2023-05-12T00:44:43Z</time>
      </trkpt>
      <trkpt lat="22.556763" lon="113.955739">
        <ele>17.4</ele>
        <time>2023-05-12T00:44:44Z</time>
      </trkpt>
      <trkpt lat="22.55676" lon="113.955677">
        <ele>17.5</ele>
        <time>2023-05-12T00:44:45Z</time>
      </trkpt>
      <trkpt lat="22.556756" lon="113.955618">
        <ele>17.5</ele>
        <time>2023-05-12T00:44:46Z</time>
      </trkpt>
      <trkpt lat="22.556752" lon="113.955562">
        <ele>17.5</ele>
        <time>2023-05-12T00:44:47Z</time>
      </trkpt>
      <trkpt lat="22.556749" lon="113.955503">
        <ele>17.6</ele>
        <time>2023-05-12T00:44:48Z</time>
      </trkpt>
      <trkpt lat="22.556747" lon="113.955448">
        <ele>17.6</ele>
        <time>2023-05-12T00:44:49Z</time>
      </trkpt>
      <trkpt lat="22.556746" lon="113.955392">
        <ele>17.6</ele>
        <time>2023-05-12T00:44:50Z</time>
      </trkpt>
      <trkpt lat="22.556747" lon="113.955341">
        <ele>17.7</ele>
        <time>2023-05-12T00:44:51Z</time>
      </trkpt>
      <trkpt lat="22.556744" lon="113.955282">
        <ele>17.7</ele>
        <time>2023-05-12T00:44:52Z</time>
      </trkpt>
      <trkpt lat="22.55674" lon="113.955229">
        <ele>17.7</ele>
        <time>2023-05-12T00:44:53Z</time>
      </trkpt>
      <trkpt lat="22.556735" lon="113.955176">
        <ele>17.7</ele>
        <time>2023-05-12T00:44:54Z</time>
      </trkpt>
      <trkpt lat="22.556737" lon="113.955121">
        <ele>17.8</ele>
        <time>2023-05-12T00:44:55Z</time>
      </trkpt>
      <trkpt lat="22.556747" lon="113.955069">
        <ele>17.8</ele>
        <time>2023-05-12T00:44:56Z</time>
      </trkpt>
      <trkpt lat="22.556764" lon="113.955024">
        <ele>17.8</ele>
        <time>2023-05-12T00:44:57Z</time>
      </trkpt>
      <trkpt lat="22.556785" lon="113.954978">
        <ele>17.6</ele>
        <time>2023-05-12T00:44:58Z</time>
      </trkpt>
      <trkpt lat="22.556814" lon="113.954928">
        <ele>17.5</ele>
        <time>2023-05-12T00:44:59Z</time>
      </trkpt>
      <trkpt lat="22.55685" lon="113.954873">
        <ele>17.3</ele>
        <time>2023-05-12T00:45:00Z</time>
      </trkpt>
      <trkpt lat="22.556885" lon="113.954829">
        <ele>17.2</ele>
        <time>2023-05-12T00:45:01Z</time>
      </trkpt>
      <trkpt lat="22.556916" lon="113.954793">
        <ele>17.1</ele>
        <time>2023-05-12T00:45:02Z</time>
      </trkpt>
      <trkpt lat="22.556947" lon="113.95476">
        <ele>16.9</ele>
        <time>2023-05-12T00:45:03Z</time>
      </trkpt>
      <trkpt lat="22.55698" lon="113.954722">
        <ele>16.8</ele>
        <time>2023-05-12T00:45:04Z</time>
      </trkpt>
      <trkpt lat="22.557015" lon="113.954684">
        <ele>16.7</ele>
        <time>2023-05-12T00:45:05Z</time>
      </trkpt>
      <trkpt lat="22.557052" lon="113.954644">
        <ele>16.5</ele>
        <time>2023-05-12T00:45:06Z</time>
      </trkpt>
      <trkpt lat="22.557087" lon="113.9546">
        <ele>16.4</ele>
        <time>2023-05-12T00:45:07Z</time>
      </trkpt>
      <trkpt lat="22.557122" lon="113.95456">
        <ele>16.3</ele>
        <time>2023-05-12T00:45:08Z</time>
      </trkpt>
      <trkpt lat="22.55716" lon="113.954514">
        <ele>16.1</ele>
        <time>2023-05-12T00:45:09Z</time>
      </trkpt>
      <trkpt lat="22.557198" lon="113.954466">
        <ele>16</ele>
        <time>2023-05-12T00:45:10Z</time>
      </trkpt>
      <trkpt lat="22.557236" lon="113.954415">
        <ele>15.8</ele>
        <time>2023-05-12T00:45:11Z</time>
      </trkpt>
      <trkpt lat="22.55727" lon="113.954367">
        <ele>15.6</ele>
        <time>2023-05-12T00:45:12Z</time>
      </trkpt>
      <trkpt lat="22.557298" lon="113.954315">
        <ele>15.5</ele>
        <time>2023-05-12T00:45:13Z</time>
      </trkpt>
      <trkpt lat="22.557316" lon="113.95427">
        <ele>15.4</ele>
        <time>2023-05-12T00:45:14Z</time>
      </trkpt>
      <trkpt lat="22.557328" lon="113.954222">
        <ele>15.3</ele>
        <time>2023-05-12T00:45:15Z</time>
      </trkpt>
      <trkpt lat="22.557338" lon="113.954171">
        <ele>15.1</ele>
        <time>2023-05-12T00:45:16Z</time>
      </trkpt>
      <trkpt lat="22.557344" lon="113.954122">
        <ele>15</ele>
        <time>2023-05-12T00:45:17Z</time>
      </trkpt>
      <trkpt lat="22.557344" lon="113.954069">
        <ele>14.9</ele>
        <time>2023-05-12T00:45:18Z</time>
      </trkpt>
      <trkpt lat="22.557345" lon="113.954019">
        <ele>14.8</ele>
        <time>2023-05-12T00:45:19Z</time>
      </trkpt>
      <trkpt lat="22.557346" lon="113.953978">
        <ele>14.7</ele>
        <time>2023-05-12T00:45:20Z</time>
      </trkpt>
      <trkpt lat="22.557346" lon="113.953952">
        <ele>14.6</ele>
        <time>2023-05-12T00:45:21Z</time>
      </trkpt>
      <trkpt lat="22.557351" lon="113.953941">
        <ele>14.6</ele>
        <time>2023-05-12T00:45:22Z</time>
      </trkpt>
      <trkpt lat="22.557358" lon="113.953944">
        <ele>14.5</ele>
        <time>2023-05-12T00:45:23Z</time>
      </trkpt>
      <trkpt lat="22.55736" lon="113.953949">
        <ele>14.5</ele>
        <time>2023-05-12T00:45:24Z</time>
      </trkpt>
      <trkpt lat="22.557358" lon="113.953951">
        <ele>14.5</ele>
        <time>2023-05-12T00:45:25Z</time>
      </trkpt>
      <trkpt lat="22.557356" lon="113.953957">
        <ele>14.5</ele>
        <time>2023-05-12T00:45:26Z</time>
      </trkpt>
      <trkpt lat="22.557356" lon="113.953954">
        <ele>14.5</ele>
        <time>2023-05-12T00:45:28Z</time>
      </trkpt>
      <trkpt lat="22.557356" lon="113.953949">
        <ele>14.5</ele>
        <time>2023-05-12T00:45:29Z</time>
      </trkpt>
      <trkpt lat="22.557355" lon="113.953946">
        <ele>14.5</ele>
        <time>2023-05-12T00:45:30Z</time>
      </trkpt>
      <trkpt lat="22.557353" lon="113.953939">
        <ele>14.5</ele>
        <time>2023-05-12T00:45:31Z</time>
      </trkpt>
      <trkpt lat="22.55735" lon="113.953931">
        <ele>14.4</ele>
        <time>2023-05-12T00:45:32Z</time>
      </trkpt>
      <trkpt lat="22.55735" lon="113.953923">
        <ele>14.4</ele>
        <time>2023-05-12T00:45:33Z</time>
      </trkpt>
      <trkpt lat="22.557351" lon="113.953916">
        <ele>14.4</ele>
        <time>2023-05-12T00:45:34Z</time>
      </trkpt>
      <trkpt lat="22.557352" lon="113.953908">
        <ele>14.4</ele>
        <time>2023-05-12T00:45:35Z</time>
      </trkpt>
      <trkpt lat="22.557352" lon="113.953901">
        <ele>14.4</ele>
        <time>2023-05-12T00:45:36Z</time>
      </trkpt>
      <trkpt lat="22.557353" lon="113.953893">
        <ele>14.3</ele>
        <time>2023-05-12T00:45:37Z</time>
      </trkpt>
      <trkpt lat="22.557355" lon="113.953885">
        <ele>14.3</ele>
        <time>2023-05-12T00:45:38Z</time>
      </trkpt>
      <trkpt lat="22.557357" lon="113.953878">
        <ele>14.3</ele>
        <time>2023-05-12T00:45:39Z</time>
      </trkpt>
      <trkpt lat="22.557356" lon="113.95387">
        <ele>14.3</ele>
        <time>2023-05-12T00:45:40Z</time>
      </trkpt>
      <trkpt lat="22.557356" lon="113.953865">
        <ele>14.3</ele>
        <time>2023-05-12T00:45:41Z</time>
      </trkpt>
      <trkpt lat="22.557357" lon="113.953863">
        <ele>14.3</ele>
        <time>2023-05-12T00:45:42Z</time>
      </trkpt>
      <trkpt lat="22.557361" lon="113.953852">
        <ele>14.2</ele>
        <time>2023-05-12T00:45:43Z</time>
      </trkpt>
      <trkpt lat="22.557364" lon="113.95384">
        <ele>14.2</ele>
        <time>2023-05-12T00:45:44Z</time>
      </trkpt>
      <trkpt lat="22.557366" lon="113.953832">
        <ele>14.2</ele>
        <time>2023-05-12T00:45:45Z</time>
      </trkpt>
      <trkpt lat="22.557367" lon="113.953827">
        <ele>14.2</ele>
        <time>2023-05-12T00:45:46Z</time>
      </trkpt>
      <trkpt lat="22.557365" lon="113.953824">
        <ele>14.2</ele>
        <time>2023-05-12T00:45:47Z</time>
      </trkpt>
      <trkpt lat="22.557364" lon="113.953819">
        <ele>14.1</ele>
        <time>2023-05-12T00:45:48Z</time>
      </trkpt>
      <trkpt lat="22.557365" lon="113.953817">
        <ele>14.1</ele>
        <time>2023-05-12T00:45:49Z</time>
      </trkpt>
      <trkpt lat="22.557365" lon="113.953812">
        <ele>14.1</ele>
        <time>2023-05-12T00:45:50Z</time>
      </trkpt>
      <trkpt lat="22.557365" lon="113.953807">
        <ele>14.1</ele>
        <time>2023-05-12T00:45:51Z</time>
      </trkpt>
      <trkpt lat="22.557363" lon="113.953794">
        <ele>14.1</ele>
        <time>2023-05-12T00:45:52Z</time>
      </trkpt>
      <trkpt lat="22.557357" lon="113.953791">
        <ele>14.1</ele>
        <time>2023-05-12T00:45:53Z</time>
      </trkpt>
      <trkpt lat="22.557357" lon="113.953794">
        <ele>14.1</ele>
        <time>2023-05-12T00:45:54Z</time>
      </trkpt>
      <trkpt lat="22.557358" lon="113.953789">
        <ele>14</ele>
        <time>2023-05-12T00:45:55Z</time>
      </trkpt>
      <trkpt lat="22.557362" lon="113.953789">
        <ele>14</ele>
        <time>2023-05-12T00:45:56Z</time>
      </trkpt>
      <trkpt lat="22.557365" lon="113.953791">
        <ele>14</ele>
        <time>2023-05-12T00:45:57Z</time>
      </trkpt>
      <trkpt lat="22.557359" lon="113.953794">
        <ele>14</ele>
        <time>2023-05-12T00:45:58Z</time>
      </trkpt>
      <trkpt lat="22.557341" lon="113.953785">
        <ele>14</ele>
        <time>2023-05-12T00:45:59Z</time>
      </trkpt>
      <trkpt lat="22.557319" lon="113.953774">
        <ele>13.9</ele>
        <time>2023-05-12T00:46:00Z</time>
      </trkpt>
      <trkpt lat="22.557284" lon="113.953759">
        <ele>13.8</ele>
        <time>2023-05-12T00:46:01Z</time>
      </trkpt>
      <trkpt lat="22.557222" lon="113.953741">
        <ele>13.6</ele>
        <time>2023-05-12T00:46:02Z</time>
      </trkpt>
      <trkpt lat="22.557172" lon="113.953738">
        <ele>13.5</ele>
        <time>2023-05-12T00:46:03Z</time>
      </trkpt>
      <trkpt lat="22.557131" lon="113.953748">
        <ele>13.4</ele>
        <time>2023-05-12T00:46:04Z</time>
      </trkpt>
      <trkpt lat="22.557083" lon="113.953762">
        <ele>13.2</ele>
        <time>2023-05-12T00:46:05Z</time>
      </trkpt>
      <trkpt lat="22.55704" lon="113.953775">
        <ele>13.1</ele>
        <time>2023-05-12T00:46:06Z</time>
      </trkpt>
      <trkpt lat="22.557" lon="113.953781">
        <ele>13</ele>
        <time>2023-05-12T00:46:07Z</time>
      </trkpt>
      <trkpt lat="22.556958" lon="113.953784">
        <ele>13</ele>
        <time>2023-05-12T00:46:08Z</time>
      </trkpt>
      <trkpt lat="22.556917" lon="113.953791">
        <ele>12.9</ele>
        <time>2023-05-12T00:46:09Z</time>
      </trkpt>
      <trkpt lat="22.556876" lon="113.953799">
        <ele>12.9</ele>
        <time>2023-05-12T00:46:10Z</time>
      </trkpt>
      <trkpt lat="22.556836" lon="113.953806">
        <ele>12.9</ele>
        <time>2023-05-12T00:46:11Z</time>
      </trkpt>
      <trkpt lat="22.556796" lon="113.953814">
        <ele>12.8</ele>
        <time>2023-05-12T00:46:12Z</time>
      </trkpt>
      <trkpt lat="22.556748" lon="113.953817">
        <ele>12.8</ele>
        <time>2023-05-12T00:46:13Z</time>
      </trkpt>
      <trkpt lat="22.5567" lon="113.953814">
        <ele>12.7</ele>
        <time>2023-05-12T00:46:14Z</time>
      </trkpt>
      <trkpt lat="22.556658" lon="113.953819">
        <ele>12.7</ele>
        <time>2023-05-12T00:46:15Z</time>
      </trkpt>
      <trkpt lat="22.556618" lon="113.953819">
        <ele>12.7</ele>
        <time>2023-05-12T00:46:16Z</time>
      </trkpt>
      <trkpt lat="22.556577" lon="113.953819">
        <ele>12.6</ele>
        <time>2023-05-12T00:46:17Z</time>
      </trkpt>
      <trkpt lat="22.556537" lon="113.953817">
        <ele>12.6</ele>
        <time>2023-05-12T00:46:18Z</time>
      </trkpt>
      <trkpt lat="22.556498" lon="113.953811">
        <ele>12.6</ele>
        <time>2023-05-12T00:46:19Z</time>
      </trkpt>
      <trkpt lat="22.556455" lon="113.953807">
        <ele>12.5</ele>
        <time>2023-05-12T00:46:20Z</time>
      </trkpt>
      <trkpt lat="22.556411" lon="113.953803">
        <ele>12.5</ele>
        <time>2023-05-12T00:46:21Z</time>
      </trkpt>
      <trkpt lat="22.556367" lon="113.953799">
        <ele>12.4</ele>
        <time>2023-05-12T00:46:22Z</time>
      </trkpt>
      <trkpt lat="22.556317" lon="113.953798">
        <ele>12.4</ele>
        <time>2023-05-12T00:46:23Z</time>
      </trkpt>
      <trkpt lat="22.556244" lon="113.953804">
        <ele>12.3</ele>
        <time>2023-05-12T00:46:24Z</time>
      </trkpt>
      <trkpt lat="22.556164" lon="113.953804">
        <ele>12.3</ele>
        <time>2023-05-12T00:46:25Z</time>
      </trkpt>
      <trkpt lat="22.556075" lon="113.953804">
        <ele>12.2</ele>
        <time>2023-05-12T00:46:26Z</time>
      </trkpt>
      <trkpt lat="22.555948" lon="113.95381">
        <ele>12.1</ele>
        <time>2023-05-12T00:46:27Z</time>
      </trkpt>
      <trkpt lat="22.555891" lon="113.953825">
        <ele>12</ele>
        <time>2023-05-12T00:46:28Z</time>
      </trkpt>
      <trkpt lat="22.555839" lon="113.953821">
        <ele>12</ele>
        <time>2023-05-12T00:46:29Z</time>
      </trkpt>
      <trkpt lat="22.555785" lon="113.953829">
        <ele>11.9</ele>
        <time>2023-05-12T00:46:30Z</time>
      </trkpt>
      <trkpt lat="22.555732" lon="113.953837">
        <ele>11.9</ele>
        <time>2023-05-12T00:46:31Z</time>
      </trkpt>
      <trkpt lat="22.555676" lon="113.953845">
        <ele>11.8</ele>
        <time>2023-05-12T00:46:32Z</time>
      </trkpt>
      <trkpt lat="22.555618" lon="113.953852">
        <ele>11.8</ele>
        <time>2023-05-12T00:46:33Z</time>
      </trkpt>
      <trkpt lat="22.555558" lon="113.953862">
        <ele>11.7</ele>
        <time>2023-05-12T00:46:34Z</time>
      </trkpt>
      <trkpt lat="22.555502" lon="113.95388">
        <ele>11.7</ele>
        <time>2023-05-12T00:46:35Z</time>
      </trkpt>
      <trkpt lat="22.555446" lon="113.953903">
        <ele>11.6</ele>
        <time>2023-05-12T00:46:36Z</time>
      </trkpt>
      <trkpt lat="22.555387" lon="113.953926">
        <ele>11.6</ele>
        <time>2023-05-12T00:46:37Z</time>
      </trkpt>
      <trkpt lat="22.555321" lon="113.953947">
        <ele>11.5</ele>
        <time>2023-05-12T00:46:38Z</time>
      </trkpt>
      <trkpt lat="22.555258" lon="113.953964">
        <ele>11.4</ele>
        <time>2023-05-12T00:46:39Z</time>
      </trkpt>
      <trkpt lat="22.555193" lon="113.953987">
        <ele>11.4</ele>
        <time>2023-05-12T00:46:40Z</time>
      </trkpt>
      <trkpt lat="22.555116" lon="113.954013">
        <ele>11.4</ele>
        <time>2023-05-12T00:46:41Z</time>
      </trkpt>
      <trkpt lat="22.555047" lon="113.95404">
        <ele>11.4</ele>
        <time>2023-05-12T00:46:42Z</time>
      </trkpt>
      <trkpt lat="22.554985" lon="113.954063">
        <ele>11.4</ele>
        <time>2023-05-12T00:46:43Z</time>
      </trkpt>
      <trkpt lat="22.554927" lon="113.954089">
        <ele>11.4</ele>
        <time>2023-05-12T00:46:44Z</time>
      </trkpt>
      <trkpt lat="22.554875" lon="113.954117">
        <ele>11.4</ele>
        <time>2023-05-12T00:46:45Z</time>
      </trkpt>
      <trkpt lat="22.554823" lon="113.954137">
        <ele>11.4</ele>
        <time>2023-05-12T00:46:46Z</time>
      </trkpt>
      <trkpt lat="22.554769" lon="113.954155">
        <ele>11.4</ele>
        <time>2023-05-12T00:46:47Z</time>
      </trkpt>
      <trkpt lat="22.554711" lon="113.95418">
        <ele>11.4</ele>
        <time>2023-05-12T00:46:48Z</time>
      </trkpt>
      <trkpt lat="22.554654" lon="113.954213">
        <ele>11.4</ele>
        <time>2023-05-12T00:46:49Z</time>
      </trkpt>
      <trkpt lat="22.554601" lon="113.954251">
        <ele>11.4</ele>
        <time>2023-05-12T00:46:50Z</time>
      </trkpt>
      <trkpt lat="22.554552" lon="113.954289">
        <ele>11.4</ele>
        <time>2023-05-12T00:46:51Z</time>
      </trkpt>
      <trkpt lat="22.554497" lon="113.954325">
        <ele>11.4</ele>
        <time>2023-05-12T00:46:52Z</time>
      </trkpt>
      <trkpt lat="22.554444" lon="113.954355">
        <ele>11.4</ele>
        <time>2023-05-12T00:46:53Z</time>
      </trkpt>
      <trkpt lat="22.55439" lon="113.954388">
        <ele>11.4</ele>
        <time>2023-05-12T00:46:54Z</time>
      </trkpt>
      <trkpt lat="22.554335" lon="113.954424">
        <ele>11.4</ele>
        <time>2023-05-12T00:46:55Z</time>
      </trkpt>
      <trkpt lat="22.554278" lon="113.954458">
        <ele>11.4</ele>
        <time>2023-05-12T00:46:56Z</time>
      </trkpt>
      <trkpt lat="22.554221" lon="113.954496">
        <ele>11.4</ele>
        <time>2023-05-12T00:46:57Z</time>
      </trkpt>
      <trkpt lat="22.554166" lon="113.954537">
        <ele>11.4</ele>
        <time>2023-05-12T00:46:58Z</time>
      </trkpt>
      <trkpt lat="22.554114" lon="113.954579">
        <ele>11.4</ele>
        <time>2023-05-12T00:46:59Z</time>
      </trkpt>
      <trkpt lat="22.554065" lon="113.95462">
        <ele>11.4</ele>
        <time>2023-05-12T00:47:00Z</time>
      </trkpt>
      <trkpt lat="22.554016" lon="113.954666">
        <ele>11.4</ele>
        <time>2023-05-12T00:47:01Z</time>
      </trkpt>
      <trkpt lat="22.553967" lon="113.954712">
        <ele>11.4</ele>
        <time>2023-05-12T00:47:02Z</time>
      </trkpt>
      <trkpt lat="22.553919" lon="113.954755">
        <ele>11.4</ele>
        <time>2023-05-12T00:47:03Z</time>
      </trkpt>
      <trkpt lat="22.553872" lon="113.954795">
        <ele>11.4</ele>
        <time>2023-05-12T00:47:04Z</time>
      </trkpt>
      <trkpt lat="22.553821" lon="113.954841">
        <ele>11.4</ele>
        <time>2023-05-12T00:47:05Z</time>
      </trkpt>
      <trkpt lat="22.553769" lon="113.954887">
        <ele>11.4</ele>
        <time>2023-05-12T00:47:06Z</time>
      </trkpt>
      <trkpt lat="22.553721" lon="113.954935">
        <ele>11.4</ele>
        <time>2023-05-12T00:47:07Z</time>
      </trkpt>
      <trkpt lat="22.553675" lon="113.954989">
        <ele>11.4</ele>
        <time>2023-05-12T00:47:08Z</time>
      </trkpt>
      <trkpt lat="22.553628" lon="113.95504">
        <ele>11.4</ele>
        <time>2023-05-12T00:47:09Z</time>
      </trkpt>
      <trkpt lat="22.553578" lon="113.955085">
        <ele>11.4</ele>
        <time>2023-05-12T00:47:10Z</time>
      </trkpt>
      <trkpt lat="22.553526" lon="113.955128">
        <ele>11.4</ele>
        <time>2023-05-12T00:47:11Z</time>
      </trkpt>
      <trkpt lat="22.553473" lon="113.955169">
        <ele>11.4</ele>
        <time>2023-05-12T00:47:12Z</time>
      </trkpt>
      <trkpt lat="22.553419" lon="113.955215">
        <ele>11.4</ele>
        <time>2023-05-12T00:47:13Z</time>
      </trkpt>
      <trkpt lat="22.553366" lon="113.955261">
        <ele>11.4</ele>
        <time>2023-05-12T00:47:14Z</time>
      </trkpt>
      <trkpt lat="22.553315" lon="113.955307">
        <ele>11.4</ele>
        <time>2023-05-12T00:47:15Z</time>
      </trkpt>
      <trkpt lat="22.553263" lon="113.955353">
        <ele>11.4</ele>
        <time>2023-05-12T00:47:16Z</time>
      </trkpt>
      <trkpt lat="22.553215" lon="113.955398">
        <ele>11.4</ele>
        <time>2023-05-12T00:47:17Z</time>
      </trkpt>
      <trkpt lat="22.553164" lon="113.955445">
        <ele>11.3</ele>
        <time>2023-05-12T00:47:18Z</time>
      </trkpt>
      <trkpt lat="22.553115" lon="113.955493">
        <ele>11.3</ele>
        <time>2023-05-12T00:47:19Z</time>
      </trkpt>
      <trkpt lat="22.553068" lon="113.955543">
        <ele>11.3</ele>
        <time>2023-05-12T00:47:20Z</time>
      </trkpt>
      <trkpt lat="22.553018" lon="113.955586">
        <ele>11.3</ele>
        <time>2023-05-12T00:47:21Z</time>
      </trkpt>
      <trkpt lat="22.552968" lon="113.955624">
        <ele>11.3</ele>
        <time>2023-05-12T00:47:22Z</time>
      </trkpt>
      <trkpt lat="22.552913" lon="113.955663">
        <ele>11.3</ele>
        <time>2023-05-12T00:47:23Z</time>
      </trkpt>
      <trkpt lat="22.552858" lon="113.955699">
        <ele>11.3</ele>
        <time>2023-05-12T00:47:24Z</time>
      </trkpt>
      <trkpt lat="22.552805" lon="113.955733">
        <ele>11.3</ele>
        <time>2023-05-12T00:47:25Z</time>
      </trkpt>
      <trkpt lat="22.552752" lon="113.955777">
        <ele>11.3</ele>
        <time>2023-05-12T00:47:26Z</time>
      </trkpt>
      <trkpt lat="22.552695" lon="113.955815">
        <ele>11.3</ele>
        <time>2023-05-12T00:47:27Z</time>
      </trkpt>
      <trkpt lat="22.552638" lon="113.955853">
        <ele>11.3</ele>
        <time>2023-05-12T00:47:28Z</time>
      </trkpt>
      <trkpt lat="22.552583" lon="113.955889">
        <ele>11.3</ele>
        <time>2023-05-12T00:47:29Z</time>
      </trkpt>
      <trkpt lat="22.552528" lon="113.955922">
        <ele>11.3</ele>
        <time>2023-05-12T00:47:30Z</time>
      </trkpt>
      <trkpt lat="22.552473" lon="113.955958">
        <ele>11.2</ele>
        <time>2023-05-12T00:47:31Z</time>
      </trkpt>
      <trkpt lat="22.552415" lon="113.955989">
        <ele>11.2</ele>
        <time>2023-05-12T00:47:32Z</time>
      </trkpt>
      <trkpt lat="22.552357" lon="113.956019">
        <ele>11.2</ele>
        <time>2023-05-12T00:47:33Z</time>
      </trkpt>
      <trkpt lat="22.552299" lon="113.956049">
        <ele>11.2</ele>
        <time>2023-05-12T00:47:34Z</time>
      </trkpt>
      <trkpt lat="22.552241" lon="113.95608">
        <ele>11.2</ele>
        <time>2023-05-12T00:47:35Z</time>
      </trkpt>
      <trkpt lat="22.552184" lon="113.95611">
        <ele>11.2</ele>
        <time>2023-05-12T00:47:36Z</time>
      </trkpt>
      <trkpt lat="22.552128" lon="113.956141">
        <ele>11.2</ele>
        <time>2023-05-12T00:47:37Z</time>
      </trkpt>
      <trkpt lat="22.552067" lon="113.956169">
        <ele>11.2</ele>
        <time>2023-05-12T00:47:38Z</time>
      </trkpt>
      <trkpt lat="22.552007" lon="113.956192">
        <ele>11.2</ele>
        <time>2023-05-12T00:47:39Z</time>
      </trkpt>
      <trkpt lat="22.551949" lon="113.956215">
        <ele>11.2</ele>
        <time>2023-05-12T00:47:40Z</time>
      </trkpt>
      <trkpt lat="22.551894" lon="113.956237">
        <ele>11.2</ele>
        <time>2023-05-12T00:47:41Z</time>
      </trkpt>
      <trkpt lat="22.551838" lon="113.956261">
        <ele>11.2</ele>
        <time>2023-05-12T00:47:42Z</time>
      </trkpt>
      <trkpt lat="22.551785" lon="113.956281">
        <ele>11.2</ele>
        <time>2023-05-12T00:47:43Z</time>
      </trkpt>
      <trkpt lat="22.551732" lon="113.956296">
        <ele>11.2</ele>
        <time>2023-05-12T00:47:44Z</time>
      </trkpt>
      <trkpt lat="22.55168" lon="113.956314">
        <ele>11.2</ele>
        <time>2023-05-12T00:47:45Z</time>
      </trkpt>
      <trkpt lat="22.551631" lon="113.956337">
        <ele>11.2</ele>
        <time>2023-05-12T00:47:46Z</time>
      </trkpt>
      <trkpt lat="22.551582" lon="113.956357">
        <ele>11.2</ele>
        <time>2023-05-12T00:47:47Z</time>
      </trkpt>
      <trkpt lat="22.551526" lon="113.956372">
        <ele>11.2</ele>
        <time>2023-05-12T00:47:48Z</time>
      </trkpt>
      <trkpt lat="22.551466" lon="113.956388">
        <ele>11.2</ele>
        <time>2023-05-12T00:47:49Z</time>
      </trkpt>
      <trkpt lat="22.551405" lon="113.956401">
        <ele>11.2</ele>
        <time>2023-05-12T00:47:50Z</time>
      </trkpt>
      <trkpt lat="22.551345" lon="113.956408">
        <ele>11.2</ele>
        <time>2023-05-12T00:47:51Z</time>
      </trkpt>
      <trkpt lat="22.551283" lon="113.956418">
        <ele>11.2</ele>
        <time>2023-05-12T00:47:52Z</time>
      </trkpt>
      <trkpt lat="22.551223" lon="113.956433">
        <ele>11.2</ele>
        <time>2023-05-12T00:47:53Z</time>
      </trkpt>
      <trkpt lat="22.551164" lon="113.956449">
        <ele>11.2</ele>
        <time>2023-05-12T00:47:54Z</time>
      </trkpt>
      <trkpt lat="22.551101" lon="113.956464">
        <ele>11.1</ele>
        <time>2023-05-12T00:47:55Z</time>
      </trkpt>
      <trkpt lat="22.551039" lon="113.956482">
        <ele>11.1</ele>
        <time>2023-05-12T00:47:56Z</time>
      </trkpt>
      <trkpt lat="22.550977" lon="113.9565">
        <ele>11.1</ele>
        <time>2023-05-12T00:47:57Z</time>
      </trkpt>
      <trkpt lat="22.550915" lon="113.95651">
        <ele>11.1</ele>
        <time>2023-05-12T00:47:58Z</time>
      </trkpt>
      <trkpt lat="22.550855" lon="113.956523">
        <ele>11.1</ele>
        <time>2023-05-12T00:47:59Z</time>
      </trkpt>
      <trkpt lat="22.550799" lon="113.95653">
        <ele>11.1</ele>
        <time>2023-05-12T00:48:00Z</time>
      </trkpt>
      <trkpt lat="22.550743" lon="113.95654">
        <ele>11.1</ele>
        <time>2023-05-12T00:48:01Z</time>
      </trkpt>
      <trkpt lat="22.550687" lon="113.956553">
        <ele>11.1</ele>
        <time>2023-05-12T00:48:02Z</time>
      </trkpt>
      <trkpt lat="22.550629" lon="113.956561">
        <ele>11.1</ele>
        <time>2023-05-12T00:48:03Z</time>
      </trkpt>
      <trkpt lat="22.550574" lon="113.956566">
        <ele>11.1</ele>
        <time>2023-05-12T00:48:04Z</time>
      </trkpt>
      <trkpt lat="22.55052" lon="113.956568">
        <ele>11.1</ele>
        <time>2023-05-12T00:48:05Z</time>
      </trkpt>
      <trkpt lat="22.550466" lon="113.956574">
        <ele>11.1</ele>
        <time>2023-05-12T00:48:06Z</time>
      </trkpt>
      <trkpt lat="22.55041" lon="113.956576">
        <ele>11.1</ele>
        <time>2023-05-12T00:48:07Z</time>
      </trkpt>
      <trkpt lat="22.550352" lon="113.956581">
        <ele>11.1</ele>
        <time>2023-05-12T00:48:08Z</time>
      </trkpt>
      <trkpt lat="22.550293" lon="113.956584">
        <ele>11.1</ele>
        <time>2023-05-12T00:48:09Z</time>
      </trkpt>
      <trkpt lat="22.550233" lon="113.956589">
        <ele>11.1</ele>
        <time>2023-05-12T00:48:10Z</time>
      </trkpt>
      <trkpt lat="22.550171" lon="113.956591">
        <ele>11.1</ele>
        <time>2023-05-12T00:48:11Z</time>
      </trkpt>
      <trkpt lat="22.550109" lon="113.956594">
        <ele>11.1</ele>
        <time>2023-05-12T00:48:12Z</time>
      </trkpt>
      <trkpt lat="22.550047" lon="113.956589">
        <ele>11.1</ele>
        <time>2023-05-12T00:48:13Z</time>
      </trkpt>
      <trkpt lat="22.549987" lon="113.956589">
        <ele>11</ele>
        <time>2023-05-12T00:48:14Z</time>
      </trkpt>
      <trkpt lat="22.549923" lon="113.956586">
        <ele>11</ele>
        <time>2023-05-12T00:48:15Z</time>
      </trkpt>
      <trkpt lat="22.54986" lon="113.956581">
        <ele>11</ele>
        <time>2023-05-12T00:48:16Z</time>
      </trkpt>
      <trkpt lat="22.549796" lon="113.956579">
        <ele>11</ele>
        <time>2023-05-12T00:48:17Z</time>
      </trkpt>
      <trkpt lat="22.549731" lon="113.956574">
        <ele>11</ele>
        <time>2023-05-12T00:48:18Z</time>
      </trkpt>
      <trkpt lat="22.549669" lon="113.956571">
        <ele>11</ele>
        <time>2023-05-12T00:48:19Z</time>
      </trkpt>
      <trkpt lat="22.549608" lon="113.956566">
        <ele>11</ele>
        <time>2023-05-12T00:48:20Z</time>
      </trkpt>
      <trkpt lat="22.549546" lon="113.956563">
        <ele>11</ele>
        <time>2023-05-12T00:48:21Z</time>
      </trkpt>
      <trkpt lat="22.549483" lon="113.956556">
        <ele>11</ele>
        <time>2023-05-12T00:48:22Z</time>
      </trkpt>
      <trkpt lat="22.549423" lon="113.956548">
        <ele>11</ele>
        <time>2023-05-12T00:48:23Z</time>
      </trkpt>
      <trkpt lat="22.549366" lon="113.95654">
        <ele>11</ele>
        <time>2023-05-12T00:48:24Z</time>
      </trkpt>
      <trkpt lat="22.549312" lon="113.956533">
        <ele>11</ele>
        <time>2023-05-12T00:48:25Z</time>
      </trkpt>
      <trkpt lat="22.549257" lon="113.956525">
        <ele>10.9</ele>
        <time>2023-05-12T00:48:26Z</time>
      </trkpt>
      <trkpt lat="22.549202" lon="113.956518">
        <ele>10.9</ele>
        <time>2023-05-12T00:48:27Z</time>
      </trkpt>
      <trkpt lat="22.549146" lon="113.956508">
        <ele>10.9</ele>
        <time>2023-05-12T00:48:28Z</time>
      </trkpt>
      <trkpt lat="22.549089" lon="113.956495">
        <ele>10.9</ele>
        <time>2023-05-12T00:48:29Z</time>
      </trkpt>
      <trkpt lat="22.549029" lon="113.956482">
        <ele>10.9</ele>
        <time>2023-05-12T00:48:30Z</time>
      </trkpt>
      <trkpt lat="22.54897" lon="113.956462">
        <ele>10.9</ele>
        <time>2023-05-12T00:48:31Z</time>
      </trkpt>
      <trkpt lat="22.548909" lon="113.956444">
        <ele>10.9</ele>
        <time>2023-05-12T00:48:32Z</time>
      </trkpt>
      <trkpt lat="22.54885" lon="113.956423">
        <ele>10.9</ele>
        <time>2023-05-12T00:48:33Z</time>
      </trkpt>
      <trkpt lat="22.548789" lon="113.956406">
        <ele>10.9</ele>
        <time>2023-05-12T00:48:34Z</time>
      </trkpt>
      <trkpt lat="22.548724" lon="113.956383">
        <ele>10.9</ele>
        <time>2023-05-12T00:48:35Z</time>
      </trkpt>
      <trkpt lat="22.548663" lon="113.95636">
        <ele>10.9</ele>
        <time>2023-05-12T00:48:36Z</time>
      </trkpt>
      <trkpt lat="22.548609" lon="113.956337">
        <ele>10.9</ele>
        <time>2023-05-12T00:48:37Z</time>
      </trkpt>
      <trkpt lat="22.548555" lon="113.956319">
        <ele>10.9</ele>
        <time>2023-05-12T00:48:38Z</time>
      </trkpt>
      <trkpt lat="22.548499" lon="113.956309">
        <ele>10.9</ele>
        <time>2023-05-12T00:48:39Z</time>
      </trkpt>
      <trkpt lat="22.548445" lon="113.956294">
        <ele>10.9</ele>
        <time>2023-05-12T00:48:40Z</time>
      </trkpt>
      <trkpt lat="22.54839" lon="113.956279">
        <ele>10.9</ele>
        <time>2023-05-12T00:48:41Z</time>
      </trkpt>
      <trkpt lat="22.54833" lon="113.956266">
        <ele>10.9</ele>
        <time>2023-05-12T00:48:42Z</time>
      </trkpt>
      <trkpt lat="22.548268" lon="113.956256">
        <ele>10.9</ele>
        <time>2023-05-12T00:48:43Z</time>
      </trkpt>
      <trkpt lat="22.548208" lon="113.95624">
        <ele>10.9</ele>
        <time>2023-05-12T00:48:44Z</time>
      </trkpt>
      <trkpt lat="22.548149" lon="113.956225">
        <ele>10.9</ele>
        <time>2023-05-12T00:48:45Z</time>
      </trkpt>
      <trkpt lat="22.548087" lon="113.956207">
        <ele>10.9</ele>
        <time>2023-05-12T00:48:46Z</time>
      </trkpt>
      <trkpt lat="22.548025" lon="113.956185">
        <ele>10.9</ele>
        <time>2023-05-12T00:48:47Z</time>
      </trkpt>
      <trkpt lat="22.547967" lon="113.956162">
        <ele>10.9</ele>
        <time>2023-05-12T00:48:48Z</time>
      </trkpt>
      <trkpt lat="22.54791" lon="113.956141">
        <ele>10.9</ele>
        <time>2023-05-12T00:48:49Z</time>
      </trkpt>
      <trkpt lat="22.547852" lon="113.956124">
        <ele>10.9</ele>
        <time>2023-05-12T00:48:50Z</time>
      </trkpt>
      <trkpt lat="22.547791" lon="113.956106">
        <ele>10.9</ele>
        <time>2023-05-12T00:48:51Z</time>
      </trkpt>
      <trkpt lat="22.547728" lon="113.956095">
        <ele>10.9</ele>
        <time>2023-05-12T00:48:52Z</time>
      </trkpt>
      <trkpt lat="22.547665" lon="113.956078">
        <ele>10.9</ele>
        <time>2023-05-12T00:48:53Z</time>
      </trkpt>
      <trkpt lat="22.547601" lon="113.956057">
        <ele>10.9</ele>
        <time>2023-05-12T00:48:54Z</time>
      </trkpt>
      <trkpt lat="22.547536" lon="113.95604">
        <ele>10.9</ele>
        <time>2023-05-12T00:48:55Z</time>
      </trkpt>
      <trkpt lat="22.54747" lon="113.956019">
        <ele>10.9</ele>
        <time>2023-05-12T00:48:56Z</time>
      </trkpt>
      <trkpt lat="22.547409" lon="113.956002">
        <ele>10.9</ele>
        <time>2023-05-12T00:48:57Z</time>
      </trkpt>
      <trkpt lat="22.547347" lon="113.955981">
        <ele>10.9</ele>
        <time>2023-05-12T00:48:58Z</time>
      </trkpt>
      <trkpt lat="22.547285" lon="113.955964">
        <ele>10.9</ele>
        <time>2023-05-12T00:48:59Z</time>
      </trkpt>
      <trkpt lat="22.547223" lon="113.955943">
        <ele>10.9</ele>
        <time>2023-05-12T00:49:00Z</time>
      </trkpt>
      <trkpt lat="22.547161" lon="113.955928">
        <ele>10.9</ele>
        <time>2023-05-12T00:49:01Z</time>
      </trkpt>
      <trkpt lat="22.547102" lon="113.955912">
        <ele>10.9</ele>
        <time>2023-05-12T00:49:02Z</time>
      </trkpt>
      <trkpt lat="22.547046" lon="113.955897">
        <ele>10.9</ele>
        <time>2023-05-12T00:49:03Z</time>
      </trkpt>
      <trkpt lat="22.546989" lon="113.955882">
        <ele>10.9</ele>
        <time>2023-05-12T00:49:04Z</time>
      </trkpt>
      <trkpt lat="22.546932" lon="113.955866">
        <ele>10.9</ele>
        <time>2023-05-12T00:49:05Z</time>
      </trkpt>
      <trkpt lat="22.546876" lon="113.955851">
        <ele>10.9</ele>
        <time>2023-05-12T00:49:06Z</time>
      </trkpt>
      <trkpt lat="22.546822" lon="113.955836">
        <ele>10.9</ele>
        <time>2023-05-12T00:49:07Z</time>
      </trkpt>
      <trkpt lat="22.546766" lon="113.955821">
        <ele>10.9</ele>
        <time>2023-05-12T00:49:08Z</time>
      </trkpt>
      <trkpt lat="22.546707" lon="113.955803">
        <ele>10.8</ele>
        <time>2023-05-12T00:49:09Z</time>
      </trkpt>
      <trkpt lat="22.546649" lon="113.955779">
        <ele>10.8</ele>
        <time>2023-05-12T00:49:10Z</time>
      </trkpt>
      <trkpt lat="22.546593" lon="113.95576">
        <ele>10.8</ele>
        <time>2023-05-12T00:49:11Z</time>
      </trkpt>
      <trkpt lat="22.546533" lon="113.955747">
        <ele>10.8</ele>
        <time>2023-05-12T00:49:12Z</time>
      </trkpt>
      <trkpt lat="22.546466" lon="113.955737">
        <ele>10.8</ele>
        <time>2023-05-12T00:49:13Z</time>
      </trkpt>
      <trkpt lat="22.5464" lon="113.955719">
        <ele>10.8</ele>
        <time>2023-05-12T00:49:14Z</time>
      </trkpt>
      <trkpt lat="22.546334" lon="113.955696">
        <ele>10.8</ele>
        <time>2023-05-12T00:49:15Z</time>
      </trkpt>
      <trkpt lat="22.546269" lon="113.955672">
        <ele>10.8</ele>
        <time>2023-05-12T00:49:16Z</time>
      </trkpt>
      <trkpt lat="22.54621" lon="113.95565">
        <ele>10.7</ele>
        <time>2023-05-12T00:49:17Z</time>
      </trkpt>
      <trkpt lat="22.546149" lon="113.95563">
        <ele>10.7</ele>
        <time>2023-05-12T00:49:18Z</time>
      </trkpt>
      <trkpt lat="22.546086" lon="113.955612">
        <ele>10.7</ele>
        <time>2023-05-12T00:49:19Z</time>
      </trkpt>
      <trkpt lat="22.546021" lon="113.955592">
        <ele>10.7</ele>
        <time>2023-05-12T00:49:20Z</time>
      </trkpt>
      <trkpt lat="22.545957" lon="113.955574">
        <ele>10.7</ele>
        <time>2023-05-12T00:49:21Z</time>
      </trkpt>
      <trkpt lat="22.545895" lon="113.955554">
        <ele>10.7</ele>
        <time>2023-05-12T00:49:22Z</time>
      </trkpt>
      <trkpt lat="22.545831" lon="113.955538">
        <ele>10.7</ele>
        <time>2023-05-12T00:49:23Z</time>
      </trkpt>
      <trkpt lat="22.545766" lon="113.955523">
        <ele>10.7</ele>
        <time>2023-05-12T00:49:24Z</time>
      </trkpt>
      <trkpt lat="22.545706" lon="113.955508">
        <ele>10.6</ele>
        <time>2023-05-12T00:49:25Z</time>
      </trkpt>
      <trkpt lat="22.545643" lon="113.955491">
        <ele>10.6</ele>
        <time>2023-05-12T00:49:26Z</time>
      </trkpt>
      <trkpt lat="22.545585" lon="113.955465">
        <ele>10.6</ele>
        <time>2023-05-12T00:49:27Z</time>
      </trkpt>
      <trkpt lat="22.545527" lon="113.955436">
        <ele>10.6</ele>
        <time>2023-05-12T00:49:28Z</time>
      </trkpt>
      <trkpt lat="22.545468" lon="113.955414">
        <ele>10.6</ele>
        <time>2023-05-12T00:49:29Z</time>
      </trkpt>
      <trkpt lat="22.545411" lon="113.955394">
        <ele>10.6</ele>
        <time>2023-05-12T00:49:30Z</time>
      </trkpt>
      <trkpt lat="22.54535" lon="113.955378">
        <ele>10.6</ele>
        <time>2023-05-12T00:49:31Z</time>
      </trkpt>
      <trkpt lat="22.545286" lon="113.955363">
        <ele>10.6</ele>
        <time>2023-05-12T00:49:32Z</time>
      </trkpt>
      <trkpt lat="22.545219" lon="113.95535">
        <ele>10.5</ele>
        <time>2023-05-12T00:49:33Z</time>
      </trkpt>
      <trkpt lat="22.545152" lon="113.95534">
        <ele>10.5</ele>
        <time>2023-05-12T00:49:34Z</time>
      </trkpt>
      <trkpt lat="22.545091" lon="113.955325">
        <ele>10.4</ele>
        <time>2023-05-12T00:49:35Z</time>
      </trkpt>
      <trkpt lat="22.54503" lon="113.955312">
        <ele>10.4</ele>
        <time>2023-05-12T00:49:36Z</time>
      </trkpt>
      <trkpt lat="22.544967" lon="113.955302">
        <ele>10.3</ele>
        <time>2023-05-12T00:49:37Z</time>
      </trkpt>
      <trkpt lat="22.544903" lon="113.955289">
        <ele>10.3</ele>
        <time>2023-05-12T00:49:38Z</time>
      </trkpt>
      <trkpt lat="22.544835" lon="113.955282">
        <ele>10.2</ele>
        <time>2023-05-12T00:49:39Z</time>
      </trkpt>
      <trkpt lat="22.544768" lon="113.955274">
        <ele>10.2</ele>
        <time>2023-05-12T00:49:40Z</time>
      </trkpt>
      <trkpt lat="22.544706" lon="113.955266">
        <ele>10.1</ele>
        <time>2023-05-12T00:49:41Z</time>
      </trkpt>
      <trkpt lat="22.544642" lon="113.955261">
        <ele>10.1</ele>
        <time>2023-05-12T00:49:42Z</time>
      </trkpt>
      <trkpt lat="22.544577" lon="113.955264">
        <ele>10</ele>
        <time>2023-05-12T00:49:43Z</time>
      </trkpt>
      <trkpt lat="22.544514" lon="113.955274">
        <ele>10</ele>
        <time>2023-05-12T00:49:44Z</time>
      </trkpt>
      <trkpt lat="22.544457" lon="113.955286">
        <ele>9.9</ele>
        <time>2023-05-12T00:49:45Z</time>
      </trkpt>
      <trkpt lat="22.544397" lon="113.955294">
        <ele>9.9</ele>
        <time>2023-05-12T00:49:46Z</time>
      </trkpt>
      <trkpt lat="22.544333" lon="113.955299">
        <ele>9.8</ele>
        <time>2023-05-12T00:49:47Z</time>
      </trkpt>
      <trkpt lat="22.544275" lon="113.955297">
        <ele>9.8</ele>
        <time>2023-05-12T00:49:48Z</time>
      </trkpt>
      <trkpt lat="22.54422" lon="113.955289">
        <ele>9.8</ele>
        <time>2023-05-12T00:49:49Z</time>
      </trkpt>
      <trkpt lat="22.544168" lon="113.955282">
        <ele>9.7</ele>
        <time>2023-05-12T00:49:50Z</time>
      </trkpt>
      <trkpt lat="22.544115" lon="113.955274">
        <ele>9.7</ele>
        <time>2023-05-12T00:49:51Z</time>
      </trkpt>
      <trkpt lat="22.544064" lon="113.955269">
        <ele>9.6</ele>
        <time>2023-05-12T00:49:52Z</time>
      </trkpt>
      <trkpt lat="22.544018" lon="113.955269">
        <ele>9.6</ele>
        <time>2023-05-12T00:49:53Z</time>
      </trkpt>
      <trkpt lat="22.543973" lon="113.955269">
        <ele>9.6</ele>
        <time>2023-05-12T00:49:54Z</time>
      </trkpt>
      <trkpt lat="22.54393" lon="113.955266">
        <ele>9.5</ele>
        <time>2023-05-12T00:49:55Z</time>
      </trkpt>
      <trkpt lat="22.543892" lon="113.955254">
        <ele>9.5</ele>
        <time>2023-05-12T00:49:56Z</time>
      </trkpt>
      <trkpt lat="22.54386" lon="113.955231">
        <ele>9.5</ele>
        <time>2023-05-12T00:49:57Z</time>
      </trkpt>
      <trkpt lat="22.543834" lon="113.955211">
        <ele>9.5</ele>
        <time>2023-05-12T00:49:58Z</time>
      </trkpt>
      <trkpt lat="22.54381" lon="113.955195">
        <ele>9.4</ele>
        <time>2023-05-12T00:49:59Z</time>
      </trkpt>
      <trkpt lat="22.543784" lon="113.955178">
        <ele>9.4</ele>
        <time>2023-05-12T00:50:00Z</time>
      </trkpt>
      <trkpt lat="22.543757" lon="113.955157">
        <ele>9.4</ele>
        <time>2023-05-12T00:50:01Z</time>
      </trkpt>
      <trkpt lat="22.543722" lon="113.955139">
        <ele>9.4</ele>
        <time>2023-05-12T00:50:02Z</time>
      </trkpt>
      <trkpt lat="22.543672" lon="113.955119">
        <ele>9.3</ele>
        <time>2023-05-12T00:50:03Z</time>
      </trkpt>
      <trkpt lat="22.543627" lon="113.955107">
        <ele>9.3</ele>
        <time>2023-05-12T00:50:04Z</time>
      </trkpt>
      <trkpt lat="22.543561" lon="113.955097">
        <ele>9.2</ele>
        <time>2023-05-12T00:50:05Z</time>
      </trkpt>
      <trkpt lat="22.543478" lon="113.955091">
        <ele>9.2</ele>
        <time>2023-05-12T00:50:06Z</time>
      </trkpt>
      <trkpt lat="22.543412" lon="113.955103">
        <ele>9.2</ele>
        <time>2023-05-12T00:50:07Z</time>
      </trkpt>
      <trkpt lat="22.54335" lon="113.955111">
        <ele>9.2</ele>
        <time>2023-05-12T00:50:08Z</time>
      </trkpt>
      <trkpt lat="22.543293" lon="113.955119">
        <ele>9.1</ele>
        <time>2023-05-12T00:50:09Z</time>
      </trkpt>
      <trkpt lat="22.543237" lon="113.955124">
        <ele>9.1</ele>
        <time>2023-05-12T00:50:10Z</time>
      </trkpt>
      <trkpt lat="22.543179" lon="113.955124">
        <ele>9.1</ele>
        <time>2023-05-12T00:50:11Z</time>
      </trkpt>
      <trkpt lat="22.543123" lon="113.955124">
        <ele>9.1</ele>
        <time>2023-05-12T00:50:12Z</time>
      </trkpt>
      <trkpt lat="22.543064" lon="113.955129">
        <ele>9.1</ele>
        <time>2023-05-12T00:50:13Z</time>
      </trkpt>
      <trkpt lat="22.54301" lon="113.955144">
        <ele>9.1</ele>
        <time>2023-05-12T00:50:14Z</time>
      </trkpt>
      <trkpt lat="22.542968" lon="113.955164">
        <ele>9.1</ele>
        <time>2023-05-12T00:50:15Z</time>
      </trkpt>
      <trkpt lat="22.542949" lon="113.955187">
        <ele>9.1</ele>
        <time>2023-05-12T00:50:16Z</time>
      </trkpt>
      <trkpt lat="22.542937" lon="113.955195">
        <ele>9.1</ele>
        <time>2023-05-12T00:50:17Z</time>
      </trkpt>
      <trkpt lat="22.542904" lon="113.955198">
        <ele>9.1</ele>
        <time>2023-05-12T00:50:18Z</time>
      </trkpt>
      <trkpt lat="22.542865" lon="113.955188">
        <ele>9.1</ele>
        <time>2023-05-12T00:50:19Z</time>
      </trkpt>
      <trkpt lat="22.542821" lon="113.95517">
        <ele>9</ele>
        <time>2023-05-12T00:50:20Z</time>
      </trkpt>
      <trkpt lat="22.542779" lon="113.955147">
        <ele>9</ele>
        <time>2023-05-12T00:50:21Z</time>
      </trkpt>
      <trkpt lat="22.542732" lon="113.955126">
        <ele>9</ele>
        <time>2023-05-12T00:50:22Z</time>
      </trkpt>
      <trkpt lat="22.542685" lon="113.955114">
        <ele>9</ele>
        <time>2023-05-12T00:50:23Z</time>
      </trkpt>
      <trkpt lat="22.542632" lon="113.955106">
        <ele>9</ele>
        <time>2023-05-12T00:50:24Z</time>
      </trkpt>
      <trkpt lat="22.542577" lon="113.955101">
        <ele>9</ele>
        <time>2023-05-12T00:50:25Z</time>
      </trkpt>
      <trkpt lat="22.542523" lon="113.955104">
        <ele>9</ele>
        <time>2023-05-12T00:50:26Z</time>
      </trkpt>
      <trkpt lat="22.542473" lon="113.955106">
        <ele>9</ele>
        <time>2023-05-12T00:50:27Z</time>
      </trkpt>
      <trkpt lat="22.542417" lon="113.955101">
        <ele>9</ele>
        <time>2023-05-12T00:50:28Z</time>
      </trkpt>
      <trkpt lat="22.54236" lon="113.955099">
        <ele>8.9</ele>
        <time>2023-05-12T00:50:29Z</time>
      </trkpt>
      <trkpt lat="22.542301" lon="113.955093">
        <ele>8.9</ele>
        <time>2023-05-12T00:50:30Z</time>
      </trkpt>
      <trkpt lat="22.542241" lon="113.955088">
        <ele>8.9</ele>
        <time>2023-05-12T00:50:31Z</time>
      </trkpt>
      <trkpt lat="22.542183" lon="113.955073">
        <ele>8.9</ele>
        <time>2023-05-12T00:50:32Z</time>
      </trkpt>
      <trkpt lat="22.542124" lon="113.95506">
        <ele>8.9</ele>
        <time>2023-05-12T00:50:33Z</time>
      </trkpt>
      <trkpt lat="22.542068" lon="113.955051">
        <ele>8.9</ele>
        <time>2023-05-12T00:50:34Z</time>
      </trkpt>
      <trkpt lat="22.54201" lon="113.955038">
        <ele>8.9</ele>
        <time>2023-05-12T00:50:35Z</time>
      </trkpt>
      <trkpt lat="22.541954" lon="113.95503">
        <ele>8.9</ele>
        <time>2023-05-12T00:50:36Z</time>
      </trkpt>
      <trkpt lat="22.541899" lon="113.95502">
        <ele>8.8</ele>
        <time>2023-05-12T00:50:37Z</time>
      </trkpt>
      <trkpt lat="22.541842" lon="113.955005">
        <ele>8.8</ele>
        <time>2023-05-12T00:50:38Z</time>
      </trkpt>
      <trkpt lat="22.541784" lon="113.954992">
        <ele>8.8</ele>
        <time>2023-05-12T00:50:39Z</time>
      </trkpt>
      <trkpt lat="22.54173" lon="113.954984">
        <ele>8.8</ele>
        <time>2023-05-12T00:50:40Z</time>
      </trkpt>
      <trkpt lat="22.541675" lon="113.954974">
        <ele>8.8</ele>
        <time>2023-05-12T00:50:41Z</time>
      </trkpt>
      <trkpt lat="22.54162" lon="113.954959">
        <ele>8.8</ele>
        <time>2023-05-12T00:50:42Z</time>
      </trkpt>
      <trkpt lat="22.541567" lon="113.954944">
        <ele>8.8</ele>
        <time>2023-05-12T00:50:43Z</time>
      </trkpt>
      <trkpt lat="22.541512" lon="113.954928">
        <ele>8.8</ele>
        <time>2023-05-12T00:50:44Z</time>
      </trkpt>
      <trkpt lat="22.541458" lon="113.95491">
        <ele>8.8</ele>
        <time>2023-05-12T00:50:45Z</time>
      </trkpt>
      <trkpt lat="22.541405" lon="113.954888">
        <ele>8.8</ele>
        <time>2023-05-12T00:50:46Z</time>
      </trkpt>
      <trkpt lat="22.541352" lon="113.954865">
        <ele>8.8</ele>
        <time>2023-05-12T00:50:47Z</time>
      </trkpt>
      <trkpt lat="22.541301" lon="113.954842">
        <ele>8.8</ele>
        <time>2023-05-12T00:50:48Z</time>
      </trkpt>
      <trkpt lat="22.541246" lon="113.954819">
        <ele>8.8</ele>
        <time>2023-05-12T00:50:49Z</time>
      </trkpt>
      <trkpt lat="22.54119" lon="113.954796">
        <ele>8.8</ele>
        <time>2023-05-12T00:50:50Z</time>
      </trkpt>
      <trkpt lat="22.541132" lon="113.954773">
        <ele>8.8</ele>
        <time>2023-05-12T00:50:51Z</time>
      </trkpt>
      <trkpt lat="22.541072" lon="113.95475">
        <ele>8.8</ele>
        <time>2023-05-12T00:50:52Z</time>
      </trkpt>
      <trkpt lat="22.541013" lon="113.954724">
        <ele>8.8</ele>
        <time>2023-05-12T00:50:53Z</time>
      </trkpt>
      <trkpt lat="22.540957" lon="113.954695">
        <ele>8.8</ele>
        <time>2023-05-12T00:50:54Z</time>
      </trkpt>
      <trkpt lat="22.540902" lon="113.954667">
        <ele>8.8</ele>
        <time>2023-05-12T00:50:55Z</time>
      </trkpt>
      <trkpt lat="22.540848" lon="113.954641">
        <ele>8.8</ele>
        <time>2023-05-12T00:50:56Z</time>
      </trkpt>
      <trkpt lat="22.540794" lon="113.95461">
        <ele>8.8</ele>
        <time>2023-05-12T00:50:57Z</time>
      </trkpt>
      <trkpt lat="22.540741" lon="113.95458">
        <ele>8.8</ele>
        <time>2023-05-12T00:50:58Z</time>
      </trkpt>
      <trkpt lat="22.540688" lon="113.95455">
        <ele>8.7</ele>
        <time>2023-05-12T00:50:59Z</time>
      </trkpt>
      <trkpt lat="22.540634" lon="113.954519">
        <ele>8.7</ele>
        <time>2023-05-12T00:51:00Z</time>
      </trkpt>
      <trkpt lat="22.540579" lon="113.954491">
        <ele>8.7</ele>
        <time>2023-05-12T00:51:01Z</time>
      </trkpt>
      <trkpt lat="22.540522" lon="113.954465">
        <ele>8.7</ele>
        <time>2023-05-12T00:51:02Z</time>
      </trkpt>
      <trkpt lat="22.540467" lon="113.954437">
        <ele>8.7</ele>
        <time>2023-05-12T00:51:03Z</time>
      </trkpt>
      <trkpt lat="22.540415" lon="113.954412">
        <ele>8.7</ele>
        <time>2023-05-12T00:51:04Z</time>
      </trkpt>
      <trkpt lat="22.540361" lon="113.954382">
        <ele>8.7</ele>
        <time>2023-05-12T00:51:05Z</time>
      </trkpt>
      <trkpt lat="22.540305" lon="113.954351">
        <ele>8.7</ele>
        <time>2023-05-12T00:51:06Z</time>
      </trkpt>
      <trkpt lat="22.540254" lon="113.954321">
        <ele>8.7</ele>
        <time>2023-05-12T00:51:07Z</time>
      </trkpt>
      <trkpt lat="22.540202" lon="113.954291">
        <ele>8.7</ele>
        <time>2023-05-12T00:51:08Z</time>
      </trkpt>
      <trkpt lat="22.540149" lon="113.95426">
        <ele>8.7</ele>
        <time>2023-05-12T00:51:09Z</time>
      </trkpt>
      <trkpt lat="22.540095" lon="113.954229">
        <ele>8.7</ele>
        <time>2023-05-12T00:51:10Z</time>
      </trkpt>
      <trkpt lat="22.540039" lon="113.954201">
        <ele>8.7</ele>
        <time>2023-05-12T00:51:11Z</time>
      </trkpt>
      <trkpt lat="22.539986" lon="113.954173">
        <ele>8.7</ele>
        <time>2023-05-12T00:51:12Z</time>
      </trkpt>
      <trkpt lat="22.539929" lon="113.954138">
        <ele>8.7</ele>
        <time>2023-05-12T00:51:13Z</time>
      </trkpt>
      <trkpt lat="22.53987" lon="113.954107">
        <ele>8.7</ele>
        <time>2023-05-12T00:51:14Z</time>
      </trkpt>
      <trkpt lat="22.539815" lon="113.954076">
        <ele>8.7</ele>
        <time>2023-05-12T00:51:15Z</time>
      </trkpt>
      <trkpt lat="22.539761" lon="113.954045">
        <ele>8.7</ele>
        <time>2023-05-12T00:51:16Z</time>
      </trkpt>
      <trkpt lat="22.539708" lon="113.954015">
        <ele>8.7</ele>
        <time>2023-05-12T00:51:17Z</time>
      </trkpt>
      <trkpt lat="22.53965" lon="113.953985">
        <ele>8.7</ele>
        <time>2023-05-12T00:51:18Z</time>
      </trkpt>
      <trkpt lat="22.539593" lon="113.953954">
        <ele>8.6</ele>
        <time>2023-05-12T00:51:19Z</time>
      </trkpt>
      <trkpt lat="22.539538" lon="113.953923">
        <ele>8.6</ele>
        <time>2023-05-12T00:51:20Z</time>
      </trkpt>
      <trkpt lat="22.539488" lon="113.953893">
        <ele>8.6</ele>
        <time>2023-05-12T00:51:21Z</time>
      </trkpt>
      <trkpt lat="22.539436" lon="113.953863">
        <ele>8.6</ele>
        <time>2023-05-12T00:51:22Z</time>
      </trkpt>
      <trkpt lat="22.53938" lon="113.953832">
        <ele>8.6</ele>
        <time>2023-05-12T00:51:23Z</time>
      </trkpt>
      <trkpt lat="22.53932" lon="113.953798">
        <ele>8.6</ele>
        <time>2023-05-12T00:51:24Z</time>
      </trkpt>
      <trkpt lat="22.539266" lon="113.953766">
        <ele>8.6</ele>
        <time>2023-05-12T00:51:25Z</time>
      </trkpt>
      <trkpt lat="22.539209" lon="113.953743">
        <ele>8.6</ele>
        <time>2023-05-12T00:51:26Z</time>
      </trkpt>
      <trkpt lat="22.539154" lon="113.953716">
        <ele>8.6</ele>
        <time>2023-05-12T00:51:27Z</time>
      </trkpt>
      <trkpt lat="22.539098" lon="113.953677">
        <ele>8.6</ele>
        <time>2023-05-12T00:51:28Z</time>
      </trkpt>
      <trkpt lat="22.539044" lon="113.953638">
        <ele>8.6</ele>
        <time>2023-05-12T00:51:29Z</time>
      </trkpt>
      <trkpt lat="22.538994" lon="113.953601">
        <ele>8.6</ele>
        <time>2023-05-12T00:51:30Z</time>
      </trkpt>
      <trkpt lat="22.538943" lon="113.953565">
        <ele>8.6</ele>
        <time>2023-05-12T00:51:31Z</time>
      </trkpt>
      <trkpt lat="22.538893" lon="113.953538">
        <ele>8.6</ele>
        <time>2023-05-12T00:51:32Z</time>
      </trkpt>
      <trkpt lat="22.538839" lon="113.953515">
        <ele>8.6</ele>
        <time>2023-05-12T00:51:33Z</time>
      </trkpt>
      <trkpt lat="22.538782" lon="113.953489">
        <ele>8.5</ele>
        <time>2023-05-12T00:51:34Z</time>
      </trkpt>
      <trkpt lat="22.538724" lon="113.953461">
        <ele>8.5</ele>
        <time>2023-05-12T00:51:35Z</time>
      </trkpt>
      <trkpt lat="22.538667" lon="113.953436">
        <ele>8.5</ele>
        <time>2023-05-12T00:51:36Z</time>
      </trkpt>
      <trkpt lat="22.538613" lon="113.953406">
        <ele>8.5</ele>
        <time>2023-05-12T00:51:37Z</time>
      </trkpt>
      <trkpt lat="22.538557" lon="113.953374">
        <ele>8.5</ele>
        <time>2023-05-12T00:51:38Z</time>
      </trkpt>
      <trkpt lat="22.538505" lon="113.953341">
        <ele>8.5</ele>
        <time>2023-05-12T00:51:39Z</time>
      </trkpt>
      <trkpt lat="22.538457" lon="113.953304">
        <ele>8.5</ele>
        <time>2023-05-12T00:51:40Z</time>
      </trkpt>
      <trkpt lat="22.538406" lon="113.953268">
        <ele>8.5</ele>
        <time>2023-05-12T00:51:41Z</time>
      </trkpt>
      <trkpt lat="22.538353" lon="113.95324">
        <ele>8.5</ele>
        <time>2023-05-12T00:51:42Z</time>
      </trkpt>
      <trkpt lat="22.538299" lon="113.953212">
        <ele>8.5</ele>
        <time>2023-05-12T00:51:43Z</time>
      </trkpt>
      <trkpt lat="22.538242" lon="113.953173">
        <ele>8.5</ele>
        <time>2023-05-12T00:51:44Z</time>
      </trkpt>
      <trkpt lat="22.53819" lon="113.953138">
        <ele>8.5</ele>
        <time>2023-05-12T00:51:45Z</time>
      </trkpt>
      <trkpt lat="22.538138" lon="113.953108">
        <ele>8.5</ele>
        <time>2023-05-12T00:51:46Z</time>
      </trkpt>
      <trkpt lat="22.538086" lon="113.953077">
        <ele>8.5</ele>
        <time>2023-05-12T00:51:47Z</time>
      </trkpt>
      <trkpt lat="22.538033" lon="113.953049">
        <ele>8.5</ele>
        <time>2023-05-12T00:51:48Z</time>
      </trkpt>
      <trkpt lat="22.537981" lon="113.953024">
        <ele>8.5</ele>
        <time>2023-05-12T00:51:49Z</time>
      </trkpt>
      <trkpt lat="22.537926" lon="113.952996">
        <ele>8.5</ele>
        <time>2023-05-12T00:51:50Z</time>
      </trkpt>
      <trkpt lat="22.53787" lon="113.95297">
        <ele>8.5</ele>
        <time>2023-05-12T00:51:51Z</time>
      </trkpt>
      <trkpt lat="22.537812" lon="113.952942">
        <ele>8.5</ele>
        <time>2023-05-12T00:51:52Z</time>
      </trkpt>
      <trkpt lat="22.537765" lon="113.952919">
        <ele>8.4</ele>
        <time>2023-05-12T00:51:53Z</time>
      </trkpt>
      <trkpt lat="22.537728" lon="113.952894">
        <ele>8.4</ele>
        <time>2023-05-12T00:51:54Z</time>
      </trkpt>
      <trkpt lat="22.537695" lon="113.952866">
        <ele>8.4</ele>
        <time>2023-05-12T00:51:55Z</time>
      </trkpt>
      <trkpt lat="22.537657" lon="113.952843">
        <ele>8.4</ele>
        <time>2023-05-12T00:51:56Z</time>
      </trkpt>
      <trkpt lat="22.537615" lon="113.952817">
        <ele>8.4</ele>
        <time>2023-05-12T00:51:57Z</time>
      </trkpt>
      <trkpt lat="22.537571" lon="113.952787">
        <ele>8.4</ele>
        <time>2023-05-12T00:51:58Z</time>
      </trkpt>
      <trkpt lat="22.537526" lon="113.952759">
        <ele>8.4</ele>
        <time>2023-05-12T00:51:59Z</time>
      </trkpt>
      <trkpt lat="22.537479" lon="113.952734">
        <ele>8.4</ele>
        <time>2023-05-12T00:52:00Z</time>
      </trkpt>
      <trkpt lat="22.537431" lon="113.952706">
        <ele>8.4</ele>
        <time>2023-05-12T00:52:01Z</time>
      </trkpt>
      <trkpt lat="22.537382" lon="113.95268">
        <ele>8.4</ele>
        <time>2023-05-12T00:52:02Z</time>
      </trkpt>
      <trkpt lat="22.537332" lon="113.95265">
        <ele>8.4</ele>
        <time>2023-05-12T00:52:03Z</time>
      </trkpt>
      <trkpt lat="22.537282" lon="113.95262">
        <ele>8.4</ele>
        <time>2023-05-12T00:52:04Z</time>
      </trkpt>
      <trkpt lat="22.537233" lon="113.952589">
        <ele>8.4</ele>
        <time>2023-05-12T00:52:05Z</time>
      </trkpt>
      <trkpt lat="22.537186" lon="113.952558">
        <ele>8.4</ele>
        <time>2023-05-12T00:52:06Z</time>
      </trkpt>
      <trkpt lat="22.537139" lon="113.952528">
        <ele>8.4</ele>
        <time>2023-05-12T00:52:07Z</time>
      </trkpt>
      <trkpt lat="22.53709" lon="113.952497">
        <ele>8.4</ele>
        <time>2023-05-12T00:52:08Z</time>
      </trkpt>
      <trkpt lat="22.537041" lon="113.952467">
        <ele>8.4</ele>
        <time>2023-05-12T00:52:09Z</time>
      </trkpt>
      <trkpt lat="22.536994" lon="113.952436">
        <ele>8.4</ele>
        <time>2023-05-12T00:52:10Z</time>
      </trkpt>
      <trkpt lat="22.536948" lon="113.952406">
        <ele>8.4</ele>
        <time>2023-05-12T00:52:11Z</time>
      </trkpt>
      <trkpt lat="22.536901" lon="113.952376">
        <ele>8.5</ele>
        <time>2023-05-12T00:52:12Z</time>
      </trkpt>
      <trkpt lat="22.536853" lon="113.952347">
        <ele>8.6</ele>
        <time>2023-05-12T00:52:13Z</time>
      </trkpt>
      <trkpt lat="22.536807" lon="113.952325">
        <ele>8.7</ele>
        <time>2023-05-12T00:52:14Z</time>
      </trkpt>
      <trkpt lat="22.536756" lon="113.952299">
        <ele>8.8</ele>
        <time>2023-05-12T00:52:15Z</time>
      </trkpt>
      <trkpt lat="22.536701" lon="113.952269">
        <ele>8.9</ele>
        <time>2023-05-12T00:52:16Z</time>
      </trkpt>
      <trkpt lat="22.536645" lon="113.952238">
        <ele>9</ele>
        <time>2023-05-12T00:52:17Z</time>
      </trkpt>
      <trkpt lat="22.536591" lon="113.952207">
        <ele>9.1</ele>
        <time>2023-05-12T00:52:18Z</time>
      </trkpt>
      <trkpt lat="22.53654" lon="113.952179">
        <ele>9.2</ele>
        <time>2023-05-12T00:52:19Z</time>
      </trkpt>
      <trkpt lat="22.536489" lon="113.952153">
        <ele>9.3</ele>
        <time>2023-05-12T00:52:20Z</time>
      </trkpt>
      <trkpt lat="22.536439" lon="113.952123">
        <ele>9.4</ele>
        <time>2023-05-12T00:52:21Z</time>
      </trkpt>
      <trkpt lat="22.536392" lon="113.952093">
        <ele>9.5</ele>
        <time>2023-05-12T00:52:22Z</time>
      </trkpt>
      <trkpt lat="22.536341" lon="113.952062">
        <ele>9.7</ele>
        <time>2023-05-12T00:52:23Z</time>
      </trkpt>
      <trkpt lat="22.536287" lon="113.952032">
        <ele>9.8</ele>
        <time>2023-05-12T00:52:24Z</time>
      </trkpt>
      <trkpt lat="22.536236" lon="113.952002">
        <ele>9.9</ele>
        <time>2023-05-12T00:52:25Z</time>
      </trkpt>
      <trkpt lat="22.536186" lon="113.951974">
        <ele>10</ele>
        <time>2023-05-12T00:52:26Z</time>
      </trkpt>
      <trkpt lat="22.536137" lon="113.951953">
        <ele>10.1</ele>
        <time>2023-05-12T00:52:27Z</time>
      </trkpt>
      <trkpt lat="22.536088" lon="113.95194">
        <ele>10.2</ele>
        <time>2023-05-12T00:52:28Z</time>
      </trkpt>
      <trkpt lat="22.536046" lon="113.951932">
        <ele>10.3</ele>
        <time>2023-05-12T00:52:29Z</time>
      </trkpt>
      <trkpt lat="22.536011" lon="113.951925">
        <ele>10.3</ele>
        <time>2023-05-12T00:52:30Z</time>
      </trkpt>
      <trkpt lat="22.535978" lon="113.95192">
        <ele>10.4</ele>
        <time>2023-05-12T00:52:31Z</time>
      </trkpt>
      <trkpt lat="22.535944" lon="113.95192">
        <ele>10.5</ele>
        <time>2023-05-12T00:52:32Z</time>
      </trkpt>
      <trkpt lat="22.535908" lon="113.95192">
        <ele>10.5</ele>
        <time>2023-05-12T00:52:33Z</time>
      </trkpt>
      <trkpt lat="22.535888" lon="113.95192">
        <ele>10.6</ele>
        <time>2023-05-12T00:52:34Z</time>
      </trkpt>
      <trkpt lat="22.535876" lon="113.951922">
        <ele>10.6</ele>
        <time>2023-05-12T00:52:35Z</time>
      </trkpt>
      <trkpt lat="22.535868" lon="113.95193">
        <ele>10.6</ele>
        <time>2023-05-12T00:52:36Z</time>
      </trkpt>
      <trkpt lat="22.535864" lon="113.951935">
        <ele>10.6</ele>
        <time>2023-05-12T00:52:37Z</time>
      </trkpt>
      <trkpt lat="22.53586" lon="113.951935">
        <ele>10.6</ele>
        <time>2023-05-12T00:52:38Z</time>
      </trkpt>
      <trkpt lat="22.53586" lon="113.951935">
        <ele>10.6</ele>
        <time>2023-05-12T00:52:44Z</time>
      </trkpt>
      <trkpt lat="22.53586" lon="113.951935">
        <ele>10.6</ele>
        <time>2023-05-12T00:52:57Z</time>
      </trkpt>
      <trkpt lat="22.53586" lon="113.951935">
        <ele>10.6</ele>
        <time>2023-05-12T00:53:03Z</time>
      </trkpt>
      <trkpt lat="22.535858" lon="113.951935">
        <ele>10.6</ele>
        <time>2023-05-12T00:53:04Z</time>
      </trkpt>
      <trkpt lat="22.535851" lon="113.951935">
        <ele>10.6</ele>
        <time>2023-05-12T00:53:05Z</time>
      </trkpt>
      <trkpt lat="22.535841" lon="113.95193">
        <ele>10.7</ele>
        <time>2023-05-12T00:53:06Z</time>
      </trkpt>
      <trkpt lat="22.535821" lon="113.951917">
        <ele>10.7</ele>
        <time>2023-05-12T00:53:07Z</time>
      </trkpt>
      <trkpt lat="22.535798" lon="113.95191">
        <ele>10.7</ele>
        <time>2023-05-12T00:53:08Z</time>
      </trkpt>
      <trkpt lat="22.535774" lon="113.951902">
        <ele>10.8</ele>
        <time>2023-05-12T00:53:09Z</time>
      </trkpt>
      <trkpt lat="22.53575" lon="113.951894">
        <ele>10.8</ele>
        <time>2023-05-12T00:53:10Z</time>
      </trkpt>
      <trkpt lat="22.535724" lon="113.951889">
        <ele>10.9</ele>
        <time>2023-05-12T00:53:11Z</time>
      </trkpt>
      <trkpt lat="22.535697" lon="113.951889">
        <ele>10.9</ele>
        <time>2023-05-12T00:53:12Z</time>
      </trkpt>
      <trkpt lat="22.535667" lon="113.951887">
        <ele>11</ele>
        <time>2023-05-12T00:53:13Z</time>
      </trkpt>
      <trkpt lat="22.535624" lon="113.951879">
        <ele>11.1</ele>
        <time>2023-05-12T00:53:14Z</time>
      </trkpt>
      <trkpt lat="22.535571" lon="113.951868">
        <ele>11.2</ele>
        <time>2023-05-12T00:53:15Z</time>
      </trkpt>
      <trkpt lat="22.535521" lon="113.951845">
        <ele>11.3</ele>
        <time>2023-05-12T00:53:16Z</time>
      </trkpt>
      <trkpt lat="22.535502" lon="113.951822">
        <ele>11.3</ele>
        <time>2023-05-12T00:53:17Z</time>
      </trkpt>
      <trkpt lat="22.535487" lon="113.951801">
        <ele>11.4</ele>
        <time>2023-05-12T00:53:18Z</time>
      </trkpt>
      <trkpt lat="22.535473" lon="113.951788">
        <ele>11.4</ele>
        <time>2023-05-12T00:53:19Z</time>
      </trkpt>
      <trkpt lat="22.535468" lon="113.95177">
        <ele>11.4</ele>
        <time>2023-05-12T00:53:20Z</time>
      </trkpt>
      <trkpt lat="22.535468" lon="113.951734">
        <ele>11.5</ele>
        <time>2023-05-12T00:53:21Z</time>
      </trkpt>
      <trkpt lat="22.535469" lon="113.951704">
        <ele>11.6</ele>
        <time>2023-05-12T00:53:22Z</time>
      </trkpt>
      <trkpt lat="22.535476" lon="113.951671">
        <ele>11.6</ele>
        <time>2023-05-12T00:53:23Z</time>
      </trkpt>
      <trkpt lat="22.535486" lon="113.951632">
        <ele>11.7</ele>
        <time>2023-05-12T00:53:24Z</time>
      </trkpt>
      <trkpt lat="22.535494" lon="113.9516">
        <ele>11.7</ele>
        <time>2023-05-12T00:53:25Z</time>
      </trkpt>
      <trkpt lat="22.535498" lon="113.951577">
        <ele>11.7</ele>
        <time>2023-05-12T00:53:26Z</time>
      </trkpt>
      <trkpt lat="22.535501" lon="113.951556">
        <ele>11.7</ele>
        <time>2023-05-12T00:53:27Z</time>
      </trkpt>
      <trkpt lat="22.535505" lon="113.951536">
        <ele>11.7</ele>
        <time>2023-05-12T00:53:28Z</time>
      </trkpt>
      <trkpt lat="22.535511" lon="113.951505">
        <ele>11.6</ele>
        <time>2023-05-12T00:53:29Z</time>
      </trkpt>
      <trkpt lat="22.535516" lon="113.951472">
        <ele>11.6</ele>
        <time>2023-05-12T00:53:30Z</time>
      </trkpt>
      <trkpt lat="22.53552" lon="113.951434">
        <ele>11.6</ele>
        <time>2023-05-12T00:53:31Z</time>
      </trkpt>
      <trkpt lat="22.535524" lon="113.951399">
        <ele>11.5</ele>
        <time>2023-05-12T00:53:32Z</time>
      </trkpt>
      <trkpt lat="22.535527" lon="113.951366">
        <ele>11.5</ele>
        <time>2023-05-12T00:53:33Z</time>
      </trkpt>
      <trkpt lat="22.535533" lon="113.951327">
        <ele>11.4</ele>
        <time>2023-05-12T00:53:34Z</time>
      </trkpt>
      <trkpt lat="22.53554" lon="113.951289">
        <ele>11.4</ele>
        <time>2023-05-12T00:53:35Z</time>
      </trkpt>
      <trkpt lat="22.535544" lon="113.951249">
        <ele>11.4</ele>
        <time>2023-05-12T00:53:36Z</time>
      </trkpt>
      <trkpt lat="22.535545" lon="113.951206">
        <ele>11.3</ele>
        <time>2023-05-12T00:53:37Z</time>
      </trkpt>
      <trkpt lat="22.535543" lon="113.951167">
        <ele>11.3</ele>
        <time>2023-05-12T00:53:38Z</time>
      </trkpt>
      <trkpt lat="22.53554" lon="113.951129">
        <ele>11.2</ele>
        <time>2023-05-12T00:53:39Z</time>
      </trkpt>
      <trkpt lat="22.535534" lon="113.951088">
        <ele>11.2</ele>
        <time>2023-05-12T00:53:40Z</time>
      </trkpt>
      <trkpt lat="22.535528" lon="113.951043">
        <ele>11.1</ele>
        <time>2023-05-12T00:53:41Z</time>
      </trkpt>
      <trkpt lat="22.535522" lon="113.951">
        <ele>11.1</ele>
        <time>2023-05-12T00:53:42Z</time>
      </trkpt>
      <trkpt lat="22.535513" lon="113.950959">
        <ele>11</ele>
        <time>2023-05-12T00:53:43Z</time>
      </trkpt>
      <trkpt lat="22.535498" lon="113.950915">
        <ele>11</ele>
        <time>2023-05-12T00:53:44Z</time>
      </trkpt>
      <trkpt lat="22.535482" lon="113.95088">
        <ele>11</ele>
        <time>2023-05-12T00:53:45Z</time>
      </trkpt>
      <trkpt lat="22.535467" lon="113.950847">
        <ele>10.9</ele>
        <time>2023-05-12T00:53:46Z</time>
      </trkpt>
      <trkpt lat="22.535451" lon="113.950808">
        <ele>10.9</ele>
        <time>2023-05-12T00:53:47Z</time>
      </trkpt>
      <trkpt lat="22.535434" lon="113.950771">
        <ele>10.8</ele>
        <time>2023-05-12T00:53:48Z</time>
      </trkpt>
      <trkpt lat="22.535413" lon="113.950735">
        <ele>10.8</ele>
        <time>2023-05-12T00:53:49Z</time>
      </trkpt>
      <trkpt lat="22.535384" lon="113.950704">
        <ele>10.7</ele>
        <time>2023-05-12T00:53:50Z</time>
      </trkpt>
      <trkpt lat="22.535351" lon="113.950671">
        <ele>10.7</ele>
        <time>2023-05-12T00:53:51Z</time>
      </trkpt>
      <trkpt lat="22.535313" lon="113.950636">
        <ele>10.6</ele>
        <time>2023-05-12T00:53:52Z</time>
      </trkpt>
      <trkpt lat="22.535271" lon="113.950605">
        <ele>10.6</ele>
        <time>2023-05-12T00:53:53Z</time>
      </trkpt>
      <trkpt lat="22.535225" lon="113.950575">
        <ele>10.5</ele>
        <time>2023-05-12T00:53:54Z</time>
      </trkpt>
      <trkpt lat="22.535177" lon="113.950544">
        <ele>10.4</ele>
        <time>2023-05-12T00:53:55Z</time>
      </trkpt>
      <trkpt lat="22.535127" lon="113.950516">
        <ele>10.4</ele>
        <time>2023-05-12T00:53:56Z</time>
      </trkpt>
      <trkpt lat="22.535075" lon="113.950496">
        <ele>10.3</ele>
        <time>2023-05-12T00:53:57Z</time>
      </trkpt>
      <trkpt lat="22.535021" lon="113.95048">
        <ele>10.2</ele>
        <time>2023-05-12T00:53:58Z</time>
      </trkpt>
      <trkpt lat="22.534967" lon="113.950463">
        <ele>10.2</ele>
        <time>2023-05-12T00:53:59Z</time>
      </trkpt>
      <trkpt lat="22.534914" lon="113.950442">
        <ele>10.1</ele>
        <time>2023-05-12T00:54:00Z</time>
      </trkpt>
      <trkpt lat="22.534859" lon="113.950427">
        <ele>10</ele>
        <time>2023-05-12T00:54:01Z</time>
      </trkpt>
      <trkpt lat="22.534806" lon="113.950412">
        <ele>10</ele>
        <time>2023-05-12T00:54:02Z</time>
      </trkpt>
      <trkpt lat="22.534752" lon="113.950401">
        <ele>9.9</ele>
        <time>2023-05-12T00:54:03Z</time>
      </trkpt>
      <trkpt lat="22.5347" lon="113.950404">
        <ele>9.8</ele>
        <time>2023-05-12T00:54:04Z</time>
      </trkpt>
      <trkpt lat="22.534649" lon="113.950414">
        <ele>9.8</ele>
        <time>2023-05-12T00:54:05Z</time>
      </trkpt>
      <trkpt lat="22.534594" lon="113.950431">
        <ele>9.7</ele>
        <time>2023-05-12T00:54:06Z</time>
      </trkpt>
      <trkpt lat="22.534533" lon="113.95045">
        <ele>9.6</ele>
        <time>2023-05-12T00:54:07Z</time>
      </trkpt>
      <trkpt lat="22.534464" lon="113.950455">
        <ele>9.6</ele>
        <time>2023-05-12T00:54:08Z</time>
      </trkpt>
      <trkpt lat="22.534395" lon="113.95045">
        <ele>9.6</ele>
        <time>2023-05-12T00:54:09Z</time>
      </trkpt>
      <trkpt lat="22.534327" lon="113.950435">
        <ele>9.6</ele>
        <time>2023-05-12T00:54:10Z</time>
      </trkpt>
      <trkpt lat="22.534261" lon="113.950422">
        <ele>9.6</ele>
        <time>2023-05-12T00:54:11Z</time>
      </trkpt>
      <trkpt lat="22.534196" lon="113.950414">
        <ele>9.6</ele>
        <time>2023-05-12T00:54:12Z</time>
      </trkpt>
      <trkpt lat="22.534132" lon="113.950409">
        <ele>9.6</ele>
        <time>2023-05-12T00:54:13Z</time>
      </trkpt>
      <trkpt lat="22.53407" lon="113.950407">
        <ele>9.6</ele>
        <time>2023-05-12T00:54:14Z</time>
      </trkpt>
      <trkpt lat="22.534006" lon="113.950401">
        <ele>9.6</ele>
        <time>2023-05-12T00:54:15Z</time>
      </trkpt>
      <trkpt lat="22.533937" lon="113.950399">
        <ele>9.6</ele>
        <time>2023-05-12T00:54:16Z</time>
      </trkpt>
      <trkpt lat="22.53386" lon="113.950391">
        <ele>9.6</ele>
        <time>2023-05-12T00:54:17Z</time>
      </trkpt>
      <trkpt lat="22.533792" lon="113.950379">
        <ele>9.6</ele>
        <time>2023-05-12T00:54:18Z</time>
      </trkpt>
      <trkpt lat="22.53373" lon="113.950358">
        <ele>9.6</ele>
        <time>2023-05-12T00:54:19Z</time>
      </trkpt>
      <trkpt lat="22.533669" lon="113.950341">
        <ele>9.6</ele>
        <time>2023-05-12T00:54:20Z</time>
      </trkpt>
      <trkpt lat="22.533609" lon="113.950318">
        <ele>9.6</ele>
        <time>2023-05-12T00:54:21Z</time>
      </trkpt>
      <trkpt lat="22.533551" lon="113.950297">
        <ele>9.5</ele>
        <time>2023-05-12T00:54:22Z</time>
      </trkpt>
      <trkpt lat="22.533492" lon="113.950282">
        <ele>9.5</ele>
        <time>2023-05-12T00:54:23Z</time>
      </trkpt>
      <trkpt lat="22.533436" lon="113.950266">
        <ele>9.5</ele>
        <time>2023-05-12T00:54:24Z</time>
      </trkpt>
      <trkpt lat="22.533382" lon="113.950256">
        <ele>9.5</ele>
        <time>2023-05-12T00:54:25Z</time>
      </trkpt>
      <trkpt lat="22.533326" lon="113.950256">
        <ele>9.5</ele>
        <time>2023-05-12T00:54:26Z</time>
      </trkpt>
      <trkpt lat="22.533265" lon="113.950259">
        <ele>9.5</ele>
        <time>2023-05-12T00:54:27Z</time>
      </trkpt>
      <trkpt lat="22.533203" lon="113.950261">
        <ele>9.5</ele>
        <time>2023-05-12T00:54:28Z</time>
      </trkpt>
      <trkpt lat="22.533145" lon="113.950256">
        <ele>9.5</ele>
        <time>2023-05-12T00:54:29Z</time>
      </trkpt>
      <trkpt lat="22.533088" lon="113.950254">
        <ele>9.5</ele>
        <time>2023-05-12T00:54:30Z</time>
      </trkpt>
      <trkpt lat="22.533032" lon="113.950249">
        <ele>9.5</ele>
        <time>2023-05-12T00:54:31Z</time>
      </trkpt>
      <trkpt lat="22.532975" lon="113.950249">
        <ele>9.5</ele>
        <time>2023-05-12T00:54:32Z</time>
      </trkpt>
      <trkpt lat="22.532916" lon="113.950246">
        <ele>9.5</ele>
        <time>2023-05-12T00:54:33Z</time>
      </trkpt>
      <trkpt lat="22.532857" lon="113.950241">
        <ele>9.5</ele>
        <time>2023-05-12T00:54:34Z</time>
      </trkpt>
      <trkpt lat="22.532798" lon="113.950236">
        <ele>9.5</ele>
        <time>2023-05-12T00:54:35Z</time>
      </trkpt>
      <trkpt lat="22.532735" lon="113.950223">
        <ele>9.5</ele>
        <time>2023-05-12T00:54:36Z</time>
      </trkpt>
      <trkpt lat="22.532674" lon="113.950216">
        <ele>9.5</ele>
        <time>2023-05-12T00:54:37Z</time>
      </trkpt>
      <trkpt lat="22.532615" lon="113.950211">
        <ele>9.5</ele>
        <time>2023-05-12T00:54:38Z</time>
      </trkpt>
      <trkpt lat="22.532558" lon="113.950213">
        <ele>9.5</ele>
        <time>2023-05-12T00:54:39Z</time>
      </trkpt>
      <trkpt lat="22.532498" lon="113.950216">
        <ele>9.5</ele>
        <time>2023-05-12T00:54:40Z</time>
      </trkpt>
      <trkpt lat="22.532436" lon="113.950211">
        <ele>9.5</ele>
        <time>2023-05-12T00:54:41Z</time>
      </trkpt>
      <trkpt lat="22.532376" lon="113.950208">
        <ele>9.6</ele>
        <time>2023-05-12T00:54:42Z</time>
      </trkpt>
      <trkpt lat="22.532315" lon="113.950201">
        <ele>9.6</ele>
        <time>2023-05-12T00:54:43Z</time>
      </trkpt>
      <trkpt lat="22.532256" lon="113.950193">
        <ele>9.6</ele>
        <time>2023-05-12T00:54:44Z</time>
      </trkpt>
      <trkpt lat="22.532198" lon="113.950185">
        <ele>9.6</ele>
        <time>2023-05-12T00:54:45Z</time>
      </trkpt>
      <trkpt lat="22.532137" lon="113.95018">
        <ele>9.6</ele>
        <time>2023-05-12T00:54:46Z</time>
      </trkpt>
      <trkpt lat="22.532074" lon="113.950175">
        <ele>9.6</ele>
        <time>2023-05-12T00:54:47Z</time>
      </trkpt>
      <trkpt lat="22.532013" lon="113.950165">
        <ele>9.6</ele>
        <time>2023-05-12T00:54:48Z</time>
      </trkpt>
      <trkpt lat="22.531952" lon="113.950162">
        <ele>9.7</ele>
        <time>2023-05-12T00:54:49Z</time>
      </trkpt>
      <trkpt lat="22.531894" lon="113.950157">
        <ele>9.7</ele>
        <time>2023-05-12T00:54:50Z</time>
      </trkpt>
      <trkpt lat="22.531835" lon="113.950155">
        <ele>9.7</ele>
        <time>2023-05-12T00:54:51Z</time>
      </trkpt>
      <trkpt lat="22.531772" lon="113.95015">
        <ele>9.7</ele>
        <time>2023-05-12T00:54:52Z</time>
      </trkpt>
      <trkpt lat="22.531712" lon="113.95015">
        <ele>9.7</ele>
        <time>2023-05-12T00:54:53Z</time>
      </trkpt>
      <trkpt lat="22.531653" lon="113.950147">
        <ele>9.7</ele>
        <time>2023-05-12T00:54:54Z</time>
      </trkpt>
      <trkpt lat="22.531594" lon="113.950142">
        <ele>9.7</ele>
        <time>2023-05-12T00:54:55Z</time>
      </trkpt>
      <trkpt lat="22.531538" lon="113.950142">
        <ele>9.7</ele>
        <time>2023-05-12T00:54:56Z</time>
      </trkpt>
      <trkpt lat="22.531486" lon="113.950142">
        <ele>9.8</ele>
        <time>2023-05-12T00:54:57Z</time>
      </trkpt>
      <trkpt lat="22.531434" lon="113.950142">
        <ele>9.8</ele>
        <time>2023-05-12T00:54:58Z</time>
      </trkpt>
      <trkpt lat="22.531383" lon="113.950142">
        <ele>9.8</ele>
        <time>2023-05-12T00:54:59Z</time>
      </trkpt>
      <trkpt lat="22.531332" lon="113.950139">
        <ele>9.8</ele>
        <time>2023-05-12T00:55:00Z</time>
      </trkpt>
      <trkpt lat="22.531285" lon="113.95013">
        <ele>9.8</ele>
        <time>2023-05-12T00:55:01Z</time>
      </trkpt>
      <trkpt lat="22.531238" lon="113.950117">
        <ele>9.8</ele>
        <time>2023-05-12T00:55:02Z</time>
      </trkpt>
      <trkpt lat="22.53119" lon="113.950111">
        <ele>9.8</ele>
        <time>2023-05-12T00:55:03Z</time>
      </trkpt>
      <trkpt lat="22.531145" lon="113.950111">
        <ele>9.8</ele>
        <time>2023-05-12T00:55:04Z</time>
      </trkpt>
      <trkpt lat="22.531102" lon="113.950111">
        <ele>9.8</ele>
        <time>2023-05-12T00:55:05Z</time>
      </trkpt>
      <trkpt lat="22.531059" lon="113.950109">
        <ele>9.8</ele>
        <time>2023-05-12T00:55:06Z</time>
      </trkpt>
      <trkpt lat="22.531013" lon="113.950101">
        <ele>9.9</ele>
        <time>2023-05-12T00:55:07Z</time>
      </trkpt>
      <trkpt lat="22.530965" lon="113.950094">
        <ele>9.9</ele>
        <time>2023-05-12T00:55:08Z</time>
      </trkpt>
      <trkpt lat="22.530923" lon="113.950089">
        <ele>9.8</ele>
        <time>2023-05-12T00:55:09Z</time>
      </trkpt>
      <trkpt lat="22.530883" lon="113.950089">
        <ele>9.8</ele>
        <time>2023-05-12T00:55:10Z</time>
      </trkpt>
      <trkpt lat="22.530841" lon="113.950086">
        <ele>9.8</ele>
        <time>2023-05-12T00:55:11Z</time>
      </trkpt>
      <trkpt lat="22.5308" lon="113.950081">
        <ele>9.8</ele>
        <time>2023-05-12T00:55:12Z</time>
      </trkpt>
      <trkpt lat="22.53076" lon="113.950078">
        <ele>9.8</ele>
        <time>2023-05-12T00:55:13Z</time>
      </trkpt>
      <trkpt lat="22.530721" lon="113.950073">
        <ele>9.8</ele>
        <time>2023-05-12T00:55:14Z</time>
      </trkpt>
      <trkpt lat="22.530673" lon="113.950073">
        <ele>9.7</ele>
        <time>2023-05-12T00:55:15Z</time>
      </trkpt>
      <trkpt lat="22.530625" lon="113.950073">
        <ele>9.7</ele>
        <time>2023-05-12T00:55:16Z</time>
      </trkpt>
      <trkpt lat="22.530575" lon="113.950073">
        <ele>9.7</ele>
        <time>2023-05-12T00:55:17Z</time>
      </trkpt>
      <trkpt lat="22.530526" lon="113.950071">
        <ele>9.7</ele>
        <time>2023-05-12T00:55:18Z</time>
      </trkpt>
      <trkpt lat="22.530477" lon="113.950066">
        <ele>9.7</ele>
        <time>2023-05-12T00:55:19Z</time>
      </trkpt>
      <trkpt lat="22.530426" lon="113.950066">
        <ele>9.7</ele>
        <time>2023-05-12T00:55:20Z</time>
      </trkpt>
      <trkpt lat="22.530372" lon="113.950066">
        <ele>9.6</ele>
        <time>2023-05-12T00:55:21Z</time>
      </trkpt>
      <trkpt lat="22.530319" lon="113.950066">
        <ele>9.6</ele>
        <time>2023-05-12T00:55:22Z</time>
      </trkpt>
      <trkpt lat="22.530267" lon="113.950066">
        <ele>9.6</ele>
        <time>2023-05-12T00:55:23Z</time>
      </trkpt>
      <trkpt lat="22.530216" lon="113.950063">
        <ele>9.6</ele>
        <time>2023-05-12T00:55:24Z</time>
      </trkpt>
      <trkpt lat="22.530168" lon="113.950056">
        <ele>9.6</ele>
        <time>2023-05-12T00:55:25Z</time>
      </trkpt>
      <trkpt lat="22.530122" lon="113.95005">
        <ele>9.5</ele>
        <time>2023-05-12T00:55:26Z</time>
      </trkpt>
      <trkpt lat="22.530081" lon="113.950053">
        <ele>9.5</ele>
        <time>2023-05-12T00:55:27Z</time>
      </trkpt>
      <trkpt lat="22.530046" lon="113.950058">
        <ele>9.5</ele>
        <time>2023-05-12T00:55:28Z</time>
      </trkpt>
      <trkpt lat="22.530011" lon="113.950058">
        <ele>9.5</ele>
        <time>2023-05-12T00:55:29Z</time>
      </trkpt>
      <trkpt lat="22.529988" lon="113.950051">
        <ele>9.5</ele>
        <time>2023-05-12T00:55:30Z</time>
      </trkpt>
      <trkpt lat="22.529983" lon="113.950025">
        <ele>9.5</ele>
        <time>2023-05-12T00:55:31Z</time>
      </trkpt>
      <trkpt lat="22.52999" lon="113.949997">
        <ele>9.5</ele>
        <time>2023-05-12T00:55:32Z</time>
      </trkpt>
      <trkpt lat="22.530007" lon="113.949977">
        <ele>9.4</ele>
        <time>2023-05-12T00:55:33Z</time>
      </trkpt>
      <trkpt lat="22.530023" lon="113.949957">
        <ele>9.4</ele>
        <time>2023-05-12T00:55:34Z</time>
      </trkpt>
      <trkpt lat="22.530032" lon="113.949924">
        <ele>9.4</ele>
        <time>2023-05-12T00:55:35Z</time>
      </trkpt>
      <trkpt lat="22.530039" lon="113.949886">
        <ele>9.4</ele>
        <time>2023-05-12T00:55:36Z</time>
      </trkpt>
      <trkpt lat="22.530038" lon="113.949845">
        <ele>9.4</ele>
        <time>2023-05-12T00:55:37Z</time>
      </trkpt>
      <trkpt lat="22.530036" lon="113.949802">
        <ele>9.4</ele>
        <time>2023-05-12T00:55:38Z</time>
      </trkpt>
      <trkpt lat="22.530034" lon="113.949761">
        <ele>9.4</ele>
        <time>2023-05-12T00:55:39Z</time>
      </trkpt>
      <trkpt lat="22.530029" lon="113.949717">
        <ele>9.4</ele>
        <time>2023-05-12T00:55:40Z</time>
      </trkpt>
      <trkpt lat="22.530021" lon="113.949679">
        <ele>9.3</ele>
        <time>2023-05-12T00:55:41Z</time>
      </trkpt>
      <trkpt lat="22.530015" lon="113.949642">
        <ele>9.3</ele>
        <time>2023-05-12T00:55:42Z</time>
      </trkpt>
      <trkpt lat="22.530015" lon="113.949608">
        <ele>9.3</ele>
        <time>2023-05-12T00:55:43Z</time>
      </trkpt>
      <trkpt lat="22.530018" lon="113.949583">
        <ele>9.3</ele>
        <time>2023-05-12T00:55:44Z</time>
      </trkpt>
      <trkpt lat="22.530016" lon="113.949557">
        <ele>9.3</ele>
        <time>2023-05-12T00:55:45Z</time>
      </trkpt>
      <trkpt lat="22.530007" lon="113.949542">
        <ele>9.3</ele>
        <time>2023-05-12T00:55:46Z</time>
      </trkpt>
      <trkpt lat="22.529997" lon="113.949527">
        <ele>9.3</ele>
        <time>2023-05-12T00:55:47Z</time>
      </trkpt>
      <trkpt lat="22.529979" lon="113.949509">
        <ele>9.3</ele>
        <time>2023-05-12T00:55:48Z</time>
      </trkpt>
      <trkpt lat="22.529958" lon="113.949487">
        <ele>9.3</ele>
        <time>2023-05-12T00:55:49Z</time>
      </trkpt>
      <trkpt lat="22.529953" lon="113.949466">
        <ele>9.2</ele>
        <time>2023-05-12T00:55:50Z</time>
      </trkpt>
      <trkpt lat="22.529964" lon="113.949448">
        <ele>9.2</ele>
        <time>2023-05-12T00:55:51Z</time>
      </trkpt>
      <trkpt lat="22.529981" lon="113.949425">
        <ele>9.2</ele>
        <time>2023-05-12T00:55:52Z</time>
      </trkpt>
      <trkpt lat="22.529992" lon="113.949397">
        <ele>9.2</ele>
        <time>2023-05-12T00:55:53Z</time>
      </trkpt>
      <trkpt lat="22.529996" lon="113.949357">
        <ele>9.2</ele>
        <time>2023-05-12T00:55:54Z</time>
      </trkpt>
      <trkpt lat="22.53" lon="113.949314">
        <ele>9.2</ele>
        <time>2023-05-12T00:55:55Z</time>
      </trkpt>
      <trkpt lat="22.53" lon="113.949273">
        <ele>9.2</ele>
        <time>2023-05-12T00:55:56Z</time>
      </trkpt>
      <trkpt lat="22.530005" lon="113.949223">
        <ele>9.2</ele>
        <time>2023-05-12T00:55:57Z</time>
      </trkpt>
      <trkpt lat="22.530011" lon="113.949174">
        <ele>9.2</ele>
        <time>2023-05-12T00:55:58Z</time>
      </trkpt>
      <trkpt lat="22.530012" lon="113.949126">
        <ele>9.2</ele>
        <time>2023-05-12T00:55:59Z</time>
      </trkpt>
      <trkpt lat="22.530013" lon="113.949075">
        <ele>9.2</ele>
        <time>2023-05-12T00:56:00Z</time>
      </trkpt>
      <trkpt lat="22.530014" lon="113.949027">
        <ele>9.2</ele>
        <time>2023-05-12T00:56:01Z</time>
      </trkpt>
      <trkpt lat="22.530014" lon="113.948978">
        <ele>9.2</ele>
        <time>2023-05-12T00:56:02Z</time>
      </trkpt>
      <trkpt lat="22.530014" lon="113.948936">
        <ele>9.2</ele>
        <time>2023-05-12T00:56:03Z</time>
      </trkpt>
      <trkpt lat="22.530015" lon="113.948891">
        <ele>9.2</ele>
        <time>2023-05-12T00:56:04Z</time>
      </trkpt>
      <trkpt lat="22.530019" lon="113.948846">
        <ele>9.2</ele>
        <time>2023-05-12T00:56:05Z</time>
      </trkpt>
      <trkpt lat="22.530023" lon="113.948801">
        <ele>9.2</ele>
        <time>2023-05-12T00:56:06Z</time>
      </trkpt>
      <trkpt lat="22.530026" lon="113.948757">
        <ele>9.2</ele>
        <time>2023-05-12T00:56:07Z</time>
      </trkpt>
      <trkpt lat="22.530024" lon="113.948713">
        <ele>9.2</ele>
        <time>2023-05-12T00:56:08Z</time>
      </trkpt>
      <trkpt lat="22.530015" lon="113.948658">
        <ele>9.2</ele>
        <time>2023-05-12T00:56:09Z</time>
      </trkpt>
      <trkpt lat="22.530011" lon="113.948611">
        <ele>9.2</ele>
        <time>2023-05-12T00:56:10Z</time>
      </trkpt>
      <trkpt lat="22.530005" lon="113.948571">
        <ele>9.2</ele>
        <time>2023-05-12T00:56:11Z</time>
      </trkpt>
      <trkpt lat="22.529996" lon="113.948527">
        <ele>9.2</ele>
        <time>2023-05-12T00:56:12Z</time>
      </trkpt>
      <trkpt lat="22.529987" lon="113.948486">
        <ele>9.2</ele>
        <time>2023-05-12T00:56:13Z</time>
      </trkpt>
      <trkpt lat="22.52998" lon="113.948443">
        <ele>9.2</ele>
        <time>2023-05-12T00:56:14Z</time>
      </trkpt>
      <trkpt lat="22.529976" lon="113.948403">
        <ele>9.2</ele>
        <time>2023-05-12T00:56:15Z</time>
      </trkpt>
      <trkpt lat="22.529976" lon="113.948358">
        <ele>9.2</ele>
        <time>2023-05-12T00:56:16Z</time>
      </trkpt>
      <trkpt lat="22.52998" lon="113.94831">
        <ele>9.2</ele>
        <time>2023-05-12T00:56:17Z</time>
      </trkpt>
      <trkpt lat="22.529984" lon="113.948257">
        <ele>9.2</ele>
        <time>2023-05-12T00:56:18Z</time>
      </trkpt>
      <trkpt lat="22.529989" lon="113.948203">
        <ele>9.2</ele>
        <time>2023-05-12T00:56:19Z</time>
      </trkpt>
      <trkpt lat="22.529999" lon="113.94815">
        <ele>9.2</ele>
        <time>2023-05-12T00:56:20Z</time>
      </trkpt>
      <trkpt lat="22.530001" lon="113.948107">
        <ele>9.2</ele>
        <time>2023-05-12T00:56:21Z</time>
      </trkpt>
      <trkpt lat="22.530007" lon="113.94807">
        <ele>9.2</ele>
        <time>2023-05-12T00:56:22Z</time>
      </trkpt>
      <trkpt lat="22.530016" lon="113.948032">
        <ele>9.2</ele>
        <time>2023-05-12T00:56:23Z</time>
      </trkpt>
      <trkpt lat="22.530022" lon="113.947994">
        <ele>9.2</ele>
        <time>2023-05-12T00:56:24Z</time>
      </trkpt>
      <trkpt lat="22.530022" lon="113.947953">
        <ele>9.2</ele>
        <time>2023-05-12T00:56:25Z</time>
      </trkpt>
      <trkpt lat="22.530021" lon="113.947907">
        <ele>9.2</ele>
        <time>2023-05-12T00:56:26Z</time>
      </trkpt>
      <trkpt lat="22.53002" lon="113.947863">
        <ele>9.2</ele>
        <time>2023-05-12T00:56:27Z</time>
      </trkpt>
      <trkpt lat="22.530024" lon="113.947826">
        <ele>9.2</ele>
        <time>2023-05-12T00:56:28Z</time>
      </trkpt>
      <trkpt lat="22.530032" lon="113.947788">
        <ele>9.2</ele>
        <time>2023-05-12T00:56:29Z</time>
      </trkpt>
      <trkpt lat="22.530041" lon="113.947747">
        <ele>9.2</ele>
        <time>2023-05-12T00:56:30Z</time>
      </trkpt>
      <trkpt lat="22.530043" lon="113.947708">
        <ele>9.2</ele>
        <time>2023-05-12T00:56:31Z</time>
      </trkpt>
      <trkpt lat="22.530036" lon="113.947688">
        <ele>9.2</ele>
        <time>2023-05-12T00:56:32Z</time>
      </trkpt>
      <trkpt lat="22.530026" lon="113.947673">
        <ele>9.2</ele>
        <time>2023-05-12T00:56:33Z</time>
      </trkpt>
      <trkpt lat="22.530018" lon="113.947658">
        <ele>9.2</ele>
        <time>2023-05-12T00:56:34Z</time>
      </trkpt>
      <trkpt lat="22.530012" lon="113.947642">
        <ele>9.2</ele>
        <time>2023-05-12T00:56:35Z</time>
      </trkpt>
      <trkpt lat="22.530003" lon="113.947629">
        <ele>9.2</ele>
        <time>2023-05-12T00:56:36Z</time>
      </trkpt>
      <trkpt lat="22.529991" lon="113.947624">
        <ele>9.2</ele>
        <time>2023-05-12T00:56:37Z</time>
      </trkpt>
      <trkpt lat="22.529979" lon="113.947624">
        <ele>9.2</ele>
        <time>2023-05-12T00:56:38Z</time>
      </trkpt>
      <trkpt lat="22.529969" lon="113.947622">
        <ele>9.2</ele>
        <time>2023-05-12T00:56:39Z</time>
      </trkpt>
      <trkpt lat="22.529961" lon="113.947617">
        <ele>9.2</ele>
        <time>2023-05-12T00:56:40Z</time>
      </trkpt>
      <trkpt lat="22.529948" lon="113.947614">
        <ele>9.2</ele>
        <time>2023-05-12T00:56:41Z</time>
      </trkpt>
      <trkpt lat="22.529933" lon="113.947607">
        <ele>9.2</ele>
        <time>2023-05-12T00:56:42Z</time>
      </trkpt>
      <trkpt lat="22.529928" lon="113.947599">
        <ele>9.2</ele>
        <time>2023-05-12T00:56:43Z</time>
      </trkpt>
      <trkpt lat="22.529926" lon="113.947591">
        <ele>9.2</ele>
        <time>2023-05-12T00:56:44Z</time>
      </trkpt>
      <trkpt lat="22.529922" lon="113.947586">
        <ele>9.2</ele>
        <time>2023-05-12T00:56:45Z</time>
      </trkpt>
      <trkpt lat="22.529922" lon="113.947586">
        <ele>9.2</ele>
        <time>2023-05-12T00:56:46Z</time>
      </trkpt>
      <trkpt lat="22.529922" lon="113.947586">
        <ele>9.2</ele>
        <time>2023-05-12T00:56:47Z</time>
      </trkpt>
      <trkpt lat="22.529922" lon="113.947586">
        <ele>9.2</ele>
        <time>2023-05-12T00:56:48Z</time>
      </trkpt>
      <trkpt lat="22.529922" lon="113.947586">
        <ele>9.2</ele>
        <time>2023-05-12T00:56:49Z</time>
      </trkpt>
      <trkpt lat="22.529922" lon="113.947586">
        <ele>9.2</ele>
        <time>2023-05-12T00:56:50Z</time>
      </trkpt>
      <trkpt lat="22.529922" lon="113.947586">
        <ele>9.2</ele>
        <time>2023-05-12T00:56:51Z</time>
      </trkpt>
      <trkpt lat="22.529922" lon="113.947586">
        <ele>9.2</ele>
        <time>2023-05-12T00:56:52Z</time>
      </trkpt>
    </trkseg>
  </trk>
</gpx>