<?xml version="1.0" encoding="UTF-8"?>
<gpx xmlns="http://www.topografix.com/GPX/1/1" xmlns:xsi="http://www.w3.org/2001/XMLSchema-instance" xsi:schemaLocation="http://www.topografix.com/GPX/1/1 http://www.topografix.com/GPX/1/1/gpx.xsd" version="1.1" creator="鹏">
  <metadata>
    <name>Cycling (Completed)</name>
    <desc>Distance: 6.745km, Estimated duration: 0.48h, Elevation up: 17.0m, Elevation down: 31.0m</desc>
    <author>
      <name>鹏</name>
      <link href="https://www.komoot.de/user/3342641231843">
        <text>View 鹏's Profile on Komoot</text>
      </link>
    </author>
    <link href="https://www.komoot.de/tour/1119975201">
      <text>View tour on Komoot</text>
    </link>
  </metadata>
  <trk>
    <name>Cycling (Completed)</name>
    <desc>Distance: 6.745km, Estimated duration: 0.48h, Elevation up: 17.0m, Elevation down: 31.0m</desc>
    <link href="https://www.komoot.de/tour/1119975201">
      <text>View tour on Komoot</text>
    </link>
    <trkseg>
      <trkpt lat="22.558868" lon="113.966682">
        <ele>43.2</ele>
        <time>2023-05-16T00:29:16Z</time>
      </trkpt>
      <trkpt lat="22.558929" lon="113.966687">
        <ele>43.2</ele>
        <time>2023-05-16T00:29:34Z</time>
      </trkpt>
      <trkpt lat="22.558998" lon="113.966689">
        <ele>43.2</ele>
        <time>2023-05-16T00:29:35Z</time>
      </trkpt>
      <trkpt lat="22.559102" lon="113.966684">
        <ele>43.2</ele>
        <time>2023-05-16T00:29:36Z</time>
      </trkpt>
      <trkpt lat="22.559177" lon="113.966689">
        <ele>43.2</ele>
        <time>2023-05-16T00:29:37Z</time>
      </trkpt>
      <trkpt lat="22.559237" lon="113.966681">
        <ele>43.2</ele>
        <time>2023-05-16T00:29:38Z</time>
      </trkpt>
      <trkpt lat="22.55931" lon="113.966676">
        <ele>43.2</ele>
        <time>2023-05-16T00:29:39Z</time>
      </trkpt>
      <trkpt lat="22.559386" lon="113.966682">
        <ele>43.2</ele>
        <time>2023-05-16T00:29:40Z</time>
      </trkpt>
      <trkpt lat="22.559445" lon="113.966682">
        <ele>43.2</ele>
        <time>2023-05-16T00:29:41Z</time>
      </trkpt>
      <trkpt lat="22.559458" lon="113.966681">
        <ele>43.2</ele>
        <time>2023-05-16T00:29:42Z</time>
      </trkpt>
      <trkpt lat="22.559264" lon="113.966675">
        <ele>43.2</ele>
        <time>2023-05-16T00:29:43Z</time>
      </trkpt>
      <trkpt lat="22.55907" lon="113.966669">
        <ele>43.2</ele>
        <time>2023-05-16T00:29:44Z</time>
      </trkpt>
      <trkpt lat="22.558876" lon="113.966663">
        <ele>43.2</ele>
        <time>2023-05-16T00:29:45Z</time>
      </trkpt>
      <trkpt lat="22.558682" lon="113.966657">
        <ele>43.2</ele>
        <time>2023-05-16T00:29:46Z</time>
      </trkpt>
      <trkpt lat="22.558489" lon="113.966651">
        <ele>43.2</ele>
        <time>2023-05-16T00:29:47Z</time>
      </trkpt>
      <trkpt lat="22.558295" lon="113.966645">
        <ele>43.2</ele>
        <time>2023-05-16T00:29:48Z</time>
      </trkpt>
      <trkpt lat="22.558101" lon="113.966639">
        <ele>43.2</ele>
        <time>2023-05-16T00:29:49Z</time>
      </trkpt>
      <trkpt lat="22.557907" lon="113.966632">
        <ele>43.2</ele>
        <time>2023-05-16T00:29:50Z</time>
      </trkpt>
      <trkpt lat="22.557713" lon="113.966626">
        <ele>43.2</ele>
        <time>2023-05-16T00:29:51Z</time>
      </trkpt>
      <trkpt lat="22.55757" lon="113.966638">
        <ele>43.2</ele>
        <time>2023-05-16T00:29:52Z</time>
      </trkpt>
      <trkpt lat="22.557644" lon="113.966724">
        <ele>43.2</ele>
        <time>2023-05-16T00:29:53Z</time>
      </trkpt>
      <trkpt lat="22.557717" lon="113.966811">
        <ele>43.2</ele>
        <time>2023-05-16T00:29:54Z</time>
      </trkpt>
      <trkpt lat="22.557762" lon="113.966871">
        <ele>43.2</ele>
        <time>2023-05-16T00:29:55Z</time>
      </trkpt>
      <trkpt lat="22.557718" lon="113.966813">
        <ele>43.2</ele>
        <time>2023-05-16T00:29:56Z</time>
      </trkpt>
      <trkpt lat="22.557814" lon="113.966715">
        <ele>43.2</ele>
        <time>2023-05-16T00:29:57Z</time>
      </trkpt>
      <trkpt lat="22.557939" lon="113.966462">
        <ele>43.2</ele>
        <time>2023-05-16T00:29:58Z</time>
      </trkpt>
      <trkpt lat="22.558001" lon="113.966237">
        <ele>43.2</ele>
        <time>2023-05-16T00:29:59Z</time>
      </trkpt>
      <trkpt lat="22.558039" lon="113.966075">
        <ele>43.2</ele>
        <time>2023-05-16T00:30:00Z</time>
      </trkpt>
      <trkpt lat="22.55805" lon="113.965961">
        <ele>43.2</ele>
        <time>2023-05-16T00:30:01Z</time>
      </trkpt>
      <trkpt lat="22.558056" lon="113.965861">
        <ele>43.2</ele>
        <time>2023-05-16T00:30:02Z</time>
      </trkpt>
      <trkpt lat="22.558055" lon="113.965805">
        <ele>43.2</ele>
        <time>2023-05-16T00:30:03Z</time>
      </trkpt>
      <trkpt lat="22.558055" lon="113.965736">
        <ele>43.2</ele>
        <time>2023-05-16T00:30:04Z</time>
      </trkpt>
      <trkpt lat="22.558059" lon="113.965696">
        <ele>43.2</ele>
        <time>2023-05-16T00:30:05Z</time>
      </trkpt>
      <trkpt lat="22.558048" lon="113.965665">
        <ele>43.2</ele>
        <time>2023-05-16T00:30:06Z</time>
      </trkpt>
      <trkpt lat="22.558023" lon="113.965578">
        <ele>43.2</ele>
        <time>2023-05-16T00:30:07Z</time>
      </trkpt>
      <trkpt lat="22.558023" lon="113.965519">
        <ele>43.2</ele>
        <time>2023-05-16T00:30:08Z</time>
      </trkpt>
      <trkpt lat="22.558019" lon="113.965386">
        <ele>43.2</ele>
        <time>2023-05-16T00:30:09Z</time>
      </trkpt>
      <trkpt lat="22.558018" lon="113.965314">
        <ele>43.2</ele>
        <time>2023-05-16T00:30:10Z</time>
      </trkpt>
      <trkpt lat="22.558018" lon="113.965267">
        <ele>43.2</ele>
        <time>2023-05-16T00:30:11Z</time>
      </trkpt>
      <trkpt lat="22.558018" lon="113.965239">
        <ele>43.2</ele>
        <time>2023-05-16T00:30:12Z</time>
      </trkpt>
      <trkpt lat="22.558015" lon="113.965181">
        <ele>43.2</ele>
        <time>2023-05-16T00:30:13Z</time>
      </trkpt>
      <trkpt lat="22.558" lon="113.965084">
        <ele>43.2</ele>
        <time>2023-05-16T00:30:14Z</time>
      </trkpt>
      <trkpt lat="22.557977" lon="113.965017">
        <ele>43.2</ele>
        <time>2023-05-16T00:30:15Z</time>
      </trkpt>
      <trkpt lat="22.557967" lon="113.964974">
        <ele>43.2</ele>
        <time>2023-05-16T00:30:16Z</time>
      </trkpt>
      <trkpt lat="22.557961" lon="113.964936">
        <ele>43.2</ele>
        <time>2023-05-16T00:30:17Z</time>
      </trkpt>
      <trkpt lat="22.557952" lon="113.96489">
        <ele>43.2</ele>
        <time>2023-05-16T00:30:18Z</time>
      </trkpt>
      <trkpt lat="22.557919" lon="113.964801">
        <ele>43.2</ele>
        <time>2023-05-16T00:30:19Z</time>
      </trkpt>
      <trkpt lat="22.557882" lon="113.964694">
        <ele>43.2</ele>
        <time>2023-05-16T00:30:20Z</time>
      </trkpt>
      <trkpt lat="22.557864" lon="113.964609">
        <ele>43.2</ele>
        <time>2023-05-16T00:30:21Z</time>
      </trkpt>
      <trkpt lat="22.557849" lon="113.964542">
        <ele>43.2</ele>
        <time>2023-05-16T00:30:22Z</time>
      </trkpt>
      <trkpt lat="22.557834" lon="113.964489">
        <ele>43.2</ele>
        <time>2023-05-16T00:30:23Z</time>
      </trkpt>
      <trkpt lat="22.557823" lon="113.964464">
        <ele>43.2</ele>
        <time>2023-05-16T00:30:24Z</time>
      </trkpt>
      <trkpt lat="22.557814" lon="113.96443">
        <ele>43.2</ele>
        <time>2023-05-16T00:30:25Z</time>
      </trkpt>
      <trkpt lat="22.557807" lon="113.964394">
        <ele>43.2</ele>
        <time>2023-05-16T00:30:26Z</time>
      </trkpt>
      <trkpt lat="22.557794" lon="113.964356">
        <ele>43.2</ele>
        <time>2023-05-16T00:30:27Z</time>
      </trkpt>
      <trkpt lat="22.557788" lon="113.964318">
        <ele>43.2</ele>
        <time>2023-05-16T00:30:28Z</time>
      </trkpt>
      <trkpt lat="22.557775" lon="113.964265">
        <ele>43.2</ele>
        <time>2023-05-16T00:30:29Z</time>
      </trkpt>
      <trkpt lat="22.557761" lon="113.964117">
        <ele>43.2</ele>
        <time>2023-05-16T00:30:30Z</time>
      </trkpt>
      <trkpt lat="22.557758" lon="113.964027">
        <ele>43.2</ele>
        <time>2023-05-16T00:30:31Z</time>
      </trkpt>
      <trkpt lat="22.557762" lon="113.963956">
        <ele>43.2</ele>
        <time>2023-05-16T00:30:32Z</time>
      </trkpt>
      <trkpt lat="22.557784" lon="113.963895">
        <ele>43.2</ele>
        <time>2023-05-16T00:30:33Z</time>
      </trkpt>
      <trkpt lat="22.557811" lon="113.963843">
        <ele>43.2</ele>
        <time>2023-05-16T00:30:34Z</time>
      </trkpt>
      <trkpt lat="22.557826" lon="113.963808">
        <ele>43.2</ele>
        <time>2023-05-16T00:30:35Z</time>
      </trkpt>
      <trkpt lat="22.557821" lon="113.963778">
        <ele>43.2</ele>
        <time>2023-05-16T00:30:36Z</time>
      </trkpt>
      <trkpt lat="22.557811" lon="113.963746">
        <ele>43.2</ele>
        <time>2023-05-16T00:30:37Z</time>
      </trkpt>
      <trkpt lat="22.557798" lon="113.963713">
        <ele>43.2</ele>
        <time>2023-05-16T00:30:38Z</time>
      </trkpt>
      <trkpt lat="22.557786" lon="113.963659">
        <ele>43.2</ele>
        <time>2023-05-16T00:30:39Z</time>
      </trkpt>
      <trkpt lat="22.557774" lon="113.963607">
        <ele>43.2</ele>
        <time>2023-05-16T00:30:40Z</time>
      </trkpt>
      <trkpt lat="22.557772" lon="113.963566">
        <ele>43.2</ele>
        <time>2023-05-16T00:30:41Z</time>
      </trkpt>
      <trkpt lat="22.557769" lon="113.963523">
        <ele>43.2</ele>
        <time>2023-05-16T00:30:42Z</time>
      </trkpt>
      <trkpt lat="22.557777" lon="113.963493">
        <ele>43.2</ele>
        <time>2023-05-16T00:30:43Z</time>
      </trkpt>
      <trkpt lat="22.557799" lon="113.963461">
        <ele>43.2</ele>
        <time>2023-05-16T00:30:44Z</time>
      </trkpt>
      <trkpt lat="22.557826" lon="113.963427">
        <ele>43.2</ele>
        <time>2023-05-16T00:30:45Z</time>
      </trkpt>
      <trkpt lat="22.557858" lon="113.963402">
        <ele>43.2</ele>
        <time>2023-05-16T00:30:46Z</time>
      </trkpt>
      <trkpt lat="22.557889" lon="113.963372">
        <ele>43.2</ele>
        <time>2023-05-16T00:30:47Z</time>
      </trkpt>
      <trkpt lat="22.557905" lon="113.963338">
        <ele>43.2</ele>
        <time>2023-05-16T00:30:48Z</time>
      </trkpt>
      <trkpt lat="22.557906" lon="113.963295">
        <ele>43.2</ele>
        <time>2023-05-16T00:30:49Z</time>
      </trkpt>
      <trkpt lat="22.55791" lon="113.963265">
        <ele>43.2</ele>
        <time>2023-05-16T00:30:50Z</time>
      </trkpt>
      <trkpt lat="22.557922" lon="113.963229">
        <ele>43.2</ele>
        <time>2023-05-16T00:30:51Z</time>
      </trkpt>
      <trkpt lat="22.55795" lon="113.963175">
        <ele>43.2</ele>
        <time>2023-05-16T00:30:52Z</time>
      </trkpt>
      <trkpt lat="22.557967" lon="113.963122">
        <ele>43.2</ele>
        <time>2023-05-16T00:30:53Z</time>
      </trkpt>
      <trkpt lat="22.557976" lon="113.963067">
        <ele>43.2</ele>
        <time>2023-05-16T00:30:54Z</time>
      </trkpt>
      <trkpt lat="22.557986" lon="113.963007">
        <ele>43.2</ele>
        <time>2023-05-16T00:30:55Z</time>
      </trkpt>
      <trkpt lat="22.558008" lon="113.962958">
        <ele>43.2</ele>
        <time>2023-05-16T00:30:56Z</time>
      </trkpt>
      <trkpt lat="22.55804" lon="113.96292">
        <ele>43.2</ele>
        <time>2023-05-16T00:30:57Z</time>
      </trkpt>
      <trkpt lat="22.558078" lon="113.962883">
        <ele>43.2</ele>
        <time>2023-05-16T00:30:58Z</time>
      </trkpt>
      <trkpt lat="22.558113" lon="113.962853">
        <ele>43.2</ele>
        <time>2023-05-16T00:30:59Z</time>
      </trkpt>
      <trkpt lat="22.558145" lon="113.962818">
        <ele>43.2</ele>
        <time>2023-05-16T00:31:00Z</time>
      </trkpt>
      <trkpt lat="22.558167" lon="113.962775">
        <ele>43.1</ele>
        <time>2023-05-16T00:31:01Z</time>
      </trkpt>
      <trkpt lat="22.558186" lon="113.962736">
        <ele>43.1</ele>
        <time>2023-05-16T00:31:02Z</time>
      </trkpt>
      <trkpt lat="22.558204" lon="113.962693">
        <ele>43.1</ele>
        <time>2023-05-16T00:31:03Z</time>
      </trkpt>
      <trkpt lat="22.558213" lon="113.96265">
        <ele>43.1</ele>
        <time>2023-05-16T00:31:04Z</time>
      </trkpt>
      <trkpt lat="22.558204" lon="113.962605">
        <ele>43.1</ele>
        <time>2023-05-16T00:31:05Z</time>
      </trkpt>
      <trkpt lat="22.5582" lon="113.962553">
        <ele>43.1</ele>
        <time>2023-05-16T00:31:06Z</time>
      </trkpt>
      <trkpt lat="22.558193" lon="113.962491">
        <ele>43.1</ele>
        <time>2023-05-16T00:31:07Z</time>
      </trkpt>
      <trkpt lat="22.558173" lon="113.962439">
        <ele>43.1</ele>
        <time>2023-05-16T00:31:08Z</time>
      </trkpt>
      <trkpt lat="22.558148" lon="113.962394">
        <ele>43.1</ele>
        <time>2023-05-16T00:31:09Z</time>
      </trkpt>
      <trkpt lat="22.558118" lon="113.962347">
        <ele>43.1</ele>
        <time>2023-05-16T00:31:10Z</time>
      </trkpt>
      <trkpt lat="22.558082" lon="113.962303">
        <ele>43.1</ele>
        <time>2023-05-16T00:31:11Z</time>
      </trkpt>
      <trkpt lat="22.558054" lon="113.962258">
        <ele>43.1</ele>
        <time>2023-05-16T00:31:12Z</time>
      </trkpt>
      <trkpt lat="22.55802" lon="113.962218">
        <ele>43.1</ele>
        <time>2023-05-16T00:31:13Z</time>
      </trkpt>
      <trkpt lat="22.557987" lon="113.962183">
        <ele>43.1</ele>
        <time>2023-05-16T00:31:14Z</time>
      </trkpt>
      <trkpt lat="22.557956" lon="113.962154">
        <ele>43.1</ele>
        <time>2023-05-16T00:31:15Z</time>
      </trkpt>
      <trkpt lat="22.557923" lon="113.962127">
        <ele>43.1</ele>
        <time>2023-05-16T00:31:16Z</time>
      </trkpt>
      <trkpt lat="22.557889" lon="113.96209">
        <ele>43.1</ele>
        <time>2023-05-16T00:31:17Z</time>
      </trkpt>
      <trkpt lat="22.557851" lon="113.962053">
        <ele>43.1</ele>
        <time>2023-05-16T00:31:18Z</time>
      </trkpt>
      <trkpt lat="22.55783" lon="113.96202">
        <ele>43.1</ele>
        <time>2023-05-16T00:31:19Z</time>
      </trkpt>
      <trkpt lat="22.557825" lon="113.961975">
        <ele>43.1</ele>
        <time>2023-05-16T00:31:20Z</time>
      </trkpt>
      <trkpt lat="22.557819" lon="113.961931">
        <ele>43.1</ele>
        <time>2023-05-16T00:31:21Z</time>
      </trkpt>
      <trkpt lat="22.557814" lon="113.961887">
        <ele>43.1</ele>
        <time>2023-05-16T00:31:22Z</time>
      </trkpt>
      <trkpt lat="22.557809" lon="113.961843">
        <ele>43.1</ele>
        <time>2023-05-16T00:31:23Z</time>
      </trkpt>
      <trkpt lat="22.557804" lon="113.961799">
        <ele>43</ele>
        <time>2023-05-16T00:31:24Z</time>
      </trkpt>
      <trkpt lat="22.557799" lon="113.961755">
        <ele>43</ele>
        <time>2023-05-16T00:31:25Z</time>
      </trkpt>
      <trkpt lat="22.557794" lon="113.96171">
        <ele>43</ele>
        <time>2023-05-16T00:31:26Z</time>
      </trkpt>
      <trkpt lat="22.557789" lon="113.961666">
        <ele>43</ele>
        <time>2023-05-16T00:31:27Z</time>
      </trkpt>
      <trkpt lat="22.557783" lon="113.961622">
        <ele>43</ele>
        <time>2023-05-16T00:31:28Z</time>
      </trkpt>
      <trkpt lat="22.557779" lon="113.961584">
        <ele>43</ele>
        <time>2023-05-16T00:31:29Z</time>
      </trkpt>
      <trkpt lat="22.557776" lon="113.961572">
        <ele>43</ele>
        <time>2023-05-16T00:31:30Z</time>
      </trkpt>
      <trkpt lat="22.55776" lon="113.961565">
        <ele>43</ele>
        <time>2023-05-16T00:31:31Z</time>
      </trkpt>
      <trkpt lat="22.557701" lon="113.961574">
        <ele>42.9</ele>
        <time>2023-05-16T00:31:32Z</time>
      </trkpt>
      <trkpt lat="22.557625" lon="113.961583">
        <ele>42.8</ele>
        <time>2023-05-16T00:31:33Z</time>
      </trkpt>
      <trkpt lat="22.557508" lon="113.961578">
        <ele>42.7</ele>
        <time>2023-05-16T00:31:34Z</time>
      </trkpt>
      <trkpt lat="22.557446" lon="113.961607">
        <ele>42.6</ele>
        <time>2023-05-16T00:31:35Z</time>
      </trkpt>
      <trkpt lat="22.557429" lon="113.961603">
        <ele>42.6</ele>
        <time>2023-05-16T00:31:36Z</time>
      </trkpt>
      <trkpt lat="22.557414" lon="113.961608">
        <ele>42.5</ele>
        <time>2023-05-16T00:31:37Z</time>
      </trkpt>
      <trkpt lat="22.557404" lon="113.961596">
        <ele>42.5</ele>
        <time>2023-05-16T00:31:38Z</time>
      </trkpt>
      <trkpt lat="22.557385" lon="113.961566">
        <ele>42.5</ele>
        <time>2023-05-16T00:31:39Z</time>
      </trkpt>
      <trkpt lat="22.557366" lon="113.961535">
        <ele>42.4</ele>
        <time>2023-05-16T00:31:40Z</time>
      </trkpt>
      <trkpt lat="22.557346" lon="113.961503">
        <ele>42.4</ele>
        <time>2023-05-16T00:31:41Z</time>
      </trkpt>
      <trkpt lat="22.557332" lon="113.961465">
        <ele>42.4</ele>
        <time>2023-05-16T00:31:42Z</time>
      </trkpt>
      <trkpt lat="22.557317" lon="113.961423">
        <ele>42.3</ele>
        <time>2023-05-16T00:31:43Z</time>
      </trkpt>
      <trkpt lat="22.557296" lon="113.96137">
        <ele>42.2</ele>
        <time>2023-05-16T00:31:44Z</time>
      </trkpt>
      <trkpt lat="22.557283" lon="113.961315">
        <ele>42.2</ele>
        <time>2023-05-16T00:31:45Z</time>
      </trkpt>
      <trkpt lat="22.557272" lon="113.961266">
        <ele>42.1</ele>
        <time>2023-05-16T00:31:46Z</time>
      </trkpt>
      <trkpt lat="22.557262" lon="113.961218">
        <ele>42.1</ele>
        <time>2023-05-16T00:31:47Z</time>
      </trkpt>
      <trkpt lat="22.557259" lon="113.961133">
        <ele>42</ele>
        <time>2023-05-16T00:31:48Z</time>
      </trkpt>
      <trkpt lat="22.557261" lon="113.961071">
        <ele>41.9</ele>
        <time>2023-05-16T00:31:49Z</time>
      </trkpt>
      <trkpt lat="22.557258" lon="113.961006">
        <ele>41.8</ele>
        <time>2023-05-16T00:31:50Z</time>
      </trkpt>
      <trkpt lat="22.557248" lon="113.96093">
        <ele>41.7</ele>
        <time>2023-05-16T00:31:51Z</time>
      </trkpt>
      <trkpt lat="22.557251" lon="113.960889">
        <ele>41.7</ele>
        <time>2023-05-16T00:31:52Z</time>
      </trkpt>
      <trkpt lat="22.557246" lon="113.960841">
        <ele>41.6</ele>
        <time>2023-05-16T00:31:53Z</time>
      </trkpt>
      <trkpt lat="22.557232" lon="113.960779">
        <ele>41.6</ele>
        <time>2023-05-16T00:31:54Z</time>
      </trkpt>
      <trkpt lat="22.557218" lon="113.96072">
        <ele>41.5</ele>
        <time>2023-05-16T00:31:55Z</time>
      </trkpt>
      <trkpt lat="22.557207" lon="113.960668">
        <ele>41.4</ele>
        <time>2023-05-16T00:31:56Z</time>
      </trkpt>
      <trkpt lat="22.557193" lon="113.960613">
        <ele>41.4</ele>
        <time>2023-05-16T00:31:57Z</time>
      </trkpt>
      <trkpt lat="22.557179" lon="113.960553">
        <ele>41.3</ele>
        <time>2023-05-16T00:31:58Z</time>
      </trkpt>
      <trkpt lat="22.557171" lon="113.960501">
        <ele>41.3</ele>
        <time>2023-05-16T00:31:59Z</time>
      </trkpt>
      <trkpt lat="22.557163" lon="113.96045">
        <ele>41.2</ele>
        <time>2023-05-16T00:32:00Z</time>
      </trkpt>
      <trkpt lat="22.557155" lon="113.960401">
        <ele>41.1</ele>
        <time>2023-05-16T00:32:01Z</time>
      </trkpt>
      <trkpt lat="22.557145" lon="113.960354">
        <ele>41.1</ele>
        <time>2023-05-16T00:32:02Z</time>
      </trkpt>
      <trkpt lat="22.557137" lon="113.960295">
        <ele>41</ele>
        <time>2023-05-16T00:32:03Z</time>
      </trkpt>
      <trkpt lat="22.557131" lon="113.960241">
        <ele>41</ele>
        <time>2023-05-16T00:32:04Z</time>
      </trkpt>
      <trkpt lat="22.55713" lon="113.960182">
        <ele>40.9</ele>
        <time>2023-05-16T00:32:05Z</time>
      </trkpt>
      <trkpt lat="22.557128" lon="113.960123">
        <ele>40.8</ele>
        <time>2023-05-16T00:32:06Z</time>
      </trkpt>
      <trkpt lat="22.55713" lon="113.960065">
        <ele>40.8</ele>
        <time>2023-05-16T00:32:07Z</time>
      </trkpt>
      <trkpt lat="22.557147" lon="113.96001">
        <ele>40.7</ele>
        <time>2023-05-16T00:32:08Z</time>
      </trkpt>
      <trkpt lat="22.557159" lon="113.959955">
        <ele>40.6</ele>
        <time>2023-05-16T00:32:09Z</time>
      </trkpt>
      <trkpt lat="22.557157" lon="113.959901">
        <ele>40.6</ele>
        <time>2023-05-16T00:32:10Z</time>
      </trkpt>
      <trkpt lat="22.557155" lon="113.959858">
        <ele>40.5</ele>
        <time>2023-05-16T00:32:11Z</time>
      </trkpt>
      <trkpt lat="22.557151" lon="113.959804">
        <ele>40.5</ele>
        <time>2023-05-16T00:32:12Z</time>
      </trkpt>
      <trkpt lat="22.557148" lon="113.959775">
        <ele>40.4</ele>
        <time>2023-05-16T00:32:13Z</time>
      </trkpt>
      <trkpt lat="22.557141" lon="113.959716">
        <ele>40.4</ele>
        <time>2023-05-16T00:32:14Z</time>
      </trkpt>
      <trkpt lat="22.557133" lon="113.959661">
        <ele>40.3</ele>
        <time>2023-05-16T00:32:15Z</time>
      </trkpt>
      <trkpt lat="22.557125" lon="113.959619">
        <ele>40.2</ele>
        <time>2023-05-16T00:32:16Z</time>
      </trkpt>
      <trkpt lat="22.557104" lon="113.959588">
        <ele>40.2</ele>
        <time>2023-05-16T00:32:17Z</time>
      </trkpt>
      <trkpt lat="22.557081" lon="113.95955">
        <ele>40.2</ele>
        <time>2023-05-16T00:32:18Z</time>
      </trkpt>
      <trkpt lat="22.557067" lon="113.95951">
        <ele>40.1</ele>
        <time>2023-05-16T00:32:19Z</time>
      </trkpt>
      <trkpt lat="22.557061" lon="113.959464">
        <ele>40</ele>
        <time>2023-05-16T00:32:20Z</time>
      </trkpt>
      <trkpt lat="22.557056" lon="113.95942">
        <ele>40</ele>
        <time>2023-05-16T00:32:21Z</time>
      </trkpt>
      <trkpt lat="22.557057" lon="113.959378">
        <ele>40</ele>
        <time>2023-05-16T00:32:22Z</time>
      </trkpt>
      <trkpt lat="22.557058" lon="113.959324">
        <ele>39.9</ele>
        <time>2023-05-16T00:32:23Z</time>
      </trkpt>
      <trkpt lat="22.55706" lon="113.959274">
        <ele>39.8</ele>
        <time>2023-05-16T00:32:24Z</time>
      </trkpt>
      <trkpt lat="22.557064" lon="113.959234">
        <ele>39.8</ele>
        <time>2023-05-16T00:32:25Z</time>
      </trkpt>
      <trkpt lat="22.557066" lon="113.959189">
        <ele>39.7</ele>
        <time>2023-05-16T00:32:26Z</time>
      </trkpt>
      <trkpt lat="22.557066" lon="113.959142">
        <ele>39.7</ele>
        <time>2023-05-16T00:32:27Z</time>
      </trkpt>
      <trkpt lat="22.557066" lon="113.959095">
        <ele>39.6</ele>
        <time>2023-05-16T00:32:28Z</time>
      </trkpt>
      <trkpt lat="22.557065" lon="113.959049">
        <ele>39.6</ele>
        <time>2023-05-16T00:32:29Z</time>
      </trkpt>
      <trkpt lat="22.557061" lon="113.958998">
        <ele>39.5</ele>
        <time>2023-05-16T00:32:30Z</time>
      </trkpt>
      <trkpt lat="22.557057" lon="113.958947">
        <ele>39.5</ele>
        <time>2023-05-16T00:32:31Z</time>
      </trkpt>
      <trkpt lat="22.557053" lon="113.958899">
        <ele>39.4</ele>
        <time>2023-05-16T00:32:32Z</time>
      </trkpt>
      <trkpt lat="22.557047" lon="113.958865">
        <ele>39.4</ele>
        <time>2023-05-16T00:32:33Z</time>
      </trkpt>
      <trkpt lat="22.557046" lon="113.958836">
        <ele>39.3</ele>
        <time>2023-05-16T00:32:34Z</time>
      </trkpt>
      <trkpt lat="22.557041" lon="113.958791">
        <ele>39.3</ele>
        <time>2023-05-16T00:32:35Z</time>
      </trkpt>
      <trkpt lat="22.557032" lon="113.958745">
        <ele>39.2</ele>
        <time>2023-05-16T00:32:36Z</time>
      </trkpt>
      <trkpt lat="22.557024" lon="113.958695">
        <ele>39.2</ele>
        <time>2023-05-16T00:32:37Z</time>
      </trkpt>
      <trkpt lat="22.557019" lon="113.958646">
        <ele>39.1</ele>
        <time>2023-05-16T00:32:38Z</time>
      </trkpt>
      <trkpt lat="22.55702" lon="113.958601">
        <ele>39.1</ele>
        <time>2023-05-16T00:32:39Z</time>
      </trkpt>
      <trkpt lat="22.557012" lon="113.95855">
        <ele>39</ele>
        <time>2023-05-16T00:32:40Z</time>
      </trkpt>
      <trkpt lat="22.557006" lon="113.958499">
        <ele>39</ele>
        <time>2023-05-16T00:32:41Z</time>
      </trkpt>
      <trkpt lat="22.55701" lon="113.958447">
        <ele>38.9</ele>
        <time>2023-05-16T00:32:42Z</time>
      </trkpt>
      <trkpt lat="22.55701" lon="113.958392">
        <ele>38.8</ele>
        <time>2023-05-16T00:32:43Z</time>
      </trkpt>
      <trkpt lat="22.556995" lon="113.958331">
        <ele>38.8</ele>
        <time>2023-05-16T00:32:44Z</time>
      </trkpt>
      <trkpt lat="22.556987" lon="113.958273">
        <ele>38.7</ele>
        <time>2023-05-16T00:32:45Z</time>
      </trkpt>
      <trkpt lat="22.55698" lon="113.958218">
        <ele>38.7</ele>
        <time>2023-05-16T00:32:46Z</time>
      </trkpt>
      <trkpt lat="22.556973" lon="113.958166">
        <ele>38.7</ele>
        <time>2023-05-16T00:32:47Z</time>
      </trkpt>
      <trkpt lat="22.556964" lon="113.95812">
        <ele>38.7</ele>
        <time>2023-05-16T00:32:48Z</time>
      </trkpt>
      <trkpt lat="22.556955" lon="113.958074">
        <ele>38.7</ele>
        <time>2023-05-16T00:32:49Z</time>
      </trkpt>
      <trkpt lat="22.556941" lon="113.95803">
        <ele>38.7</ele>
        <time>2023-05-16T00:32:50Z</time>
      </trkpt>
      <trkpt lat="22.556923" lon="113.957995">
        <ele>38.7</ele>
        <time>2023-05-16T00:32:51Z</time>
      </trkpt>
      <trkpt lat="22.55691" lon="113.957963">
        <ele>38.7</ele>
        <time>2023-05-16T00:32:52Z</time>
      </trkpt>
      <trkpt lat="22.556901" lon="113.957931">
        <ele>38.8</ele>
        <time>2023-05-16T00:32:53Z</time>
      </trkpt>
      <trkpt lat="22.556904" lon="113.957892">
        <ele>38.8</ele>
        <time>2023-05-16T00:32:54Z</time>
      </trkpt>
      <trkpt lat="22.556904" lon="113.957846">
        <ele>38.8</ele>
        <time>2023-05-16T00:32:55Z</time>
      </trkpt>
      <trkpt lat="22.556903" lon="113.957796">
        <ele>38.8</ele>
        <time>2023-05-16T00:32:56Z</time>
      </trkpt>
      <trkpt lat="22.556898" lon="113.957743">
        <ele>38.8</ele>
        <time>2023-05-16T00:32:57Z</time>
      </trkpt>
      <trkpt lat="22.5569" lon="113.957716">
        <ele>38.8</ele>
        <time>2023-05-16T00:32:58Z</time>
      </trkpt>
      <trkpt lat="22.556899" lon="113.957689">
        <ele>38.8</ele>
        <time>2023-05-16T00:32:59Z</time>
      </trkpt>
      <trkpt lat="22.556888" lon="113.957657">
        <ele>38.9</ele>
        <time>2023-05-16T00:33:00Z</time>
      </trkpt>
      <trkpt lat="22.55688" lon="113.95762">
        <ele>38.9</ele>
        <time>2023-05-16T00:33:01Z</time>
      </trkpt>
      <trkpt lat="22.556862" lon="113.957589">
        <ele>38.9</ele>
        <time>2023-05-16T00:33:02Z</time>
      </trkpt>
      <trkpt lat="22.556855" lon="113.957561">
        <ele>38.9</ele>
        <time>2023-05-16T00:33:03Z</time>
      </trkpt>
      <trkpt lat="22.556857" lon="113.957537">
        <ele>38.9</ele>
        <time>2023-05-16T00:33:04Z</time>
      </trkpt>
      <trkpt lat="22.556859" lon="113.957512">
        <ele>38.9</ele>
        <time>2023-05-16T00:33:05Z</time>
      </trkpt>
      <trkpt lat="22.556864" lon="113.957471">
        <ele>38.9</ele>
        <time>2023-05-16T00:33:06Z</time>
      </trkpt>
      <trkpt lat="22.556865" lon="113.957425">
        <ele>38.9</ele>
        <time>2023-05-16T00:33:07Z</time>
      </trkpt>
      <trkpt lat="22.556866" lon="113.957381">
        <ele>39</ele>
        <time>2023-05-16T00:33:08Z</time>
      </trkpt>
      <trkpt lat="22.556868" lon="113.957342">
        <ele>39</ele>
        <time>2023-05-16T00:33:09Z</time>
      </trkpt>
      <trkpt lat="22.556869" lon="113.957288">
        <ele>39</ele>
        <time>2023-05-16T00:33:10Z</time>
      </trkpt>
      <trkpt lat="22.556869" lon="113.957234">
        <ele>39</ele>
        <time>2023-05-16T00:33:11Z</time>
      </trkpt>
      <trkpt lat="22.556865" lon="113.95718">
        <ele>39</ele>
        <time>2023-05-16T00:33:12Z</time>
      </trkpt>
      <trkpt lat="22.556862" lon="113.957122">
        <ele>39</ele>
        <time>2023-05-16T00:33:13Z</time>
      </trkpt>
      <trkpt lat="22.556858" lon="113.957065">
        <ele>39.1</ele>
        <time>2023-05-16T00:33:14Z</time>
      </trkpt>
      <trkpt lat="22.556849" lon="113.957006">
        <ele>39.1</ele>
        <time>2023-05-16T00:33:15Z</time>
      </trkpt>
      <trkpt lat="22.55684" lon="113.956948">
        <ele>39.1</ele>
        <time>2023-05-16T00:33:16Z</time>
      </trkpt>
      <trkpt lat="22.556831" lon="113.956892">
        <ele>39.1</ele>
        <time>2023-05-16T00:33:17Z</time>
      </trkpt>
      <trkpt lat="22.556823" lon="113.956848">
        <ele>39.1</ele>
        <time>2023-05-16T00:33:18Z</time>
      </trkpt>
      <trkpt lat="22.556824" lon="113.956807">
        <ele>39.2</ele>
        <time>2023-05-16T00:33:19Z</time>
      </trkpt>
      <trkpt lat="22.556814" lon="113.956756">
        <ele>39.2</ele>
        <time>2023-05-16T00:33:20Z</time>
      </trkpt>
      <trkpt lat="22.556801" lon="113.956714">
        <ele>39.2</ele>
        <time>2023-05-16T00:33:21Z</time>
      </trkpt>
      <trkpt lat="22.55679" lon="113.956667">
        <ele>39.2</ele>
        <time>2023-05-16T00:33:22Z</time>
      </trkpt>
      <trkpt lat="22.556787" lon="113.956603">
        <ele>39.2</ele>
        <time>2023-05-16T00:33:23Z</time>
      </trkpt>
      <trkpt lat="22.556791" lon="113.956557">
        <ele>39.3</ele>
        <time>2023-05-16T00:33:24Z</time>
      </trkpt>
      <trkpt lat="22.556789" lon="113.956511">
        <ele>39.3</ele>
        <time>2023-05-16T00:33:25Z</time>
      </trkpt>
      <trkpt lat="22.556787" lon="113.956465">
        <ele>39.3</ele>
        <time>2023-05-16T00:33:26Z</time>
      </trkpt>
      <trkpt lat="22.556787" lon="113.956422">
        <ele>39.3</ele>
        <time>2023-05-16T00:33:27Z</time>
      </trkpt>
      <trkpt lat="22.556783" lon="113.956383">
        <ele>39.3</ele>
        <time>2023-05-16T00:33:28Z</time>
      </trkpt>
      <trkpt lat="22.556779" lon="113.956341">
        <ele>39.3</ele>
        <time>2023-05-16T00:33:29Z</time>
      </trkpt>
      <trkpt lat="22.556776" lon="113.956298">
        <ele>39.3</ele>
        <time>2023-05-16T00:33:30Z</time>
      </trkpt>
      <trkpt lat="22.556773" lon="113.956252">
        <ele>39.3</ele>
        <time>2023-05-16T00:33:31Z</time>
      </trkpt>
      <trkpt lat="22.556769" lon="113.956208">
        <ele>39.3</ele>
        <time>2023-05-16T00:33:32Z</time>
      </trkpt>
      <trkpt lat="22.55677" lon="113.956166">
        <ele>39.3</ele>
        <time>2023-05-16T00:33:33Z</time>
      </trkpt>
      <trkpt lat="22.556771" lon="113.956122">
        <ele>39.3</ele>
        <time>2023-05-16T00:33:34Z</time>
      </trkpt>
      <trkpt lat="22.556772" lon="113.956065">
        <ele>39.3</ele>
        <time>2023-05-16T00:33:35Z</time>
      </trkpt>
      <trkpt lat="22.556771" lon="113.956005">
        <ele>39.3</ele>
        <time>2023-05-16T00:33:36Z</time>
      </trkpt>
      <trkpt lat="22.55677" lon="113.955947">
        <ele>39.3</ele>
        <time>2023-05-16T00:33:37Z</time>
      </trkpt>
      <trkpt lat="22.556766" lon="113.9559">
        <ele>39.3</ele>
        <time>2023-05-16T00:33:38Z</time>
      </trkpt>
      <trkpt lat="22.556764" lon="113.955847">
        <ele>39.3</ele>
        <time>2023-05-16T00:33:39Z</time>
      </trkpt>
      <trkpt lat="22.556762" lon="113.955792">
        <ele>39.3</ele>
        <time>2023-05-16T00:33:40Z</time>
      </trkpt>
      <trkpt lat="22.556759" lon="113.955737">
        <ele>39.3</ele>
        <time>2023-05-16T00:33:41Z</time>
      </trkpt>
      <trkpt lat="22.556756" lon="113.955684">
        <ele>39.3</ele>
        <time>2023-05-16T00:33:42Z</time>
      </trkpt>
      <trkpt lat="22.556753" lon="113.955634">
        <ele>39.3</ele>
        <time>2023-05-16T00:33:43Z</time>
      </trkpt>
      <trkpt lat="22.556749" lon="113.955581">
        <ele>39.3</ele>
        <time>2023-05-16T00:33:44Z</time>
      </trkpt>
      <trkpt lat="22.556749" lon="113.955531">
        <ele>39.3</ele>
        <time>2023-05-16T00:33:45Z</time>
      </trkpt>
      <trkpt lat="22.556748" lon="113.955482">
        <ele>39.3</ele>
        <time>2023-05-16T00:33:46Z</time>
      </trkpt>
      <trkpt lat="22.556742" lon="113.955435">
        <ele>39.2</ele>
        <time>2023-05-16T00:33:47Z</time>
      </trkpt>
      <trkpt lat="22.556737" lon="113.95539">
        <ele>39.2</ele>
        <time>2023-05-16T00:33:48Z</time>
      </trkpt>
      <trkpt lat="22.556731" lon="113.955342">
        <ele>39.2</ele>
        <time>2023-05-16T00:33:49Z</time>
      </trkpt>
      <trkpt lat="22.556728" lon="113.955288">
        <ele>39.2</ele>
        <time>2023-05-16T00:33:50Z</time>
      </trkpt>
      <trkpt lat="22.556738" lon="113.955228">
        <ele>39.2</ele>
        <time>2023-05-16T00:33:51Z</time>
      </trkpt>
      <trkpt lat="22.556741" lon="113.955173">
        <ele>39.2</ele>
        <time>2023-05-16T00:33:52Z</time>
      </trkpt>
      <trkpt lat="22.556749" lon="113.95511">
        <ele>39.2</ele>
        <time>2023-05-16T00:33:53Z</time>
      </trkpt>
      <trkpt lat="22.556763" lon="113.955055">
        <ele>39.2</ele>
        <time>2023-05-16T00:33:54Z</time>
      </trkpt>
      <trkpt lat="22.556781" lon="113.955014">
        <ele>39.2</ele>
        <time>2023-05-16T00:33:55Z</time>
      </trkpt>
      <trkpt lat="22.556799" lon="113.954964">
        <ele>39.2</ele>
        <time>2023-05-16T00:33:56Z</time>
      </trkpt>
      <trkpt lat="22.556835" lon="113.954924">
        <ele>39.2</ele>
        <time>2023-05-16T00:33:57Z</time>
      </trkpt>
      <trkpt lat="22.556871" lon="113.954887">
        <ele>39.2</ele>
        <time>2023-05-16T00:33:58Z</time>
      </trkpt>
      <trkpt lat="22.556909" lon="113.95485">
        <ele>39.2</ele>
        <time>2023-05-16T00:33:59Z</time>
      </trkpt>
      <trkpt lat="22.556949" lon="113.954811">
        <ele>39.2</ele>
        <time>2023-05-16T00:34:00Z</time>
      </trkpt>
      <trkpt lat="22.556985" lon="113.954775">
        <ele>39.2</ele>
        <time>2023-05-16T00:34:01Z</time>
      </trkpt>
      <trkpt lat="22.557022" lon="113.954742">
        <ele>39.2</ele>
        <time>2023-05-16T00:34:02Z</time>
      </trkpt>
      <trkpt lat="22.557053" lon="113.954697">
        <ele>39.2</ele>
        <time>2023-05-16T00:34:03Z</time>
      </trkpt>
      <trkpt lat="22.557087" lon="113.954656">
        <ele>39.2</ele>
        <time>2023-05-16T00:34:04Z</time>
      </trkpt>
      <trkpt lat="22.55712" lon="113.954615">
        <ele>39.2</ele>
        <time>2023-05-16T00:34:05Z</time>
      </trkpt>
      <trkpt lat="22.557152" lon="113.954582">
        <ele>39.1</ele>
        <time>2023-05-16T00:34:06Z</time>
      </trkpt>
      <trkpt lat="22.557185" lon="113.954538">
        <ele>39.1</ele>
        <time>2023-05-16T00:34:07Z</time>
      </trkpt>
      <trkpt lat="22.557218" lon="113.954506">
        <ele>39</ele>
        <time>2023-05-16T00:34:08Z</time>
      </trkpt>
      <trkpt lat="22.557246" lon="113.954467">
        <ele>38.8</ele>
        <time>2023-05-16T00:34:09Z</time>
      </trkpt>
      <trkpt lat="22.55727" lon="113.954423">
        <ele>38.7</ele>
        <time>2023-05-16T00:34:10Z</time>
      </trkpt>
      <trkpt lat="22.557288" lon="113.954382">
        <ele>38.6</ele>
        <time>2023-05-16T00:34:11Z</time>
      </trkpt>
      <trkpt lat="22.557299" lon="113.954336">
        <ele>38.5</ele>
        <time>2023-05-16T00:34:12Z</time>
      </trkpt>
      <trkpt lat="22.55731" lon="113.954293">
        <ele>38.3</ele>
        <time>2023-05-16T00:34:13Z</time>
      </trkpt>
      <trkpt lat="22.55732" lon="113.954254">
        <ele>38.2</ele>
        <time>2023-05-16T00:34:14Z</time>
      </trkpt>
      <trkpt lat="22.557323" lon="113.954208">
        <ele>38.1</ele>
        <time>2023-05-16T00:34:15Z</time>
      </trkpt>
      <trkpt lat="22.557324" lon="113.954161">
        <ele>38</ele>
        <time>2023-05-16T00:34:16Z</time>
      </trkpt>
      <trkpt lat="22.557326" lon="113.95411">
        <ele>37.9</ele>
        <time>2023-05-16T00:34:17Z</time>
      </trkpt>
      <trkpt lat="22.557332" lon="113.954073">
        <ele>37.8</ele>
        <time>2023-05-16T00:34:18Z</time>
      </trkpt>
      <trkpt lat="22.557335" lon="113.954044">
        <ele>37.7</ele>
        <time>2023-05-16T00:34:19Z</time>
      </trkpt>
      <trkpt lat="22.557336" lon="113.954025">
        <ele>37.6</ele>
        <time>2023-05-16T00:34:20Z</time>
      </trkpt>
      <trkpt lat="22.557336" lon="113.954025">
        <ele>37.6</ele>
        <time>2023-05-16T00:34:21Z</time>
      </trkpt>
      <trkpt lat="22.557342" lon="113.954024">
        <ele>37.6</ele>
        <time>2023-05-16T00:34:22Z</time>
      </trkpt>
      <trkpt lat="22.55734" lon="113.954018">
        <ele>37.6</ele>
        <time>2023-05-16T00:34:23Z</time>
      </trkpt>
      <trkpt lat="22.557339" lon="113.954018">
        <ele>37.6</ele>
        <time>2023-05-16T00:34:24Z</time>
      </trkpt>
      <trkpt lat="22.557341" lon="113.954019">
        <ele>37.6</ele>
        <time>2023-05-16T00:34:25Z</time>
      </trkpt>
      <trkpt lat="22.557354" lon="113.954022">
        <ele>37.6</ele>
        <time>2023-05-16T00:34:26Z</time>
      </trkpt>
      <trkpt lat="22.557356" lon="113.954008">
        <ele>37.5</ele>
        <time>2023-05-16T00:34:27Z</time>
      </trkpt>
      <trkpt lat="22.557354" lon="113.954001">
        <ele>37.5</ele>
        <time>2023-05-16T00:34:28Z</time>
      </trkpt>
      <trkpt lat="22.557349" lon="113.953993">
        <ele>37.5</ele>
        <time>2023-05-16T00:34:29Z</time>
      </trkpt>
      <trkpt lat="22.557328" lon="113.953987">
        <ele>37.4</ele>
        <time>2023-05-16T00:34:30Z</time>
      </trkpt>
      <trkpt lat="22.557291" lon="113.953984">
        <ele>37.3</ele>
        <time>2023-05-16T00:34:31Z</time>
      </trkpt>
      <trkpt lat="22.557276" lon="113.953969">
        <ele>37.3</ele>
        <time>2023-05-16T00:34:32Z</time>
      </trkpt>
      <trkpt lat="22.557291" lon="113.953953">
        <ele>37.2</ele>
        <time>2023-05-16T00:34:33Z</time>
      </trkpt>
      <trkpt lat="22.557315" lon="113.953941">
        <ele>37.1</ele>
        <time>2023-05-16T00:34:34Z</time>
      </trkpt>
      <trkpt lat="22.557327" lon="113.953941">
        <ele>37.1</ele>
        <time>2023-05-16T00:34:35Z</time>
      </trkpt>
      <trkpt lat="22.557351" lon="113.95394">
        <ele>37</ele>
        <time>2023-05-16T00:34:36Z</time>
      </trkpt>
      <trkpt lat="22.557358" lon="113.953934">
        <ele>37</ele>
        <time>2023-05-16T00:34:37Z</time>
      </trkpt>
      <trkpt lat="22.557352" lon="113.953935">
        <ele>37</ele>
        <time>2023-05-16T00:34:38Z</time>
      </trkpt>
      <trkpt lat="22.557353" lon="113.953946">
        <ele>36.9</ele>
        <time>2023-05-16T00:34:39Z</time>
      </trkpt>
      <trkpt lat="22.557355" lon="113.953964">
        <ele>36.9</ele>
        <time>2023-05-16T00:34:40Z</time>
      </trkpt>
      <trkpt lat="22.557361" lon="113.953966">
        <ele>36.9</ele>
        <time>2023-05-16T00:34:41Z</time>
      </trkpt>
      <trkpt lat="22.55737" lon="113.953974">
        <ele>36.8</ele>
        <time>2023-05-16T00:34:42Z</time>
      </trkpt>
      <trkpt lat="22.557379" lon="113.953983">
        <ele>36.8</ele>
        <time>2023-05-16T00:34:43Z</time>
      </trkpt>
      <trkpt lat="22.557388" lon="113.953995">
        <ele>36.8</ele>
        <time>2023-05-16T00:34:44Z</time>
      </trkpt>
      <trkpt lat="22.557394" lon="113.953995">
        <ele>36.8</ele>
        <time>2023-05-16T00:34:45Z</time>
      </trkpt>
      <trkpt lat="22.557402" lon="113.953995">
        <ele>36.7</ele>
        <time>2023-05-16T00:34:46Z</time>
      </trkpt>
      <trkpt lat="22.557411" lon="113.953995">
        <ele>36.7</ele>
        <time>2023-05-16T00:34:47Z</time>
      </trkpt>
      <trkpt lat="22.557418" lon="113.953993">
        <ele>36.7</ele>
        <time>2023-05-16T00:34:48Z</time>
      </trkpt>
      <trkpt lat="22.557422" lon="113.953987">
        <ele>36.7</ele>
        <time>2023-05-16T00:34:49Z</time>
      </trkpt>
      <trkpt lat="22.557432" lon="113.953989">
        <ele>36.6</ele>
        <time>2023-05-16T00:34:50Z</time>
      </trkpt>
      <trkpt lat="22.557447" lon="113.953995">
        <ele>36.6</ele>
        <time>2023-05-16T00:34:51Z</time>
      </trkpt>
      <trkpt lat="22.557459" lon="113.953995">
        <ele>36.6</ele>
        <time>2023-05-16T00:34:52Z</time>
      </trkpt>
      <trkpt lat="22.557463" lon="113.953993">
        <ele>36.5</ele>
        <time>2023-05-16T00:34:56Z</time>
      </trkpt>
      <trkpt lat="22.55748" lon="113.953986">
        <ele>36.5</ele>
        <time>2023-05-16T00:34:57Z</time>
      </trkpt>
      <trkpt lat="22.557474" lon="113.953977">
        <ele>36.5</ele>
        <time>2023-05-16T00:34:58Z</time>
      </trkpt>
      <trkpt lat="22.557455" lon="113.953959">
        <ele>36.4</ele>
        <time>2023-05-16T00:34:59Z</time>
      </trkpt>
      <trkpt lat="22.557442" lon="113.95393">
        <ele>36.3</ele>
        <time>2023-05-16T00:35:00Z</time>
      </trkpt>
      <trkpt lat="22.557417" lon="113.9539">
        <ele>36.2</ele>
        <time>2023-05-16T00:35:01Z</time>
      </trkpt>
      <trkpt lat="22.557361" lon="113.953837">
        <ele>36</ele>
        <time>2023-05-16T00:35:02Z</time>
      </trkpt>
      <trkpt lat="22.557284" lon="113.953783">
        <ele>35.7</ele>
        <time>2023-05-16T00:35:03Z</time>
      </trkpt>
      <trkpt lat="22.557218" lon="113.953785">
        <ele>35.5</ele>
        <time>2023-05-16T00:35:04Z</time>
      </trkpt>
      <trkpt lat="22.55718" lon="113.95377">
        <ele>35.4</ele>
        <time>2023-05-16T00:35:05Z</time>
      </trkpt>
      <trkpt lat="22.557136" lon="113.953787">
        <ele>35.3</ele>
        <time>2023-05-16T00:35:06Z</time>
      </trkpt>
      <trkpt lat="22.557081" lon="113.953783">
        <ele>35.1</ele>
        <time>2023-05-16T00:35:07Z</time>
      </trkpt>
      <trkpt lat="22.557016" lon="113.95379">
        <ele>34.9</ele>
        <time>2023-05-16T00:35:08Z</time>
      </trkpt>
      <trkpt lat="22.55696" lon="113.953799">
        <ele>34.8</ele>
        <time>2023-05-16T00:35:09Z</time>
      </trkpt>
      <trkpt lat="22.556889" lon="113.953813">
        <ele>34.6</ele>
        <time>2023-05-16T00:35:10Z</time>
      </trkpt>
      <trkpt lat="22.556849" lon="113.953823">
        <ele>34.5</ele>
        <time>2023-05-16T00:35:11Z</time>
      </trkpt>
      <trkpt lat="22.556805" lon="113.953841">
        <ele>34.3</ele>
        <time>2023-05-16T00:35:12Z</time>
      </trkpt>
      <trkpt lat="22.556751" lon="113.953832">
        <ele>34.2</ele>
        <time>2023-05-16T00:35:13Z</time>
      </trkpt>
      <trkpt lat="22.556668" lon="113.95382">
        <ele>34</ele>
        <time>2023-05-16T00:35:14Z</time>
      </trkpt>
      <trkpt lat="22.556642" lon="113.953828">
        <ele>34</ele>
        <time>2023-05-16T00:35:15Z</time>
      </trkpt>
      <trkpt lat="22.556594" lon="113.953837">
        <ele>34</ele>
        <time>2023-05-16T00:35:16Z</time>
      </trkpt>
      <trkpt lat="22.556542" lon="113.953852">
        <ele>34</ele>
        <time>2023-05-16T00:35:17Z</time>
      </trkpt>
      <trkpt lat="22.556495" lon="113.953868">
        <ele>34</ele>
        <time>2023-05-16T00:35:18Z</time>
      </trkpt>
      <trkpt lat="22.556466" lon="113.953884">
        <ele>34</ele>
        <time>2023-05-16T00:35:19Z</time>
      </trkpt>
      <trkpt lat="22.556417" lon="113.953909">
        <ele>34</ele>
        <time>2023-05-16T00:35:20Z</time>
      </trkpt>
      <trkpt lat="22.556357" lon="113.953944">
        <ele>34</ele>
        <time>2023-05-16T00:35:21Z</time>
      </trkpt>
      <trkpt lat="22.556287" lon="113.95398">
        <ele>34</ele>
        <time>2023-05-16T00:35:22Z</time>
      </trkpt>
      <trkpt lat="22.556171" lon="113.954023">
        <ele>34</ele>
        <time>2023-05-16T00:35:23Z</time>
      </trkpt>
      <trkpt lat="22.556073" lon="113.954051">
        <ele>33.9</ele>
        <time>2023-05-16T00:35:24Z</time>
      </trkpt>
      <trkpt lat="22.555964" lon="113.954063">
        <ele>33.9</ele>
        <time>2023-05-16T00:35:25Z</time>
      </trkpt>
      <trkpt lat="22.555883" lon="113.95404">
        <ele>33.9</ele>
        <time>2023-05-16T00:35:26Z</time>
      </trkpt>
      <trkpt lat="22.555846" lon="113.953912">
        <ele>33.9</ele>
        <time>2023-05-16T00:35:27Z</time>
      </trkpt>
      <trkpt lat="22.555922" lon="113.953842">
        <ele>33.9</ele>
        <time>2023-05-16T00:35:28Z</time>
      </trkpt>
      <trkpt lat="22.555871" lon="113.953842">
        <ele>33.9</ele>
        <time>2023-05-16T00:35:29Z</time>
      </trkpt>
      <trkpt lat="22.555824" lon="113.953843">
        <ele>33.9</ele>
        <time>2023-05-16T00:35:30Z</time>
      </trkpt>
      <trkpt lat="22.555774" lon="113.953852">
        <ele>33.9</ele>
        <time>2023-05-16T00:35:31Z</time>
      </trkpt>
      <trkpt lat="22.555718" lon="113.953867">
        <ele>33.8</ele>
        <time>2023-05-16T00:35:32Z</time>
      </trkpt>
      <trkpt lat="22.555661" lon="113.95388">
        <ele>33.8</ele>
        <time>2023-05-16T00:35:33Z</time>
      </trkpt>
      <trkpt lat="22.55561" lon="113.953878">
        <ele>33.8</ele>
        <time>2023-05-16T00:35:34Z</time>
      </trkpt>
      <trkpt lat="22.555563" lon="113.953868">
        <ele>33.8</ele>
        <time>2023-05-16T00:35:35Z</time>
      </trkpt>
      <trkpt lat="22.555506" lon="113.953882">
        <ele>33.8</ele>
        <time>2023-05-16T00:35:36Z</time>
      </trkpt>
      <trkpt lat="22.555424" lon="113.953892">
        <ele>33.8</ele>
        <time>2023-05-16T00:35:37Z</time>
      </trkpt>
      <trkpt lat="22.555349" lon="113.953915">
        <ele>33.8</ele>
        <time>2023-05-16T00:35:38Z</time>
      </trkpt>
      <trkpt lat="22.555289" lon="113.953936">
        <ele>33.8</ele>
        <time>2023-05-16T00:35:39Z</time>
      </trkpt>
      <trkpt lat="22.555226" lon="113.953951">
        <ele>33.8</ele>
        <time>2023-05-16T00:35:40Z</time>
      </trkpt>
      <trkpt lat="22.555134" lon="113.953967">
        <ele>33.8</ele>
        <time>2023-05-16T00:35:41Z</time>
      </trkpt>
      <trkpt lat="22.555033" lon="113.953985">
        <ele>33.8</ele>
        <time>2023-05-16T00:35:42Z</time>
      </trkpt>
      <trkpt lat="22.554965" lon="113.954015">
        <ele>33.8</ele>
        <time>2023-05-16T00:35:43Z</time>
      </trkpt>
      <trkpt lat="22.55492" lon="113.954048">
        <ele>33.8</ele>
        <time>2023-05-16T00:35:44Z</time>
      </trkpt>
      <trkpt lat="22.554886" lon="113.954087">
        <ele>33.8</ele>
        <time>2023-05-16T00:35:45Z</time>
      </trkpt>
      <trkpt lat="22.554842" lon="113.954132">
        <ele>33.7</ele>
        <time>2023-05-16T00:35:46Z</time>
      </trkpt>
      <trkpt lat="22.554801" lon="113.954169">
        <ele>33.7</ele>
        <time>2023-05-16T00:35:47Z</time>
      </trkpt>
      <trkpt lat="22.55476" lon="113.954199">
        <ele>33.7</ele>
        <time>2023-05-16T00:35:48Z</time>
      </trkpt>
      <trkpt lat="22.554721" lon="113.954227">
        <ele>33.7</ele>
        <time>2023-05-16T00:35:49Z</time>
      </trkpt>
      <trkpt lat="22.554687" lon="113.954243">
        <ele>33.7</ele>
        <time>2023-05-16T00:35:50Z</time>
      </trkpt>
      <trkpt lat="22.554652" lon="113.954255">
        <ele>33.7</ele>
        <time>2023-05-16T00:35:51Z</time>
      </trkpt>
      <trkpt lat="22.554627" lon="113.954228">
        <ele>33.7</ele>
        <time>2023-05-16T00:35:52Z</time>
      </trkpt>
      <trkpt lat="22.554584" lon="113.954249">
        <ele>33.7</ele>
        <time>2023-05-16T00:35:53Z</time>
      </trkpt>
      <trkpt lat="22.554535" lon="113.954263">
        <ele>33.7</ele>
        <time>2023-05-16T00:35:54Z</time>
      </trkpt>
      <trkpt lat="22.554495" lon="113.954271">
        <ele>33.7</ele>
        <time>2023-05-16T00:35:55Z</time>
      </trkpt>
      <trkpt lat="22.554456" lon="113.95428">
        <ele>33.7</ele>
        <time>2023-05-16T00:35:56Z</time>
      </trkpt>
      <trkpt lat="22.554402" lon="113.954299">
        <ele>33.7</ele>
        <time>2023-05-16T00:35:57Z</time>
      </trkpt>
      <trkpt lat="22.554352" lon="113.954327">
        <ele>33.7</ele>
        <time>2023-05-16T00:35:58Z</time>
      </trkpt>
      <trkpt lat="22.554294" lon="113.954351">
        <ele>33.7</ele>
        <time>2023-05-16T00:35:59Z</time>
      </trkpt>
      <trkpt lat="22.554245" lon="113.954375">
        <ele>33.7</ele>
        <time>2023-05-16T00:36:00Z</time>
      </trkpt>
      <trkpt lat="22.554198" lon="113.954403">
        <ele>33.7</ele>
        <time>2023-05-16T00:36:01Z</time>
      </trkpt>
      <trkpt lat="22.554154" lon="113.954428">
        <ele>33.7</ele>
        <time>2023-05-16T00:36:02Z</time>
      </trkpt>
      <trkpt lat="22.55411" lon="113.954459">
        <ele>33.7</ele>
        <time>2023-05-16T00:36:03Z</time>
      </trkpt>
      <trkpt lat="22.554071" lon="113.954497">
        <ele>33.7</ele>
        <time>2023-05-16T00:36:04Z</time>
      </trkpt>
      <trkpt lat="22.554029" lon="113.954535">
        <ele>33.7</ele>
        <time>2023-05-16T00:36:05Z</time>
      </trkpt>
      <trkpt lat="22.55399" lon="113.954575">
        <ele>33.7</ele>
        <time>2023-05-16T00:36:06Z</time>
      </trkpt>
      <trkpt lat="22.553948" lon="113.954619">
        <ele>33.7</ele>
        <time>2023-05-16T00:36:07Z</time>
      </trkpt>
      <trkpt lat="22.553904" lon="113.954658">
        <ele>33.7</ele>
        <time>2023-05-16T00:36:08Z</time>
      </trkpt>
      <trkpt lat="22.553859" lon="113.954697">
        <ele>33.7</ele>
        <time>2023-05-16T00:36:09Z</time>
      </trkpt>
      <trkpt lat="22.553819" lon="113.954733">
        <ele>33.7</ele>
        <time>2023-05-16T00:36:10Z</time>
      </trkpt>
      <trkpt lat="22.553777" lon="113.954772">
        <ele>33.7</ele>
        <time>2023-05-16T00:36:11Z</time>
      </trkpt>
      <trkpt lat="22.553736" lon="113.95481">
        <ele>33.7</ele>
        <time>2023-05-16T00:36:12Z</time>
      </trkpt>
      <trkpt lat="22.553697" lon="113.954849">
        <ele>33.7</ele>
        <time>2023-05-16T00:36:13Z</time>
      </trkpt>
      <trkpt lat="22.553658" lon="113.954894">
        <ele>33.7</ele>
        <time>2023-05-16T00:36:14Z</time>
      </trkpt>
      <trkpt lat="22.553619" lon="113.954935">
        <ele>33.7</ele>
        <time>2023-05-16T00:36:15Z</time>
      </trkpt>
      <trkpt lat="22.553582" lon="113.954979">
        <ele>33.7</ele>
        <time>2023-05-16T00:36:16Z</time>
      </trkpt>
      <trkpt lat="22.553546" lon="113.955023">
        <ele>33.7</ele>
        <time>2023-05-16T00:36:17Z</time>
      </trkpt>
      <trkpt lat="22.553507" lon="113.955062">
        <ele>33.7</ele>
        <time>2023-05-16T00:36:18Z</time>
      </trkpt>
      <trkpt lat="22.553462" lon="113.9551">
        <ele>33.7</ele>
        <time>2023-05-16T00:36:19Z</time>
      </trkpt>
      <trkpt lat="22.553417" lon="113.955138">
        <ele>33.7</ele>
        <time>2023-05-16T00:36:20Z</time>
      </trkpt>
      <trkpt lat="22.553372" lon="113.955176">
        <ele>33.7</ele>
        <time>2023-05-16T00:36:21Z</time>
      </trkpt>
      <trkpt lat="22.553329" lon="113.955215">
        <ele>33.7</ele>
        <time>2023-05-16T00:36:22Z</time>
      </trkpt>
      <trkpt lat="22.553286" lon="113.955253">
        <ele>33.7</ele>
        <time>2023-05-16T00:36:23Z</time>
      </trkpt>
      <trkpt lat="22.553242" lon="113.955292">
        <ele>33.7</ele>
        <time>2023-05-16T00:36:24Z</time>
      </trkpt>
      <trkpt lat="22.553195" lon="113.955337">
        <ele>33.7</ele>
        <time>2023-05-16T00:36:25Z</time>
      </trkpt>
      <trkpt lat="22.55315" lon="113.955376">
        <ele>33.7</ele>
        <time>2023-05-16T00:36:26Z</time>
      </trkpt>
      <trkpt lat="22.553108" lon="113.955413">
        <ele>33.7</ele>
        <time>2023-05-16T00:36:27Z</time>
      </trkpt>
      <trkpt lat="22.553064" lon="113.955453">
        <ele>33.7</ele>
        <time>2023-05-16T00:36:28Z</time>
      </trkpt>
      <trkpt lat="22.553024" lon="113.955498">
        <ele>33.7</ele>
        <time>2023-05-16T00:36:29Z</time>
      </trkpt>
      <trkpt lat="22.552981" lon="113.955535">
        <ele>33.7</ele>
        <time>2023-05-16T00:36:30Z</time>
      </trkpt>
      <trkpt lat="22.552936" lon="113.955573">
        <ele>33.7</ele>
        <time>2023-05-16T00:36:31Z</time>
      </trkpt>
      <trkpt lat="22.552891" lon="113.955609">
        <ele>33.7</ele>
        <time>2023-05-16T00:36:32Z</time>
      </trkpt>
      <trkpt lat="22.552844" lon="113.955641">
        <ele>33.7</ele>
        <time>2023-05-16T00:36:33Z</time>
      </trkpt>
      <trkpt lat="22.552797" lon="113.955671">
        <ele>33.7</ele>
        <time>2023-05-16T00:36:34Z</time>
      </trkpt>
      <trkpt lat="22.552749" lon="113.955701">
        <ele>33.7</ele>
        <time>2023-05-16T00:36:35Z</time>
      </trkpt>
      <trkpt lat="22.552702" lon="113.955732">
        <ele>33.7</ele>
        <time>2023-05-16T00:36:36Z</time>
      </trkpt>
      <trkpt lat="22.552655" lon="113.955763">
        <ele>33.7</ele>
        <time>2023-05-16T00:36:37Z</time>
      </trkpt>
      <trkpt lat="22.552608" lon="113.955793">
        <ele>33.7</ele>
        <time>2023-05-16T00:36:38Z</time>
      </trkpt>
      <trkpt lat="22.552562" lon="113.955823">
        <ele>33.7</ele>
        <time>2023-05-16T00:36:39Z</time>
      </trkpt>
      <trkpt lat="22.552515" lon="113.955854">
        <ele>33.7</ele>
        <time>2023-05-16T00:36:40Z</time>
      </trkpt>
      <trkpt lat="22.552467" lon="113.955883">
        <ele>33.7</ele>
        <time>2023-05-16T00:36:41Z</time>
      </trkpt>
      <trkpt lat="22.55242" lon="113.955907">
        <ele>33.7</ele>
        <time>2023-05-16T00:36:42Z</time>
      </trkpt>
      <trkpt lat="22.552371" lon="113.955936">
        <ele>33.7</ele>
        <time>2023-05-16T00:36:43Z</time>
      </trkpt>
      <trkpt lat="22.552324" lon="113.95596">
        <ele>33.7</ele>
        <time>2023-05-16T00:36:44Z</time>
      </trkpt>
      <trkpt lat="22.552274" lon="113.955991">
        <ele>33.7</ele>
        <time>2023-05-16T00:36:45Z</time>
      </trkpt>
      <trkpt lat="22.552225" lon="113.95602">
        <ele>33.7</ele>
        <time>2023-05-16T00:36:46Z</time>
      </trkpt>
      <trkpt lat="22.552177" lon="113.956043">
        <ele>33.7</ele>
        <time>2023-05-16T00:36:47Z</time>
      </trkpt>
      <trkpt lat="22.552125" lon="113.956067">
        <ele>33.7</ele>
        <time>2023-05-16T00:36:48Z</time>
      </trkpt>
      <trkpt lat="22.552075" lon="113.956089">
        <ele>33.7</ele>
        <time>2023-05-16T00:36:49Z</time>
      </trkpt>
      <trkpt lat="22.552024" lon="113.956113">
        <ele>33.7</ele>
        <time>2023-05-16T00:36:50Z</time>
      </trkpt>
      <trkpt lat="22.551974" lon="113.956137">
        <ele>33.7</ele>
        <time>2023-05-16T00:36:51Z</time>
      </trkpt>
      <trkpt lat="22.551925" lon="113.956164">
        <ele>33.7</ele>
        <time>2023-05-16T00:36:52Z</time>
      </trkpt>
      <trkpt lat="22.551873" lon="113.956181">
        <ele>33.6</ele>
        <time>2023-05-16T00:36:53Z</time>
      </trkpt>
      <trkpt lat="22.551822" lon="113.956204">
        <ele>33.6</ele>
        <time>2023-05-16T00:36:54Z</time>
      </trkpt>
      <trkpt lat="22.551772" lon="113.956226">
        <ele>33.6</ele>
        <time>2023-05-16T00:36:55Z</time>
      </trkpt>
      <trkpt lat="22.551721" lon="113.956242">
        <ele>33.6</ele>
        <time>2023-05-16T00:36:56Z</time>
      </trkpt>
      <trkpt lat="22.551671" lon="113.956264">
        <ele>33.6</ele>
        <time>2023-05-16T00:36:57Z</time>
      </trkpt>
      <trkpt lat="22.551621" lon="113.956281">
        <ele>33.6</ele>
        <time>2023-05-16T00:36:58Z</time>
      </trkpt>
      <trkpt lat="22.551573" lon="113.956303">
        <ele>33.6</ele>
        <time>2023-05-16T00:36:59Z</time>
      </trkpt>
      <trkpt lat="22.551524" lon="113.956324">
        <ele>33.6</ele>
        <time>2023-05-16T00:37:00Z</time>
      </trkpt>
      <trkpt lat="22.551473" lon="113.956341">
        <ele>33.6</ele>
        <time>2023-05-16T00:37:01Z</time>
      </trkpt>
      <trkpt lat="22.551421" lon="113.956361">
        <ele>33.6</ele>
        <time>2023-05-16T00:37:02Z</time>
      </trkpt>
      <trkpt lat="22.55137" lon="113.95637">
        <ele>33.6</ele>
        <time>2023-05-16T00:37:03Z</time>
      </trkpt>
      <trkpt lat="22.551318" lon="113.956384">
        <ele>33.6</ele>
        <time>2023-05-16T00:37:04Z</time>
      </trkpt>
      <trkpt lat="22.551266" lon="113.956393">
        <ele>33.6</ele>
        <time>2023-05-16T00:37:05Z</time>
      </trkpt>
      <trkpt lat="22.551214" lon="113.956408">
        <ele>33.6</ele>
        <time>2023-05-16T00:37:06Z</time>
      </trkpt>
      <trkpt lat="22.551163" lon="113.956423">
        <ele>33.6</ele>
        <time>2023-05-16T00:37:07Z</time>
      </trkpt>
      <trkpt lat="22.55111" lon="113.956437">
        <ele>33.6</ele>
        <time>2023-05-16T00:37:08Z</time>
      </trkpt>
      <trkpt lat="22.551063" lon="113.956445">
        <ele>33.6</ele>
        <time>2023-05-16T00:37:09Z</time>
      </trkpt>
      <trkpt lat="22.551024" lon="113.956451">
        <ele>33.6</ele>
        <time>2023-05-16T00:37:10Z</time>
      </trkpt>
      <trkpt lat="22.550991" lon="113.956453">
        <ele>33.6</ele>
        <time>2023-05-16T00:37:11Z</time>
      </trkpt>
      <trkpt lat="22.550957" lon="113.956462">
        <ele>33.5</ele>
        <time>2023-05-16T00:37:12Z</time>
      </trkpt>
      <trkpt lat="22.550921" lon="113.956476">
        <ele>33.5</ele>
        <time>2023-05-16T00:37:13Z</time>
      </trkpt>
      <trkpt lat="22.550881" lon="113.956483">
        <ele>33.5</ele>
        <time>2023-05-16T00:37:14Z</time>
      </trkpt>
      <trkpt lat="22.550838" lon="113.956491">
        <ele>33.5</ele>
        <time>2023-05-16T00:37:15Z</time>
      </trkpt>
      <trkpt lat="22.550792" lon="113.956499">
        <ele>33.5</ele>
        <time>2023-05-16T00:37:16Z</time>
      </trkpt>
      <trkpt lat="22.550746" lon="113.956506">
        <ele>33.5</ele>
        <time>2023-05-16T00:37:17Z</time>
      </trkpt>
      <trkpt lat="22.550697" lon="113.956514">
        <ele>33.5</ele>
        <time>2023-05-16T00:37:18Z</time>
      </trkpt>
      <trkpt lat="22.550649" lon="113.956521">
        <ele>33.5</ele>
        <time>2023-05-16T00:37:19Z</time>
      </trkpt>
      <trkpt lat="22.550598" lon="113.956529">
        <ele>33.5</ele>
        <time>2023-05-16T00:37:20Z</time>
      </trkpt>
      <trkpt lat="22.550548" lon="113.956537">
        <ele>33.5</ele>
        <time>2023-05-16T00:37:21Z</time>
      </trkpt>
      <trkpt lat="22.550497" lon="113.956543">
        <ele>33.5</ele>
        <time>2023-05-16T00:37:22Z</time>
      </trkpt>
      <trkpt lat="22.550446" lon="113.956543">
        <ele>33.5</ele>
        <time>2023-05-16T00:37:23Z</time>
      </trkpt>
      <trkpt lat="22.550396" lon="113.956543">
        <ele>33.5</ele>
        <time>2023-05-16T00:37:24Z</time>
      </trkpt>
      <trkpt lat="22.550345" lon="113.956544">
        <ele>33.5</ele>
        <time>2023-05-16T00:37:25Z</time>
      </trkpt>
      <trkpt lat="22.550293" lon="113.956552">
        <ele>33.5</ele>
        <time>2023-05-16T00:37:26Z</time>
      </trkpt>
      <trkpt lat="22.55024" lon="113.956558">
        <ele>33.5</ele>
        <time>2023-05-16T00:37:27Z</time>
      </trkpt>
      <trkpt lat="22.550187" lon="113.956557">
        <ele>33.4</ele>
        <time>2023-05-16T00:37:28Z</time>
      </trkpt>
      <trkpt lat="22.550133" lon="113.956549">
        <ele>33.4</ele>
        <time>2023-05-16T00:37:29Z</time>
      </trkpt>
      <trkpt lat="22.55008" lon="113.956543">
        <ele>33.4</ele>
        <time>2023-05-16T00:37:30Z</time>
      </trkpt>
      <trkpt lat="22.550025" lon="113.956543">
        <ele>33.4</ele>
        <time>2023-05-16T00:37:31Z</time>
      </trkpt>
      <trkpt lat="22.549973" lon="113.956543">
        <ele>33.4</ele>
        <time>2023-05-16T00:37:32Z</time>
      </trkpt>
      <trkpt lat="22.54993" lon="113.956543">
        <ele>33.4</ele>
        <time>2023-05-16T00:37:33Z</time>
      </trkpt>
      <trkpt lat="22.549873" lon="113.956544">
        <ele>33.4</ele>
        <time>2023-05-16T00:37:34Z</time>
      </trkpt>
      <trkpt lat="22.549815" lon="113.956551">
        <ele>33.4</ele>
        <time>2023-05-16T00:37:35Z</time>
      </trkpt>
      <trkpt lat="22.549759" lon="113.956551">
        <ele>33.4</ele>
        <time>2023-05-16T00:37:36Z</time>
      </trkpt>
      <trkpt lat="22.549704" lon="113.956547">
        <ele>33.4</ele>
        <time>2023-05-16T00:37:37Z</time>
      </trkpt>
      <trkpt lat="22.549653" lon="113.956535">
        <ele>33.4</ele>
        <time>2023-05-16T00:37:38Z</time>
      </trkpt>
      <trkpt lat="22.549596" lon="113.956534">
        <ele>33.3</ele>
        <time>2023-05-16T00:37:39Z</time>
      </trkpt>
      <trkpt lat="22.549537" lon="113.956526">
        <ele>33.3</ele>
        <time>2023-05-16T00:37:40Z</time>
      </trkpt>
      <trkpt lat="22.549487" lon="113.95652">
        <ele>33.3</ele>
        <time>2023-05-16T00:37:41Z</time>
      </trkpt>
      <trkpt lat="22.549436" lon="113.956519">
        <ele>33.3</ele>
        <time>2023-05-16T00:37:42Z</time>
      </trkpt>
      <trkpt lat="22.549383" lon="113.956511">
        <ele>33.3</ele>
        <time>2023-05-16T00:37:43Z</time>
      </trkpt>
      <trkpt lat="22.54933" lon="113.956504">
        <ele>33.3</ele>
        <time>2023-05-16T00:37:44Z</time>
      </trkpt>
      <trkpt lat="22.549276" lon="113.956496">
        <ele>33.3</ele>
        <time>2023-05-16T00:37:45Z</time>
      </trkpt>
      <trkpt lat="22.549226" lon="113.956488">
        <ele>33.3</ele>
        <time>2023-05-16T00:37:46Z</time>
      </trkpt>
      <trkpt lat="22.549172" lon="113.95648">
        <ele>33.3</ele>
        <time>2023-05-16T00:37:47Z</time>
      </trkpt>
      <trkpt lat="22.549122" lon="113.956471">
        <ele>33.3</ele>
        <time>2023-05-16T00:37:48Z</time>
      </trkpt>
      <trkpt lat="22.549073" lon="113.956458">
        <ele>33.2</ele>
        <time>2023-05-16T00:37:49Z</time>
      </trkpt>
      <trkpt lat="22.549026" lon="113.95645">
        <ele>33.2</ele>
        <time>2023-05-16T00:37:50Z</time>
      </trkpt>
      <trkpt lat="22.548979" lon="113.956441">
        <ele>33.2</ele>
        <time>2023-05-16T00:37:51Z</time>
      </trkpt>
      <trkpt lat="22.548937" lon="113.956427">
        <ele>33.2</ele>
        <time>2023-05-16T00:37:52Z</time>
      </trkpt>
      <trkpt lat="22.5489" lon="113.95642">
        <ele>33.2</ele>
        <time>2023-05-16T00:37:53Z</time>
      </trkpt>
      <trkpt lat="22.548854" lon="113.956413">
        <ele>33.2</ele>
        <time>2023-05-16T00:37:54Z</time>
      </trkpt>
      <trkpt lat="22.548815" lon="113.956412">
        <ele>33.2</ele>
        <time>2023-05-16T00:37:55Z</time>
      </trkpt>
      <trkpt lat="22.54877" lon="113.956403">
        <ele>33.2</ele>
        <time>2023-05-16T00:37:56Z</time>
      </trkpt>
      <trkpt lat="22.54872" lon="113.956388">
        <ele>33.2</ele>
        <time>2023-05-16T00:37:57Z</time>
      </trkpt>
      <trkpt lat="22.548656" lon="113.956371">
        <ele>33.2</ele>
        <time>2023-05-16T00:37:58Z</time>
      </trkpt>
      <trkpt lat="22.548609" lon="113.956348">
        <ele>33.2</ele>
        <time>2023-05-16T00:37:59Z</time>
      </trkpt>
      <trkpt lat="22.548556" lon="113.956325">
        <ele>33.2</ele>
        <time>2023-05-16T00:38:00Z</time>
      </trkpt>
      <trkpt lat="22.548501" lon="113.956304">
        <ele>33.2</ele>
        <time>2023-05-16T00:38:01Z</time>
      </trkpt>
      <trkpt lat="22.548448" lon="113.956287">
        <ele>33.2</ele>
        <time>2023-05-16T00:38:02Z</time>
      </trkpt>
      <trkpt lat="22.548393" lon="113.956265">
        <ele>33.1</ele>
        <time>2023-05-16T00:38:03Z</time>
      </trkpt>
      <trkpt lat="22.548329" lon="113.956243">
        <ele>33.1</ele>
        <time>2023-05-16T00:38:04Z</time>
      </trkpt>
      <trkpt lat="22.548271" lon="113.956229">
        <ele>33.1</ele>
        <time>2023-05-16T00:38:05Z</time>
      </trkpt>
      <trkpt lat="22.548235" lon="113.95622">
        <ele>33.1</ele>
        <time>2023-05-16T00:38:06Z</time>
      </trkpt>
      <trkpt lat="22.548189" lon="113.956204">
        <ele>33.1</ele>
        <time>2023-05-16T00:38:07Z</time>
      </trkpt>
      <trkpt lat="22.548138" lon="113.956192">
        <ele>33.1</ele>
        <time>2023-05-16T00:38:08Z</time>
      </trkpt>
      <trkpt lat="22.548095" lon="113.956191">
        <ele>33.1</ele>
        <time>2023-05-16T00:38:09Z</time>
      </trkpt>
      <trkpt lat="22.548052" lon="113.956183">
        <ele>33.1</ele>
        <time>2023-05-16T00:38:10Z</time>
      </trkpt>
      <trkpt lat="22.547999" lon="113.956175">
        <ele>33.1</ele>
        <time>2023-05-16T00:38:11Z</time>
      </trkpt>
      <trkpt lat="22.547948" lon="113.956167">
        <ele>33.1</ele>
        <time>2023-05-16T00:38:12Z</time>
      </trkpt>
      <trkpt lat="22.547903" lon="113.956158">
        <ele>33.1</ele>
        <time>2023-05-16T00:38:13Z</time>
      </trkpt>
      <trkpt lat="22.547853" lon="113.956144">
        <ele>33.1</ele>
        <time>2023-05-16T00:38:14Z</time>
      </trkpt>
      <trkpt lat="22.547804" lon="113.956135">
        <ele>33.1</ele>
        <time>2023-05-16T00:38:15Z</time>
      </trkpt>
      <trkpt lat="22.547753" lon="113.956122">
        <ele>33.1</ele>
        <time>2023-05-16T00:38:16Z</time>
      </trkpt>
      <trkpt lat="22.547701" lon="113.956113">
        <ele>33.1</ele>
        <time>2023-05-16T00:38:17Z</time>
      </trkpt>
      <trkpt lat="22.547647" lon="113.956097">
        <ele>33</ele>
        <time>2023-05-16T00:38:18Z</time>
      </trkpt>
      <trkpt lat="22.547596" lon="113.956084">
        <ele>33</ele>
        <time>2023-05-16T00:38:19Z</time>
      </trkpt>
      <trkpt lat="22.547543" lon="113.956074">
        <ele>33</ele>
        <time>2023-05-16T00:38:20Z</time>
      </trkpt>
      <trkpt lat="22.547488" lon="113.956052">
        <ele>33</ele>
        <time>2023-05-16T00:38:21Z</time>
      </trkpt>
      <trkpt lat="22.547435" lon="113.956038">
        <ele>33</ele>
        <time>2023-05-16T00:38:22Z</time>
      </trkpt>
      <trkpt lat="22.547382" lon="113.956029">
        <ele>33</ele>
        <time>2023-05-16T00:38:23Z</time>
      </trkpt>
      <trkpt lat="22.547328" lon="113.956014">
        <ele>33</ele>
        <time>2023-05-16T00:38:24Z</time>
      </trkpt>
      <trkpt lat="22.547274" lon="113.955999">
        <ele>33</ele>
        <time>2023-05-16T00:38:25Z</time>
      </trkpt>
      <trkpt lat="22.547223" lon="113.955983">
        <ele>33</ele>
        <time>2023-05-16T00:38:26Z</time>
      </trkpt>
      <trkpt lat="22.547173" lon="113.955968">
        <ele>33</ele>
        <time>2023-05-16T00:38:27Z</time>
      </trkpt>
      <trkpt lat="22.54712" lon="113.955952">
        <ele>33</ele>
        <time>2023-05-16T00:38:28Z</time>
      </trkpt>
      <trkpt lat="22.547069" lon="113.95593">
        <ele>33</ele>
        <time>2023-05-16T00:38:29Z</time>
      </trkpt>
      <trkpt lat="22.547013" lon="113.955914">
        <ele>33</ele>
        <time>2023-05-16T00:38:30Z</time>
      </trkpt>
      <trkpt lat="22.546956" lon="113.955892">
        <ele>33</ele>
        <time>2023-05-16T00:38:31Z</time>
      </trkpt>
      <trkpt lat="22.5469" lon="113.955877">
        <ele>32.9</ele>
        <time>2023-05-16T00:38:32Z</time>
      </trkpt>
      <trkpt lat="22.546846" lon="113.955861">
        <ele>32.9</ele>
        <time>2023-05-16T00:38:33Z</time>
      </trkpt>
      <trkpt lat="22.54679" lon="113.955841">
        <ele>32.9</ele>
        <time>2023-05-16T00:38:34Z</time>
      </trkpt>
      <trkpt lat="22.546724" lon="113.955808">
        <ele>32.9</ele>
        <time>2023-05-16T00:38:35Z</time>
      </trkpt>
      <trkpt lat="22.546671" lon="113.955792">
        <ele>32.9</ele>
        <time>2023-05-16T00:38:36Z</time>
      </trkpt>
      <trkpt lat="22.54662" lon="113.955777">
        <ele>32.9</ele>
        <time>2023-05-16T00:38:37Z</time>
      </trkpt>
      <trkpt lat="22.546559" lon="113.955763">
        <ele>32.9</ele>
        <time>2023-05-16T00:38:38Z</time>
      </trkpt>
      <trkpt lat="22.546508" lon="113.955754">
        <ele>32.9</ele>
        <time>2023-05-16T00:38:39Z</time>
      </trkpt>
      <trkpt lat="22.546461" lon="113.955741">
        <ele>32.9</ele>
        <time>2023-05-16T00:38:40Z</time>
      </trkpt>
      <trkpt lat="22.546413" lon="113.955733">
        <ele>32.9</ele>
        <time>2023-05-16T00:38:41Z</time>
      </trkpt>
      <trkpt lat="22.546362" lon="113.955724">
        <ele>32.9</ele>
        <time>2023-05-16T00:38:42Z</time>
      </trkpt>
      <trkpt lat="22.546303" lon="113.955709">
        <ele>32.8</ele>
        <time>2023-05-16T00:38:43Z</time>
      </trkpt>
      <trkpt lat="22.54625" lon="113.955695">
        <ele>32.8</ele>
        <time>2023-05-16T00:38:44Z</time>
      </trkpt>
      <trkpt lat="22.546199" lon="113.955687">
        <ele>32.8</ele>
        <time>2023-05-16T00:38:45Z</time>
      </trkpt>
      <trkpt lat="22.546149" lon="113.955678">
        <ele>32.8</ele>
        <time>2023-05-16T00:38:46Z</time>
      </trkpt>
      <trkpt lat="22.546098" lon="113.955664">
        <ele>32.8</ele>
        <time>2023-05-16T00:38:47Z</time>
      </trkpt>
      <trkpt lat="22.546047" lon="113.955657">
        <ele>32.8</ele>
        <time>2023-05-16T00:38:48Z</time>
      </trkpt>
      <trkpt lat="22.545994" lon="113.955646">
        <ele>32.8</ele>
        <time>2023-05-16T00:38:49Z</time>
      </trkpt>
      <trkpt lat="22.545941" lon="113.955623">
        <ele>32.8</ele>
        <time>2023-05-16T00:38:50Z</time>
      </trkpt>
      <trkpt lat="22.545889" lon="113.955603">
        <ele>32.8</ele>
        <time>2023-05-16T00:38:51Z</time>
      </trkpt>
      <trkpt lat="22.545835" lon="113.955594">
        <ele>32.8</ele>
        <time>2023-05-16T00:38:52Z</time>
      </trkpt>
      <trkpt lat="22.545783" lon="113.95558">
        <ele>32.8</ele>
        <time>2023-05-16T00:38:53Z</time>
      </trkpt>
      <trkpt lat="22.545733" lon="113.955573">
        <ele>32.8</ele>
        <time>2023-05-16T00:38:54Z</time>
      </trkpt>
      <trkpt lat="22.545686" lon="113.955561">
        <ele>32.7</ele>
        <time>2023-05-16T00:38:55Z</time>
      </trkpt>
      <trkpt lat="22.545629" lon="113.955532">
        <ele>32.7</ele>
        <time>2023-05-16T00:38:56Z</time>
      </trkpt>
      <trkpt lat="22.545572" lon="113.955509">
        <ele>32.7</ele>
        <time>2023-05-16T00:38:57Z</time>
      </trkpt>
      <trkpt lat="22.545518" lon="113.955488">
        <ele>32.7</ele>
        <time>2023-05-16T00:38:58Z</time>
      </trkpt>
      <trkpt lat="22.545462" lon="113.955471">
        <ele>32.7</ele>
        <time>2023-05-16T00:38:59Z</time>
      </trkpt>
      <trkpt lat="22.545412" lon="113.95545">
        <ele>32.7</ele>
        <time>2023-05-16T00:39:00Z</time>
      </trkpt>
      <trkpt lat="22.545362" lon="113.955434">
        <ele>32.7</ele>
        <time>2023-05-16T00:39:01Z</time>
      </trkpt>
      <trkpt lat="22.545306" lon="113.95542">
        <ele>32.7</ele>
        <time>2023-05-16T00:39:02Z</time>
      </trkpt>
      <trkpt lat="22.545253" lon="113.955411">
        <ele>32.6</ele>
        <time>2023-05-16T00:39:03Z</time>
      </trkpt>
      <trkpt lat="22.545201" lon="113.955397">
        <ele>32.6</ele>
        <time>2023-05-16T00:39:04Z</time>
      </trkpt>
      <trkpt lat="22.545148" lon="113.95539">
        <ele>32.5</ele>
        <time>2023-05-16T00:39:05Z</time>
      </trkpt>
      <trkpt lat="22.545096" lon="113.955382">
        <ele>32.5</ele>
        <time>2023-05-16T00:39:06Z</time>
      </trkpt>
      <trkpt lat="22.545045" lon="113.955374">
        <ele>32.5</ele>
        <time>2023-05-16T00:39:07Z</time>
      </trkpt>
      <trkpt lat="22.544992" lon="113.955367">
        <ele>32.4</ele>
        <time>2023-05-16T00:39:08Z</time>
      </trkpt>
      <trkpt lat="22.544938" lon="113.955359">
        <ele>32.4</ele>
        <time>2023-05-16T00:39:09Z</time>
      </trkpt>
      <trkpt lat="22.544891" lon="113.955352">
        <ele>32.3</ele>
        <time>2023-05-16T00:39:10Z</time>
      </trkpt>
      <trkpt lat="22.544839" lon="113.955344">
        <ele>32.3</ele>
        <time>2023-05-16T00:39:11Z</time>
      </trkpt>
      <trkpt lat="22.544787" lon="113.955336">
        <ele>32.2</ele>
        <time>2023-05-16T00:39:12Z</time>
      </trkpt>
      <trkpt lat="22.544735" lon="113.955328">
        <ele>32.2</ele>
        <time>2023-05-16T00:39:13Z</time>
      </trkpt>
      <trkpt lat="22.544684" lon="113.955321">
        <ele>32.2</ele>
        <time>2023-05-16T00:39:14Z</time>
      </trkpt>
      <trkpt lat="22.544634" lon="113.955315">
        <ele>32.1</ele>
        <time>2023-05-16T00:39:15Z</time>
      </trkpt>
      <trkpt lat="22.544582" lon="113.955313">
        <ele>32.1</ele>
        <time>2023-05-16T00:39:16Z</time>
      </trkpt>
      <trkpt lat="22.544533" lon="113.955306">
        <ele>32</ele>
        <time>2023-05-16T00:39:17Z</time>
      </trkpt>
      <trkpt lat="22.544481" lon="113.955299">
        <ele>32</ele>
        <time>2023-05-16T00:39:18Z</time>
      </trkpt>
      <trkpt lat="22.544432" lon="113.955299">
        <ele>31.9</ele>
        <time>2023-05-16T00:39:19Z</time>
      </trkpt>
      <trkpt lat="22.544383" lon="113.955299">
        <ele>31.9</ele>
        <time>2023-05-16T00:39:20Z</time>
      </trkpt>
      <trkpt lat="22.544339" lon="113.955301">
        <ele>31.9</ele>
        <time>2023-05-16T00:39:21Z</time>
      </trkpt>
      <trkpt lat="22.544294" lon="113.955306">
        <ele>31.8</ele>
        <time>2023-05-16T00:39:22Z</time>
      </trkpt>
      <trkpt lat="22.544245" lon="113.955299">
        <ele>31.8</ele>
        <time>2023-05-16T00:39:23Z</time>
      </trkpt>
      <trkpt lat="22.544191" lon="113.955299">
        <ele>31.7</ele>
        <time>2023-05-16T00:39:24Z</time>
      </trkpt>
      <trkpt lat="22.544132" lon="113.955297">
        <ele>31.7</ele>
        <time>2023-05-16T00:39:25Z</time>
      </trkpt>
      <trkpt lat="22.544085" lon="113.955284">
        <ele>31.6</ele>
        <time>2023-05-16T00:39:26Z</time>
      </trkpt>
      <trkpt lat="22.544036" lon="113.95528">
        <ele>31.6</ele>
        <time>2023-05-16T00:39:27Z</time>
      </trkpt>
      <trkpt lat="22.543989" lon="113.95526">
        <ele>31.6</ele>
        <time>2023-05-16T00:39:28Z</time>
      </trkpt>
      <trkpt lat="22.543938" lon="113.95525">
        <ele>31.5</ele>
        <time>2023-05-16T00:39:29Z</time>
      </trkpt>
      <trkpt lat="22.543897" lon="113.955229">
        <ele>31.5</ele>
        <time>2023-05-16T00:39:30Z</time>
      </trkpt>
      <trkpt lat="22.543864" lon="113.95522">
        <ele>31.5</ele>
        <time>2023-05-16T00:39:31Z</time>
      </trkpt>
      <trkpt lat="22.543834" lon="113.955205">
        <ele>31.4</ele>
        <time>2023-05-16T00:39:32Z</time>
      </trkpt>
      <trkpt lat="22.543804" lon="113.955189">
        <ele>31.4</ele>
        <time>2023-05-16T00:39:33Z</time>
      </trkpt>
      <trkpt lat="22.543771" lon="113.955168">
        <ele>31.4</ele>
        <time>2023-05-16T00:39:34Z</time>
      </trkpt>
      <trkpt lat="22.543739" lon="113.955159">
        <ele>31.3</ele>
        <time>2023-05-16T00:39:35Z</time>
      </trkpt>
      <trkpt lat="22.543703" lon="113.955144">
        <ele>31.3</ele>
        <time>2023-05-16T00:39:36Z</time>
      </trkpt>
      <trkpt lat="22.543648" lon="113.955133">
        <ele>31.3</ele>
        <time>2023-05-16T00:39:37Z</time>
      </trkpt>
      <trkpt lat="22.543602" lon="113.955139">
        <ele>31.2</ele>
        <time>2023-05-16T00:39:38Z</time>
      </trkpt>
      <trkpt lat="22.543545" lon="113.95514">
        <ele>31.2</ele>
        <time>2023-05-16T00:39:39Z</time>
      </trkpt>
      <trkpt lat="22.543497" lon="113.955147">
        <ele>31.2</ele>
        <time>2023-05-16T00:39:40Z</time>
      </trkpt>
      <trkpt lat="22.543416" lon="113.955147">
        <ele>31.1</ele>
        <time>2023-05-16T00:39:41Z</time>
      </trkpt>
      <trkpt lat="22.543342" lon="113.955148">
        <ele>31.1</ele>
        <time>2023-05-16T00:39:42Z</time>
      </trkpt>
      <trkpt lat="22.543312" lon="113.95516">
        <ele>31.1</ele>
        <time>2023-05-16T00:39:43Z</time>
      </trkpt>
      <trkpt lat="22.543288" lon="113.955187">
        <ele>31.1</ele>
        <time>2023-05-16T00:39:44Z</time>
      </trkpt>
      <trkpt lat="22.543263" lon="113.955199">
        <ele>31.1</ele>
        <time>2023-05-16T00:39:45Z</time>
      </trkpt>
      <trkpt lat="22.543213" lon="113.955193">
        <ele>31.1</ele>
        <time>2023-05-16T00:39:46Z</time>
      </trkpt>
      <trkpt lat="22.543146" lon="113.955193">
        <ele>31</ele>
        <time>2023-05-16T00:39:47Z</time>
      </trkpt>
      <trkpt lat="22.543086" lon="113.955191">
        <ele>31</ele>
        <time>2023-05-16T00:39:48Z</time>
      </trkpt>
      <trkpt lat="22.543022" lon="113.955184">
        <ele>31</ele>
        <time>2023-05-16T00:39:49Z</time>
      </trkpt>
      <trkpt lat="22.542951" lon="113.955177">
        <ele>31</ele>
        <time>2023-05-16T00:39:50Z</time>
      </trkpt>
      <trkpt lat="22.542903" lon="113.95518">
        <ele>31</ele>
        <time>2023-05-16T00:39:51Z</time>
      </trkpt>
      <trkpt lat="22.542864" lon="113.955198">
        <ele>31</ele>
        <time>2023-05-16T00:39:52Z</time>
      </trkpt>
      <trkpt lat="22.542854" lon="113.955224">
        <ele>31</ele>
        <time>2023-05-16T00:39:53Z</time>
      </trkpt>
      <trkpt lat="22.542866" lon="113.955235">
        <ele>30.9</ele>
        <time>2023-05-16T00:39:54Z</time>
      </trkpt>
      <trkpt lat="22.542862" lon="113.955252">
        <ele>30.9</ele>
        <time>2023-05-16T00:39:55Z</time>
      </trkpt>
      <trkpt lat="22.542836" lon="113.955245">
        <ele>30.9</ele>
        <time>2023-05-16T00:39:56Z</time>
      </trkpt>
      <trkpt lat="22.542806" lon="113.955231">
        <ele>30.9</ele>
        <time>2023-05-16T00:39:57Z</time>
      </trkpt>
      <trkpt lat="22.542772" lon="113.955187">
        <ele>30.9</ele>
        <time>2023-05-16T00:39:58Z</time>
      </trkpt>
      <trkpt lat="22.542744" lon="113.95516">
        <ele>30.9</ele>
        <time>2023-05-16T00:39:59Z</time>
      </trkpt>
      <trkpt lat="22.542693" lon="113.955145">
        <ele>30.9</ele>
        <time>2023-05-16T00:40:00Z</time>
      </trkpt>
      <trkpt lat="22.542645" lon="113.95514">
        <ele>30.9</ele>
        <time>2023-05-16T00:40:01Z</time>
      </trkpt>
      <trkpt lat="22.542592" lon="113.955148">
        <ele>30.8</ele>
        <time>2023-05-16T00:40:02Z</time>
      </trkpt>
      <trkpt lat="22.542534" lon="113.955154">
        <ele>30.8</ele>
        <time>2023-05-16T00:40:03Z</time>
      </trkpt>
      <trkpt lat="22.542486" lon="113.955154">
        <ele>30.8</ele>
        <time>2023-05-16T00:40:04Z</time>
      </trkpt>
      <trkpt lat="22.542439" lon="113.955154">
        <ele>30.8</ele>
        <time>2023-05-16T00:40:05Z</time>
      </trkpt>
      <trkpt lat="22.542391" lon="113.955153">
        <ele>30.8</ele>
        <time>2023-05-16T00:40:06Z</time>
      </trkpt>
      <trkpt lat="22.542343" lon="113.955147">
        <ele>30.8</ele>
        <time>2023-05-16T00:40:07Z</time>
      </trkpt>
      <trkpt lat="22.542298" lon="113.955147">
        <ele>30.8</ele>
        <time>2023-05-16T00:40:08Z</time>
      </trkpt>
      <trkpt lat="22.542253" lon="113.955148">
        <ele>30.7</ele>
        <time>2023-05-16T00:40:09Z</time>
      </trkpt>
      <trkpt lat="22.542206" lon="113.955152">
        <ele>30.7</ele>
        <time>2023-05-16T00:40:10Z</time>
      </trkpt>
      <trkpt lat="22.54216" lon="113.955137">
        <ele>30.7</ele>
        <time>2023-05-16T00:40:11Z</time>
      </trkpt>
      <trkpt lat="22.542108" lon="113.95512">
        <ele>30.7</ele>
        <time>2023-05-16T00:40:12Z</time>
      </trkpt>
      <trkpt lat="22.542057" lon="113.955098">
        <ele>30.7</ele>
        <time>2023-05-16T00:40:13Z</time>
      </trkpt>
      <trkpt lat="22.542007" lon="113.955084">
        <ele>30.7</ele>
        <time>2023-05-16T00:40:14Z</time>
      </trkpt>
      <trkpt lat="22.541955" lon="113.955075">
        <ele>30.7</ele>
        <time>2023-05-16T00:40:15Z</time>
      </trkpt>
      <trkpt lat="22.541905" lon="113.95506">
        <ele>30.6</ele>
        <time>2023-05-16T00:40:16Z</time>
      </trkpt>
      <trkpt lat="22.54186" lon="113.955045">
        <ele>30.6</ele>
        <time>2023-05-16T00:40:17Z</time>
      </trkpt>
      <trkpt lat="22.541811" lon="113.955031">
        <ele>30.6</ele>
        <time>2023-05-16T00:40:18Z</time>
      </trkpt>
      <trkpt lat="22.54176" lon="113.955023">
        <ele>30.6</ele>
        <time>2023-05-16T00:40:19Z</time>
      </trkpt>
      <trkpt lat="22.541711" lon="113.955014">
        <ele>30.6</ele>
        <time>2023-05-16T00:40:20Z</time>
      </trkpt>
      <trkpt lat="22.541661" lon="113.955001">
        <ele>30.6</ele>
        <time>2023-05-16T00:40:21Z</time>
      </trkpt>
      <trkpt lat="22.54161" lon="113.954992">
        <ele>30.6</ele>
        <time>2023-05-16T00:40:22Z</time>
      </trkpt>
      <trkpt lat="22.541558" lon="113.954976">
        <ele>30.6</ele>
        <time>2023-05-16T00:40:23Z</time>
      </trkpt>
      <trkpt lat="22.541504" lon="113.95496">
        <ele>30.6</ele>
        <time>2023-05-16T00:40:24Z</time>
      </trkpt>
      <trkpt lat="22.541458" lon="113.954938">
        <ele>30.6</ele>
        <time>2023-05-16T00:40:25Z</time>
      </trkpt>
      <trkpt lat="22.54141" lon="113.954923">
        <ele>30.6</ele>
        <time>2023-05-16T00:40:26Z</time>
      </trkpt>
      <trkpt lat="22.541364" lon="113.954905">
        <ele>30.6</ele>
        <time>2023-05-16T00:40:27Z</time>
      </trkpt>
      <trkpt lat="22.541317" lon="113.954875">
        <ele>30.6</ele>
        <time>2023-05-16T00:40:28Z</time>
      </trkpt>
      <trkpt lat="22.541269" lon="113.954847">
        <ele>30.6</ele>
        <time>2023-05-16T00:40:29Z</time>
      </trkpt>
      <trkpt lat="22.541218" lon="113.954829">
        <ele>30.5</ele>
        <time>2023-05-16T00:40:30Z</time>
      </trkpt>
      <trkpt lat="22.541163" lon="113.954802">
        <ele>30.5</ele>
        <time>2023-05-16T00:40:31Z</time>
      </trkpt>
      <trkpt lat="22.541114" lon="113.954793">
        <ele>30.5</ele>
        <time>2023-05-16T00:40:32Z</time>
      </trkpt>
      <trkpt lat="22.541063" lon="113.954777">
        <ele>30.5</ele>
        <time>2023-05-16T00:40:33Z</time>
      </trkpt>
      <trkpt lat="22.541013" lon="113.954754">
        <ele>30.5</ele>
        <time>2023-05-16T00:40:34Z</time>
      </trkpt>
      <trkpt lat="22.540964" lon="113.954734">
        <ele>30.5</ele>
        <time>2023-05-16T00:40:35Z</time>
      </trkpt>
      <trkpt lat="22.540917" lon="113.954725">
        <ele>30.5</ele>
        <time>2023-05-16T00:40:36Z</time>
      </trkpt>
      <trkpt lat="22.540868" lon="113.954707">
        <ele>30.5</ele>
        <time>2023-05-16T00:40:37Z</time>
      </trkpt>
      <trkpt lat="22.540822" lon="113.954678">
        <ele>30.5</ele>
        <time>2023-05-16T00:40:38Z</time>
      </trkpt>
      <trkpt lat="22.540772" lon="113.954656">
        <ele>30.5</ele>
        <time>2023-05-16T00:40:39Z</time>
      </trkpt>
      <trkpt lat="22.540727" lon="113.954638">
        <ele>30.5</ele>
        <time>2023-05-16T00:40:40Z</time>
      </trkpt>
      <trkpt lat="22.540681" lon="113.954608">
        <ele>30.5</ele>
        <time>2023-05-16T00:40:41Z</time>
      </trkpt>
      <trkpt lat="22.540633" lon="113.954586">
        <ele>30.5</ele>
        <time>2023-05-16T00:40:42Z</time>
      </trkpt>
      <trkpt lat="22.540582" lon="113.95456">
        <ele>30.5</ele>
        <time>2023-05-16T00:40:43Z</time>
      </trkpt>
      <trkpt lat="22.540535" lon="113.954534">
        <ele>30.5</ele>
        <time>2023-05-16T00:40:44Z</time>
      </trkpt>
      <trkpt lat="22.540487" lon="113.954517">
        <ele>30.5</ele>
        <time>2023-05-16T00:40:45Z</time>
      </trkpt>
      <trkpt lat="22.540437" lon="113.954494">
        <ele>30.4</ele>
        <time>2023-05-16T00:40:46Z</time>
      </trkpt>
      <trkpt lat="22.540386" lon="113.954469">
        <ele>30.4</ele>
        <time>2023-05-16T00:40:47Z</time>
      </trkpt>
      <trkpt lat="22.540335" lon="113.954441">
        <ele>30.4</ele>
        <time>2023-05-16T00:40:48Z</time>
      </trkpt>
      <trkpt lat="22.540288" lon="113.954418">
        <ele>30.4</ele>
        <time>2023-05-16T00:40:49Z</time>
      </trkpt>
      <trkpt lat="22.54024" lon="113.954394">
        <ele>30.4</ele>
        <time>2023-05-16T00:40:50Z</time>
      </trkpt>
      <trkpt lat="22.540194" lon="113.954365">
        <ele>30.4</ele>
        <time>2023-05-16T00:40:51Z</time>
      </trkpt>
      <trkpt lat="22.54015" lon="113.95434">
        <ele>30.4</ele>
        <time>2023-05-16T00:40:52Z</time>
      </trkpt>
      <trkpt lat="22.540104" lon="113.954311">
        <ele>30.4</ele>
        <time>2023-05-16T00:40:53Z</time>
      </trkpt>
      <trkpt lat="22.54006" lon="113.954289">
        <ele>30.4</ele>
        <time>2023-05-16T00:40:54Z</time>
      </trkpt>
      <trkpt lat="22.540012" lon="113.954265">
        <ele>30.4</ele>
        <time>2023-05-16T00:40:55Z</time>
      </trkpt>
      <trkpt lat="22.53997" lon="113.954241">
        <ele>30.4</ele>
        <time>2023-05-16T00:40:56Z</time>
      </trkpt>
      <trkpt lat="22.539924" lon="113.954211">
        <ele>30.4</ele>
        <time>2023-05-16T00:40:57Z</time>
      </trkpt>
      <trkpt lat="22.539883" lon="113.954179">
        <ele>30.4</ele>
        <time>2023-05-16T00:40:58Z</time>
      </trkpt>
      <trkpt lat="22.539854" lon="113.954139">
        <ele>30.4</ele>
        <time>2023-05-16T00:40:59Z</time>
      </trkpt>
      <trkpt lat="22.539793" lon="113.954098">
        <ele>30.4</ele>
        <time>2023-05-16T00:41:00Z</time>
      </trkpt>
      <trkpt lat="22.539747" lon="113.954072">
        <ele>30.4</ele>
        <time>2023-05-16T00:41:01Z</time>
      </trkpt>
      <trkpt lat="22.539693" lon="113.954031">
        <ele>30.4</ele>
        <time>2023-05-16T00:41:02Z</time>
      </trkpt>
      <trkpt lat="22.539643" lon="113.953987">
        <ele>30.4</ele>
        <time>2023-05-16T00:41:03Z</time>
      </trkpt>
      <trkpt lat="22.539589" lon="113.953941">
        <ele>30.4</ele>
        <time>2023-05-16T00:41:04Z</time>
      </trkpt>
      <trkpt lat="22.539529" lon="113.953897">
        <ele>30.3</ele>
        <time>2023-05-16T00:41:05Z</time>
      </trkpt>
      <trkpt lat="22.539477" lon="113.953866">
        <ele>30.3</ele>
        <time>2023-05-16T00:41:06Z</time>
      </trkpt>
      <trkpt lat="22.539435" lon="113.95383">
        <ele>30.3</ele>
        <time>2023-05-16T00:41:07Z</time>
      </trkpt>
      <trkpt lat="22.539388" lon="113.9538">
        <ele>30.3</ele>
        <time>2023-05-16T00:41:08Z</time>
      </trkpt>
      <trkpt lat="22.539338" lon="113.953776">
        <ele>30.3</ele>
        <time>2023-05-16T00:41:09Z</time>
      </trkpt>
      <trkpt lat="22.539287" lon="113.953754">
        <ele>30.3</ele>
        <time>2023-05-16T00:41:10Z</time>
      </trkpt>
      <trkpt lat="22.539239" lon="113.953731">
        <ele>30.3</ele>
        <time>2023-05-16T00:41:11Z</time>
      </trkpt>
      <trkpt lat="22.539188" lon="113.95371">
        <ele>30.3</ele>
        <time>2023-05-16T00:41:12Z</time>
      </trkpt>
      <trkpt lat="22.539133" lon="113.953693">
        <ele>30.3</ele>
        <time>2023-05-16T00:41:13Z</time>
      </trkpt>
      <trkpt lat="22.539083" lon="113.953669">
        <ele>30.3</ele>
        <time>2023-05-16T00:41:14Z</time>
      </trkpt>
      <trkpt lat="22.539033" lon="113.953639">
        <ele>30.3</ele>
        <time>2023-05-16T00:41:15Z</time>
      </trkpt>
      <trkpt lat="22.538988" lon="113.953617">
        <ele>30.3</ele>
        <time>2023-05-16T00:41:16Z</time>
      </trkpt>
      <trkpt lat="22.53894" lon="113.953594">
        <ele>30.3</ele>
        <time>2023-05-16T00:41:17Z</time>
      </trkpt>
      <trkpt lat="22.538894" lon="113.953573">
        <ele>30.3</ele>
        <time>2023-05-16T00:41:18Z</time>
      </trkpt>
      <trkpt lat="22.538852" lon="113.953557">
        <ele>30.3</ele>
        <time>2023-05-16T00:41:19Z</time>
      </trkpt>
      <trkpt lat="22.538808" lon="113.953542">
        <ele>30.3</ele>
        <time>2023-05-16T00:41:20Z</time>
      </trkpt>
      <trkpt lat="22.538764" lon="113.953526">
        <ele>30.3</ele>
        <time>2023-05-16T00:41:21Z</time>
      </trkpt>
      <trkpt lat="22.538711" lon="113.953504">
        <ele>30.3</ele>
        <time>2023-05-16T00:41:22Z</time>
      </trkpt>
      <trkpt lat="22.538659" lon="113.953488">
        <ele>30.3</ele>
        <time>2023-05-16T00:41:23Z</time>
      </trkpt>
      <trkpt lat="22.538609" lon="113.953462">
        <ele>30.3</ele>
        <time>2023-05-16T00:41:24Z</time>
      </trkpt>
      <trkpt lat="22.538562" lon="113.953425">
        <ele>30.2</ele>
        <time>2023-05-16T00:41:25Z</time>
      </trkpt>
      <trkpt lat="22.538517" lon="113.953395">
        <ele>30.2</ele>
        <time>2023-05-16T00:41:26Z</time>
      </trkpt>
      <trkpt lat="22.538468" lon="113.953364">
        <ele>30.2</ele>
        <time>2023-05-16T00:41:27Z</time>
      </trkpt>
      <trkpt lat="22.538417" lon="113.953335">
        <ele>30.2</ele>
        <time>2023-05-16T00:41:28Z</time>
      </trkpt>
      <trkpt lat="22.538364" lon="113.95331">
        <ele>30.2</ele>
        <time>2023-05-16T00:41:29Z</time>
      </trkpt>
      <trkpt lat="22.53831" lon="113.95328">
        <ele>30.2</ele>
        <time>2023-05-16T00:41:30Z</time>
      </trkpt>
      <trkpt lat="22.538261" lon="113.953249">
        <ele>30.2</ele>
        <time>2023-05-16T00:41:31Z</time>
      </trkpt>
      <trkpt lat="22.538212" lon="113.953217">
        <ele>30.2</ele>
        <time>2023-05-16T00:41:32Z</time>
      </trkpt>
      <trkpt lat="22.538161" lon="113.953182">
        <ele>30.2</ele>
        <time>2023-05-16T00:41:33Z</time>
      </trkpt>
      <trkpt lat="22.538112" lon="113.953158">
        <ele>30.2</ele>
        <time>2023-05-16T00:41:34Z</time>
      </trkpt>
      <trkpt lat="22.538062" lon="113.953127">
        <ele>30.2</ele>
        <time>2023-05-16T00:41:35Z</time>
      </trkpt>
      <trkpt lat="22.538013" lon="113.953097">
        <ele>30.2</ele>
        <time>2023-05-16T00:41:36Z</time>
      </trkpt>
      <trkpt lat="22.537963" lon="113.953068">
        <ele>30.2</ele>
        <time>2023-05-16T00:41:37Z</time>
      </trkpt>
      <trkpt lat="22.537913" lon="113.953045">
        <ele>30.1</ele>
        <time>2023-05-16T00:41:38Z</time>
      </trkpt>
      <trkpt lat="22.537866" lon="113.95302">
        <ele>30.1</ele>
        <time>2023-05-16T00:41:39Z</time>
      </trkpt>
      <trkpt lat="22.53782" lon="113.95299">
        <ele>30.1</ele>
        <time>2023-05-16T00:41:40Z</time>
      </trkpt>
      <trkpt lat="22.537772" lon="113.952958">
        <ele>30.1</ele>
        <time>2023-05-16T00:41:41Z</time>
      </trkpt>
      <trkpt lat="22.537722" lon="113.952929">
        <ele>30.1</ele>
        <time>2023-05-16T00:41:42Z</time>
      </trkpt>
      <trkpt lat="22.537672" lon="113.952898">
        <ele>30.1</ele>
        <time>2023-05-16T00:41:43Z</time>
      </trkpt>
      <trkpt lat="22.537626" lon="113.952869">
        <ele>30.1</ele>
        <time>2023-05-16T00:41:44Z</time>
      </trkpt>
      <trkpt lat="22.537577" lon="113.952846">
        <ele>30.1</ele>
        <time>2023-05-16T00:41:45Z</time>
      </trkpt>
      <trkpt lat="22.537524" lon="113.952816">
        <ele>30.1</ele>
        <time>2023-05-16T00:41:46Z</time>
      </trkpt>
      <trkpt lat="22.537469" lon="113.952793">
        <ele>30.1</ele>
        <time>2023-05-16T00:41:47Z</time>
      </trkpt>
      <trkpt lat="22.53742" lon="113.952769">
        <ele>30.1</ele>
        <time>2023-05-16T00:41:48Z</time>
      </trkpt>
      <trkpt lat="22.537373" lon="113.952739">
        <ele>30.1</ele>
        <time>2023-05-16T00:41:49Z</time>
      </trkpt>
      <trkpt lat="22.537327" lon="113.952708">
        <ele>30.1</ele>
        <time>2023-05-16T00:41:50Z</time>
      </trkpt>
      <trkpt lat="22.537281" lon="113.952677">
        <ele>30.1</ele>
        <time>2023-05-16T00:41:51Z</time>
      </trkpt>
      <trkpt lat="22.537236" lon="113.952647">
        <ele>30</ele>
        <time>2023-05-16T00:41:52Z</time>
      </trkpt>
      <trkpt lat="22.537192" lon="113.952617">
        <ele>30</ele>
        <time>2023-05-16T00:41:53Z</time>
      </trkpt>
      <trkpt lat="22.537143" lon="113.952585">
        <ele>30</ele>
        <time>2023-05-16T00:41:54Z</time>
      </trkpt>
      <trkpt lat="22.537097" lon="113.952557">
        <ele>30</ele>
        <time>2023-05-16T00:41:55Z</time>
      </trkpt>
      <trkpt lat="22.537047" lon="113.952532">
        <ele>30</ele>
        <time>2023-05-16T00:41:56Z</time>
      </trkpt>
      <trkpt lat="22.537" lon="113.952503">
        <ele>30.1</ele>
        <time>2023-05-16T00:41:57Z</time>
      </trkpt>
      <trkpt lat="22.536953" lon="113.952479">
        <ele>30.2</ele>
        <time>2023-05-16T00:41:58Z</time>
      </trkpt>
      <trkpt lat="22.536906" lon="113.952448">
        <ele>30.2</ele>
        <time>2023-05-16T00:41:59Z</time>
      </trkpt>
      <trkpt lat="22.536859" lon="113.952413">
        <ele>30.3</ele>
        <time>2023-05-16T00:42:00Z</time>
      </trkpt>
      <trkpt lat="22.536808" lon="113.952394">
        <ele>30.4</ele>
        <time>2023-05-16T00:42:01Z</time>
      </trkpt>
      <trkpt lat="22.53676" lon="113.952365">
        <ele>30.5</ele>
        <time>2023-05-16T00:42:02Z</time>
      </trkpt>
      <trkpt lat="22.536712" lon="113.952342">
        <ele>30.6</ele>
        <time>2023-05-16T00:42:03Z</time>
      </trkpt>
      <trkpt lat="22.536662" lon="113.952312">
        <ele>30.6</ele>
        <time>2023-05-16T00:42:04Z</time>
      </trkpt>
      <trkpt lat="22.53661" lon="113.952287">
        <ele>30.7</ele>
        <time>2023-05-16T00:42:05Z</time>
      </trkpt>
      <trkpt lat="22.536546" lon="113.95225">
        <ele>30.8</ele>
        <time>2023-05-16T00:42:06Z</time>
      </trkpt>
      <trkpt lat="22.536486" lon="113.952218">
        <ele>30.9</ele>
        <time>2023-05-16T00:42:07Z</time>
      </trkpt>
      <trkpt lat="22.536425" lon="113.952181">
        <ele>31</ele>
        <time>2023-05-16T00:42:08Z</time>
      </trkpt>
      <trkpt lat="22.536375" lon="113.952152">
        <ele>31.1</ele>
        <time>2023-05-16T00:42:09Z</time>
      </trkpt>
      <trkpt lat="22.536326" lon="113.952128">
        <ele>31.2</ele>
        <time>2023-05-16T00:42:10Z</time>
      </trkpt>
      <trkpt lat="22.53628" lon="113.952098">
        <ele>31.3</ele>
        <time>2023-05-16T00:42:11Z</time>
      </trkpt>
      <trkpt lat="22.536235" lon="113.952068">
        <ele>31.3</ele>
        <time>2023-05-16T00:42:12Z</time>
      </trkpt>
      <trkpt lat="22.536186" lon="113.952042">
        <ele>31.4</ele>
        <time>2023-05-16T00:42:13Z</time>
      </trkpt>
      <trkpt lat="22.536139" lon="113.952011">
        <ele>31.5</ele>
        <time>2023-05-16T00:42:14Z</time>
      </trkpt>
      <trkpt lat="22.536118" lon="113.952011">
        <ele>31.5</ele>
        <time>2023-05-16T00:42:15Z</time>
      </trkpt>
      <trkpt lat="22.536088" lon="113.95201">
        <ele>31.6</ele>
        <time>2023-05-16T00:42:16Z</time>
      </trkpt>
      <trkpt lat="22.536062" lon="113.952005">
        <ele>31.6</ele>
        <time>2023-05-16T00:42:17Z</time>
      </trkpt>
      <trkpt lat="22.536035" lon="113.952011">
        <ele>31.7</ele>
        <time>2023-05-16T00:42:18Z</time>
      </trkpt>
      <trkpt lat="22.536009" lon="113.952011">
        <ele>31.7</ele>
        <time>2023-05-16T00:42:19Z</time>
      </trkpt>
      <trkpt lat="22.535989" lon="113.952011">
        <ele>31.7</ele>
        <time>2023-05-16T00:42:20Z</time>
      </trkpt>
      <trkpt lat="22.53597" lon="113.952011">
        <ele>31.7</ele>
        <time>2023-05-16T00:42:21Z</time>
      </trkpt>
      <trkpt lat="22.535957" lon="113.952012">
        <ele>31.8</ele>
        <time>2023-05-16T00:42:22Z</time>
      </trkpt>
      <trkpt lat="22.535943" lon="113.952018">
        <ele>31.8</ele>
        <time>2023-05-16T00:42:23Z</time>
      </trkpt>
      <trkpt lat="22.535926" lon="113.95201">
        <ele>31.8</ele>
        <time>2023-05-16T00:42:24Z</time>
      </trkpt>
      <trkpt lat="22.535907" lon="113.952002">
        <ele>31.8</ele>
        <time>2023-05-16T00:42:25Z</time>
      </trkpt>
      <trkpt lat="22.535888" lon="113.951995">
        <ele>31.9</ele>
        <time>2023-05-16T00:42:26Z</time>
      </trkpt>
      <trkpt lat="22.535878" lon="113.951982">
        <ele>31.9</ele>
        <time>2023-05-16T00:42:27Z</time>
      </trkpt>
      <trkpt lat="22.535838" lon="113.951958">
        <ele>32</ele>
        <time>2023-05-16T00:42:28Z</time>
      </trkpt>
      <trkpt lat="22.535834" lon="113.951959">
        <ele>32</ele>
        <time>2023-05-16T00:42:29Z</time>
      </trkpt>
      <trkpt lat="22.535834" lon="113.951964">
        <ele>32</ele>
        <time>2023-05-16T00:42:30Z</time>
      </trkpt>
      <trkpt lat="22.535814" lon="113.951957">
        <ele>32</ele>
        <time>2023-05-16T00:42:31Z</time>
      </trkpt>
      <trkpt lat="22.535793" lon="113.951946">
        <ele>32</ele>
        <time>2023-05-16T00:42:32Z</time>
      </trkpt>
      <trkpt lat="22.535761" lon="113.951925">
        <ele>32.1</ele>
        <time>2023-05-16T00:42:33Z</time>
      </trkpt>
      <trkpt lat="22.535726" lon="113.951901">
        <ele>32.2</ele>
        <time>2023-05-16T00:42:34Z</time>
      </trkpt>
      <trkpt lat="22.535634" lon="113.951835">
        <ele>32.3</ele>
        <time>2023-05-16T00:42:35Z</time>
      </trkpt>
      <trkpt lat="22.535538" lon="113.951782">
        <ele>32.5</ele>
        <time>2023-05-16T00:42:36Z</time>
      </trkpt>
      <trkpt lat="22.535495" lon="113.951741">
        <ele>32.6</ele>
        <time>2023-05-16T00:42:37Z</time>
      </trkpt>
      <trkpt lat="22.535475" lon="113.951728">
        <ele>32.6</ele>
        <time>2023-05-16T00:42:38Z</time>
      </trkpt>
      <trkpt lat="22.535487" lon="113.951716">
        <ele>32.6</ele>
        <time>2023-05-16T00:42:39Z</time>
      </trkpt>
      <trkpt lat="22.5355" lon="113.951685">
        <ele>32.6</ele>
        <time>2023-05-16T00:42:40Z</time>
      </trkpt>
      <trkpt lat="22.535505" lon="113.951656">
        <ele>32.6</ele>
        <time>2023-05-16T00:42:41Z</time>
      </trkpt>
      <trkpt lat="22.535512" lon="113.951633">
        <ele>32.5</ele>
        <time>2023-05-16T00:42:42Z</time>
      </trkpt>
      <trkpt lat="22.53552" lon="113.9516">
        <ele>32.5</ele>
        <time>2023-05-16T00:42:43Z</time>
      </trkpt>
      <trkpt lat="22.535527" lon="113.951563">
        <ele>32.5</ele>
        <time>2023-05-16T00:42:44Z</time>
      </trkpt>
      <trkpt lat="22.535528" lon="113.95153">
        <ele>32.4</ele>
        <time>2023-05-16T00:42:45Z</time>
      </trkpt>
      <trkpt lat="22.535521" lon="113.951491">
        <ele>32.4</ele>
        <time>2023-05-16T00:42:46Z</time>
      </trkpt>
      <trkpt lat="22.535522" lon="113.951447">
        <ele>32.3</ele>
        <time>2023-05-16T00:42:47Z</time>
      </trkpt>
      <trkpt lat="22.535523" lon="113.951409">
        <ele>32.3</ele>
        <time>2023-05-16T00:42:48Z</time>
      </trkpt>
      <trkpt lat="22.535525" lon="113.951371">
        <ele>32.3</ele>
        <time>2023-05-16T00:42:49Z</time>
      </trkpt>
      <trkpt lat="22.535529" lon="113.951332">
        <ele>32.2</ele>
        <time>2023-05-16T00:42:50Z</time>
      </trkpt>
      <trkpt lat="22.535533" lon="113.951286">
        <ele>32.2</ele>
        <time>2023-05-16T00:42:51Z</time>
      </trkpt>
      <trkpt lat="22.535536" lon="113.951242">
        <ele>32.1</ele>
        <time>2023-05-16T00:42:52Z</time>
      </trkpt>
      <trkpt lat="22.535535" lon="113.951202">
        <ele>32.1</ele>
        <time>2023-05-16T00:42:53Z</time>
      </trkpt>
      <trkpt lat="22.535533" lon="113.951164">
        <ele>32.1</ele>
        <time>2023-05-16T00:42:54Z</time>
      </trkpt>
      <trkpt lat="22.535525" lon="113.951117">
        <ele>32</ele>
        <time>2023-05-16T00:42:55Z</time>
      </trkpt>
      <trkpt lat="22.535516" lon="113.951074">
        <ele>32</ele>
        <time>2023-05-16T00:42:56Z</time>
      </trkpt>
      <trkpt lat="22.535503" lon="113.951034">
        <ele>31.9</ele>
        <time>2023-05-16T00:42:57Z</time>
      </trkpt>
      <trkpt lat="22.535487" lon="113.950989">
        <ele>31.9</ele>
        <time>2023-05-16T00:42:58Z</time>
      </trkpt>
      <trkpt lat="22.535472" lon="113.950947">
        <ele>31.8</ele>
        <time>2023-05-16T00:42:59Z</time>
      </trkpt>
      <trkpt lat="22.535463" lon="113.950922">
        <ele>31.8</ele>
        <time>2023-05-16T00:43:00Z</time>
      </trkpt>
      <trkpt lat="22.535449" lon="113.950883">
        <ele>31.7</ele>
        <time>2023-05-16T00:43:01Z</time>
      </trkpt>
      <trkpt lat="22.535429" lon="113.950846">
        <ele>31.7</ele>
        <time>2023-05-16T00:43:02Z</time>
      </trkpt>
      <trkpt lat="22.535406" lon="113.95081">
        <ele>31.7</ele>
        <time>2023-05-16T00:43:03Z</time>
      </trkpt>
      <trkpt lat="22.535391" lon="113.950785">
        <ele>31.6</ele>
        <time>2023-05-16T00:43:04Z</time>
      </trkpt>
      <trkpt lat="22.535352" lon="113.950747">
        <ele>31.6</ele>
        <time>2023-05-16T00:43:05Z</time>
      </trkpt>
      <trkpt lat="22.535314" lon="113.950716">
        <ele>31.5</ele>
        <time>2023-05-16T00:43:06Z</time>
      </trkpt>
      <trkpt lat="22.535281" lon="113.950684">
        <ele>31.5</ele>
        <time>2023-05-16T00:43:07Z</time>
      </trkpt>
      <trkpt lat="22.535246" lon="113.950652">
        <ele>31.4</ele>
        <time>2023-05-16T00:43:08Z</time>
      </trkpt>
      <trkpt lat="22.535209" lon="113.950643">
        <ele>31.4</ele>
        <time>2023-05-16T00:43:09Z</time>
      </trkpt>
      <trkpt lat="22.535168" lon="113.950628">
        <ele>31.3</ele>
        <time>2023-05-16T00:43:10Z</time>
      </trkpt>
      <trkpt lat="22.535121" lon="113.950612">
        <ele>31.3</ele>
        <time>2023-05-16T00:43:11Z</time>
      </trkpt>
      <trkpt lat="22.535072" lon="113.950593">
        <ele>31.2</ele>
        <time>2023-05-16T00:43:12Z</time>
      </trkpt>
      <trkpt lat="22.535024" lon="113.950558">
        <ele>31.1</ele>
        <time>2023-05-16T00:43:13Z</time>
      </trkpt>
      <trkpt lat="22.534972" lon="113.950533">
        <ele>31.1</ele>
        <time>2023-05-16T00:43:14Z</time>
      </trkpt>
      <trkpt lat="22.534922" lon="113.950505">
        <ele>31</ele>
        <time>2023-05-16T00:43:15Z</time>
      </trkpt>
      <trkpt lat="22.534877" lon="113.95049">
        <ele>31</ele>
        <time>2023-05-16T00:43:16Z</time>
      </trkpt>
      <trkpt lat="22.534824" lon="113.950478">
        <ele>30.9</ele>
        <time>2023-05-16T00:43:17Z</time>
      </trkpt>
      <trkpt lat="22.534771" lon="113.950479">
        <ele>30.8</ele>
        <time>2023-05-16T00:43:18Z</time>
      </trkpt>
      <trkpt lat="22.534725" lon="113.950488">
        <ele>30.8</ele>
        <time>2023-05-16T00:43:19Z</time>
      </trkpt>
      <trkpt lat="22.534677" lon="113.950502">
        <ele>30.7</ele>
        <time>2023-05-16T00:43:20Z</time>
      </trkpt>
      <trkpt lat="22.534623" lon="113.950508">
        <ele>30.7</ele>
        <time>2023-05-16T00:43:21Z</time>
      </trkpt>
      <trkpt lat="22.534564" lon="113.950507">
        <ele>30.6</ele>
        <time>2023-05-16T00:43:22Z</time>
      </trkpt>
      <trkpt lat="22.534504" lon="113.950499">
        <ele>30.6</ele>
        <time>2023-05-16T00:43:23Z</time>
      </trkpt>
      <trkpt lat="22.534444" lon="113.950492">
        <ele>30.6</ele>
        <time>2023-05-16T00:43:24Z</time>
      </trkpt>
      <trkpt lat="22.534382" lon="113.950484">
        <ele>30.6</ele>
        <time>2023-05-16T00:43:25Z</time>
      </trkpt>
      <trkpt lat="22.534324" lon="113.950477">
        <ele>30.6</ele>
        <time>2023-05-16T00:43:26Z</time>
      </trkpt>
      <trkpt lat="22.534263" lon="113.950469">
        <ele>30.6</ele>
        <time>2023-05-16T00:43:27Z</time>
      </trkpt>
      <trkpt lat="22.534196" lon="113.950459">
        <ele>30.6</ele>
        <time>2023-05-16T00:43:28Z</time>
      </trkpt>
      <trkpt lat="22.534133" lon="113.950446">
        <ele>30.6</ele>
        <time>2023-05-16T00:43:29Z</time>
      </trkpt>
      <trkpt lat="22.534063" lon="113.950441">
        <ele>30.6</ele>
        <time>2023-05-16T00:43:30Z</time>
      </trkpt>
      <trkpt lat="22.533993" lon="113.950446">
        <ele>30.6</ele>
        <time>2023-05-16T00:43:31Z</time>
      </trkpt>
      <trkpt lat="22.53392" lon="113.950438">
        <ele>30.6</ele>
        <time>2023-05-16T00:43:32Z</time>
      </trkpt>
      <trkpt lat="22.533849" lon="113.950428">
        <ele>30.6</ele>
        <time>2023-05-16T00:43:33Z</time>
      </trkpt>
      <trkpt lat="22.533785" lon="113.950402">
        <ele>30.6</ele>
        <time>2023-05-16T00:43:34Z</time>
      </trkpt>
      <trkpt lat="22.533736" lon="113.950366">
        <ele>30.6</ele>
        <time>2023-05-16T00:43:35Z</time>
      </trkpt>
      <trkpt lat="22.53368" lon="113.950337">
        <ele>30.6</ele>
        <time>2023-05-16T00:43:36Z</time>
      </trkpt>
      <trkpt lat="22.533617" lon="113.950321">
        <ele>30.5</ele>
        <time>2023-05-16T00:43:37Z</time>
      </trkpt>
      <trkpt lat="22.533557" lon="113.950299">
        <ele>30.5</ele>
        <time>2023-05-16T00:43:38Z</time>
      </trkpt>
      <trkpt lat="22.5335" lon="113.950287">
        <ele>30.5</ele>
        <time>2023-05-16T00:43:39Z</time>
      </trkpt>
      <trkpt lat="22.533442" lon="113.950287">
        <ele>30.5</ele>
        <time>2023-05-16T00:43:40Z</time>
      </trkpt>
      <trkpt lat="22.533386" lon="113.950288">
        <ele>30.5</ele>
        <time>2023-05-16T00:43:41Z</time>
      </trkpt>
      <trkpt lat="22.53333" lon="113.950292">
        <ele>30.5</ele>
        <time>2023-05-16T00:43:42Z</time>
      </trkpt>
      <trkpt lat="22.533276" lon="113.950278">
        <ele>30.5</ele>
        <time>2023-05-16T00:43:43Z</time>
      </trkpt>
      <trkpt lat="22.53322" lon="113.95027">
        <ele>30.5</ele>
        <time>2023-05-16T00:43:44Z</time>
      </trkpt>
      <trkpt lat="22.533165" lon="113.950264">
        <ele>30.5</ele>
        <time>2023-05-16T00:43:45Z</time>
      </trkpt>
      <trkpt lat="22.533111" lon="113.950264">
        <ele>30.5</ele>
        <time>2023-05-16T00:43:46Z</time>
      </trkpt>
      <trkpt lat="22.533059" lon="113.950263">
        <ele>30.5</ele>
        <time>2023-05-16T00:43:47Z</time>
      </trkpt>
      <trkpt lat="22.533001" lon="113.950253">
        <ele>30.5</ele>
        <time>2023-05-16T00:43:48Z</time>
      </trkpt>
      <trkpt lat="22.532945" lon="113.95024">
        <ele>30.5</ele>
        <time>2023-05-16T00:43:49Z</time>
      </trkpt>
      <trkpt lat="22.532889" lon="113.950232">
        <ele>30.5</ele>
        <time>2023-05-16T00:43:50Z</time>
      </trkpt>
      <trkpt lat="22.532836" lon="113.950224">
        <ele>30.5</ele>
        <time>2023-05-16T00:43:51Z</time>
      </trkpt>
      <trkpt lat="22.532784" lon="113.950218">
        <ele>30.5</ele>
        <time>2023-05-16T00:43:52Z</time>
      </trkpt>
      <trkpt lat="22.532728" lon="113.950218">
        <ele>30.5</ele>
        <time>2023-05-16T00:43:53Z</time>
      </trkpt>
      <trkpt lat="22.532678" lon="113.950219">
        <ele>30.5</ele>
        <time>2023-05-16T00:43:54Z</time>
      </trkpt>
      <trkpt lat="22.532626" lon="113.950226">
        <ele>30.5</ele>
        <time>2023-05-16T00:43:55Z</time>
      </trkpt>
      <trkpt lat="22.53257" lon="113.950226">
        <ele>30.5</ele>
        <time>2023-05-16T00:43:56Z</time>
      </trkpt>
      <trkpt lat="22.532518" lon="113.950226">
        <ele>30.5</ele>
        <time>2023-05-16T00:43:57Z</time>
      </trkpt>
      <trkpt lat="22.532464" lon="113.950225">
        <ele>30.6</ele>
        <time>2023-05-16T00:43:58Z</time>
      </trkpt>
      <trkpt lat="22.532408" lon="113.950217">
        <ele>30.6</ele>
        <time>2023-05-16T00:43:59Z</time>
      </trkpt>
      <trkpt lat="22.532335" lon="113.950209">
        <ele>30.6</ele>
        <time>2023-05-16T00:44:00Z</time>
      </trkpt>
      <trkpt lat="22.532265" lon="113.950202">
        <ele>30.6</ele>
        <time>2023-05-16T00:44:01Z</time>
      </trkpt>
      <trkpt lat="22.532209" lon="113.950195">
        <ele>30.6</ele>
        <time>2023-05-16T00:44:02Z</time>
      </trkpt>
      <trkpt lat="22.532154" lon="113.950195">
        <ele>30.6</ele>
        <time>2023-05-16T00:44:03Z</time>
      </trkpt>
      <trkpt lat="22.532103" lon="113.950195">
        <ele>30.6</ele>
        <time>2023-05-16T00:44:04Z</time>
      </trkpt>
      <trkpt lat="22.532048" lon="113.950197">
        <ele>30.6</ele>
        <time>2023-05-16T00:44:05Z</time>
      </trkpt>
      <trkpt lat="22.531989" lon="113.950203">
        <ele>30.6</ele>
        <time>2023-05-16T00:44:06Z</time>
      </trkpt>
      <trkpt lat="22.531936" lon="113.950202">
        <ele>30.6</ele>
        <time>2023-05-16T00:44:07Z</time>
      </trkpt>
      <trkpt lat="22.531886" lon="113.950197">
        <ele>30.6</ele>
        <time>2023-05-16T00:44:08Z</time>
      </trkpt>
      <trkpt lat="22.53184" lon="113.950203">
        <ele>30.6</ele>
        <time>2023-05-16T00:44:09Z</time>
      </trkpt>
      <trkpt lat="22.531783" lon="113.9502">
        <ele>30.7</ele>
        <time>2023-05-16T00:44:10Z</time>
      </trkpt>
      <trkpt lat="22.531726" lon="113.950188">
        <ele>30.7</ele>
        <time>2023-05-16T00:44:11Z</time>
      </trkpt>
      <trkpt lat="22.531673" lon="113.950187">
        <ele>30.7</ele>
        <time>2023-05-16T00:44:12Z</time>
      </trkpt>
      <trkpt lat="22.53162" lon="113.950181">
        <ele>30.7</ele>
        <time>2023-05-16T00:44:13Z</time>
      </trkpt>
      <trkpt lat="22.531566" lon="113.950188">
        <ele>30.7</ele>
        <time>2023-05-16T00:44:14Z</time>
      </trkpt>
      <trkpt lat="22.531517" lon="113.950189">
        <ele>30.7</ele>
        <time>2023-05-16T00:44:15Z</time>
      </trkpt>
      <trkpt lat="22.531473" lon="113.950197">
        <ele>30.7</ele>
        <time>2023-05-16T00:44:16Z</time>
      </trkpt>
      <trkpt lat="22.531426" lon="113.950203">
        <ele>30.7</ele>
        <time>2023-05-16T00:44:17Z</time>
      </trkpt>
      <trkpt lat="22.531377" lon="113.950203">
        <ele>30.7</ele>
        <time>2023-05-16T00:44:18Z</time>
      </trkpt>
      <trkpt lat="22.531326" lon="113.950203">
        <ele>30.7</ele>
        <time>2023-05-16T00:44:19Z</time>
      </trkpt>
      <trkpt lat="22.531279" lon="113.9502">
        <ele>30.7</ele>
        <time>2023-05-16T00:44:20Z</time>
      </trkpt>
      <trkpt lat="22.531228" lon="113.950188">
        <ele>30.7</ele>
        <time>2023-05-16T00:44:21Z</time>
      </trkpt>
      <trkpt lat="22.531172" lon="113.950188">
        <ele>30.7</ele>
        <time>2023-05-16T00:44:22Z</time>
      </trkpt>
      <trkpt lat="22.531121" lon="113.950188">
        <ele>30.8</ele>
        <time>2023-05-16T00:44:23Z</time>
      </trkpt>
      <trkpt lat="22.531069" lon="113.950189">
        <ele>30.8</ele>
        <time>2023-05-16T00:44:24Z</time>
      </trkpt>
      <trkpt lat="22.531022" lon="113.950195">
        <ele>30.8</ele>
        <time>2023-05-16T00:44:25Z</time>
      </trkpt>
      <trkpt lat="22.530972" lon="113.950197">
        <ele>30.7</ele>
        <time>2023-05-16T00:44:26Z</time>
      </trkpt>
      <trkpt lat="22.530924" lon="113.950199">
        <ele>30.6</ele>
        <time>2023-05-16T00:44:27Z</time>
      </trkpt>
      <trkpt lat="22.53089" lon="113.950179">
        <ele>30.6</ele>
        <time>2023-05-16T00:44:28Z</time>
      </trkpt>
      <trkpt lat="22.530835" lon="113.950172">
        <ele>30.5</ele>
        <time>2023-05-16T00:44:29Z</time>
      </trkpt>
      <trkpt lat="22.530784" lon="113.950172">
        <ele>30.4</ele>
        <time>2023-05-16T00:44:30Z</time>
      </trkpt>
      <trkpt lat="22.530728" lon="113.950174">
        <ele>30.3</ele>
        <time>2023-05-16T00:44:31Z</time>
      </trkpt>
      <trkpt lat="22.530674" lon="113.95018">
        <ele>30.2</ele>
        <time>2023-05-16T00:44:32Z</time>
      </trkpt>
      <trkpt lat="22.53062" lon="113.95018">
        <ele>30.1</ele>
        <time>2023-05-16T00:44:33Z</time>
      </trkpt>
      <trkpt lat="22.530563" lon="113.95018">
        <ele>30</ele>
        <time>2023-05-16T00:44:34Z</time>
      </trkpt>
      <trkpt lat="22.530508" lon="113.95018">
        <ele>29.9</ele>
        <time>2023-05-16T00:44:35Z</time>
      </trkpt>
      <trkpt lat="22.530453" lon="113.950176">
        <ele>29.8</ele>
        <time>2023-05-16T00:44:36Z</time>
      </trkpt>
      <trkpt lat="22.530403" lon="113.950158">
        <ele>29.7</ele>
        <time>2023-05-16T00:44:37Z</time>
      </trkpt>
      <trkpt lat="22.530338" lon="113.950166">
        <ele>29.6</ele>
        <time>2023-05-16T00:44:38Z</time>
      </trkpt>
      <trkpt lat="22.530298" lon="113.950172">
        <ele>29.5</ele>
        <time>2023-05-16T00:44:39Z</time>
      </trkpt>
      <trkpt lat="22.530271" lon="113.950171">
        <ele>29.5</ele>
        <time>2023-05-16T00:44:40Z</time>
      </trkpt>
      <trkpt lat="22.530247" lon="113.950166">
        <ele>29.4</ele>
        <time>2023-05-16T00:44:41Z</time>
      </trkpt>
      <trkpt lat="22.530227" lon="113.950174">
        <ele>29.4</ele>
        <time>2023-05-16T00:44:42Z</time>
      </trkpt>
      <trkpt lat="22.530216" lon="113.950179">
        <ele>29.4</ele>
        <time>2023-05-16T00:44:43Z</time>
      </trkpt>
      <trkpt lat="22.530214" lon="113.950172">
        <ele>29.3</ele>
        <time>2023-05-16T00:44:44Z</time>
      </trkpt>
      <trkpt lat="22.530214" lon="113.950172">
        <ele>29.3</ele>
        <time>2023-05-16T00:44:47Z</time>
      </trkpt>
      <trkpt lat="22.530214" lon="113.950172">
        <ele>29.3</ele>
        <time>2023-05-16T00:45:04Z</time>
      </trkpt>
      <trkpt lat="22.530214" lon="113.950172">
        <ele>29.3</ele>
        <time>2023-05-16T00:45:17Z</time>
      </trkpt>
      <trkpt lat="22.530213" lon="113.950164">
        <ele>29.3</ele>
        <time>2023-05-16T00:45:19Z</time>
      </trkpt>
      <trkpt lat="22.530207" lon="113.950119">
        <ele>29.3</ele>
        <time>2023-05-16T00:45:20Z</time>
      </trkpt>
      <trkpt lat="22.530207" lon="113.950119">
        <ele>29.3</ele>
        <time>2023-05-16T00:45:30Z</time>
      </trkpt>
      <trkpt lat="22.530207" lon="113.950119">
        <ele>29.3</ele>
        <time>2023-05-16T00:45:42Z</time>
      </trkpt>
      <trkpt lat="22.530207" lon="113.950119">
        <ele>29.3</ele>
        <time>2023-05-16T00:45:53Z</time>
      </trkpt>
      <trkpt lat="22.530207" lon="113.950119">
        <ele>29.3</ele>
        <time>2023-05-16T00:46:06Z</time>
      </trkpt>
      <trkpt lat="22.530207" lon="113.950119">
        <ele>29.3</ele>
        <time>2023-05-16T00:46:18Z</time>
      </trkpt>
      <trkpt lat="22.530207" lon="113.950119">
        <ele>29.3</ele>
        <time>2023-05-16T00:46:27Z</time>
      </trkpt>
      <trkpt lat="22.530207" lon="113.950119">
        <ele>29.3</ele>
        <time>2023-05-16T00:46:37Z</time>
      </trkpt>
      <trkpt lat="22.530207" lon="113.950119">
        <ele>29.3</ele>
        <time>2023-05-16T00:46:47Z</time>
      </trkpt>
      <trkpt lat="22.530207" lon="113.950118">
        <ele>29.2</ele>
        <time>2023-05-16T00:46:56Z</time>
      </trkpt>
      <trkpt lat="22.530207" lon="113.950111">
        <ele>29.2</ele>
        <time>2023-05-16T00:46:57Z</time>
      </trkpt>
      <trkpt lat="22.530199" lon="113.950111">
        <ele>29.2</ele>
        <time>2023-05-16T00:46:58Z</time>
      </trkpt>
      <trkpt lat="22.530189" lon="113.950111">
        <ele>29.2</ele>
        <time>2023-05-16T00:46:59Z</time>
      </trkpt>
      <trkpt lat="22.530176" lon="113.950111">
        <ele>29.2</ele>
        <time>2023-05-16T00:47:00Z</time>
      </trkpt>
      <trkpt lat="22.530162" lon="113.950111">
        <ele>29.2</ele>
        <time>2023-05-16T00:47:01Z</time>
      </trkpt>
      <trkpt lat="22.530147" lon="113.950111">
        <ele>29.1</ele>
        <time>2023-05-16T00:47:02Z</time>
      </trkpt>
      <trkpt lat="22.530133" lon="113.950113">
        <ele>29.1</ele>
        <time>2023-05-16T00:47:03Z</time>
      </trkpt>
      <trkpt lat="22.530121" lon="113.950119">
        <ele>29.1</ele>
        <time>2023-05-16T00:47:04Z</time>
      </trkpt>
      <trkpt lat="22.530107" lon="113.950119">
        <ele>29.1</ele>
        <time>2023-05-16T00:47:05Z</time>
      </trkpt>
      <trkpt lat="22.530092" lon="113.950119">
        <ele>29</ele>
        <time>2023-05-16T00:47:06Z</time>
      </trkpt>
      <trkpt lat="22.530078" lon="113.950119">
        <ele>29</ele>
        <time>2023-05-16T00:47:07Z</time>
      </trkpt>
      <trkpt lat="22.530066" lon="113.950119">
        <ele>29</ele>
        <time>2023-05-16T00:47:08Z</time>
      </trkpt>
      <trkpt lat="22.530056" lon="113.950119">
        <ele>29</ele>
        <time>2023-05-16T00:47:09Z</time>
      </trkpt>
      <trkpt lat="22.530047" lon="113.950118">
        <ele>29</ele>
        <time>2023-05-16T00:47:10Z</time>
      </trkpt>
      <trkpt lat="22.530042" lon="113.950111">
        <ele>28.9</ele>
        <time>2023-05-16T00:47:11Z</time>
      </trkpt>
      <trkpt lat="22.530037" lon="113.950111">
        <ele>28.9</ele>
        <time>2023-05-16T00:47:12Z</time>
      </trkpt>
      <trkpt lat="22.530037" lon="113.95011">
        <ele>28.9</ele>
        <time>2023-05-16T00:47:14Z</time>
      </trkpt>
      <trkpt lat="22.530037" lon="113.950102">
        <ele>28.9</ele>
        <time>2023-05-16T00:47:15Z</time>
      </trkpt>
      <trkpt lat="22.530036" lon="113.950091">
        <ele>28.9</ele>
        <time>2023-05-16T00:47:16Z</time>
      </trkpt>
      <trkpt lat="22.53003" lon="113.950061">
        <ele>28.8</ele>
        <time>2023-05-16T00:47:17Z</time>
      </trkpt>
      <trkpt lat="22.530035" lon="113.950032">
        <ele>28.8</ele>
        <time>2023-05-16T00:47:18Z</time>
      </trkpt>
      <trkpt lat="22.530049" lon="113.950006">
        <ele>28.7</ele>
        <time>2023-05-16T00:47:19Z</time>
      </trkpt>
      <trkpt lat="22.530051" lon="113.949968">
        <ele>28.7</ele>
        <time>2023-05-16T00:47:20Z</time>
      </trkpt>
      <trkpt lat="22.530047" lon="113.94993">
        <ele>28.6</ele>
        <time>2023-05-16T00:47:21Z</time>
      </trkpt>
      <trkpt lat="22.530051" lon="113.949901">
        <ele>28.6</ele>
        <time>2023-05-16T00:47:22Z</time>
      </trkpt>
      <trkpt lat="22.530053" lon="113.949878">
        <ele>28.5</ele>
        <time>2023-05-16T00:47:23Z</time>
      </trkpt>
      <trkpt lat="22.530055" lon="113.949856">
        <ele>28.5</ele>
        <time>2023-05-16T00:47:24Z</time>
      </trkpt>
      <trkpt lat="22.530058" lon="113.949831">
        <ele>28.5</ele>
        <time>2023-05-16T00:47:25Z</time>
      </trkpt>
      <trkpt lat="22.530057" lon="113.949801">
        <ele>28.4</ele>
        <time>2023-05-16T00:47:26Z</time>
      </trkpt>
      <trkpt lat="22.530051" lon="113.94977">
        <ele>28.4</ele>
        <time>2023-05-16T00:47:27Z</time>
      </trkpt>
      <trkpt lat="22.530049" lon="113.949738">
        <ele>28.3</ele>
        <time>2023-05-16T00:47:28Z</time>
      </trkpt>
      <trkpt lat="22.53005" lon="113.94971">
        <ele>28.3</ele>
        <time>2023-05-16T00:47:29Z</time>
      </trkpt>
      <trkpt lat="22.530046" lon="113.949688">
        <ele>28.2</ele>
        <time>2023-05-16T00:47:30Z</time>
      </trkpt>
      <trkpt lat="22.530034" lon="113.949666">
        <ele>28.2</ele>
        <time>2023-05-16T00:47:31Z</time>
      </trkpt>
      <trkpt lat="22.530015" lon="113.949652">
        <ele>28.1</ele>
        <time>2023-05-16T00:47:32Z</time>
      </trkpt>
      <trkpt lat="22.53" lon="113.949643">
        <ele>28.1</ele>
        <time>2023-05-16T00:47:33Z</time>
      </trkpt>
      <trkpt lat="22.529993" lon="113.949626">
        <ele>28.1</ele>
        <time>2023-05-16T00:47:34Z</time>
      </trkpt>
      <trkpt lat="22.529984" lon="113.949605">
        <ele>28</ele>
        <time>2023-05-16T00:47:35Z</time>
      </trkpt>
      <trkpt lat="22.529979" lon="113.949591">
        <ele>28</ele>
        <time>2023-05-16T00:47:36Z</time>
      </trkpt>
      <trkpt lat="22.529988" lon="113.949582">
        <ele>28</ele>
        <time>2023-05-16T00:47:37Z</time>
      </trkpt>
      <trkpt lat="22.530002" lon="113.949567">
        <ele>28</ele>
        <time>2023-05-16T00:47:38Z</time>
      </trkpt>
      <trkpt lat="22.530009" lon="113.949552">
        <ele>27.9</ele>
        <time>2023-05-16T00:47:39Z</time>
      </trkpt>
      <trkpt lat="22.530014" lon="113.949536">
        <ele>27.9</ele>
        <time>2023-05-16T00:47:40Z</time>
      </trkpt>
      <trkpt lat="22.530013" lon="113.94952">
        <ele>27.9</ele>
        <time>2023-05-16T00:47:41Z</time>
      </trkpt>
      <trkpt lat="22.530008" lon="113.949496">
        <ele>27.8</ele>
        <time>2023-05-16T00:47:42Z</time>
      </trkpt>
      <trkpt lat="22.530005" lon="113.949466">
        <ele>27.8</ele>
        <time>2023-05-16T00:47:43Z</time>
      </trkpt>
      <trkpt lat="22.530007" lon="113.949442">
        <ele>27.8</ele>
        <time>2023-05-16T00:47:44Z</time>
      </trkpt>
      <trkpt lat="22.530009" lon="113.949413">
        <ele>27.7</ele>
        <time>2023-05-16T00:47:45Z</time>
      </trkpt>
      <trkpt lat="22.53001" lon="113.949388">
        <ele>27.7</ele>
        <time>2023-05-16T00:47:46Z</time>
      </trkpt>
      <trkpt lat="22.530008" lon="113.949361">
        <ele>27.6</ele>
        <time>2023-05-16T00:47:47Z</time>
      </trkpt>
      <trkpt lat="22.530004" lon="113.949343">
        <ele>27.6</ele>
        <time>2023-05-16T00:47:48Z</time>
      </trkpt>
      <trkpt lat="22.529998" lon="113.949311">
        <ele>27.6</ele>
        <time>2023-05-16T00:47:49Z</time>
      </trkpt>
      <trkpt lat="22.52999" lon="113.949265">
        <ele>27.6</ele>
        <time>2023-05-16T00:47:50Z</time>
      </trkpt>
      <trkpt lat="22.529983" lon="113.949226">
        <ele>27.6</ele>
        <time>2023-05-16T00:47:51Z</time>
      </trkpt>
      <trkpt lat="22.52998" lon="113.949192">
        <ele>27.6</ele>
        <time>2023-05-16T00:47:52Z</time>
      </trkpt>
      <trkpt lat="22.529982" lon="113.949159">
        <ele>27.5</ele>
        <time>2023-05-16T00:47:53Z</time>
      </trkpt>
      <trkpt lat="22.529986" lon="113.94912">
        <ele>27.5</ele>
        <time>2023-05-16T00:47:54Z</time>
      </trkpt>
      <trkpt lat="22.529989" lon="113.949071">
        <ele>27.5</ele>
        <time>2023-05-16T00:47:55Z</time>
      </trkpt>
      <trkpt lat="22.529988" lon="113.94901">
        <ele>27.5</ele>
        <time>2023-05-16T00:47:56Z</time>
      </trkpt>
      <trkpt lat="22.529985" lon="113.948967">
        <ele>27.5</ele>
        <time>2023-05-16T00:47:57Z</time>
      </trkpt>
      <trkpt lat="22.529983" lon="113.948917">
        <ele>27.5</ele>
        <time>2023-05-16T00:47:58Z</time>
      </trkpt>
      <trkpt lat="22.52998" lon="113.948839">
        <ele>27.5</ele>
        <time>2023-05-16T00:47:59Z</time>
      </trkpt>
      <trkpt lat="22.529971" lon="113.948761">
        <ele>27.4</ele>
        <time>2023-05-16T00:48:00Z</time>
      </trkpt>
      <trkpt lat="22.529958" lon="113.948713">
        <ele>27.4</ele>
        <time>2023-05-16T00:48:01Z</time>
      </trkpt>
      <trkpt lat="22.52995" lon="113.948654">
        <ele>27.4</ele>
        <time>2023-05-16T00:48:02Z</time>
      </trkpt>
      <trkpt lat="22.529944" lon="113.948609">
        <ele>27.4</ele>
        <time>2023-05-16T00:48:03Z</time>
      </trkpt>
      <trkpt lat="22.52994" lon="113.948572">
        <ele>27.4</ele>
        <time>2023-05-16T00:48:04Z</time>
      </trkpt>
      <trkpt lat="22.52994" lon="113.948533">
        <ele>27.4</ele>
        <time>2023-05-16T00:48:05Z</time>
      </trkpt>
      <trkpt lat="22.529944" lon="113.948496">
        <ele>27.4</ele>
        <time>2023-05-16T00:48:06Z</time>
      </trkpt>
      <trkpt lat="22.529947" lon="113.948457">
        <ele>27.4</ele>
        <time>2023-05-16T00:48:07Z</time>
      </trkpt>
      <trkpt lat="22.529946" lon="113.948421">
        <ele>27.4</ele>
        <time>2023-05-16T00:48:08Z</time>
      </trkpt>
      <trkpt lat="22.529942" lon="113.94839">
        <ele>27.3</ele>
        <time>2023-05-16T00:48:09Z</time>
      </trkpt>
      <trkpt lat="22.529945" lon="113.948359">
        <ele>27.3</ele>
        <time>2023-05-16T00:48:10Z</time>
      </trkpt>
      <trkpt lat="22.529952" lon="113.948329">
        <ele>27.3</ele>
        <time>2023-05-16T00:48:11Z</time>
      </trkpt>
      <trkpt lat="22.529955" lon="113.948299">
        <ele>27.3</ele>
        <time>2023-05-16T00:48:12Z</time>
      </trkpt>
      <trkpt lat="22.529957" lon="113.948267">
        <ele>27.3</ele>
        <time>2023-05-16T00:48:13Z</time>
      </trkpt>
      <trkpt lat="22.529955" lon="113.948229">
        <ele>27.3</ele>
        <time>2023-05-16T00:48:14Z</time>
      </trkpt>
      <trkpt lat="22.529954" lon="113.948189">
        <ele>27.3</ele>
        <time>2023-05-16T00:48:15Z</time>
      </trkpt>
      <trkpt lat="22.529948" lon="113.948144">
        <ele>27.3</ele>
        <time>2023-05-16T00:48:16Z</time>
      </trkpt>
      <trkpt lat="22.529939" lon="113.948106">
        <ele>27.3</ele>
        <time>2023-05-16T00:48:17Z</time>
      </trkpt>
      <trkpt lat="22.529932" lon="113.948068">
        <ele>27.3</ele>
        <time>2023-05-16T00:48:18Z</time>
      </trkpt>
      <trkpt lat="22.529923" lon="113.948029">
        <ele>27.2</ele>
        <time>2023-05-16T00:48:19Z</time>
      </trkpt>
      <trkpt lat="22.529914" lon="113.947985">
        <ele>27.2</ele>
        <time>2023-05-16T00:48:20Z</time>
      </trkpt>
      <trkpt lat="22.529906" lon="113.947949">
        <ele>27.2</ele>
        <time>2023-05-16T00:48:21Z</time>
      </trkpt>
      <trkpt lat="22.529896" lon="113.947925">
        <ele>27.2</ele>
        <time>2023-05-16T00:48:22Z</time>
      </trkpt>
      <trkpt lat="22.529888" lon="113.947897">
        <ele>27.2</ele>
        <time>2023-05-16T00:48:23Z</time>
      </trkpt>
      <trkpt lat="22.529893" lon="113.947878">
        <ele>27.2</ele>
        <time>2023-05-16T00:48:24Z</time>
      </trkpt>
      <trkpt lat="22.52997" lon="113.947842">
        <ele>27.2</ele>
        <time>2023-05-16T00:48:25Z</time>
      </trkpt>
      <trkpt lat="22.529981" lon="113.94782">
        <ele>27.2</ele>
        <time>2023-05-16T00:48:26Z</time>
      </trkpt>
      <trkpt lat="22.529987" lon="113.947804">
        <ele>27.2</ele>
        <time>2023-05-16T00:48:27Z</time>
      </trkpt>
      <trkpt lat="22.529987" lon="113.947778">
        <ele>27.2</ele>
        <time>2023-05-16T00:48:28Z</time>
      </trkpt>
      <trkpt lat="22.529985" lon="113.94774">
        <ele>27.2</ele>
        <time>2023-05-16T00:48:29Z</time>
      </trkpt>
      <trkpt lat="22.529984" lon="113.947702">
        <ele>27.1</ele>
        <time>2023-05-16T00:48:30Z</time>
      </trkpt>
      <trkpt lat="22.529976" lon="113.947664">
        <ele>27.1</ele>
        <time>2023-05-16T00:48:31Z</time>
      </trkpt>
      <trkpt lat="22.529963" lon="113.947627">
        <ele>27.1</ele>
        <time>2023-05-16T00:48:32Z</time>
      </trkpt>
      <trkpt lat="22.529952" lon="113.947595">
        <ele>27.1</ele>
        <time>2023-05-16T00:48:33Z</time>
      </trkpt>
      <trkpt lat="22.52995" lon="113.947558">
        <ele>27.1</ele>
        <time>2023-05-16T00:48:34Z</time>
      </trkpt>
      <trkpt lat="22.529951" lon="113.947526">
        <ele>27.1</ele>
        <time>2023-05-16T00:48:35Z</time>
      </trkpt>
      <trkpt lat="22.52995" lon="113.947479">
        <ele>27.1</ele>
        <time>2023-05-16T00:48:36Z</time>
      </trkpt>
      <trkpt lat="22.529945" lon="113.947405">
        <ele>27</ele>
        <time>2023-05-16T00:48:37Z</time>
      </trkpt>
      <trkpt lat="22.529953" lon="113.94737">
        <ele>27</ele>
        <time>2023-05-16T00:48:38Z</time>
      </trkpt>
      <trkpt lat="22.529957" lon="113.947355">
        <ele>27</ele>
        <time>2023-05-16T00:48:39Z</time>
      </trkpt>
      <trkpt lat="22.529965" lon="113.947336">
        <ele>27</ele>
        <time>2023-05-16T00:48:40Z</time>
      </trkpt>
      <trkpt lat="22.529958" lon="113.94731">
        <ele>27</ele>
        <time>2023-05-16T00:48:41Z</time>
      </trkpt>
      <trkpt lat="22.52995" lon="113.947302">
        <ele>27</ele>
        <time>2023-05-16T00:48:42Z</time>
      </trkpt>
      <trkpt lat="22.529946" lon="113.947293">
        <ele>27</ele>
        <time>2023-05-16T00:48:43Z</time>
      </trkpt>
      <trkpt lat="22.529939" lon="113.947268">
        <ele>27</ele>
        <time>2023-05-16T00:48:44Z</time>
      </trkpt>
      <trkpt lat="22.529938" lon="113.947233">
        <ele>27</ele>
        <time>2023-05-16T00:48:45Z</time>
      </trkpt>
      <trkpt lat="22.529936" lon="113.947189">
        <ele>26.9</ele>
        <time>2023-05-16T00:48:46Z</time>
      </trkpt>
      <trkpt lat="22.529929" lon="113.947144">
        <ele>26.9</ele>
        <time>2023-05-16T00:48:47Z</time>
      </trkpt>
      <trkpt lat="22.52992" lon="113.947103">
        <ele>26.9</ele>
        <time>2023-05-16T00:48:48Z</time>
      </trkpt>
      <trkpt lat="22.52991" lon="113.947049">
        <ele>26.9</ele>
        <time>2023-05-16T00:48:49Z</time>
      </trkpt>
      <trkpt lat="22.529907" lon="113.947">
        <ele>26.8</ele>
        <time>2023-05-16T00:48:50Z</time>
      </trkpt>
      <trkpt lat="22.529907" lon="113.946961">
        <ele>26.8</ele>
        <time>2023-05-16T00:48:51Z</time>
      </trkpt>
      <trkpt lat="22.529907" lon="113.946916">
        <ele>26.8</ele>
        <time>2023-05-16T00:48:52Z</time>
      </trkpt>
      <trkpt lat="22.529903" lon="113.946869">
        <ele>26.8</ele>
        <time>2023-05-16T00:48:53Z</time>
      </trkpt>
      <trkpt lat="22.529901" lon="113.946823">
        <ele>26.7</ele>
        <time>2023-05-16T00:48:54Z</time>
      </trkpt>
      <trkpt lat="22.529895" lon="113.946769">
        <ele>26.7</ele>
        <time>2023-05-16T00:48:55Z</time>
      </trkpt>
      <trkpt lat="22.529885" lon="113.946714">
        <ele>26.7</ele>
        <time>2023-05-16T00:48:56Z</time>
      </trkpt>
      <trkpt lat="22.529866" lon="113.946655">
        <ele>26.7</ele>
        <time>2023-05-16T00:48:57Z</time>
      </trkpt>
      <trkpt lat="22.529851" lon="113.946602">
        <ele>26.6</ele>
        <time>2023-05-16T00:48:58Z</time>
      </trkpt>
      <trkpt lat="22.529845" lon="113.94655">
        <ele>26.6</ele>
        <time>2023-05-16T00:48:59Z</time>
      </trkpt>
      <trkpt lat="22.52984" lon="113.94651">
        <ele>26.6</ele>
        <time>2023-05-16T00:49:00Z</time>
      </trkpt>
      <trkpt lat="22.529839" lon="113.946459">
        <ele>26.6</ele>
        <time>2023-05-16T00:49:01Z</time>
      </trkpt>
      <trkpt lat="22.529843" lon="113.94642">
        <ele>26.5</ele>
        <time>2023-05-16T00:49:02Z</time>
      </trkpt>
      <trkpt lat="22.529843" lon="113.94638">
        <ele>26.5</ele>
        <time>2023-05-16T00:49:03Z</time>
      </trkpt>
      <trkpt lat="22.529832" lon="113.946328">
        <ele>26.5</ele>
        <time>2023-05-16T00:49:04Z</time>
      </trkpt>
      <trkpt lat="22.529828" lon="113.946277">
        <ele>26.5</ele>
        <time>2023-05-16T00:49:05Z</time>
      </trkpt>
      <trkpt lat="22.529833" lon="113.946212">
        <ele>26.4</ele>
        <time>2023-05-16T00:49:06Z</time>
      </trkpt>
      <trkpt lat="22.529839" lon="113.946158">
        <ele>26.4</ele>
        <time>2023-05-16T00:49:07Z</time>
      </trkpt>
      <trkpt lat="22.529848" lon="113.946106">
        <ele>26.4</ele>
        <time>2023-05-16T00:49:08Z</time>
      </trkpt>
      <trkpt lat="22.529851" lon="113.946062">
        <ele>26.4</ele>
        <time>2023-05-16T00:49:09Z</time>
      </trkpt>
      <trkpt lat="22.529861" lon="113.946022">
        <ele>26.3</ele>
        <time>2023-05-16T00:49:10Z</time>
      </trkpt>
      <trkpt lat="22.529879" lon="113.94597">
        <ele>26.3</ele>
        <time>2023-05-16T00:49:11Z</time>
      </trkpt>
      <trkpt lat="22.529886" lon="113.945924">
        <ele>26.3</ele>
        <time>2023-05-16T00:49:12Z</time>
      </trkpt>
      <trkpt lat="22.529893" lon="113.945878">
        <ele>26.3</ele>
        <time>2023-05-16T00:49:13Z</time>
      </trkpt>
      <trkpt lat="22.529887" lon="113.945833">
        <ele>26.2</ele>
        <time>2023-05-16T00:49:14Z</time>
      </trkpt>
      <trkpt lat="22.529888" lon="113.945796">
        <ele>26.2</ele>
        <time>2023-05-16T00:49:15Z</time>
      </trkpt>
      <trkpt lat="22.52989" lon="113.945767">
        <ele>26.2</ele>
        <time>2023-05-16T00:49:16Z</time>
      </trkpt>
      <trkpt lat="22.529892" lon="113.945742">
        <ele>26.2</ele>
        <time>2023-05-16T00:49:17Z</time>
      </trkpt>
      <trkpt lat="22.529901" lon="113.945714">
        <ele>26.2</ele>
        <time>2023-05-16T00:49:18Z</time>
      </trkpt>
      <trkpt lat="22.529908" lon="113.94569">
        <ele>26.2</ele>
        <time>2023-05-16T00:49:19Z</time>
      </trkpt>
      <trkpt lat="22.529916" lon="113.94567">
        <ele>26.2</ele>
        <time>2023-05-16T00:49:20Z</time>
      </trkpt>
      <trkpt lat="22.529923" lon="113.945662">
        <ele>26.1</ele>
        <time>2023-05-16T00:49:21Z</time>
      </trkpt>
      <trkpt lat="22.529928" lon="113.945655">
        <ele>26.1</ele>
        <time>2023-05-16T00:49:22Z</time>
      </trkpt>
      <trkpt lat="22.529938" lon="113.945649">
        <ele>26.1</ele>
        <time>2023-05-16T00:49:23Z</time>
      </trkpt>
      <trkpt lat="22.529953" lon="113.945657">
        <ele>26.1</ele>
        <time>2023-05-16T00:49:24Z</time>
      </trkpt>
      <trkpt lat="22.529966" lon="113.945661">
        <ele>26.1</ele>
        <time>2023-05-16T00:49:25Z</time>
      </trkpt>
      <trkpt lat="22.529975" lon="113.945648">
        <ele>26.1</ele>
        <time>2023-05-16T00:49:26Z</time>
      </trkpt>
      <trkpt lat="22.529985" lon="113.945648">
        <ele>26.1</ele>
        <time>2023-05-16T00:49:27Z</time>
      </trkpt>
      <trkpt lat="22.529991" lon="113.945647">
        <ele>26.1</ele>
        <time>2023-05-16T00:49:28Z</time>
      </trkpt>
      <trkpt lat="22.529991" lon="113.945641">
        <ele>26.1</ele>
        <time>2023-05-16T00:49:29Z</time>
      </trkpt>
      <trkpt lat="22.529991" lon="113.945641">
        <ele>26.1</ele>
        <time>2023-05-16T00:49:31Z</time>
      </trkpt>
      <trkpt lat="22.529991" lon="113.945641">
        <ele>26.1</ele>
        <time>2023-05-16T00:49:32Z</time>
      </trkpt>
      <trkpt lat="22.529991" lon="113.945641">
        <ele>26.1</ele>
        <time>2023-05-16T00:49:33Z</time>
      </trkpt>
      <trkpt lat="22.529991" lon="113.945641">
        <ele>26.1</ele>
        <time>2023-05-16T00:49:35Z</time>
      </trkpt>
      <trkpt lat="22.529991" lon="113.945641">
        <ele>26.1</ele>
        <time>2023-05-16T00:49:36Z</time>
      </trkpt>
      <trkpt lat="22.529991" lon="113.945641">
        <ele>26.1</ele>
        <time>2023-05-16T00:49:37Z</time>
      </trkpt>
      <trkpt lat="22.529991" lon="113.945641">
        <ele>26.1</ele>
        <time>2023-05-16T00:49:42Z</time>
      </trkpt>
      <trkpt lat="22.529991" lon="113.945641">
        <ele>26.1</ele>
        <time>2023-05-16T00:49:44Z</time>
      </trkpt>
      <trkpt lat="22.529991" lon="113.945641">
        <ele>26.1</ele>
        <time>2023-05-16T00:49:46Z</time>
      </trkpt>
      <trkpt lat="22.529991" lon="113.945641">
        <ele>26.1</ele>
        <time>2023-05-16T00:49:49Z</time>
      </trkpt>
      <trkpt lat="22.529991" lon="113.945641">
        <ele>26.1</ele>
        <time>2023-05-16T00:49:51Z</time>
      </trkpt>
      <trkpt lat="22.530002" lon="113.945629">
        <ele>26.1</ele>
        <time>2023-05-16T00:49:53Z</time>
      </trkpt>
      <trkpt lat="22.530041" lon="113.945587">
        <ele>26.1</ele>
        <time>2023-05-16T00:49:54Z</time>
      </trkpt>
      <trkpt lat="22.530041" lon="113.945587">
        <ele>26.1</ele>
        <time>2023-05-16T00:49:59Z</time>
      </trkpt>
      <trkpt lat="22.53004" lon="113.945581">
        <ele>26.1</ele>
        <time>2023-05-16T00:50:10Z</time>
      </trkpt>
      <trkpt lat="22.530038" lon="113.945546">
        <ele>26.1</ele>
        <time>2023-05-16T00:50:11Z</time>
      </trkpt>
      <trkpt lat="22.530033" lon="113.945531">
        <ele>26.1</ele>
        <time>2023-05-16T00:50:12Z</time>
      </trkpt>
      <trkpt lat="22.530036" lon="113.945515">
        <ele>26.1</ele>
        <time>2023-05-16T00:50:13Z</time>
      </trkpt>
      <trkpt lat="22.53004" lon="113.945493">
        <ele>26.1</ele>
        <time>2023-05-16T00:50:14Z</time>
      </trkpt>
      <trkpt lat="22.530039" lon="113.945478">
        <ele>26.1</ele>
        <time>2023-05-16T00:50:15Z</time>
      </trkpt>
      <trkpt lat="22.530041" lon="113.945463">
        <ele>26.1</ele>
        <time>2023-05-16T00:50:16Z</time>
      </trkpt>
      <trkpt lat="22.530045" lon="113.945445">
        <ele>26.1</ele>
        <time>2023-05-16T00:50:17Z</time>
      </trkpt>
      <trkpt lat="22.530049" lon="113.945424">
        <ele>26.1</ele>
        <time>2023-05-16T00:50:18Z</time>
      </trkpt>
      <trkpt lat="22.53005" lon="113.945408">
        <ele>26.2</ele>
        <time>2023-05-16T00:50:19Z</time>
      </trkpt>
      <trkpt lat="22.530045" lon="113.945385">
        <ele>26.2</ele>
        <time>2023-05-16T00:50:20Z</time>
      </trkpt>
      <trkpt lat="22.530037" lon="113.945362">
        <ele>26.2</ele>
        <time>2023-05-16T00:50:21Z</time>
      </trkpt>
      <trkpt lat="22.530021" lon="113.945341">
        <ele>26.2</ele>
        <time>2023-05-16T00:50:22Z</time>
      </trkpt>
      <trkpt lat="22.529991" lon="113.945326">
        <ele>26.2</ele>
        <time>2023-05-16T00:50:23Z</time>
      </trkpt>
      <trkpt lat="22.529967" lon="113.945316">
        <ele>26.2</ele>
        <time>2023-05-16T00:50:24Z</time>
      </trkpt>
      <trkpt lat="22.52995" lon="113.945292">
        <ele>26.2</ele>
        <time>2023-05-16T00:50:25Z</time>
      </trkpt>
      <trkpt lat="22.529933" lon="113.945261">
        <ele>26.2</ele>
        <time>2023-05-16T00:50:26Z</time>
      </trkpt>
      <trkpt lat="22.529932" lon="113.945238">
        <ele>26.2</ele>
        <time>2023-05-16T00:50:27Z</time>
      </trkpt>
      <trkpt lat="22.529945" lon="113.94521">
        <ele>26.2</ele>
        <time>2023-05-16T00:50:28Z</time>
      </trkpt>
      <trkpt lat="22.529968" lon="113.945187">
        <ele>26.2</ele>
        <time>2023-05-16T00:50:29Z</time>
      </trkpt>
      <trkpt lat="22.529988" lon="113.945163">
        <ele>26.2</ele>
        <time>2023-05-16T00:50:30Z</time>
      </trkpt>
      <trkpt lat="22.530006" lon="113.945142">
        <ele>26.2</ele>
        <time>2023-05-16T00:50:31Z</time>
      </trkpt>
      <trkpt lat="22.530012" lon="113.945128">
        <ele>26.2</ele>
        <time>2023-05-16T00:50:32Z</time>
      </trkpt>
      <trkpt lat="22.530001" lon="113.945119">
        <ele>26.2</ele>
        <time>2023-05-16T00:50:33Z</time>
      </trkpt>
      <trkpt lat="22.529994" lon="113.945103">
        <ele>26.2</ele>
        <time>2023-05-16T00:50:34Z</time>
      </trkpt>
      <trkpt lat="22.529989" lon="113.945069">
        <ele>26.2</ele>
        <time>2023-05-16T00:50:35Z</time>
      </trkpt>
      <trkpt lat="22.529978" lon="113.944984">
        <ele>26.2</ele>
        <time>2023-05-16T00:50:36Z</time>
      </trkpt>
      <trkpt lat="22.529984" lon="113.944946">
        <ele>26.3</ele>
        <time>2023-05-16T00:50:37Z</time>
      </trkpt>
      <trkpt lat="22.529982" lon="113.944931">
        <ele>26.3</ele>
        <time>2023-05-16T00:50:38Z</time>
      </trkpt>
      <trkpt lat="22.529999" lon="113.944858">
        <ele>26.3</ele>
        <time>2023-05-16T00:50:39Z</time>
      </trkpt>
      <trkpt lat="22.530012" lon="113.944789">
        <ele>26.3</ele>
        <time>2023-05-16T00:50:40Z</time>
      </trkpt>
      <trkpt lat="22.53002" lon="113.944731">
        <ele>26.3</ele>
        <time>2023-05-16T00:50:41Z</time>
      </trkpt>
      <trkpt lat="22.530018" lon="113.944681">
        <ele>26.3</ele>
        <time>2023-05-16T00:50:42Z</time>
      </trkpt>
      <trkpt lat="22.530037" lon="113.944645">
        <ele>26.3</ele>
        <time>2023-05-16T00:50:43Z</time>
      </trkpt>
      <trkpt lat="22.530045" lon="113.944596">
        <ele>26.3</ele>
        <time>2023-05-16T00:50:44Z</time>
      </trkpt>
      <trkpt lat="22.530048" lon="113.944558">
        <ele>26.3</ele>
        <time>2023-05-16T00:50:45Z</time>
      </trkpt>
      <trkpt lat="22.53005" lon="113.944519">
        <ele>26.3</ele>
        <time>2023-05-16T00:50:46Z</time>
      </trkpt>
      <trkpt lat="22.53005" lon="113.94447">
        <ele>26.3</ele>
        <time>2023-05-16T00:50:47Z</time>
      </trkpt>
      <trkpt lat="22.530013" lon="113.944359">
        <ele>26.4</ele>
        <time>2023-05-16T00:50:48Z</time>
      </trkpt>
      <trkpt lat="22.529999" lon="113.94428">
        <ele>26.4</ele>
        <time>2023-05-16T00:50:49Z</time>
      </trkpt>
      <trkpt lat="22.530006" lon="113.944265">
        <ele>26.4</ele>
        <time>2023-05-16T00:50:50Z</time>
      </trkpt>
      <trkpt lat="22.529992" lon="113.944248">
        <ele>26.4</ele>
        <time>2023-05-16T00:50:51Z</time>
      </trkpt>
      <trkpt lat="22.529985" lon="113.944224">
        <ele>26.4</ele>
        <time>2023-05-16T00:50:52Z</time>
      </trkpt>
      <trkpt lat="22.529986" lon="113.944203">
        <ele>26.4</ele>
        <time>2023-05-16T00:50:53Z</time>
      </trkpt>
      <trkpt lat="22.529988" lon="113.944181">
        <ele>26.4</ele>
        <time>2023-05-16T00:50:54Z</time>
      </trkpt>
      <trkpt lat="22.529994" lon="113.944168">
        <ele>26.4</ele>
        <time>2023-05-16T00:50:55Z</time>
      </trkpt>
      <trkpt lat="22.529996" lon="113.944168">
        <ele>26.4</ele>
        <time>2023-05-16T00:50:56Z</time>
      </trkpt>
      <trkpt lat="22.529991" lon="113.944165">
        <ele>26.4</ele>
        <time>2023-05-16T00:50:57Z</time>
      </trkpt>
      <trkpt lat="22.529986" lon="113.944139">
        <ele>26.4</ele>
        <time>2023-05-16T00:50:58Z</time>
      </trkpt>
      <trkpt lat="22.529979" lon="113.944107">
        <ele>26.4</ele>
        <time>2023-05-16T00:50:59Z</time>
      </trkpt>
      <trkpt lat="22.529973" lon="113.944068">
        <ele>26.4</ele>
        <time>2023-05-16T00:51:00Z</time>
      </trkpt>
      <trkpt lat="22.529969" lon="113.944031">
        <ele>26.4</ele>
        <time>2023-05-16T00:51:01Z</time>
      </trkpt>
      <trkpt lat="22.529962" lon="113.943994">
        <ele>26.4</ele>
        <time>2023-05-16T00:51:02Z</time>
      </trkpt>
      <trkpt lat="22.529958" lon="113.943955">
        <ele>26.4</ele>
        <time>2023-05-16T00:51:03Z</time>
      </trkpt>
      <trkpt lat="22.529956" lon="113.943909">
        <ele>26.5</ele>
        <time>2023-05-16T00:51:04Z</time>
      </trkpt>
      <trkpt lat="22.529954" lon="113.943869">
        <ele>26.5</ele>
        <time>2023-05-16T00:51:05Z</time>
      </trkpt>
      <trkpt lat="22.529949" lon="113.943821">
        <ele>26.5</ele>
        <time>2023-05-16T00:51:06Z</time>
      </trkpt>
      <trkpt lat="22.529941" lon="113.943773">
        <ele>26.5</ele>
        <time>2023-05-16T00:51:07Z</time>
      </trkpt>
      <trkpt lat="22.529937" lon="113.943741">
        <ele>26.5</ele>
        <time>2023-05-16T00:51:08Z</time>
      </trkpt>
      <trkpt lat="22.529932" lon="113.943695">
        <ele>26.4</ele>
        <time>2023-05-16T00:51:09Z</time>
      </trkpt>
      <trkpt lat="22.52993" lon="113.943648">
        <ele>26.4</ele>
        <time>2023-05-16T00:51:10Z</time>
      </trkpt>
      <trkpt lat="22.529927" lon="113.943604">
        <ele>26.4</ele>
        <time>2023-05-16T00:51:11Z</time>
      </trkpt>
      <trkpt lat="22.529922" lon="113.94356">
        <ele>26.4</ele>
        <time>2023-05-16T00:51:12Z</time>
      </trkpt>
      <trkpt lat="22.52992" lon="113.943521">
        <ele>26.4</ele>
        <time>2023-05-16T00:51:13Z</time>
      </trkpt>
      <trkpt lat="22.529919" lon="113.943491">
        <ele>26.4</ele>
        <time>2023-05-16T00:51:14Z</time>
      </trkpt>
      <trkpt lat="22.529916" lon="113.943448">
        <ele>26.4</ele>
        <time>2023-05-16T00:51:15Z</time>
      </trkpt>
      <trkpt lat="22.529902" lon="113.943394">
        <ele>26.4</ele>
        <time>2023-05-16T00:51:16Z</time>
      </trkpt>
      <trkpt lat="22.529887" lon="113.943346">
        <ele>26.4</ele>
        <time>2023-05-16T00:51:17Z</time>
      </trkpt>
      <trkpt lat="22.529879" lon="113.943306">
        <ele>26.4</ele>
        <time>2023-05-16T00:51:18Z</time>
      </trkpt>
      <trkpt lat="22.529883" lon="113.943253">
        <ele>26.4</ele>
        <time>2023-05-16T00:51:19Z</time>
      </trkpt>
      <trkpt lat="22.529883" lon="113.943215">
        <ele>26.4</ele>
        <time>2023-05-16T00:51:20Z</time>
      </trkpt>
      <trkpt lat="22.529878" lon="113.943177">
        <ele>26.4</ele>
        <time>2023-05-16T00:51:21Z</time>
      </trkpt>
      <trkpt lat="22.529877" lon="113.943145">
        <ele>26.4</ele>
        <time>2023-05-16T00:51:22Z</time>
      </trkpt>
      <trkpt lat="22.529881" lon="113.943109">
        <ele>26.4</ele>
        <time>2023-05-16T00:51:23Z</time>
      </trkpt>
      <trkpt lat="22.529892" lon="113.943081">
        <ele>26.4</ele>
        <time>2023-05-16T00:51:24Z</time>
      </trkpt>
      <trkpt lat="22.529903" lon="113.943056">
        <ele>26.4</ele>
        <time>2023-05-16T00:51:25Z</time>
      </trkpt>
      <trkpt lat="22.529924" lon="113.943028">
        <ele>26.4</ele>
        <time>2023-05-16T00:51:26Z</time>
      </trkpt>
      <trkpt lat="22.529941" lon="113.943004">
        <ele>26.4</ele>
        <time>2023-05-16T00:51:27Z</time>
      </trkpt>
      <trkpt lat="22.529949" lon="113.94297">
        <ele>26.4</ele>
        <time>2023-05-16T00:51:28Z</time>
      </trkpt>
      <trkpt lat="22.529947" lon="113.942926">
        <ele>26.4</ele>
        <time>2023-05-16T00:51:29Z</time>
      </trkpt>
      <trkpt lat="22.529948" lon="113.942886">
        <ele>26.4</ele>
        <time>2023-05-16T00:51:30Z</time>
      </trkpt>
      <trkpt lat="22.529949" lon="113.942849">
        <ele>26.4</ele>
        <time>2023-05-16T00:51:31Z</time>
      </trkpt>
      <trkpt lat="22.529946" lon="113.942811">
        <ele>26.4</ele>
        <time>2023-05-16T00:51:32Z</time>
      </trkpt>
      <trkpt lat="22.529937" lon="113.942765">
        <ele>26.4</ele>
        <time>2023-05-16T00:51:33Z</time>
      </trkpt>
      <trkpt lat="22.529931" lon="113.942727">
        <ele>26.4</ele>
        <time>2023-05-16T00:51:34Z</time>
      </trkpt>
      <trkpt lat="22.529925" lon="113.942688">
        <ele>26.4</ele>
        <time>2023-05-16T00:51:35Z</time>
      </trkpt>
      <trkpt lat="22.52992" lon="113.942644">
        <ele>26.4</ele>
        <time>2023-05-16T00:51:36Z</time>
      </trkpt>
      <trkpt lat="22.529915" lon="113.942605">
        <ele>26.4</ele>
        <time>2023-05-16T00:51:37Z</time>
      </trkpt>
      <trkpt lat="22.529908" lon="113.942563">
        <ele>26.4</ele>
        <time>2023-05-16T00:51:38Z</time>
      </trkpt>
      <trkpt lat="22.529904" lon="113.942512">
        <ele>26.4</ele>
        <time>2023-05-16T00:51:39Z</time>
      </trkpt>
      <trkpt lat="22.529906" lon="113.942468">
        <ele>26.4</ele>
        <time>2023-05-16T00:51:40Z</time>
      </trkpt>
      <trkpt lat="22.529907" lon="113.942423">
        <ele>26.4</ele>
        <time>2023-05-16T00:51:41Z</time>
      </trkpt>
      <trkpt lat="22.529905" lon="113.942384">
        <ele>26.4</ele>
        <time>2023-05-16T00:51:42Z</time>
      </trkpt>
      <trkpt lat="22.529901" lon="113.942346">
        <ele>26.4</ele>
        <time>2023-05-16T00:51:43Z</time>
      </trkpt>
      <trkpt lat="22.529899" lon="113.942298">
        <ele>26.4</ele>
        <time>2023-05-16T00:51:44Z</time>
      </trkpt>
      <trkpt lat="22.529895" lon="113.942241">
        <ele>26.4</ele>
        <time>2023-05-16T00:51:45Z</time>
      </trkpt>
      <trkpt lat="22.529889" lon="113.942181">
        <ele>26.4</ele>
        <time>2023-05-16T00:51:46Z</time>
      </trkpt>
      <trkpt lat="22.529882" lon="113.942131">
        <ele>26.3</ele>
        <time>2023-05-16T00:51:47Z</time>
      </trkpt>
      <trkpt lat="22.529881" lon="113.942084">
        <ele>26.3</ele>
        <time>2023-05-16T00:51:48Z</time>
      </trkpt>
      <trkpt lat="22.529881" lon="113.942033">
        <ele>26.3</ele>
        <time>2023-05-16T00:51:49Z</time>
      </trkpt>
      <trkpt lat="22.529885" lon="113.941993">
        <ele>26.3</ele>
        <time>2023-05-16T00:51:50Z</time>
      </trkpt>
      <trkpt lat="22.529892" lon="113.941945">
        <ele>26.3</ele>
        <time>2023-05-16T00:51:51Z</time>
      </trkpt>
      <trkpt lat="22.529909" lon="113.941923">
        <ele>26.3</ele>
        <time>2023-05-16T00:51:52Z</time>
      </trkpt>
      <trkpt lat="22.529931" lon="113.941903">
        <ele>26.3</ele>
        <time>2023-05-16T00:51:53Z</time>
      </trkpt>
      <trkpt lat="22.529948" lon="113.941865">
        <ele>26.3</ele>
        <time>2023-05-16T00:51:54Z</time>
      </trkpt>
      <trkpt lat="22.529961" lon="113.941833">
        <ele>26.3</ele>
        <time>2023-05-16T00:51:55Z</time>
      </trkpt>
      <trkpt lat="22.529969" lon="113.941797">
        <ele>26.3</ele>
        <time>2023-05-16T00:51:56Z</time>
      </trkpt>
      <trkpt lat="22.529977" lon="113.941761">
        <ele>26.3</ele>
        <time>2023-05-16T00:51:57Z</time>
      </trkpt>
      <trkpt lat="22.529983" lon="113.941719">
        <ele>26.3</ele>
        <time>2023-05-16T00:51:58Z</time>
      </trkpt>
      <trkpt lat="22.529993" lon="113.941673">
        <ele>26.3</ele>
        <time>2023-05-16T00:51:59Z</time>
      </trkpt>
      <trkpt lat="22.530002" lon="113.941634">
        <ele>26.3</ele>
        <time>2023-05-16T00:52:00Z</time>
      </trkpt>
      <trkpt lat="22.530006" lon="113.941591">
        <ele>26.3</ele>
        <time>2023-05-16T00:52:01Z</time>
      </trkpt>
      <trkpt lat="22.530007" lon="113.941554">
        <ele>26.3</ele>
        <time>2023-05-16T00:52:02Z</time>
      </trkpt>
      <trkpt lat="22.530012" lon="113.941521">
        <ele>26.3</ele>
        <time>2023-05-16T00:52:03Z</time>
      </trkpt>
      <trkpt lat="22.530013" lon="113.941485">
        <ele>26.3</ele>
        <time>2023-05-16T00:52:04Z</time>
      </trkpt>
      <trkpt lat="22.530008" lon="113.941455">
        <ele>26.3</ele>
        <time>2023-05-16T00:52:05Z</time>
      </trkpt>
      <trkpt lat="22.530008" lon="113.941424">
        <ele>26.3</ele>
        <time>2023-05-16T00:52:06Z</time>
      </trkpt>
      <trkpt lat="22.530006" lon="113.941385">
        <ele>26.3</ele>
        <time>2023-05-16T00:52:07Z</time>
      </trkpt>
      <trkpt lat="22.530005" lon="113.941346">
        <ele>26.4</ele>
        <time>2023-05-16T00:52:08Z</time>
      </trkpt>
      <trkpt lat="22.530005" lon="113.941316">
        <ele>26.4</ele>
        <time>2023-05-16T00:52:09Z</time>
      </trkpt>
      <trkpt lat="22.530004" lon="113.941279">
        <ele>26.4</ele>
        <time>2023-05-16T00:52:10Z</time>
      </trkpt>
      <trkpt lat="22.530002" lon="113.941249">
        <ele>26.4</ele>
        <time>2023-05-16T00:52:11Z</time>
      </trkpt>
      <trkpt lat="22.53" lon="113.941218">
        <ele>26.4</ele>
        <time>2023-05-16T00:52:12Z</time>
      </trkpt>
      <trkpt lat="22.529993" lon="113.941188">
        <ele>26.4</ele>
        <time>2023-05-16T00:52:13Z</time>
      </trkpt>
      <trkpt lat="22.52998" lon="113.941157">
        <ele>26.4</ele>
        <time>2023-05-16T00:52:14Z</time>
      </trkpt>
      <trkpt lat="22.529961" lon="113.941129">
        <ele>26.4</ele>
        <time>2023-05-16T00:52:15Z</time>
      </trkpt>
      <trkpt lat="22.529948" lon="113.941113">
        <ele>26.4</ele>
        <time>2023-05-16T00:52:16Z</time>
      </trkpt>
      <trkpt lat="22.529938" lon="113.941101">
        <ele>26.4</ele>
        <time>2023-05-16T00:52:17Z</time>
      </trkpt>
      <trkpt lat="22.529938" lon="113.941101">
        <ele>26.4</ele>
        <time>2023-05-16T00:52:18Z</time>
      </trkpt>
      <trkpt lat="22.529938" lon="113.941101">
        <ele>26.4</ele>
        <time>2023-05-16T00:53:08Z</time>
      </trkpt>
      <trkpt lat="22.529938" lon="113.941101">
        <ele>26.4</ele>
        <time>2023-05-16T00:53:18Z</time>
      </trkpt>
      <trkpt lat="22.529938" lon="113.941101">
        <ele>26.4</ele>
        <time>2023-05-16T00:53:21Z</time>
      </trkpt>
      <trkpt lat="22.529938" lon="113.941101">
        <ele>26.4</ele>
        <time>2023-05-16T00:53:33Z</time>
      </trkpt>
      <trkpt lat="22.529942" lon="113.9411">
        <ele>26.4</ele>
        <time>2023-05-16T00:53:34Z</time>
      </trkpt>
      <trkpt lat="22.529961" lon="113.941092">
        <ele>26.4</ele>
        <time>2023-05-16T00:53:35Z</time>
      </trkpt>
      <trkpt lat="22.52996" lon="113.941082">
        <ele>26.4</ele>
        <time>2023-05-16T00:53:36Z</time>
      </trkpt>
      <trkpt lat="22.529955" lon="113.941059">
        <ele>26.4</ele>
        <time>2023-05-16T00:53:37Z</time>
      </trkpt>
      <trkpt lat="22.529952" lon="113.941036">
        <ele>26.4</ele>
        <time>2023-05-16T00:53:38Z</time>
      </trkpt>
      <trkpt lat="22.529948" lon="113.941013">
        <ele>26.4</ele>
        <time>2023-05-16T00:53:39Z</time>
      </trkpt>
      <trkpt lat="22.529942" lon="113.94099">
        <ele>26.4</ele>
        <time>2023-05-16T00:53:40Z</time>
      </trkpt>
      <trkpt lat="22.529935" lon="113.940968">
        <ele>26.4</ele>
        <time>2023-05-16T00:53:41Z</time>
      </trkpt>
      <trkpt lat="22.529929" lon="113.940945">
        <ele>26.4</ele>
        <time>2023-05-16T00:53:42Z</time>
      </trkpt>
      <trkpt lat="22.529927" lon="113.940922">
        <ele>26.4</ele>
        <time>2023-05-16T00:53:43Z</time>
      </trkpt>
      <trkpt lat="22.529931" lon="113.940898">
        <ele>26.4</ele>
        <time>2023-05-16T00:53:44Z</time>
      </trkpt>
      <trkpt lat="22.52993" lon="113.940876">
        <ele>26.4</ele>
        <time>2023-05-16T00:53:45Z</time>
      </trkpt>
      <trkpt lat="22.529917" lon="113.940853">
        <ele>26.4</ele>
        <time>2023-05-16T00:53:46Z</time>
      </trkpt>
      <trkpt lat="22.529893" lon="113.940831">
        <ele>26.4</ele>
        <time>2023-05-16T00:53:47Z</time>
      </trkpt>
      <trkpt lat="22.52987" lon="113.940814">
        <ele>26.4</ele>
        <time>2023-05-16T00:53:48Z</time>
      </trkpt>
      <trkpt lat="22.529852" lon="113.940783">
        <ele>26.4</ele>
        <time>2023-05-16T00:53:49Z</time>
      </trkpt>
      <trkpt lat="22.529835" lon="113.940753">
        <ele>26.4</ele>
        <time>2023-05-16T00:53:50Z</time>
      </trkpt>
      <trkpt lat="22.529829" lon="113.940729">
        <ele>26.4</ele>
        <time>2023-05-16T00:53:51Z</time>
      </trkpt>
      <trkpt lat="22.529837" lon="113.940698">
        <ele>26.4</ele>
        <time>2023-05-16T00:53:52Z</time>
      </trkpt>
      <trkpt lat="22.529848" lon="113.940668">
        <ele>26.4</ele>
        <time>2023-05-16T00:53:53Z</time>
      </trkpt>
      <trkpt lat="22.529858" lon="113.940637">
        <ele>26.4</ele>
        <time>2023-05-16T00:53:54Z</time>
      </trkpt>
      <trkpt lat="22.529862" lon="113.940601">
        <ele>26.4</ele>
        <time>2023-05-16T00:53:55Z</time>
      </trkpt>
      <trkpt lat="22.529863" lon="113.940575">
        <ele>26.4</ele>
        <time>2023-05-16T00:53:56Z</time>
      </trkpt>
      <trkpt lat="22.529862" lon="113.94054">
        <ele>26.4</ele>
        <time>2023-05-16T00:53:57Z</time>
      </trkpt>
      <trkpt lat="22.529856" lon="113.940517">
        <ele>26.4</ele>
        <time>2023-05-16T00:53:58Z</time>
      </trkpt>
      <trkpt lat="22.529851" lon="113.940495">
        <ele>26.4</ele>
        <time>2023-05-16T00:53:59Z</time>
      </trkpt>
      <trkpt lat="22.52986" lon="113.94047">
        <ele>26.4</ele>
        <time>2023-05-16T00:54:00Z</time>
      </trkpt>
      <trkpt lat="22.529869" lon="113.94044">
        <ele>26.4</ele>
        <time>2023-05-16T00:54:01Z</time>
      </trkpt>
      <trkpt lat="22.529871" lon="113.940409">
        <ele>26.4</ele>
        <time>2023-05-16T00:54:02Z</time>
      </trkpt>
      <trkpt lat="22.52987" lon="113.940379">
        <ele>26.4</ele>
        <time>2023-05-16T00:54:03Z</time>
      </trkpt>
      <trkpt lat="22.529865" lon="113.940351">
        <ele>26.4</ele>
        <time>2023-05-16T00:54:04Z</time>
      </trkpt>
      <trkpt lat="22.529863" lon="113.940332">
        <ele>26.4</ele>
        <time>2023-05-16T00:54:05Z</time>
      </trkpt>
      <trkpt lat="22.529863" lon="113.940296">
        <ele>26.4</ele>
        <time>2023-05-16T00:54:06Z</time>
      </trkpt>
      <trkpt lat="22.529861" lon="113.940275">
        <ele>26.4</ele>
        <time>2023-05-16T00:54:07Z</time>
      </trkpt>
      <trkpt lat="22.529859" lon="113.940261">
        <ele>26.4</ele>
        <time>2023-05-16T00:54:08Z</time>
      </trkpt>
      <trkpt lat="22.529867" lon="113.94025">
        <ele>26.4</ele>
        <time>2023-05-16T00:54:09Z</time>
      </trkpt>
      <trkpt lat="22.529867" lon="113.940228">
        <ele>26.4</ele>
        <time>2023-05-16T00:54:10Z</time>
      </trkpt>
      <trkpt lat="22.529864" lon="113.940206">
        <ele>26.4</ele>
        <time>2023-05-16T00:54:11Z</time>
      </trkpt>
      <trkpt lat="22.529866" lon="113.940189">
        <ele>26.4</ele>
        <time>2023-05-16T00:54:12Z</time>
      </trkpt>
      <trkpt lat="22.529868" lon="113.940162">
        <ele>26.4</ele>
        <time>2023-05-16T00:54:13Z</time>
      </trkpt>
      <trkpt lat="22.529858" lon="113.94011">
        <ele>26.4</ele>
        <time>2023-05-16T00:54:14Z</time>
      </trkpt>
      <trkpt lat="22.529849" lon="113.940064">
        <ele>26.4</ele>
        <time>2023-05-16T00:54:15Z</time>
      </trkpt>
      <trkpt lat="22.529843" lon="113.940009">
        <ele>26.4</ele>
        <time>2023-05-16T00:54:16Z</time>
      </trkpt>
      <trkpt lat="22.529834" lon="113.939954">
        <ele>26.4</ele>
        <time>2023-05-16T00:54:17Z</time>
      </trkpt>
      <trkpt lat="22.529828" lon="113.939895">
        <ele>26.5</ele>
        <time>2023-05-16T00:54:18Z</time>
      </trkpt>
      <trkpt lat="22.529819" lon="113.939843">
        <ele>26.5</ele>
        <time>2023-05-16T00:54:19Z</time>
      </trkpt>
      <trkpt lat="22.529806" lon="113.939797">
        <ele>26.5</ele>
        <time>2023-05-16T00:54:20Z</time>
      </trkpt>
      <trkpt lat="22.52979" lon="113.939751">
        <ele>26.5</ele>
        <time>2023-05-16T00:54:21Z</time>
      </trkpt>
      <trkpt lat="22.529776" lon="113.939706">
        <ele>26.5</ele>
        <time>2023-05-16T00:54:22Z</time>
      </trkpt>
      <trkpt lat="22.529767" lon="113.939662">
        <ele>26.6</ele>
        <time>2023-05-16T00:54:23Z</time>
      </trkpt>
      <trkpt lat="22.529761" lon="113.93963">
        <ele>26.6</ele>
        <time>2023-05-16T00:54:24Z</time>
      </trkpt>
      <trkpt lat="22.529763" lon="113.939592">
        <ele>26.6</ele>
        <time>2023-05-16T00:54:25Z</time>
      </trkpt>
      <trkpt lat="22.529767" lon="113.93956">
        <ele>26.6</ele>
        <time>2023-05-16T00:54:26Z</time>
      </trkpt>
      <trkpt lat="22.529767" lon="113.939523">
        <ele>26.6</ele>
        <time>2023-05-16T00:54:27Z</time>
      </trkpt>
      <trkpt lat="22.529751" lon="113.939487">
        <ele>26.6</ele>
        <time>2023-05-16T00:54:28Z</time>
      </trkpt>
      <trkpt lat="22.529729" lon="113.939457">
        <ele>26.6</ele>
        <time>2023-05-16T00:54:29Z</time>
      </trkpt>
      <trkpt lat="22.529708" lon="113.939433">
        <ele>26.6</ele>
        <time>2023-05-16T00:54:30Z</time>
      </trkpt>
      <trkpt lat="22.529688" lon="113.939401">
        <ele>26.7</ele>
        <time>2023-05-16T00:54:31Z</time>
      </trkpt>
      <trkpt lat="22.529664" lon="113.939363">
        <ele>26.7</ele>
        <time>2023-05-16T00:54:32Z</time>
      </trkpt>
      <trkpt lat="22.529647" lon="113.939325">
        <ele>26.7</ele>
        <time>2023-05-16T00:54:33Z</time>
      </trkpt>
      <trkpt lat="22.529626" lon="113.939287">
        <ele>26.7</ele>
        <time>2023-05-16T00:54:34Z</time>
      </trkpt>
      <trkpt lat="22.529608" lon="113.939248">
        <ele>26.7</ele>
        <time>2023-05-16T00:54:35Z</time>
      </trkpt>
      <trkpt lat="22.52959" lon="113.939209">
        <ele>26.7</ele>
        <time>2023-05-16T00:54:36Z</time>
      </trkpt>
      <trkpt lat="22.52957" lon="113.939165">
        <ele>26.8</ele>
        <time>2023-05-16T00:54:37Z</time>
      </trkpt>
      <trkpt lat="22.529551" lon="113.939124">
        <ele>26.8</ele>
        <time>2023-05-16T00:54:38Z</time>
      </trkpt>
      <trkpt lat="22.529528" lon="113.939073">
        <ele>26.8</ele>
        <time>2023-05-16T00:54:39Z</time>
      </trkpt>
      <trkpt lat="22.52951" lon="113.939034">
        <ele>26.8</ele>
        <time>2023-05-16T00:54:40Z</time>
      </trkpt>
      <trkpt lat="22.529492" lon="113.93899">
        <ele>26.8</ele>
        <time>2023-05-16T00:54:41Z</time>
      </trkpt>
      <trkpt lat="22.529475" lon="113.938963">
        <ele>26.8</ele>
        <time>2023-05-16T00:54:42Z</time>
      </trkpt>
      <trkpt lat="22.529464" lon="113.938947">
        <ele>26.8</ele>
        <time>2023-05-16T00:54:43Z</time>
      </trkpt>
      <trkpt lat="22.529459" lon="113.938931">
        <ele>26.8</ele>
        <time>2023-05-16T00:54:44Z</time>
      </trkpt>
      <trkpt lat="22.529448" lon="113.938919">
        <ele>26.9</ele>
        <time>2023-05-16T00:54:45Z</time>
      </trkpt>
      <trkpt lat="22.529437" lon="113.938916">
        <ele>26.9</ele>
        <time>2023-05-16T00:54:46Z</time>
      </trkpt>
      <trkpt lat="22.529424" lon="113.938894">
        <ele>26.9</ele>
        <time>2023-05-16T00:54:47Z</time>
      </trkpt>
      <trkpt lat="22.529407" lon="113.938875">
        <ele>26.9</ele>
        <time>2023-05-16T00:54:48Z</time>
      </trkpt>
      <trkpt lat="22.529385" lon="113.938838">
        <ele>26.9</ele>
        <time>2023-05-16T00:54:49Z</time>
      </trkpt>
      <trkpt lat="22.529364" lon="113.938808">
        <ele>26.9</ele>
        <time>2023-05-16T00:54:50Z</time>
      </trkpt>
      <trkpt lat="22.529343" lon="113.938778">
        <ele>26.9</ele>
        <time>2023-05-16T00:54:51Z</time>
      </trkpt>
      <trkpt lat="22.529318" lon="113.938756">
        <ele>26.9</ele>
        <time>2023-05-16T00:54:52Z</time>
      </trkpt>
      <trkpt lat="22.529293" lon="113.938739">
        <ele>26.9</ele>
        <time>2023-05-16T00:54:53Z</time>
      </trkpt>
      <trkpt lat="22.529272" lon="113.938708">
        <ele>27</ele>
        <time>2023-05-16T00:54:54Z</time>
      </trkpt>
      <trkpt lat="22.52925" lon="113.938686">
        <ele>27</ele>
        <time>2023-05-16T00:54:55Z</time>
      </trkpt>
      <trkpt lat="22.529222" lon="113.938664">
        <ele>27</ele>
        <time>2023-05-16T00:54:56Z</time>
      </trkpt>
      <trkpt lat="22.529193" lon="113.938646">
        <ele>27</ele>
        <time>2023-05-16T00:54:57Z</time>
      </trkpt>
      <trkpt lat="22.529167" lon="113.93861">
        <ele>27</ele>
        <time>2023-05-16T00:54:58Z</time>
      </trkpt>
      <trkpt lat="22.529159" lon="113.938588">
        <ele>27</ele>
        <time>2023-05-16T00:54:59Z</time>
      </trkpt>
      <trkpt lat="22.529164" lon="113.938562">
        <ele>27</ele>
        <time>2023-05-16T00:55:00Z</time>
      </trkpt>
      <trkpt lat="22.529159" lon="113.938528">
        <ele>27</ele>
        <time>2023-05-16T00:55:01Z</time>
      </trkpt>
      <trkpt lat="22.529165" lon="113.938511">
        <ele>27</ele>
        <time>2023-05-16T00:55:02Z</time>
      </trkpt>
      <trkpt lat="22.529173" lon="113.938492">
        <ele>27.1</ele>
        <time>2023-05-16T00:55:03Z</time>
      </trkpt>
      <trkpt lat="22.529169" lon="113.938492">
        <ele>27.1</ele>
        <time>2023-05-16T00:55:04Z</time>
      </trkpt>
      <trkpt lat="22.529157" lon="113.938493">
        <ele>27.1</ele>
        <time>2023-05-16T00:55:05Z</time>
      </trkpt>
      <trkpt lat="22.529137" lon="113.938498">
        <ele>27.1</ele>
        <time>2023-05-16T00:55:06Z</time>
      </trkpt>
      <trkpt lat="22.529112" lon="113.93849">
        <ele>27.1</ele>
        <time>2023-05-16T00:55:07Z</time>
      </trkpt>
      <trkpt lat="22.529082" lon="113.938483">
        <ele>27.1</ele>
        <time>2023-05-16T00:55:08Z</time>
      </trkpt>
      <trkpt lat="22.529047" lon="113.938474">
        <ele>27.1</ele>
        <time>2023-05-16T00:55:09Z</time>
      </trkpt>
      <trkpt lat="22.52901" lon="113.938458">
        <ele>27.1</ele>
        <time>2023-05-16T00:55:10Z</time>
      </trkpt>
      <trkpt lat="22.528983" lon="113.938435">
        <ele>27.1</ele>
        <time>2023-05-16T00:55:11Z</time>
      </trkpt>
      <trkpt lat="22.528956" lon="113.938406">
        <ele>27.1</ele>
        <time>2023-05-16T00:55:12Z</time>
      </trkpt>
      <trkpt lat="22.528942" lon="113.938351">
        <ele>27.2</ele>
        <time>2023-05-16T00:55:13Z</time>
      </trkpt>
      <trkpt lat="22.52892" lon="113.938328">
        <ele>27.2</ele>
        <time>2023-05-16T00:55:14Z</time>
      </trkpt>
      <trkpt lat="22.528902" lon="113.938302">
        <ele>27.2</ele>
        <time>2023-05-16T00:55:15Z</time>
      </trkpt>
      <trkpt lat="22.528888" lon="113.938266">
        <ele>27.2</ele>
        <time>2023-05-16T00:55:16Z</time>
      </trkpt>
      <trkpt lat="22.528859" lon="113.938244">
        <ele>27.2</ele>
        <time>2023-05-16T00:55:17Z</time>
      </trkpt>
      <trkpt lat="22.528825" lon="113.938223">
        <ele>27.2</ele>
        <time>2023-05-16T00:55:18Z</time>
      </trkpt>
      <trkpt lat="22.528792" lon="113.938204">
        <ele>27.2</ele>
        <time>2023-05-16T00:55:19Z</time>
      </trkpt>
      <trkpt lat="22.528752" lon="113.938176">
        <ele>27.2</ele>
        <time>2023-05-16T00:55:20Z</time>
      </trkpt>
      <trkpt lat="22.528712" lon="113.938159">
        <ele>27.2</ele>
        <time>2023-05-16T00:55:21Z</time>
      </trkpt>
      <trkpt lat="22.528665" lon="113.93813">
        <ele>27.3</ele>
        <time>2023-05-16T00:55:22Z</time>
      </trkpt>
      <trkpt lat="22.528636" lon="113.938109">
        <ele>27.3</ele>
        <time>2023-05-16T00:55:23Z</time>
      </trkpt>
      <trkpt lat="22.528613" lon="113.938098">
        <ele>27.3</ele>
        <time>2023-05-16T00:55:24Z</time>
      </trkpt>
      <trkpt lat="22.528582" lon="113.938068">
        <ele>27.3</ele>
        <time>2023-05-16T00:55:25Z</time>
      </trkpt>
      <trkpt lat="22.528551" lon="113.938036">
        <ele>27.3</ele>
        <time>2023-05-16T00:55:26Z</time>
      </trkpt>
      <trkpt lat="22.528507" lon="113.938007">
        <ele>27.3</ele>
        <time>2023-05-16T00:55:27Z</time>
      </trkpt>
      <trkpt lat="22.528454" lon="113.937976">
        <ele>27.3</ele>
        <time>2023-05-16T00:55:28Z</time>
      </trkpt>
      <trkpt lat="22.528394" lon="113.937945">
        <ele>27.4</ele>
        <time>2023-05-16T00:55:29Z</time>
      </trkpt>
      <trkpt lat="22.528358" lon="113.937917">
        <ele>27.4</ele>
        <time>2023-05-16T00:55:30Z</time>
      </trkpt>
      <trkpt lat="22.528331" lon="113.937899">
        <ele>27.4</ele>
        <time>2023-05-16T00:55:31Z</time>
      </trkpt>
      <trkpt lat="22.528315" lon="113.937871">
        <ele>27.4</ele>
        <time>2023-05-16T00:55:32Z</time>
      </trkpt>
      <trkpt lat="22.528286" lon="113.937853">
        <ele>27.4</ele>
        <time>2023-05-16T00:55:33Z</time>
      </trkpt>
      <trkpt lat="22.528252" lon="113.937823">
        <ele>27.4</ele>
        <time>2023-05-16T00:55:34Z</time>
      </trkpt>
      <trkpt lat="22.52822" lon="113.937793">
        <ele>27.4</ele>
        <time>2023-05-16T00:55:35Z</time>
      </trkpt>
      <trkpt lat="22.528192" lon="113.937762">
        <ele>27.5</ele>
        <time>2023-05-16T00:55:36Z</time>
      </trkpt>
      <trkpt lat="22.528168" lon="113.937733">
        <ele>27.5</ele>
        <time>2023-05-16T00:55:37Z</time>
      </trkpt>
      <trkpt lat="22.528145" lon="113.93771">
        <ele>27.5</ele>
        <time>2023-05-16T00:55:38Z</time>
      </trkpt>
      <trkpt lat="22.528127" lon="113.937687">
        <ele>27.5</ele>
        <time>2023-05-16T00:55:39Z</time>
      </trkpt>
      <trkpt lat="22.528109" lon="113.937664">
        <ele>27.5</ele>
        <time>2023-05-16T00:55:40Z</time>
      </trkpt>
      <trkpt lat="22.52809" lon="113.93764">
        <ele>27.5</ele>
        <time>2023-05-16T00:55:41Z</time>
      </trkpt>
      <trkpt lat="22.528073" lon="113.93761">
        <ele>27.5</ele>
        <time>2023-05-16T00:55:42Z</time>
      </trkpt>
      <trkpt lat="22.528058" lon="113.937588">
        <ele>27.5</ele>
        <time>2023-05-16T00:55:43Z</time>
      </trkpt>
      <trkpt lat="22.528041" lon="113.937571">
        <ele>27.5</ele>
        <time>2023-05-16T00:55:44Z</time>
      </trkpt>
      <trkpt lat="22.528026" lon="113.937584">
        <ele>27.5</ele>
        <time>2023-05-16T00:55:45Z</time>
      </trkpt>
      <trkpt lat="22.528031" lon="113.937583">
        <ele>27.5</ele>
        <time>2023-05-16T00:55:46Z</time>
      </trkpt>
      <trkpt lat="22.528035" lon="113.937575">
        <ele>27.5</ele>
        <time>2023-05-16T00:55:47Z</time>
      </trkpt>
      <trkpt lat="22.528035" lon="113.937565">
        <ele>27.5</ele>
        <time>2023-05-16T00:55:48Z</time>
      </trkpt>
      <trkpt lat="22.528003" lon="113.937542">
        <ele>27.6</ele>
        <time>2023-05-16T00:55:49Z</time>
      </trkpt>
      <trkpt lat="22.527978" lon="113.937523">
        <ele>27.6</ele>
        <time>2023-05-16T00:55:50Z</time>
      </trkpt>
      <trkpt lat="22.52797" lon="113.937517">
        <ele>27.6</ele>
        <time>2023-05-16T00:55:51Z</time>
      </trkpt>
      <trkpt lat="22.52795" lon="113.937481">
        <ele>27.6</ele>
        <time>2023-05-16T00:55:52Z</time>
      </trkpt>
      <trkpt lat="22.527938" lon="113.937462">
        <ele>27.6</ele>
        <time>2023-05-16T00:55:53Z</time>
      </trkpt>
      <trkpt lat="22.527933" lon="113.937461">
        <ele>27.6</ele>
        <time>2023-05-16T00:55:54Z</time>
      </trkpt>
      <trkpt lat="22.527935" lon="113.937455">
        <ele>27.6</ele>
        <time>2023-05-16T00:55:55Z</time>
      </trkpt>
      <trkpt lat="22.527954" lon="113.937464">
        <ele>27.6</ele>
        <time>2023-05-16T00:55:56Z</time>
      </trkpt>
      <trkpt lat="22.527962" lon="113.937476">
        <ele>27.6</ele>
        <time>2023-05-16T00:55:57Z</time>
      </trkpt>
      <trkpt lat="22.527964" lon="113.937469">
        <ele>27.6</ele>
        <time>2023-05-16T00:55:58Z</time>
      </trkpt>
      <trkpt lat="22.527965" lon="113.937468">
        <ele>27.6</ele>
        <time>2023-05-16T00:56:00Z</time>
      </trkpt>
      <trkpt lat="22.527969" lon="113.937459">
        <ele>27.6</ele>
        <time>2023-05-16T00:56:01Z</time>
      </trkpt>
      <trkpt lat="22.527967" lon="113.937445">
        <ele>27.6</ele>
        <time>2023-05-16T00:56:02Z</time>
      </trkpt>
      <trkpt lat="22.527967" lon="113.937436">
        <ele>27.6</ele>
        <time>2023-05-16T00:56:03Z</time>
      </trkpt>
      <trkpt lat="22.527963" lon="113.937423">
        <ele>27.6</ele>
        <time>2023-05-16T00:56:04Z</time>
      </trkpt>
      <trkpt lat="22.527959" lon="113.937415">
        <ele>27.6</ele>
        <time>2023-05-16T00:56:05Z</time>
      </trkpt>
      <trkpt lat="22.527952" lon="113.937406">
        <ele>27.6</ele>
        <time>2023-05-16T00:56:06Z</time>
      </trkpt>
      <trkpt lat="22.527941" lon="113.937391">
        <ele>27.6</ele>
        <time>2023-05-16T00:56:07Z</time>
      </trkpt>
      <trkpt lat="22.527929" lon="113.937375">
        <ele>27.6</ele>
        <time>2023-05-16T00:56:08Z</time>
      </trkpt>
      <trkpt lat="22.52791" lon="113.937351">
        <ele>27.6</ele>
        <time>2023-05-16T00:56:09Z</time>
      </trkpt>
      <trkpt lat="22.527897" lon="113.93732">
        <ele>27.6</ele>
        <time>2023-05-16T00:56:10Z</time>
      </trkpt>
      <trkpt lat="22.52793" lon="113.93725">
        <ele>27.6</ele>
        <time>2023-05-16T00:56:11Z</time>
      </trkpt>
      <trkpt lat="22.527934" lon="113.937212">
        <ele>27.6</ele>
        <time>2023-05-16T00:56:12Z</time>
      </trkpt>
      <trkpt lat="22.527938" lon="113.937174">
        <ele>27.6</ele>
        <time>2023-05-16T00:56:13Z</time>
      </trkpt>
      <trkpt lat="22.527945" lon="113.937137">
        <ele>27.6</ele>
        <time>2023-05-16T00:56:14Z</time>
      </trkpt>
      <trkpt lat="22.527948" lon="113.937107">
        <ele>27.6</ele>
        <time>2023-05-16T00:56:15Z</time>
      </trkpt>
      <trkpt lat="22.527956" lon="113.937077">
        <ele>27.6</ele>
        <time>2023-05-16T00:56:16Z</time>
      </trkpt>
      <trkpt lat="22.527954" lon="113.937052">
        <ele>27.6</ele>
        <time>2023-05-16T00:56:17Z</time>
      </trkpt>
      <trkpt lat="22.527952" lon="113.937015">
        <ele>27.6</ele>
        <time>2023-05-16T00:56:18Z</time>
      </trkpt>
      <trkpt lat="22.527952" lon="113.936984">
        <ele>27.6</ele>
        <time>2023-05-16T00:56:19Z</time>
      </trkpt>
      <trkpt lat="22.52796" lon="113.936955">
        <ele>27.6</ele>
        <time>2023-05-16T00:56:20Z</time>
      </trkpt>
      <trkpt lat="22.527964" lon="113.936933">
        <ele>27.6</ele>
        <time>2023-05-16T00:56:21Z</time>
      </trkpt>
      <trkpt lat="22.527965" lon="113.936919">
        <ele>27.6</ele>
        <time>2023-05-16T00:56:22Z</time>
      </trkpt>
      <trkpt lat="22.527959" lon="113.93691">
        <ele>27.6</ele>
        <time>2023-05-16T00:56:23Z</time>
      </trkpt>
      <trkpt lat="22.527953" lon="113.936895">
        <ele>27.6</ele>
        <time>2023-05-16T00:56:24Z</time>
      </trkpt>
      <trkpt lat="22.527959" lon="113.936879">
        <ele>27.6</ele>
        <time>2023-05-16T00:56:25Z</time>
      </trkpt>
      <trkpt lat="22.527963" lon="113.936856">
        <ele>27.6</ele>
        <time>2023-05-16T00:56:26Z</time>
      </trkpt>
      <trkpt lat="22.527967" lon="113.936833">
        <ele>27.6</ele>
        <time>2023-05-16T00:56:27Z</time>
      </trkpt>
      <trkpt lat="22.527967" lon="113.93682">
        <ele>27.6</ele>
        <time>2023-05-16T00:56:28Z</time>
      </trkpt>
      <trkpt lat="22.527962" lon="113.93681">
        <ele>27.6</ele>
        <time>2023-05-16T00:56:29Z</time>
      </trkpt>
      <trkpt lat="22.527951" lon="113.936788">
        <ele>27.6</ele>
        <time>2023-05-16T00:56:30Z</time>
      </trkpt>
      <trkpt lat="22.527942" lon="113.936771">
        <ele>27.6</ele>
        <time>2023-05-16T00:56:31Z</time>
      </trkpt>
      <trkpt lat="22.527942" lon="113.936748">
        <ele>27.6</ele>
        <time>2023-05-16T00:56:32Z</time>
      </trkpt>
      <trkpt lat="22.527948" lon="113.936724">
        <ele>27.6</ele>
        <time>2023-05-16T00:56:33Z</time>
      </trkpt>
      <trkpt lat="22.527958" lon="113.936693">
        <ele>27.6</ele>
        <time>2023-05-16T00:56:34Z</time>
      </trkpt>
      <trkpt lat="22.52796" lon="113.936664">
        <ele>27.6</ele>
        <time>2023-05-16T00:56:35Z</time>
      </trkpt>
      <trkpt lat="22.52796" lon="113.936632">
        <ele>27.6</ele>
        <time>2023-05-16T00:56:36Z</time>
      </trkpt>
      <trkpt lat="22.527962" lon="113.936593">
        <ele>27.6</ele>
        <time>2023-05-16T00:56:37Z</time>
      </trkpt>
      <trkpt lat="22.527961" lon="113.936563">
        <ele>27.6</ele>
        <time>2023-05-16T00:56:38Z</time>
      </trkpt>
      <trkpt lat="22.527959" lon="113.936533">
        <ele>27.6</ele>
        <time>2023-05-16T00:56:39Z</time>
      </trkpt>
      <trkpt lat="22.527958" lon="113.936502">
        <ele>27.6</ele>
        <time>2023-05-16T00:56:40Z</time>
      </trkpt>
      <trkpt lat="22.527958" lon="113.936463">
        <ele>27.6</ele>
        <time>2023-05-16T00:56:41Z</time>
      </trkpt>
      <trkpt lat="22.527957" lon="113.936424">
        <ele>27.6</ele>
        <time>2023-05-16T00:56:42Z</time>
      </trkpt>
      <trkpt lat="22.52796" lon="113.936388">
        <ele>27.6</ele>
        <time>2023-05-16T00:56:43Z</time>
      </trkpt>
      <trkpt lat="22.527961" lon="113.936348">
        <ele>27.6</ele>
        <time>2023-05-16T00:56:44Z</time>
      </trkpt>
      <trkpt lat="22.527959" lon="113.936293">
        <ele>27.6</ele>
        <time>2023-05-16T00:56:45Z</time>
      </trkpt>
      <trkpt lat="22.527955" lon="113.936241">
        <ele>27.6</ele>
        <time>2023-05-16T00:56:46Z</time>
      </trkpt>
      <trkpt lat="22.527947" lon="113.936188">
        <ele>27.6</ele>
        <time>2023-05-16T00:56:47Z</time>
      </trkpt>
      <trkpt lat="22.527938" lon="113.936136">
        <ele>27.6</ele>
        <time>2023-05-16T00:56:48Z</time>
      </trkpt>
      <trkpt lat="22.527934" lon="113.936096">
        <ele>27.6</ele>
        <time>2023-05-16T00:56:49Z</time>
      </trkpt>
      <trkpt lat="22.52793" lon="113.936053">
        <ele>27.6</ele>
        <time>2023-05-16T00:56:50Z</time>
      </trkpt>
      <trkpt lat="22.527925" lon="113.936024">
        <ele>27.6</ele>
        <time>2023-05-16T00:56:51Z</time>
      </trkpt>
      <trkpt lat="22.527922" lon="113.936001">
        <ele>27.6</ele>
        <time>2023-05-16T00:56:52Z</time>
      </trkpt>
      <trkpt lat="22.527923" lon="113.935978">
        <ele>27.6</ele>
        <time>2023-05-16T00:56:53Z</time>
      </trkpt>
      <trkpt lat="22.527919" lon="113.935955">
        <ele>27.6</ele>
        <time>2023-05-16T00:56:54Z</time>
      </trkpt>
      <trkpt lat="22.527916" lon="113.935932">
        <ele>27.6</ele>
        <time>2023-05-16T00:56:55Z</time>
      </trkpt>
      <trkpt lat="22.527903" lon="113.935912">
        <ele>27.6</ele>
        <time>2023-05-16T00:56:56Z</time>
      </trkpt>
      <trkpt lat="22.527879" lon="113.935902">
        <ele>27.6</ele>
        <time>2023-05-16T00:56:57Z</time>
      </trkpt>
      <trkpt lat="22.527833" lon="113.935881">
        <ele>27.6</ele>
        <time>2023-05-16T00:56:58Z</time>
      </trkpt>
      <trkpt lat="22.527775" lon="113.935874">
        <ele>27.6</ele>
        <time>2023-05-16T00:56:59Z</time>
      </trkpt>
      <trkpt lat="22.527741" lon="113.935862">
        <ele>27.6</ele>
        <time>2023-05-16T00:57:00Z</time>
      </trkpt>
      <trkpt lat="22.52773" lon="113.935834">
        <ele>27.6</ele>
        <time>2023-05-16T00:57:01Z</time>
      </trkpt>
      <trkpt lat="22.527723" lon="113.935813">
        <ele>27.6</ele>
        <time>2023-05-16T00:57:02Z</time>
      </trkpt>
      <trkpt lat="22.527733" lon="113.935804">
        <ele>27.6</ele>
        <time>2023-05-16T00:57:03Z</time>
      </trkpt>
      <trkpt lat="22.527738" lon="113.93579">
        <ele>27.6</ele>
        <time>2023-05-16T00:57:04Z</time>
      </trkpt>
      <trkpt lat="22.527763" lon="113.935778">
        <ele>27.6</ele>
        <time>2023-05-16T00:57:05Z</time>
      </trkpt>
      <trkpt lat="22.527791" lon="113.935749">
        <ele>27.6</ele>
        <time>2023-05-16T00:57:06Z</time>
      </trkpt>
      <trkpt lat="22.527809" lon="113.935727">
        <ele>27.6</ele>
        <time>2023-05-16T00:57:07Z</time>
      </trkpt>
      <trkpt lat="22.52783" lon="113.935701">
        <ele>27.6</ele>
        <time>2023-05-16T00:57:08Z</time>
      </trkpt>
      <trkpt lat="22.527842" lon="113.935664">
        <ele>27.6</ele>
        <time>2023-05-16T00:57:09Z</time>
      </trkpt>
      <trkpt lat="22.527848" lon="113.935635">
        <ele>27.6</ele>
        <time>2023-05-16T00:57:10Z</time>
      </trkpt>
      <trkpt lat="22.527851" lon="113.935612">
        <ele>27.6</ele>
        <time>2023-05-16T00:57:11Z</time>
      </trkpt>
      <trkpt lat="22.527852" lon="113.935587">
        <ele>27.6</ele>
        <time>2023-05-16T00:57:12Z</time>
      </trkpt>
      <trkpt lat="22.527849" lon="113.93555">
        <ele>27.6</ele>
        <time>2023-05-16T00:57:13Z</time>
      </trkpt>
      <trkpt lat="22.527848" lon="113.935518">
        <ele>27.6</ele>
        <time>2023-05-16T00:57:14Z</time>
      </trkpt>
      <trkpt lat="22.527846" lon="113.935488">
        <ele>27.6</ele>
        <time>2023-05-16T00:57:15Z</time>
      </trkpt>
      <trkpt lat="22.527848" lon="113.935461">
        <ele>27.6</ele>
        <time>2023-05-16T00:57:16Z</time>
      </trkpt>
      <trkpt lat="22.527849" lon="113.935448">
        <ele>27.6</ele>
        <time>2023-05-16T00:57:17Z</time>
      </trkpt>
      <trkpt lat="22.527851" lon="113.935448">
        <ele>27.6</ele>
        <time>2023-05-16T00:57:18Z</time>
      </trkpt>
      <trkpt lat="22.527851" lon="113.935448">
        <ele>27.6</ele>
        <time>2023-05-16T00:57:19Z</time>
      </trkpt>
      <trkpt lat="22.527849" lon="113.935448">
        <ele>27.6</ele>
        <time>2023-05-16T00:57:20Z</time>
      </trkpt>
      <trkpt lat="22.527849" lon="113.935449">
        <ele>27.6</ele>
        <time>2023-05-16T00:57:22Z</time>
      </trkpt>
      <trkpt lat="22.527851" lon="113.935455">
        <ele>27.6</ele>
        <time>2023-05-16T00:57:23Z</time>
      </trkpt>
      <trkpt lat="22.527849" lon="113.935455">
        <ele>27.6</ele>
        <time>2023-05-16T00:57:24Z</time>
      </trkpt>
      <trkpt lat="22.527852" lon="113.935454">
        <ele>27.6</ele>
        <time>2023-05-16T00:57:27Z</time>
      </trkpt>
      <trkpt lat="22.527869" lon="113.935447">
        <ele>27.6</ele>
        <time>2023-05-16T00:57:28Z</time>
      </trkpt>
      <trkpt lat="22.527874" lon="113.93544">
        <ele>27.6</ele>
        <time>2023-05-16T00:57:29Z</time>
      </trkpt>
      <trkpt lat="22.527874" lon="113.93544">
        <ele>27.6</ele>
        <time>2023-05-16T00:57:34Z</time>
      </trkpt>
      <trkpt lat="22.527874" lon="113.93544">
        <ele>27.6</ele>
        <time>2023-05-16T00:57:42Z</time>
      </trkpt>
      <trkpt lat="22.527874" lon="113.93544">
        <ele>27.6</ele>
        <time>2023-05-16T00:57:50Z</time>
      </trkpt>
      <trkpt lat="22.527868" lon="113.935438">
        <ele>27.6</ele>
        <time>2023-05-16T00:57:51Z</time>
      </trkpt>
      <trkpt lat="22.527848" lon="113.935434">
        <ele>27.6</ele>
        <time>2023-05-16T00:57:52Z</time>
      </trkpt>
      <trkpt lat="22.527852" lon="113.93543">
        <ele>27.6</ele>
        <time>2023-05-16T00:57:53Z</time>
      </trkpt>
      <trkpt lat="22.527861" lon="113.935368">
        <ele>27.6</ele>
        <time>2023-05-16T00:57:54Z</time>
      </trkpt>
      <trkpt lat="22.527882" lon="113.935316">
        <ele>27.6</ele>
        <time>2023-05-16T00:57:55Z</time>
      </trkpt>
      <trkpt lat="22.527895" lon="113.935278">
        <ele>27.6</ele>
        <time>2023-05-16T00:57:56Z</time>
      </trkpt>
      <trkpt lat="22.527906" lon="113.935267">
        <ele>27.6</ele>
        <time>2023-05-16T00:57:57Z</time>
      </trkpt>
      <trkpt lat="22.527924" lon="113.935243">
        <ele>27.6</ele>
        <time>2023-05-16T00:57:58Z</time>
      </trkpt>
      <trkpt lat="22.527937" lon="113.935221">
        <ele>27.6</ele>
        <time>2023-05-16T00:57:59Z</time>
      </trkpt>
      <trkpt lat="22.527927" lon="113.935237">
        <ele>27.6</ele>
        <time>2023-05-16T00:58:00Z</time>
      </trkpt>
      <trkpt lat="22.527918" lon="113.935251">
        <ele>27.6</ele>
        <time>2023-05-16T00:58:01Z</time>
      </trkpt>
      <trkpt lat="22.527913" lon="113.935259">
        <ele>27.6</ele>
        <time>2023-05-16T00:58:02Z</time>
      </trkpt>
    </trkseg>
  </trk>
</gpx>