<?xml version="1.0" encoding="UTF-8"?>
<gpx xmlns="http://www.topografix.com/GPX/1/1" xmlns:xsi="http://www.w3.org/2001/XMLSchema-instance" xsi:schemaLocation="http://www.topografix.com/GPX/1/1 http://www.topografix.com/GPX/1/1/gpx.xsd" version="1.1" creator="鹏">
  <metadata>
    <name>Cycling (Completed)</name>
    <desc>Distance: 5.986km, Estimated duration: 0.31h, Elevation up: 18.0m, Elevation down: 8.0m</desc>
    <author>
      <name>鹏</name>
      <link href="https://www.komoot.de/user/3342641231843">
        <text>View 鹏's Profile on Komoot</text>
      </link>
    </author>
    <link href="https://www.komoot.de/tour/1135498909">
      <text>View tour on Komoot</text>
    </link>
  </metadata>
  <trk>
    <name>Cycling (Completed)</name>
    <desc>Distance: 5.986km, Estimated duration: 0.31h, Elevation up: 18.0m, Elevation down: 8.0m</desc>
    <link href="https://www.komoot.de/tour/1135498909">
      <text>View tour on Komoot</text>
    </link>
    <trkseg>
      <trkpt lat="22.525669" lon="113.950645">
        <ele>6.6</ele>
        <time>2023-05-26T10:58:40Z</time>
      </trkpt>
      <trkpt lat="22.525692" lon="113.950649">
        <ele>6.6</ele>
        <time>2023-05-26T10:58:58Z</time>
      </trkpt>
      <trkpt lat="22.525716" lon="113.950654">
        <ele>6.6</ele>
        <time>2023-05-26T10:58:59Z</time>
      </trkpt>
      <trkpt lat="22.525758" lon="113.950661">
        <ele>6.6</ele>
        <time>2023-05-26T10:59:00Z</time>
      </trkpt>
      <trkpt lat="22.525802" lon="113.950669">
        <ele>6.6</ele>
        <time>2023-05-26T10:59:01Z</time>
      </trkpt>
      <trkpt lat="22.525844" lon="113.950676">
        <ele>6.6</ele>
        <time>2023-05-26T10:59:02Z</time>
      </trkpt>
      <trkpt lat="22.52589" lon="113.950676">
        <ele>6.6</ele>
        <time>2023-05-26T10:59:03Z</time>
      </trkpt>
      <trkpt lat="22.525937" lon="113.950675">
        <ele>6.6</ele>
        <time>2023-05-26T10:59:04Z</time>
      </trkpt>
      <trkpt lat="22.525984" lon="113.950667">
        <ele>6.6</ele>
        <time>2023-05-26T10:59:05Z</time>
      </trkpt>
      <trkpt lat="22.526034" lon="113.950661">
        <ele>6.6</ele>
        <time>2023-05-26T10:59:06Z</time>
      </trkpt>
      <trkpt lat="22.52608" lon="113.950669">
        <ele>6.6</ele>
        <time>2023-05-26T10:59:07Z</time>
      </trkpt>
      <trkpt lat="22.52613" lon="113.950677">
        <ele>6.6</ele>
        <time>2023-05-26T10:59:08Z</time>
      </trkpt>
      <trkpt lat="22.526172" lon="113.950692">
        <ele>6.6</ele>
        <time>2023-05-26T10:59:09Z</time>
      </trkpt>
      <trkpt lat="22.526221" lon="113.950698">
        <ele>6.6</ele>
        <time>2023-05-26T10:59:10Z</time>
      </trkpt>
      <trkpt lat="22.526268" lon="113.950691">
        <ele>6.6</ele>
        <time>2023-05-26T10:59:11Z</time>
      </trkpt>
      <trkpt lat="22.526315" lon="113.950692">
        <ele>6.6</ele>
        <time>2023-05-26T10:59:12Z</time>
      </trkpt>
      <trkpt lat="22.52636" lon="113.950699">
        <ele>6.6</ele>
        <time>2023-05-26T10:59:13Z</time>
      </trkpt>
      <trkpt lat="22.526413" lon="113.950707">
        <ele>6.6</ele>
        <time>2023-05-26T10:59:14Z</time>
      </trkpt>
      <trkpt lat="22.526459" lon="113.950715">
        <ele>6.6</ele>
        <time>2023-05-26T10:59:15Z</time>
      </trkpt>
      <trkpt lat="22.526512" lon="113.950722">
        <ele>6.6</ele>
        <time>2023-05-26T10:59:16Z</time>
      </trkpt>
      <trkpt lat="22.526565" lon="113.950723">
        <ele>6.6</ele>
        <time>2023-05-26T10:59:17Z</time>
      </trkpt>
      <trkpt lat="22.526616" lon="113.95073">
        <ele>6.6</ele>
        <time>2023-05-26T10:59:18Z</time>
      </trkpt>
      <trkpt lat="22.526667" lon="113.950737">
        <ele>6.6</ele>
        <time>2023-05-26T10:59:19Z</time>
      </trkpt>
      <trkpt lat="22.526722" lon="113.950737">
        <ele>6.6</ele>
        <time>2023-05-26T10:59:20Z</time>
      </trkpt>
      <trkpt lat="22.526774" lon="113.950738">
        <ele>6.6</ele>
        <time>2023-05-26T10:59:21Z</time>
      </trkpt>
      <trkpt lat="22.526831" lon="113.950745">
        <ele>6.6</ele>
        <time>2023-05-26T10:59:22Z</time>
      </trkpt>
      <trkpt lat="22.526893" lon="113.950746">
        <ele>6.6</ele>
        <time>2023-05-26T10:59:23Z</time>
      </trkpt>
      <trkpt lat="22.526951" lon="113.950753">
        <ele>6.6</ele>
        <time>2023-05-26T10:59:24Z</time>
      </trkpt>
      <trkpt lat="22.527004" lon="113.950761">
        <ele>6.6</ele>
        <time>2023-05-26T10:59:25Z</time>
      </trkpt>
      <trkpt lat="22.52706" lon="113.950768">
        <ele>6.6</ele>
        <time>2023-05-26T10:59:26Z</time>
      </trkpt>
      <trkpt lat="22.527112" lon="113.950769">
        <ele>6.6</ele>
        <time>2023-05-26T10:59:27Z</time>
      </trkpt>
      <trkpt lat="22.527161" lon="113.950776">
        <ele>6.6</ele>
        <time>2023-05-26T10:59:28Z</time>
      </trkpt>
      <trkpt lat="22.527224" lon="113.950785">
        <ele>6.6</ele>
        <time>2023-05-26T10:59:29Z</time>
      </trkpt>
      <trkpt lat="22.527272" lon="113.950801">
        <ele>6.6</ele>
        <time>2023-05-26T10:59:30Z</time>
      </trkpt>
      <trkpt lat="22.52733" lon="113.950823">
        <ele>6.6</ele>
        <time>2023-05-26T10:59:31Z</time>
      </trkpt>
      <trkpt lat="22.527389" lon="113.950836">
        <ele>6.6</ele>
        <time>2023-05-26T10:59:32Z</time>
      </trkpt>
      <trkpt lat="22.527449" lon="113.950836">
        <ele>6.6</ele>
        <time>2023-05-26T10:59:33Z</time>
      </trkpt>
      <trkpt lat="22.527504" lon="113.950837">
        <ele>6.6</ele>
        <time>2023-05-26T10:59:34Z</time>
      </trkpt>
      <trkpt lat="22.527566" lon="113.950845">
        <ele>6.6</ele>
        <time>2023-05-26T10:59:35Z</time>
      </trkpt>
      <trkpt lat="22.527628" lon="113.950851">
        <ele>6.6</ele>
        <time>2023-05-26T10:59:36Z</time>
      </trkpt>
      <trkpt lat="22.527689" lon="113.950852">
        <ele>6.6</ele>
        <time>2023-05-26T10:59:37Z</time>
      </trkpt>
      <trkpt lat="22.527747" lon="113.950859">
        <ele>6.6</ele>
        <time>2023-05-26T10:59:38Z</time>
      </trkpt>
      <trkpt lat="22.527801" lon="113.950859">
        <ele>6.6</ele>
        <time>2023-05-26T10:59:39Z</time>
      </trkpt>
      <trkpt lat="22.527859" lon="113.950859">
        <ele>6.6</ele>
        <time>2023-05-26T10:59:40Z</time>
      </trkpt>
      <trkpt lat="22.527913" lon="113.95086">
        <ele>6.6</ele>
        <time>2023-05-26T10:59:41Z</time>
      </trkpt>
      <trkpt lat="22.527967" lon="113.950867">
        <ele>6.6</ele>
        <time>2023-05-26T10:59:42Z</time>
      </trkpt>
      <trkpt lat="22.528031" lon="113.950867">
        <ele>6.6</ele>
        <time>2023-05-26T10:59:43Z</time>
      </trkpt>
      <trkpt lat="22.528096" lon="113.950868">
        <ele>6.6</ele>
        <time>2023-05-26T10:59:44Z</time>
      </trkpt>
      <trkpt lat="22.528154" lon="113.950874">
        <ele>6.6</ele>
        <time>2023-05-26T10:59:45Z</time>
      </trkpt>
      <trkpt lat="22.528215" lon="113.950875">
        <ele>6.6</ele>
        <time>2023-05-26T10:59:46Z</time>
      </trkpt>
      <trkpt lat="22.528276" lon="113.950882">
        <ele>6.6</ele>
        <time>2023-05-26T10:59:47Z</time>
      </trkpt>
      <trkpt lat="22.528334" lon="113.950884">
        <ele>6.6</ele>
        <time>2023-05-26T10:59:48Z</time>
      </trkpt>
      <trkpt lat="22.5284" lon="113.950897">
        <ele>6.6</ele>
        <time>2023-05-26T10:59:49Z</time>
      </trkpt>
      <trkpt lat="22.528464" lon="113.950898">
        <ele>6.6</ele>
        <time>2023-05-26T10:59:50Z</time>
      </trkpt>
      <trkpt lat="22.528525" lon="113.950905">
        <ele>6.6</ele>
        <time>2023-05-26T10:59:51Z</time>
      </trkpt>
      <trkpt lat="22.528589" lon="113.950905">
        <ele>6.6</ele>
        <time>2023-05-26T10:59:52Z</time>
      </trkpt>
      <trkpt lat="22.528651" lon="113.950906">
        <ele>6.6</ele>
        <time>2023-05-26T10:59:53Z</time>
      </trkpt>
      <trkpt lat="22.528712" lon="113.950913">
        <ele>6.6</ele>
        <time>2023-05-26T10:59:54Z</time>
      </trkpt>
      <trkpt lat="22.528771" lon="113.95092">
        <ele>6.6</ele>
        <time>2023-05-26T10:59:55Z</time>
      </trkpt>
      <trkpt lat="22.528832" lon="113.950922">
        <ele>6.6</ele>
        <time>2023-05-26T10:59:56Z</time>
      </trkpt>
      <trkpt lat="22.528898" lon="113.950935">
        <ele>6.6</ele>
        <time>2023-05-26T10:59:57Z</time>
      </trkpt>
      <trkpt lat="22.52896" lon="113.950936">
        <ele>6.6</ele>
        <time>2023-05-26T10:59:58Z</time>
      </trkpt>
      <trkpt lat="22.529027" lon="113.950943">
        <ele>6.6</ele>
        <time>2023-05-26T10:59:59Z</time>
      </trkpt>
      <trkpt lat="22.529093" lon="113.950942">
        <ele>6.6</ele>
        <time>2023-05-26T11:00:00Z</time>
      </trkpt>
      <trkpt lat="22.529161" lon="113.950935">
        <ele>6.6</ele>
        <time>2023-05-26T11:00:01Z</time>
      </trkpt>
      <trkpt lat="22.529227" lon="113.950937">
        <ele>6.6</ele>
        <time>2023-05-26T11:00:02Z</time>
      </trkpt>
      <trkpt lat="22.529287" lon="113.950943">
        <ele>6.6</ele>
        <time>2023-05-26T11:00:03Z</time>
      </trkpt>
      <trkpt lat="22.529353" lon="113.950944">
        <ele>6.7</ele>
        <time>2023-05-26T11:00:04Z</time>
      </trkpt>
      <trkpt lat="22.529414" lon="113.950951">
        <ele>6.7</ele>
        <time>2023-05-26T11:00:05Z</time>
      </trkpt>
      <trkpt lat="22.529473" lon="113.950952">
        <ele>6.7</ele>
        <time>2023-05-26T11:00:06Z</time>
      </trkpt>
      <trkpt lat="22.529534" lon="113.950958">
        <ele>6.7</ele>
        <time>2023-05-26T11:00:07Z</time>
      </trkpt>
      <trkpt lat="22.529598" lon="113.950959">
        <ele>6.7</ele>
        <time>2023-05-26T11:00:08Z</time>
      </trkpt>
      <trkpt lat="22.529654" lon="113.950967">
        <ele>6.7</ele>
        <time>2023-05-26T11:00:09Z</time>
      </trkpt>
      <trkpt lat="22.529714" lon="113.950975">
        <ele>6.7</ele>
        <time>2023-05-26T11:00:10Z</time>
      </trkpt>
      <trkpt lat="22.529774" lon="113.950982">
        <ele>6.7</ele>
        <time>2023-05-26T11:00:11Z</time>
      </trkpt>
      <trkpt lat="22.529834" lon="113.950989">
        <ele>6.7</ele>
        <time>2023-05-26T11:00:12Z</time>
      </trkpt>
      <trkpt lat="22.529891" lon="113.950989">
        <ele>6.7</ele>
        <time>2023-05-26T11:00:13Z</time>
      </trkpt>
      <trkpt lat="22.52995" lon="113.95099">
        <ele>6.7</ele>
        <time>2023-05-26T11:00:14Z</time>
      </trkpt>
      <trkpt lat="22.530012" lon="113.950996">
        <ele>6.7</ele>
        <time>2023-05-26T11:00:15Z</time>
      </trkpt>
      <trkpt lat="22.530073" lon="113.950997">
        <ele>6.7</ele>
        <time>2023-05-26T11:00:16Z</time>
      </trkpt>
      <trkpt lat="22.530133" lon="113.951005">
        <ele>6.7</ele>
        <time>2023-05-26T11:00:17Z</time>
      </trkpt>
      <trkpt lat="22.530194" lon="113.951012">
        <ele>6.7</ele>
        <time>2023-05-26T11:00:18Z</time>
      </trkpt>
      <trkpt lat="22.530251" lon="113.951012">
        <ele>6.7</ele>
        <time>2023-05-26T11:00:19Z</time>
      </trkpt>
      <trkpt lat="22.530311" lon="113.951013">
        <ele>6.7</ele>
        <time>2023-05-26T11:00:20Z</time>
      </trkpt>
      <trkpt lat="22.53037" lon="113.951019">
        <ele>6.7</ele>
        <time>2023-05-26T11:00:21Z</time>
      </trkpt>
      <trkpt lat="22.530432" lon="113.951019">
        <ele>6.7</ele>
        <time>2023-05-26T11:00:22Z</time>
      </trkpt>
      <trkpt lat="22.530495" lon="113.95102">
        <ele>6.7</ele>
        <time>2023-05-26T11:00:23Z</time>
      </trkpt>
      <trkpt lat="22.530557" lon="113.951027">
        <ele>6.7</ele>
        <time>2023-05-26T11:00:24Z</time>
      </trkpt>
      <trkpt lat="22.530621" lon="113.951028">
        <ele>6.7</ele>
        <time>2023-05-26T11:00:25Z</time>
      </trkpt>
      <trkpt lat="22.530681" lon="113.951035">
        <ele>6.7</ele>
        <time>2023-05-26T11:00:26Z</time>
      </trkpt>
      <trkpt lat="22.530741" lon="113.951036">
        <ele>6.7</ele>
        <time>2023-05-26T11:00:27Z</time>
      </trkpt>
      <trkpt lat="22.530806" lon="113.951043">
        <ele>6.7</ele>
        <time>2023-05-26T11:00:28Z</time>
      </trkpt>
      <trkpt lat="22.53087" lon="113.951051">
        <ele>6.7</ele>
        <time>2023-05-26T11:00:29Z</time>
      </trkpt>
      <trkpt lat="22.530935" lon="113.951058">
        <ele>6.7</ele>
        <time>2023-05-26T11:00:30Z</time>
      </trkpt>
      <trkpt lat="22.530997" lon="113.951066">
        <ele>6.7</ele>
        <time>2023-05-26T11:00:31Z</time>
      </trkpt>
      <trkpt lat="22.531058" lon="113.951073">
        <ele>6.7</ele>
        <time>2023-05-26T11:00:32Z</time>
      </trkpt>
      <trkpt lat="22.531121" lon="113.951073">
        <ele>6.7</ele>
        <time>2023-05-26T11:00:33Z</time>
      </trkpt>
      <trkpt lat="22.531182" lon="113.951073">
        <ele>6.7</ele>
        <time>2023-05-26T11:00:34Z</time>
      </trkpt>
      <trkpt lat="22.531247" lon="113.951074">
        <ele>6.7</ele>
        <time>2023-05-26T11:00:35Z</time>
      </trkpt>
      <trkpt lat="22.531311" lon="113.95108">
        <ele>6.7</ele>
        <time>2023-05-26T11:00:36Z</time>
      </trkpt>
      <trkpt lat="22.531372" lon="113.951081">
        <ele>6.7</ele>
        <time>2023-05-26T11:00:37Z</time>
      </trkpt>
      <trkpt lat="22.531437" lon="113.951088">
        <ele>6.7</ele>
        <time>2023-05-26T11:00:38Z</time>
      </trkpt>
      <trkpt lat="22.531499" lon="113.951088">
        <ele>6.7</ele>
        <time>2023-05-26T11:00:39Z</time>
      </trkpt>
      <trkpt lat="22.531561" lon="113.95109">
        <ele>6.7</ele>
        <time>2023-05-26T11:00:40Z</time>
      </trkpt>
      <trkpt lat="22.531628" lon="113.951103">
        <ele>6.7</ele>
        <time>2023-05-26T11:00:41Z</time>
      </trkpt>
      <trkpt lat="22.531691" lon="113.951104">
        <ele>6.7</ele>
        <time>2023-05-26T11:00:42Z</time>
      </trkpt>
      <trkpt lat="22.531757" lon="113.951111">
        <ele>6.7</ele>
        <time>2023-05-26T11:00:43Z</time>
      </trkpt>
      <trkpt lat="22.531816" lon="113.951111">
        <ele>6.7</ele>
        <time>2023-05-26T11:00:44Z</time>
      </trkpt>
      <trkpt lat="22.531882" lon="113.951111">
        <ele>6.7</ele>
        <time>2023-05-26T11:00:45Z</time>
      </trkpt>
      <trkpt lat="22.53194" lon="113.951112">
        <ele>6.7</ele>
        <time>2023-05-26T11:00:46Z</time>
      </trkpt>
      <trkpt lat="22.532001" lon="113.951118">
        <ele>6.7</ele>
        <time>2023-05-26T11:00:47Z</time>
      </trkpt>
      <trkpt lat="22.53206" lon="113.951118">
        <ele>6.7</ele>
        <time>2023-05-26T11:00:48Z</time>
      </trkpt>
      <trkpt lat="22.53212" lon="113.951111">
        <ele>6.7</ele>
        <time>2023-05-26T11:00:49Z</time>
      </trkpt>
      <trkpt lat="22.532185" lon="113.951111">
        <ele>6.7</ele>
        <time>2023-05-26T11:00:50Z</time>
      </trkpt>
      <trkpt lat="22.532245" lon="113.951112">
        <ele>6.7</ele>
        <time>2023-05-26T11:00:51Z</time>
      </trkpt>
      <trkpt lat="22.532299" lon="113.95112">
        <ele>6.7</ele>
        <time>2023-05-26T11:00:52Z</time>
      </trkpt>
      <trkpt lat="22.532361" lon="113.951128">
        <ele>6.7</ele>
        <time>2023-05-26T11:00:53Z</time>
      </trkpt>
      <trkpt lat="22.532421" lon="113.951141">
        <ele>6.7</ele>
        <time>2023-05-26T11:00:54Z</time>
      </trkpt>
      <trkpt lat="22.532486" lon="113.951141">
        <ele>6.7</ele>
        <time>2023-05-26T11:00:55Z</time>
      </trkpt>
      <trkpt lat="22.53255" lon="113.951142">
        <ele>6.7</ele>
        <time>2023-05-26T11:00:56Z</time>
      </trkpt>
      <trkpt lat="22.532613" lon="113.951149">
        <ele>6.7</ele>
        <time>2023-05-26T11:00:57Z</time>
      </trkpt>
      <trkpt lat="22.532673" lon="113.95115">
        <ele>6.7</ele>
        <time>2023-05-26T11:00:58Z</time>
      </trkpt>
      <trkpt lat="22.53273" lon="113.951158">
        <ele>6.7</ele>
        <time>2023-05-26T11:00:59Z</time>
      </trkpt>
      <trkpt lat="22.532787" lon="113.951164">
        <ele>6.7</ele>
        <time>2023-05-26T11:01:00Z</time>
      </trkpt>
      <trkpt lat="22.53285" lon="113.951164">
        <ele>6.7</ele>
        <time>2023-05-26T11:01:01Z</time>
      </trkpt>
      <trkpt lat="22.532911" lon="113.951165">
        <ele>6.7</ele>
        <time>2023-05-26T11:01:02Z</time>
      </trkpt>
      <trkpt lat="22.532971" lon="113.951173">
        <ele>6.7</ele>
        <time>2023-05-26T11:01:03Z</time>
      </trkpt>
      <trkpt lat="22.533032" lon="113.95118">
        <ele>6.7</ele>
        <time>2023-05-26T11:01:04Z</time>
      </trkpt>
      <trkpt lat="22.533092" lon="113.95118">
        <ele>6.7</ele>
        <time>2023-05-26T11:01:05Z</time>
      </trkpt>
      <trkpt lat="22.533151" lon="113.95118">
        <ele>6.8</ele>
        <time>2023-05-26T11:01:06Z</time>
      </trkpt>
      <trkpt lat="22.53321" lon="113.951187">
        <ele>6.8</ele>
        <time>2023-05-26T11:01:07Z</time>
      </trkpt>
      <trkpt lat="22.533267" lon="113.951187">
        <ele>6.8</ele>
        <time>2023-05-26T11:01:08Z</time>
      </trkpt>
      <trkpt lat="22.533327" lon="113.951188">
        <ele>6.8</ele>
        <time>2023-05-26T11:01:09Z</time>
      </trkpt>
      <trkpt lat="22.533383" lon="113.951196">
        <ele>6.8</ele>
        <time>2023-05-26T11:01:10Z</time>
      </trkpt>
      <trkpt lat="22.533442" lon="113.951203">
        <ele>6.8</ele>
        <time>2023-05-26T11:01:11Z</time>
      </trkpt>
      <trkpt lat="22.533497" lon="113.95121">
        <ele>6.8</ele>
        <time>2023-05-26T11:01:12Z</time>
      </trkpt>
      <trkpt lat="22.533549" lon="113.951211">
        <ele>6.8</ele>
        <time>2023-05-26T11:01:13Z</time>
      </trkpt>
      <trkpt lat="22.5336" lon="113.951219">
        <ele>6.8</ele>
        <time>2023-05-26T11:01:14Z</time>
      </trkpt>
      <trkpt lat="22.533653" lon="113.951233">
        <ele>6.8</ele>
        <time>2023-05-26T11:01:15Z</time>
      </trkpt>
      <trkpt lat="22.533704" lon="113.951232">
        <ele>6.8</ele>
        <time>2023-05-26T11:01:16Z</time>
      </trkpt>
      <trkpt lat="22.53376" lon="113.951223">
        <ele>6.7</ele>
        <time>2023-05-26T11:01:17Z</time>
      </trkpt>
      <trkpt lat="22.53382" lon="113.951209">
        <ele>6.7</ele>
        <time>2023-05-26T11:01:18Z</time>
      </trkpt>
      <trkpt lat="22.533884" lon="113.951202">
        <ele>6.7</ele>
        <time>2023-05-26T11:01:19Z</time>
      </trkpt>
      <trkpt lat="22.533939" lon="113.951203">
        <ele>6.6</ele>
        <time>2023-05-26T11:01:20Z</time>
      </trkpt>
      <trkpt lat="22.534001" lon="113.95121">
        <ele>6.6</ele>
        <time>2023-05-26T11:01:21Z</time>
      </trkpt>
      <trkpt lat="22.534055" lon="113.95121">
        <ele>6.6</ele>
        <time>2023-05-26T11:01:22Z</time>
      </trkpt>
      <trkpt lat="22.534117" lon="113.951209">
        <ele>6.5</ele>
        <time>2023-05-26T11:01:23Z</time>
      </trkpt>
      <trkpt lat="22.534174" lon="113.951202">
        <ele>6.5</ele>
        <time>2023-05-26T11:01:24Z</time>
      </trkpt>
      <trkpt lat="22.534228" lon="113.951202">
        <ele>6.5</ele>
        <time>2023-05-26T11:01:25Z</time>
      </trkpt>
      <trkpt lat="22.534283" lon="113.951204">
        <ele>6.4</ele>
        <time>2023-05-26T11:01:26Z</time>
      </trkpt>
      <trkpt lat="22.534335" lon="113.951211">
        <ele>6.4</ele>
        <time>2023-05-26T11:01:27Z</time>
      </trkpt>
      <trkpt lat="22.534386" lon="113.951219">
        <ele>6.4</ele>
        <time>2023-05-26T11:01:28Z</time>
      </trkpt>
      <trkpt lat="22.534435" lon="113.951226">
        <ele>6.3</ele>
        <time>2023-05-26T11:01:29Z</time>
      </trkpt>
      <trkpt lat="22.534488" lon="113.951234">
        <ele>6.3</ele>
        <time>2023-05-26T11:01:30Z</time>
      </trkpt>
      <trkpt lat="22.534537" lon="113.951243">
        <ele>6.3</ele>
        <time>2023-05-26T11:01:31Z</time>
      </trkpt>
      <trkpt lat="22.534586" lon="113.951258">
        <ele>6.2</ele>
        <time>2023-05-26T11:01:32Z</time>
      </trkpt>
      <trkpt lat="22.534637" lon="113.951274">
        <ele>6.2</ele>
        <time>2023-05-26T11:01:33Z</time>
      </trkpt>
      <trkpt lat="22.534687" lon="113.951296">
        <ele>6.2</ele>
        <time>2023-05-26T11:01:34Z</time>
      </trkpt>
      <trkpt lat="22.534734" lon="113.951309">
        <ele>6.1</ele>
        <time>2023-05-26T11:01:35Z</time>
      </trkpt>
      <trkpt lat="22.534778" lon="113.951309">
        <ele>6.1</ele>
        <time>2023-05-26T11:01:36Z</time>
      </trkpt>
      <trkpt lat="22.534827" lon="113.951309">
        <ele>6.1</ele>
        <time>2023-05-26T11:01:37Z</time>
      </trkpt>
      <trkpt lat="22.534871" lon="113.951309">
        <ele>6.1</ele>
        <time>2023-05-26T11:01:38Z</time>
      </trkpt>
      <trkpt lat="22.534921" lon="113.95131">
        <ele>6</ele>
        <time>2023-05-26T11:01:39Z</time>
      </trkpt>
      <trkpt lat="22.534967" lon="113.951317">
        <ele>6</ele>
        <time>2023-05-26T11:01:40Z</time>
      </trkpt>
      <trkpt lat="22.535016" lon="113.951316">
        <ele>6</ele>
        <time>2023-05-26T11:01:41Z</time>
      </trkpt>
      <trkpt lat="22.535068" lon="113.95131">
        <ele>5.9</ele>
        <time>2023-05-26T11:01:42Z</time>
      </trkpt>
      <trkpt lat="22.535123" lon="113.951318">
        <ele>5.9</ele>
        <time>2023-05-26T11:01:43Z</time>
      </trkpt>
      <trkpt lat="22.535182" lon="113.951335">
        <ele>5.9</ele>
        <time>2023-05-26T11:01:44Z</time>
      </trkpt>
      <trkpt lat="22.535237" lon="113.951358">
        <ele>5.8</ele>
        <time>2023-05-26T11:01:45Z</time>
      </trkpt>
      <trkpt lat="22.535287" lon="113.951382">
        <ele>5.8</ele>
        <time>2023-05-26T11:01:46Z</time>
      </trkpt>
      <trkpt lat="22.535338" lon="113.951411">
        <ele>5.8</ele>
        <time>2023-05-26T11:01:47Z</time>
      </trkpt>
      <trkpt lat="22.535389" lon="113.951434">
        <ele>5.7</ele>
        <time>2023-05-26T11:01:48Z</time>
      </trkpt>
      <trkpt lat="22.535441" lon="113.951457">
        <ele>5.7</ele>
        <time>2023-05-26T11:01:49Z</time>
      </trkpt>
      <trkpt lat="22.535488" lon="113.95148">
        <ele>5.7</ele>
        <time>2023-05-26T11:01:50Z</time>
      </trkpt>
      <trkpt lat="22.535533" lon="113.951504">
        <ele>5.7</ele>
        <time>2023-05-26T11:01:51Z</time>
      </trkpt>
      <trkpt lat="22.535573" lon="113.951533">
        <ele>5.7</ele>
        <time>2023-05-26T11:01:52Z</time>
      </trkpt>
      <trkpt lat="22.535614" lon="113.951564">
        <ele>5.7</ele>
        <time>2023-05-26T11:01:53Z</time>
      </trkpt>
      <trkpt lat="22.535661" lon="113.951594">
        <ele>5.6</ele>
        <time>2023-05-26T11:01:54Z</time>
      </trkpt>
      <trkpt lat="22.535718" lon="113.951628">
        <ele>5.6</ele>
        <time>2023-05-26T11:01:55Z</time>
      </trkpt>
      <trkpt lat="22.535776" lon="113.951663">
        <ele>5.6</ele>
        <time>2023-05-26T11:01:56Z</time>
      </trkpt>
      <trkpt lat="22.535826" lon="113.9517">
        <ele>5.6</ele>
        <time>2023-05-26T11:01:57Z</time>
      </trkpt>
      <trkpt lat="22.535885" lon="113.95173">
        <ele>5.6</ele>
        <time>2023-05-26T11:01:58Z</time>
      </trkpt>
      <trkpt lat="22.535952" lon="113.951747">
        <ele>5.6</ele>
        <time>2023-05-26T11:01:59Z</time>
      </trkpt>
      <trkpt lat="22.536005" lon="113.951784">
        <ele>5.6</ele>
        <time>2023-05-26T11:02:00Z</time>
      </trkpt>
      <trkpt lat="22.53605" lon="113.951807">
        <ele>5.6</ele>
        <time>2023-05-26T11:02:01Z</time>
      </trkpt>
      <trkpt lat="22.536093" lon="113.951823">
        <ele>5.6</ele>
        <time>2023-05-26T11:02:02Z</time>
      </trkpt>
      <trkpt lat="22.53614" lon="113.951846">
        <ele>5.6</ele>
        <time>2023-05-26T11:02:03Z</time>
      </trkpt>
      <trkpt lat="22.536185" lon="113.95187">
        <ele>5.6</ele>
        <time>2023-05-26T11:02:04Z</time>
      </trkpt>
      <trkpt lat="22.536225" lon="113.9519">
        <ele>5.6</ele>
        <time>2023-05-26T11:02:05Z</time>
      </trkpt>
      <trkpt lat="22.536267" lon="113.951924">
        <ele>5.6</ele>
        <time>2023-05-26T11:02:06Z</time>
      </trkpt>
      <trkpt lat="22.536304" lon="113.951954">
        <ele>5.5</ele>
        <time>2023-05-26T11:02:07Z</time>
      </trkpt>
      <trkpt lat="22.536347" lon="113.951984">
        <ele>5.5</ele>
        <time>2023-05-26T11:02:08Z</time>
      </trkpt>
      <trkpt lat="22.536387" lon="113.952016">
        <ele>5.5</ele>
        <time>2023-05-26T11:02:09Z</time>
      </trkpt>
      <trkpt lat="22.536421" lon="113.952063">
        <ele>5.5</ele>
        <time>2023-05-26T11:02:10Z</time>
      </trkpt>
      <trkpt lat="22.536453" lon="113.952106">
        <ele>5.5</ele>
        <time>2023-05-26T11:02:11Z</time>
      </trkpt>
      <trkpt lat="22.536497" lon="113.952135">
        <ele>5.5</ele>
        <time>2023-05-26T11:02:12Z</time>
      </trkpt>
      <trkpt lat="22.536553" lon="113.952151">
        <ele>5.5</ele>
        <time>2023-05-26T11:02:13Z</time>
      </trkpt>
      <trkpt lat="22.536607" lon="113.952175">
        <ele>5.5</ele>
        <time>2023-05-26T11:02:14Z</time>
      </trkpt>
      <trkpt lat="22.536659" lon="113.952207">
        <ele>5.5</ele>
        <time>2023-05-26T11:02:15Z</time>
      </trkpt>
      <trkpt lat="22.536707" lon="113.952236">
        <ele>5.5</ele>
        <time>2023-05-26T11:02:16Z</time>
      </trkpt>
      <trkpt lat="22.536759" lon="113.952266">
        <ele>5.5</ele>
        <time>2023-05-26T11:02:17Z</time>
      </trkpt>
      <trkpt lat="22.53681" lon="113.95229">
        <ele>5.5</ele>
        <time>2023-05-26T11:02:18Z</time>
      </trkpt>
      <trkpt lat="22.536862" lon="113.952328">
        <ele>5.5</ele>
        <time>2023-05-26T11:02:19Z</time>
      </trkpt>
      <trkpt lat="22.536913" lon="113.952359">
        <ele>5.4</ele>
        <time>2023-05-26T11:02:20Z</time>
      </trkpt>
      <trkpt lat="22.536971" lon="113.952398">
        <ele>5.4</ele>
        <time>2023-05-26T11:02:21Z</time>
      </trkpt>
      <trkpt lat="22.537027" lon="113.952434">
        <ele>5.4</ele>
        <time>2023-05-26T11:02:22Z</time>
      </trkpt>
      <trkpt lat="22.537081" lon="113.952465">
        <ele>5.4</ele>
        <time>2023-05-26T11:02:23Z</time>
      </trkpt>
      <trkpt lat="22.537136" lon="113.952505">
        <ele>5.4</ele>
        <time>2023-05-26T11:02:24Z</time>
      </trkpt>
      <trkpt lat="22.537184" lon="113.952542">
        <ele>5.4</ele>
        <time>2023-05-26T11:02:25Z</time>
      </trkpt>
      <trkpt lat="22.537238" lon="113.952579">
        <ele>5.5</ele>
        <time>2023-05-26T11:02:26Z</time>
      </trkpt>
      <trkpt lat="22.537287" lon="113.952611">
        <ele>5.5</ele>
        <time>2023-05-26T11:02:27Z</time>
      </trkpt>
      <trkpt lat="22.537332" lon="113.952649">
        <ele>5.5</ele>
        <time>2023-05-26T11:02:28Z</time>
      </trkpt>
      <trkpt lat="22.537379" lon="113.952686">
        <ele>5.5</ele>
        <time>2023-05-26T11:02:29Z</time>
      </trkpt>
      <trkpt lat="22.537429" lon="113.952717">
        <ele>5.5</ele>
        <time>2023-05-26T11:02:30Z</time>
      </trkpt>
      <trkpt lat="22.53748" lon="113.952749">
        <ele>5.5</ele>
        <time>2023-05-26T11:02:31Z</time>
      </trkpt>
      <trkpt lat="22.53753" lon="113.952787">
        <ele>5.5</ele>
        <time>2023-05-26T11:02:32Z</time>
      </trkpt>
      <trkpt lat="22.537586" lon="113.952825">
        <ele>5.5</ele>
        <time>2023-05-26T11:02:33Z</time>
      </trkpt>
      <trkpt lat="22.537639" lon="113.952854">
        <ele>5.5</ele>
        <time>2023-05-26T11:02:34Z</time>
      </trkpt>
      <trkpt lat="22.537694" lon="113.952892">
        <ele>5.5</ele>
        <time>2023-05-26T11:02:35Z</time>
      </trkpt>
      <trkpt lat="22.537751" lon="113.952922">
        <ele>5.5</ele>
        <time>2023-05-26T11:02:36Z</time>
      </trkpt>
      <trkpt lat="22.537811" lon="113.952953">
        <ele>5.5</ele>
        <time>2023-05-26T11:02:37Z</time>
      </trkpt>
      <trkpt lat="22.53787" lon="113.952984">
        <ele>5.5</ele>
        <time>2023-05-26T11:02:38Z</time>
      </trkpt>
      <trkpt lat="22.537924" lon="113.953013">
        <ele>5.5</ele>
        <time>2023-05-26T11:02:39Z</time>
      </trkpt>
      <trkpt lat="22.537978" lon="113.953037">
        <ele>5.5</ele>
        <time>2023-05-26T11:02:40Z</time>
      </trkpt>
      <trkpt lat="22.538031" lon="113.953067">
        <ele>5.5</ele>
        <time>2023-05-26T11:02:41Z</time>
      </trkpt>
      <trkpt lat="22.538086" lon="113.953097">
        <ele>5.5</ele>
        <time>2023-05-26T11:02:42Z</time>
      </trkpt>
      <trkpt lat="22.538138" lon="113.953122">
        <ele>5.5</ele>
        <time>2023-05-26T11:02:43Z</time>
      </trkpt>
      <trkpt lat="22.538193" lon="113.953159">
        <ele>5.5</ele>
        <time>2023-05-26T11:02:44Z</time>
      </trkpt>
      <trkpt lat="22.538251" lon="113.95319">
        <ele>5.5</ele>
        <time>2023-05-26T11:02:45Z</time>
      </trkpt>
      <trkpt lat="22.538301" lon="113.953222">
        <ele>5.6</ele>
        <time>2023-05-26T11:02:46Z</time>
      </trkpt>
      <trkpt lat="22.538349" lon="113.953258">
        <ele>5.6</ele>
        <time>2023-05-26T11:02:47Z</time>
      </trkpt>
      <trkpt lat="22.5384" lon="113.953289">
        <ele>5.6</ele>
        <time>2023-05-26T11:02:48Z</time>
      </trkpt>
      <trkpt lat="22.53845" lon="113.953318">
        <ele>5.6</ele>
        <time>2023-05-26T11:02:49Z</time>
      </trkpt>
      <trkpt lat="22.538501" lon="113.953343">
        <ele>5.6</ele>
        <time>2023-05-26T11:02:50Z</time>
      </trkpt>
      <trkpt lat="22.538553" lon="113.953374">
        <ele>5.6</ele>
        <time>2023-05-26T11:02:51Z</time>
      </trkpt>
      <trkpt lat="22.538606" lon="113.953412">
        <ele>5.6</ele>
        <time>2023-05-26T11:02:52Z</time>
      </trkpt>
      <trkpt lat="22.538662" lon="113.953442">
        <ele>5.6</ele>
        <time>2023-05-26T11:02:53Z</time>
      </trkpt>
      <trkpt lat="22.538723" lon="113.953472">
        <ele>5.6</ele>
        <time>2023-05-26T11:02:54Z</time>
      </trkpt>
      <trkpt lat="22.538784" lon="113.953502">
        <ele>5.6</ele>
        <time>2023-05-26T11:02:55Z</time>
      </trkpt>
      <trkpt lat="22.538847" lon="113.953526">
        <ele>5.6</ele>
        <time>2023-05-26T11:02:56Z</time>
      </trkpt>
      <trkpt lat="22.538907" lon="113.953556">
        <ele>5.6</ele>
        <time>2023-05-26T11:02:57Z</time>
      </trkpt>
      <trkpt lat="22.538965" lon="113.953586">
        <ele>5.6</ele>
        <time>2023-05-26T11:02:58Z</time>
      </trkpt>
      <trkpt lat="22.539021" lon="113.953618">
        <ele>5.6</ele>
        <time>2023-05-26T11:02:59Z</time>
      </trkpt>
      <trkpt lat="22.539075" lon="113.953656">
        <ele>5.6</ele>
        <time>2023-05-26T11:03:00Z</time>
      </trkpt>
      <trkpt lat="22.53913" lon="113.953694">
        <ele>5.6</ele>
        <time>2023-05-26T11:03:01Z</time>
      </trkpt>
      <trkpt lat="22.539181" lon="113.953731">
        <ele>5.6</ele>
        <time>2023-05-26T11:03:02Z</time>
      </trkpt>
      <trkpt lat="22.539232" lon="113.953754">
        <ele>5.6</ele>
        <time>2023-05-26T11:03:03Z</time>
      </trkpt>
      <trkpt lat="22.539287" lon="113.953777">
        <ele>5.7</ele>
        <time>2023-05-26T11:03:04Z</time>
      </trkpt>
      <trkpt lat="22.539335" lon="113.953799">
        <ele>5.7</ele>
        <time>2023-05-26T11:03:05Z</time>
      </trkpt>
      <trkpt lat="22.539387" lon="113.953822">
        <ele>5.7</ele>
        <time>2023-05-26T11:03:06Z</time>
      </trkpt>
      <trkpt lat="22.539438" lon="113.953845">
        <ele>5.7</ele>
        <time>2023-05-26T11:03:07Z</time>
      </trkpt>
      <trkpt lat="22.539488" lon="113.953877">
        <ele>5.7</ele>
        <time>2023-05-26T11:03:08Z</time>
      </trkpt>
      <trkpt lat="22.539537" lon="113.953916">
        <ele>5.7</ele>
        <time>2023-05-26T11:03:09Z</time>
      </trkpt>
      <trkpt lat="22.539592" lon="113.953953">
        <ele>5.7</ele>
        <time>2023-05-26T11:03:10Z</time>
      </trkpt>
      <trkpt lat="22.539647" lon="113.953983">
        <ele>5.7</ele>
        <time>2023-05-26T11:03:11Z</time>
      </trkpt>
      <trkpt lat="22.5397" lon="113.954014">
        <ele>5.7</ele>
        <time>2023-05-26T11:03:12Z</time>
      </trkpt>
      <trkpt lat="22.539749" lon="113.954044">
        <ele>5.7</ele>
        <time>2023-05-26T11:03:13Z</time>
      </trkpt>
      <trkpt lat="22.539797" lon="113.954075">
        <ele>5.7</ele>
        <time>2023-05-26T11:03:14Z</time>
      </trkpt>
      <trkpt lat="22.53984" lon="113.954106">
        <ele>5.7</ele>
        <time>2023-05-26T11:03:15Z</time>
      </trkpt>
      <trkpt lat="22.539881" lon="113.954136">
        <ele>5.7</ele>
        <time>2023-05-26T11:03:16Z</time>
      </trkpt>
      <trkpt lat="22.539934" lon="113.954168">
        <ele>5.7</ele>
        <time>2023-05-26T11:03:17Z</time>
      </trkpt>
      <trkpt lat="22.539988" lon="113.954204">
        <ele>5.7</ele>
        <time>2023-05-26T11:03:18Z</time>
      </trkpt>
      <trkpt lat="22.540042" lon="113.954234">
        <ele>5.7</ele>
        <time>2023-05-26T11:03:19Z</time>
      </trkpt>
      <trkpt lat="22.540093" lon="113.954257">
        <ele>5.7</ele>
        <time>2023-05-26T11:03:20Z</time>
      </trkpt>
      <trkpt lat="22.540144" lon="113.95428">
        <ele>5.8</ele>
        <time>2023-05-26T11:03:21Z</time>
      </trkpt>
      <trkpt lat="22.540194" lon="113.954304">
        <ele>5.8</ele>
        <time>2023-05-26T11:03:22Z</time>
      </trkpt>
      <trkpt lat="22.540251" lon="113.954335">
        <ele>5.8</ele>
        <time>2023-05-26T11:03:23Z</time>
      </trkpt>
      <trkpt lat="22.540303" lon="113.954364">
        <ele>5.8</ele>
        <time>2023-05-26T11:03:24Z</time>
      </trkpt>
      <trkpt lat="22.540358" lon="113.954394">
        <ele>5.8</ele>
        <time>2023-05-26T11:03:25Z</time>
      </trkpt>
      <trkpt lat="22.540412" lon="113.954417">
        <ele>5.8</ele>
        <time>2023-05-26T11:03:26Z</time>
      </trkpt>
      <trkpt lat="22.540472" lon="113.95444">
        <ele>5.8</ele>
        <time>2023-05-26T11:03:27Z</time>
      </trkpt>
      <trkpt lat="22.540534" lon="113.954463">
        <ele>5.8</ele>
        <time>2023-05-26T11:03:28Z</time>
      </trkpt>
      <trkpt lat="22.540587" lon="113.954486">
        <ele>5.8</ele>
        <time>2023-05-26T11:03:29Z</time>
      </trkpt>
      <trkpt lat="22.540639" lon="113.954509">
        <ele>5.8</ele>
        <time>2023-05-26T11:03:30Z</time>
      </trkpt>
      <trkpt lat="22.54069" lon="113.95454">
        <ele>5.8</ele>
        <time>2023-05-26T11:03:31Z</time>
      </trkpt>
      <trkpt lat="22.54074" lon="113.95457">
        <ele>5.8</ele>
        <time>2023-05-26T11:03:32Z</time>
      </trkpt>
      <trkpt lat="22.540795" lon="113.954593">
        <ele>5.8</ele>
        <time>2023-05-26T11:03:33Z</time>
      </trkpt>
      <trkpt lat="22.540853" lon="113.954615">
        <ele>5.8</ele>
        <time>2023-05-26T11:03:34Z</time>
      </trkpt>
      <trkpt lat="22.54091" lon="113.954631">
        <ele>5.8</ele>
        <time>2023-05-26T11:03:35Z</time>
      </trkpt>
      <trkpt lat="22.540965" lon="113.954654">
        <ele>5.8</ele>
        <time>2023-05-26T11:03:36Z</time>
      </trkpt>
      <trkpt lat="22.541022" lon="113.954678">
        <ele>5.8</ele>
        <time>2023-05-26T11:03:37Z</time>
      </trkpt>
      <trkpt lat="22.541075" lon="113.954709">
        <ele>5.8</ele>
        <time>2023-05-26T11:03:38Z</time>
      </trkpt>
      <trkpt lat="22.541124" lon="113.954738">
        <ele>5.8</ele>
        <time>2023-05-26T11:03:39Z</time>
      </trkpt>
      <trkpt lat="22.541176" lon="113.95477">
        <ele>5.9</ele>
        <time>2023-05-26T11:03:40Z</time>
      </trkpt>
      <trkpt lat="22.541231" lon="113.954799">
        <ele>5.9</ele>
        <time>2023-05-26T11:03:41Z</time>
      </trkpt>
      <trkpt lat="22.541283" lon="113.954822">
        <ele>5.9</ele>
        <time>2023-05-26T11:03:42Z</time>
      </trkpt>
      <trkpt lat="22.541335" lon="113.954843">
        <ele>5.9</ele>
        <time>2023-05-26T11:03:43Z</time>
      </trkpt>
      <trkpt lat="22.541386" lon="113.95486">
        <ele>5.9</ele>
        <time>2023-05-26T11:03:44Z</time>
      </trkpt>
      <trkpt lat="22.541438" lon="113.954883">
        <ele>5.9</ele>
        <time>2023-05-26T11:03:45Z</time>
      </trkpt>
      <trkpt lat="22.541489" lon="113.954905">
        <ele>5.9</ele>
        <time>2023-05-26T11:03:46Z</time>
      </trkpt>
      <trkpt lat="22.54154" lon="113.95492">
        <ele>5.9</ele>
        <time>2023-05-26T11:03:47Z</time>
      </trkpt>
      <trkpt lat="22.541591" lon="113.954935">
        <ele>5.9</ele>
        <time>2023-05-26T11:03:48Z</time>
      </trkpt>
      <trkpt lat="22.541643" lon="113.95495">
        <ele>5.9</ele>
        <time>2023-05-26T11:03:49Z</time>
      </trkpt>
      <trkpt lat="22.541692" lon="113.954965">
        <ele>5.9</ele>
        <time>2023-05-26T11:03:50Z</time>
      </trkpt>
      <trkpt lat="22.541746" lon="113.954972">
        <ele>5.9</ele>
        <time>2023-05-26T11:03:51Z</time>
      </trkpt>
      <trkpt lat="22.5418" lon="113.954981">
        <ele>5.9</ele>
        <time>2023-05-26T11:03:52Z</time>
      </trkpt>
      <trkpt lat="22.541854" lon="113.954995">
        <ele>5.9</ele>
        <time>2023-05-26T11:03:53Z</time>
      </trkpt>
      <trkpt lat="22.541905" lon="113.955002">
        <ele>5.9</ele>
        <time>2023-05-26T11:03:54Z</time>
      </trkpt>
      <trkpt lat="22.541953" lon="113.955003">
        <ele>5.9</ele>
        <time>2023-05-26T11:03:55Z</time>
      </trkpt>
      <trkpt lat="22.541996" lon="113.955011">
        <ele>5.9</ele>
        <time>2023-05-26T11:03:56Z</time>
      </trkpt>
      <trkpt lat="22.542028" lon="113.955026">
        <ele>5.9</ele>
        <time>2023-05-26T11:03:57Z</time>
      </trkpt>
      <trkpt lat="22.542062" lon="113.955034">
        <ele>5.9</ele>
        <time>2023-05-26T11:03:58Z</time>
      </trkpt>
      <trkpt lat="22.542097" lon="113.955049">
        <ele>5.9</ele>
        <time>2023-05-26T11:03:59Z</time>
      </trkpt>
      <trkpt lat="22.542133" lon="113.955064">
        <ele>5.9</ele>
        <time>2023-05-26T11:04:00Z</time>
      </trkpt>
      <trkpt lat="22.542177" lon="113.955071">
        <ele>5.9</ele>
        <time>2023-05-26T11:04:01Z</time>
      </trkpt>
      <trkpt lat="22.542225" lon="113.95508">
        <ele>6</ele>
        <time>2023-05-26T11:04:02Z</time>
      </trkpt>
      <trkpt lat="22.542275" lon="113.955094">
        <ele>6</ele>
        <time>2023-05-26T11:04:03Z</time>
      </trkpt>
      <trkpt lat="22.542323" lon="113.955101">
        <ele>6</ele>
        <time>2023-05-26T11:04:04Z</time>
      </trkpt>
      <trkpt lat="22.542373" lon="113.955102">
        <ele>6</ele>
        <time>2023-05-26T11:04:05Z</time>
      </trkpt>
      <trkpt lat="22.542423" lon="113.95511">
        <ele>6</ele>
        <time>2023-05-26T11:04:06Z</time>
      </trkpt>
      <trkpt lat="22.542471" lon="113.955116">
        <ele>6</ele>
        <time>2023-05-26T11:04:07Z</time>
      </trkpt>
      <trkpt lat="22.542522" lon="113.955116">
        <ele>6</ele>
        <time>2023-05-26T11:04:08Z</time>
      </trkpt>
      <trkpt lat="22.542573" lon="113.955115">
        <ele>6</ele>
        <time>2023-05-26T11:04:09Z</time>
      </trkpt>
      <trkpt lat="22.542628" lon="113.955108">
        <ele>6</ele>
        <time>2023-05-26T11:04:10Z</time>
      </trkpt>
      <trkpt lat="22.542677" lon="113.955102">
        <ele>6</ele>
        <time>2023-05-26T11:04:11Z</time>
      </trkpt>
      <trkpt lat="22.542726" lon="113.955111">
        <ele>6</ele>
        <time>2023-05-26T11:04:12Z</time>
      </trkpt>
      <trkpt lat="22.542771" lon="113.955134">
        <ele>6</ele>
        <time>2023-05-26T11:04:13Z</time>
      </trkpt>
      <trkpt lat="22.542811" lon="113.955157">
        <ele>6</ele>
        <time>2023-05-26T11:04:14Z</time>
      </trkpt>
      <trkpt lat="22.54285" lon="113.955179">
        <ele>6</ele>
        <time>2023-05-26T11:04:15Z</time>
      </trkpt>
      <trkpt lat="22.542888" lon="113.955194">
        <ele>6</ele>
        <time>2023-05-26T11:04:16Z</time>
      </trkpt>
      <trkpt lat="22.542923" lon="113.955209">
        <ele>6</ele>
        <time>2023-05-26T11:04:17Z</time>
      </trkpt>
      <trkpt lat="22.542949" lon="113.955215">
        <ele>6</ele>
        <time>2023-05-26T11:04:18Z</time>
      </trkpt>
      <trkpt lat="22.542972" lon="113.955214">
        <ele>6</ele>
        <time>2023-05-26T11:04:19Z</time>
      </trkpt>
      <trkpt lat="22.542995" lon="113.955206">
        <ele>6</ele>
        <time>2023-05-26T11:04:20Z</time>
      </trkpt>
      <trkpt lat="22.543005" lon="113.955192">
        <ele>6</ele>
        <time>2023-05-26T11:04:21Z</time>
      </trkpt>
      <trkpt lat="22.543028" lon="113.955183">
        <ele>6</ele>
        <time>2023-05-26T11:04:22Z</time>
      </trkpt>
      <trkpt lat="22.543064" lon="113.955168">
        <ele>6</ele>
        <time>2023-05-26T11:04:23Z</time>
      </trkpt>
      <trkpt lat="22.543111" lon="113.955151">
        <ele>6.1</ele>
        <time>2023-05-26T11:04:24Z</time>
      </trkpt>
      <trkpt lat="22.543157" lon="113.95513">
        <ele>6.1</ele>
        <time>2023-05-26T11:04:25Z</time>
      </trkpt>
      <trkpt lat="22.543201" lon="113.955116">
        <ele>6.1</ele>
        <time>2023-05-26T11:04:26Z</time>
      </trkpt>
      <trkpt lat="22.543247" lon="113.955116">
        <ele>6.1</ele>
        <time>2023-05-26T11:04:27Z</time>
      </trkpt>
      <trkpt lat="22.543315" lon="113.955116">
        <ele>6.1</ele>
        <time>2023-05-26T11:04:28Z</time>
      </trkpt>
      <trkpt lat="22.54337" lon="113.955116">
        <ele>6.1</ele>
        <time>2023-05-26T11:04:29Z</time>
      </trkpt>
      <trkpt lat="22.543412" lon="113.955116">
        <ele>6.1</ele>
        <time>2023-05-26T11:04:30Z</time>
      </trkpt>
      <trkpt lat="22.54345" lon="113.955116">
        <ele>6.1</ele>
        <time>2023-05-26T11:04:31Z</time>
      </trkpt>
      <trkpt lat="22.543485" lon="113.955117">
        <ele>6.1</ele>
        <time>2023-05-26T11:04:32Z</time>
      </trkpt>
      <trkpt lat="22.543525" lon="113.955124">
        <ele>6.1</ele>
        <time>2023-05-26T11:04:33Z</time>
      </trkpt>
      <trkpt lat="22.543572" lon="113.955123">
        <ele>6.1</ele>
        <time>2023-05-26T11:04:34Z</time>
      </trkpt>
      <trkpt lat="22.543619" lon="113.955116">
        <ele>6.1</ele>
        <time>2023-05-26T11:04:35Z</time>
      </trkpt>
      <trkpt lat="22.543685" lon="113.955112">
        <ele>6.2</ele>
        <time>2023-05-26T11:04:36Z</time>
      </trkpt>
      <trkpt lat="22.54375" lon="113.955109">
        <ele>6.2</ele>
        <time>2023-05-26T11:04:37Z</time>
      </trkpt>
      <trkpt lat="22.543784" lon="113.955118">
        <ele>6.3</ele>
        <time>2023-05-26T11:04:38Z</time>
      </trkpt>
      <trkpt lat="22.543823" lon="113.955142">
        <ele>6.3</ele>
        <time>2023-05-26T11:04:39Z</time>
      </trkpt>
      <trkpt lat="22.54386" lon="113.955172">
        <ele>6.3</ele>
        <time>2023-05-26T11:04:40Z</time>
      </trkpt>
      <trkpt lat="22.543884" lon="113.955193">
        <ele>6.4</ele>
        <time>2023-05-26T11:04:41Z</time>
      </trkpt>
      <trkpt lat="22.543919" lon="113.955201">
        <ele>6.4</ele>
        <time>2023-05-26T11:04:42Z</time>
      </trkpt>
      <trkpt lat="22.543952" lon="113.955209">
        <ele>6.4</ele>
        <time>2023-05-26T11:04:43Z</time>
      </trkpt>
      <trkpt lat="22.543989" lon="113.955225">
        <ele>6.5</ele>
        <time>2023-05-26T11:04:44Z</time>
      </trkpt>
      <trkpt lat="22.544029" lon="113.955239">
        <ele>6.5</ele>
        <time>2023-05-26T11:04:45Z</time>
      </trkpt>
      <trkpt lat="22.544069" lon="113.955247">
        <ele>6.5</ele>
        <time>2023-05-26T11:04:46Z</time>
      </trkpt>
      <trkpt lat="22.544112" lon="113.955254">
        <ele>6.6</ele>
        <time>2023-05-26T11:04:47Z</time>
      </trkpt>
      <trkpt lat="22.544158" lon="113.955261">
        <ele>6.6</ele>
        <time>2023-05-26T11:04:48Z</time>
      </trkpt>
      <trkpt lat="22.544206" lon="113.955262">
        <ele>6.6</ele>
        <time>2023-05-26T11:04:49Z</time>
      </trkpt>
      <trkpt lat="22.544249" lon="113.955269">
        <ele>6.7</ele>
        <time>2023-05-26T11:04:50Z</time>
      </trkpt>
      <trkpt lat="22.5443" lon="113.955269">
        <ele>6.7</ele>
        <time>2023-05-26T11:04:51Z</time>
      </trkpt>
      <trkpt lat="22.544345" lon="113.955269">
        <ele>6.8</ele>
        <time>2023-05-26T11:04:52Z</time>
      </trkpt>
      <trkpt lat="22.544392" lon="113.955277">
        <ele>6.8</ele>
        <time>2023-05-26T11:04:53Z</time>
      </trkpt>
      <trkpt lat="22.544438" lon="113.955285">
        <ele>6.8</ele>
        <time>2023-05-26T11:04:54Z</time>
      </trkpt>
      <trkpt lat="22.544488" lon="113.955292">
        <ele>6.9</ele>
        <time>2023-05-26T11:04:55Z</time>
      </trkpt>
      <trkpt lat="22.54454" lon="113.955292">
        <ele>6.9</ele>
        <time>2023-05-26T11:04:56Z</time>
      </trkpt>
      <trkpt lat="22.544589" lon="113.955299">
        <ele>7</ele>
        <time>2023-05-26T11:04:57Z</time>
      </trkpt>
      <trkpt lat="22.544637" lon="113.955299">
        <ele>7</ele>
        <time>2023-05-26T11:04:58Z</time>
      </trkpt>
      <trkpt lat="22.544689" lon="113.955299">
        <ele>7</ele>
        <time>2023-05-26T11:04:59Z</time>
      </trkpt>
      <trkpt lat="22.544741" lon="113.955301">
        <ele>7.1</ele>
        <time>2023-05-26T11:05:00Z</time>
      </trkpt>
      <trkpt lat="22.544789" lon="113.955307">
        <ele>7.1</ele>
        <time>2023-05-26T11:05:01Z</time>
      </trkpt>
      <trkpt lat="22.544837" lon="113.955308">
        <ele>7.2</ele>
        <time>2023-05-26T11:05:02Z</time>
      </trkpt>
      <trkpt lat="22.544886" lon="113.955316">
        <ele>7.2</ele>
        <time>2023-05-26T11:05:03Z</time>
      </trkpt>
      <trkpt lat="22.544939" lon="113.955324">
        <ele>7.2</ele>
        <time>2023-05-26T11:05:04Z</time>
      </trkpt>
      <trkpt lat="22.544998" lon="113.955339">
        <ele>7.3</ele>
        <time>2023-05-26T11:05:05Z</time>
      </trkpt>
      <trkpt lat="22.545059" lon="113.955346">
        <ele>7.3</ele>
        <time>2023-05-26T11:05:06Z</time>
      </trkpt>
      <trkpt lat="22.545108" lon="113.955354">
        <ele>7.4</ele>
        <time>2023-05-26T11:05:07Z</time>
      </trkpt>
      <trkpt lat="22.545158" lon="113.955361">
        <ele>7.4</ele>
        <time>2023-05-26T11:05:08Z</time>
      </trkpt>
      <trkpt lat="22.545206" lon="113.955369">
        <ele>7.5</ele>
        <time>2023-05-26T11:05:09Z</time>
      </trkpt>
      <trkpt lat="22.545258" lon="113.955378">
        <ele>7.5</ele>
        <time>2023-05-26T11:05:10Z</time>
      </trkpt>
      <trkpt lat="22.545313" lon="113.955392">
        <ele>7.6</ele>
        <time>2023-05-26T11:05:11Z</time>
      </trkpt>
      <trkpt lat="22.545371" lon="113.955399">
        <ele>7.6</ele>
        <time>2023-05-26T11:05:12Z</time>
      </trkpt>
      <trkpt lat="22.545427" lon="113.955408">
        <ele>7.6</ele>
        <time>2023-05-26T11:05:13Z</time>
      </trkpt>
      <trkpt lat="22.545483" lon="113.955423">
        <ele>7.6</ele>
        <time>2023-05-26T11:05:14Z</time>
      </trkpt>
      <trkpt lat="22.545538" lon="113.95544">
        <ele>7.6</ele>
        <time>2023-05-26T11:05:15Z</time>
      </trkpt>
      <trkpt lat="22.545587" lon="113.955464">
        <ele>7.6</ele>
        <time>2023-05-26T11:05:16Z</time>
      </trkpt>
      <trkpt lat="22.545639" lon="113.955493">
        <ele>7.6</ele>
        <time>2023-05-26T11:05:17Z</time>
      </trkpt>
      <trkpt lat="22.545695" lon="113.955514">
        <ele>7.6</ele>
        <time>2023-05-26T11:05:18Z</time>
      </trkpt>
      <trkpt lat="22.545753" lon="113.955522">
        <ele>7.6</ele>
        <time>2023-05-26T11:05:19Z</time>
      </trkpt>
      <trkpt lat="22.545811" lon="113.95553">
        <ele>7.6</ele>
        <time>2023-05-26T11:05:20Z</time>
      </trkpt>
      <trkpt lat="22.545868" lon="113.955545">
        <ele>7.6</ele>
        <time>2023-05-26T11:05:21Z</time>
      </trkpt>
      <trkpt lat="22.545919" lon="113.955562">
        <ele>7.6</ele>
        <time>2023-05-26T11:05:22Z</time>
      </trkpt>
      <trkpt lat="22.545971" lon="113.955584">
        <ele>7.6</ele>
        <time>2023-05-26T11:05:23Z</time>
      </trkpt>
      <trkpt lat="22.546022" lon="113.955606">
        <ele>7.6</ele>
        <time>2023-05-26T11:05:24Z</time>
      </trkpt>
      <trkpt lat="22.54607" lon="113.955622">
        <ele>7.6</ele>
        <time>2023-05-26T11:05:25Z</time>
      </trkpt>
      <trkpt lat="22.54612" lon="113.955636">
        <ele>7.6</ele>
        <time>2023-05-26T11:05:26Z</time>
      </trkpt>
      <trkpt lat="22.54617" lon="113.955645">
        <ele>7.6</ele>
        <time>2023-05-26T11:05:27Z</time>
      </trkpt>
      <trkpt lat="22.546224" lon="113.955661">
        <ele>7.6</ele>
        <time>2023-05-26T11:05:28Z</time>
      </trkpt>
      <trkpt lat="22.546273" lon="113.955675">
        <ele>7.6</ele>
        <time>2023-05-26T11:05:29Z</time>
      </trkpt>
      <trkpt lat="22.546314" lon="113.955691">
        <ele>7.6</ele>
        <time>2023-05-26T11:05:30Z</time>
      </trkpt>
      <trkpt lat="22.546357" lon="113.955706">
        <ele>7.6</ele>
        <time>2023-05-26T11:05:31Z</time>
      </trkpt>
      <trkpt lat="22.546406" lon="113.955721">
        <ele>7.6</ele>
        <time>2023-05-26T11:05:32Z</time>
      </trkpt>
      <trkpt lat="22.546458" lon="113.955737">
        <ele>7.6</ele>
        <time>2023-05-26T11:05:33Z</time>
      </trkpt>
      <trkpt lat="22.54651" lon="113.955758">
        <ele>7.6</ele>
        <time>2023-05-26T11:05:34Z</time>
      </trkpt>
      <trkpt lat="22.546563" lon="113.955766">
        <ele>7.6</ele>
        <time>2023-05-26T11:05:35Z</time>
      </trkpt>
      <trkpt lat="22.546616" lon="113.955773">
        <ele>7.6</ele>
        <time>2023-05-26T11:05:36Z</time>
      </trkpt>
      <trkpt lat="22.546668" lon="113.955782">
        <ele>7.6</ele>
        <time>2023-05-26T11:05:37Z</time>
      </trkpt>
      <trkpt lat="22.546719" lon="113.955797">
        <ele>7.6</ele>
        <time>2023-05-26T11:05:38Z</time>
      </trkpt>
      <trkpt lat="22.546771" lon="113.955814">
        <ele>7.6</ele>
        <time>2023-05-26T11:05:39Z</time>
      </trkpt>
      <trkpt lat="22.546826" lon="113.955834">
        <ele>7.6</ele>
        <time>2023-05-26T11:05:40Z</time>
      </trkpt>
      <trkpt lat="22.546882" lon="113.955842">
        <ele>7.6</ele>
        <time>2023-05-26T11:05:41Z</time>
      </trkpt>
      <trkpt lat="22.546938" lon="113.95585">
        <ele>7.6</ele>
        <time>2023-05-26T11:05:42Z</time>
      </trkpt>
      <trkpt lat="22.546993" lon="113.955866">
        <ele>7.6</ele>
        <time>2023-05-26T11:05:43Z</time>
      </trkpt>
      <trkpt lat="22.54705" lon="113.955889">
        <ele>7.6</ele>
        <time>2023-05-26T11:05:44Z</time>
      </trkpt>
      <trkpt lat="22.547104" lon="113.955904">
        <ele>7.6</ele>
        <time>2023-05-26T11:05:45Z</time>
      </trkpt>
      <trkpt lat="22.547156" lon="113.955918">
        <ele>7.6</ele>
        <time>2023-05-26T11:05:46Z</time>
      </trkpt>
      <trkpt lat="22.547215" lon="113.955926">
        <ele>7.6</ele>
        <time>2023-05-26T11:05:47Z</time>
      </trkpt>
      <trkpt lat="22.547274" lon="113.955935">
        <ele>7.7</ele>
        <time>2023-05-26T11:05:48Z</time>
      </trkpt>
      <trkpt lat="22.547336" lon="113.955957">
        <ele>7.7</ele>
        <time>2023-05-26T11:05:49Z</time>
      </trkpt>
      <trkpt lat="22.547391" lon="113.955966">
        <ele>7.7</ele>
        <time>2023-05-26T11:05:50Z</time>
      </trkpt>
      <trkpt lat="22.547443" lon="113.955988">
        <ele>7.7</ele>
        <time>2023-05-26T11:05:51Z</time>
      </trkpt>
      <trkpt lat="22.547498" lon="113.956004">
        <ele>7.7</ele>
        <time>2023-05-26T11:05:52Z</time>
      </trkpt>
      <trkpt lat="22.547554" lon="113.956026">
        <ele>7.7</ele>
        <time>2023-05-26T11:05:53Z</time>
      </trkpt>
      <trkpt lat="22.547609" lon="113.956042">
        <ele>7.7</ele>
        <time>2023-05-26T11:05:54Z</time>
      </trkpt>
      <trkpt lat="22.547674" lon="113.956064">
        <ele>7.8</ele>
        <time>2023-05-26T11:05:55Z</time>
      </trkpt>
      <trkpt lat="22.547731" lon="113.95608">
        <ele>7.8</ele>
        <time>2023-05-26T11:05:56Z</time>
      </trkpt>
      <trkpt lat="22.547792" lon="113.956102">
        <ele>7.8</ele>
        <time>2023-05-26T11:05:57Z</time>
      </trkpt>
      <trkpt lat="22.54785" lon="113.956118">
        <ele>7.8</ele>
        <time>2023-05-26T11:05:58Z</time>
      </trkpt>
      <trkpt lat="22.547904" lon="113.95614">
        <ele>7.8</ele>
        <time>2023-05-26T11:05:59Z</time>
      </trkpt>
      <trkpt lat="22.547964" lon="113.956156">
        <ele>7.8</ele>
        <time>2023-05-26T11:06:00Z</time>
      </trkpt>
      <trkpt lat="22.548019" lon="113.956172">
        <ele>7.8</ele>
        <time>2023-05-26T11:06:01Z</time>
      </trkpt>
      <trkpt lat="22.548084" lon="113.956194">
        <ele>7.9</ele>
        <time>2023-05-26T11:06:02Z</time>
      </trkpt>
      <trkpt lat="22.548145" lon="113.956209">
        <ele>7.9</ele>
        <time>2023-05-26T11:06:03Z</time>
      </trkpt>
      <trkpt lat="22.548204" lon="113.956224">
        <ele>7.9</ele>
        <time>2023-05-26T11:06:04Z</time>
      </trkpt>
      <trkpt lat="22.54826" lon="113.95624">
        <ele>7.9</ele>
        <time>2023-05-26T11:06:05Z</time>
      </trkpt>
      <trkpt lat="22.548316" lon="113.956255">
        <ele>7.9</ele>
        <time>2023-05-26T11:06:06Z</time>
      </trkpt>
      <trkpt lat="22.548376" lon="113.95627">
        <ele>7.9</ele>
        <time>2023-05-26T11:06:07Z</time>
      </trkpt>
      <trkpt lat="22.548435" lon="113.956285">
        <ele>7.9</ele>
        <time>2023-05-26T11:06:08Z</time>
      </trkpt>
      <trkpt lat="22.548498" lon="113.956301">
        <ele>8</ele>
        <time>2023-05-26T11:06:09Z</time>
      </trkpt>
      <trkpt lat="22.548561" lon="113.956317">
        <ele>8</ele>
        <time>2023-05-26T11:06:10Z</time>
      </trkpt>
      <trkpt lat="22.548623" lon="113.956339">
        <ele>8</ele>
        <time>2023-05-26T11:06:11Z</time>
      </trkpt>
      <trkpt lat="22.548683" lon="113.956355">
        <ele>8</ele>
        <time>2023-05-26T11:06:12Z</time>
      </trkpt>
      <trkpt lat="22.548741" lon="113.956377">
        <ele>8</ele>
        <time>2023-05-26T11:06:13Z</time>
      </trkpt>
      <trkpt lat="22.548798" lon="113.956393">
        <ele>8</ele>
        <time>2023-05-26T11:06:14Z</time>
      </trkpt>
      <trkpt lat="22.54886" lon="113.956415">
        <ele>8</ele>
        <time>2023-05-26T11:06:15Z</time>
      </trkpt>
      <trkpt lat="22.548928" lon="113.956432">
        <ele>8</ele>
        <time>2023-05-26T11:06:16Z</time>
      </trkpt>
      <trkpt lat="22.548995" lon="113.956453">
        <ele>8.1</ele>
        <time>2023-05-26T11:06:17Z</time>
      </trkpt>
      <trkpt lat="22.549062" lon="113.956469">
        <ele>8.1</ele>
        <time>2023-05-26T11:06:18Z</time>
      </trkpt>
      <trkpt lat="22.549126" lon="113.956484">
        <ele>8.1</ele>
        <time>2023-05-26T11:06:19Z</time>
      </trkpt>
      <trkpt lat="22.54919" lon="113.9565">
        <ele>8.1</ele>
        <time>2023-05-26T11:06:20Z</time>
      </trkpt>
      <trkpt lat="22.54925" lon="113.956515">
        <ele>8.1</ele>
        <time>2023-05-26T11:06:21Z</time>
      </trkpt>
      <trkpt lat="22.549318" lon="113.956529">
        <ele>8.1</ele>
        <time>2023-05-26T11:06:22Z</time>
      </trkpt>
      <trkpt lat="22.549388" lon="113.956536">
        <ele>8.1</ele>
        <time>2023-05-26T11:06:23Z</time>
      </trkpt>
      <trkpt lat="22.549458" lon="113.956543">
        <ele>8.1</ele>
        <time>2023-05-26T11:06:24Z</time>
      </trkpt>
      <trkpt lat="22.549527" lon="113.956544">
        <ele>8.1</ele>
        <time>2023-05-26T11:06:25Z</time>
      </trkpt>
      <trkpt lat="22.549596" lon="113.956551">
        <ele>8.1</ele>
        <time>2023-05-26T11:06:26Z</time>
      </trkpt>
      <trkpt lat="22.549659" lon="113.956558">
        <ele>8.1</ele>
        <time>2023-05-26T11:06:27Z</time>
      </trkpt>
      <trkpt lat="22.549725" lon="113.956559">
        <ele>8.1</ele>
        <time>2023-05-26T11:06:28Z</time>
      </trkpt>
      <trkpt lat="22.549787" lon="113.956567">
        <ele>8.1</ele>
        <time>2023-05-26T11:06:29Z</time>
      </trkpt>
      <trkpt lat="22.549852" lon="113.956574">
        <ele>8.1</ele>
        <time>2023-05-26T11:06:30Z</time>
      </trkpt>
      <trkpt lat="22.549911" lon="113.956574">
        <ele>8.1</ele>
        <time>2023-05-26T11:06:31Z</time>
      </trkpt>
      <trkpt lat="22.549971" lon="113.95658">
        <ele>8.1</ele>
        <time>2023-05-26T11:06:32Z</time>
      </trkpt>
      <trkpt lat="22.550029" lon="113.956574">
        <ele>8.1</ele>
        <time>2023-05-26T11:06:33Z</time>
      </trkpt>
      <trkpt lat="22.55008" lon="113.956574">
        <ele>8.1</ele>
        <time>2023-05-26T11:06:34Z</time>
      </trkpt>
      <trkpt lat="22.550132" lon="113.956581">
        <ele>8.1</ele>
        <time>2023-05-26T11:06:35Z</time>
      </trkpt>
      <trkpt lat="22.550191" lon="113.956581">
        <ele>8.1</ele>
        <time>2023-05-26T11:06:36Z</time>
      </trkpt>
      <trkpt lat="22.550246" lon="113.956581">
        <ele>8.1</ele>
        <time>2023-05-26T11:06:37Z</time>
      </trkpt>
      <trkpt lat="22.550309" lon="113.956582">
        <ele>8.1</ele>
        <time>2023-05-26T11:06:38Z</time>
      </trkpt>
      <trkpt lat="22.550369" lon="113.956588">
        <ele>8.1</ele>
        <time>2023-05-26T11:06:39Z</time>
      </trkpt>
      <trkpt lat="22.550433" lon="113.956581">
        <ele>8.1</ele>
        <time>2023-05-26T11:06:40Z</time>
      </trkpt>
      <trkpt lat="22.550495" lon="113.95658">
        <ele>8.1</ele>
        <time>2023-05-26T11:06:41Z</time>
      </trkpt>
      <trkpt lat="22.550556" lon="113.956572">
        <ele>8.1</ele>
        <time>2023-05-26T11:06:42Z</time>
      </trkpt>
      <trkpt lat="22.550618" lon="113.956557">
        <ele>8.1</ele>
        <time>2023-05-26T11:06:43Z</time>
      </trkpt>
      <trkpt lat="22.55068" lon="113.95655">
        <ele>8.1</ele>
        <time>2023-05-26T11:06:44Z</time>
      </trkpt>
      <trkpt lat="22.550745" lon="113.956543">
        <ele>8.1</ele>
        <time>2023-05-26T11:06:45Z</time>
      </trkpt>
      <trkpt lat="22.550815" lon="113.956543">
        <ele>8.1</ele>
        <time>2023-05-26T11:06:46Z</time>
      </trkpt>
      <trkpt lat="22.550884" lon="113.956542">
        <ele>8.1</ele>
        <time>2023-05-26T11:06:47Z</time>
      </trkpt>
      <trkpt lat="22.550948" lon="113.956533">
        <ele>8.1</ele>
        <time>2023-05-26T11:06:48Z</time>
      </trkpt>
      <trkpt lat="22.551013" lon="113.956518">
        <ele>8.1</ele>
        <time>2023-05-26T11:06:49Z</time>
      </trkpt>
      <trkpt lat="22.551076" lon="113.956504">
        <ele>8.1</ele>
        <time>2023-05-26T11:06:50Z</time>
      </trkpt>
      <trkpt lat="22.551137" lon="113.956496">
        <ele>8.1</ele>
        <time>2023-05-26T11:06:51Z</time>
      </trkpt>
      <trkpt lat="22.551203" lon="113.95648">
        <ele>8.1</ele>
        <time>2023-05-26T11:06:52Z</time>
      </trkpt>
      <trkpt lat="22.551264" lon="113.956465">
        <ele>8.1</ele>
        <time>2023-05-26T11:06:53Z</time>
      </trkpt>
      <trkpt lat="22.551329" lon="113.956448">
        <ele>8.2</ele>
        <time>2023-05-26T11:06:54Z</time>
      </trkpt>
      <trkpt lat="22.551387" lon="113.956426">
        <ele>8.2</ele>
        <time>2023-05-26T11:06:55Z</time>
      </trkpt>
      <trkpt lat="22.551445" lon="113.956402">
        <ele>8.2</ele>
        <time>2023-05-26T11:06:56Z</time>
      </trkpt>
      <trkpt lat="22.551497" lon="113.956372">
        <ele>8.2</ele>
        <time>2023-05-26T11:06:57Z</time>
      </trkpt>
      <trkpt lat="22.551551" lon="113.956342">
        <ele>8.2</ele>
        <time>2023-05-26T11:06:58Z</time>
      </trkpt>
      <trkpt lat="22.551606" lon="113.95632">
        <ele>8.2</ele>
        <time>2023-05-26T11:06:59Z</time>
      </trkpt>
      <trkpt lat="22.551666" lon="113.956305">
        <ele>8.2</ele>
        <time>2023-05-26T11:07:00Z</time>
      </trkpt>
      <trkpt lat="22.55173" lon="113.956288">
        <ele>8.2</ele>
        <time>2023-05-26T11:07:01Z</time>
      </trkpt>
      <trkpt lat="22.551789" lon="113.956266">
        <ele>8.2</ele>
        <time>2023-05-26T11:07:02Z</time>
      </trkpt>
      <trkpt lat="22.551845" lon="113.956243">
        <ele>8.2</ele>
        <time>2023-05-26T11:07:03Z</time>
      </trkpt>
      <trkpt lat="22.551906" lon="113.956219">
        <ele>8.2</ele>
        <time>2023-05-26T11:07:04Z</time>
      </trkpt>
      <trkpt lat="22.551967" lon="113.956189">
        <ele>8.2</ele>
        <time>2023-05-26T11:07:05Z</time>
      </trkpt>
      <trkpt lat="22.552024" lon="113.956166">
        <ele>8.2</ele>
        <time>2023-05-26T11:07:06Z</time>
      </trkpt>
      <trkpt lat="22.552076" lon="113.956137">
        <ele>8.2</ele>
        <time>2023-05-26T11:07:07Z</time>
      </trkpt>
      <trkpt lat="22.552124" lon="113.95612">
        <ele>8.2</ele>
        <time>2023-05-26T11:07:08Z</time>
      </trkpt>
      <trkpt lat="22.55217" lon="113.956098">
        <ele>8.2</ele>
        <time>2023-05-26T11:07:09Z</time>
      </trkpt>
      <trkpt lat="22.552219" lon="113.956073">
        <ele>8.2</ele>
        <time>2023-05-26T11:07:10Z</time>
      </trkpt>
      <trkpt lat="22.552268" lon="113.956043">
        <ele>8.2</ele>
        <time>2023-05-26T11:07:11Z</time>
      </trkpt>
      <trkpt lat="22.552316" lon="113.956014">
        <ele>8.2</ele>
        <time>2023-05-26T11:07:12Z</time>
      </trkpt>
      <trkpt lat="22.55236" lon="113.955992">
        <ele>8.2</ele>
        <time>2023-05-26T11:07:13Z</time>
      </trkpt>
      <trkpt lat="22.5524" lon="113.955976">
        <ele>8.2</ele>
        <time>2023-05-26T11:07:14Z</time>
      </trkpt>
      <trkpt lat="22.552444" lon="113.955962">
        <ele>8.2</ele>
        <time>2023-05-26T11:07:15Z</time>
      </trkpt>
      <trkpt lat="22.552487" lon="113.955954">
        <ele>8.2</ele>
        <time>2023-05-26T11:07:16Z</time>
      </trkpt>
      <trkpt lat="22.552532" lon="113.955936">
        <ele>8.2</ele>
        <time>2023-05-26T11:07:17Z</time>
      </trkpt>
      <trkpt lat="22.552573" lon="113.955906">
        <ele>8.2</ele>
        <time>2023-05-26T11:07:18Z</time>
      </trkpt>
      <trkpt lat="22.552615" lon="113.955876">
        <ele>8.2</ele>
        <time>2023-05-26T11:07:19Z</time>
      </trkpt>
      <trkpt lat="22.552651" lon="113.955853">
        <ele>8.2</ele>
        <time>2023-05-26T11:07:20Z</time>
      </trkpt>
      <trkpt lat="22.552694" lon="113.955822">
        <ele>8.2</ele>
        <time>2023-05-26T11:07:21Z</time>
      </trkpt>
      <trkpt lat="22.552742" lon="113.955792">
        <ele>8.2</ele>
        <time>2023-05-26T11:07:22Z</time>
      </trkpt>
      <trkpt lat="22.552795" lon="113.95576">
        <ele>8.2</ele>
        <time>2023-05-26T11:07:23Z</time>
      </trkpt>
      <trkpt lat="22.552849" lon="113.955722">
        <ele>8.2</ele>
        <time>2023-05-26T11:07:24Z</time>
      </trkpt>
      <trkpt lat="22.552904" lon="113.955683">
        <ele>8.2</ele>
        <time>2023-05-26T11:07:25Z</time>
      </trkpt>
      <trkpt lat="22.552958" lon="113.955646">
        <ele>8.2</ele>
        <time>2023-05-26T11:07:26Z</time>
      </trkpt>
      <trkpt lat="22.553013" lon="113.955608">
        <ele>8.2</ele>
        <time>2023-05-26T11:07:27Z</time>
      </trkpt>
      <trkpt lat="22.553061" lon="113.955569">
        <ele>8.2</ele>
        <time>2023-05-26T11:07:28Z</time>
      </trkpt>
      <trkpt lat="22.55311" lon="113.95553">
        <ele>8.2</ele>
        <time>2023-05-26T11:07:29Z</time>
      </trkpt>
      <trkpt lat="22.553156" lon="113.955485">
        <ele>8.3</ele>
        <time>2023-05-26T11:07:30Z</time>
      </trkpt>
      <trkpt lat="22.553206" lon="113.955439">
        <ele>8.3</ele>
        <time>2023-05-26T11:07:31Z</time>
      </trkpt>
      <trkpt lat="22.553253" lon="113.955394">
        <ele>8.3</ele>
        <time>2023-05-26T11:07:32Z</time>
      </trkpt>
      <trkpt lat="22.553303" lon="113.955355">
        <ele>8.3</ele>
        <time>2023-05-26T11:07:33Z</time>
      </trkpt>
      <trkpt lat="22.553354" lon="113.955309">
        <ele>8.3</ele>
        <time>2023-05-26T11:07:34Z</time>
      </trkpt>
      <trkpt lat="22.553402" lon="113.955272">
        <ele>8.3</ele>
        <time>2023-05-26T11:07:35Z</time>
      </trkpt>
      <trkpt lat="22.553447" lon="113.955234">
        <ele>8.3</ele>
        <time>2023-05-26T11:07:36Z</time>
      </trkpt>
      <trkpt lat="22.553491" lon="113.955196">
        <ele>8.3</ele>
        <time>2023-05-26T11:07:37Z</time>
      </trkpt>
      <trkpt lat="22.55353" lon="113.955158">
        <ele>8.3</ele>
        <time>2023-05-26T11:07:38Z</time>
      </trkpt>
      <trkpt lat="22.553571" lon="113.955119">
        <ele>8.3</ele>
        <time>2023-05-26T11:07:39Z</time>
      </trkpt>
      <trkpt lat="22.55361" lon="113.95508">
        <ele>8.3</ele>
        <time>2023-05-26T11:07:40Z</time>
      </trkpt>
      <trkpt lat="22.553645" lon="113.955043">
        <ele>8.3</ele>
        <time>2023-05-26T11:07:41Z</time>
      </trkpt>
      <trkpt lat="22.553684" lon="113.955006">
        <ele>8.3</ele>
        <time>2023-05-26T11:07:42Z</time>
      </trkpt>
      <trkpt lat="22.553725" lon="113.954975">
        <ele>8.3</ele>
        <time>2023-05-26T11:07:43Z</time>
      </trkpt>
      <trkpt lat="22.553763" lon="113.954935">
        <ele>8.3</ele>
        <time>2023-05-26T11:07:44Z</time>
      </trkpt>
      <trkpt lat="22.553801" lon="113.95489">
        <ele>8.3</ele>
        <time>2023-05-26T11:07:45Z</time>
      </trkpt>
      <trkpt lat="22.553837" lon="113.954849">
        <ele>8.3</ele>
        <time>2023-05-26T11:07:46Z</time>
      </trkpt>
      <trkpt lat="22.553872" lon="113.954799">
        <ele>8.3</ele>
        <time>2023-05-26T11:07:47Z</time>
      </trkpt>
      <trkpt lat="22.553916" lon="113.954761">
        <ele>8.3</ele>
        <time>2023-05-26T11:07:48Z</time>
      </trkpt>
      <trkpt lat="22.553968" lon="113.954723">
        <ele>8.3</ele>
        <time>2023-05-26T11:07:49Z</time>
      </trkpt>
      <trkpt lat="22.554023" lon="113.954692">
        <ele>8.3</ele>
        <time>2023-05-26T11:07:50Z</time>
      </trkpt>
      <trkpt lat="22.554072" lon="113.954653">
        <ele>8.3</ele>
        <time>2023-05-26T11:07:51Z</time>
      </trkpt>
      <trkpt lat="22.554117" lon="113.954608">
        <ele>8.3</ele>
        <time>2023-05-26T11:07:52Z</time>
      </trkpt>
      <trkpt lat="22.554165" lon="113.95457">
        <ele>8.3</ele>
        <time>2023-05-26T11:07:53Z</time>
      </trkpt>
      <trkpt lat="22.554215" lon="113.954532">
        <ele>8.3</ele>
        <time>2023-05-26T11:07:54Z</time>
      </trkpt>
      <trkpt lat="22.554255" lon="113.954493">
        <ele>8.3</ele>
        <time>2023-05-26T11:07:55Z</time>
      </trkpt>
      <trkpt lat="22.554296" lon="113.954448">
        <ele>8.3</ele>
        <time>2023-05-26T11:07:56Z</time>
      </trkpt>
      <trkpt lat="22.554338" lon="113.95441">
        <ele>8.3</ele>
        <time>2023-05-26T11:07:57Z</time>
      </trkpt>
      <trkpt lat="22.554392" lon="113.954373">
        <ele>8.3</ele>
        <time>2023-05-26T11:07:58Z</time>
      </trkpt>
      <trkpt lat="22.554452" lon="113.954351">
        <ele>8.3</ele>
        <time>2023-05-26T11:07:59Z</time>
      </trkpt>
      <trkpt lat="22.554503" lon="113.954327">
        <ele>8.3</ele>
        <time>2023-05-26T11:08:00Z</time>
      </trkpt>
      <trkpt lat="22.554558" lon="113.954296">
        <ele>8.3</ele>
        <time>2023-05-26T11:08:01Z</time>
      </trkpt>
      <trkpt lat="22.554607" lon="113.954266">
        <ele>8.3</ele>
        <time>2023-05-26T11:08:02Z</time>
      </trkpt>
      <trkpt lat="22.554656" lon="113.954236">
        <ele>8.3</ele>
        <time>2023-05-26T11:08:03Z</time>
      </trkpt>
      <trkpt lat="22.554701" lon="113.954204">
        <ele>8.3</ele>
        <time>2023-05-26T11:08:04Z</time>
      </trkpt>
      <trkpt lat="22.554761" lon="113.954166">
        <ele>8.3</ele>
        <time>2023-05-26T11:08:05Z</time>
      </trkpt>
      <trkpt lat="22.554816" lon="113.954137">
        <ele>8.3</ele>
        <time>2023-05-26T11:08:06Z</time>
      </trkpt>
      <trkpt lat="22.554873" lon="113.954115">
        <ele>8.3</ele>
        <time>2023-05-26T11:08:07Z</time>
      </trkpt>
      <trkpt lat="22.55493" lon="113.954099">
        <ele>8.3</ele>
        <time>2023-05-26T11:08:08Z</time>
      </trkpt>
      <trkpt lat="22.55498" lon="113.954076">
        <ele>8.3</ele>
        <time>2023-05-26T11:08:09Z</time>
      </trkpt>
      <trkpt lat="22.555027" lon="113.954053">
        <ele>8.3</ele>
        <time>2023-05-26T11:08:10Z</time>
      </trkpt>
      <trkpt lat="22.55508" lon="113.95403">
        <ele>8.3</ele>
        <time>2023-05-26T11:08:11Z</time>
      </trkpt>
      <trkpt lat="22.555132" lon="113.954007">
        <ele>8.3</ele>
        <time>2023-05-26T11:08:12Z</time>
      </trkpt>
      <trkpt lat="22.55518" lon="113.953985">
        <ele>8.3</ele>
        <time>2023-05-26T11:08:13Z</time>
      </trkpt>
      <trkpt lat="22.555234" lon="113.953961">
        <ele>8.3</ele>
        <time>2023-05-26T11:08:14Z</time>
      </trkpt>
      <trkpt lat="22.555326" lon="113.953915">
        <ele>8.3</ele>
        <time>2023-05-26T11:08:15Z</time>
      </trkpt>
      <trkpt lat="22.555401" lon="113.953877">
        <ele>8.4</ele>
        <time>2023-05-26T11:08:16Z</time>
      </trkpt>
      <trkpt lat="22.555463" lon="113.953856">
        <ele>8.4</ele>
        <time>2023-05-26T11:08:17Z</time>
      </trkpt>
      <trkpt lat="22.555514" lon="113.953849">
        <ele>8.4</ele>
        <time>2023-05-26T11:08:18Z</time>
      </trkpt>
      <trkpt lat="22.555572" lon="113.953841">
        <ele>8.4</ele>
        <time>2023-05-26T11:08:19Z</time>
      </trkpt>
      <trkpt lat="22.55562" lon="113.953833">
        <ele>8.4</ele>
        <time>2023-05-26T11:08:20Z</time>
      </trkpt>
      <trkpt lat="22.555665" lon="113.953819">
        <ele>8.4</ele>
        <time>2023-05-26T11:08:21Z</time>
      </trkpt>
      <trkpt lat="22.555711" lon="113.953818">
        <ele>8.4</ele>
        <time>2023-05-26T11:08:22Z</time>
      </trkpt>
      <trkpt lat="22.555754" lon="113.953811">
        <ele>8.4</ele>
        <time>2023-05-26T11:08:23Z</time>
      </trkpt>
      <trkpt lat="22.555788" lon="113.953802">
        <ele>8.4</ele>
        <time>2023-05-26T11:08:24Z</time>
      </trkpt>
      <trkpt lat="22.555822" lon="113.953788">
        <ele>8.4</ele>
        <time>2023-05-26T11:08:25Z</time>
      </trkpt>
      <trkpt lat="22.555864" lon="113.953781">
        <ele>8.4</ele>
        <time>2023-05-26T11:08:26Z</time>
      </trkpt>
      <trkpt lat="22.555911" lon="113.953782">
        <ele>8.4</ele>
        <time>2023-05-26T11:08:27Z</time>
      </trkpt>
      <trkpt lat="22.555966" lon="113.95379">
        <ele>8.4</ele>
        <time>2023-05-26T11:08:28Z</time>
      </trkpt>
      <trkpt lat="22.556019" lon="113.953797">
        <ele>8.4</ele>
        <time>2023-05-26T11:08:29Z</time>
      </trkpt>
      <trkpt lat="22.55607" lon="113.953804">
        <ele>8.4</ele>
        <time>2023-05-26T11:08:30Z</time>
      </trkpt>
      <trkpt lat="22.556118" lon="113.953805">
        <ele>8.4</ele>
        <time>2023-05-26T11:08:31Z</time>
      </trkpt>
      <trkpt lat="22.556169" lon="113.953812">
        <ele>8.5</ele>
        <time>2023-05-26T11:08:32Z</time>
      </trkpt>
      <trkpt lat="22.556215" lon="113.953819">
        <ele>8.5</ele>
        <time>2023-05-26T11:08:33Z</time>
      </trkpt>
      <trkpt lat="22.556264" lon="113.953819">
        <ele>8.5</ele>
        <time>2023-05-26T11:08:34Z</time>
      </trkpt>
      <trkpt lat="22.556316" lon="113.953819">
        <ele>8.5</ele>
        <time>2023-05-26T11:08:35Z</time>
      </trkpt>
      <trkpt lat="22.556368" lon="113.953819">
        <ele>8.5</ele>
        <time>2023-05-26T11:08:36Z</time>
      </trkpt>
      <trkpt lat="22.55642" lon="113.953818">
        <ele>8.5</ele>
        <time>2023-05-26T11:08:37Z</time>
      </trkpt>
      <trkpt lat="22.556475" lon="113.953803">
        <ele>8.5</ele>
        <time>2023-05-26T11:08:38Z</time>
      </trkpt>
      <trkpt lat="22.556575" lon="113.953796">
        <ele>8.5</ele>
        <time>2023-05-26T11:08:39Z</time>
      </trkpt>
      <trkpt lat="22.556649" lon="113.953797">
        <ele>8.5</ele>
        <time>2023-05-26T11:08:40Z</time>
      </trkpt>
      <trkpt lat="22.556702" lon="113.953803">
        <ele>8.5</ele>
        <time>2023-05-26T11:08:41Z</time>
      </trkpt>
      <trkpt lat="22.556776" lon="113.953788">
        <ele>8.5</ele>
        <time>2023-05-26T11:08:42Z</time>
      </trkpt>
      <trkpt lat="22.556841" lon="113.953781">
        <ele>8.5</ele>
        <time>2023-05-26T11:08:43Z</time>
      </trkpt>
      <trkpt lat="22.556898" lon="113.953773">
        <ele>8.5</ele>
        <time>2023-05-26T11:08:44Z</time>
      </trkpt>
      <trkpt lat="22.556958" lon="113.953765">
        <ele>8.6</ele>
        <time>2023-05-26T11:08:45Z</time>
      </trkpt>
      <trkpt lat="22.557012" lon="113.953757">
        <ele>8.6</ele>
        <time>2023-05-26T11:08:46Z</time>
      </trkpt>
      <trkpt lat="22.557068" lon="113.953751">
        <ele>8.6</ele>
        <time>2023-05-26T11:08:47Z</time>
      </trkpt>
      <trkpt lat="22.557122" lon="113.953751">
        <ele>8.6</ele>
        <time>2023-05-26T11:08:48Z</time>
      </trkpt>
      <trkpt lat="22.557173" lon="113.953751">
        <ele>8.6</ele>
        <time>2023-05-26T11:08:49Z</time>
      </trkpt>
      <trkpt lat="22.557217" lon="113.95375">
        <ele>8.5</ele>
        <time>2023-05-26T11:08:50Z</time>
      </trkpt>
      <trkpt lat="22.55725" lon="113.953744">
        <ele>8.5</ele>
        <time>2023-05-26T11:08:51Z</time>
      </trkpt>
      <trkpt lat="22.557282" lon="113.953751">
        <ele>8.5</ele>
        <time>2023-05-26T11:08:52Z</time>
      </trkpt>
      <trkpt lat="22.557314" lon="113.953758">
        <ele>8.5</ele>
        <time>2023-05-26T11:08:53Z</time>
      </trkpt>
      <trkpt lat="22.557357" lon="113.953758">
        <ele>8.5</ele>
        <time>2023-05-26T11:08:54Z</time>
      </trkpt>
      <trkpt lat="22.557396" lon="113.953759">
        <ele>8.5</ele>
        <time>2023-05-26T11:08:55Z</time>
      </trkpt>
      <trkpt lat="22.557433" lon="113.953766">
        <ele>8.5</ele>
        <time>2023-05-26T11:08:56Z</time>
      </trkpt>
      <trkpt lat="22.557474" lon="113.953765">
        <ele>8.5</ele>
        <time>2023-05-26T11:08:57Z</time>
      </trkpt>
      <trkpt lat="22.557524" lon="113.953758">
        <ele>8.5</ele>
        <time>2023-05-26T11:08:58Z</time>
      </trkpt>
      <trkpt lat="22.557575" lon="113.953758">
        <ele>8.5</ele>
        <time>2023-05-26T11:08:59Z</time>
      </trkpt>
      <trkpt lat="22.557626" lon="113.953758">
        <ele>8.5</ele>
        <time>2023-05-26T11:09:00Z</time>
      </trkpt>
      <trkpt lat="22.557676" lon="113.953758">
        <ele>8.5</ele>
        <time>2023-05-26T11:09:01Z</time>
      </trkpt>
      <trkpt lat="22.557728" lon="113.953759">
        <ele>8.5</ele>
        <time>2023-05-26T11:09:02Z</time>
      </trkpt>
      <trkpt lat="22.557777" lon="113.953766">
        <ele>8.5</ele>
        <time>2023-05-26T11:09:03Z</time>
      </trkpt>
      <trkpt lat="22.557828" lon="113.953774">
        <ele>8.5</ele>
        <time>2023-05-26T11:09:04Z</time>
      </trkpt>
      <trkpt lat="22.557884" lon="113.953782">
        <ele>8.5</ele>
        <time>2023-05-26T11:09:05Z</time>
      </trkpt>
      <trkpt lat="22.557937" lon="113.953792">
        <ele>8.5</ele>
        <time>2023-05-26T11:09:06Z</time>
      </trkpt>
      <trkpt lat="22.557987" lon="113.953814">
        <ele>8.5</ele>
        <time>2023-05-26T11:09:07Z</time>
      </trkpt>
      <trkpt lat="22.558036" lon="113.953837">
        <ele>8.5</ele>
        <time>2023-05-26T11:09:08Z</time>
      </trkpt>
      <trkpt lat="22.558087" lon="113.953859">
        <ele>8.5</ele>
        <time>2023-05-26T11:09:09Z</time>
      </trkpt>
      <trkpt lat="22.55814" lon="113.953873">
        <ele>8.4</ele>
        <time>2023-05-26T11:09:10Z</time>
      </trkpt>
      <trkpt lat="22.558204" lon="113.953875">
        <ele>8.4</ele>
        <time>2023-05-26T11:09:11Z</time>
      </trkpt>
      <trkpt lat="22.558258" lon="113.95389">
        <ele>8.4</ele>
        <time>2023-05-26T11:09:12Z</time>
      </trkpt>
      <trkpt lat="22.558304" lon="113.953904">
        <ele>8.4</ele>
        <time>2023-05-26T11:09:13Z</time>
      </trkpt>
      <trkpt lat="22.558356" lon="113.953912">
        <ele>8.4</ele>
        <time>2023-05-26T11:09:14Z</time>
      </trkpt>
      <trkpt lat="22.558408" lon="113.953918">
        <ele>8.4</ele>
        <time>2023-05-26T11:09:15Z</time>
      </trkpt>
      <trkpt lat="22.558463" lon="113.953918">
        <ele>8.4</ele>
        <time>2023-05-26T11:09:16Z</time>
      </trkpt>
      <trkpt lat="22.55852" lon="113.95392">
        <ele>8.4</ele>
        <time>2023-05-26T11:09:17Z</time>
      </trkpt>
      <trkpt lat="22.558574" lon="113.953926">
        <ele>8.4</ele>
        <time>2023-05-26T11:09:18Z</time>
      </trkpt>
      <trkpt lat="22.558622" lon="113.953926">
        <ele>8.4</ele>
        <time>2023-05-26T11:09:19Z</time>
      </trkpt>
      <trkpt lat="22.55866" lon="113.953927">
        <ele>8.4</ele>
        <time>2023-05-26T11:09:20Z</time>
      </trkpt>
      <trkpt lat="22.558694" lon="113.953934">
        <ele>8.4</ele>
        <time>2023-05-26T11:09:21Z</time>
      </trkpt>
      <trkpt lat="22.55873" lon="113.953935">
        <ele>8.4</ele>
        <time>2023-05-26T11:09:22Z</time>
      </trkpt>
      <trkpt lat="22.558769" lon="113.953941">
        <ele>8.4</ele>
        <time>2023-05-26T11:09:23Z</time>
      </trkpt>
      <trkpt lat="22.558805" lon="113.953941">
        <ele>8.4</ele>
        <time>2023-05-26T11:09:24Z</time>
      </trkpt>
      <trkpt lat="22.558836" lon="113.953941">
        <ele>8.4</ele>
        <time>2023-05-26T11:09:25Z</time>
      </trkpt>
      <trkpt lat="22.558873" lon="113.95394">
        <ele>8.4</ele>
        <time>2023-05-26T11:09:26Z</time>
      </trkpt>
      <trkpt lat="22.558907" lon="113.953934">
        <ele>8.4</ele>
        <time>2023-05-26T11:09:27Z</time>
      </trkpt>
      <trkpt lat="22.558947" lon="113.953934">
        <ele>8.4</ele>
        <time>2023-05-26T11:09:28Z</time>
      </trkpt>
      <trkpt lat="22.558992" lon="113.953934">
        <ele>8.4</ele>
        <time>2023-05-26T11:09:29Z</time>
      </trkpt>
      <trkpt lat="22.559039" lon="113.953935">
        <ele>8.4</ele>
        <time>2023-05-26T11:09:30Z</time>
      </trkpt>
      <trkpt lat="22.559094" lon="113.953941">
        <ele>8.4</ele>
        <time>2023-05-26T11:09:31Z</time>
      </trkpt>
      <trkpt lat="22.55915" lon="113.953942">
        <ele>8.4</ele>
        <time>2023-05-26T11:09:32Z</time>
      </trkpt>
      <trkpt lat="22.559207" lon="113.95395">
        <ele>8.4</ele>
        <time>2023-05-26T11:09:33Z</time>
      </trkpt>
      <trkpt lat="22.559266" lon="113.953957">
        <ele>8.4</ele>
        <time>2023-05-26T11:09:34Z</time>
      </trkpt>
      <trkpt lat="22.559331" lon="113.953965">
        <ele>8.4</ele>
        <time>2023-05-26T11:09:35Z</time>
      </trkpt>
      <trkpt lat="22.559392" lon="113.953972">
        <ele>8.5</ele>
        <time>2023-05-26T11:09:36Z</time>
      </trkpt>
      <trkpt lat="22.559452" lon="113.953973">
        <ele>8.5</ele>
        <time>2023-05-26T11:09:37Z</time>
      </trkpt>
      <trkpt lat="22.559511" lon="113.953979">
        <ele>8.5</ele>
        <time>2023-05-26T11:09:38Z</time>
      </trkpt>
      <trkpt lat="22.55957" lon="113.95398">
        <ele>8.5</ele>
        <time>2023-05-26T11:09:39Z</time>
      </trkpt>
      <trkpt lat="22.559627" lon="113.953987">
        <ele>8.5</ele>
        <time>2023-05-26T11:09:40Z</time>
      </trkpt>
      <trkpt lat="22.559687" lon="113.953987">
        <ele>8.5</ele>
        <time>2023-05-26T11:09:41Z</time>
      </trkpt>
      <trkpt lat="22.559743" lon="113.953987">
        <ele>8.5</ele>
        <time>2023-05-26T11:09:42Z</time>
      </trkpt>
      <trkpt lat="22.559802" lon="113.953987">
        <ele>8.5</ele>
        <time>2023-05-26T11:09:43Z</time>
      </trkpt>
      <trkpt lat="22.559857" lon="113.953987">
        <ele>8.5</ele>
        <time>2023-05-26T11:09:44Z</time>
      </trkpt>
      <trkpt lat="22.559913" lon="113.953987">
        <ele>8.5</ele>
        <time>2023-05-26T11:09:45Z</time>
      </trkpt>
      <trkpt lat="22.559973" lon="113.953987">
        <ele>8.5</ele>
        <time>2023-05-26T11:09:46Z</time>
      </trkpt>
      <trkpt lat="22.560032" lon="113.953987">
        <ele>8.5</ele>
        <time>2023-05-26T11:09:47Z</time>
      </trkpt>
      <trkpt lat="22.560087" lon="113.953988">
        <ele>8.5</ele>
        <time>2023-05-26T11:09:48Z</time>
      </trkpt>
      <trkpt lat="22.560144" lon="113.953995">
        <ele>8.6</ele>
        <time>2023-05-26T11:09:49Z</time>
      </trkpt>
      <trkpt lat="22.560197" lon="113.953995">
        <ele>8.6</ele>
        <time>2023-05-26T11:09:50Z</time>
      </trkpt>
      <trkpt lat="22.560246" lon="113.953995">
        <ele>8.6</ele>
        <time>2023-05-26T11:09:51Z</time>
      </trkpt>
      <trkpt lat="22.560292" lon="113.953995">
        <ele>8.6</ele>
        <time>2023-05-26T11:09:52Z</time>
      </trkpt>
      <trkpt lat="22.560339" lon="113.953995">
        <ele>8.6</ele>
        <time>2023-05-26T11:09:53Z</time>
      </trkpt>
      <trkpt lat="22.560384" lon="113.953995">
        <ele>8.6</ele>
        <time>2023-05-26T11:09:54Z</time>
      </trkpt>
      <trkpt lat="22.560423" lon="113.953995">
        <ele>8.6</ele>
        <time>2023-05-26T11:09:55Z</time>
      </trkpt>
      <trkpt lat="22.560464" lon="113.953996">
        <ele>8.6</ele>
        <time>2023-05-26T11:09:56Z</time>
      </trkpt>
      <trkpt lat="22.560506" lon="113.954002">
        <ele>8.6</ele>
        <time>2023-05-26T11:09:57Z</time>
      </trkpt>
      <trkpt lat="22.560548" lon="113.954002">
        <ele>8.6</ele>
        <time>2023-05-26T11:09:58Z</time>
      </trkpt>
      <trkpt lat="22.56059" lon="113.954001">
        <ele>8.6</ele>
        <time>2023-05-26T11:09:59Z</time>
      </trkpt>
      <trkpt lat="22.560636" lon="113.953993">
        <ele>8.6</ele>
        <time>2023-05-26T11:10:00Z</time>
      </trkpt>
      <trkpt lat="22.560678" lon="113.953978">
        <ele>8.6</ele>
        <time>2023-05-26T11:10:01Z</time>
      </trkpt>
      <trkpt lat="22.560721" lon="113.953963">
        <ele>8.6</ele>
        <time>2023-05-26T11:10:02Z</time>
      </trkpt>
      <trkpt lat="22.560772" lon="113.953957">
        <ele>8.6</ele>
        <time>2023-05-26T11:10:03Z</time>
      </trkpt>
      <trkpt lat="22.560822" lon="113.953965">
        <ele>8.6</ele>
        <time>2023-05-26T11:10:04Z</time>
      </trkpt>
      <trkpt lat="22.560881" lon="113.953973">
        <ele>8.6</ele>
        <time>2023-05-26T11:10:05Z</time>
      </trkpt>
      <trkpt lat="22.560937" lon="113.95398">
        <ele>8.6</ele>
        <time>2023-05-26T11:10:06Z</time>
      </trkpt>
      <trkpt lat="22.560995" lon="113.953987">
        <ele>8.6</ele>
        <time>2023-05-26T11:10:07Z</time>
      </trkpt>
      <trkpt lat="22.561054" lon="113.953988">
        <ele>8.6</ele>
        <time>2023-05-26T11:10:08Z</time>
      </trkpt>
      <trkpt lat="22.561116" lon="113.953995">
        <ele>8.6</ele>
        <time>2023-05-26T11:10:09Z</time>
      </trkpt>
      <trkpt lat="22.561174" lon="113.953996">
        <ele>8.6</ele>
        <time>2023-05-26T11:10:10Z</time>
      </trkpt>
      <trkpt lat="22.561235" lon="113.954002">
        <ele>8.6</ele>
        <time>2023-05-26T11:10:11Z</time>
      </trkpt>
      <trkpt lat="22.561296" lon="113.954002">
        <ele>8.6</ele>
        <time>2023-05-26T11:10:12Z</time>
      </trkpt>
      <trkpt lat="22.561357" lon="113.954002">
        <ele>8.5</ele>
        <time>2023-05-26T11:10:13Z</time>
      </trkpt>
      <trkpt lat="22.561416" lon="113.954002">
        <ele>8.5</ele>
        <time>2023-05-26T11:10:14Z</time>
      </trkpt>
      <trkpt lat="22.561477" lon="113.954002">
        <ele>8.5</ele>
        <time>2023-05-26T11:10:15Z</time>
      </trkpt>
      <trkpt lat="22.56154" lon="113.954002">
        <ele>8.5</ele>
        <time>2023-05-26T11:10:16Z</time>
      </trkpt>
      <trkpt lat="22.5616" lon="113.954002">
        <ele>8.5</ele>
        <time>2023-05-26T11:10:17Z</time>
      </trkpt>
      <trkpt lat="22.561655" lon="113.954002">
        <ele>8.5</ele>
        <time>2023-05-26T11:10:18Z</time>
      </trkpt>
      <trkpt lat="22.561706" lon="113.954003">
        <ele>8.5</ele>
        <time>2023-05-26T11:10:19Z</time>
      </trkpt>
      <trkpt lat="22.561759" lon="113.95401">
        <ele>8.5</ele>
        <time>2023-05-26T11:10:20Z</time>
      </trkpt>
      <trkpt lat="22.56181" lon="113.95401">
        <ele>8.5</ele>
        <time>2023-05-26T11:10:21Z</time>
      </trkpt>
      <trkpt lat="22.561862" lon="113.95401">
        <ele>8.5</ele>
        <time>2023-05-26T11:10:22Z</time>
      </trkpt>
      <trkpt lat="22.561918" lon="113.95401">
        <ele>8.5</ele>
        <time>2023-05-26T11:10:23Z</time>
      </trkpt>
      <trkpt lat="22.561969" lon="113.954011">
        <ele>8.5</ele>
        <time>2023-05-26T11:10:24Z</time>
      </trkpt>
      <trkpt lat="22.562011" lon="113.954019">
        <ele>8.5</ele>
        <time>2023-05-26T11:10:25Z</time>
      </trkpt>
      <trkpt lat="22.562053" lon="113.954024">
        <ele>8.5</ele>
        <time>2023-05-26T11:10:26Z</time>
      </trkpt>
      <trkpt lat="22.562105" lon="113.954018">
        <ele>8.5</ele>
        <time>2023-05-26T11:10:27Z</time>
      </trkpt>
      <trkpt lat="22.562157" lon="113.954018">
        <ele>8.5</ele>
        <time>2023-05-26T11:10:28Z</time>
      </trkpt>
      <trkpt lat="22.562213" lon="113.954025">
        <ele>8.5</ele>
        <time>2023-05-26T11:10:29Z</time>
      </trkpt>
      <trkpt lat="22.56227" lon="113.954025">
        <ele>8.5</ele>
        <time>2023-05-26T11:10:30Z</time>
      </trkpt>
      <trkpt lat="22.562323" lon="113.954026">
        <ele>8.5</ele>
        <time>2023-05-26T11:10:31Z</time>
      </trkpt>
      <trkpt lat="22.562369" lon="113.954033">
        <ele>8.5</ele>
        <time>2023-05-26T11:10:32Z</time>
      </trkpt>
      <trkpt lat="22.562413" lon="113.954033">
        <ele>8.5</ele>
        <time>2023-05-26T11:10:33Z</time>
      </trkpt>
      <trkpt lat="22.562458" lon="113.954034">
        <ele>8.5</ele>
        <time>2023-05-26T11:10:34Z</time>
      </trkpt>
      <trkpt lat="22.562509" lon="113.954041">
        <ele>8.5</ele>
        <time>2023-05-26T11:10:35Z</time>
      </trkpt>
      <trkpt lat="22.562562" lon="113.954048">
        <ele>8.5</ele>
        <time>2023-05-26T11:10:36Z</time>
      </trkpt>
      <trkpt lat="22.562619" lon="113.954048">
        <ele>8.5</ele>
        <time>2023-05-26T11:10:37Z</time>
      </trkpt>
      <trkpt lat="22.562681" lon="113.954047">
        <ele>8.5</ele>
        <time>2023-05-26T11:10:38Z</time>
      </trkpt>
      <trkpt lat="22.56274" lon="113.954041">
        <ele>8.5</ele>
        <time>2023-05-26T11:10:39Z</time>
      </trkpt>
      <trkpt lat="22.562794" lon="113.95404">
        <ele>8.5</ele>
        <time>2023-05-26T11:10:40Z</time>
      </trkpt>
      <trkpt lat="22.56285" lon="113.954031">
        <ele>8.5</ele>
        <time>2023-05-26T11:10:41Z</time>
      </trkpt>
      <trkpt lat="22.562902" lon="113.954016">
        <ele>8.6</ele>
        <time>2023-05-26T11:10:42Z</time>
      </trkpt>
      <trkpt lat="22.562962" lon="113.954002">
        <ele>8.6</ele>
        <time>2023-05-26T11:10:43Z</time>
      </trkpt>
      <trkpt lat="22.56302" lon="113.954002">
        <ele>8.6</ele>
        <time>2023-05-26T11:10:44Z</time>
      </trkpt>
      <trkpt lat="22.563079" lon="113.954002">
        <ele>8.6</ele>
        <time>2023-05-26T11:10:45Z</time>
      </trkpt>
      <trkpt lat="22.563136" lon="113.953995">
        <ele>8.6</ele>
        <time>2023-05-26T11:10:46Z</time>
      </trkpt>
      <trkpt lat="22.563196" lon="113.953995">
        <ele>8.6</ele>
        <time>2023-05-26T11:10:47Z</time>
      </trkpt>
      <trkpt lat="22.563254" lon="113.953994">
        <ele>8.6</ele>
        <time>2023-05-26T11:10:48Z</time>
      </trkpt>
      <trkpt lat="22.563312" lon="113.953987">
        <ele>8.6</ele>
        <time>2023-05-26T11:10:49Z</time>
      </trkpt>
      <trkpt lat="22.563376" lon="113.953987">
        <ele>8.7</ele>
        <time>2023-05-26T11:10:50Z</time>
      </trkpt>
      <trkpt lat="22.563437" lon="113.953986">
        <ele>8.7</ele>
        <time>2023-05-26T11:10:51Z</time>
      </trkpt>
      <trkpt lat="22.563493" lon="113.953979">
        <ele>8.7</ele>
        <time>2023-05-26T11:10:52Z</time>
      </trkpt>
      <trkpt lat="22.563543" lon="113.953972">
        <ele>8.7</ele>
        <time>2023-05-26T11:10:53Z</time>
      </trkpt>
      <trkpt lat="22.563583" lon="113.953972">
        <ele>8.7</ele>
        <time>2023-05-26T11:10:54Z</time>
      </trkpt>
      <trkpt lat="22.563613" lon="113.953972">
        <ele>8.7</ele>
        <time>2023-05-26T11:10:55Z</time>
      </trkpt>
      <trkpt lat="22.563633" lon="113.953971">
        <ele>8.7</ele>
        <time>2023-05-26T11:10:56Z</time>
      </trkpt>
      <trkpt lat="22.563658" lon="113.953963">
        <ele>8.7</ele>
        <time>2023-05-26T11:10:57Z</time>
      </trkpt>
      <trkpt lat="22.563681" lon="113.953949">
        <ele>8.7</ele>
        <time>2023-05-26T11:10:58Z</time>
      </trkpt>
      <trkpt lat="22.563704" lon="113.953948">
        <ele>8.7</ele>
        <time>2023-05-26T11:10:59Z</time>
      </trkpt>
      <trkpt lat="22.563736" lon="113.953941">
        <ele>8.7</ele>
        <time>2023-05-26T11:11:00Z</time>
      </trkpt>
      <trkpt lat="22.563772" lon="113.953932">
        <ele>8.7</ele>
        <time>2023-05-26T11:11:01Z</time>
      </trkpt>
      <trkpt lat="22.563861" lon="113.953913">
        <ele>8.8</ele>
        <time>2023-05-26T11:11:02Z</time>
      </trkpt>
      <trkpt lat="22.56393" lon="113.953951">
        <ele>8.8</ele>
        <time>2023-05-26T11:11:03Z</time>
      </trkpt>
      <trkpt lat="22.563961" lon="113.953989">
        <ele>8.8</ele>
        <time>2023-05-26T11:11:04Z</time>
      </trkpt>
      <trkpt lat="22.563986" lon="113.95402">
        <ele>8.8</ele>
        <time>2023-05-26T11:11:05Z</time>
      </trkpt>
      <trkpt lat="22.563988" lon="113.954058">
        <ele>8.8</ele>
        <time>2023-05-26T11:11:06Z</time>
      </trkpt>
      <trkpt lat="22.563985" lon="113.95409">
        <ele>8.8</ele>
        <time>2023-05-26T11:11:07Z</time>
      </trkpt>
      <trkpt lat="22.563973" lon="113.954121">
        <ele>8.8</ele>
        <time>2023-05-26T11:11:08Z</time>
      </trkpt>
      <trkpt lat="22.563964" lon="113.95416">
        <ele>8.8</ele>
        <time>2023-05-26T11:11:09Z</time>
      </trkpt>
      <trkpt lat="22.563956" lon="113.954207">
        <ele>8.8</ele>
        <time>2023-05-26T11:11:10Z</time>
      </trkpt>
      <trkpt lat="22.563946" lon="113.954252">
        <ele>8.9</ele>
        <time>2023-05-26T11:11:11Z</time>
      </trkpt>
      <trkpt lat="22.563935" lon="113.954297">
        <ele>8.9</ele>
        <time>2023-05-26T11:11:12Z</time>
      </trkpt>
      <trkpt lat="22.563928" lon="113.954336">
        <ele>8.9</ele>
        <time>2023-05-26T11:11:13Z</time>
      </trkpt>
      <trkpt lat="22.563927" lon="113.954381">
        <ele>9</ele>
        <time>2023-05-26T11:11:14Z</time>
      </trkpt>
      <trkpt lat="22.563929" lon="113.954427">
        <ele>9</ele>
        <time>2023-05-26T11:11:15Z</time>
      </trkpt>
      <trkpt lat="22.563935" lon="113.954473">
        <ele>9</ele>
        <time>2023-05-26T11:11:16Z</time>
      </trkpt>
      <trkpt lat="22.563941" lon="113.954519">
        <ele>9.1</ele>
        <time>2023-05-26T11:11:17Z</time>
      </trkpt>
      <trkpt lat="22.56395" lon="113.954554">
        <ele>9.1</ele>
        <time>2023-05-26T11:11:18Z</time>
      </trkpt>
      <trkpt lat="22.563962" lon="113.954584">
        <ele>9.1</ele>
        <time>2023-05-26T11:11:19Z</time>
      </trkpt>
      <trkpt lat="22.563971" lon="113.954608">
        <ele>9.1</ele>
        <time>2023-05-26T11:11:20Z</time>
      </trkpt>
      <trkpt lat="22.564009" lon="113.95465">
        <ele>9.2</ele>
        <time>2023-05-26T11:11:21Z</time>
      </trkpt>
      <trkpt lat="22.564044" lon="113.95469">
        <ele>9.2</ele>
        <time>2023-05-26T11:11:22Z</time>
      </trkpt>
      <trkpt lat="22.564059" lon="113.954696">
        <ele>9.2</ele>
        <time>2023-05-26T11:11:23Z</time>
      </trkpt>
      <trkpt lat="22.564077" lon="113.954688">
        <ele>9.2</ele>
        <time>2023-05-26T11:11:24Z</time>
      </trkpt>
      <trkpt lat="22.564104" lon="113.954674">
        <ele>9.3</ele>
        <time>2023-05-26T11:11:25Z</time>
      </trkpt>
      <trkpt lat="22.564129" lon="113.954672">
        <ele>9.3</ele>
        <time>2023-05-26T11:11:26Z</time>
      </trkpt>
      <trkpt lat="22.564159" lon="113.954648">
        <ele>9.3</ele>
        <time>2023-05-26T11:11:27Z</time>
      </trkpt>
      <trkpt lat="22.564202" lon="113.954599">
        <ele>9.4</ele>
        <time>2023-05-26T11:11:28Z</time>
      </trkpt>
      <trkpt lat="22.564245" lon="113.954515">
        <ele>9.4</ele>
        <time>2023-05-26T11:11:29Z</time>
      </trkpt>
      <trkpt lat="22.56429" lon="113.954434">
        <ele>9.5</ele>
        <time>2023-05-26T11:11:30Z</time>
      </trkpt>
      <trkpt lat="22.564374" lon="113.954381">
        <ele>9.6</ele>
        <time>2023-05-26T11:11:31Z</time>
      </trkpt>
      <trkpt lat="22.564438" lon="113.954344">
        <ele>9.6</ele>
        <time>2023-05-26T11:11:32Z</time>
      </trkpt>
      <trkpt lat="22.564499" lon="113.954332">
        <ele>9.7</ele>
        <time>2023-05-26T11:11:33Z</time>
      </trkpt>
      <trkpt lat="22.564539" lon="113.954345">
        <ele>9.7</ele>
        <time>2023-05-26T11:11:34Z</time>
      </trkpt>
      <trkpt lat="22.564603" lon="113.954338">
        <ele>9.8</ele>
        <time>2023-05-26T11:11:35Z</time>
      </trkpt>
      <trkpt lat="22.564646" lon="113.954338">
        <ele>9.8</ele>
        <time>2023-05-26T11:11:36Z</time>
      </trkpt>
      <trkpt lat="22.564691" lon="113.954346">
        <ele>9.9</ele>
        <time>2023-05-26T11:11:37Z</time>
      </trkpt>
      <trkpt lat="22.564741" lon="113.954347">
        <ele>9.9</ele>
        <time>2023-05-26T11:11:38Z</time>
      </trkpt>
      <trkpt lat="22.564786" lon="113.954361">
        <ele>9.9</ele>
        <time>2023-05-26T11:11:39Z</time>
      </trkpt>
      <trkpt lat="22.564844" lon="113.95437">
        <ele>10</ele>
        <time>2023-05-26T11:11:40Z</time>
      </trkpt>
      <trkpt lat="22.564911" lon="113.954385">
        <ele>10</ele>
        <time>2023-05-26T11:11:41Z</time>
      </trkpt>
      <trkpt lat="22.564973" lon="113.954399">
        <ele>10.1</ele>
        <time>2023-05-26T11:11:42Z</time>
      </trkpt>
      <trkpt lat="22.565028" lon="113.9544">
        <ele>10.1</ele>
        <time>2023-05-26T11:11:43Z</time>
      </trkpt>
      <trkpt lat="22.565078" lon="113.954407">
        <ele>10.2</ele>
        <time>2023-05-26T11:11:44Z</time>
      </trkpt>
      <trkpt lat="22.565129" lon="113.954415">
        <ele>10.2</ele>
        <time>2023-05-26T11:11:45Z</time>
      </trkpt>
      <trkpt lat="22.565179" lon="113.954422">
        <ele>10.3</ele>
        <time>2023-05-26T11:11:46Z</time>
      </trkpt>
      <trkpt lat="22.565229" lon="113.954422">
        <ele>10.3</ele>
        <time>2023-05-26T11:11:47Z</time>
      </trkpt>
      <trkpt lat="22.565275" lon="113.954431">
        <ele>10.3</ele>
        <time>2023-05-26T11:11:48Z</time>
      </trkpt>
      <trkpt lat="22.565301" lon="113.954446">
        <ele>10.3</ele>
        <time>2023-05-26T11:11:49Z</time>
      </trkpt>
      <trkpt lat="22.565322" lon="113.95447">
        <ele>10.3</ele>
        <time>2023-05-26T11:11:50Z</time>
      </trkpt>
      <trkpt lat="22.565329" lon="113.954501">
        <ele>10.3</ele>
        <time>2023-05-26T11:11:51Z</time>
      </trkpt>
      <trkpt lat="22.565337" lon="113.954539">
        <ele>10.3</ele>
        <time>2023-05-26T11:11:52Z</time>
      </trkpt>
      <trkpt lat="22.565342" lon="113.954577">
        <ele>10.3</ele>
        <time>2023-05-26T11:11:53Z</time>
      </trkpt>
      <trkpt lat="22.565342" lon="113.954623">
        <ele>10.4</ele>
        <time>2023-05-26T11:11:54Z</time>
      </trkpt>
      <trkpt lat="22.56534" lon="113.954669">
        <ele>10.4</ele>
        <time>2023-05-26T11:11:55Z</time>
      </trkpt>
      <trkpt lat="22.565336" lon="113.954722">
        <ele>10.4</ele>
        <time>2023-05-26T11:11:56Z</time>
      </trkpt>
      <trkpt lat="22.565337" lon="113.954769">
        <ele>10.4</ele>
        <time>2023-05-26T11:11:57Z</time>
      </trkpt>
      <trkpt lat="22.56534" lon="113.954822">
        <ele>10.4</ele>
        <time>2023-05-26T11:11:58Z</time>
      </trkpt>
      <trkpt lat="22.565342" lon="113.954876">
        <ele>10.4</ele>
        <time>2023-05-26T11:11:59Z</time>
      </trkpt>
      <trkpt lat="22.56534" lon="113.954928">
        <ele>10.4</ele>
        <time>2023-05-26T11:12:00Z</time>
      </trkpt>
      <trkpt lat="22.565342" lon="113.954975">
        <ele>10.5</ele>
        <time>2023-05-26T11:12:01Z</time>
      </trkpt>
      <trkpt lat="22.565344" lon="113.955029">
        <ele>10.5</ele>
        <time>2023-05-26T11:12:02Z</time>
      </trkpt>
      <trkpt lat="22.565344" lon="113.955074">
        <ele>10.5</ele>
        <time>2023-05-26T11:12:03Z</time>
      </trkpt>
      <trkpt lat="22.565346" lon="113.955118">
        <ele>10.5</ele>
        <time>2023-05-26T11:12:04Z</time>
      </trkpt>
      <trkpt lat="22.565342" lon="113.955159">
        <ele>10.5</ele>
        <time>2023-05-26T11:12:05Z</time>
      </trkpt>
      <trkpt lat="22.565342" lon="113.955202">
        <ele>10.5</ele>
        <time>2023-05-26T11:12:06Z</time>
      </trkpt>
      <trkpt lat="22.56534" lon="113.955233">
        <ele>10.5</ele>
        <time>2023-05-26T11:12:07Z</time>
      </trkpt>
      <trkpt lat="22.565342" lon="113.955271">
        <ele>10.5</ele>
        <time>2023-05-26T11:12:08Z</time>
      </trkpt>
      <trkpt lat="22.565347" lon="113.955309">
        <ele>10.6</ele>
        <time>2023-05-26T11:12:09Z</time>
      </trkpt>
      <trkpt lat="22.565362" lon="113.955339">
        <ele>10.6</ele>
        <time>2023-05-26T11:12:10Z</time>
      </trkpt>
      <trkpt lat="22.565387" lon="113.95537">
        <ele>10.6</ele>
        <time>2023-05-26T11:12:11Z</time>
      </trkpt>
      <trkpt lat="22.565414" lon="113.9554">
        <ele>10.6</ele>
        <time>2023-05-26T11:12:12Z</time>
      </trkpt>
      <trkpt lat="22.56544" lon="113.955431">
        <ele>10.6</ele>
        <time>2023-05-26T11:12:13Z</time>
      </trkpt>
      <trkpt lat="22.565465" lon="113.955462">
        <ele>10.6</ele>
        <time>2023-05-26T11:12:14Z</time>
      </trkpt>
      <trkpt lat="22.565484" lon="113.9555">
        <ele>10.6</ele>
        <time>2023-05-26T11:12:15Z</time>
      </trkpt>
      <trkpt lat="22.565502" lon="113.95553">
        <ele>10.6</ele>
        <time>2023-05-26T11:12:16Z</time>
      </trkpt>
      <trkpt lat="22.565518" lon="113.955552">
        <ele>10.7</ele>
        <time>2023-05-26T11:12:17Z</time>
      </trkpt>
      <trkpt lat="22.565528" lon="113.955574">
        <ele>10.7</ele>
        <time>2023-05-26T11:12:18Z</time>
      </trkpt>
      <trkpt lat="22.565539" lon="113.955582">
        <ele>10.7</ele>
        <time>2023-05-26T11:12:19Z</time>
      </trkpt>
      <trkpt lat="22.565547" lon="113.95559">
        <ele>10.7</ele>
        <time>2023-05-26T11:12:20Z</time>
      </trkpt>
      <trkpt lat="22.565562" lon="113.955605">
        <ele>10.7</ele>
        <time>2023-05-26T11:12:21Z</time>
      </trkpt>
      <trkpt lat="22.565572" lon="113.955629">
        <ele>10.7</ele>
        <time>2023-05-26T11:12:22Z</time>
      </trkpt>
      <trkpt lat="22.565589" lon="113.955651">
        <ele>10.7</ele>
        <time>2023-05-26T11:12:23Z</time>
      </trkpt>
      <trkpt lat="22.565612" lon="113.955677">
        <ele>10.7</ele>
        <time>2023-05-26T11:12:24Z</time>
      </trkpt>
      <trkpt lat="22.565634" lon="113.955708">
        <ele>10.7</ele>
        <time>2023-05-26T11:12:25Z</time>
      </trkpt>
      <trkpt lat="22.565653" lon="113.955737">
        <ele>10.7</ele>
        <time>2023-05-26T11:12:26Z</time>
      </trkpt>
      <trkpt lat="22.565671" lon="113.95576">
        <ele>10.7</ele>
        <time>2023-05-26T11:12:27Z</time>
      </trkpt>
      <trkpt lat="22.565693" lon="113.955781">
        <ele>10.7</ele>
        <time>2023-05-26T11:12:28Z</time>
      </trkpt>
      <trkpt lat="22.56571" lon="113.955788">
        <ele>10.7</ele>
        <time>2023-05-26T11:12:29Z</time>
      </trkpt>
      <trkpt lat="22.565723" lon="113.955788">
        <ele>10.7</ele>
        <time>2023-05-26T11:12:30Z</time>
      </trkpt>
      <trkpt lat="22.565733" lon="113.955788">
        <ele>10.8</ele>
        <time>2023-05-26T11:12:31Z</time>
      </trkpt>
      <trkpt lat="22.565737" lon="113.955788">
        <ele>10.8</ele>
        <time>2023-05-26T11:12:32Z</time>
      </trkpt>
      <trkpt lat="22.565737" lon="113.955789">
        <ele>10.8</ele>
        <time>2023-05-26T11:12:33Z</time>
      </trkpt>
      <trkpt lat="22.565736" lon="113.955796">
        <ele>10.8</ele>
        <time>2023-05-26T11:12:34Z</time>
      </trkpt>
      <trkpt lat="22.565743" lon="113.955804">
        <ele>10.8</ele>
        <time>2023-05-26T11:12:35Z</time>
      </trkpt>
      <trkpt lat="22.565744" lon="113.955813">
        <ele>10.8</ele>
        <time>2023-05-26T11:12:36Z</time>
      </trkpt>
      <trkpt lat="22.56574" lon="113.955836">
        <ele>10.8</ele>
        <time>2023-05-26T11:12:37Z</time>
      </trkpt>
      <trkpt lat="22.565729" lon="113.95586">
        <ele>10.8</ele>
        <time>2023-05-26T11:12:38Z</time>
      </trkpt>
      <trkpt lat="22.565714" lon="113.95589">
        <ele>10.8</ele>
        <time>2023-05-26T11:12:39Z</time>
      </trkpt>
      <trkpt lat="22.565697" lon="113.955912">
        <ele>10.8</ele>
        <time>2023-05-26T11:12:40Z</time>
      </trkpt>
      <trkpt lat="22.565686" lon="113.955935">
        <ele>10.8</ele>
        <time>2023-05-26T11:12:41Z</time>
      </trkpt>
      <trkpt lat="22.565676" lon="113.955959">
        <ele>10.8</ele>
        <time>2023-05-26T11:12:42Z</time>
      </trkpt>
      <trkpt lat="22.565665" lon="113.955991">
        <ele>10.8</ele>
        <time>2023-05-26T11:12:43Z</time>
      </trkpt>
      <trkpt lat="22.565656" lon="113.956031">
        <ele>10.8</ele>
        <time>2023-05-26T11:12:44Z</time>
      </trkpt>
      <trkpt lat="22.565647" lon="113.956077">
        <ele>10.8</ele>
        <time>2023-05-26T11:12:45Z</time>
      </trkpt>
      <trkpt lat="22.565634" lon="113.95613">
        <ele>10.9</ele>
        <time>2023-05-26T11:12:46Z</time>
      </trkpt>
      <trkpt lat="22.565621" lon="113.956184">
        <ele>10.9</ele>
        <time>2023-05-26T11:12:47Z</time>
      </trkpt>
      <trkpt lat="22.565611" lon="113.956235">
        <ele>10.9</ele>
        <time>2023-05-26T11:12:48Z</time>
      </trkpt>
      <trkpt lat="22.5656" lon="113.956274">
        <ele>10.9</ele>
        <time>2023-05-26T11:12:49Z</time>
      </trkpt>
      <trkpt lat="22.565591" lon="113.956311">
        <ele>10.9</ele>
        <time>2023-05-26T11:12:50Z</time>
      </trkpt>
      <trkpt lat="22.565581" lon="113.956342">
        <ele>10.9</ele>
        <time>2023-05-26T11:12:51Z</time>
      </trkpt>
      <trkpt lat="22.565571" lon="113.95638">
        <ele>10.9</ele>
        <time>2023-05-26T11:12:52Z</time>
      </trkpt>
      <trkpt lat="22.565558" lon="113.956427">
        <ele>10.9</ele>
        <time>2023-05-26T11:12:53Z</time>
      </trkpt>
      <trkpt lat="22.565545" lon="113.956474">
        <ele>10.9</ele>
        <time>2023-05-26T11:12:54Z</time>
      </trkpt>
      <trkpt lat="22.565535" lon="113.956518">
        <ele>10.9</ele>
        <time>2023-05-26T11:12:55Z</time>
      </trkpt>
      <trkpt lat="22.565526" lon="113.956563">
        <ele>10.9</ele>
        <time>2023-05-26T11:12:56Z</time>
      </trkpt>
      <trkpt lat="22.565517" lon="113.956601">
        <ele>10.9</ele>
        <time>2023-05-26T11:12:57Z</time>
      </trkpt>
      <trkpt lat="22.565509" lon="113.956646">
        <ele>11</ele>
        <time>2023-05-26T11:12:58Z</time>
      </trkpt>
      <trkpt lat="22.565501" lon="113.956677">
        <ele>11</ele>
        <time>2023-05-26T11:12:59Z</time>
      </trkpt>
      <trkpt lat="22.565493" lon="113.956716">
        <ele>11</ele>
        <time>2023-05-26T11:13:00Z</time>
      </trkpt>
      <trkpt lat="22.565482" lon="113.956761">
        <ele>11</ele>
        <time>2023-05-26T11:13:01Z</time>
      </trkpt>
      <trkpt lat="22.565472" lon="113.956796">
        <ele>11</ele>
        <time>2023-05-26T11:13:02Z</time>
      </trkpt>
      <trkpt lat="22.565461" lon="113.956847">
        <ele>11</ele>
        <time>2023-05-26T11:13:03Z</time>
      </trkpt>
      <trkpt lat="22.565452" lon="113.95689">
        <ele>11</ele>
        <time>2023-05-26T11:13:04Z</time>
      </trkpt>
      <trkpt lat="22.565445" lon="113.956923">
        <ele>11</ele>
        <time>2023-05-26T11:13:05Z</time>
      </trkpt>
      <trkpt lat="22.565434" lon="113.956966">
        <ele>11</ele>
        <time>2023-05-26T11:13:06Z</time>
      </trkpt>
      <trkpt lat="22.565425" lon="113.956999">
        <ele>11</ele>
        <time>2023-05-26T11:13:07Z</time>
      </trkpt>
      <trkpt lat="22.565417" lon="113.957043">
        <ele>11</ele>
        <time>2023-05-26T11:13:08Z</time>
      </trkpt>
      <trkpt lat="22.565408" lon="113.957081">
        <ele>11</ele>
        <time>2023-05-26T11:13:09Z</time>
      </trkpt>
      <trkpt lat="22.5654" lon="113.95713">
        <ele>11</ele>
        <time>2023-05-26T11:13:10Z</time>
      </trkpt>
      <trkpt lat="22.56539" lon="113.957181">
        <ele>11.1</ele>
        <time>2023-05-26T11:13:11Z</time>
      </trkpt>
      <trkpt lat="22.565378" lon="113.957227">
        <ele>11.1</ele>
        <time>2023-05-26T11:13:12Z</time>
      </trkpt>
      <trkpt lat="22.565363" lon="113.957274">
        <ele>11.1</ele>
        <time>2023-05-26T11:13:13Z</time>
      </trkpt>
      <trkpt lat="22.565349" lon="113.957327">
        <ele>11.1</ele>
        <time>2023-05-26T11:13:14Z</time>
      </trkpt>
      <trkpt lat="22.565333" lon="113.957372">
        <ele>11.1</ele>
        <time>2023-05-26T11:13:15Z</time>
      </trkpt>
      <trkpt lat="22.565318" lon="113.957418">
        <ele>11.1</ele>
        <time>2023-05-26T11:13:16Z</time>
      </trkpt>
      <trkpt lat="22.565304" lon="113.957471">
        <ele>11.1</ele>
        <time>2023-05-26T11:13:17Z</time>
      </trkpt>
      <trkpt lat="22.565291" lon="113.957518">
        <ele>11.1</ele>
        <time>2023-05-26T11:13:18Z</time>
      </trkpt>
      <trkpt lat="22.565275" lon="113.957571">
        <ele>11.1</ele>
        <time>2023-05-26T11:13:19Z</time>
      </trkpt>
      <trkpt lat="22.565263" lon="113.957616">
        <ele>11.1</ele>
        <time>2023-05-26T11:13:20Z</time>
      </trkpt>
      <trkpt lat="22.565252" lon="113.957669">
        <ele>11.1</ele>
        <time>2023-05-26T11:13:21Z</time>
      </trkpt>
      <trkpt lat="22.565244" lon="113.957716">
        <ele>11.2</ele>
        <time>2023-05-26T11:13:22Z</time>
      </trkpt>
      <trkpt lat="22.565234" lon="113.95777">
        <ele>11.2</ele>
        <time>2023-05-26T11:13:23Z</time>
      </trkpt>
      <trkpt lat="22.56522" lon="113.957823">
        <ele>11.2</ele>
        <time>2023-05-26T11:13:24Z</time>
      </trkpt>
      <trkpt lat="22.565207" lon="113.957876">
        <ele>11.2</ele>
        <time>2023-05-26T11:13:25Z</time>
      </trkpt>
      <trkpt lat="22.56519" lon="113.957929">
        <ele>11.2</ele>
        <time>2023-05-26T11:13:26Z</time>
      </trkpt>
      <trkpt lat="22.565179" lon="113.957973">
        <ele>11.2</ele>
        <time>2023-05-26T11:13:27Z</time>
      </trkpt>
      <trkpt lat="22.565167" lon="113.958013">
        <ele>11.3</ele>
        <time>2023-05-26T11:13:28Z</time>
      </trkpt>
      <trkpt lat="22.565151" lon="113.958058">
        <ele>11.3</ele>
        <time>2023-05-26T11:13:29Z</time>
      </trkpt>
      <trkpt lat="22.565133" lon="113.958097">
        <ele>11.4</ele>
        <time>2023-05-26T11:13:30Z</time>
      </trkpt>
      <trkpt lat="22.565119" lon="113.958142">
        <ele>11.4</ele>
        <time>2023-05-26T11:13:31Z</time>
      </trkpt>
      <trkpt lat="22.565105" lon="113.958182">
        <ele>11.4</ele>
        <time>2023-05-26T11:13:32Z</time>
      </trkpt>
      <trkpt lat="22.565084" lon="113.958233">
        <ele>11.5</ele>
        <time>2023-05-26T11:13:33Z</time>
      </trkpt>
      <trkpt lat="22.565068" lon="113.958271">
        <ele>11.5</ele>
        <time>2023-05-26T11:13:34Z</time>
      </trkpt>
      <trkpt lat="22.565056" lon="113.958302">
        <ele>11.5</ele>
        <time>2023-05-26T11:13:35Z</time>
      </trkpt>
      <trkpt lat="22.565046" lon="113.95834">
        <ele>11.6</ele>
        <time>2023-05-26T11:13:36Z</time>
      </trkpt>
      <trkpt lat="22.565038" lon="113.958379">
        <ele>11.6</ele>
        <time>2023-05-26T11:13:37Z</time>
      </trkpt>
      <trkpt lat="22.565032" lon="113.958416">
        <ele>11.7</ele>
        <time>2023-05-26T11:13:38Z</time>
      </trkpt>
      <trkpt lat="22.565023" lon="113.958447">
        <ele>11.7</ele>
        <time>2023-05-26T11:13:39Z</time>
      </trkpt>
      <trkpt lat="22.565015" lon="113.958485">
        <ele>11.7</ele>
        <time>2023-05-26T11:13:40Z</time>
      </trkpt>
      <trkpt lat="22.565011" lon="113.958522">
        <ele>11.7</ele>
        <time>2023-05-26T11:13:41Z</time>
      </trkpt>
      <trkpt lat="22.565003" lon="113.95856">
        <ele>11.8</ele>
        <time>2023-05-26T11:13:42Z</time>
      </trkpt>
      <trkpt lat="22.564991" lon="113.958593">
        <ele>11.8</ele>
        <time>2023-05-26T11:13:43Z</time>
      </trkpt>
      <trkpt lat="22.564977" lon="113.958637">
        <ele>11.9</ele>
        <time>2023-05-26T11:13:44Z</time>
      </trkpt>
      <trkpt lat="22.564964" lon="113.958676">
        <ele>11.9</ele>
        <time>2023-05-26T11:13:45Z</time>
      </trkpt>
      <trkpt lat="22.56495" lon="113.958713">
        <ele>11.9</ele>
        <time>2023-05-26T11:13:46Z</time>
      </trkpt>
      <trkpt lat="22.564939" lon="113.958743">
        <ele>12</ele>
        <time>2023-05-26T11:13:47Z</time>
      </trkpt>
      <trkpt lat="22.564935" lon="113.958774">
        <ele>12</ele>
        <time>2023-05-26T11:13:48Z</time>
      </trkpt>
      <trkpt lat="22.564931" lon="113.958805">
        <ele>12</ele>
        <time>2023-05-26T11:13:49Z</time>
      </trkpt>
      <trkpt lat="22.564925" lon="113.958843">
        <ele>12</ele>
        <time>2023-05-26T11:13:50Z</time>
      </trkpt>
      <trkpt lat="22.564911" lon="113.958881">
        <ele>12.1</ele>
        <time>2023-05-26T11:13:51Z</time>
      </trkpt>
      <trkpt lat="22.564898" lon="113.95892">
        <ele>12.1</ele>
        <time>2023-05-26T11:13:52Z</time>
      </trkpt>
      <trkpt lat="22.564889" lon="113.958957">
        <ele>12.2</ele>
        <time>2023-05-26T11:13:53Z</time>
      </trkpt>
      <trkpt lat="22.564881" lon="113.958988">
        <ele>12.2</ele>
        <time>2023-05-26T11:13:54Z</time>
      </trkpt>
      <trkpt lat="22.564873" lon="113.959018">
        <ele>12.2</ele>
        <time>2023-05-26T11:13:55Z</time>
      </trkpt>
      <trkpt lat="22.564864" lon="113.959041">
        <ele>12.2</ele>
        <time>2023-05-26T11:13:56Z</time>
      </trkpt>
      <trkpt lat="22.564854" lon="113.959066">
        <ele>12.3</ele>
        <time>2023-05-26T11:13:57Z</time>
      </trkpt>
      <trkpt lat="22.564844" lon="113.959101">
        <ele>12.3</ele>
        <time>2023-05-26T11:13:58Z</time>
      </trkpt>
      <trkpt lat="22.564841" lon="113.959126">
        <ele>12.3</ele>
        <time>2023-05-26T11:13:59Z</time>
      </trkpt>
      <trkpt lat="22.564831" lon="113.959164">
        <ele>12.3</ele>
        <time>2023-05-26T11:14:00Z</time>
      </trkpt>
      <trkpt lat="22.56482" lon="113.959201">
        <ele>12.4</ele>
        <time>2023-05-26T11:14:01Z</time>
      </trkpt>
      <trkpt lat="22.564811" lon="113.959233">
        <ele>12.4</ele>
        <time>2023-05-26T11:14:02Z</time>
      </trkpt>
      <trkpt lat="22.564799" lon="113.959278">
        <ele>12.4</ele>
        <time>2023-05-26T11:14:03Z</time>
      </trkpt>
      <trkpt lat="22.564785" lon="113.959317">
        <ele>12.5</ele>
        <time>2023-05-26T11:14:04Z</time>
      </trkpt>
      <trkpt lat="22.56477" lon="113.959364">
        <ele>12.5</ele>
        <time>2023-05-26T11:14:05Z</time>
      </trkpt>
      <trkpt lat="22.564758" lon="113.959409">
        <ele>12.6</ele>
        <time>2023-05-26T11:14:06Z</time>
      </trkpt>
      <trkpt lat="22.564743" lon="113.959447">
        <ele>12.6</ele>
        <time>2023-05-26T11:14:07Z</time>
      </trkpt>
      <trkpt lat="22.564728" lon="113.959493">
        <ele>12.7</ele>
        <time>2023-05-26T11:14:08Z</time>
      </trkpt>
      <trkpt lat="22.564711" lon="113.959537">
        <ele>12.7</ele>
        <time>2023-05-26T11:14:09Z</time>
      </trkpt>
      <trkpt lat="22.564695" lon="113.95957">
        <ele>12.7</ele>
        <time>2023-05-26T11:14:10Z</time>
      </trkpt>
      <trkpt lat="22.564681" lon="113.959616">
        <ele>12.8</ele>
        <time>2023-05-26T11:14:11Z</time>
      </trkpt>
      <trkpt lat="22.564669" lon="113.959661">
        <ele>12.8</ele>
        <time>2023-05-26T11:14:12Z</time>
      </trkpt>
      <trkpt lat="22.564655" lon="113.959715">
        <ele>12.9</ele>
        <time>2023-05-26T11:14:13Z</time>
      </trkpt>
      <trkpt lat="22.56464" lon="113.959767">
        <ele>12.9</ele>
        <time>2023-05-26T11:14:14Z</time>
      </trkpt>
      <trkpt lat="22.564627" lon="113.959805">
        <ele>13</ele>
        <time>2023-05-26T11:14:15Z</time>
      </trkpt>
      <trkpt lat="22.564617" lon="113.959842">
        <ele>13.1</ele>
        <time>2023-05-26T11:14:16Z</time>
      </trkpt>
      <trkpt lat="22.56461" lon="113.959874">
        <ele>13.1</ele>
        <time>2023-05-26T11:14:17Z</time>
      </trkpt>
      <trkpt lat="22.564603" lon="113.959913">
        <ele>13.2</ele>
        <time>2023-05-26T11:14:18Z</time>
      </trkpt>
      <trkpt lat="22.564598" lon="113.95995">
        <ele>13.3</ele>
        <time>2023-05-26T11:14:19Z</time>
      </trkpt>
      <trkpt lat="22.564593" lon="113.959987">
        <ele>13.4</ele>
        <time>2023-05-26T11:14:20Z</time>
      </trkpt>
      <trkpt lat="22.564583" lon="113.960018">
        <ele>13.5</ele>
        <time>2023-05-26T11:14:21Z</time>
      </trkpt>
      <trkpt lat="22.56457" lon="113.960056">
        <ele>13.6</ele>
        <time>2023-05-26T11:14:22Z</time>
      </trkpt>
      <trkpt lat="22.564559" lon="113.960087">
        <ele>13.6</ele>
        <time>2023-05-26T11:14:23Z</time>
      </trkpt>
      <trkpt lat="22.564552" lon="113.960117">
        <ele>13.7</ele>
        <time>2023-05-26T11:14:24Z</time>
      </trkpt>
      <trkpt lat="22.564544" lon="113.960147">
        <ele>13.8</ele>
        <time>2023-05-26T11:14:25Z</time>
      </trkpt>
      <trkpt lat="22.564534" lon="113.960177">
        <ele>13.9</ele>
        <time>2023-05-26T11:14:26Z</time>
      </trkpt>
      <trkpt lat="22.564523" lon="113.960199">
        <ele>13.9</ele>
        <time>2023-05-26T11:14:27Z</time>
      </trkpt>
      <trkpt lat="22.564514" lon="113.960214">
        <ele>14</ele>
        <time>2023-05-26T11:14:28Z</time>
      </trkpt>
      <trkpt lat="22.5645" lon="113.96023">
        <ele>14</ele>
        <time>2023-05-26T11:14:29Z</time>
      </trkpt>
      <trkpt lat="22.564492" lon="113.960245">
        <ele>14</ele>
        <time>2023-05-26T11:14:30Z</time>
      </trkpt>
      <trkpt lat="22.564485" lon="113.960261">
        <ele>14.1</ele>
        <time>2023-05-26T11:14:31Z</time>
      </trkpt>
      <trkpt lat="22.564481" lon="113.960276">
        <ele>14.1</ele>
        <time>2023-05-26T11:14:32Z</time>
      </trkpt>
      <trkpt lat="22.564475" lon="113.9603">
        <ele>14.2</ele>
        <time>2023-05-26T11:14:33Z</time>
      </trkpt>
      <trkpt lat="22.564468" lon="113.960322">
        <ele>14.2</ele>
        <time>2023-05-26T11:14:34Z</time>
      </trkpt>
      <trkpt lat="22.564469" lon="113.960345">
        <ele>14.3</ele>
        <time>2023-05-26T11:14:35Z</time>
      </trkpt>
      <trkpt lat="22.564472" lon="113.960368">
        <ele>14.3</ele>
        <time>2023-05-26T11:14:36Z</time>
      </trkpt>
      <trkpt lat="22.564469" lon="113.960391">
        <ele>14.4</ele>
        <time>2023-05-26T11:14:37Z</time>
      </trkpt>
      <trkpt lat="22.564458" lon="113.96042">
        <ele>14.5</ele>
        <time>2023-05-26T11:14:38Z</time>
      </trkpt>
      <trkpt lat="22.564451" lon="113.960437">
        <ele>14.5</ele>
        <time>2023-05-26T11:14:39Z</time>
      </trkpt>
      <trkpt lat="22.564445" lon="113.960459">
        <ele>14.6</ele>
        <time>2023-05-26T11:14:40Z</time>
      </trkpt>
      <trkpt lat="22.564436" lon="113.960481">
        <ele>14.6</ele>
        <time>2023-05-26T11:14:41Z</time>
      </trkpt>
      <trkpt lat="22.564419" lon="113.960498">
        <ele>14.7</ele>
        <time>2023-05-26T11:14:42Z</time>
      </trkpt>
      <trkpt lat="22.564408" lon="113.960522">
        <ele>14.7</ele>
        <time>2023-05-26T11:14:43Z</time>
      </trkpt>
      <trkpt lat="22.564399" lon="113.960551">
        <ele>14.8</ele>
        <time>2023-05-26T11:14:44Z</time>
      </trkpt>
      <trkpt lat="22.564395" lon="113.960575">
        <ele>14.9</ele>
        <time>2023-05-26T11:14:45Z</time>
      </trkpt>
      <trkpt lat="22.564385" lon="113.960604">
        <ele>14.9</ele>
        <time>2023-05-26T11:14:46Z</time>
      </trkpt>
      <trkpt lat="22.564371" lon="113.96062">
        <ele>15</ele>
        <time>2023-05-26T11:14:47Z</time>
      </trkpt>
      <trkpt lat="22.564354" lon="113.960642">
        <ele>15</ele>
        <time>2023-05-26T11:14:48Z</time>
      </trkpt>
      <trkpt lat="22.564334" lon="113.960659">
        <ele>15.1</ele>
        <time>2023-05-26T11:14:49Z</time>
      </trkpt>
      <trkpt lat="22.564307" lon="113.960688">
        <ele>15.2</ele>
        <time>2023-05-26T11:14:50Z</time>
      </trkpt>
      <trkpt lat="22.564276" lon="113.96071">
        <ele>15.3</ele>
        <time>2023-05-26T11:14:51Z</time>
      </trkpt>
      <trkpt lat="22.56424" lon="113.960723">
        <ele>15.4</ele>
        <time>2023-05-26T11:14:52Z</time>
      </trkpt>
      <trkpt lat="22.564207" lon="113.960715">
        <ele>15.5</ele>
        <time>2023-05-26T11:14:53Z</time>
      </trkpt>
      <trkpt lat="22.564175" lon="113.96071">
        <ele>15.5</ele>
        <time>2023-05-26T11:14:54Z</time>
      </trkpt>
      <trkpt lat="22.564147" lon="113.960718">
        <ele>15.6</ele>
        <time>2023-05-26T11:14:55Z</time>
      </trkpt>
      <trkpt lat="22.564115" lon="113.960741">
        <ele>15.7</ele>
        <time>2023-05-26T11:14:56Z</time>
      </trkpt>
      <trkpt lat="22.564087" lon="113.960756">
        <ele>15.8</ele>
        <time>2023-05-26T11:14:57Z</time>
      </trkpt>
      <trkpt lat="22.564057" lon="113.960772">
        <ele>15.9</ele>
        <time>2023-05-26T11:14:58Z</time>
      </trkpt>
      <trkpt lat="22.564024" lon="113.960794">
        <ele>16</ele>
        <time>2023-05-26T11:14:59Z</time>
      </trkpt>
      <trkpt lat="22.563989" lon="113.96081">
        <ele>16.1</ele>
        <time>2023-05-26T11:15:00Z</time>
      </trkpt>
      <trkpt lat="22.563953" lon="113.960832">
        <ele>16.2</ele>
        <time>2023-05-26T11:15:01Z</time>
      </trkpt>
      <trkpt lat="22.563914" lon="113.960847">
        <ele>16.3</ele>
        <time>2023-05-26T11:15:02Z</time>
      </trkpt>
      <trkpt lat="22.563879" lon="113.960863">
        <ele>16.4</ele>
        <time>2023-05-26T11:15:03Z</time>
      </trkpt>
      <trkpt lat="22.563843" lon="113.960878">
        <ele>16.4</ele>
        <time>2023-05-26T11:15:04Z</time>
      </trkpt>
      <trkpt lat="22.563803" lon="113.960894">
        <ele>16.6</ele>
        <time>2023-05-26T11:15:05Z</time>
      </trkpt>
      <trkpt lat="22.563764" lon="113.960917">
        <ele>16.7</ele>
        <time>2023-05-26T11:15:06Z</time>
      </trkpt>
      <trkpt lat="22.563726" lon="113.960939">
        <ele>16.8</ele>
        <time>2023-05-26T11:15:07Z</time>
      </trkpt>
      <trkpt lat="22.56369" lon="113.960954">
        <ele>16.9</ele>
        <time>2023-05-26T11:15:08Z</time>
      </trkpt>
      <trkpt lat="22.563649" lon="113.960969">
        <ele>17</ele>
        <time>2023-05-26T11:15:09Z</time>
      </trkpt>
      <trkpt lat="22.563616" lon="113.960985">
        <ele>17.1</ele>
        <time>2023-05-26T11:15:10Z</time>
      </trkpt>
      <trkpt lat="22.563588" lon="113.961">
        <ele>17.1</ele>
        <time>2023-05-26T11:15:11Z</time>
      </trkpt>
      <trkpt lat="22.563557" lon="113.961016">
        <ele>17.2</ele>
        <time>2023-05-26T11:15:12Z</time>
      </trkpt>
      <trkpt lat="22.563518" lon="113.961038">
        <ele>17.3</ele>
        <time>2023-05-26T11:15:13Z</time>
      </trkpt>
      <trkpt lat="22.563469" lon="113.961054">
        <ele>17.4</ele>
        <time>2023-05-26T11:15:14Z</time>
      </trkpt>
      <trkpt lat="22.563421" lon="113.961078">
        <ele>17.5</ele>
        <time>2023-05-26T11:15:15Z</time>
      </trkpt>
      <trkpt lat="22.563372" lon="113.9611">
        <ele>17.7</ele>
        <time>2023-05-26T11:15:16Z</time>
      </trkpt>
      <trkpt lat="22.563322" lon="113.961123">
        <ele>17.8</ele>
        <time>2023-05-26T11:15:17Z</time>
      </trkpt>
      <trkpt lat="22.563264" lon="113.961153">
        <ele>17.9</ele>
        <time>2023-05-26T11:15:18Z</time>
      </trkpt>
      <trkpt lat="22.563208" lon="113.961176">
        <ele>18</ele>
        <time>2023-05-26T11:15:19Z</time>
      </trkpt>
      <trkpt lat="22.563158" lon="113.961195">
        <ele>18.1</ele>
        <time>2023-05-26T11:15:20Z</time>
      </trkpt>
      <trkpt lat="22.56312" lon="113.961182">
        <ele>18.2</ele>
        <time>2023-05-26T11:15:21Z</time>
      </trkpt>
      <trkpt lat="22.563082" lon="113.961191">
        <ele>18.3</ele>
        <time>2023-05-26T11:15:22Z</time>
      </trkpt>
      <trkpt lat="22.563048" lon="113.961207">
        <ele>18.4</ele>
        <time>2023-05-26T11:15:23Z</time>
      </trkpt>
      <trkpt lat="22.563005" lon="113.961229">
        <ele>18.5</ele>
        <time>2023-05-26T11:15:24Z</time>
      </trkpt>
      <trkpt lat="22.562965" lon="113.961245">
        <ele>18.6</ele>
        <time>2023-05-26T11:15:25Z</time>
      </trkpt>
      <trkpt lat="22.562929" lon="113.961266">
        <ele>18.7</ele>
        <time>2023-05-26T11:15:26Z</time>
      </trkpt>
      <trkpt lat="22.562889" lon="113.961275">
        <ele>18.7</ele>
        <time>2023-05-26T11:15:27Z</time>
      </trkpt>
      <trkpt lat="22.562851" lon="113.96129">
        <ele>18.8</ele>
        <time>2023-05-26T11:15:28Z</time>
      </trkpt>
      <trkpt lat="22.562812" lon="113.961305">
        <ele>18.9</ele>
        <time>2023-05-26T11:15:29Z</time>
      </trkpt>
      <trkpt lat="22.562775" lon="113.961321">
        <ele>19</ele>
        <time>2023-05-26T11:15:30Z</time>
      </trkpt>
      <trkpt lat="22.562736" lon="113.961337">
        <ele>19.1</ele>
        <time>2023-05-26T11:15:31Z</time>
      </trkpt>
      <trkpt lat="22.562701" lon="113.961359">
        <ele>19.2</ele>
        <time>2023-05-26T11:15:32Z</time>
      </trkpt>
      <trkpt lat="22.562666" lon="113.961373">
        <ele>19.3</ele>
        <time>2023-05-26T11:15:33Z</time>
      </trkpt>
      <trkpt lat="22.562631" lon="113.961381">
        <ele>19.3</ele>
        <time>2023-05-26T11:15:34Z</time>
      </trkpt>
      <trkpt lat="22.562597" lon="113.961389">
        <ele>19.4</ele>
        <time>2023-05-26T11:15:35Z</time>
      </trkpt>
      <trkpt lat="22.56256" lon="113.961404">
        <ele>19.5</ele>
        <time>2023-05-26T11:15:36Z</time>
      </trkpt>
      <trkpt lat="22.562526" lon="113.961412">
        <ele>19.6</ele>
        <time>2023-05-26T11:15:37Z</time>
      </trkpt>
      <trkpt lat="22.562495" lon="113.961427">
        <ele>19.6</ele>
        <time>2023-05-26T11:15:38Z</time>
      </trkpt>
      <trkpt lat="22.562458" lon="113.961443">
        <ele>19.7</ele>
        <time>2023-05-26T11:15:39Z</time>
      </trkpt>
      <trkpt lat="22.562422" lon="113.961457">
        <ele>19.8</ele>
        <time>2023-05-26T11:15:40Z</time>
      </trkpt>
      <trkpt lat="22.562385" lon="113.961466">
        <ele>19.9</ele>
        <time>2023-05-26T11:15:41Z</time>
      </trkpt>
      <trkpt lat="22.562345" lon="113.961482">
        <ele>20</ele>
        <time>2023-05-26T11:15:42Z</time>
      </trkpt>
      <trkpt lat="22.562306" lon="113.961504">
        <ele>20.1</ele>
        <time>2023-05-26T11:15:43Z</time>
      </trkpt>
      <trkpt lat="22.562269" lon="113.961519">
        <ele>20.1</ele>
        <time>2023-05-26T11:15:44Z</time>
      </trkpt>
      <trkpt lat="22.562232" lon="113.961535">
        <ele>20.2</ele>
        <time>2023-05-26T11:15:45Z</time>
      </trkpt>
      <trkpt lat="22.562199" lon="113.961557">
        <ele>20.3</ele>
        <time>2023-05-26T11:15:46Z</time>
      </trkpt>
      <trkpt lat="22.562167" lon="113.961572">
        <ele>20.4</ele>
        <time>2023-05-26T11:15:47Z</time>
      </trkpt>
      <trkpt lat="22.562134" lon="113.961588">
        <ele>20.5</ele>
        <time>2023-05-26T11:15:48Z</time>
      </trkpt>
      <trkpt lat="22.562096" lon="113.961603">
        <ele>20.5</ele>
        <time>2023-05-26T11:15:49Z</time>
      </trkpt>
      <trkpt lat="22.562059" lon="113.961618">
        <ele>20.6</ele>
        <time>2023-05-26T11:15:50Z</time>
      </trkpt>
      <trkpt lat="22.562025" lon="113.961634">
        <ele>20.7</ele>
        <time>2023-05-26T11:15:51Z</time>
      </trkpt>
      <trkpt lat="22.561991" lon="113.961656">
        <ele>20.8</ele>
        <time>2023-05-26T11:15:52Z</time>
      </trkpt>
      <trkpt lat="22.561956" lon="113.961672">
        <ele>20.9</ele>
        <time>2023-05-26T11:15:53Z</time>
      </trkpt>
      <trkpt lat="22.561922" lon="113.961688">
        <ele>20.9</ele>
        <time>2023-05-26T11:15:54Z</time>
      </trkpt>
      <trkpt lat="22.561888" lon="113.96171">
        <ele>21</ele>
        <time>2023-05-26T11:15:55Z</time>
      </trkpt>
      <trkpt lat="22.561854" lon="113.961732">
        <ele>21.1</ele>
        <time>2023-05-26T11:15:56Z</time>
      </trkpt>
      <trkpt lat="22.561822" lon="113.961748">
        <ele>21.1</ele>
        <time>2023-05-26T11:15:57Z</time>
      </trkpt>
      <trkpt lat="22.561789" lon="113.961764">
        <ele>21.1</ele>
        <time>2023-05-26T11:15:58Z</time>
      </trkpt>
      <trkpt lat="22.56175" lon="113.961786">
        <ele>21.1</ele>
        <time>2023-05-26T11:15:59Z</time>
      </trkpt>
      <trkpt lat="22.561715" lon="113.961802">
        <ele>21.1</ele>
        <time>2023-05-26T11:16:00Z</time>
      </trkpt>
      <trkpt lat="22.561678" lon="113.961824">
        <ele>21.1</ele>
        <time>2023-05-26T11:16:01Z</time>
      </trkpt>
      <trkpt lat="22.56164" lon="113.96184">
        <ele>21.1</ele>
        <time>2023-05-26T11:16:02Z</time>
      </trkpt>
      <trkpt lat="22.561601" lon="113.961863">
        <ele>21.1</ele>
        <time>2023-05-26T11:16:03Z</time>
      </trkpt>
      <trkpt lat="22.561561" lon="113.961887">
        <ele>21.1</ele>
        <time>2023-05-26T11:16:04Z</time>
      </trkpt>
      <trkpt lat="22.561524" lon="113.961918">
        <ele>21.1</ele>
        <time>2023-05-26T11:16:05Z</time>
      </trkpt>
      <trkpt lat="22.561491" lon="113.961955">
        <ele>21.1</ele>
        <time>2023-05-26T11:16:06Z</time>
      </trkpt>
      <trkpt lat="22.561451" lon="113.961977">
        <ele>21.1</ele>
        <time>2023-05-26T11:16:07Z</time>
      </trkpt>
      <trkpt lat="22.561416" lon="113.961993">
        <ele>21.1</ele>
        <time>2023-05-26T11:16:08Z</time>
      </trkpt>
      <trkpt lat="22.561376" lon="113.962015">
        <ele>21.1</ele>
        <time>2023-05-26T11:16:09Z</time>
      </trkpt>
      <trkpt lat="22.561336" lon="113.962031">
        <ele>21.1</ele>
        <time>2023-05-26T11:16:10Z</time>
      </trkpt>
      <trkpt lat="22.561297" lon="113.962053">
        <ele>21.1</ele>
        <time>2023-05-26T11:16:11Z</time>
      </trkpt>
      <trkpt lat="22.561252" lon="113.962069">
        <ele>21.1</ele>
        <time>2023-05-26T11:16:12Z</time>
      </trkpt>
      <trkpt lat="22.56121" lon="113.962091">
        <ele>21.1</ele>
        <time>2023-05-26T11:16:13Z</time>
      </trkpt>
      <trkpt lat="22.561166" lon="113.962107">
        <ele>21.1</ele>
        <time>2023-05-26T11:16:14Z</time>
      </trkpt>
      <trkpt lat="22.561124" lon="113.96213">
        <ele>21.1</ele>
        <time>2023-05-26T11:16:15Z</time>
      </trkpt>
      <trkpt lat="22.56108" lon="113.962153">
        <ele>21.1</ele>
        <time>2023-05-26T11:16:16Z</time>
      </trkpt>
      <trkpt lat="22.561037" lon="113.962175">
        <ele>21.1</ele>
        <time>2023-05-26T11:16:17Z</time>
      </trkpt>
      <trkpt lat="22.560995" lon="113.96219">
        <ele>21.1</ele>
        <time>2023-05-26T11:16:18Z</time>
      </trkpt>
      <trkpt lat="22.560958" lon="113.962207">
        <ele>21.1</ele>
        <time>2023-05-26T11:16:19Z</time>
      </trkpt>
      <trkpt lat="22.560916" lon="113.962228">
        <ele>21.1</ele>
        <time>2023-05-26T11:16:20Z</time>
      </trkpt>
      <trkpt lat="22.560873" lon="113.962244">
        <ele>21.1</ele>
        <time>2023-05-26T11:16:21Z</time>
      </trkpt>
      <trkpt lat="22.560831" lon="113.962266">
        <ele>21.1</ele>
        <time>2023-05-26T11:16:22Z</time>
      </trkpt>
      <trkpt lat="22.560789" lon="113.962274">
        <ele>21.1</ele>
        <time>2023-05-26T11:16:23Z</time>
      </trkpt>
      <trkpt lat="22.560749" lon="113.96229">
        <ele>21.1</ele>
        <time>2023-05-26T11:16:24Z</time>
      </trkpt>
      <trkpt lat="22.560709" lon="113.962312">
        <ele>21.1</ele>
        <time>2023-05-26T11:16:25Z</time>
      </trkpt>
      <trkpt lat="22.560673" lon="113.962328">
        <ele>21.1</ele>
        <time>2023-05-26T11:16:26Z</time>
      </trkpt>
      <trkpt lat="22.560631" lon="113.962343">
        <ele>21.1</ele>
        <time>2023-05-26T11:16:27Z</time>
      </trkpt>
      <trkpt lat="22.560587" lon="113.962358">
        <ele>21</ele>
        <time>2023-05-26T11:16:28Z</time>
      </trkpt>
      <trkpt lat="22.560547" lon="113.962373">
        <ele>21</ele>
        <time>2023-05-26T11:16:29Z</time>
      </trkpt>
      <trkpt lat="22.560507" lon="113.962381">
        <ele>21</ele>
        <time>2023-05-26T11:16:30Z</time>
      </trkpt>
      <trkpt lat="22.56047" lon="113.962397">
        <ele>21</ele>
        <time>2023-05-26T11:16:31Z</time>
      </trkpt>
      <trkpt lat="22.56044" lon="113.962411">
        <ele>21</ele>
        <time>2023-05-26T11:16:32Z</time>
      </trkpt>
      <trkpt lat="22.560408" lon="113.962418">
        <ele>21</ele>
        <time>2023-05-26T11:16:33Z</time>
      </trkpt>
      <trkpt lat="22.560378" lon="113.962425">
        <ele>21</ele>
        <time>2023-05-26T11:16:34Z</time>
      </trkpt>
      <trkpt lat="22.56035" lon="113.962426">
        <ele>21</ele>
        <time>2023-05-26T11:16:35Z</time>
      </trkpt>
      <trkpt lat="22.560321" lon="113.962434">
        <ele>21</ele>
        <time>2023-05-26T11:16:36Z</time>
      </trkpt>
      <trkpt lat="22.560292" lon="113.962441">
        <ele>21</ele>
        <time>2023-05-26T11:16:37Z</time>
      </trkpt>
      <trkpt lat="22.560261" lon="113.962449">
        <ele>21</ele>
        <time>2023-05-26T11:16:38Z</time>
      </trkpt>
      <trkpt lat="22.560236" lon="113.962457">
        <ele>21</ele>
        <time>2023-05-26T11:16:39Z</time>
      </trkpt>
      <trkpt lat="22.56022" lon="113.962463">
        <ele>21</ele>
        <time>2023-05-26T11:16:40Z</time>
      </trkpt>
      <trkpt lat="22.560213" lon="113.962453">
        <ele>21</ele>
        <time>2023-05-26T11:16:41Z</time>
      </trkpt>
      <trkpt lat="22.560209" lon="113.962422">
        <ele>21</ele>
        <time>2023-05-26T11:16:42Z</time>
      </trkpt>
      <trkpt lat="22.560205" lon="113.962383">
        <ele>21</ele>
        <time>2023-05-26T11:16:43Z</time>
      </trkpt>
      <trkpt lat="22.560206" lon="113.962335">
        <ele>21</ele>
        <time>2023-05-26T11:16:44Z</time>
      </trkpt>
      <trkpt lat="22.560208" lon="113.962291">
        <ele>21</ele>
        <time>2023-05-26T11:16:45Z</time>
      </trkpt>
      <trkpt lat="22.560212" lon="113.962255">
        <ele>21</ele>
        <time>2023-05-26T11:16:46Z</time>
      </trkpt>
      <trkpt lat="22.560217" lon="113.962232">
        <ele>21</ele>
        <time>2023-05-26T11:16:47Z</time>
      </trkpt>
      <trkpt lat="22.560223" lon="113.96221">
        <ele>21</ele>
        <time>2023-05-26T11:16:48Z</time>
      </trkpt>
      <trkpt lat="22.560223" lon="113.962196">
        <ele>21</ele>
        <time>2023-05-26T11:16:49Z</time>
      </trkpt>
      <trkpt lat="22.560225" lon="113.962189">
        <ele>21</ele>
        <time>2023-05-26T11:16:50Z</time>
      </trkpt>
      <trkpt lat="22.560226" lon="113.962189">
        <ele>21</ele>
        <time>2023-05-26T11:16:51Z</time>
      </trkpt>
      <trkpt lat="22.560226" lon="113.962188">
        <ele>21</ele>
        <time>2023-05-26T11:16:52Z</time>
      </trkpt>
      <trkpt lat="22.560222" lon="113.96217">
        <ele>21</ele>
        <time>2023-05-26T11:16:53Z</time>
      </trkpt>
      <trkpt lat="22.560219" lon="113.962149">
        <ele>21</ele>
        <time>2023-05-26T11:16:54Z</time>
      </trkpt>
      <trkpt lat="22.560217" lon="113.962134">
        <ele>21</ele>
        <time>2023-05-26T11:16:55Z</time>
      </trkpt>
      <trkpt lat="22.560214" lon="113.96211">
        <ele>21</ele>
        <time>2023-05-26T11:16:56Z</time>
      </trkpt>
      <trkpt lat="22.56022" lon="113.962086">
        <ele>21</ele>
        <time>2023-05-26T11:16:57Z</time>
      </trkpt>
      <trkpt lat="22.560213" lon="113.962057">
        <ele>21</ele>
        <time>2023-05-26T11:16:58Z</time>
      </trkpt>
      <trkpt lat="22.560212" lon="113.962043">
        <ele>21</ele>
        <time>2023-05-26T11:16:59Z</time>
      </trkpt>
      <trkpt lat="22.560215" lon="113.962036">
        <ele>21</ele>
        <time>2023-05-26T11:17:00Z</time>
      </trkpt>
      <trkpt lat="22.560215" lon="113.962035">
        <ele>21</ele>
        <time>2023-05-26T11:17:05Z</time>
      </trkpt>
      <trkpt lat="22.560209" lon="113.962028">
        <ele>21</ele>
        <time>2023-05-26T11:17:06Z</time>
      </trkpt>
      <trkpt lat="22.560194" lon="113.962027">
        <ele>21</ele>
        <time>2023-05-26T11:17:07Z</time>
      </trkpt>
      <trkpt lat="22.560177" lon="113.962012">
        <ele>21</ele>
        <time>2023-05-26T11:17:08Z</time>
      </trkpt>
      <trkpt lat="22.560159" lon="113.961996">
        <ele>21</ele>
        <time>2023-05-26T11:17:09Z</time>
      </trkpt>
      <trkpt lat="22.560133" lon="113.961981">
        <ele>21</ele>
        <time>2023-05-26T11:17:10Z</time>
      </trkpt>
      <trkpt lat="22.560108" lon="113.961962">
        <ele>21</ele>
        <time>2023-05-26T11:17:11Z</time>
      </trkpt>
      <trkpt lat="22.560096" lon="113.961924">
        <ele>21</ele>
        <time>2023-05-26T11:17:12Z</time>
      </trkpt>
      <trkpt lat="22.560087" lon="113.961878">
        <ele>21</ele>
        <time>2023-05-26T11:17:13Z</time>
      </trkpt>
      <trkpt lat="22.560088" lon="113.961834">
        <ele>21</ele>
        <time>2023-05-26T11:17:14Z</time>
      </trkpt>
      <trkpt lat="22.560095" lon="113.961796">
        <ele>21</ele>
        <time>2023-05-26T11:17:15Z</time>
      </trkpt>
      <trkpt lat="22.560096" lon="113.961766">
        <ele>21</ele>
        <time>2023-05-26T11:17:16Z</time>
      </trkpt>
      <trkpt lat="22.560092" lon="113.961728">
        <ele>21</ele>
        <time>2023-05-26T11:17:17Z</time>
      </trkpt>
      <trkpt lat="22.560076" lon="113.961699">
        <ele>21</ele>
        <time>2023-05-26T11:17:18Z</time>
      </trkpt>
      <trkpt lat="22.560057" lon="113.961682">
        <ele>21</ele>
        <time>2023-05-26T11:17:19Z</time>
      </trkpt>
      <trkpt lat="22.560033" lon="113.961661">
        <ele>21</ele>
        <time>2023-05-26T11:17:20Z</time>
      </trkpt>
      <trkpt lat="22.560012" lon="113.961645">
        <ele>21</ele>
        <time>2023-05-26T11:17:21Z</time>
      </trkpt>
      <trkpt lat="22.55999" lon="113.961629">
        <ele>21</ele>
        <time>2023-05-26T11:17:22Z</time>
      </trkpt>
      <trkpt lat="22.559974" lon="113.961606">
        <ele>21</ele>
        <time>2023-05-26T11:17:23Z</time>
      </trkpt>
      <trkpt lat="22.559965" lon="113.961584">
        <ele>21</ele>
        <time>2023-05-26T11:17:24Z</time>
      </trkpt>
      <trkpt lat="22.559964" lon="113.961567">
        <ele>21</ele>
        <time>2023-05-26T11:17:25Z</time>
      </trkpt>
      <trkpt lat="22.559967" lon="113.961531">
        <ele>21</ele>
        <time>2023-05-26T11:17:26Z</time>
      </trkpt>
      <trkpt lat="22.55997" lon="113.961496">
        <ele>21</ele>
        <time>2023-05-26T11:17:27Z</time>
      </trkpt>
      <trkpt lat="22.559973" lon="113.961466">
        <ele>21</ele>
        <time>2023-05-26T11:17:28Z</time>
      </trkpt>
    </trkseg>
  </trk>
</gpx>