<?xml version="1.0" encoding="UTF-8"?>
<gpx xmlns="http://www.topografix.com/GPX/1/1" xmlns:xsi="http://www.w3.org/2001/XMLSchema-instance" xsi:schemaLocation="http://www.topografix.com/GPX/1/1 http://www.topografix.com/GPX/1/1/gpx.xsd" version="1.1" creator="鹏">
  <metadata>
    <name>Cycling (Completed)</name>
    <desc>Distance: 37.198km, Estimated duration: 2.24h, Elevation up: 71.0m, Elevation down: 59.0m</desc>
    <author>
      <name>鹏</name>
      <link href="https://www.komoot.de/user/3342641231843">
        <text>View 鹏's Profile on Komoot</text>
      </link>
    </author>
    <link href="https://www.komoot.de/tour/1173905109">
      <text>View tour on Komoot</text>
    </link>
  </metadata>
  <trk>
    <name>Cycling (Completed)</name>
    <desc>Distance: 37.198km, Estimated duration: 2.24h, Elevation up: 71.0m, Elevation down: 59.0m</desc>
    <link href="https://www.komoot.de/tour/1173905109">
      <text>View tour on Komoot</text>
    </link>
    <trkseg>
      <trkpt lat="22.557972" lon="113.964958">
        <ele>26</ele>
        <time>2023-06-18T09:32:20Z</time>
      </trkpt>
      <trkpt lat="22.557968" lon="113.964929">
        <ele>26</ele>
        <time>2023-06-18T09:32:37Z</time>
      </trkpt>
      <trkpt lat="22.557963" lon="113.964895">
        <ele>26</ele>
        <time>2023-06-18T09:32:38Z</time>
      </trkpt>
      <trkpt lat="22.557956" lon="113.964846">
        <ele>26</ele>
        <time>2023-06-18T09:32:39Z</time>
      </trkpt>
      <trkpt lat="22.557948" lon="113.964794">
        <ele>26</ele>
        <time>2023-06-18T09:32:40Z</time>
      </trkpt>
      <trkpt lat="22.557935" lon="113.964732">
        <ele>26</ele>
        <time>2023-06-18T09:32:41Z</time>
      </trkpt>
      <trkpt lat="22.55792" lon="113.964673">
        <ele>26</ele>
        <time>2023-06-18T09:32:42Z</time>
      </trkpt>
      <trkpt lat="22.557908" lon="113.96461">
        <ele>26</ele>
        <time>2023-06-18T09:32:43Z</time>
      </trkpt>
      <trkpt lat="22.557893" lon="113.964551">
        <ele>26</ele>
        <time>2023-06-18T09:32:44Z</time>
      </trkpt>
      <trkpt lat="22.557882" lon="113.964505">
        <ele>26</ele>
        <time>2023-06-18T09:32:45Z</time>
      </trkpt>
      <trkpt lat="22.55787" lon="113.964455">
        <ele>26</ele>
        <time>2023-06-18T09:32:46Z</time>
      </trkpt>
      <trkpt lat="22.557857" lon="113.964414">
        <ele>26</ele>
        <time>2023-06-18T09:32:47Z</time>
      </trkpt>
      <trkpt lat="22.557846" lon="113.964361">
        <ele>26</ele>
        <time>2023-06-18T09:32:48Z</time>
      </trkpt>
      <trkpt lat="22.557832" lon="113.964308">
        <ele>26</ele>
        <time>2023-06-18T09:32:49Z</time>
      </trkpt>
      <trkpt lat="22.557819" lon="113.964262">
        <ele>26</ele>
        <time>2023-06-18T09:32:50Z</time>
      </trkpt>
      <trkpt lat="22.557808" lon="113.964208">
        <ele>26</ele>
        <time>2023-06-18T09:32:51Z</time>
      </trkpt>
      <trkpt lat="22.557796" lon="113.964156">
        <ele>26</ele>
        <time>2023-06-18T09:32:52Z</time>
      </trkpt>
      <trkpt lat="22.557783" lon="113.964109">
        <ele>26</ele>
        <time>2023-06-18T09:32:53Z</time>
      </trkpt>
      <trkpt lat="22.557772" lon="113.964056">
        <ele>26</ele>
        <time>2023-06-18T09:32:54Z</time>
      </trkpt>
      <trkpt lat="22.557763" lon="113.96401">
        <ele>26</ele>
        <time>2023-06-18T09:32:55Z</time>
      </trkpt>
      <trkpt lat="22.557759" lon="113.963958">
        <ele>26</ele>
        <time>2023-06-18T09:32:56Z</time>
      </trkpt>
      <trkpt lat="22.557754" lon="113.963912">
        <ele>26</ele>
        <time>2023-06-18T09:32:57Z</time>
      </trkpt>
      <trkpt lat="22.557753" lon="113.963866">
        <ele>26</ele>
        <time>2023-06-18T09:32:58Z</time>
      </trkpt>
      <trkpt lat="22.557754" lon="113.963819">
        <ele>26</ele>
        <time>2023-06-18T09:32:59Z</time>
      </trkpt>
      <trkpt lat="22.557767" lon="113.963767">
        <ele>26</ele>
        <time>2023-06-18T09:33:00Z</time>
      </trkpt>
      <trkpt lat="22.557789" lon="113.96373">
        <ele>26</ele>
        <time>2023-06-18T09:33:01Z</time>
      </trkpt>
      <trkpt lat="22.557804" lon="113.96369">
        <ele>26</ele>
        <time>2023-06-18T09:33:02Z</time>
      </trkpt>
      <trkpt lat="22.557806" lon="113.963647">
        <ele>26</ele>
        <time>2023-06-18T09:33:03Z</time>
      </trkpt>
      <trkpt lat="22.557808" lon="113.963609">
        <ele>26</ele>
        <time>2023-06-18T09:33:04Z</time>
      </trkpt>
      <trkpt lat="22.557807" lon="113.963577">
        <ele>26</ele>
        <time>2023-06-18T09:33:05Z</time>
      </trkpt>
      <trkpt lat="22.5578" lon="113.963538">
        <ele>26</ele>
        <time>2023-06-18T09:33:06Z</time>
      </trkpt>
      <trkpt lat="22.557792" lon="113.9635">
        <ele>26</ele>
        <time>2023-06-18T09:33:07Z</time>
      </trkpt>
      <trkpt lat="22.55779" lon="113.963454">
        <ele>26</ele>
        <time>2023-06-18T09:33:08Z</time>
      </trkpt>
      <trkpt lat="22.557788" lon="113.963417">
        <ele>26</ele>
        <time>2023-06-18T09:33:09Z</time>
      </trkpt>
      <trkpt lat="22.557786" lon="113.963385">
        <ele>26</ele>
        <time>2023-06-18T09:33:10Z</time>
      </trkpt>
      <trkpt lat="22.557793" lon="113.963347">
        <ele>26</ele>
        <time>2023-06-18T09:33:11Z</time>
      </trkpt>
      <trkpt lat="22.557811" lon="113.963309">
        <ele>26</ele>
        <time>2023-06-18T09:33:12Z</time>
      </trkpt>
      <trkpt lat="22.557842" lon="113.963269">
        <ele>26</ele>
        <time>2023-06-18T09:33:13Z</time>
      </trkpt>
      <trkpt lat="22.557884" lon="113.963228">
        <ele>26</ele>
        <time>2023-06-18T09:33:14Z</time>
      </trkpt>
      <trkpt lat="22.557924" lon="113.963205">
        <ele>26</ele>
        <time>2023-06-18T09:33:15Z</time>
      </trkpt>
      <trkpt lat="22.557953" lon="113.963182">
        <ele>26</ele>
        <time>2023-06-18T09:33:16Z</time>
      </trkpt>
      <trkpt lat="22.55797" lon="113.963163">
        <ele>26</ele>
        <time>2023-06-18T09:33:17Z</time>
      </trkpt>
      <trkpt lat="22.55797" lon="113.963152">
        <ele>26</ele>
        <time>2023-06-18T09:33:18Z</time>
      </trkpt>
      <trkpt lat="22.557973" lon="113.963125">
        <ele>26</ele>
        <time>2023-06-18T09:33:19Z</time>
      </trkpt>
      <trkpt lat="22.557987" lon="113.963086">
        <ele>26</ele>
        <time>2023-06-18T09:33:20Z</time>
      </trkpt>
      <trkpt lat="22.558006" lon="113.963053">
        <ele>26</ele>
        <time>2023-06-18T09:33:21Z</time>
      </trkpt>
      <trkpt lat="22.558027" lon="113.963028">
        <ele>26</ele>
        <time>2023-06-18T09:33:22Z</time>
      </trkpt>
      <trkpt lat="22.558042" lon="113.962997">
        <ele>26</ele>
        <time>2023-06-18T09:33:23Z</time>
      </trkpt>
      <trkpt lat="22.558052" lon="113.962963">
        <ele>26</ele>
        <time>2023-06-18T09:33:24Z</time>
      </trkpt>
      <trkpt lat="22.558059" lon="113.962919">
        <ele>26</ele>
        <time>2023-06-18T09:33:25Z</time>
      </trkpt>
      <trkpt lat="22.558068" lon="113.962875">
        <ele>26</ele>
        <time>2023-06-18T09:33:26Z</time>
      </trkpt>
      <trkpt lat="22.558091" lon="113.96282">
        <ele>26</ele>
        <time>2023-06-18T09:33:27Z</time>
      </trkpt>
      <trkpt lat="22.558129" lon="113.962783">
        <ele>26</ele>
        <time>2023-06-18T09:33:28Z</time>
      </trkpt>
      <trkpt lat="22.558177" lon="113.962754">
        <ele>26</ele>
        <time>2023-06-18T09:33:29Z</time>
      </trkpt>
      <trkpt lat="22.558212" lon="113.962732">
        <ele>26</ele>
        <time>2023-06-18T09:33:30Z</time>
      </trkpt>
      <trkpt lat="22.558237" lon="113.962708">
        <ele>26</ele>
        <time>2023-06-18T09:33:31Z</time>
      </trkpt>
      <trkpt lat="22.558258" lon="113.962678">
        <ele>26</ele>
        <time>2023-06-18T09:33:32Z</time>
      </trkpt>
      <trkpt lat="22.558275" lon="113.962645">
        <ele>26</ele>
        <time>2023-06-18T09:33:33Z</time>
      </trkpt>
      <trkpt lat="22.55829" lon="113.962607">
        <ele>26</ele>
        <time>2023-06-18T09:33:34Z</time>
      </trkpt>
      <trkpt lat="22.558299" lon="113.962577">
        <ele>26</ele>
        <time>2023-06-18T09:33:35Z</time>
      </trkpt>
      <trkpt lat="22.558295" lon="113.962544">
        <ele>26</ele>
        <time>2023-06-18T09:33:36Z</time>
      </trkpt>
      <trkpt lat="22.558285" lon="113.962503">
        <ele>26</ele>
        <time>2023-06-18T09:33:37Z</time>
      </trkpt>
      <trkpt lat="22.558279" lon="113.962452">
        <ele>26</ele>
        <time>2023-06-18T09:33:38Z</time>
      </trkpt>
      <trkpt lat="22.558268" lon="113.962413">
        <ele>26</ele>
        <time>2023-06-18T09:33:39Z</time>
      </trkpt>
      <trkpt lat="22.558245" lon="113.96237">
        <ele>26</ele>
        <time>2023-06-18T09:33:40Z</time>
      </trkpt>
      <trkpt lat="22.55821" lon="113.96233">
        <ele>26</ele>
        <time>2023-06-18T09:33:41Z</time>
      </trkpt>
      <trkpt lat="22.558157" lon="113.962285">
        <ele>25.9</ele>
        <time>2023-06-18T09:33:42Z</time>
      </trkpt>
      <trkpt lat="22.558116" lon="113.96225">
        <ele>25.9</ele>
        <time>2023-06-18T09:33:43Z</time>
      </trkpt>
      <trkpt lat="22.558077" lon="113.962217">
        <ele>25.9</ele>
        <time>2023-06-18T09:33:44Z</time>
      </trkpt>
      <trkpt lat="22.558038" lon="113.96218">
        <ele>25.8</ele>
        <time>2023-06-18T09:33:45Z</time>
      </trkpt>
      <trkpt lat="22.558001" lon="113.962154">
        <ele>25.8</ele>
        <time>2023-06-18T09:33:46Z</time>
      </trkpt>
      <trkpt lat="22.557966" lon="113.962137">
        <ele>25.8</ele>
        <time>2023-06-18T09:33:47Z</time>
      </trkpt>
      <trkpt lat="22.557935" lon="113.962111">
        <ele>25.8</ele>
        <time>2023-06-18T09:33:48Z</time>
      </trkpt>
      <trkpt lat="22.557909" lon="113.962076">
        <ele>25.7</ele>
        <time>2023-06-18T09:33:49Z</time>
      </trkpt>
      <trkpt lat="22.557883" lon="113.962042">
        <ele>25.7</ele>
        <time>2023-06-18T09:33:50Z</time>
      </trkpt>
      <trkpt lat="22.557857" lon="113.962007">
        <ele>25.7</ele>
        <time>2023-06-18T09:33:51Z</time>
      </trkpt>
      <trkpt lat="22.557831" lon="113.961973">
        <ele>25.7</ele>
        <time>2023-06-18T09:33:52Z</time>
      </trkpt>
      <trkpt lat="22.557805" lon="113.961938">
        <ele>25.6</ele>
        <time>2023-06-18T09:33:53Z</time>
      </trkpt>
      <trkpt lat="22.557779" lon="113.961904">
        <ele>25.6</ele>
        <time>2023-06-18T09:33:54Z</time>
      </trkpt>
      <trkpt lat="22.557753" lon="113.961869">
        <ele>25.6</ele>
        <time>2023-06-18T09:33:55Z</time>
      </trkpt>
      <trkpt lat="22.557728" lon="113.961835">
        <ele>25.6</ele>
        <time>2023-06-18T09:33:56Z</time>
      </trkpt>
      <trkpt lat="22.557702" lon="113.9618">
        <ele>25.5</ele>
        <time>2023-06-18T09:33:57Z</time>
      </trkpt>
      <trkpt lat="22.557676" lon="113.961766">
        <ele>25.5</ele>
        <time>2023-06-18T09:33:58Z</time>
      </trkpt>
      <trkpt lat="22.557652" lon="113.96173">
        <ele>25.5</ele>
        <time>2023-06-18T09:33:59Z</time>
      </trkpt>
      <trkpt lat="22.557638" lon="113.961695">
        <ele>25.5</ele>
        <time>2023-06-18T09:34:00Z</time>
      </trkpt>
      <trkpt lat="22.55764" lon="113.961673">
        <ele>25.5</ele>
        <time>2023-06-18T09:34:01Z</time>
      </trkpt>
      <trkpt lat="22.557642" lon="113.961647">
        <ele>25.4</ele>
        <time>2023-06-18T09:34:02Z</time>
      </trkpt>
      <trkpt lat="22.557614" lon="113.961615">
        <ele>25.4</ele>
        <time>2023-06-18T09:34:03Z</time>
      </trkpt>
      <trkpt lat="22.557589" lon="113.961607">
        <ele>25.4</ele>
        <time>2023-06-18T09:34:04Z</time>
      </trkpt>
      <trkpt lat="22.557564" lon="113.961599">
        <ele>25.4</ele>
        <time>2023-06-18T09:34:05Z</time>
      </trkpt>
      <trkpt lat="22.55754" lon="113.961587">
        <ele>25.4</ele>
        <time>2023-06-18T09:34:06Z</time>
      </trkpt>
      <trkpt lat="22.557514" lon="113.961562">
        <ele>25.4</ele>
        <time>2023-06-18T09:34:07Z</time>
      </trkpt>
      <trkpt lat="22.557488" lon="113.961532">
        <ele>25.3</ele>
        <time>2023-06-18T09:34:08Z</time>
      </trkpt>
      <trkpt lat="22.557461" lon="113.961501">
        <ele>25.3</ele>
        <time>2023-06-18T09:34:09Z</time>
      </trkpt>
      <trkpt lat="22.557437" lon="113.96147">
        <ele>25.3</ele>
        <time>2023-06-18T09:34:10Z</time>
      </trkpt>
      <trkpt lat="22.557415" lon="113.961433">
        <ele>25.3</ele>
        <time>2023-06-18T09:34:11Z</time>
      </trkpt>
      <trkpt lat="22.557393" lon="113.961398">
        <ele>25.2</ele>
        <time>2023-06-18T09:34:12Z</time>
      </trkpt>
      <trkpt lat="22.557372" lon="113.96135">
        <ele>25.2</ele>
        <time>2023-06-18T09:34:13Z</time>
      </trkpt>
      <trkpt lat="22.557353" lon="113.961297">
        <ele>25.2</ele>
        <time>2023-06-18T09:34:14Z</time>
      </trkpt>
      <trkpt lat="22.557337" lon="113.961251">
        <ele>25.1</ele>
        <time>2023-06-18T09:34:15Z</time>
      </trkpt>
      <trkpt lat="22.557321" lon="113.961201">
        <ele>25.1</ele>
        <time>2023-06-18T09:34:16Z</time>
      </trkpt>
      <trkpt lat="22.557309" lon="113.961153">
        <ele>25.1</ele>
        <time>2023-06-18T09:34:17Z</time>
      </trkpt>
      <trkpt lat="22.557299" lon="113.961097">
        <ele>25.1</ele>
        <time>2023-06-18T09:34:18Z</time>
      </trkpt>
      <trkpt lat="22.557291" lon="113.961041">
        <ele>25</ele>
        <time>2023-06-18T09:34:19Z</time>
      </trkpt>
      <trkpt lat="22.557285" lon="113.960993">
        <ele>25</ele>
        <time>2023-06-18T09:34:20Z</time>
      </trkpt>
      <trkpt lat="22.557283" lon="113.960949">
        <ele>25</ele>
        <time>2023-06-18T09:34:21Z</time>
      </trkpt>
      <trkpt lat="22.557276" lon="113.960901">
        <ele>25</ele>
        <time>2023-06-18T09:34:22Z</time>
      </trkpt>
      <trkpt lat="22.557268" lon="113.960846">
        <ele>24.9</ele>
        <time>2023-06-18T09:34:23Z</time>
      </trkpt>
      <trkpt lat="22.557259" lon="113.960787">
        <ele>24.9</ele>
        <time>2023-06-18T09:34:24Z</time>
      </trkpt>
      <trkpt lat="22.557252" lon="113.960736">
        <ele>24.8</ele>
        <time>2023-06-18T09:34:25Z</time>
      </trkpt>
      <trkpt lat="22.557249" lon="113.96069">
        <ele>24.8</ele>
        <time>2023-06-18T09:34:26Z</time>
      </trkpt>
      <trkpt lat="22.557246" lon="113.96064">
        <ele>24.7</ele>
        <time>2023-06-18T09:34:27Z</time>
      </trkpt>
      <trkpt lat="22.557239" lon="113.960581">
        <ele>24.6</ele>
        <time>2023-06-18T09:34:28Z</time>
      </trkpt>
      <trkpt lat="22.557228" lon="113.960527">
        <ele>24.5</ele>
        <time>2023-06-18T09:34:29Z</time>
      </trkpt>
      <trkpt lat="22.557216" lon="113.960473">
        <ele>24.5</ele>
        <time>2023-06-18T09:34:30Z</time>
      </trkpt>
      <trkpt lat="22.557208" lon="113.96042">
        <ele>24.4</ele>
        <time>2023-06-18T09:34:31Z</time>
      </trkpt>
      <trkpt lat="22.557202" lon="113.960367">
        <ele>24.3</ele>
        <time>2023-06-18T09:34:32Z</time>
      </trkpt>
      <trkpt lat="22.557198" lon="113.960314">
        <ele>24.2</ele>
        <time>2023-06-18T09:34:33Z</time>
      </trkpt>
      <trkpt lat="22.55719" lon="113.960263">
        <ele>24.2</ele>
        <time>2023-06-18T09:34:34Z</time>
      </trkpt>
      <trkpt lat="22.557183" lon="113.960218">
        <ele>24.1</ele>
        <time>2023-06-18T09:34:35Z</time>
      </trkpt>
      <trkpt lat="22.557177" lon="113.960174">
        <ele>24.1</ele>
        <time>2023-06-18T09:34:36Z</time>
      </trkpt>
      <trkpt lat="22.557173" lon="113.960125">
        <ele>24</ele>
        <time>2023-06-18T09:34:37Z</time>
      </trkpt>
      <trkpt lat="22.557177" lon="113.96008">
        <ele>23.9</ele>
        <time>2023-06-18T09:34:38Z</time>
      </trkpt>
      <trkpt lat="22.557192" lon="113.960032">
        <ele>23.9</ele>
        <time>2023-06-18T09:34:39Z</time>
      </trkpt>
      <trkpt lat="22.557215" lon="113.959975">
        <ele>23.8</ele>
        <time>2023-06-18T09:34:40Z</time>
      </trkpt>
      <trkpt lat="22.557231" lon="113.959913">
        <ele>23.7</ele>
        <time>2023-06-18T09:34:41Z</time>
      </trkpt>
      <trkpt lat="22.557229" lon="113.959858">
        <ele>23.6</ele>
        <time>2023-06-18T09:34:42Z</time>
      </trkpt>
      <trkpt lat="22.557219" lon="113.959816">
        <ele>23.6</ele>
        <time>2023-06-18T09:34:43Z</time>
      </trkpt>
      <trkpt lat="22.557214" lon="113.959789">
        <ele>23.5</ele>
        <time>2023-06-18T09:34:44Z</time>
      </trkpt>
      <trkpt lat="22.557214" lon="113.959776">
        <ele>23.5</ele>
        <time>2023-06-18T09:34:45Z</time>
      </trkpt>
      <trkpt lat="22.55722" lon="113.959765">
        <ele>23.5</ele>
        <time>2023-06-18T09:34:46Z</time>
      </trkpt>
      <trkpt lat="22.557228" lon="113.959744">
        <ele>23.4</ele>
        <time>2023-06-18T09:34:47Z</time>
      </trkpt>
      <trkpt lat="22.557234" lon="113.959728">
        <ele>23.4</ele>
        <time>2023-06-18T09:34:48Z</time>
      </trkpt>
      <trkpt lat="22.557229" lon="113.959711">
        <ele>23.4</ele>
        <time>2023-06-18T09:34:49Z</time>
      </trkpt>
      <trkpt lat="22.557212" lon="113.959688">
        <ele>23.4</ele>
        <time>2023-06-18T09:34:50Z</time>
      </trkpt>
      <trkpt lat="22.557199" lon="113.959661">
        <ele>23.3</ele>
        <time>2023-06-18T09:34:51Z</time>
      </trkpt>
      <trkpt lat="22.557188" lon="113.959628">
        <ele>23.3</ele>
        <time>2023-06-18T09:34:52Z</time>
      </trkpt>
      <trkpt lat="22.557171" lon="113.9596">
        <ele>23.2</ele>
        <time>2023-06-18T09:34:53Z</time>
      </trkpt>
      <trkpt lat="22.557149" lon="113.959561">
        <ele>23.2</ele>
        <time>2023-06-18T09:34:54Z</time>
      </trkpt>
      <trkpt lat="22.557131" lon="113.959514">
        <ele>23.1</ele>
        <time>2023-06-18T09:34:55Z</time>
      </trkpt>
      <trkpt lat="22.557127" lon="113.95946">
        <ele>23</ele>
        <time>2023-06-18T09:34:56Z</time>
      </trkpt>
      <trkpt lat="22.557131" lon="113.959406">
        <ele>23</ele>
        <time>2023-06-18T09:34:57Z</time>
      </trkpt>
      <trkpt lat="22.557137" lon="113.95935">
        <ele>22.9</ele>
        <time>2023-06-18T09:34:58Z</time>
      </trkpt>
      <trkpt lat="22.557138" lon="113.959301">
        <ele>22.8</ele>
        <time>2023-06-18T09:34:59Z</time>
      </trkpt>
      <trkpt lat="22.557137" lon="113.959263">
        <ele>22.8</ele>
        <time>2023-06-18T09:35:00Z</time>
      </trkpt>
      <trkpt lat="22.557139" lon="113.959216">
        <ele>22.7</ele>
        <time>2023-06-18T09:35:01Z</time>
      </trkpt>
      <trkpt lat="22.557139" lon="113.959163">
        <ele>22.6</ele>
        <time>2023-06-18T09:35:02Z</time>
      </trkpt>
      <trkpt lat="22.557132" lon="113.959107">
        <ele>22.5</ele>
        <time>2023-06-18T09:35:03Z</time>
      </trkpt>
      <trkpt lat="22.557125" lon="113.959047">
        <ele>22.5</ele>
        <time>2023-06-18T09:35:04Z</time>
      </trkpt>
      <trkpt lat="22.557125" lon="113.958997">
        <ele>22.4</ele>
        <time>2023-06-18T09:35:05Z</time>
      </trkpt>
      <trkpt lat="22.557123" lon="113.958958">
        <ele>22.3</ele>
        <time>2023-06-18T09:35:06Z</time>
      </trkpt>
      <trkpt lat="22.557124" lon="113.958913">
        <ele>22.3</ele>
        <time>2023-06-18T09:35:07Z</time>
      </trkpt>
      <trkpt lat="22.557125" lon="113.958873">
        <ele>22.3</ele>
        <time>2023-06-18T09:35:08Z</time>
      </trkpt>
      <trkpt lat="22.557123" lon="113.95883">
        <ele>22.2</ele>
        <time>2023-06-18T09:35:09Z</time>
      </trkpt>
      <trkpt lat="22.55712" lon="113.958791">
        <ele>22.2</ele>
        <time>2023-06-18T09:35:10Z</time>
      </trkpt>
      <trkpt lat="22.557115" lon="113.958752">
        <ele>22.2</ele>
        <time>2023-06-18T09:35:11Z</time>
      </trkpt>
      <trkpt lat="22.557106" lon="113.958706">
        <ele>22.2</ele>
        <time>2023-06-18T09:35:12Z</time>
      </trkpt>
      <trkpt lat="22.557101" lon="113.958659">
        <ele>22.2</ele>
        <time>2023-06-18T09:35:13Z</time>
      </trkpt>
      <trkpt lat="22.557097" lon="113.958614">
        <ele>22.2</ele>
        <time>2023-06-18T09:35:14Z</time>
      </trkpt>
      <trkpt lat="22.557091" lon="113.958568">
        <ele>22.2</ele>
        <time>2023-06-18T09:35:15Z</time>
      </trkpt>
      <trkpt lat="22.557073" lon="113.958521">
        <ele>22.2</ele>
        <time>2023-06-18T09:35:16Z</time>
      </trkpt>
      <trkpt lat="22.557054" lon="113.958476">
        <ele>22.2</ele>
        <time>2023-06-18T09:35:17Z</time>
      </trkpt>
      <trkpt lat="22.557037" lon="113.958428">
        <ele>22.2</ele>
        <time>2023-06-18T09:35:18Z</time>
      </trkpt>
      <trkpt lat="22.557028" lon="113.958377">
        <ele>22.1</ele>
        <time>2023-06-18T09:35:19Z</time>
      </trkpt>
      <trkpt lat="22.557031" lon="113.958331">
        <ele>22.1</ele>
        <time>2023-06-18T09:35:20Z</time>
      </trkpt>
      <trkpt lat="22.557037" lon="113.95828">
        <ele>22.1</ele>
        <time>2023-06-18T09:35:21Z</time>
      </trkpt>
      <trkpt lat="22.557032" lon="113.958243">
        <ele>22.1</ele>
        <time>2023-06-18T09:35:22Z</time>
      </trkpt>
      <trkpt lat="22.557022" lon="113.958211">
        <ele>22.1</ele>
        <time>2023-06-18T09:35:23Z</time>
      </trkpt>
      <trkpt lat="22.557015" lon="113.958166">
        <ele>22.1</ele>
        <time>2023-06-18T09:35:24Z</time>
      </trkpt>
      <trkpt lat="22.557006" lon="113.958125">
        <ele>22.1</ele>
        <time>2023-06-18T09:35:25Z</time>
      </trkpt>
      <trkpt lat="22.556997" lon="113.958081">
        <ele>22.1</ele>
        <time>2023-06-18T09:35:26Z</time>
      </trkpt>
      <trkpt lat="22.55699" lon="113.958038">
        <ele>22.1</ele>
        <time>2023-06-18T09:35:27Z</time>
      </trkpt>
      <trkpt lat="22.556986" lon="113.957986">
        <ele>22.1</ele>
        <time>2023-06-18T09:35:28Z</time>
      </trkpt>
      <trkpt lat="22.556977" lon="113.95793">
        <ele>22</ele>
        <time>2023-06-18T09:35:29Z</time>
      </trkpt>
      <trkpt lat="22.556965" lon="113.957867">
        <ele>22</ele>
        <time>2023-06-18T09:35:30Z</time>
      </trkpt>
      <trkpt lat="22.55696" lon="113.957821">
        <ele>22</ele>
        <time>2023-06-18T09:35:31Z</time>
      </trkpt>
      <trkpt lat="22.556957" lon="113.957777">
        <ele>22</ele>
        <time>2023-06-18T09:35:32Z</time>
      </trkpt>
      <trkpt lat="22.556957" lon="113.957739">
        <ele>22</ele>
        <time>2023-06-18T09:35:33Z</time>
      </trkpt>
      <trkpt lat="22.556955" lon="113.957699">
        <ele>22</ele>
        <time>2023-06-18T09:35:34Z</time>
      </trkpt>
      <trkpt lat="22.556946" lon="113.957655">
        <ele>22</ele>
        <time>2023-06-18T09:35:35Z</time>
      </trkpt>
      <trkpt lat="22.556937" lon="113.957617">
        <ele>22</ele>
        <time>2023-06-18T09:35:36Z</time>
      </trkpt>
      <trkpt lat="22.556924" lon="113.957581">
        <ele>22</ele>
        <time>2023-06-18T09:35:37Z</time>
      </trkpt>
      <trkpt lat="22.556915" lon="113.957551">
        <ele>22</ele>
        <time>2023-06-18T09:35:38Z</time>
      </trkpt>
      <trkpt lat="22.556905" lon="113.957521">
        <ele>21.9</ele>
        <time>2023-06-18T09:35:39Z</time>
      </trkpt>
      <trkpt lat="22.556891" lon="113.957488">
        <ele>21.9</ele>
        <time>2023-06-18T09:35:40Z</time>
      </trkpt>
      <trkpt lat="22.556878" lon="113.957451">
        <ele>21.9</ele>
        <time>2023-06-18T09:35:41Z</time>
      </trkpt>
      <trkpt lat="22.556871" lon="113.957421">
        <ele>21.9</ele>
        <time>2023-06-18T09:35:42Z</time>
      </trkpt>
      <trkpt lat="22.556878" lon="113.957392">
        <ele>21.9</ele>
        <time>2023-06-18T09:35:43Z</time>
      </trkpt>
      <trkpt lat="22.556888" lon="113.957371">
        <ele>21.9</ele>
        <time>2023-06-18T09:35:44Z</time>
      </trkpt>
      <trkpt lat="22.556893" lon="113.957354">
        <ele>21.9</ele>
        <time>2023-06-18T09:35:45Z</time>
      </trkpt>
      <trkpt lat="22.556893" lon="113.957329">
        <ele>21.9</ele>
        <time>2023-06-18T09:35:46Z</time>
      </trkpt>
      <trkpt lat="22.55689" lon="113.957297">
        <ele>21.9</ele>
        <time>2023-06-18T09:35:47Z</time>
      </trkpt>
      <trkpt lat="22.556887" lon="113.957261">
        <ele>21.9</ele>
        <time>2023-06-18T09:35:48Z</time>
      </trkpt>
      <trkpt lat="22.556886" lon="113.957228">
        <ele>21.9</ele>
        <time>2023-06-18T09:35:49Z</time>
      </trkpt>
      <trkpt lat="22.556883" lon="113.95719">
        <ele>21.9</ele>
        <time>2023-06-18T09:35:50Z</time>
      </trkpt>
      <trkpt lat="22.556877" lon="113.95715">
        <ele>21.9</ele>
        <time>2023-06-18T09:35:51Z</time>
      </trkpt>
      <trkpt lat="22.556868" lon="113.957106">
        <ele>21.8</ele>
        <time>2023-06-18T09:35:52Z</time>
      </trkpt>
      <trkpt lat="22.556864" lon="113.957066">
        <ele>21.8</ele>
        <time>2023-06-18T09:35:53Z</time>
      </trkpt>
      <trkpt lat="22.556867" lon="113.957018">
        <ele>21.8</ele>
        <time>2023-06-18T09:35:54Z</time>
      </trkpt>
      <trkpt lat="22.556869" lon="113.956975">
        <ele>21.8</ele>
        <time>2023-06-18T09:35:55Z</time>
      </trkpt>
      <trkpt lat="22.556866" lon="113.956929">
        <ele>21.8</ele>
        <time>2023-06-18T09:35:56Z</time>
      </trkpt>
      <trkpt lat="22.556861" lon="113.956883">
        <ele>21.9</ele>
        <time>2023-06-18T09:35:57Z</time>
      </trkpt>
      <trkpt lat="22.556856" lon="113.956836">
        <ele>21.9</ele>
        <time>2023-06-18T09:35:58Z</time>
      </trkpt>
      <trkpt lat="22.556854" lon="113.956785">
        <ele>21.9</ele>
        <time>2023-06-18T09:35:59Z</time>
      </trkpt>
      <trkpt lat="22.556853" lon="113.956747">
        <ele>21.9</ele>
        <time>2023-06-18T09:36:00Z</time>
      </trkpt>
      <trkpt lat="22.55685" lon="113.956709">
        <ele>21.9</ele>
        <time>2023-06-18T09:36:01Z</time>
      </trkpt>
      <trkpt lat="22.55685" lon="113.956669">
        <ele>21.9</ele>
        <time>2023-06-18T09:36:02Z</time>
      </trkpt>
      <trkpt lat="22.55685" lon="113.956627">
        <ele>21.9</ele>
        <time>2023-06-18T09:36:03Z</time>
      </trkpt>
      <trkpt lat="22.556848" lon="113.956595">
        <ele>21.9</ele>
        <time>2023-06-18T09:36:04Z</time>
      </trkpt>
      <trkpt lat="22.556846" lon="113.956557">
        <ele>21.9</ele>
        <time>2023-06-18T09:36:05Z</time>
      </trkpt>
      <trkpt lat="22.556845" lon="113.956515">
        <ele>22</ele>
        <time>2023-06-18T09:36:06Z</time>
      </trkpt>
      <trkpt lat="22.556847" lon="113.956463">
        <ele>22</ele>
        <time>2023-06-18T09:36:07Z</time>
      </trkpt>
      <trkpt lat="22.556848" lon="113.956418">
        <ele>22</ele>
        <time>2023-06-18T09:36:08Z</time>
      </trkpt>
      <trkpt lat="22.556846" lon="113.956371">
        <ele>22</ele>
        <time>2023-06-18T09:36:09Z</time>
      </trkpt>
      <trkpt lat="22.556842" lon="113.956317">
        <ele>22</ele>
        <time>2023-06-18T09:36:10Z</time>
      </trkpt>
      <trkpt lat="22.556838" lon="113.956263">
        <ele>22</ele>
        <time>2023-06-18T09:36:11Z</time>
      </trkpt>
      <trkpt lat="22.556835" lon="113.956211">
        <ele>22</ele>
        <time>2023-06-18T09:36:12Z</time>
      </trkpt>
      <trkpt lat="22.556834" lon="113.956168">
        <ele>22</ele>
        <time>2023-06-18T09:36:13Z</time>
      </trkpt>
      <trkpt lat="22.556838" lon="113.956129">
        <ele>22.1</ele>
        <time>2023-06-18T09:36:14Z</time>
      </trkpt>
      <trkpt lat="22.556841" lon="113.956091">
        <ele>22.1</ele>
        <time>2023-06-18T09:36:15Z</time>
      </trkpt>
      <trkpt lat="22.556841" lon="113.956053">
        <ele>22.1</ele>
        <time>2023-06-18T09:36:16Z</time>
      </trkpt>
      <trkpt lat="22.556841" lon="113.956013">
        <ele>22.1</ele>
        <time>2023-06-18T09:36:17Z</time>
      </trkpt>
      <trkpt lat="22.556839" lon="113.95597">
        <ele>22.1</ele>
        <time>2023-06-18T09:36:18Z</time>
      </trkpt>
      <trkpt lat="22.556831" lon="113.955931">
        <ele>22.1</ele>
        <time>2023-06-18T09:36:19Z</time>
      </trkpt>
      <trkpt lat="22.556824" lon="113.95589">
        <ele>22.1</ele>
        <time>2023-06-18T09:36:20Z</time>
      </trkpt>
      <trkpt lat="22.556818" lon="113.955844">
        <ele>22.1</ele>
        <time>2023-06-18T09:36:21Z</time>
      </trkpt>
      <trkpt lat="22.556811" lon="113.955792">
        <ele>22.1</ele>
        <time>2023-06-18T09:36:22Z</time>
      </trkpt>
      <trkpt lat="22.556808" lon="113.955747">
        <ele>22.2</ele>
        <time>2023-06-18T09:36:23Z</time>
      </trkpt>
      <trkpt lat="22.556804" lon="113.955702">
        <ele>22.2</ele>
        <time>2023-06-18T09:36:24Z</time>
      </trkpt>
      <trkpt lat="22.556801" lon="113.955661">
        <ele>22.2</ele>
        <time>2023-06-18T09:36:25Z</time>
      </trkpt>
      <trkpt lat="22.5568" lon="113.955609">
        <ele>22.2</ele>
        <time>2023-06-18T09:36:26Z</time>
      </trkpt>
      <trkpt lat="22.556798" lon="113.955567">
        <ele>22.2</ele>
        <time>2023-06-18T09:36:27Z</time>
      </trkpt>
      <trkpt lat="22.556795" lon="113.955535">
        <ele>22.2</ele>
        <time>2023-06-18T09:36:28Z</time>
      </trkpt>
      <trkpt lat="22.556796" lon="113.955498">
        <ele>22.2</ele>
        <time>2023-06-18T09:36:29Z</time>
      </trkpt>
      <trkpt lat="22.556799" lon="113.955464">
        <ele>22.2</ele>
        <time>2023-06-18T09:36:30Z</time>
      </trkpt>
      <trkpt lat="22.556803" lon="113.95542">
        <ele>22.3</ele>
        <time>2023-06-18T09:36:31Z</time>
      </trkpt>
      <trkpt lat="22.55681" lon="113.955379">
        <ele>22.3</ele>
        <time>2023-06-18T09:36:32Z</time>
      </trkpt>
      <trkpt lat="22.556809" lon="113.955333">
        <ele>22.3</ele>
        <time>2023-06-18T09:36:33Z</time>
      </trkpt>
      <trkpt lat="22.556806" lon="113.955288">
        <ele>22.3</ele>
        <time>2023-06-18T09:36:34Z</time>
      </trkpt>
      <trkpt lat="22.556802" lon="113.955246">
        <ele>22.3</ele>
        <time>2023-06-18T09:36:35Z</time>
      </trkpt>
      <trkpt lat="22.5568" lon="113.955212">
        <ele>22.3</ele>
        <time>2023-06-18T09:36:36Z</time>
      </trkpt>
      <trkpt lat="22.556796" lon="113.955168">
        <ele>22.3</ele>
        <time>2023-06-18T09:36:37Z</time>
      </trkpt>
      <trkpt lat="22.556795" lon="113.955127">
        <ele>22.3</ele>
        <time>2023-06-18T09:36:38Z</time>
      </trkpt>
      <trkpt lat="22.556802" lon="113.955074">
        <ele>22.3</ele>
        <time>2023-06-18T09:36:39Z</time>
      </trkpt>
      <trkpt lat="22.556818" lon="113.955022">
        <ele>22.3</ele>
        <time>2023-06-18T09:36:40Z</time>
      </trkpt>
      <trkpt lat="22.556841" lon="113.954976">
        <ele>22.3</ele>
        <time>2023-06-18T09:36:41Z</time>
      </trkpt>
      <trkpt lat="22.556867" lon="113.95493">
        <ele>22.2</ele>
        <time>2023-06-18T09:36:42Z</time>
      </trkpt>
      <trkpt lat="22.556893" lon="113.954886">
        <ele>22.1</ele>
        <time>2023-06-18T09:36:43Z</time>
      </trkpt>
      <trkpt lat="22.556924" lon="113.954848">
        <ele>22.1</ele>
        <time>2023-06-18T09:36:44Z</time>
      </trkpt>
      <trkpt lat="22.556956" lon="113.954813">
        <ele>22</ele>
        <time>2023-06-18T09:36:45Z</time>
      </trkpt>
      <trkpt lat="22.556985" lon="113.954789">
        <ele>22</ele>
        <time>2023-06-18T09:36:46Z</time>
      </trkpt>
      <trkpt lat="22.55701" lon="113.95476">
        <ele>21.9</ele>
        <time>2023-06-18T09:36:47Z</time>
      </trkpt>
      <trkpt lat="22.557029" lon="113.954737">
        <ele>21.9</ele>
        <time>2023-06-18T09:36:48Z</time>
      </trkpt>
      <trkpt lat="22.557048" lon="113.954712">
        <ele>21.9</ele>
        <time>2023-06-18T09:36:49Z</time>
      </trkpt>
      <trkpt lat="22.557068" lon="113.954684">
        <ele>21.8</ele>
        <time>2023-06-18T09:36:50Z</time>
      </trkpt>
      <trkpt lat="22.557088" lon="113.954659">
        <ele>21.8</ele>
        <time>2023-06-18T09:36:51Z</time>
      </trkpt>
      <trkpt lat="22.557111" lon="113.954627">
        <ele>21.8</ele>
        <time>2023-06-18T09:36:52Z</time>
      </trkpt>
      <trkpt lat="22.557135" lon="113.95459">
        <ele>21.7</ele>
        <time>2023-06-18T09:36:53Z</time>
      </trkpt>
      <trkpt lat="22.557163" lon="113.954559">
        <ele>21.7</ele>
        <time>2023-06-18T09:36:54Z</time>
      </trkpt>
      <trkpt lat="22.557192" lon="113.954529">
        <ele>21.6</ele>
        <time>2023-06-18T09:36:55Z</time>
      </trkpt>
      <trkpt lat="22.557224" lon="113.954497">
        <ele>21.6</ele>
        <time>2023-06-18T09:36:56Z</time>
      </trkpt>
      <trkpt lat="22.557253" lon="113.954461">
        <ele>21.5</ele>
        <time>2023-06-18T09:36:57Z</time>
      </trkpt>
      <trkpt lat="22.557284" lon="113.95443">
        <ele>21.5</ele>
        <time>2023-06-18T09:36:58Z</time>
      </trkpt>
      <trkpt lat="22.557312" lon="113.954398">
        <ele>21.4</ele>
        <time>2023-06-18T09:36:59Z</time>
      </trkpt>
      <trkpt lat="22.557336" lon="113.954357">
        <ele>21.4</ele>
        <time>2023-06-18T09:37:00Z</time>
      </trkpt>
      <trkpt lat="22.557354" lon="113.954314">
        <ele>21.3</ele>
        <time>2023-06-18T09:37:01Z</time>
      </trkpt>
      <trkpt lat="22.55737" lon="113.954274">
        <ele>21.3</ele>
        <time>2023-06-18T09:37:02Z</time>
      </trkpt>
      <trkpt lat="22.557382" lon="113.954227">
        <ele>21.2</ele>
        <time>2023-06-18T09:37:03Z</time>
      </trkpt>
      <trkpt lat="22.55739" lon="113.954175">
        <ele>21.1</ele>
        <time>2023-06-18T09:37:04Z</time>
      </trkpt>
      <trkpt lat="22.557394" lon="113.954129">
        <ele>21.1</ele>
        <time>2023-06-18T09:37:05Z</time>
      </trkpt>
      <trkpt lat="22.557391" lon="113.954083">
        <ele>21</ele>
        <time>2023-06-18T09:37:06Z</time>
      </trkpt>
      <trkpt lat="22.557388" lon="113.954034">
        <ele>21</ele>
        <time>2023-06-18T09:37:07Z</time>
      </trkpt>
      <trkpt lat="22.557387" lon="113.953976">
        <ele>20.9</ele>
        <time>2023-06-18T09:37:08Z</time>
      </trkpt>
      <trkpt lat="22.557391" lon="113.953931">
        <ele>20.9</ele>
        <time>2023-06-18T09:37:09Z</time>
      </trkpt>
      <trkpt lat="22.557393" lon="113.953885">
        <ele>20.8</ele>
        <time>2023-06-18T09:37:10Z</time>
      </trkpt>
      <trkpt lat="22.557394" lon="113.953841">
        <ele>20.8</ele>
        <time>2023-06-18T09:37:11Z</time>
      </trkpt>
      <trkpt lat="22.557394" lon="113.953801">
        <ele>20.7</ele>
        <time>2023-06-18T09:37:12Z</time>
      </trkpt>
      <trkpt lat="22.557396" lon="113.953753">
        <ele>20.7</ele>
        <time>2023-06-18T09:37:13Z</time>
      </trkpt>
      <trkpt lat="22.557393" lon="113.9537">
        <ele>20.6</ele>
        <time>2023-06-18T09:37:14Z</time>
      </trkpt>
      <trkpt lat="22.55739" lon="113.953647">
        <ele>20.6</ele>
        <time>2023-06-18T09:37:15Z</time>
      </trkpt>
      <trkpt lat="22.557387" lon="113.953591">
        <ele>20.5</ele>
        <time>2023-06-18T09:37:16Z</time>
      </trkpt>
      <trkpt lat="22.557385" lon="113.953532">
        <ele>20.4</ele>
        <time>2023-06-18T09:37:17Z</time>
      </trkpt>
      <trkpt lat="22.557387" lon="113.953477">
        <ele>20.4</ele>
        <time>2023-06-18T09:37:18Z</time>
      </trkpt>
      <trkpt lat="22.55739" lon="113.953415">
        <ele>20.3</ele>
        <time>2023-06-18T09:37:19Z</time>
      </trkpt>
      <trkpt lat="22.557399" lon="113.953352">
        <ele>20.2</ele>
        <time>2023-06-18T09:37:20Z</time>
      </trkpt>
      <trkpt lat="22.557415" lon="113.953284">
        <ele>20.1</ele>
        <time>2023-06-18T09:37:21Z</time>
      </trkpt>
      <trkpt lat="22.557441" lon="113.953219">
        <ele>19.9</ele>
        <time>2023-06-18T09:37:22Z</time>
      </trkpt>
      <trkpt lat="22.557475" lon="113.953165">
        <ele>19.7</ele>
        <time>2023-06-18T09:37:23Z</time>
      </trkpt>
      <trkpt lat="22.557519" lon="113.953114">
        <ele>19.5</ele>
        <time>2023-06-18T09:37:24Z</time>
      </trkpt>
      <trkpt lat="22.557569" lon="113.95307">
        <ele>19.3</ele>
        <time>2023-06-18T09:37:25Z</time>
      </trkpt>
      <trkpt lat="22.557623" lon="113.953038">
        <ele>19.2</ele>
        <time>2023-06-18T09:37:26Z</time>
      </trkpt>
      <trkpt lat="22.557682" lon="113.953026">
        <ele>19</ele>
        <time>2023-06-18T09:37:27Z</time>
      </trkpt>
      <trkpt lat="22.557738" lon="113.953029">
        <ele>18.8</ele>
        <time>2023-06-18T09:37:28Z</time>
      </trkpt>
      <trkpt lat="22.557789" lon="113.953041">
        <ele>18.7</ele>
        <time>2023-06-18T09:37:29Z</time>
      </trkpt>
      <trkpt lat="22.557837" lon="113.953039">
        <ele>18.5</ele>
        <time>2023-06-18T09:37:30Z</time>
      </trkpt>
      <trkpt lat="22.557885" lon="113.953035">
        <ele>18.4</ele>
        <time>2023-06-18T09:37:31Z</time>
      </trkpt>
      <trkpt lat="22.557933" lon="113.953041">
        <ele>18.3</ele>
        <time>2023-06-18T09:37:32Z</time>
      </trkpt>
      <trkpt lat="22.557985" lon="113.953043">
        <ele>18.1</ele>
        <time>2023-06-18T09:37:33Z</time>
      </trkpt>
      <trkpt lat="22.558031" lon="113.953049">
        <ele>18</ele>
        <time>2023-06-18T09:37:34Z</time>
      </trkpt>
      <trkpt lat="22.558069" lon="113.953049">
        <ele>17.9</ele>
        <time>2023-06-18T09:37:35Z</time>
      </trkpt>
      <trkpt lat="22.558102" lon="113.953049">
        <ele>17.8</ele>
        <time>2023-06-18T09:37:36Z</time>
      </trkpt>
      <trkpt lat="22.558121" lon="113.953053">
        <ele>17.7</ele>
        <time>2023-06-18T09:37:37Z</time>
      </trkpt>
      <trkpt lat="22.558131" lon="113.95307">
        <ele>17.6</ele>
        <time>2023-06-18T09:37:38Z</time>
      </trkpt>
      <trkpt lat="22.558123" lon="113.953087">
        <ele>17.6</ele>
        <time>2023-06-18T09:37:39Z</time>
      </trkpt>
      <trkpt lat="22.558106" lon="113.953091">
        <ele>17.5</ele>
        <time>2023-06-18T09:37:40Z</time>
      </trkpt>
      <trkpt lat="22.558086" lon="113.953102">
        <ele>17.5</ele>
        <time>2023-06-18T09:37:41Z</time>
      </trkpt>
      <trkpt lat="22.558067" lon="113.953102">
        <ele>17.4</ele>
        <time>2023-06-18T09:37:42Z</time>
      </trkpt>
      <trkpt lat="22.558034" lon="113.9531">
        <ele>17.3</ele>
        <time>2023-06-18T09:37:43Z</time>
      </trkpt>
      <trkpt lat="22.557992" lon="113.953094">
        <ele>17.2</ele>
        <time>2023-06-18T09:37:44Z</time>
      </trkpt>
      <trkpt lat="22.557931" lon="113.953093">
        <ele>17</ele>
        <time>2023-06-18T09:37:45Z</time>
      </trkpt>
      <trkpt lat="22.557861" lon="113.953085">
        <ele>16.8</ele>
        <time>2023-06-18T09:37:46Z</time>
      </trkpt>
      <trkpt lat="22.55779" lon="113.953079">
        <ele>16.6</ele>
        <time>2023-06-18T09:37:47Z</time>
      </trkpt>
      <trkpt lat="22.557728" lon="113.953081">
        <ele>16.4</ele>
        <time>2023-06-18T09:37:48Z</time>
      </trkpt>
      <trkpt lat="22.557681" lon="113.953092">
        <ele>16.3</ele>
        <time>2023-06-18T09:37:49Z</time>
      </trkpt>
      <trkpt lat="22.557635" lon="113.953118">
        <ele>16.2</ele>
        <time>2023-06-18T09:37:50Z</time>
      </trkpt>
      <trkpt lat="22.557589" lon="113.953155">
        <ele>16</ele>
        <time>2023-06-18T09:37:51Z</time>
      </trkpt>
      <trkpt lat="22.557543" lon="113.953184">
        <ele>15.8</ele>
        <time>2023-06-18T09:37:52Z</time>
      </trkpt>
      <trkpt lat="22.557491" lon="113.953203">
        <ele>15.7</ele>
        <time>2023-06-18T09:37:53Z</time>
      </trkpt>
      <trkpt lat="22.557432" lon="113.953207">
        <ele>15.5</ele>
        <time>2023-06-18T09:37:54Z</time>
      </trkpt>
      <trkpt lat="22.557369" lon="113.9532">
        <ele>15.3</ele>
        <time>2023-06-18T09:37:55Z</time>
      </trkpt>
      <trkpt lat="22.557312" lon="113.953194">
        <ele>15.1</ele>
        <time>2023-06-18T09:37:56Z</time>
      </trkpt>
      <trkpt lat="22.557279" lon="113.953194">
        <ele>15.1</ele>
        <time>2023-06-18T09:37:57Z</time>
      </trkpt>
      <trkpt lat="22.557241" lon="113.953194">
        <ele>15</ele>
        <time>2023-06-18T09:37:58Z</time>
      </trkpt>
      <trkpt lat="22.557194" lon="113.953194">
        <ele>15</ele>
        <time>2023-06-18T09:37:59Z</time>
      </trkpt>
      <trkpt lat="22.557154" lon="113.953194">
        <ele>14.9</ele>
        <time>2023-06-18T09:38:00Z</time>
      </trkpt>
      <trkpt lat="22.557107" lon="113.953195">
        <ele>14.9</ele>
        <time>2023-06-18T09:38:01Z</time>
      </trkpt>
      <trkpt lat="22.557048" lon="113.953199">
        <ele>14.9</ele>
        <time>2023-06-18T09:38:02Z</time>
      </trkpt>
      <trkpt lat="22.556991" lon="113.953192">
        <ele>14.8</ele>
        <time>2023-06-18T09:38:03Z</time>
      </trkpt>
      <trkpt lat="22.556936" lon="113.953188">
        <ele>14.8</ele>
        <time>2023-06-18T09:38:04Z</time>
      </trkpt>
      <trkpt lat="22.5569" lon="113.953194">
        <ele>14.8</ele>
        <time>2023-06-18T09:38:05Z</time>
      </trkpt>
      <trkpt lat="22.556856" lon="113.953195">
        <ele>14.7</ele>
        <time>2023-06-18T09:38:06Z</time>
      </trkpt>
      <trkpt lat="22.556813" lon="113.953201">
        <ele>14.7</ele>
        <time>2023-06-18T09:38:07Z</time>
      </trkpt>
      <trkpt lat="22.556772" lon="113.953201">
        <ele>14.7</ele>
        <time>2023-06-18T09:38:08Z</time>
      </trkpt>
      <trkpt lat="22.556732" lon="113.953201">
        <ele>14.7</ele>
        <time>2023-06-18T09:38:09Z</time>
      </trkpt>
      <trkpt lat="22.556697" lon="113.953203">
        <ele>14.6</ele>
        <time>2023-06-18T09:38:10Z</time>
      </trkpt>
      <trkpt lat="22.556668" lon="113.953209">
        <ele>14.6</ele>
        <time>2023-06-18T09:38:11Z</time>
      </trkpt>
      <trkpt lat="22.556641" lon="113.953207">
        <ele>14.6</ele>
        <time>2023-06-18T09:38:12Z</time>
      </trkpt>
      <trkpt lat="22.556624" lon="113.9532">
        <ele>14.6</ele>
        <time>2023-06-18T09:38:13Z</time>
      </trkpt>
      <trkpt lat="22.556604" lon="113.953195">
        <ele>14.6</ele>
        <time>2023-06-18T09:38:14Z</time>
      </trkpt>
      <trkpt lat="22.556581" lon="113.953203">
        <ele>14.6</ele>
        <time>2023-06-18T09:38:15Z</time>
      </trkpt>
      <trkpt lat="22.556554" lon="113.95321">
        <ele>14.6</ele>
        <time>2023-06-18T09:38:16Z</time>
      </trkpt>
      <trkpt lat="22.556512" lon="113.953214">
        <ele>14.5</ele>
        <time>2023-06-18T09:38:17Z</time>
      </trkpt>
      <trkpt lat="22.556474" lon="113.953217">
        <ele>14.5</ele>
        <time>2023-06-18T09:38:18Z</time>
      </trkpt>
      <trkpt lat="22.556451" lon="113.953218">
        <ele>14.5</ele>
        <time>2023-06-18T09:38:19Z</time>
      </trkpt>
      <trkpt lat="22.556415" lon="113.953228">
        <ele>14.5</ele>
        <time>2023-06-18T09:38:20Z</time>
      </trkpt>
      <trkpt lat="22.556353" lon="113.953242">
        <ele>14.4</ele>
        <time>2023-06-18T09:38:21Z</time>
      </trkpt>
      <trkpt lat="22.556295" lon="113.953259">
        <ele>14.4</ele>
        <time>2023-06-18T09:38:22Z</time>
      </trkpt>
      <trkpt lat="22.556188" lon="113.953276">
        <ele>14.3</ele>
        <time>2023-06-18T09:38:23Z</time>
      </trkpt>
      <trkpt lat="22.556097" lon="113.95327">
        <ele>14.3</ele>
        <time>2023-06-18T09:38:24Z</time>
      </trkpt>
      <trkpt lat="22.556026" lon="113.953269">
        <ele>14.2</ele>
        <time>2023-06-18T09:38:25Z</time>
      </trkpt>
      <trkpt lat="22.55597" lon="113.953262">
        <ele>14.2</ele>
        <time>2023-06-18T09:38:26Z</time>
      </trkpt>
      <trkpt lat="22.555934" lon="113.953261">
        <ele>14.2</ele>
        <time>2023-06-18T09:38:27Z</time>
      </trkpt>
      <trkpt lat="22.55593" lon="113.953255">
        <ele>14.2</ele>
        <time>2023-06-18T09:38:28Z</time>
      </trkpt>
      <trkpt lat="22.555923" lon="113.953255">
        <ele>14.2</ele>
        <time>2023-06-18T09:38:29Z</time>
      </trkpt>
      <trkpt lat="22.555896" lon="113.953255">
        <ele>14.1</ele>
        <time>2023-06-18T09:38:30Z</time>
      </trkpt>
      <trkpt lat="22.555861" lon="113.953255">
        <ele>14.1</ele>
        <time>2023-06-18T09:38:31Z</time>
      </trkpt>
      <trkpt lat="22.555825" lon="113.953255">
        <ele>14.1</ele>
        <time>2023-06-18T09:38:32Z</time>
      </trkpt>
      <trkpt lat="22.555791" lon="113.953255">
        <ele>14.1</ele>
        <time>2023-06-18T09:38:33Z</time>
      </trkpt>
      <trkpt lat="22.555752" lon="113.953255">
        <ele>14.1</ele>
        <time>2023-06-18T09:38:34Z</time>
      </trkpt>
      <trkpt lat="22.55571" lon="113.953255">
        <ele>14</ele>
        <time>2023-06-18T09:38:35Z</time>
      </trkpt>
      <trkpt lat="22.55567" lon="113.953255">
        <ele>14</ele>
        <time>2023-06-18T09:38:36Z</time>
      </trkpt>
      <trkpt lat="22.555628" lon="113.953255">
        <ele>14</ele>
        <time>2023-06-18T09:38:37Z</time>
      </trkpt>
      <trkpt lat="22.555588" lon="113.953255">
        <ele>14</ele>
        <time>2023-06-18T09:38:38Z</time>
      </trkpt>
      <trkpt lat="22.555551" lon="113.953255">
        <ele>13.9</ele>
        <time>2023-06-18T09:38:39Z</time>
      </trkpt>
      <trkpt lat="22.555518" lon="113.953254">
        <ele>13.9</ele>
        <time>2023-06-18T09:38:40Z</time>
      </trkpt>
      <trkpt lat="22.555485" lon="113.953247">
        <ele>13.9</ele>
        <time>2023-06-18T09:38:41Z</time>
      </trkpt>
      <trkpt lat="22.555448" lon="113.953246">
        <ele>13.9</ele>
        <time>2023-06-18T09:38:42Z</time>
      </trkpt>
      <trkpt lat="22.555407" lon="113.953239">
        <ele>13.9</ele>
        <time>2023-06-18T09:38:43Z</time>
      </trkpt>
      <trkpt lat="22.555358" lon="113.953239">
        <ele>13.9</ele>
        <time>2023-06-18T09:38:44Z</time>
      </trkpt>
      <trkpt lat="22.555313" lon="113.953241">
        <ele>13.9</ele>
        <time>2023-06-18T09:38:45Z</time>
      </trkpt>
      <trkpt lat="22.555268" lon="113.953247">
        <ele>13.9</ele>
        <time>2023-06-18T09:38:46Z</time>
      </trkpt>
      <trkpt lat="22.555229" lon="113.953249">
        <ele>13.9</ele>
        <time>2023-06-18T09:38:47Z</time>
      </trkpt>
      <trkpt lat="22.555187" lon="113.953256">
        <ele>13.9</ele>
        <time>2023-06-18T09:38:48Z</time>
      </trkpt>
      <trkpt lat="22.555147" lon="113.953264">
        <ele>13.9</ele>
        <time>2023-06-18T09:38:49Z</time>
      </trkpt>
      <trkpt lat="22.555105" lon="113.95327">
        <ele>13.9</ele>
        <time>2023-06-18T09:38:50Z</time>
      </trkpt>
      <trkpt lat="22.555073" lon="113.953273">
        <ele>13.9</ele>
        <time>2023-06-18T09:38:51Z</time>
      </trkpt>
      <trkpt lat="22.555039" lon="113.953289">
        <ele>13.9</ele>
        <time>2023-06-18T09:38:52Z</time>
      </trkpt>
      <trkpt lat="22.555" lon="113.953314">
        <ele>13.9</ele>
        <time>2023-06-18T09:38:53Z</time>
      </trkpt>
      <trkpt lat="22.554954" lon="113.95334">
        <ele>13.9</ele>
        <time>2023-06-18T09:38:54Z</time>
      </trkpt>
      <trkpt lat="22.554902" lon="113.953351">
        <ele>13.9</ele>
        <time>2023-06-18T09:38:55Z</time>
      </trkpt>
      <trkpt lat="22.554863" lon="113.953372">
        <ele>13.9</ele>
        <time>2023-06-18T09:38:56Z</time>
      </trkpt>
      <trkpt lat="22.554824" lon="113.953386">
        <ele>13.9</ele>
        <time>2023-06-18T09:38:57Z</time>
      </trkpt>
      <trkpt lat="22.554785" lon="113.953395">
        <ele>13.9</ele>
        <time>2023-06-18T09:38:58Z</time>
      </trkpt>
      <trkpt lat="22.554755" lon="113.95341">
        <ele>13.9</ele>
        <time>2023-06-18T09:38:59Z</time>
      </trkpt>
      <trkpt lat="22.554725" lon="113.953424">
        <ele>13.8</ele>
        <time>2023-06-18T09:39:00Z</time>
      </trkpt>
      <trkpt lat="22.554696" lon="113.953433">
        <ele>13.8</ele>
        <time>2023-06-18T09:39:01Z</time>
      </trkpt>
      <trkpt lat="22.554669" lon="113.953447">
        <ele>13.8</ele>
        <time>2023-06-18T09:39:02Z</time>
      </trkpt>
      <trkpt lat="22.554643" lon="113.953454">
        <ele>13.8</ele>
        <time>2023-06-18T09:39:03Z</time>
      </trkpt>
      <trkpt lat="22.554621" lon="113.953462">
        <ele>13.8</ele>
        <time>2023-06-18T09:39:04Z</time>
      </trkpt>
      <trkpt lat="22.554603" lon="113.95347">
        <ele>13.8</ele>
        <time>2023-06-18T09:39:05Z</time>
      </trkpt>
      <trkpt lat="22.554589" lon="113.953477">
        <ele>13.8</ele>
        <time>2023-06-18T09:39:06Z</time>
      </trkpt>
      <trkpt lat="22.554575" lon="113.953485">
        <ele>13.8</ele>
        <time>2023-06-18T09:39:07Z</time>
      </trkpt>
      <trkpt lat="22.554564" lon="113.953493">
        <ele>13.8</ele>
        <time>2023-06-18T09:39:08Z</time>
      </trkpt>
      <trkpt lat="22.554553" lon="113.9535">
        <ele>13.8</ele>
        <time>2023-06-18T09:39:09Z</time>
      </trkpt>
      <trkpt lat="22.554544" lon="113.953509">
        <ele>13.8</ele>
        <time>2023-06-18T09:39:10Z</time>
      </trkpt>
      <trkpt lat="22.554529" lon="113.953523">
        <ele>13.8</ele>
        <time>2023-06-18T09:39:11Z</time>
      </trkpt>
      <trkpt lat="22.55451" lon="113.953529">
        <ele>13.8</ele>
        <time>2023-06-18T09:39:12Z</time>
      </trkpt>
      <trkpt lat="22.554487" lon="113.953532">
        <ele>13.8</ele>
        <time>2023-06-18T09:39:13Z</time>
      </trkpt>
      <trkpt lat="22.554462" lon="113.953547">
        <ele>13.8</ele>
        <time>2023-06-18T09:39:14Z</time>
      </trkpt>
      <trkpt lat="22.554435" lon="113.953566">
        <ele>13.8</ele>
        <time>2023-06-18T09:39:15Z</time>
      </trkpt>
      <trkpt lat="22.554411" lon="113.953585">
        <ele>13.8</ele>
        <time>2023-06-18T09:39:16Z</time>
      </trkpt>
      <trkpt lat="22.55439" lon="113.953592">
        <ele>13.8</ele>
        <time>2023-06-18T09:39:17Z</time>
      </trkpt>
      <trkpt lat="22.554366" lon="113.953598">
        <ele>13.8</ele>
        <time>2023-06-18T09:39:18Z</time>
      </trkpt>
      <trkpt lat="22.554344" lon="113.9536">
        <ele>13.8</ele>
        <time>2023-06-18T09:39:19Z</time>
      </trkpt>
      <trkpt lat="22.554327" lon="113.953609">
        <ele>13.8</ele>
        <time>2023-06-18T09:39:20Z</time>
      </trkpt>
      <trkpt lat="22.554313" lon="113.953623">
        <ele>13.8</ele>
        <time>2023-06-18T09:39:21Z</time>
      </trkpt>
      <trkpt lat="22.5543" lon="113.953632">
        <ele>13.8</ele>
        <time>2023-06-18T09:39:22Z</time>
      </trkpt>
      <trkpt lat="22.554281" lon="113.953646">
        <ele>13.8</ele>
        <time>2023-06-18T09:39:23Z</time>
      </trkpt>
      <trkpt lat="22.554264" lon="113.953655">
        <ele>13.8</ele>
        <time>2023-06-18T09:39:24Z</time>
      </trkpt>
      <trkpt lat="22.554243" lon="113.953672">
        <ele>13.8</ele>
        <time>2023-06-18T09:39:25Z</time>
      </trkpt>
      <trkpt lat="22.554212" lon="113.953693">
        <ele>13.8</ele>
        <time>2023-06-18T09:39:26Z</time>
      </trkpt>
      <trkpt lat="22.554176" lon="113.953708">
        <ele>13.8</ele>
        <time>2023-06-18T09:39:27Z</time>
      </trkpt>
      <trkpt lat="22.554133" lon="113.953722">
        <ele>13.8</ele>
        <time>2023-06-18T09:39:28Z</time>
      </trkpt>
      <trkpt lat="22.554089" lon="113.953733">
        <ele>13.8</ele>
        <time>2023-06-18T09:39:29Z</time>
      </trkpt>
      <trkpt lat="22.55405" lon="113.953756">
        <ele>13.8</ele>
        <time>2023-06-18T09:39:30Z</time>
      </trkpt>
      <trkpt lat="22.554019" lon="113.953779">
        <ele>13.8</ele>
        <time>2023-06-18T09:39:31Z</time>
      </trkpt>
      <trkpt lat="22.553988" lon="113.953801">
        <ele>13.8</ele>
        <time>2023-06-18T09:39:32Z</time>
      </trkpt>
      <trkpt lat="22.553952" lon="113.953826">
        <ele>13.8</ele>
        <time>2023-06-18T09:39:33Z</time>
      </trkpt>
      <trkpt lat="22.553916" lon="113.953857">
        <ele>13.8</ele>
        <time>2023-06-18T09:39:34Z</time>
      </trkpt>
      <trkpt lat="22.553878" lon="113.953888">
        <ele>13.8</ele>
        <time>2023-06-18T09:39:35Z</time>
      </trkpt>
      <trkpt lat="22.553841" lon="113.953916">
        <ele>13.8</ele>
        <time>2023-06-18T09:39:36Z</time>
      </trkpt>
      <trkpt lat="22.553804" lon="113.953939">
        <ele>13.8</ele>
        <time>2023-06-18T09:39:37Z</time>
      </trkpt>
      <trkpt lat="22.55377" lon="113.953962">
        <ele>13.8</ele>
        <time>2023-06-18T09:39:38Z</time>
      </trkpt>
      <trkpt lat="22.553735" lon="113.953985">
        <ele>13.8</ele>
        <time>2023-06-18T09:39:39Z</time>
      </trkpt>
      <trkpt lat="22.553701" lon="113.954008">
        <ele>13.8</ele>
        <time>2023-06-18T09:39:40Z</time>
      </trkpt>
      <trkpt lat="22.553669" lon="113.954033">
        <ele>13.8</ele>
        <time>2023-06-18T09:39:41Z</time>
      </trkpt>
      <trkpt lat="22.553637" lon="113.95406">
        <ele>13.8</ele>
        <time>2023-06-18T09:39:42Z</time>
      </trkpt>
      <trkpt lat="22.5536" lon="113.954076">
        <ele>13.8</ele>
        <time>2023-06-18T09:39:43Z</time>
      </trkpt>
      <trkpt lat="22.553557" lon="113.954099">
        <ele>13.8</ele>
        <time>2023-06-18T09:39:44Z</time>
      </trkpt>
      <trkpt lat="22.553515" lon="113.954122">
        <ele>13.8</ele>
        <time>2023-06-18T09:39:45Z</time>
      </trkpt>
      <trkpt lat="22.553476" lon="113.954147">
        <ele>13.8</ele>
        <time>2023-06-18T09:39:46Z</time>
      </trkpt>
      <trkpt lat="22.553436" lon="113.954178">
        <ele>13.8</ele>
        <time>2023-06-18T09:39:47Z</time>
      </trkpt>
      <trkpt lat="22.553396" lon="113.954207">
        <ele>13.8</ele>
        <time>2023-06-18T09:39:48Z</time>
      </trkpt>
      <trkpt lat="22.553363" lon="113.954231">
        <ele>13.8</ele>
        <time>2023-06-18T09:39:49Z</time>
      </trkpt>
      <trkpt lat="22.553331" lon="113.954261">
        <ele>13.8</ele>
        <time>2023-06-18T09:39:50Z</time>
      </trkpt>
      <trkpt lat="22.553299" lon="113.954292">
        <ele>13.8</ele>
        <time>2023-06-18T09:39:51Z</time>
      </trkpt>
      <trkpt lat="22.553264" lon="113.954322">
        <ele>13.8</ele>
        <time>2023-06-18T09:39:52Z</time>
      </trkpt>
      <trkpt lat="22.553228" lon="113.954355">
        <ele>13.8</ele>
        <time>2023-06-18T09:39:53Z</time>
      </trkpt>
      <trkpt lat="22.553191" lon="113.954391">
        <ele>13.8</ele>
        <time>2023-06-18T09:39:54Z</time>
      </trkpt>
      <trkpt lat="22.553155" lon="113.954421">
        <ele>13.8</ele>
        <time>2023-06-18T09:39:55Z</time>
      </trkpt>
      <trkpt lat="22.553117" lon="113.954452">
        <ele>13.8</ele>
        <time>2023-06-18T09:39:56Z</time>
      </trkpt>
      <trkpt lat="22.553081" lon="113.954481">
        <ele>13.8</ele>
        <time>2023-06-18T09:39:57Z</time>
      </trkpt>
      <trkpt lat="22.553046" lon="113.954506">
        <ele>13.8</ele>
        <time>2023-06-18T09:39:58Z</time>
      </trkpt>
      <trkpt lat="22.553013" lon="113.954536">
        <ele>13.8</ele>
        <time>2023-06-18T09:39:59Z</time>
      </trkpt>
      <trkpt lat="22.552983" lon="113.954568">
        <ele>13.8</ele>
        <time>2023-06-18T09:40:00Z</time>
      </trkpt>
      <trkpt lat="22.552949" lon="113.954603">
        <ele>13.8</ele>
        <time>2023-06-18T09:40:01Z</time>
      </trkpt>
      <trkpt lat="22.552912" lon="113.954627">
        <ele>13.8</ele>
        <time>2023-06-18T09:40:02Z</time>
      </trkpt>
      <trkpt lat="22.55287" lon="113.954656">
        <ele>13.8</ele>
        <time>2023-06-18T09:40:03Z</time>
      </trkpt>
      <trkpt lat="22.552829" lon="113.954681">
        <ele>13.8</ele>
        <time>2023-06-18T09:40:04Z</time>
      </trkpt>
      <trkpt lat="22.552793" lon="113.954713">
        <ele>13.8</ele>
        <time>2023-06-18T09:40:05Z</time>
      </trkpt>
      <trkpt lat="22.552759" lon="113.95475">
        <ele>13.8</ele>
        <time>2023-06-18T09:40:06Z</time>
      </trkpt>
      <trkpt lat="22.552727" lon="113.95478">
        <ele>13.8</ele>
        <time>2023-06-18T09:40:07Z</time>
      </trkpt>
      <trkpt lat="22.552695" lon="113.954811">
        <ele>13.8</ele>
        <time>2023-06-18T09:40:08Z</time>
      </trkpt>
      <trkpt lat="22.55266" lon="113.954843">
        <ele>13.8</ele>
        <time>2023-06-18T09:40:09Z</time>
      </trkpt>
      <trkpt lat="22.552623" lon="113.954879">
        <ele>13.8</ele>
        <time>2023-06-18T09:40:10Z</time>
      </trkpt>
      <trkpt lat="22.552587" lon="113.954909">
        <ele>13.8</ele>
        <time>2023-06-18T09:40:11Z</time>
      </trkpt>
      <trkpt lat="22.55255" lon="113.954938">
        <ele>13.8</ele>
        <time>2023-06-18T09:40:12Z</time>
      </trkpt>
      <trkpt lat="22.552516" lon="113.954963">
        <ele>13.8</ele>
        <time>2023-06-18T09:40:13Z</time>
      </trkpt>
      <trkpt lat="22.552481" lon="113.954993">
        <ele>13.8</ele>
        <time>2023-06-18T09:40:14Z</time>
      </trkpt>
      <trkpt lat="22.552448" lon="113.955013">
        <ele>13.8</ele>
        <time>2023-06-18T09:40:15Z</time>
      </trkpt>
      <trkpt lat="22.552413" lon="113.95503">
        <ele>13.8</ele>
        <time>2023-06-18T09:40:16Z</time>
      </trkpt>
      <trkpt lat="22.552378" lon="113.955053">
        <ele>13.8</ele>
        <time>2023-06-18T09:40:17Z</time>
      </trkpt>
      <trkpt lat="22.552343" lon="113.955078">
        <ele>13.8</ele>
        <time>2023-06-18T09:40:18Z</time>
      </trkpt>
      <trkpt lat="22.552309" lon="113.95511">
        <ele>13.8</ele>
        <time>2023-06-18T09:40:19Z</time>
      </trkpt>
      <trkpt lat="22.552267" lon="113.955147">
        <ele>13.8</ele>
        <time>2023-06-18T09:40:20Z</time>
      </trkpt>
      <trkpt lat="22.552221" lon="113.955177">
        <ele>13.8</ele>
        <time>2023-06-18T09:40:21Z</time>
      </trkpt>
      <trkpt lat="22.552179" lon="113.955206">
        <ele>13.8</ele>
        <time>2023-06-18T09:40:22Z</time>
      </trkpt>
      <trkpt lat="22.552139" lon="113.955228">
        <ele>13.8</ele>
        <time>2023-06-18T09:40:23Z</time>
      </trkpt>
      <trkpt lat="22.552092" lon="113.955249">
        <ele>13.8</ele>
        <time>2023-06-18T09:40:24Z</time>
      </trkpt>
      <trkpt lat="22.552046" lon="113.955266">
        <ele>13.8</ele>
        <time>2023-06-18T09:40:25Z</time>
      </trkpt>
      <trkpt lat="22.552005" lon="113.95529">
        <ele>13.8</ele>
        <time>2023-06-18T09:40:26Z</time>
      </trkpt>
      <trkpt lat="22.551966" lon="113.955313">
        <ele>13.8</ele>
        <time>2023-06-18T09:40:27Z</time>
      </trkpt>
      <trkpt lat="22.551931" lon="113.955335">
        <ele>13.8</ele>
        <time>2023-06-18T09:40:28Z</time>
      </trkpt>
      <trkpt lat="22.551895" lon="113.955356">
        <ele>13.8</ele>
        <time>2023-06-18T09:40:29Z</time>
      </trkpt>
      <trkpt lat="22.551857" lon="113.955373">
        <ele>13.8</ele>
        <time>2023-06-18T09:40:30Z</time>
      </trkpt>
      <trkpt lat="22.551817" lon="113.955396">
        <ele>13.8</ele>
        <time>2023-06-18T09:40:31Z</time>
      </trkpt>
      <trkpt lat="22.551782" lon="113.955417">
        <ele>13.8</ele>
        <time>2023-06-18T09:40:32Z</time>
      </trkpt>
      <trkpt lat="22.551749" lon="113.955435">
        <ele>13.8</ele>
        <time>2023-06-18T09:40:33Z</time>
      </trkpt>
      <trkpt lat="22.551719" lon="113.955454">
        <ele>13.8</ele>
        <time>2023-06-18T09:40:34Z</time>
      </trkpt>
      <trkpt lat="22.55169" lon="113.955464">
        <ele>13.8</ele>
        <time>2023-06-18T09:40:35Z</time>
      </trkpt>
      <trkpt lat="22.551658" lon="113.955478">
        <ele>13.8</ele>
        <time>2023-06-18T09:40:36Z</time>
      </trkpt>
      <trkpt lat="22.551619" lon="113.955492">
        <ele>13.8</ele>
        <time>2023-06-18T09:40:37Z</time>
      </trkpt>
      <trkpt lat="22.551577" lon="113.955499">
        <ele>13.8</ele>
        <time>2023-06-18T09:40:38Z</time>
      </trkpt>
      <trkpt lat="22.551536" lon="113.955507">
        <ele>13.8</ele>
        <time>2023-06-18T09:40:39Z</time>
      </trkpt>
      <trkpt lat="22.551502" lon="113.955516">
        <ele>13.8</ele>
        <time>2023-06-18T09:40:40Z</time>
      </trkpt>
      <trkpt lat="22.551477" lon="113.955528">
        <ele>13.8</ele>
        <time>2023-06-18T09:40:41Z</time>
      </trkpt>
      <trkpt lat="22.551457" lon="113.95553">
        <ele>13.8</ele>
        <time>2023-06-18T09:40:42Z</time>
      </trkpt>
      <trkpt lat="22.551434" lon="113.955539">
        <ele>13.8</ele>
        <time>2023-06-18T09:40:43Z</time>
      </trkpt>
      <trkpt lat="22.551409" lon="113.955556">
        <ele>13.8</ele>
        <time>2023-06-18T09:40:44Z</time>
      </trkpt>
      <trkpt lat="22.551382" lon="113.955576">
        <ele>13.8</ele>
        <time>2023-06-18T09:40:45Z</time>
      </trkpt>
      <trkpt lat="22.551351" lon="113.955583">
        <ele>13.8</ele>
        <time>2023-06-18T09:40:46Z</time>
      </trkpt>
      <trkpt lat="22.551314" lon="113.955589">
        <ele>13.8</ele>
        <time>2023-06-18T09:40:47Z</time>
      </trkpt>
      <trkpt lat="22.551277" lon="113.955591">
        <ele>13.8</ele>
        <time>2023-06-18T09:40:48Z</time>
      </trkpt>
      <trkpt lat="22.551239" lon="113.955601">
        <ele>13.8</ele>
        <time>2023-06-18T09:40:49Z</time>
      </trkpt>
      <trkpt lat="22.551202" lon="113.955616">
        <ele>13.8</ele>
        <time>2023-06-18T09:40:50Z</time>
      </trkpt>
      <trkpt lat="22.551168" lon="113.955627">
        <ele>13.8</ele>
        <time>2023-06-18T09:40:51Z</time>
      </trkpt>
      <trkpt lat="22.551136" lon="113.955629">
        <ele>13.8</ele>
        <time>2023-06-18T09:40:52Z</time>
      </trkpt>
      <trkpt lat="22.551104" lon="113.955637">
        <ele>13.8</ele>
        <time>2023-06-18T09:40:53Z</time>
      </trkpt>
      <trkpt lat="22.551071" lon="113.955646">
        <ele>13.8</ele>
        <time>2023-06-18T09:40:54Z</time>
      </trkpt>
      <trkpt lat="22.551031" lon="113.955661">
        <ele>13.8</ele>
        <time>2023-06-18T09:40:55Z</time>
      </trkpt>
      <trkpt lat="22.55099" lon="113.955675">
        <ele>13.8</ele>
        <time>2023-06-18T09:40:56Z</time>
      </trkpt>
      <trkpt lat="22.550954" lon="113.955683">
        <ele>13.8</ele>
        <time>2023-06-18T09:40:57Z</time>
      </trkpt>
      <trkpt lat="22.550918" lon="113.95569">
        <ele>13.8</ele>
        <time>2023-06-18T09:40:58Z</time>
      </trkpt>
      <trkpt lat="22.550878" lon="113.955696">
        <ele>13.8</ele>
        <time>2023-06-18T09:40:59Z</time>
      </trkpt>
      <trkpt lat="22.55084" lon="113.955698">
        <ele>13.8</ele>
        <time>2023-06-18T09:41:00Z</time>
      </trkpt>
      <trkpt lat="22.550806" lon="113.955704">
        <ele>13.8</ele>
        <time>2023-06-18T09:41:01Z</time>
      </trkpt>
      <trkpt lat="22.550773" lon="113.955705">
        <ele>13.8</ele>
        <time>2023-06-18T09:41:02Z</time>
      </trkpt>
      <trkpt lat="22.550738" lon="113.955713">
        <ele>13.8</ele>
        <time>2023-06-18T09:41:03Z</time>
      </trkpt>
      <trkpt lat="22.550703" lon="113.955719">
        <ele>13.8</ele>
        <time>2023-06-18T09:41:04Z</time>
      </trkpt>
      <trkpt lat="22.550669" lon="113.955719">
        <ele>13.8</ele>
        <time>2023-06-18T09:41:05Z</time>
      </trkpt>
      <trkpt lat="22.550639" lon="113.955721">
        <ele>13.8</ele>
        <time>2023-06-18T09:41:06Z</time>
      </trkpt>
      <trkpt lat="22.550609" lon="113.955728">
        <ele>13.8</ele>
        <time>2023-06-18T09:41:07Z</time>
      </trkpt>
      <trkpt lat="22.55058" lon="113.955736">
        <ele>13.8</ele>
        <time>2023-06-18T09:41:08Z</time>
      </trkpt>
      <trkpt lat="22.55055" lon="113.955742">
        <ele>13.8</ele>
        <time>2023-06-18T09:41:09Z</time>
      </trkpt>
      <trkpt lat="22.550523" lon="113.955742">
        <ele>13.8</ele>
        <time>2023-06-18T09:41:10Z</time>
      </trkpt>
      <trkpt lat="22.550497" lon="113.955742">
        <ele>13.8</ele>
        <time>2023-06-18T09:41:11Z</time>
      </trkpt>
      <trkpt lat="22.550471" lon="113.955744">
        <ele>13.8</ele>
        <time>2023-06-18T09:41:12Z</time>
      </trkpt>
      <trkpt lat="22.550441" lon="113.955751">
        <ele>13.8</ele>
        <time>2023-06-18T09:41:13Z</time>
      </trkpt>
      <trkpt lat="22.550412" lon="113.955757">
        <ele>13.8</ele>
        <time>2023-06-18T09:41:14Z</time>
      </trkpt>
      <trkpt lat="22.550386" lon="113.955757">
        <ele>13.8</ele>
        <time>2023-06-18T09:41:15Z</time>
      </trkpt>
      <trkpt lat="22.550359" lon="113.955757">
        <ele>13.8</ele>
        <time>2023-06-18T09:41:16Z</time>
      </trkpt>
      <trkpt lat="22.550333" lon="113.955757">
        <ele>13.8</ele>
        <time>2023-06-18T09:41:17Z</time>
      </trkpt>
      <trkpt lat="22.550307" lon="113.955755">
        <ele>13.8</ele>
        <time>2023-06-18T09:41:18Z</time>
      </trkpt>
      <trkpt lat="22.550279" lon="113.955749">
        <ele>13.8</ele>
        <time>2023-06-18T09:41:19Z</time>
      </trkpt>
      <trkpt lat="22.55025" lon="113.955751">
        <ele>13.8</ele>
        <time>2023-06-18T09:41:20Z</time>
      </trkpt>
      <trkpt lat="22.550219" lon="113.955755">
        <ele>13.8</ele>
        <time>2023-06-18T09:41:21Z</time>
      </trkpt>
      <trkpt lat="22.550189" lon="113.955749">
        <ele>13.8</ele>
        <time>2023-06-18T09:41:22Z</time>
      </trkpt>
      <trkpt lat="22.550161" lon="113.955749">
        <ele>13.8</ele>
        <time>2023-06-18T09:41:23Z</time>
      </trkpt>
      <trkpt lat="22.550136" lon="113.955749">
        <ele>13.9</ele>
        <time>2023-06-18T09:41:24Z</time>
      </trkpt>
      <trkpt lat="22.550109" lon="113.955749">
        <ele>13.9</ele>
        <time>2023-06-18T09:41:25Z</time>
      </trkpt>
      <trkpt lat="22.55008" lon="113.955748">
        <ele>13.9</ele>
        <time>2023-06-18T09:41:26Z</time>
      </trkpt>
      <trkpt lat="22.550046" lon="113.955742">
        <ele>13.9</ele>
        <time>2023-06-18T09:41:27Z</time>
      </trkpt>
      <trkpt lat="22.550015" lon="113.955742">
        <ele>13.9</ele>
        <time>2023-06-18T09:41:28Z</time>
      </trkpt>
      <trkpt lat="22.549982" lon="113.955743">
        <ele>13.9</ele>
        <time>2023-06-18T09:41:29Z</time>
      </trkpt>
      <trkpt lat="22.54995" lon="113.955749">
        <ele>13.9</ele>
        <time>2023-06-18T09:41:30Z</time>
      </trkpt>
      <trkpt lat="22.549924" lon="113.955751">
        <ele>13.9</ele>
        <time>2023-06-18T09:41:31Z</time>
      </trkpt>
      <trkpt lat="22.549902" lon="113.955757">
        <ele>13.9</ele>
        <time>2023-06-18T09:41:32Z</time>
      </trkpt>
      <trkpt lat="22.549883" lon="113.955755">
        <ele>13.9</ele>
        <time>2023-06-18T09:41:33Z</time>
      </trkpt>
      <trkpt lat="22.54986" lon="113.955749">
        <ele>13.9</ele>
        <time>2023-06-18T09:41:34Z</time>
      </trkpt>
      <trkpt lat="22.549837" lon="113.955748">
        <ele>13.9</ele>
        <time>2023-06-18T09:41:35Z</time>
      </trkpt>
      <trkpt lat="22.549813" lon="113.955742">
        <ele>13.9</ele>
        <time>2023-06-18T09:41:36Z</time>
      </trkpt>
      <trkpt lat="22.549788" lon="113.95574">
        <ele>13.9</ele>
        <time>2023-06-18T09:41:37Z</time>
      </trkpt>
      <trkpt lat="22.549758" lon="113.955734">
        <ele>13.9</ele>
        <time>2023-06-18T09:41:38Z</time>
      </trkpt>
      <trkpt lat="22.549731" lon="113.955734">
        <ele>13.9</ele>
        <time>2023-06-18T09:41:39Z</time>
      </trkpt>
      <trkpt lat="22.549707" lon="113.955732">
        <ele>13.9</ele>
        <time>2023-06-18T09:41:40Z</time>
      </trkpt>
      <trkpt lat="22.549679" lon="113.955725">
        <ele>13.9</ele>
        <time>2023-06-18T09:41:41Z</time>
      </trkpt>
      <trkpt lat="22.54965" lon="113.955719">
        <ele>13.9</ele>
        <time>2023-06-18T09:41:42Z</time>
      </trkpt>
      <trkpt lat="22.549621" lon="113.955717">
        <ele>13.9</ele>
        <time>2023-06-18T09:41:43Z</time>
      </trkpt>
      <trkpt lat="22.549591" lon="113.955711">
        <ele>13.9</ele>
        <time>2023-06-18T09:41:44Z</time>
      </trkpt>
      <trkpt lat="22.549561" lon="113.955711">
        <ele>13.9</ele>
        <time>2023-06-18T09:41:45Z</time>
      </trkpt>
      <trkpt lat="22.549536" lon="113.95571">
        <ele>13.9</ele>
        <time>2023-06-18T09:41:46Z</time>
      </trkpt>
      <trkpt lat="22.549508" lon="113.955702">
        <ele>13.9</ele>
        <time>2023-06-18T09:41:47Z</time>
      </trkpt>
      <trkpt lat="22.54948" lon="113.955692">
        <ele>13.9</ele>
        <time>2023-06-18T09:41:48Z</time>
      </trkpt>
      <trkpt lat="22.549456" lon="113.955679">
        <ele>13.9</ele>
        <time>2023-06-18T09:41:49Z</time>
      </trkpt>
      <trkpt lat="22.549432" lon="113.955671">
        <ele>13.9</ele>
        <time>2023-06-18T09:41:50Z</time>
      </trkpt>
      <trkpt lat="22.549406" lon="113.955664">
        <ele>13.9</ele>
        <time>2023-06-18T09:41:51Z</time>
      </trkpt>
      <trkpt lat="22.549377" lon="113.955658">
        <ele>13.9</ele>
        <time>2023-06-18T09:41:52Z</time>
      </trkpt>
      <trkpt lat="22.549345" lon="113.95566">
        <ele>13.9</ele>
        <time>2023-06-18T09:41:53Z</time>
      </trkpt>
      <trkpt lat="22.54931" lon="113.955666">
        <ele>13.9</ele>
        <time>2023-06-18T09:41:54Z</time>
      </trkpt>
      <trkpt lat="22.549276" lon="113.955664">
        <ele>13.9</ele>
        <time>2023-06-18T09:41:55Z</time>
      </trkpt>
      <trkpt lat="22.549244" lon="113.955656">
        <ele>13.9</ele>
        <time>2023-06-18T09:41:56Z</time>
      </trkpt>
      <trkpt lat="22.54921" lon="113.955648">
        <ele>13.9</ele>
        <time>2023-06-18T09:41:57Z</time>
      </trkpt>
      <trkpt lat="22.549172" lon="113.955639">
        <ele>13.9</ele>
        <time>2023-06-18T09:41:58Z</time>
      </trkpt>
      <trkpt lat="22.549131" lon="113.955624">
        <ele>13.9</ele>
        <time>2023-06-18T09:41:59Z</time>
      </trkpt>
      <trkpt lat="22.54909" lon="113.95561">
        <ele>13.9</ele>
        <time>2023-06-18T09:42:00Z</time>
      </trkpt>
      <trkpt lat="22.549049" lon="113.955603">
        <ele>13.9</ele>
        <time>2023-06-18T09:42:01Z</time>
      </trkpt>
      <trkpt lat="22.54901" lon="113.955595">
        <ele>13.9</ele>
        <time>2023-06-18T09:42:02Z</time>
      </trkpt>
      <trkpt lat="22.548972" lon="113.955586">
        <ele>13.9</ele>
        <time>2023-06-18T09:42:03Z</time>
      </trkpt>
      <trkpt lat="22.548934" lon="113.955571">
        <ele>13.9</ele>
        <time>2023-06-18T09:42:04Z</time>
      </trkpt>
      <trkpt lat="22.548898" lon="113.955556">
        <ele>13.9</ele>
        <time>2023-06-18T09:42:05Z</time>
      </trkpt>
      <trkpt lat="22.548864" lon="113.95554">
        <ele>13.9</ele>
        <time>2023-06-18T09:42:06Z</time>
      </trkpt>
      <trkpt lat="22.548828" lon="113.955525">
        <ele>13.9</ele>
        <time>2023-06-18T09:42:07Z</time>
      </trkpt>
      <trkpt lat="22.548795" lon="113.955511">
        <ele>13.9</ele>
        <time>2023-06-18T09:42:08Z</time>
      </trkpt>
      <trkpt lat="22.548763" lon="113.955502">
        <ele>13.9</ele>
        <time>2023-06-18T09:42:09Z</time>
      </trkpt>
      <trkpt lat="22.548726" lon="113.955488">
        <ele>13.9</ele>
        <time>2023-06-18T09:42:10Z</time>
      </trkpt>
      <trkpt lat="22.548688" lon="113.955479">
        <ele>13.9</ele>
        <time>2023-06-18T09:42:11Z</time>
      </trkpt>
      <trkpt lat="22.548652" lon="113.955466">
        <ele>13.8</ele>
        <time>2023-06-18T09:42:12Z</time>
      </trkpt>
      <trkpt lat="22.548615" lon="113.955458">
        <ele>13.8</ele>
        <time>2023-06-18T09:42:13Z</time>
      </trkpt>
      <trkpt lat="22.548578" lon="113.955449">
        <ele>13.8</ele>
        <time>2023-06-18T09:42:14Z</time>
      </trkpt>
      <trkpt lat="22.548538" lon="113.955433">
        <ele>13.8</ele>
        <time>2023-06-18T09:42:15Z</time>
      </trkpt>
      <trkpt lat="22.548502" lon="113.955418">
        <ele>13.8</ele>
        <time>2023-06-18T09:42:16Z</time>
      </trkpt>
      <trkpt lat="22.548467" lon="113.955404">
        <ele>13.8</ele>
        <time>2023-06-18T09:42:17Z</time>
      </trkpt>
      <trkpt lat="22.548434" lon="113.955396">
        <ele>13.8</ele>
        <time>2023-06-18T09:42:18Z</time>
      </trkpt>
      <trkpt lat="22.548402" lon="113.955382">
        <ele>13.8</ele>
        <time>2023-06-18T09:42:19Z</time>
      </trkpt>
      <trkpt lat="22.548372" lon="113.955376">
        <ele>13.8</ele>
        <time>2023-06-18T09:42:20Z</time>
      </trkpt>
      <trkpt lat="22.548341" lon="113.955376">
        <ele>13.8</ele>
        <time>2023-06-18T09:42:21Z</time>
      </trkpt>
      <trkpt lat="22.548303" lon="113.955374">
        <ele>13.8</ele>
        <time>2023-06-18T09:42:22Z</time>
      </trkpt>
      <trkpt lat="22.548266" lon="113.955368">
        <ele>13.8</ele>
        <time>2023-06-18T09:42:23Z</time>
      </trkpt>
      <trkpt lat="22.548227" lon="113.955367">
        <ele>13.8</ele>
        <time>2023-06-18T09:42:24Z</time>
      </trkpt>
      <trkpt lat="22.548182" lon="113.955359">
        <ele>13.8</ele>
        <time>2023-06-18T09:42:25Z</time>
      </trkpt>
      <trkpt lat="22.548136" lon="113.955351">
        <ele>13.7</ele>
        <time>2023-06-18T09:42:26Z</time>
      </trkpt>
      <trkpt lat="22.54809" lon="113.955342">
        <ele>13.7</ele>
        <time>2023-06-18T09:42:27Z</time>
      </trkpt>
      <trkpt lat="22.54805" lon="113.955326">
        <ele>13.7</ele>
        <time>2023-06-18T09:42:28Z</time>
      </trkpt>
      <trkpt lat="22.548011" lon="113.955311">
        <ele>13.7</ele>
        <time>2023-06-18T09:42:29Z</time>
      </trkpt>
      <trkpt lat="22.547971" lon="113.955296">
        <ele>13.7</ele>
        <time>2023-06-18T09:42:30Z</time>
      </trkpt>
      <trkpt lat="22.54793" lon="113.955282">
        <ele>13.7</ele>
        <time>2023-06-18T09:42:31Z</time>
      </trkpt>
      <trkpt lat="22.547892" lon="113.955275">
        <ele>13.7</ele>
        <time>2023-06-18T09:42:32Z</time>
      </trkpt>
      <trkpt lat="22.547853" lon="113.955267">
        <ele>13.7</ele>
        <time>2023-06-18T09:42:33Z</time>
      </trkpt>
      <trkpt lat="22.547816" lon="113.95526">
        <ele>13.7</ele>
        <time>2023-06-18T09:42:34Z</time>
      </trkpt>
      <trkpt lat="22.547777" lon="113.955248">
        <ele>13.7</ele>
        <time>2023-06-18T09:42:35Z</time>
      </trkpt>
      <trkpt lat="22.547739" lon="113.955227">
        <ele>13.7</ele>
        <time>2023-06-18T09:42:36Z</time>
      </trkpt>
      <trkpt lat="22.547706" lon="113.95521">
        <ele>13.7</ele>
        <time>2023-06-18T09:42:37Z</time>
      </trkpt>
      <trkpt lat="22.547666" lon="113.955191">
        <ele>13.6</ele>
        <time>2023-06-18T09:42:38Z</time>
      </trkpt>
      <trkpt lat="22.547626" lon="113.955185">
        <ele>13.6</ele>
        <time>2023-06-18T09:42:39Z</time>
      </trkpt>
      <trkpt lat="22.547586" lon="113.955183">
        <ele>13.6</ele>
        <time>2023-06-18T09:42:40Z</time>
      </trkpt>
      <trkpt lat="22.547544" lon="113.955177">
        <ele>13.6</ele>
        <time>2023-06-18T09:42:41Z</time>
      </trkpt>
      <trkpt lat="22.547504" lon="113.955175">
        <ele>13.6</ele>
        <time>2023-06-18T09:42:42Z</time>
      </trkpt>
      <trkpt lat="22.547461" lon="113.955166">
        <ele>13.6</ele>
        <time>2023-06-18T09:42:43Z</time>
      </trkpt>
      <trkpt lat="22.547418" lon="113.955153">
        <ele>13.6</ele>
        <time>2023-06-18T09:42:44Z</time>
      </trkpt>
      <trkpt lat="22.547385" lon="113.955145">
        <ele>13.6</ele>
        <time>2023-06-18T09:42:45Z</time>
      </trkpt>
      <trkpt lat="22.547354" lon="113.955137">
        <ele>13.6</ele>
        <time>2023-06-18T09:42:46Z</time>
      </trkpt>
      <trkpt lat="22.547318" lon="113.95513">
        <ele>13.6</ele>
        <time>2023-06-18T09:42:47Z</time>
      </trkpt>
      <trkpt lat="22.547277" lon="113.95512">
        <ele>13.6</ele>
        <time>2023-06-18T09:42:48Z</time>
      </trkpt>
      <trkpt lat="22.547237" lon="113.955105">
        <ele>13.6</ele>
        <time>2023-06-18T09:42:49Z</time>
      </trkpt>
      <trkpt lat="22.547196" lon="113.955088">
        <ele>13.6</ele>
        <time>2023-06-18T09:42:50Z</time>
      </trkpt>
      <trkpt lat="22.547156" lon="113.955067">
        <ele>13.6</ele>
        <time>2023-06-18T09:42:51Z</time>
      </trkpt>
      <trkpt lat="22.547116" lon="113.955053">
        <ele>13.5</ele>
        <time>2023-06-18T09:42:52Z</time>
      </trkpt>
      <trkpt lat="22.547081" lon="113.955044">
        <ele>13.5</ele>
        <time>2023-06-18T09:42:53Z</time>
      </trkpt>
      <trkpt lat="22.547049" lon="113.955031">
        <ele>13.5</ele>
        <time>2023-06-18T09:42:54Z</time>
      </trkpt>
      <trkpt lat="22.547016" lon="113.955023">
        <ele>13.5</ele>
        <time>2023-06-18T09:42:55Z</time>
      </trkpt>
      <trkpt lat="22.546977" lon="113.955013">
        <ele>13.5</ele>
        <time>2023-06-18T09:42:56Z</time>
      </trkpt>
      <trkpt lat="22.546933" lon="113.954998">
        <ele>13.5</ele>
        <time>2023-06-18T09:42:57Z</time>
      </trkpt>
      <trkpt lat="22.546888" lon="113.954983">
        <ele>13.5</ele>
        <time>2023-06-18T09:42:58Z</time>
      </trkpt>
      <trkpt lat="22.546843" lon="113.954966">
        <ele>13.5</ele>
        <time>2023-06-18T09:42:59Z</time>
      </trkpt>
      <trkpt lat="22.546802" lon="113.954947">
        <ele>13.5</ele>
        <time>2023-06-18T09:43:00Z</time>
      </trkpt>
      <trkpt lat="22.546758" lon="113.954935">
        <ele>13.5</ele>
        <time>2023-06-18T09:43:01Z</time>
      </trkpt>
      <trkpt lat="22.546714" lon="113.954914">
        <ele>13.5</ele>
        <time>2023-06-18T09:43:02Z</time>
      </trkpt>
      <trkpt lat="22.546667" lon="113.954899">
        <ele>13.5</ele>
        <time>2023-06-18T09:43:03Z</time>
      </trkpt>
      <trkpt lat="22.546624" lon="113.954882">
        <ele>13.5</ele>
        <time>2023-06-18T09:43:04Z</time>
      </trkpt>
      <trkpt lat="22.546591" lon="113.954861">
        <ele>13.5</ele>
        <time>2023-06-18T09:43:05Z</time>
      </trkpt>
      <trkpt lat="22.546556" lon="113.954846">
        <ele>13.5</ele>
        <time>2023-06-18T09:43:06Z</time>
      </trkpt>
      <trkpt lat="22.546518" lon="113.954832">
        <ele>13.5</ele>
        <time>2023-06-18T09:43:07Z</time>
      </trkpt>
      <trkpt lat="22.546476" lon="113.954823">
        <ele>13.5</ele>
        <time>2023-06-18T09:43:08Z</time>
      </trkpt>
      <trkpt lat="22.546427" lon="113.954811">
        <ele>13.5</ele>
        <time>2023-06-18T09:43:09Z</time>
      </trkpt>
      <trkpt lat="22.546381" lon="113.954809">
        <ele>13.5</ele>
        <time>2023-06-18T09:43:10Z</time>
      </trkpt>
      <trkpt lat="22.546332" lon="113.954802">
        <ele>13.5</ele>
        <time>2023-06-18T09:43:11Z</time>
      </trkpt>
      <trkpt lat="22.546287" lon="113.954794">
        <ele>13.5</ele>
        <time>2023-06-18T09:43:12Z</time>
      </trkpt>
      <trkpt lat="22.546241" lon="113.954785">
        <ele>13.5</ele>
        <time>2023-06-18T09:43:13Z</time>
      </trkpt>
      <trkpt lat="22.546197" lon="113.954771">
        <ele>13.5</ele>
        <time>2023-06-18T09:43:14Z</time>
      </trkpt>
      <trkpt lat="22.546155" lon="113.954762">
        <ele>13.5</ele>
        <time>2023-06-18T09:43:15Z</time>
      </trkpt>
      <trkpt lat="22.546112" lon="113.954748">
        <ele>13.5</ele>
        <time>2023-06-18T09:43:16Z</time>
      </trkpt>
      <trkpt lat="22.546071" lon="113.954739">
        <ele>13.5</ele>
        <time>2023-06-18T09:43:17Z</time>
      </trkpt>
      <trkpt lat="22.546029" lon="113.954722">
        <ele>13.5</ele>
        <time>2023-06-18T09:43:18Z</time>
      </trkpt>
      <trkpt lat="22.545985" lon="113.954701">
        <ele>13.5</ele>
        <time>2023-06-18T09:43:19Z</time>
      </trkpt>
      <trkpt lat="22.545944" lon="113.954685">
        <ele>13.5</ele>
        <time>2023-06-18T09:43:20Z</time>
      </trkpt>
      <trkpt lat="22.545902" lon="113.954672">
        <ele>13.5</ele>
        <time>2023-06-18T09:43:21Z</time>
      </trkpt>
      <trkpt lat="22.545858" lon="113.954664">
        <ele>13.5</ele>
        <time>2023-06-18T09:43:22Z</time>
      </trkpt>
      <trkpt lat="22.545816" lon="113.954659">
        <ele>13.4</ele>
        <time>2023-06-18T09:43:23Z</time>
      </trkpt>
      <trkpt lat="22.545771" lon="113.954659">
        <ele>13.4</ele>
        <time>2023-06-18T09:43:24Z</time>
      </trkpt>
      <trkpt lat="22.545724" lon="113.954659">
        <ele>13.4</ele>
        <time>2023-06-18T09:43:25Z</time>
      </trkpt>
      <trkpt lat="22.54568" lon="113.954659">
        <ele>13.4</ele>
        <time>2023-06-18T09:43:26Z</time>
      </trkpt>
      <trkpt lat="22.545636" lon="113.954657">
        <ele>13.4</ele>
        <time>2023-06-18T09:43:27Z</time>
      </trkpt>
      <trkpt lat="22.545591" lon="113.954647">
        <ele>13.4</ele>
        <time>2023-06-18T09:43:28Z</time>
      </trkpt>
      <trkpt lat="22.545549" lon="113.954632">
        <ele>13.4</ele>
        <time>2023-06-18T09:43:29Z</time>
      </trkpt>
      <trkpt lat="22.545505" lon="113.954618">
        <ele>13.4</ele>
        <time>2023-06-18T09:43:30Z</time>
      </trkpt>
      <trkpt lat="22.545458" lon="113.954609">
        <ele>13.4</ele>
        <time>2023-06-18T09:43:31Z</time>
      </trkpt>
      <trkpt lat="22.545412" lon="113.954594">
        <ele>13.4</ele>
        <time>2023-06-18T09:43:32Z</time>
      </trkpt>
      <trkpt lat="22.545369" lon="113.954582">
        <ele>13.4</ele>
        <time>2023-06-18T09:43:33Z</time>
      </trkpt>
      <trkpt lat="22.545325" lon="113.954579">
        <ele>13.4</ele>
        <time>2023-06-18T09:43:34Z</time>
      </trkpt>
      <trkpt lat="22.545276" lon="113.954565">
        <ele>13.4</ele>
        <time>2023-06-18T09:43:35Z</time>
      </trkpt>
      <trkpt lat="22.54523" lon="113.954556">
        <ele>13.4</ele>
        <time>2023-06-18T09:43:36Z</time>
      </trkpt>
      <trkpt lat="22.545182" lon="113.954542">
        <ele>13.4</ele>
        <time>2023-06-18T09:43:37Z</time>
      </trkpt>
      <trkpt lat="22.545132" lon="113.954535">
        <ele>13.4</ele>
        <time>2023-06-18T09:43:38Z</time>
      </trkpt>
      <trkpt lat="22.545082" lon="113.954529">
        <ele>13.4</ele>
        <time>2023-06-18T09:43:39Z</time>
      </trkpt>
      <trkpt lat="22.545028" lon="113.954529">
        <ele>13.4</ele>
        <time>2023-06-18T09:43:40Z</time>
      </trkpt>
      <trkpt lat="22.544976" lon="113.954529">
        <ele>13.4</ele>
        <time>2023-06-18T09:43:41Z</time>
      </trkpt>
      <trkpt lat="22.544925" lon="113.954527">
        <ele>13.3</ele>
        <time>2023-06-18T09:43:42Z</time>
      </trkpt>
      <trkpt lat="22.544875" lon="113.954521">
        <ele>13.3</ele>
        <time>2023-06-18T09:43:43Z</time>
      </trkpt>
      <trkpt lat="22.544824" lon="113.954521">
        <ele>13.3</ele>
        <time>2023-06-18T09:43:44Z</time>
      </trkpt>
      <trkpt lat="22.544777" lon="113.954519">
        <ele>13.3</ele>
        <time>2023-06-18T09:43:45Z</time>
      </trkpt>
      <trkpt lat="22.544734" lon="113.954514">
        <ele>13.3</ele>
        <time>2023-06-18T09:43:46Z</time>
      </trkpt>
      <trkpt lat="22.54469" lon="113.954512">
        <ele>13.3</ele>
        <time>2023-06-18T09:43:47Z</time>
      </trkpt>
      <trkpt lat="22.544649" lon="113.954508">
        <ele>13.3</ele>
        <time>2023-06-18T09:43:48Z</time>
      </trkpt>
      <trkpt lat="22.544613" lon="113.954514">
        <ele>13.3</ele>
        <time>2023-06-18T09:43:49Z</time>
      </trkpt>
      <trkpt lat="22.544583" lon="113.954512">
        <ele>13.3</ele>
        <time>2023-06-18T09:43:50Z</time>
      </trkpt>
      <trkpt lat="22.544552" lon="113.954504">
        <ele>13.3</ele>
        <time>2023-06-18T09:43:51Z</time>
      </trkpt>
      <trkpt lat="22.544525" lon="113.954498">
        <ele>13.3</ele>
        <time>2023-06-18T09:43:52Z</time>
      </trkpt>
      <trkpt lat="22.544498" lon="113.954497">
        <ele>13.3</ele>
        <time>2023-06-18T09:43:53Z</time>
      </trkpt>
      <trkpt lat="22.544471" lon="113.954491">
        <ele>13.3</ele>
        <time>2023-06-18T09:43:54Z</time>
      </trkpt>
      <trkpt lat="22.544445" lon="113.954492">
        <ele>13.3</ele>
        <time>2023-06-18T09:43:55Z</time>
      </trkpt>
      <trkpt lat="22.544419" lon="113.954498">
        <ele>13.3</ele>
        <time>2023-06-18T09:43:56Z</time>
      </trkpt>
      <trkpt lat="22.544396" lon="113.954498">
        <ele>13.3</ele>
        <time>2023-06-18T09:43:57Z</time>
      </trkpt>
      <trkpt lat="22.544374" lon="113.9545">
        <ele>13.3</ele>
        <time>2023-06-18T09:43:58Z</time>
      </trkpt>
      <trkpt lat="22.544356" lon="113.954506">
        <ele>13.3</ele>
        <time>2023-06-18T09:43:59Z</time>
      </trkpt>
      <trkpt lat="22.544332" lon="113.954508">
        <ele>13.3</ele>
        <time>2023-06-18T09:44:00Z</time>
      </trkpt>
      <trkpt lat="22.544303" lon="113.954514">
        <ele>13.3</ele>
        <time>2023-06-18T09:44:01Z</time>
      </trkpt>
      <trkpt lat="22.544274" lon="113.954514">
        <ele>13.3</ele>
        <time>2023-06-18T09:44:02Z</time>
      </trkpt>
      <trkpt lat="22.544241" lon="113.954514">
        <ele>13.3</ele>
        <time>2023-06-18T09:44:03Z</time>
      </trkpt>
      <trkpt lat="22.544206" lon="113.954514">
        <ele>13.3</ele>
        <time>2023-06-18T09:44:04Z</time>
      </trkpt>
      <trkpt lat="22.544169" lon="113.954514">
        <ele>13.3</ele>
        <time>2023-06-18T09:44:05Z</time>
      </trkpt>
      <trkpt lat="22.544126" lon="113.954515">
        <ele>13.2</ele>
        <time>2023-06-18T09:44:06Z</time>
      </trkpt>
      <trkpt lat="22.544082" lon="113.954519">
        <ele>13.2</ele>
        <time>2023-06-18T09:44:07Z</time>
      </trkpt>
      <trkpt lat="22.544039" lon="113.954514">
        <ele>13.2</ele>
        <time>2023-06-18T09:44:08Z</time>
      </trkpt>
      <trkpt lat="22.543999" lon="113.954512">
        <ele>13.2</ele>
        <time>2023-06-18T09:44:09Z</time>
      </trkpt>
      <trkpt lat="22.543958" lon="113.954506">
        <ele>13.2</ele>
        <time>2023-06-18T09:44:10Z</time>
      </trkpt>
      <trkpt lat="22.543921" lon="113.954506">
        <ele>13.2</ele>
        <time>2023-06-18T09:44:11Z</time>
      </trkpt>
      <trkpt lat="22.54388" lon="113.954506">
        <ele>13.2</ele>
        <time>2023-06-18T09:44:12Z</time>
      </trkpt>
      <trkpt lat="22.543833" lon="113.954506">
        <ele>13.2</ele>
        <time>2023-06-18T09:44:13Z</time>
      </trkpt>
      <trkpt lat="22.543785" lon="113.954508">
        <ele>13.2</ele>
        <time>2023-06-18T09:44:14Z</time>
      </trkpt>
      <trkpt lat="22.543741" lon="113.954515">
        <ele>13.2</ele>
        <time>2023-06-18T09:44:15Z</time>
      </trkpt>
      <trkpt lat="22.543693" lon="113.954523">
        <ele>13.2</ele>
        <time>2023-06-18T09:44:16Z</time>
      </trkpt>
      <trkpt lat="22.543628" lon="113.954532">
        <ele>13.2</ele>
        <time>2023-06-18T09:44:17Z</time>
      </trkpt>
      <trkpt lat="22.543575" lon="113.954546">
        <ele>13.2</ele>
        <time>2023-06-18T09:44:18Z</time>
      </trkpt>
      <trkpt lat="22.543532" lon="113.954552">
        <ele>13.2</ele>
        <time>2023-06-18T09:44:19Z</time>
      </trkpt>
      <trkpt lat="22.54348" lon="113.954552">
        <ele>13.2</ele>
        <time>2023-06-18T09:44:20Z</time>
      </trkpt>
      <trkpt lat="22.543431" lon="113.954553">
        <ele>13.2</ele>
        <time>2023-06-18T09:44:21Z</time>
      </trkpt>
      <trkpt lat="22.543391" lon="113.954561">
        <ele>13.2</ele>
        <time>2023-06-18T09:44:22Z</time>
      </trkpt>
      <trkpt lat="22.543371" lon="113.954569">
        <ele>13.2</ele>
        <time>2023-06-18T09:44:23Z</time>
      </trkpt>
      <trkpt lat="22.543342" lon="113.954573">
        <ele>13.2</ele>
        <time>2023-06-18T09:44:24Z</time>
      </trkpt>
      <trkpt lat="22.543305" lon="113.954567">
        <ele>13.2</ele>
        <time>2023-06-18T09:44:25Z</time>
      </trkpt>
      <trkpt lat="22.543255" lon="113.954567">
        <ele>13.2</ele>
        <time>2023-06-18T09:44:26Z</time>
      </trkpt>
      <trkpt lat="22.543211" lon="113.954567">
        <ele>13.2</ele>
        <time>2023-06-18T09:44:27Z</time>
      </trkpt>
      <trkpt lat="22.543185" lon="113.954565">
        <ele>13.2</ele>
        <time>2023-06-18T09:44:28Z</time>
      </trkpt>
      <trkpt lat="22.54316" lon="113.954559">
        <ele>13.2</ele>
        <time>2023-06-18T09:44:29Z</time>
      </trkpt>
      <trkpt lat="22.543137" lon="113.954556">
        <ele>13.2</ele>
        <time>2023-06-18T09:44:30Z</time>
      </trkpt>
      <trkpt lat="22.543119" lon="113.954539">
        <ele>13.2</ele>
        <time>2023-06-18T09:44:31Z</time>
      </trkpt>
      <trkpt lat="22.543102" lon="113.954513">
        <ele>13.2</ele>
        <time>2023-06-18T09:44:32Z</time>
      </trkpt>
      <trkpt lat="22.543067" lon="113.954476">
        <ele>13.2</ele>
        <time>2023-06-18T09:44:33Z</time>
      </trkpt>
      <trkpt lat="22.54304" lon="113.954451">
        <ele>13.2</ele>
        <time>2023-06-18T09:44:34Z</time>
      </trkpt>
      <trkpt lat="22.543018" lon="113.954443">
        <ele>13.2</ele>
        <time>2023-06-18T09:44:35Z</time>
      </trkpt>
      <trkpt lat="22.542994" lon="113.95444">
        <ele>13.2</ele>
        <time>2023-06-18T09:44:36Z</time>
      </trkpt>
      <trkpt lat="22.542966" lon="113.954452">
        <ele>13.2</ele>
        <time>2023-06-18T09:44:37Z</time>
      </trkpt>
      <trkpt lat="22.542941" lon="113.954454">
        <ele>13.2</ele>
        <time>2023-06-18T09:44:38Z</time>
      </trkpt>
      <trkpt lat="22.542924" lon="113.954464">
        <ele>13.2</ele>
        <time>2023-06-18T09:44:39Z</time>
      </trkpt>
      <trkpt lat="22.5429" lon="113.954487">
        <ele>13.2</ele>
        <time>2023-06-18T09:44:40Z</time>
      </trkpt>
      <trkpt lat="22.542877" lon="113.954507">
        <ele>13.2</ele>
        <time>2023-06-18T09:44:41Z</time>
      </trkpt>
      <trkpt lat="22.542853" lon="113.954514">
        <ele>13.2</ele>
        <time>2023-06-18T09:44:42Z</time>
      </trkpt>
      <trkpt lat="22.542828" lon="113.954514">
        <ele>13.2</ele>
        <time>2023-06-18T09:44:43Z</time>
      </trkpt>
      <trkpt lat="22.542802" lon="113.954514">
        <ele>13.2</ele>
        <time>2023-06-18T09:44:44Z</time>
      </trkpt>
      <trkpt lat="22.542773" lon="113.954514">
        <ele>13.2</ele>
        <time>2023-06-18T09:44:45Z</time>
      </trkpt>
      <trkpt lat="22.542744" lon="113.954514">
        <ele>13.2</ele>
        <time>2023-06-18T09:44:46Z</time>
      </trkpt>
      <trkpt lat="22.542711" lon="113.954514">
        <ele>13.2</ele>
        <time>2023-06-18T09:44:47Z</time>
      </trkpt>
      <trkpt lat="22.542681" lon="113.954512">
        <ele>13.2</ele>
        <time>2023-06-18T09:44:48Z</time>
      </trkpt>
      <trkpt lat="22.542649" lon="113.954507">
        <ele>13.2</ele>
        <time>2023-06-18T09:44:49Z</time>
      </trkpt>
      <trkpt lat="22.542617" lon="113.954512">
        <ele>13.2</ele>
        <time>2023-06-18T09:44:50Z</time>
      </trkpt>
      <trkpt lat="22.542582" lon="113.954506">
        <ele>13.2</ele>
        <time>2023-06-18T09:44:51Z</time>
      </trkpt>
      <trkpt lat="22.542542" lon="113.954505">
        <ele>13.2</ele>
        <time>2023-06-18T09:44:52Z</time>
      </trkpt>
      <trkpt lat="22.542498" lon="113.954496">
        <ele>13.2</ele>
        <time>2023-06-18T09:44:53Z</time>
      </trkpt>
      <trkpt lat="22.542451" lon="113.954482">
        <ele>13.2</ele>
        <time>2023-06-18T09:44:54Z</time>
      </trkpt>
      <trkpt lat="22.542406" lon="113.954474">
        <ele>13.2</ele>
        <time>2023-06-18T09:44:55Z</time>
      </trkpt>
      <trkpt lat="22.54236" lon="113.954466">
        <ele>13.2</ele>
        <time>2023-06-18T09:44:56Z</time>
      </trkpt>
      <trkpt lat="22.542317" lon="113.954458">
        <ele>13.2</ele>
        <time>2023-06-18T09:44:57Z</time>
      </trkpt>
      <trkpt lat="22.542272" lon="113.954444">
        <ele>13.2</ele>
        <time>2023-06-18T09:44:58Z</time>
      </trkpt>
      <trkpt lat="22.542225" lon="113.954436">
        <ele>13.2</ele>
        <time>2023-06-18T09:44:59Z</time>
      </trkpt>
      <trkpt lat="22.542178" lon="113.954427">
        <ele>13.2</ele>
        <time>2023-06-18T09:45:00Z</time>
      </trkpt>
      <trkpt lat="22.542131" lon="113.954413">
        <ele>13.2</ele>
        <time>2023-06-18T09:45:01Z</time>
      </trkpt>
      <trkpt lat="22.542081" lon="113.954405">
        <ele>13.2</ele>
        <time>2023-06-18T09:45:02Z</time>
      </trkpt>
      <trkpt lat="22.542031" lon="113.954398">
        <ele>13.2</ele>
        <time>2023-06-18T09:45:03Z</time>
      </trkpt>
      <trkpt lat="22.541978" lon="113.954388">
        <ele>13.2</ele>
        <time>2023-06-18T09:45:04Z</time>
      </trkpt>
      <trkpt lat="22.541934" lon="113.954373">
        <ele>13.1</ele>
        <time>2023-06-18T09:45:05Z</time>
      </trkpt>
      <trkpt lat="22.541884" lon="113.954358">
        <ele>13.1</ele>
        <time>2023-06-18T09:45:06Z</time>
      </trkpt>
      <trkpt lat="22.541833" lon="113.954343">
        <ele>13.1</ele>
        <time>2023-06-18T09:45:07Z</time>
      </trkpt>
      <trkpt lat="22.541783" lon="113.954328">
        <ele>13.1</ele>
        <time>2023-06-18T09:45:08Z</time>
      </trkpt>
      <trkpt lat="22.541731" lon="113.954312">
        <ele>13.1</ele>
        <time>2023-06-18T09:45:09Z</time>
      </trkpt>
      <trkpt lat="22.541678" lon="113.954297">
        <ele>13.1</ele>
        <time>2023-06-18T09:45:10Z</time>
      </trkpt>
      <trkpt lat="22.541627" lon="113.954283">
        <ele>13.1</ele>
        <time>2023-06-18T09:45:11Z</time>
      </trkpt>
      <trkpt lat="22.541579" lon="113.954274">
        <ele>13.1</ele>
        <time>2023-06-18T09:45:12Z</time>
      </trkpt>
      <trkpt lat="22.54153" lon="113.954259">
        <ele>13.1</ele>
        <time>2023-06-18T09:45:13Z</time>
      </trkpt>
      <trkpt lat="22.541482" lon="113.954243">
        <ele>13.1</ele>
        <time>2023-06-18T09:45:14Z</time>
      </trkpt>
      <trkpt lat="22.541432" lon="113.95422">
        <ele>13.1</ele>
        <time>2023-06-18T09:45:15Z</time>
      </trkpt>
      <trkpt lat="22.541384" lon="113.954197">
        <ele>13.1</ele>
        <time>2023-06-18T09:45:16Z</time>
      </trkpt>
      <trkpt lat="22.541335" lon="113.954174">
        <ele>13.1</ele>
        <time>2023-06-18T09:45:17Z</time>
      </trkpt>
      <trkpt lat="22.541292" lon="113.954159">
        <ele>13.1</ele>
        <time>2023-06-18T09:45:18Z</time>
      </trkpt>
      <trkpt lat="22.541245" lon="113.954134">
        <ele>13</ele>
        <time>2023-06-18T09:45:19Z</time>
      </trkpt>
      <trkpt lat="22.541197" lon="113.954107">
        <ele>13</ele>
        <time>2023-06-18T09:45:20Z</time>
      </trkpt>
      <trkpt lat="22.541147" lon="113.95409">
        <ele>13</ele>
        <time>2023-06-18T09:45:21Z</time>
      </trkpt>
      <trkpt lat="22.541103" lon="113.954067">
        <ele>13</ele>
        <time>2023-06-18T09:45:22Z</time>
      </trkpt>
      <trkpt lat="22.541059" lon="113.954045">
        <ele>13</ele>
        <time>2023-06-18T09:45:23Z</time>
      </trkpt>
      <trkpt lat="22.541014" lon="113.954029">
        <ele>13</ele>
        <time>2023-06-18T09:45:24Z</time>
      </trkpt>
      <trkpt lat="22.540969" lon="113.954005">
        <ele>13</ele>
        <time>2023-06-18T09:45:25Z</time>
      </trkpt>
      <trkpt lat="22.540922" lon="113.953975">
        <ele>13</ele>
        <time>2023-06-18T09:45:26Z</time>
      </trkpt>
      <trkpt lat="22.540878" lon="113.953951">
        <ele>13</ele>
        <time>2023-06-18T09:45:27Z</time>
      </trkpt>
      <trkpt lat="22.540832" lon="113.95392">
        <ele>13</ele>
        <time>2023-06-18T09:45:28Z</time>
      </trkpt>
      <trkpt lat="22.540792" lon="113.953891">
        <ele>13</ele>
        <time>2023-06-18T09:45:29Z</time>
      </trkpt>
      <trkpt lat="22.540757" lon="113.953869">
        <ele>13</ele>
        <time>2023-06-18T09:45:30Z</time>
      </trkpt>
      <trkpt lat="22.54073" lon="113.953847">
        <ele>13</ele>
        <time>2023-06-18T09:45:31Z</time>
      </trkpt>
      <trkpt lat="22.540708" lon="113.95383">
        <ele>13</ele>
        <time>2023-06-18T09:45:32Z</time>
      </trkpt>
      <trkpt lat="22.540689" lon="113.95381">
        <ele>13</ele>
        <time>2023-06-18T09:45:33Z</time>
      </trkpt>
      <trkpt lat="22.540676" lon="113.953802">
        <ele>13</ele>
        <time>2023-06-18T09:45:34Z</time>
      </trkpt>
      <trkpt lat="22.540668" lon="113.953795">
        <ele>13</ele>
        <time>2023-06-18T09:45:35Z</time>
      </trkpt>
      <trkpt lat="22.540666" lon="113.953787">
        <ele>13</ele>
        <time>2023-06-18T09:45:36Z</time>
      </trkpt>
      <trkpt lat="22.540663" lon="113.95378">
        <ele>13</ele>
        <time>2023-06-18T09:45:37Z</time>
      </trkpt>
      <trkpt lat="22.540654" lon="113.953772">
        <ele>13</ele>
        <time>2023-06-18T09:45:38Z</time>
      </trkpt>
      <trkpt lat="22.540636" lon="113.953763">
        <ele>12.9</ele>
        <time>2023-06-18T09:45:39Z</time>
      </trkpt>
      <trkpt lat="22.540614" lon="113.953747">
        <ele>12.9</ele>
        <time>2023-06-18T09:45:40Z</time>
      </trkpt>
      <trkpt lat="22.540577" lon="113.953725">
        <ele>12.9</ele>
        <time>2023-06-18T09:45:41Z</time>
      </trkpt>
      <trkpt lat="22.540544" lon="113.953708">
        <ele>12.9</ele>
        <time>2023-06-18T09:45:42Z</time>
      </trkpt>
      <trkpt lat="22.540507" lon="113.953686">
        <ele>12.9</ele>
        <time>2023-06-18T09:45:43Z</time>
      </trkpt>
      <trkpt lat="22.540462" lon="113.953661">
        <ele>12.9</ele>
        <time>2023-06-18T09:45:44Z</time>
      </trkpt>
      <trkpt lat="22.540416" lon="113.953632">
        <ele>12.9</ele>
        <time>2023-06-18T09:45:45Z</time>
      </trkpt>
      <trkpt lat="22.540372" lon="113.953609">
        <ele>12.9</ele>
        <time>2023-06-18T09:45:46Z</time>
      </trkpt>
      <trkpt lat="22.540328" lon="113.953586">
        <ele>12.9</ele>
        <time>2023-06-18T09:45:47Z</time>
      </trkpt>
      <trkpt lat="22.54028" lon="113.953563">
        <ele>12.9</ele>
        <time>2023-06-18T09:45:48Z</time>
      </trkpt>
      <trkpt lat="22.540232" lon="113.95354">
        <ele>12.9</ele>
        <time>2023-06-18T09:45:49Z</time>
      </trkpt>
      <trkpt lat="22.540186" lon="113.953516">
        <ele>12.9</ele>
        <time>2023-06-18T09:45:50Z</time>
      </trkpt>
      <trkpt lat="22.540135" lon="113.953485">
        <ele>12.9</ele>
        <time>2023-06-18T09:45:51Z</time>
      </trkpt>
      <trkpt lat="22.540087" lon="113.953455">
        <ele>12.9</ele>
        <time>2023-06-18T09:45:52Z</time>
      </trkpt>
      <trkpt lat="22.540039" lon="113.953425">
        <ele>12.9</ele>
        <time>2023-06-18T09:45:53Z</time>
      </trkpt>
      <trkpt lat="22.539991" lon="113.953392">
        <ele>12.9</ele>
        <time>2023-06-18T09:45:54Z</time>
      </trkpt>
      <trkpt lat="22.53994" lon="113.953353">
        <ele>12.8</ele>
        <time>2023-06-18T09:45:55Z</time>
      </trkpt>
      <trkpt lat="22.539893" lon="113.953319">
        <ele>12.8</ele>
        <time>2023-06-18T09:45:56Z</time>
      </trkpt>
      <trkpt lat="22.539852" lon="113.953295">
        <ele>12.8</ele>
        <time>2023-06-18T09:45:57Z</time>
      </trkpt>
      <trkpt lat="22.539812" lon="113.953264">
        <ele>12.8</ele>
        <time>2023-06-18T09:45:58Z</time>
      </trkpt>
      <trkpt lat="22.539769" lon="113.953236">
        <ele>12.8</ele>
        <time>2023-06-18T09:45:59Z</time>
      </trkpt>
      <trkpt lat="22.539732" lon="113.95322">
        <ele>12.8</ele>
        <time>2023-06-18T09:46:00Z</time>
      </trkpt>
      <trkpt lat="22.539689" lon="113.953198">
        <ele>12.8</ele>
        <time>2023-06-18T09:46:01Z</time>
      </trkpt>
      <trkpt lat="22.539643" lon="113.953183">
        <ele>12.8</ele>
        <time>2023-06-18T09:46:02Z</time>
      </trkpt>
      <trkpt lat="22.539598" lon="113.953165">
        <ele>12.8</ele>
        <time>2023-06-18T09:46:03Z</time>
      </trkpt>
      <trkpt lat="22.539555" lon="113.953136">
        <ele>12.8</ele>
        <time>2023-06-18T09:46:04Z</time>
      </trkpt>
      <trkpt lat="22.539515" lon="113.953113">
        <ele>12.8</ele>
        <time>2023-06-18T09:46:05Z</time>
      </trkpt>
      <trkpt lat="22.53947" lon="113.953088">
        <ele>12.8</ele>
        <time>2023-06-18T09:46:06Z</time>
      </trkpt>
      <trkpt lat="22.539422" lon="113.95306">
        <ele>12.8</ele>
        <time>2023-06-18T09:46:07Z</time>
      </trkpt>
      <trkpt lat="22.539379" lon="113.953037">
        <ele>12.8</ele>
        <time>2023-06-18T09:46:08Z</time>
      </trkpt>
      <trkpt lat="22.539337" lon="113.953014">
        <ele>12.8</ele>
        <time>2023-06-18T09:46:09Z</time>
      </trkpt>
      <trkpt lat="22.539295" lon="113.952991">
        <ele>12.8</ele>
        <time>2023-06-18T09:46:10Z</time>
      </trkpt>
      <trkpt lat="22.539248" lon="113.952967">
        <ele>12.7</ele>
        <time>2023-06-18T09:46:11Z</time>
      </trkpt>
      <trkpt lat="22.5392" lon="113.952936">
        <ele>12.7</ele>
        <time>2023-06-18T09:46:12Z</time>
      </trkpt>
      <trkpt lat="22.539152" lon="113.952905">
        <ele>12.7</ele>
        <time>2023-06-18T09:46:13Z</time>
      </trkpt>
      <trkpt lat="22.539102" lon="113.952875">
        <ele>12.7</ele>
        <time>2023-06-18T09:46:14Z</time>
      </trkpt>
      <trkpt lat="22.539059" lon="113.952841">
        <ele>12.7</ele>
        <time>2023-06-18T09:46:15Z</time>
      </trkpt>
      <trkpt lat="22.53901" lon="113.952799">
        <ele>12.7</ele>
        <time>2023-06-18T09:46:16Z</time>
      </trkpt>
      <trkpt lat="22.538965" lon="113.95277">
        <ele>12.7</ele>
        <time>2023-06-18T09:46:17Z</time>
      </trkpt>
      <trkpt lat="22.538921" lon="113.952747">
        <ele>12.7</ele>
        <time>2023-06-18T09:46:18Z</time>
      </trkpt>
      <trkpt lat="22.538878" lon="113.952724">
        <ele>12.7</ele>
        <time>2023-06-18T09:46:19Z</time>
      </trkpt>
      <trkpt lat="22.538839" lon="113.952701">
        <ele>12.7</ele>
        <time>2023-06-18T09:46:20Z</time>
      </trkpt>
      <trkpt lat="22.538798" lon="113.952678">
        <ele>12.7</ele>
        <time>2023-06-18T09:46:21Z</time>
      </trkpt>
      <trkpt lat="22.538757" lon="113.952655">
        <ele>12.7</ele>
        <time>2023-06-18T09:46:22Z</time>
      </trkpt>
      <trkpt lat="22.538714" lon="113.952633">
        <ele>12.7</ele>
        <time>2023-06-18T09:46:23Z</time>
      </trkpt>
      <trkpt lat="22.538663" lon="113.95261">
        <ele>12.7</ele>
        <time>2023-06-18T09:46:24Z</time>
      </trkpt>
      <trkpt lat="22.538616" lon="113.952587">
        <ele>12.6</ele>
        <time>2023-06-18T09:46:25Z</time>
      </trkpt>
      <trkpt lat="22.538569" lon="113.952564">
        <ele>12.6</ele>
        <time>2023-06-18T09:46:26Z</time>
      </trkpt>
      <trkpt lat="22.538523" lon="113.952539">
        <ele>12.6</ele>
        <time>2023-06-18T09:46:27Z</time>
      </trkpt>
      <trkpt lat="22.538479" lon="113.952507">
        <ele>12.6</ele>
        <time>2023-06-18T09:46:28Z</time>
      </trkpt>
      <trkpt lat="22.538429" lon="113.952469">
        <ele>12.6</ele>
        <time>2023-06-18T09:46:29Z</time>
      </trkpt>
      <trkpt lat="22.538377" lon="113.952432">
        <ele>12.6</ele>
        <time>2023-06-18T09:46:30Z</time>
      </trkpt>
      <trkpt lat="22.538324" lon="113.952402">
        <ele>12.6</ele>
        <time>2023-06-18T09:46:31Z</time>
      </trkpt>
      <trkpt lat="22.538271" lon="113.952372">
        <ele>12.6</ele>
        <time>2023-06-18T09:46:32Z</time>
      </trkpt>
      <trkpt lat="22.538221" lon="113.952348">
        <ele>12.6</ele>
        <time>2023-06-18T09:46:33Z</time>
      </trkpt>
      <trkpt lat="22.538165" lon="113.952318">
        <ele>12.6</ele>
        <time>2023-06-18T09:46:34Z</time>
      </trkpt>
      <trkpt lat="22.53811" lon="113.952287">
        <ele>12.6</ele>
        <time>2023-06-18T09:46:35Z</time>
      </trkpt>
      <trkpt lat="22.53806" lon="113.952257">
        <ele>12.6</ele>
        <time>2023-06-18T09:46:36Z</time>
      </trkpt>
      <trkpt lat="22.538008" lon="113.952226">
        <ele>12.6</ele>
        <time>2023-06-18T09:46:37Z</time>
      </trkpt>
      <trkpt lat="22.537952" lon="113.952196">
        <ele>12.5</ele>
        <time>2023-06-18T09:46:38Z</time>
      </trkpt>
      <trkpt lat="22.537902" lon="113.952173">
        <ele>12.5</ele>
        <time>2023-06-18T09:46:39Z</time>
      </trkpt>
      <trkpt lat="22.53785" lon="113.952146">
        <ele>12.5</ele>
        <time>2023-06-18T09:46:40Z</time>
      </trkpt>
      <trkpt lat="22.5378" lon="113.952117">
        <ele>12.5</ele>
        <time>2023-06-18T09:46:41Z</time>
      </trkpt>
      <trkpt lat="22.537752" lon="113.95209">
        <ele>12.5</ele>
        <time>2023-06-18T09:46:42Z</time>
      </trkpt>
      <trkpt lat="22.537703" lon="113.952067">
        <ele>12.5</ele>
        <time>2023-06-18T09:46:43Z</time>
      </trkpt>
      <trkpt lat="22.537651" lon="113.952043">
        <ele>12.5</ele>
        <time>2023-06-18T09:46:44Z</time>
      </trkpt>
      <trkpt lat="22.537599" lon="113.952016">
        <ele>12.5</ele>
        <time>2023-06-18T09:46:45Z</time>
      </trkpt>
      <trkpt lat="22.537553" lon="113.951998">
        <ele>12.5</ele>
        <time>2023-06-18T09:46:46Z</time>
      </trkpt>
      <trkpt lat="22.537496" lon="113.951967">
        <ele>12.5</ele>
        <time>2023-06-18T09:46:47Z</time>
      </trkpt>
      <trkpt lat="22.53744" lon="113.951938">
        <ele>12.5</ele>
        <time>2023-06-18T09:46:48Z</time>
      </trkpt>
      <trkpt lat="22.537388" lon="113.951914">
        <ele>12.5</ele>
        <time>2023-06-18T09:46:49Z</time>
      </trkpt>
      <trkpt lat="22.53734" lon="113.951883">
        <ele>12.4</ele>
        <time>2023-06-18T09:46:50Z</time>
      </trkpt>
      <trkpt lat="22.537287" lon="113.951851">
        <ele>12.4</ele>
        <time>2023-06-18T09:46:51Z</time>
      </trkpt>
      <trkpt lat="22.537235" lon="113.951816">
        <ele>12.4</ele>
        <time>2023-06-18T09:46:52Z</time>
      </trkpt>
      <trkpt lat="22.537185" lon="113.95179">
        <ele>12.4</ele>
        <time>2023-06-18T09:46:53Z</time>
      </trkpt>
      <trkpt lat="22.537144" lon="113.951753">
        <ele>12.4</ele>
        <time>2023-06-18T09:46:54Z</time>
      </trkpt>
      <trkpt lat="22.537096" lon="113.951723">
        <ele>12.4</ele>
        <time>2023-06-18T09:46:55Z</time>
      </trkpt>
      <trkpt lat="22.537045" lon="113.951693">
        <ele>12.4</ele>
        <time>2023-06-18T09:46:56Z</time>
      </trkpt>
      <trkpt lat="22.536995" lon="113.951661">
        <ele>12.4</ele>
        <time>2023-06-18T09:46:57Z</time>
      </trkpt>
      <trkpt lat="22.536943" lon="113.951624">
        <ele>12.4</ele>
        <time>2023-06-18T09:46:58Z</time>
      </trkpt>
      <trkpt lat="22.536891" lon="113.951593">
        <ele>12.4</ele>
        <time>2023-06-18T09:46:59Z</time>
      </trkpt>
      <trkpt lat="22.536838" lon="113.951563">
        <ele>12.4</ele>
        <time>2023-06-18T09:47:00Z</time>
      </trkpt>
      <trkpt lat="22.536787" lon="113.951533">
        <ele>12.4</ele>
        <time>2023-06-18T09:47:01Z</time>
      </trkpt>
      <trkpt lat="22.536735" lon="113.9515">
        <ele>12.4</ele>
        <time>2023-06-18T09:47:02Z</time>
      </trkpt>
      <trkpt lat="22.53668" lon="113.951464">
        <ele>12.4</ele>
        <time>2023-06-18T09:47:03Z</time>
      </trkpt>
      <trkpt lat="22.536632" lon="113.951433">
        <ele>12.4</ele>
        <time>2023-06-18T09:47:04Z</time>
      </trkpt>
      <trkpt lat="22.536583" lon="113.951404">
        <ele>12.4</ele>
        <time>2023-06-18T09:47:05Z</time>
      </trkpt>
      <trkpt lat="22.53653" lon="113.95138">
        <ele>12.4</ele>
        <time>2023-06-18T09:47:06Z</time>
      </trkpt>
      <trkpt lat="22.53648" lon="113.951349">
        <ele>12.4</ele>
        <time>2023-06-18T09:47:07Z</time>
      </trkpt>
      <trkpt lat="22.536433" lon="113.951319">
        <ele>12.4</ele>
        <time>2023-06-18T09:47:08Z</time>
      </trkpt>
      <trkpt lat="22.536385" lon="113.951287">
        <ele>12.4</ele>
        <time>2023-06-18T09:47:09Z</time>
      </trkpt>
      <trkpt lat="22.536339" lon="113.95125">
        <ele>12.4</ele>
        <time>2023-06-18T09:47:10Z</time>
      </trkpt>
      <trkpt lat="22.536303" lon="113.951221">
        <ele>12.3</ele>
        <time>2023-06-18T09:47:11Z</time>
      </trkpt>
      <trkpt lat="22.536273" lon="113.951198">
        <ele>12.3</ele>
        <time>2023-06-18T09:47:12Z</time>
      </trkpt>
      <trkpt lat="22.536245" lon="113.951177">
        <ele>12.3</ele>
        <time>2023-06-18T09:47:13Z</time>
      </trkpt>
      <trkpt lat="22.536223" lon="113.95116">
        <ele>12.3</ele>
        <time>2023-06-18T09:47:14Z</time>
      </trkpt>
      <trkpt lat="22.536201" lon="113.951143">
        <ele>12.3</ele>
        <time>2023-06-18T09:47:15Z</time>
      </trkpt>
      <trkpt lat="22.536179" lon="113.951125">
        <ele>12.3</ele>
        <time>2023-06-18T09:47:16Z</time>
      </trkpt>
      <trkpt lat="22.536159" lon="113.951109">
        <ele>12.3</ele>
        <time>2023-06-18T09:47:17Z</time>
      </trkpt>
      <trkpt lat="22.536149" lon="113.951102">
        <ele>12.3</ele>
        <time>2023-06-18T09:47:18Z</time>
      </trkpt>
      <trkpt lat="22.536138" lon="113.951094">
        <ele>12.3</ele>
        <time>2023-06-18T09:47:19Z</time>
      </trkpt>
      <trkpt lat="22.536121" lon="113.951085">
        <ele>12.3</ele>
        <time>2023-06-18T09:47:20Z</time>
      </trkpt>
      <trkpt lat="22.536099" lon="113.95107">
        <ele>12.3</ele>
        <time>2023-06-18T09:47:21Z</time>
      </trkpt>
      <trkpt lat="22.536073" lon="113.951055">
        <ele>12.3</ele>
        <time>2023-06-18T09:47:22Z</time>
      </trkpt>
      <trkpt lat="22.536046" lon="113.951039">
        <ele>12.3</ele>
        <time>2023-06-18T09:47:23Z</time>
      </trkpt>
      <trkpt lat="22.536019" lon="113.951023">
        <ele>12.3</ele>
        <time>2023-06-18T09:47:24Z</time>
      </trkpt>
      <trkpt lat="22.535988" lon="113.951">
        <ele>12.3</ele>
        <time>2023-06-18T09:47:25Z</time>
      </trkpt>
      <trkpt lat="22.535949" lon="113.950977">
        <ele>12.3</ele>
        <time>2023-06-18T09:47:26Z</time>
      </trkpt>
      <trkpt lat="22.535913" lon="113.950953">
        <ele>12.3</ele>
        <time>2023-06-18T09:47:27Z</time>
      </trkpt>
      <trkpt lat="22.535878" lon="113.950929">
        <ele>12.3</ele>
        <time>2023-06-18T09:47:28Z</time>
      </trkpt>
      <trkpt lat="22.535843" lon="113.950905">
        <ele>12.3</ele>
        <time>2023-06-18T09:47:29Z</time>
      </trkpt>
      <trkpt lat="22.535808" lon="113.950881">
        <ele>12.3</ele>
        <time>2023-06-18T09:47:30Z</time>
      </trkpt>
      <trkpt lat="22.535773" lon="113.950858">
        <ele>12.3</ele>
        <time>2023-06-18T09:47:31Z</time>
      </trkpt>
      <trkpt lat="22.535738" lon="113.950834">
        <ele>12.3</ele>
        <time>2023-06-18T09:47:32Z</time>
      </trkpt>
      <trkpt lat="22.535702" lon="113.95081">
        <ele>12.3</ele>
        <time>2023-06-18T09:47:33Z</time>
      </trkpt>
      <trkpt lat="22.535666" lon="113.950788">
        <ele>12.3</ele>
        <time>2023-06-18T09:47:34Z</time>
      </trkpt>
      <trkpt lat="22.535624" lon="113.950777">
        <ele>12.3</ele>
        <time>2023-06-18T09:47:35Z</time>
      </trkpt>
      <trkpt lat="22.535583" lon="113.950765">
        <ele>12.3</ele>
        <time>2023-06-18T09:47:36Z</time>
      </trkpt>
      <trkpt lat="22.535541" lon="113.950754">
        <ele>12.3</ele>
        <time>2023-06-18T09:47:37Z</time>
      </trkpt>
      <trkpt lat="22.535496" lon="113.95074">
        <ele>12.3</ele>
        <time>2023-06-18T09:47:38Z</time>
      </trkpt>
      <trkpt lat="22.535442" lon="113.950716">
        <ele>12.3</ele>
        <time>2023-06-18T09:47:39Z</time>
      </trkpt>
      <trkpt lat="22.535398" lon="113.950688">
        <ele>12.3</ele>
        <time>2023-06-18T09:47:40Z</time>
      </trkpt>
      <trkpt lat="22.535352" lon="113.950673">
        <ele>12.3</ele>
        <time>2023-06-18T09:47:41Z</time>
      </trkpt>
      <trkpt lat="22.535302" lon="113.950658">
        <ele>12.3</ele>
        <time>2023-06-18T09:47:42Z</time>
      </trkpt>
      <trkpt lat="22.535255" lon="113.950643">
        <ele>12.3</ele>
        <time>2023-06-18T09:47:43Z</time>
      </trkpt>
      <trkpt lat="22.535204" lon="113.950626">
        <ele>12.3</ele>
        <time>2023-06-18T09:47:44Z</time>
      </trkpt>
      <trkpt lat="22.535142" lon="113.950605">
        <ele>12.3</ele>
        <time>2023-06-18T09:47:45Z</time>
      </trkpt>
      <trkpt lat="22.535082" lon="113.95059">
        <ele>12.3</ele>
        <time>2023-06-18T09:47:46Z</time>
      </trkpt>
      <trkpt lat="22.535028" lon="113.950574">
        <ele>12.4</ele>
        <time>2023-06-18T09:47:47Z</time>
      </trkpt>
      <trkpt lat="22.534978" lon="113.950558">
        <ele>12.4</ele>
        <time>2023-06-18T09:47:48Z</time>
      </trkpt>
      <trkpt lat="22.53493" lon="113.950543">
        <ele>12.4</ele>
        <time>2023-06-18T09:47:49Z</time>
      </trkpt>
      <trkpt lat="22.534888" lon="113.950528">
        <ele>12.4</ele>
        <time>2023-06-18T09:47:50Z</time>
      </trkpt>
      <trkpt lat="22.534841" lon="113.950513">
        <ele>12.4</ele>
        <time>2023-06-18T09:47:51Z</time>
      </trkpt>
      <trkpt lat="22.534792" lon="113.950499">
        <ele>12.4</ele>
        <time>2023-06-18T09:47:52Z</time>
      </trkpt>
      <trkpt lat="22.53474" lon="113.950491">
        <ele>12.4</ele>
        <time>2023-06-18T09:47:53Z</time>
      </trkpt>
      <trkpt lat="22.534689" lon="113.950484">
        <ele>12.4</ele>
        <time>2023-06-18T09:47:54Z</time>
      </trkpt>
      <trkpt lat="22.534638" lon="113.950475">
        <ele>12.4</ele>
        <time>2023-06-18T09:47:55Z</time>
      </trkpt>
      <trkpt lat="22.534587" lon="113.950461">
        <ele>12.4</ele>
        <time>2023-06-18T09:47:56Z</time>
      </trkpt>
      <trkpt lat="22.534537" lon="113.950455">
        <ele>12.4</ele>
        <time>2023-06-18T09:47:57Z</time>
      </trkpt>
      <trkpt lat="22.534485" lon="113.950453">
        <ele>12.4</ele>
        <time>2023-06-18T09:47:58Z</time>
      </trkpt>
      <trkpt lat="22.534434" lon="113.950446">
        <ele>12.4</ele>
        <time>2023-06-18T09:47:59Z</time>
      </trkpt>
      <trkpt lat="22.534381" lon="113.950438">
        <ele>12.4</ele>
        <time>2023-06-18T09:48:00Z</time>
      </trkpt>
      <trkpt lat="22.534328" lon="113.950431">
        <ele>12.4</ele>
        <time>2023-06-18T09:48:01Z</time>
      </trkpt>
      <trkpt lat="22.53427" lon="113.950423">
        <ele>12.4</ele>
        <time>2023-06-18T09:48:02Z</time>
      </trkpt>
      <trkpt lat="22.534214" lon="113.950417">
        <ele>12.4</ele>
        <time>2023-06-18T09:48:03Z</time>
      </trkpt>
      <trkpt lat="22.534163" lon="113.950415">
        <ele>12.4</ele>
        <time>2023-06-18T09:48:04Z</time>
      </trkpt>
      <trkpt lat="22.534112" lon="113.950409">
        <ele>12.4</ele>
        <time>2023-06-18T09:48:05Z</time>
      </trkpt>
      <trkpt lat="22.534058" lon="113.950408">
        <ele>12.4</ele>
        <time>2023-06-18T09:48:06Z</time>
      </trkpt>
      <trkpt lat="22.534004" lon="113.9504">
        <ele>12.5</ele>
        <time>2023-06-18T09:48:07Z</time>
      </trkpt>
      <trkpt lat="22.533953" lon="113.950392">
        <ele>12.5</ele>
        <time>2023-06-18T09:48:08Z</time>
      </trkpt>
      <trkpt lat="22.533901" lon="113.950383">
        <ele>12.5</ele>
        <time>2023-06-18T09:48:09Z</time>
      </trkpt>
      <trkpt lat="22.533849" lon="113.950369">
        <ele>12.5</ele>
        <time>2023-06-18T09:48:10Z</time>
      </trkpt>
      <trkpt lat="22.5338" lon="113.95036">
        <ele>12.5</ele>
        <time>2023-06-18T09:48:11Z</time>
      </trkpt>
      <trkpt lat="22.533752" lon="113.950345">
        <ele>12.5</ele>
        <time>2023-06-18T09:48:12Z</time>
      </trkpt>
      <trkpt lat="22.533701" lon="113.95033">
        <ele>12.6</ele>
        <time>2023-06-18T09:48:13Z</time>
      </trkpt>
      <trkpt lat="22.533647" lon="113.950315">
        <ele>12.6</ele>
        <time>2023-06-18T09:48:14Z</time>
      </trkpt>
      <trkpt lat="22.533601" lon="113.950299">
        <ele>12.6</ele>
        <time>2023-06-18T09:48:15Z</time>
      </trkpt>
      <trkpt lat="22.533553" lon="113.950285">
        <ele>12.7</ele>
        <time>2023-06-18T09:48:16Z</time>
      </trkpt>
      <trkpt lat="22.533506" lon="113.950276">
        <ele>12.7</ele>
        <time>2023-06-18T09:48:17Z</time>
      </trkpt>
      <trkpt lat="22.533467" lon="113.950263">
        <ele>12.7</ele>
        <time>2023-06-18T09:48:18Z</time>
      </trkpt>
      <trkpt lat="22.533418" lon="113.950258">
        <ele>12.7</ele>
        <time>2023-06-18T09:48:19Z</time>
      </trkpt>
      <trkpt lat="22.53337" lon="113.950264">
        <ele>12.8</ele>
        <time>2023-06-18T09:48:20Z</time>
      </trkpt>
      <trkpt lat="22.533326" lon="113.950263">
        <ele>12.8</ele>
        <time>2023-06-18T09:48:21Z</time>
      </trkpt>
      <trkpt lat="22.533281" lon="113.950256">
        <ele>12.8</ele>
        <time>2023-06-18T09:48:22Z</time>
      </trkpt>
      <trkpt lat="22.533235" lon="113.950255">
        <ele>12.8</ele>
        <time>2023-06-18T09:48:23Z</time>
      </trkpt>
      <trkpt lat="22.533185" lon="113.950247">
        <ele>12.9</ele>
        <time>2023-06-18T09:48:24Z</time>
      </trkpt>
      <trkpt lat="22.533136" lon="113.950241">
        <ele>12.9</ele>
        <time>2023-06-18T09:48:25Z</time>
      </trkpt>
      <trkpt lat="22.533089" lon="113.95024">
        <ele>12.9</ele>
        <time>2023-06-18T09:48:26Z</time>
      </trkpt>
      <trkpt lat="22.533037" lon="113.950232">
        <ele>12.9</ele>
        <time>2023-06-18T09:48:27Z</time>
      </trkpt>
      <trkpt lat="22.532988" lon="113.950226">
        <ele>13</ele>
        <time>2023-06-18T09:48:28Z</time>
      </trkpt>
      <trkpt lat="22.532939" lon="113.950225">
        <ele>13</ele>
        <time>2023-06-18T09:48:29Z</time>
      </trkpt>
      <trkpt lat="22.532887" lon="113.950215">
        <ele>13</ele>
        <time>2023-06-18T09:48:30Z</time>
      </trkpt>
      <trkpt lat="22.53284" lon="113.950203">
        <ele>13.1</ele>
        <time>2023-06-18T09:48:31Z</time>
      </trkpt>
      <trkpt lat="22.53279" lon="113.950202">
        <ele>13.1</ele>
        <time>2023-06-18T09:48:32Z</time>
      </trkpt>
      <trkpt lat="22.532738" lon="113.950195">
        <ele>13.1</ele>
        <time>2023-06-18T09:48:33Z</time>
      </trkpt>
      <trkpt lat="22.532688" lon="113.950195">
        <ele>13.1</ele>
        <time>2023-06-18T09:48:34Z</time>
      </trkpt>
      <trkpt lat="22.532634" lon="113.950195">
        <ele>13.2</ele>
        <time>2023-06-18T09:48:35Z</time>
      </trkpt>
      <trkpt lat="22.532582" lon="113.950195">
        <ele>13.2</ele>
        <time>2023-06-18T09:48:36Z</time>
      </trkpt>
      <trkpt lat="22.532529" lon="113.950195">
        <ele>13.2</ele>
        <time>2023-06-18T09:48:37Z</time>
      </trkpt>
      <trkpt lat="22.532477" lon="113.950195">
        <ele>13.2</ele>
        <time>2023-06-18T09:48:38Z</time>
      </trkpt>
      <trkpt lat="22.532424" lon="113.950191">
        <ele>13.3</ele>
        <time>2023-06-18T09:48:39Z</time>
      </trkpt>
      <trkpt lat="22.532371" lon="113.950188">
        <ele>13.3</ele>
        <time>2023-06-18T09:48:40Z</time>
      </trkpt>
      <trkpt lat="22.532314" lon="113.950188">
        <ele>13.3</ele>
        <time>2023-06-18T09:48:41Z</time>
      </trkpt>
      <trkpt lat="22.532256" lon="113.950188">
        <ele>13.4</ele>
        <time>2023-06-18T09:48:42Z</time>
      </trkpt>
      <trkpt lat="22.5322" lon="113.950188">
        <ele>13.4</ele>
        <time>2023-06-18T09:48:43Z</time>
      </trkpt>
      <trkpt lat="22.532144" lon="113.950188">
        <ele>13.4</ele>
        <time>2023-06-18T09:48:44Z</time>
      </trkpt>
      <trkpt lat="22.532089" lon="113.950187">
        <ele>13.4</ele>
        <time>2023-06-18T09:48:45Z</time>
      </trkpt>
      <trkpt lat="22.532024" lon="113.950183">
        <ele>13.4</ele>
        <time>2023-06-18T09:48:46Z</time>
      </trkpt>
      <trkpt lat="22.531961" lon="113.950179">
        <ele>13.4</ele>
        <time>2023-06-18T09:48:47Z</time>
      </trkpt>
      <trkpt lat="22.531903" lon="113.950171">
        <ele>13.4</ele>
        <time>2023-06-18T09:48:48Z</time>
      </trkpt>
      <trkpt lat="22.531839" lon="113.950164">
        <ele>13.3</ele>
        <time>2023-06-18T09:48:49Z</time>
      </trkpt>
      <trkpt lat="22.531779" lon="113.950156">
        <ele>13.3</ele>
        <time>2023-06-18T09:48:50Z</time>
      </trkpt>
      <trkpt lat="22.531719" lon="113.950148">
        <ele>13.3</ele>
        <time>2023-06-18T09:48:51Z</time>
      </trkpt>
      <trkpt lat="22.531665" lon="113.95014">
        <ele>13.3</ele>
        <time>2023-06-18T09:48:52Z</time>
      </trkpt>
      <trkpt lat="22.531611" lon="113.950133">
        <ele>13.3</ele>
        <time>2023-06-18T09:48:53Z</time>
      </trkpt>
      <trkpt lat="22.531556" lon="113.950125">
        <ele>13.3</ele>
        <time>2023-06-18T09:48:54Z</time>
      </trkpt>
      <trkpt lat="22.531495" lon="113.950116">
        <ele>13.2</ele>
        <time>2023-06-18T09:48:55Z</time>
      </trkpt>
      <trkpt lat="22.531433" lon="113.950104">
        <ele>13.2</ele>
        <time>2023-06-18T09:48:56Z</time>
      </trkpt>
      <trkpt lat="22.531372" lon="113.950102">
        <ele>13.2</ele>
        <time>2023-06-18T09:48:57Z</time>
      </trkpt>
      <trkpt lat="22.531312" lon="113.950095">
        <ele>13.2</ele>
        <time>2023-06-18T09:48:58Z</time>
      </trkpt>
      <trkpt lat="22.531254" lon="113.950089">
        <ele>13.2</ele>
        <time>2023-06-18T09:48:59Z</time>
      </trkpt>
      <trkpt lat="22.531201" lon="113.950087">
        <ele>13.1</ele>
        <time>2023-06-18T09:49:00Z</time>
      </trkpt>
      <trkpt lat="22.53115" lon="113.950081">
        <ele>13.1</ele>
        <time>2023-06-18T09:49:01Z</time>
      </trkpt>
      <trkpt lat="22.531096" lon="113.950081">
        <ele>13.1</ele>
        <time>2023-06-18T09:49:02Z</time>
      </trkpt>
      <trkpt lat="22.531045" lon="113.950081">
        <ele>13.1</ele>
        <time>2023-06-18T09:49:03Z</time>
      </trkpt>
      <trkpt lat="22.530992" lon="113.95008">
        <ele>13.1</ele>
        <time>2023-06-18T09:49:04Z</time>
      </trkpt>
      <trkpt lat="22.530935" lon="113.950072">
        <ele>13.1</ele>
        <time>2023-06-18T09:49:05Z</time>
      </trkpt>
      <trkpt lat="22.530878" lon="113.950066">
        <ele>13</ele>
        <time>2023-06-18T09:49:06Z</time>
      </trkpt>
      <trkpt lat="22.530826" lon="113.950064">
        <ele>13</ele>
        <time>2023-06-18T09:49:07Z</time>
      </trkpt>
      <trkpt lat="22.530772" lon="113.950058">
        <ele>13</ele>
        <time>2023-06-18T09:49:08Z</time>
      </trkpt>
      <trkpt lat="22.530718" lon="113.950058">
        <ele>13</ele>
        <time>2023-06-18T09:49:09Z</time>
      </trkpt>
      <trkpt lat="22.530655" lon="113.950058">
        <ele>13</ele>
        <time>2023-06-18T09:49:10Z</time>
      </trkpt>
      <trkpt lat="22.530594" lon="113.950058">
        <ele>13</ele>
        <time>2023-06-18T09:49:11Z</time>
      </trkpt>
      <trkpt lat="22.530536" lon="113.950058">
        <ele>12.9</ele>
        <time>2023-06-18T09:49:12Z</time>
      </trkpt>
      <trkpt lat="22.530479" lon="113.950058">
        <ele>12.9</ele>
        <time>2023-06-18T09:49:13Z</time>
      </trkpt>
      <trkpt lat="22.530427" lon="113.950058">
        <ele>12.9</ele>
        <time>2023-06-18T09:49:14Z</time>
      </trkpt>
      <trkpt lat="22.53037" lon="113.950058">
        <ele>12.9</ele>
        <time>2023-06-18T09:49:15Z</time>
      </trkpt>
      <trkpt lat="22.530319" lon="113.950058">
        <ele>12.9</ele>
        <time>2023-06-18T09:49:16Z</time>
      </trkpt>
      <trkpt lat="22.530273" lon="113.950058">
        <ele>12.9</ele>
        <time>2023-06-18T09:49:17Z</time>
      </trkpt>
      <trkpt lat="22.530229" lon="113.950055">
        <ele>12.9</ele>
        <time>2023-06-18T09:49:18Z</time>
      </trkpt>
      <trkpt lat="22.530182" lon="113.950043">
        <ele>12.9</ele>
        <time>2023-06-18T09:49:19Z</time>
      </trkpt>
      <trkpt lat="22.530142" lon="113.950041">
        <ele>12.9</ele>
        <time>2023-06-18T09:49:20Z</time>
      </trkpt>
      <trkpt lat="22.530113" lon="113.950032">
        <ele>12.8</ele>
        <time>2023-06-18T09:49:21Z</time>
      </trkpt>
      <trkpt lat="22.53009" lon="113.950017">
        <ele>12.8</ele>
        <time>2023-06-18T09:49:22Z</time>
      </trkpt>
      <trkpt lat="22.530071" lon="113.950002">
        <ele>12.8</ele>
        <time>2023-06-18T09:49:23Z</time>
      </trkpt>
      <trkpt lat="22.530057" lon="113.949987">
        <ele>12.8</ele>
        <time>2023-06-18T09:49:24Z</time>
      </trkpt>
      <trkpt lat="22.530041" lon="113.949973">
        <ele>12.8</ele>
        <time>2023-06-18T09:49:25Z</time>
      </trkpt>
      <trkpt lat="22.530022" lon="113.949968">
        <ele>12.8</ele>
        <time>2023-06-18T09:49:26Z</time>
      </trkpt>
      <trkpt lat="22.529997" lon="113.949975">
        <ele>12.8</ele>
        <time>2023-06-18T09:49:27Z</time>
      </trkpt>
      <trkpt lat="22.529966" lon="113.949979">
        <ele>12.8</ele>
        <time>2023-06-18T09:49:28Z</time>
      </trkpt>
      <trkpt lat="22.529934" lon="113.949982">
        <ele>12.8</ele>
        <time>2023-06-18T09:49:29Z</time>
      </trkpt>
      <trkpt lat="22.529892" lon="113.94998">
        <ele>12.8</ele>
        <time>2023-06-18T09:49:30Z</time>
      </trkpt>
      <trkpt lat="22.529848" lon="113.949973">
        <ele>12.8</ele>
        <time>2023-06-18T09:49:31Z</time>
      </trkpt>
      <trkpt lat="22.529804" lon="113.94997">
        <ele>12.8</ele>
        <time>2023-06-18T09:49:32Z</time>
      </trkpt>
      <trkpt lat="22.529759" lon="113.949965">
        <ele>12.8</ele>
        <time>2023-06-18T09:49:33Z</time>
      </trkpt>
      <trkpt lat="22.529714" lon="113.949959">
        <ele>12.8</ele>
        <time>2023-06-18T09:49:34Z</time>
      </trkpt>
      <trkpt lat="22.529668" lon="113.949959">
        <ele>12.8</ele>
        <time>2023-06-18T09:49:35Z</time>
      </trkpt>
      <trkpt lat="22.529621" lon="113.949959">
        <ele>12.8</ele>
        <time>2023-06-18T09:49:36Z</time>
      </trkpt>
      <trkpt lat="22.529577" lon="113.94996">
        <ele>12.8</ele>
        <time>2023-06-18T09:49:37Z</time>
      </trkpt>
      <trkpt lat="22.529531" lon="113.949966">
        <ele>12.8</ele>
        <time>2023-06-18T09:49:38Z</time>
      </trkpt>
      <trkpt lat="22.529487" lon="113.949962">
        <ele>12.8</ele>
        <time>2023-06-18T09:49:39Z</time>
      </trkpt>
      <trkpt lat="22.529443" lon="113.949957">
        <ele>12.8</ele>
        <time>2023-06-18T09:49:40Z</time>
      </trkpt>
      <trkpt lat="22.529399" lon="113.94995">
        <ele>12.8</ele>
        <time>2023-06-18T09:49:41Z</time>
      </trkpt>
      <trkpt lat="22.529351" lon="113.949942">
        <ele>12.8</ele>
        <time>2023-06-18T09:49:42Z</time>
      </trkpt>
      <trkpt lat="22.529302" lon="113.949936">
        <ele>12.8</ele>
        <time>2023-06-18T09:49:43Z</time>
      </trkpt>
      <trkpt lat="22.52925" lon="113.949935">
        <ele>12.8</ele>
        <time>2023-06-18T09:49:44Z</time>
      </trkpt>
      <trkpt lat="22.529201" lon="113.949927">
        <ele>12.8</ele>
        <time>2023-06-18T09:49:45Z</time>
      </trkpt>
      <trkpt lat="22.529152" lon="113.949919">
        <ele>12.7</ele>
        <time>2023-06-18T09:49:46Z</time>
      </trkpt>
      <trkpt lat="22.529103" lon="113.949912">
        <ele>12.7</ele>
        <time>2023-06-18T09:49:47Z</time>
      </trkpt>
      <trkpt lat="22.529056" lon="113.949904">
        <ele>12.7</ele>
        <time>2023-06-18T09:49:48Z</time>
      </trkpt>
      <trkpt lat="22.529009" lon="113.949897">
        <ele>12.7</ele>
        <time>2023-06-18T09:49:49Z</time>
      </trkpt>
      <trkpt lat="22.528953" lon="113.949893">
        <ele>12.7</ele>
        <time>2023-06-18T09:49:50Z</time>
      </trkpt>
      <trkpt lat="22.528897" lon="113.949889">
        <ele>12.7</ele>
        <time>2023-06-18T09:49:51Z</time>
      </trkpt>
      <trkpt lat="22.528841" lon="113.949882">
        <ele>12.7</ele>
        <time>2023-06-18T09:49:52Z</time>
      </trkpt>
      <trkpt lat="22.528784" lon="113.949881">
        <ele>12.7</ele>
        <time>2023-06-18T09:49:53Z</time>
      </trkpt>
      <trkpt lat="22.52873" lon="113.949873">
        <ele>12.7</ele>
        <time>2023-06-18T09:49:54Z</time>
      </trkpt>
      <trkpt lat="22.528676" lon="113.949866">
        <ele>12.7</ele>
        <time>2023-06-18T09:49:55Z</time>
      </trkpt>
      <trkpt lat="22.528624" lon="113.94986">
        <ele>12.7</ele>
        <time>2023-06-18T09:49:56Z</time>
      </trkpt>
      <trkpt lat="22.52857" lon="113.949858">
        <ele>12.7</ele>
        <time>2023-06-18T09:49:57Z</time>
      </trkpt>
      <trkpt lat="22.528519" lon="113.949852">
        <ele>12.7</ele>
        <time>2023-06-18T09:49:58Z</time>
      </trkpt>
      <trkpt lat="22.52847" lon="113.949851">
        <ele>12.7</ele>
        <time>2023-06-18T09:49:59Z</time>
      </trkpt>
      <trkpt lat="22.528419" lon="113.949843">
        <ele>12.7</ele>
        <time>2023-06-18T09:50:00Z</time>
      </trkpt>
      <trkpt lat="22.52837" lon="113.949837">
        <ele>12.7</ele>
        <time>2023-06-18T09:50:01Z</time>
      </trkpt>
      <trkpt lat="22.528324" lon="113.949837">
        <ele>12.7</ele>
        <time>2023-06-18T09:50:02Z</time>
      </trkpt>
      <trkpt lat="22.528272" lon="113.949835">
        <ele>12.6</ele>
        <time>2023-06-18T09:50:03Z</time>
      </trkpt>
      <trkpt lat="22.52822" lon="113.949828">
        <ele>12.6</ele>
        <time>2023-06-18T09:50:04Z</time>
      </trkpt>
      <trkpt lat="22.528166" lon="113.949821">
        <ele>12.6</ele>
        <time>2023-06-18T09:50:05Z</time>
      </trkpt>
      <trkpt lat="22.528117" lon="113.949819">
        <ele>12.6</ele>
        <time>2023-06-18T09:50:06Z</time>
      </trkpt>
      <trkpt lat="22.528068" lon="113.949803">
        <ele>12.6</ele>
        <time>2023-06-18T09:50:07Z</time>
      </trkpt>
      <trkpt lat="22.528017" lon="113.949788">
        <ele>12.6</ele>
        <time>2023-06-18T09:50:08Z</time>
      </trkpt>
      <trkpt lat="22.527967" lon="113.949774">
        <ele>12.6</ele>
        <time>2023-06-18T09:50:09Z</time>
      </trkpt>
      <trkpt lat="22.527914" lon="113.949762">
        <ele>12.6</ele>
        <time>2023-06-18T09:50:10Z</time>
      </trkpt>
      <trkpt lat="22.527862" lon="113.949751">
        <ele>12.6</ele>
        <time>2023-06-18T09:50:11Z</time>
      </trkpt>
      <trkpt lat="22.527813" lon="113.949744">
        <ele>12.6</ele>
        <time>2023-06-18T09:50:12Z</time>
      </trkpt>
      <trkpt lat="22.527762" lon="113.949736">
        <ele>12.6</ele>
        <time>2023-06-18T09:50:13Z</time>
      </trkpt>
      <trkpt lat="22.527714" lon="113.949729">
        <ele>12.6</ele>
        <time>2023-06-18T09:50:14Z</time>
      </trkpt>
      <trkpt lat="22.52766" lon="113.949721">
        <ele>12.5</ele>
        <time>2023-06-18T09:50:15Z</time>
      </trkpt>
      <trkpt lat="22.527605" lon="113.949715">
        <ele>12.5</ele>
        <time>2023-06-18T09:50:16Z</time>
      </trkpt>
      <trkpt lat="22.52755" lon="113.949712">
        <ele>12.5</ele>
        <time>2023-06-18T09:50:17Z</time>
      </trkpt>
      <trkpt lat="22.527496" lon="113.949698">
        <ele>12.5</ele>
        <time>2023-06-18T09:50:18Z</time>
      </trkpt>
      <trkpt lat="22.527444" lon="113.94969">
        <ele>12.5</ele>
        <time>2023-06-18T09:50:19Z</time>
      </trkpt>
      <trkpt lat="22.527387" lon="113.949683">
        <ele>12.5</ele>
        <time>2023-06-18T09:50:20Z</time>
      </trkpt>
      <trkpt lat="22.527332" lon="113.94968">
        <ele>12.5</ele>
        <time>2023-06-18T09:50:21Z</time>
      </trkpt>
      <trkpt lat="22.527275" lon="113.949675">
        <ele>12.5</ele>
        <time>2023-06-18T09:50:22Z</time>
      </trkpt>
      <trkpt lat="22.527215" lon="113.949666">
        <ele>12.5</ele>
        <time>2023-06-18T09:50:23Z</time>
      </trkpt>
      <trkpt lat="22.527159" lon="113.949654">
        <ele>12.5</ele>
        <time>2023-06-18T09:50:24Z</time>
      </trkpt>
      <trkpt lat="22.527106" lon="113.949652">
        <ele>12.5</ele>
        <time>2023-06-18T09:50:25Z</time>
      </trkpt>
      <trkpt lat="22.527052" lon="113.949645">
        <ele>12.5</ele>
        <time>2023-06-18T09:50:26Z</time>
      </trkpt>
      <trkpt lat="22.526997" lon="113.949637">
        <ele>12.4</ele>
        <time>2023-06-18T09:50:27Z</time>
      </trkpt>
      <trkpt lat="22.526942" lon="113.949629">
        <ele>12.4</ele>
        <time>2023-06-18T09:50:28Z</time>
      </trkpt>
      <trkpt lat="22.526888" lon="113.949623">
        <ele>12.4</ele>
        <time>2023-06-18T09:50:29Z</time>
      </trkpt>
      <trkpt lat="22.526834" lon="113.949622">
        <ele>12.4</ele>
        <time>2023-06-18T09:50:30Z</time>
      </trkpt>
      <trkpt lat="22.526782" lon="113.949619">
        <ele>12.4</ele>
        <time>2023-06-18T09:50:31Z</time>
      </trkpt>
      <trkpt lat="22.526729" lon="113.949615">
        <ele>12.4</ele>
        <time>2023-06-18T09:50:32Z</time>
      </trkpt>
      <trkpt lat="22.526672" lon="113.949614">
        <ele>12.3</ele>
        <time>2023-06-18T09:50:33Z</time>
      </trkpt>
      <trkpt lat="22.526613" lon="113.949608">
        <ele>12.3</ele>
        <time>2023-06-18T09:50:34Z</time>
      </trkpt>
      <trkpt lat="22.526554" lon="113.949608">
        <ele>12.2</ele>
        <time>2023-06-18T09:50:35Z</time>
      </trkpt>
      <trkpt lat="22.5265" lon="113.949608">
        <ele>12.2</ele>
        <time>2023-06-18T09:50:36Z</time>
      </trkpt>
      <trkpt lat="22.526445" lon="113.949608">
        <ele>12.1</ele>
        <time>2023-06-18T09:50:37Z</time>
      </trkpt>
      <trkpt lat="22.526387" lon="113.949608">
        <ele>12.1</ele>
        <time>2023-06-18T09:50:38Z</time>
      </trkpt>
      <trkpt lat="22.526329" lon="113.949608">
        <ele>12.1</ele>
        <time>2023-06-18T09:50:39Z</time>
      </trkpt>
      <trkpt lat="22.526271" lon="113.949609">
        <ele>12</ele>
        <time>2023-06-18T09:50:40Z</time>
      </trkpt>
      <trkpt lat="22.526211" lon="113.949615">
        <ele>12</ele>
        <time>2023-06-18T09:50:41Z</time>
      </trkpt>
      <trkpt lat="22.526149" lon="113.949615">
        <ele>11.9</ele>
        <time>2023-06-18T09:50:42Z</time>
      </trkpt>
      <trkpt lat="22.526097" lon="113.949611">
        <ele>11.9</ele>
        <time>2023-06-18T09:50:43Z</time>
      </trkpt>
      <trkpt lat="22.526045" lon="113.949608">
        <ele>11.8</ele>
        <time>2023-06-18T09:50:44Z</time>
      </trkpt>
      <trkpt lat="22.525993" lon="113.949606">
        <ele>11.8</ele>
        <time>2023-06-18T09:50:45Z</time>
      </trkpt>
      <trkpt lat="22.525941" lon="113.949599">
        <ele>11.7</ele>
        <time>2023-06-18T09:50:46Z</time>
      </trkpt>
      <trkpt lat="22.525898" lon="113.94959">
        <ele>11.7</ele>
        <time>2023-06-18T09:50:47Z</time>
      </trkpt>
      <trkpt lat="22.525863" lon="113.949572">
        <ele>11.7</ele>
        <time>2023-06-18T09:50:48Z</time>
      </trkpt>
      <trkpt lat="22.525841" lon="113.949543">
        <ele>11.7</ele>
        <time>2023-06-18T09:50:49Z</time>
      </trkpt>
      <trkpt lat="22.525825" lon="113.949519">
        <ele>11.6</ele>
        <time>2023-06-18T09:50:50Z</time>
      </trkpt>
      <trkpt lat="22.525823" lon="113.949497">
        <ele>11.6</ele>
        <time>2023-06-18T09:50:51Z</time>
      </trkpt>
      <trkpt lat="22.525821" lon="113.949474">
        <ele>11.6</ele>
        <time>2023-06-18T09:50:52Z</time>
      </trkpt>
      <trkpt lat="22.525819" lon="113.949451">
        <ele>11.6</ele>
        <time>2023-06-18T09:50:53Z</time>
      </trkpt>
      <trkpt lat="22.525818" lon="113.949428">
        <ele>11.6</ele>
        <time>2023-06-18T09:50:54Z</time>
      </trkpt>
      <trkpt lat="22.525816" lon="113.949405">
        <ele>11.6</ele>
        <time>2023-06-18T09:50:55Z</time>
      </trkpt>
      <trkpt lat="22.525814" lon="113.949382">
        <ele>11.5</ele>
        <time>2023-06-18T09:50:56Z</time>
      </trkpt>
      <trkpt lat="22.525812" lon="113.94936">
        <ele>11.5</ele>
        <time>2023-06-18T09:50:57Z</time>
      </trkpt>
      <trkpt lat="22.525812" lon="113.949341">
        <ele>11.5</ele>
        <time>2023-06-18T09:50:58Z</time>
      </trkpt>
      <trkpt lat="22.525822" lon="113.949338">
        <ele>11.5</ele>
        <time>2023-06-18T09:50:59Z</time>
      </trkpt>
      <trkpt lat="22.525826" lon="113.949322">
        <ele>11.5</ele>
        <time>2023-06-18T09:51:00Z</time>
      </trkpt>
      <trkpt lat="22.525829" lon="113.949305">
        <ele>11.5</ele>
        <time>2023-06-18T09:51:01Z</time>
      </trkpt>
      <trkpt lat="22.525832" lon="113.949289">
        <ele>11.5</ele>
        <time>2023-06-18T09:51:02Z</time>
      </trkpt>
      <trkpt lat="22.525836" lon="113.949273">
        <ele>11.4</ele>
        <time>2023-06-18T09:51:03Z</time>
      </trkpt>
      <trkpt lat="22.525839" lon="113.949257">
        <ele>11.4</ele>
        <time>2023-06-18T09:51:04Z</time>
      </trkpt>
      <trkpt lat="22.525842" lon="113.949241">
        <ele>11.4</ele>
        <time>2023-06-18T09:51:05Z</time>
      </trkpt>
      <trkpt lat="22.525846" lon="113.949224">
        <ele>11.4</ele>
        <time>2023-06-18T09:51:06Z</time>
      </trkpt>
      <trkpt lat="22.525849" lon="113.949208">
        <ele>11.4</ele>
        <time>2023-06-18T09:51:07Z</time>
      </trkpt>
      <trkpt lat="22.525852" lon="113.949192">
        <ele>11.4</ele>
        <time>2023-06-18T09:51:08Z</time>
      </trkpt>
      <trkpt lat="22.525856" lon="113.949176">
        <ele>11.4</ele>
        <time>2023-06-18T09:51:09Z</time>
      </trkpt>
      <trkpt lat="22.525859" lon="113.949159">
        <ele>11.4</ele>
        <time>2023-06-18T09:51:10Z</time>
      </trkpt>
      <trkpt lat="22.525862" lon="113.949143">
        <ele>11.4</ele>
        <time>2023-06-18T09:51:11Z</time>
      </trkpt>
      <trkpt lat="22.525866" lon="113.949127">
        <ele>11.3</ele>
        <time>2023-06-18T09:51:12Z</time>
      </trkpt>
      <trkpt lat="22.525869" lon="113.949111">
        <ele>11.3</ele>
        <time>2023-06-18T09:51:13Z</time>
      </trkpt>
      <trkpt lat="22.525872" lon="113.949095">
        <ele>11.3</ele>
        <time>2023-06-18T09:51:14Z</time>
      </trkpt>
      <trkpt lat="22.525873" lon="113.949076">
        <ele>11.3</ele>
        <time>2023-06-18T09:51:15Z</time>
      </trkpt>
      <trkpt lat="22.525864" lon="113.949044">
        <ele>11.3</ele>
        <time>2023-06-18T09:51:16Z</time>
      </trkpt>
      <trkpt lat="22.525854" lon="113.949007">
        <ele>11.2</ele>
        <time>2023-06-18T09:51:17Z</time>
      </trkpt>
      <trkpt lat="22.525844" lon="113.948975">
        <ele>11.2</ele>
        <time>2023-06-18T09:51:18Z</time>
      </trkpt>
      <trkpt lat="22.52584" lon="113.948933">
        <ele>11.2</ele>
        <time>2023-06-18T09:51:19Z</time>
      </trkpt>
      <trkpt lat="22.525839" lon="113.94889">
        <ele>11.2</ele>
        <time>2023-06-18T09:51:20Z</time>
      </trkpt>
      <trkpt lat="22.525848" lon="113.948845">
        <ele>11.1</ele>
        <time>2023-06-18T09:51:21Z</time>
      </trkpt>
      <trkpt lat="22.525852" lon="113.948806">
        <ele>11.1</ele>
        <time>2023-06-18T09:51:22Z</time>
      </trkpt>
      <trkpt lat="22.525851" lon="113.948761">
        <ele>11.1</ele>
        <time>2023-06-18T09:51:23Z</time>
      </trkpt>
      <trkpt lat="22.525844" lon="113.948722">
        <ele>11</ele>
        <time>2023-06-18T09:51:24Z</time>
      </trkpt>
      <trkpt lat="22.525832" lon="113.948715">
        <ele>11</ele>
        <time>2023-06-18T09:51:25Z</time>
      </trkpt>
      <trkpt lat="22.525821" lon="113.948709">
        <ele>11</ele>
        <time>2023-06-18T09:51:26Z</time>
      </trkpt>
      <trkpt lat="22.525809" lon="113.948702">
        <ele>11</ele>
        <time>2023-06-18T09:51:27Z</time>
      </trkpt>
      <trkpt lat="22.525797" lon="113.948696">
        <ele>11</ele>
        <time>2023-06-18T09:51:28Z</time>
      </trkpt>
      <trkpt lat="22.525785" lon="113.948689">
        <ele>11</ele>
        <time>2023-06-18T09:51:29Z</time>
      </trkpt>
      <trkpt lat="22.525773" lon="113.948683">
        <ele>11</ele>
        <time>2023-06-18T09:51:30Z</time>
      </trkpt>
      <trkpt lat="22.525761" lon="113.948677">
        <ele>11</ele>
        <time>2023-06-18T09:51:31Z</time>
      </trkpt>
      <trkpt lat="22.525749" lon="113.94867">
        <ele>11</ele>
        <time>2023-06-18T09:51:32Z</time>
      </trkpt>
      <trkpt lat="22.525737" lon="113.948664">
        <ele>11</ele>
        <time>2023-06-18T09:51:33Z</time>
      </trkpt>
      <trkpt lat="22.525725" lon="113.948657">
        <ele>11.1</ele>
        <time>2023-06-18T09:51:34Z</time>
      </trkpt>
      <trkpt lat="22.525714" lon="113.948651">
        <ele>11.1</ele>
        <time>2023-06-18T09:51:35Z</time>
      </trkpt>
      <trkpt lat="22.525702" lon="113.948644">
        <ele>11.1</ele>
        <time>2023-06-18T09:51:36Z</time>
      </trkpt>
      <trkpt lat="22.525687" lon="113.948642">
        <ele>11.1</ele>
        <time>2023-06-18T09:51:37Z</time>
      </trkpt>
      <trkpt lat="22.525664" lon="113.948658">
        <ele>11.1</ele>
        <time>2023-06-18T09:51:38Z</time>
      </trkpt>
      <trkpt lat="22.525649" lon="113.948681">
        <ele>11.1</ele>
        <time>2023-06-18T09:51:39Z</time>
      </trkpt>
      <trkpt lat="22.525627" lon="113.948706">
        <ele>11.1</ele>
        <time>2023-06-18T09:51:40Z</time>
      </trkpt>
      <trkpt lat="22.525596" lon="113.948738">
        <ele>11.2</ele>
        <time>2023-06-18T09:51:41Z</time>
      </trkpt>
      <trkpt lat="22.525564" lon="113.948774">
        <ele>11.2</ele>
        <time>2023-06-18T09:51:42Z</time>
      </trkpt>
      <trkpt lat="22.525542" lon="113.948805">
        <ele>11.2</ele>
        <time>2023-06-18T09:51:43Z</time>
      </trkpt>
      <trkpt lat="22.525514" lon="113.948835">
        <ele>11.2</ele>
        <time>2023-06-18T09:51:44Z</time>
      </trkpt>
      <trkpt lat="22.525488" lon="113.948866">
        <ele>11.3</ele>
        <time>2023-06-18T09:51:45Z</time>
      </trkpt>
      <trkpt lat="22.52546" lon="113.948895">
        <ele>11.3</ele>
        <time>2023-06-18T09:51:46Z</time>
      </trkpt>
      <trkpt lat="22.525429" lon="113.948917">
        <ele>11.3</ele>
        <time>2023-06-18T09:51:47Z</time>
      </trkpt>
      <trkpt lat="22.525396" lon="113.948941">
        <ele>11.3</ele>
        <time>2023-06-18T09:51:48Z</time>
      </trkpt>
      <trkpt lat="22.525355" lon="113.948966">
        <ele>11.4</ele>
        <time>2023-06-18T09:51:49Z</time>
      </trkpt>
      <trkpt lat="22.525313" lon="113.948992">
        <ele>11.4</ele>
        <time>2023-06-18T09:51:50Z</time>
      </trkpt>
      <trkpt lat="22.52527" lon="113.949017">
        <ele>11.4</ele>
        <time>2023-06-18T09:51:51Z</time>
      </trkpt>
      <trkpt lat="22.525216" lon="113.949037">
        <ele>11.5</ele>
        <time>2023-06-18T09:51:52Z</time>
      </trkpt>
      <trkpt lat="22.525156" lon="113.949044">
        <ele>11.5</ele>
        <time>2023-06-18T09:51:53Z</time>
      </trkpt>
      <trkpt lat="22.525093" lon="113.949049">
        <ele>11.5</ele>
        <time>2023-06-18T09:51:54Z</time>
      </trkpt>
      <trkpt lat="22.52503" lon="113.949054">
        <ele>11.6</ele>
        <time>2023-06-18T09:51:55Z</time>
      </trkpt>
      <trkpt lat="22.524967" lon="113.949058">
        <ele>11.6</ele>
        <time>2023-06-18T09:51:56Z</time>
      </trkpt>
      <trkpt lat="22.524905" lon="113.949063">
        <ele>11.6</ele>
        <time>2023-06-18T09:51:57Z</time>
      </trkpt>
      <trkpt lat="22.524842" lon="113.949068">
        <ele>11.7</ele>
        <time>2023-06-18T09:51:58Z</time>
      </trkpt>
      <trkpt lat="22.524779" lon="113.949073">
        <ele>11.7</ele>
        <time>2023-06-18T09:51:59Z</time>
      </trkpt>
      <trkpt lat="22.524716" lon="113.949078">
        <ele>11.8</ele>
        <time>2023-06-18T09:52:00Z</time>
      </trkpt>
      <trkpt lat="22.524653" lon="113.949083">
        <ele>11.8</ele>
        <time>2023-06-18T09:52:01Z</time>
      </trkpt>
      <trkpt lat="22.524653" lon="113.949083">
        <ele>11.8</ele>
        <time>2023-06-18T09:52:02Z</time>
      </trkpt>
      <trkpt lat="22.524653" lon="113.949083">
        <ele>11.8</ele>
        <time>2023-06-18T09:52:14Z</time>
      </trkpt>
      <trkpt lat="22.524653" lon="113.949083">
        <ele>11.8</ele>
        <time>2023-06-18T09:52:20Z</time>
      </trkpt>
      <trkpt lat="22.524653" lon="113.949083">
        <ele>11.8</ele>
        <time>2023-06-18T09:52:21Z</time>
      </trkpt>
      <trkpt lat="22.524653" lon="113.949083">
        <ele>11.8</ele>
        <time>2023-06-18T09:52:26Z</time>
      </trkpt>
      <trkpt lat="22.524653" lon="113.949083">
        <ele>11.8</ele>
        <time>2023-06-18T09:52:28Z</time>
      </trkpt>
      <trkpt lat="22.524653" lon="113.949083">
        <ele>11.8</ele>
        <time>2023-06-18T09:52:29Z</time>
      </trkpt>
      <trkpt lat="22.524653" lon="113.949083">
        <ele>11.8</ele>
        <time>2023-06-18T09:52:31Z</time>
      </trkpt>
      <trkpt lat="22.524653" lon="113.949083">
        <ele>11.8</ele>
        <time>2023-06-18T09:52:39Z</time>
      </trkpt>
      <trkpt lat="22.524653" lon="113.949083">
        <ele>11.8</ele>
        <time>2023-06-18T09:52:42Z</time>
      </trkpt>
      <trkpt lat="22.524653" lon="113.949083">
        <ele>11.8</ele>
        <time>2023-06-18T09:52:43Z</time>
      </trkpt>
      <trkpt lat="22.524653" lon="113.949083">
        <ele>11.8</ele>
        <time>2023-06-18T09:52:46Z</time>
      </trkpt>
      <trkpt lat="22.524653" lon="113.949083">
        <ele>11.8</ele>
        <time>2023-06-18T09:52:50Z</time>
      </trkpt>
      <trkpt lat="22.524653" lon="113.949083">
        <ele>11.8</ele>
        <time>2023-06-18T09:52:51Z</time>
      </trkpt>
      <trkpt lat="22.524653" lon="113.949083">
        <ele>11.8</ele>
        <time>2023-06-18T09:52:54Z</time>
      </trkpt>
      <trkpt lat="22.524653" lon="113.949083">
        <ele>11.8</ele>
        <time>2023-06-18T09:52:55Z</time>
      </trkpt>
      <trkpt lat="22.524653" lon="113.949083">
        <ele>11.8</ele>
        <time>2023-06-18T09:52:58Z</time>
      </trkpt>
      <trkpt lat="22.524653" lon="113.949083">
        <ele>11.8</ele>
        <time>2023-06-18T09:53:01Z</time>
      </trkpt>
      <trkpt lat="22.524653" lon="113.949083">
        <ele>11.8</ele>
        <time>2023-06-18T09:53:02Z</time>
      </trkpt>
      <trkpt lat="22.524653" lon="113.949083">
        <ele>11.8</ele>
        <time>2023-06-18T09:53:03Z</time>
      </trkpt>
      <trkpt lat="22.524653" lon="113.949083">
        <ele>11.8</ele>
        <time>2023-06-18T09:53:04Z</time>
      </trkpt>
      <trkpt lat="22.524653" lon="113.949083">
        <ele>11.8</ele>
        <time>2023-06-18T09:53:05Z</time>
      </trkpt>
      <trkpt lat="22.524653" lon="113.949083">
        <ele>11.8</ele>
        <time>2023-06-18T09:53:06Z</time>
      </trkpt>
      <trkpt lat="22.524653" lon="113.949083">
        <ele>11.8</ele>
        <time>2023-06-18T09:53:08Z</time>
      </trkpt>
      <trkpt lat="22.524653" lon="113.949083">
        <ele>11.8</ele>
        <time>2023-06-18T09:53:09Z</time>
      </trkpt>
      <trkpt lat="22.524653" lon="113.949083">
        <ele>11.8</ele>
        <time>2023-06-18T09:53:10Z</time>
      </trkpt>
      <trkpt lat="22.524653" lon="113.949083">
        <ele>11.8</ele>
        <time>2023-06-18T09:53:11Z</time>
      </trkpt>
      <trkpt lat="22.524653" lon="113.949083">
        <ele>11.8</ele>
        <time>2023-06-18T09:53:13Z</time>
      </trkpt>
      <trkpt lat="22.524653" lon="113.949083">
        <ele>11.8</ele>
        <time>2023-06-18T09:53:14Z</time>
      </trkpt>
      <trkpt lat="22.524653" lon="113.949083">
        <ele>11.8</ele>
        <time>2023-06-18T09:53:15Z</time>
      </trkpt>
      <trkpt lat="22.524653" lon="113.949083">
        <ele>11.8</ele>
        <time>2023-06-18T09:53:16Z</time>
      </trkpt>
      <trkpt lat="22.524653" lon="113.949083">
        <ele>11.8</ele>
        <time>2023-06-18T09:53:17Z</time>
      </trkpt>
      <trkpt lat="22.524653" lon="113.949083">
        <ele>11.8</ele>
        <time>2023-06-18T09:53:18Z</time>
      </trkpt>
      <trkpt lat="22.522095" lon="113.94941">
        <ele>12.1</ele>
        <time>2023-06-18T09:53:20Z</time>
      </trkpt>
      <trkpt lat="22.522105" lon="113.949414">
        <ele>12.1</ele>
        <time>2023-06-18T09:53:21Z</time>
      </trkpt>
      <trkpt lat="22.522115" lon="113.949417">
        <ele>12</ele>
        <time>2023-06-18T09:53:22Z</time>
      </trkpt>
      <trkpt lat="22.522122" lon="113.949418">
        <ele>12</ele>
        <time>2023-06-18T09:53:23Z</time>
      </trkpt>
      <trkpt lat="22.522129" lon="113.949429">
        <ele>12</ele>
        <time>2023-06-18T09:53:24Z</time>
      </trkpt>
      <trkpt lat="22.522141" lon="113.94945">
        <ele>12</ele>
        <time>2023-06-18T09:53:25Z</time>
      </trkpt>
      <trkpt lat="22.522152" lon="113.949466">
        <ele>12</ele>
        <time>2023-06-18T09:53:26Z</time>
      </trkpt>
      <trkpt lat="22.522165" lon="113.949481">
        <ele>12</ele>
        <time>2023-06-18T09:53:27Z</time>
      </trkpt>
      <trkpt lat="22.522177" lon="113.949496">
        <ele>12</ele>
        <time>2023-06-18T09:53:28Z</time>
      </trkpt>
      <trkpt lat="22.522191" lon="113.94951">
        <ele>12</ele>
        <time>2023-06-18T09:53:29Z</time>
      </trkpt>
      <trkpt lat="22.522204" lon="113.949518">
        <ele>12</ele>
        <time>2023-06-18T09:53:30Z</time>
      </trkpt>
      <trkpt lat="22.522219" lon="113.949525">
        <ele>12</ele>
        <time>2023-06-18T09:53:31Z</time>
      </trkpt>
      <trkpt lat="22.522232" lon="113.949534">
        <ele>12</ele>
        <time>2023-06-18T09:53:32Z</time>
      </trkpt>
      <trkpt lat="22.52224" lon="113.949549">
        <ele>12</ele>
        <time>2023-06-18T09:53:33Z</time>
      </trkpt>
      <trkpt lat="22.522241" lon="113.949563">
        <ele>12</ele>
        <time>2023-06-18T09:53:34Z</time>
      </trkpt>
      <trkpt lat="22.522236" lon="113.949571">
        <ele>12</ele>
        <time>2023-06-18T09:53:35Z</time>
      </trkpt>
      <trkpt lat="22.522221" lon="113.949577">
        <ele>12</ele>
        <time>2023-06-18T09:53:36Z</time>
      </trkpt>
      <trkpt lat="22.5222" lon="113.949579">
        <ele>12</ele>
        <time>2023-06-18T09:53:37Z</time>
      </trkpt>
      <trkpt lat="22.522179" lon="113.949588">
        <ele>12</ele>
        <time>2023-06-18T09:53:38Z</time>
      </trkpt>
      <trkpt lat="22.522149" lon="113.949602">
        <ele>11.9</ele>
        <time>2023-06-18T09:53:39Z</time>
      </trkpt>
      <trkpt lat="22.522123" lon="113.949611">
        <ele>11.9</ele>
        <time>2023-06-18T09:53:40Z</time>
      </trkpt>
      <trkpt lat="22.522097" lon="113.949627">
        <ele>11.9</ele>
        <time>2023-06-18T09:53:41Z</time>
      </trkpt>
      <trkpt lat="22.522077" lon="113.949647">
        <ele>11.9</ele>
        <time>2023-06-18T09:53:42Z</time>
      </trkpt>
      <trkpt lat="22.52206" lon="113.949656">
        <ele>11.9</ele>
        <time>2023-06-18T09:53:43Z</time>
      </trkpt>
      <trkpt lat="22.522043" lon="113.94967">
        <ele>11.9</ele>
        <time>2023-06-18T09:53:44Z</time>
      </trkpt>
      <trkpt lat="22.522021" lon="113.949678">
        <ele>11.9</ele>
        <time>2023-06-18T09:53:45Z</time>
      </trkpt>
      <trkpt lat="22.522005" lon="113.949683">
        <ele>11.9</ele>
        <time>2023-06-18T09:53:46Z</time>
      </trkpt>
      <trkpt lat="22.521981" lon="113.949672">
        <ele>11.9</ele>
        <time>2023-06-18T09:53:47Z</time>
      </trkpt>
      <trkpt lat="22.521952" lon="113.94965">
        <ele>11.9</ele>
        <time>2023-06-18T09:53:48Z</time>
      </trkpt>
      <trkpt lat="22.521921" lon="113.949626">
        <ele>11.8</ele>
        <time>2023-06-18T09:53:49Z</time>
      </trkpt>
      <trkpt lat="22.52189" lon="113.949603">
        <ele>11.8</ele>
        <time>2023-06-18T09:53:50Z</time>
      </trkpt>
      <trkpt lat="22.521855" lon="113.949583">
        <ele>11.8</ele>
        <time>2023-06-18T09:53:51Z</time>
      </trkpt>
      <trkpt lat="22.521819" lon="113.949566">
        <ele>11.8</ele>
        <time>2023-06-18T09:53:52Z</time>
      </trkpt>
      <trkpt lat="22.52178" lon="113.949543">
        <ele>11.8</ele>
        <time>2023-06-18T09:53:53Z</time>
      </trkpt>
      <trkpt lat="22.521735" lon="113.949521">
        <ele>11.8</ele>
        <time>2023-06-18T09:53:54Z</time>
      </trkpt>
      <trkpt lat="22.521695" lon="113.949505">
        <ele>11.8</ele>
        <time>2023-06-18T09:53:55Z</time>
      </trkpt>
      <trkpt lat="22.521658" lon="113.949482">
        <ele>11.7</ele>
        <time>2023-06-18T09:53:56Z</time>
      </trkpt>
      <trkpt lat="22.521619" lon="113.949459">
        <ele>11.7</ele>
        <time>2023-06-18T09:53:57Z</time>
      </trkpt>
      <trkpt lat="22.52158" lon="113.949436">
        <ele>11.7</ele>
        <time>2023-06-18T09:53:58Z</time>
      </trkpt>
      <trkpt lat="22.521536" lon="113.949413">
        <ele>11.7</ele>
        <time>2023-06-18T09:53:59Z</time>
      </trkpt>
      <trkpt lat="22.521494" lon="113.94939">
        <ele>11.7</ele>
        <time>2023-06-18T09:54:00Z</time>
      </trkpt>
      <trkpt lat="22.521452" lon="113.949369">
        <ele>11.7</ele>
        <time>2023-06-18T09:54:01Z</time>
      </trkpt>
      <trkpt lat="22.521405" lon="113.949356">
        <ele>11.6</ele>
        <time>2023-06-18T09:54:02Z</time>
      </trkpt>
      <trkpt lat="22.521353" lon="113.949355">
        <ele>11.6</ele>
        <time>2023-06-18T09:54:03Z</time>
      </trkpt>
      <trkpt lat="22.521305" lon="113.949347">
        <ele>11.6</ele>
        <time>2023-06-18T09:54:04Z</time>
      </trkpt>
      <trkpt lat="22.521261" lon="113.94934">
        <ele>11.6</ele>
        <time>2023-06-18T09:54:05Z</time>
      </trkpt>
      <trkpt lat="22.521214" lon="113.949332">
        <ele>11.6</ele>
        <time>2023-06-18T09:54:06Z</time>
      </trkpt>
      <trkpt lat="22.521161" lon="113.949326">
        <ele>11.5</ele>
        <time>2023-06-18T09:54:07Z</time>
      </trkpt>
      <trkpt lat="22.521108" lon="113.949326">
        <ele>11.5</ele>
        <time>2023-06-18T09:54:08Z</time>
      </trkpt>
      <trkpt lat="22.521058" lon="113.949326">
        <ele>11.5</ele>
        <time>2023-06-18T09:54:09Z</time>
      </trkpt>
      <trkpt lat="22.52101" lon="113.949327">
        <ele>11.5</ele>
        <time>2023-06-18T09:54:10Z</time>
      </trkpt>
      <trkpt lat="22.520958" lon="113.949333">
        <ele>11.5</ele>
        <time>2023-06-18T09:54:11Z</time>
      </trkpt>
      <trkpt lat="22.520904" lon="113.949333">
        <ele>11.5</ele>
        <time>2023-06-18T09:54:12Z</time>
      </trkpt>
      <trkpt lat="22.520855" lon="113.949335">
        <ele>11.5</ele>
        <time>2023-06-18T09:54:13Z</time>
      </trkpt>
      <trkpt lat="22.520803" lon="113.949342">
        <ele>11.5</ele>
        <time>2023-06-18T09:54:14Z</time>
      </trkpt>
      <trkpt lat="22.520748" lon="113.949348">
        <ele>11.5</ele>
        <time>2023-06-18T09:54:15Z</time>
      </trkpt>
      <trkpt lat="22.520691" lon="113.94935">
        <ele>11.5</ele>
        <time>2023-06-18T09:54:16Z</time>
      </trkpt>
      <trkpt lat="22.520638" lon="113.949359">
        <ele>11.5</ele>
        <time>2023-06-18T09:54:17Z</time>
      </trkpt>
      <trkpt lat="22.520585" lon="113.949374">
        <ele>11.5</ele>
        <time>2023-06-18T09:54:18Z</time>
      </trkpt>
      <trkpt lat="22.520529" lon="113.949389">
        <ele>11.5</ele>
        <time>2023-06-18T09:54:19Z</time>
      </trkpt>
      <trkpt lat="22.520472" lon="113.949406">
        <ele>11.5</ele>
        <time>2023-06-18T09:54:20Z</time>
      </trkpt>
      <trkpt lat="22.52042" lon="113.949429">
        <ele>11.5</ele>
        <time>2023-06-18T09:54:21Z</time>
      </trkpt>
      <trkpt lat="22.520362" lon="113.949452">
        <ele>11.5</ele>
        <time>2023-06-18T09:54:22Z</time>
      </trkpt>
      <trkpt lat="22.520308" lon="113.949475">
        <ele>11.5</ele>
        <time>2023-06-18T09:54:23Z</time>
      </trkpt>
      <trkpt lat="22.520256" lon="113.949498">
        <ele>11.5</ele>
        <time>2023-06-18T09:54:24Z</time>
      </trkpt>
      <trkpt lat="22.520205" lon="113.94952">
        <ele>11.5</ele>
        <time>2023-06-18T09:54:25Z</time>
      </trkpt>
      <trkpt lat="22.520151" lon="113.949542">
        <ele>11.5</ele>
        <time>2023-06-18T09:54:26Z</time>
      </trkpt>
      <trkpt lat="22.520099" lon="113.94956">
        <ele>11.5</ele>
        <time>2023-06-18T09:54:27Z</time>
      </trkpt>
      <trkpt lat="22.520049" lon="113.949589">
        <ele>11.5</ele>
        <time>2023-06-18T09:54:28Z</time>
      </trkpt>
      <trkpt lat="22.519999" lon="113.949612">
        <ele>11.5</ele>
        <time>2023-06-18T09:54:29Z</time>
      </trkpt>
      <trkpt lat="22.519948" lon="113.949634">
        <ele>11.5</ele>
        <time>2023-06-18T09:54:30Z</time>
      </trkpt>
      <trkpt lat="22.519896" lon="113.949651">
        <ele>11.5</ele>
        <time>2023-06-18T09:54:31Z</time>
      </trkpt>
      <trkpt lat="22.519845" lon="113.949682">
        <ele>11.5</ele>
        <time>2023-06-18T09:54:32Z</time>
      </trkpt>
      <trkpt lat="22.519794" lon="113.949714">
        <ele>11.5</ele>
        <time>2023-06-18T09:54:33Z</time>
      </trkpt>
      <trkpt lat="22.519747" lon="113.949754">
        <ele>11.5</ele>
        <time>2023-06-18T09:54:34Z</time>
      </trkpt>
      <trkpt lat="22.519705" lon="113.949788">
        <ele>11.4</ele>
        <time>2023-06-18T09:54:35Z</time>
      </trkpt>
      <trkpt lat="22.519659" lon="113.94982">
        <ele>11.4</ele>
        <time>2023-06-18T09:54:36Z</time>
      </trkpt>
      <trkpt lat="22.519615" lon="113.949858">
        <ele>11.4</ele>
        <time>2023-06-18T09:54:37Z</time>
      </trkpt>
      <trkpt lat="22.519571" lon="113.94989">
        <ele>11.4</ele>
        <time>2023-06-18T09:54:38Z</time>
      </trkpt>
      <trkpt lat="22.519519" lon="113.949924">
        <ele>11.4</ele>
        <time>2023-06-18T09:54:39Z</time>
      </trkpt>
      <trkpt lat="22.519466" lon="113.949943">
        <ele>11.4</ele>
        <time>2023-06-18T09:54:40Z</time>
      </trkpt>
      <trkpt lat="22.519413" lon="113.949963">
        <ele>11.4</ele>
        <time>2023-06-18T09:54:41Z</time>
      </trkpt>
      <trkpt lat="22.519363" lon="113.949986">
        <ele>11.4</ele>
        <time>2023-06-18T09:54:42Z</time>
      </trkpt>
      <trkpt lat="22.519316" lon="113.950008">
        <ele>11.4</ele>
        <time>2023-06-18T09:54:43Z</time>
      </trkpt>
      <trkpt lat="22.519271" lon="113.950031">
        <ele>11.4</ele>
        <time>2023-06-18T09:54:44Z</time>
      </trkpt>
      <trkpt lat="22.519222" lon="113.950054">
        <ele>11.4</ele>
        <time>2023-06-18T09:54:45Z</time>
      </trkpt>
      <trkpt lat="22.519169" lon="113.950077">
        <ele>11.4</ele>
        <time>2023-06-18T09:54:46Z</time>
      </trkpt>
      <trkpt lat="22.519115" lon="113.950099">
        <ele>11.4</ele>
        <time>2023-06-18T09:54:47Z</time>
      </trkpt>
      <trkpt lat="22.519063" lon="113.950114">
        <ele>11.4</ele>
        <time>2023-06-18T09:54:48Z</time>
      </trkpt>
      <trkpt lat="22.519011" lon="113.950128">
        <ele>11.4</ele>
        <time>2023-06-18T09:54:49Z</time>
      </trkpt>
      <trkpt lat="22.51896" lon="113.950134">
        <ele>11.4</ele>
        <time>2023-06-18T09:54:50Z</time>
      </trkpt>
      <trkpt lat="22.518909" lon="113.950134">
        <ele>11.4</ele>
        <time>2023-06-18T09:54:51Z</time>
      </trkpt>
      <trkpt lat="22.518855" lon="113.950133">
        <ele>11.4</ele>
        <time>2023-06-18T09:54:52Z</time>
      </trkpt>
      <trkpt lat="22.51881" lon="113.950124">
        <ele>11.4</ele>
        <time>2023-06-18T09:54:53Z</time>
      </trkpt>
      <trkpt lat="22.518764" lon="113.950109">
        <ele>11.4</ele>
        <time>2023-06-18T09:54:54Z</time>
      </trkpt>
      <trkpt lat="22.518717" lon="113.950095">
        <ele>11.4</ele>
        <time>2023-06-18T09:54:55Z</time>
      </trkpt>
      <trkpt lat="22.518665" lon="113.950086">
        <ele>11.4</ele>
        <time>2023-06-18T09:54:56Z</time>
      </trkpt>
      <trkpt lat="22.518613" lon="113.950073">
        <ele>11.4</ele>
        <time>2023-06-18T09:54:57Z</time>
      </trkpt>
      <trkpt lat="22.518562" lon="113.950072">
        <ele>11.4</ele>
        <time>2023-06-18T09:54:58Z</time>
      </trkpt>
      <trkpt lat="22.518512" lon="113.950063">
        <ele>11.4</ele>
        <time>2023-06-18T09:54:59Z</time>
      </trkpt>
      <trkpt lat="22.518457" lon="113.950047">
        <ele>11.4</ele>
        <time>2023-06-18T09:55:00Z</time>
      </trkpt>
      <trkpt lat="22.518406" lon="113.950031">
        <ele>11.4</ele>
        <time>2023-06-18T09:55:01Z</time>
      </trkpt>
      <trkpt lat="22.518357" lon="113.950008">
        <ele>11.4</ele>
        <time>2023-06-18T09:55:02Z</time>
      </trkpt>
      <trkpt lat="22.518305" lon="113.949984">
        <ele>11.4</ele>
        <time>2023-06-18T09:55:03Z</time>
      </trkpt>
      <trkpt lat="22.518254" lon="113.949953">
        <ele>11.3</ele>
        <time>2023-06-18T09:55:04Z</time>
      </trkpt>
      <trkpt lat="22.518204" lon="113.949923">
        <ele>11.3</ele>
        <time>2023-06-18T09:55:05Z</time>
      </trkpt>
      <trkpt lat="22.518156" lon="113.949892">
        <ele>11.3</ele>
        <time>2023-06-18T09:55:06Z</time>
      </trkpt>
      <trkpt lat="22.518109" lon="113.949861">
        <ele>11.3</ele>
        <time>2023-06-18T09:55:07Z</time>
      </trkpt>
      <trkpt lat="22.51806" lon="113.949831">
        <ele>11.3</ele>
        <time>2023-06-18T09:55:08Z</time>
      </trkpt>
      <trkpt lat="22.518016" lon="113.949799">
        <ele>11.3</ele>
        <time>2023-06-18T09:55:09Z</time>
      </trkpt>
      <trkpt lat="22.51797" lon="113.949761">
        <ele>11.3</ele>
        <time>2023-06-18T09:55:10Z</time>
      </trkpt>
      <trkpt lat="22.517927" lon="113.949722">
        <ele>11.3</ele>
        <time>2023-06-18T09:55:11Z</time>
      </trkpt>
      <trkpt lat="22.517887" lon="113.949677">
        <ele>11.3</ele>
        <time>2023-06-18T09:55:12Z</time>
      </trkpt>
      <trkpt lat="22.517848" lon="113.949636">
        <ele>11.3</ele>
        <time>2023-06-18T09:55:13Z</time>
      </trkpt>
      <trkpt lat="22.517808" lon="113.949584">
        <ele>11.3</ele>
        <time>2023-06-18T09:55:14Z</time>
      </trkpt>
      <trkpt lat="22.517773" lon="113.949537">
        <ele>11.3</ele>
        <time>2023-06-18T09:55:15Z</time>
      </trkpt>
      <trkpt lat="22.51774" lon="113.949492">
        <ele>11.3</ele>
        <time>2023-06-18T09:55:16Z</time>
      </trkpt>
      <trkpt lat="22.517708" lon="113.949447">
        <ele>11.3</ele>
        <time>2023-06-18T09:55:17Z</time>
      </trkpt>
      <trkpt lat="22.51768" lon="113.949402">
        <ele>11.3</ele>
        <time>2023-06-18T09:55:18Z</time>
      </trkpt>
      <trkpt lat="22.517661" lon="113.949355">
        <ele>11.3</ele>
        <time>2023-06-18T09:55:19Z</time>
      </trkpt>
      <trkpt lat="22.517639" lon="113.949302">
        <ele>11.3</ele>
        <time>2023-06-18T09:55:20Z</time>
      </trkpt>
      <trkpt lat="22.517613" lon="113.949256">
        <ele>11.3</ele>
        <time>2023-06-18T09:55:21Z</time>
      </trkpt>
      <trkpt lat="22.517583" lon="113.949211">
        <ele>11.3</ele>
        <time>2023-06-18T09:55:22Z</time>
      </trkpt>
      <trkpt lat="22.517548" lon="113.949172">
        <ele>11.3</ele>
        <time>2023-06-18T09:55:23Z</time>
      </trkpt>
      <trkpt lat="22.517509" lon="113.949127">
        <ele>11.2</ele>
        <time>2023-06-18T09:55:24Z</time>
      </trkpt>
      <trkpt lat="22.51747" lon="113.949091">
        <ele>11.2</ele>
        <time>2023-06-18T09:55:25Z</time>
      </trkpt>
      <trkpt lat="22.517431" lon="113.94906">
        <ele>11.2</ele>
        <time>2023-06-18T09:55:26Z</time>
      </trkpt>
      <trkpt lat="22.517389" lon="113.94903">
        <ele>11.2</ele>
        <time>2023-06-18T09:55:27Z</time>
      </trkpt>
      <trkpt lat="22.517349" lon="113.949001">
        <ele>11.2</ele>
        <time>2023-06-18T09:55:28Z</time>
      </trkpt>
      <trkpt lat="22.517307" lon="113.948978">
        <ele>11.2</ele>
        <time>2023-06-18T09:55:29Z</time>
      </trkpt>
      <trkpt lat="22.517262" lon="113.948957">
        <ele>11.2</ele>
        <time>2023-06-18T09:55:30Z</time>
      </trkpt>
      <trkpt lat="22.517217" lon="113.948941">
        <ele>11.2</ele>
        <time>2023-06-18T09:55:31Z</time>
      </trkpt>
      <trkpt lat="22.517171" lon="113.948926">
        <ele>11.2</ele>
        <time>2023-06-18T09:55:32Z</time>
      </trkpt>
      <trkpt lat="22.517123" lon="113.948912">
        <ele>11.2</ele>
        <time>2023-06-18T09:55:33Z</time>
      </trkpt>
      <trkpt lat="22.517073" lon="113.948904">
        <ele>11.2</ele>
        <time>2023-06-18T09:55:34Z</time>
      </trkpt>
      <trkpt lat="22.517023" lon="113.948897">
        <ele>11.2</ele>
        <time>2023-06-18T09:55:35Z</time>
      </trkpt>
      <trkpt lat="22.516969" lon="113.948892">
        <ele>11.2</ele>
        <time>2023-06-18T09:55:36Z</time>
      </trkpt>
      <trkpt lat="22.516912" lon="113.9489">
        <ele>11.2</ele>
        <time>2023-06-18T09:55:37Z</time>
      </trkpt>
      <trkpt lat="22.516861" lon="113.948907">
        <ele>11.2</ele>
        <time>2023-06-18T09:55:38Z</time>
      </trkpt>
      <trkpt lat="22.516812" lon="113.948915">
        <ele>11.2</ele>
        <time>2023-06-18T09:55:39Z</time>
      </trkpt>
      <trkpt lat="22.51676" lon="113.948923">
        <ele>11.2</ele>
        <time>2023-06-18T09:55:40Z</time>
      </trkpt>
      <trkpt lat="22.516706" lon="113.948935">
        <ele>11.2</ele>
        <time>2023-06-18T09:55:41Z</time>
      </trkpt>
      <trkpt lat="22.516652" lon="113.948949">
        <ele>11.1</ele>
        <time>2023-06-18T09:55:42Z</time>
      </trkpt>
      <trkpt lat="22.516601" lon="113.948981">
        <ele>11.1</ele>
        <time>2023-06-18T09:55:43Z</time>
      </trkpt>
      <trkpt lat="22.516553" lon="113.949018">
        <ele>11.1</ele>
        <time>2023-06-18T09:55:44Z</time>
      </trkpt>
      <trkpt lat="22.51651" lon="113.94905">
        <ele>11.1</ele>
        <time>2023-06-18T09:55:45Z</time>
      </trkpt>
      <trkpt lat="22.516471" lon="113.949088">
        <ele>11.1</ele>
        <time>2023-06-18T09:55:46Z</time>
      </trkpt>
      <trkpt lat="22.516431" lon="113.949128">
        <ele>11.1</ele>
        <time>2023-06-18T09:55:47Z</time>
      </trkpt>
      <trkpt lat="22.51639" lon="113.949172">
        <ele>11.1</ele>
        <time>2023-06-18T09:55:48Z</time>
      </trkpt>
      <trkpt lat="22.516348" lon="113.94921">
        <ele>11.1</ele>
        <time>2023-06-18T09:55:49Z</time>
      </trkpt>
      <trkpt lat="22.516308" lon="113.949248">
        <ele>11.1</ele>
        <time>2023-06-18T09:55:50Z</time>
      </trkpt>
      <trkpt lat="22.516263" lon="113.949287">
        <ele>11.1</ele>
        <time>2023-06-18T09:55:51Z</time>
      </trkpt>
      <trkpt lat="22.516221" lon="113.949324">
        <ele>11.1</ele>
        <time>2023-06-18T09:55:52Z</time>
      </trkpt>
      <trkpt lat="22.516179" lon="113.949354">
        <ele>11.1</ele>
        <time>2023-06-18T09:55:53Z</time>
      </trkpt>
      <trkpt lat="22.516141" lon="113.949385">
        <ele>11.1</ele>
        <time>2023-06-18T09:55:54Z</time>
      </trkpt>
      <trkpt lat="22.516097" lon="113.949423">
        <ele>11.1</ele>
        <time>2023-06-18T09:55:55Z</time>
      </trkpt>
      <trkpt lat="22.51605" lon="113.949453">
        <ele>11.1</ele>
        <time>2023-06-18T09:55:56Z</time>
      </trkpt>
      <trkpt lat="22.515997" lon="113.949482">
        <ele>11.1</ele>
        <time>2023-06-18T09:55:57Z</time>
      </trkpt>
      <trkpt lat="22.515944" lon="113.949504">
        <ele>11</ele>
        <time>2023-06-18T09:55:58Z</time>
      </trkpt>
      <trkpt lat="22.515894" lon="113.949519">
        <ele>11</ele>
        <time>2023-06-18T09:55:59Z</time>
      </trkpt>
      <trkpt lat="22.515844" lon="113.949535">
        <ele>11</ele>
        <time>2023-06-18T09:56:00Z</time>
      </trkpt>
      <trkpt lat="22.515795" lon="113.949548">
        <ele>11</ele>
        <time>2023-06-18T09:56:01Z</time>
      </trkpt>
      <trkpt lat="22.515747" lon="113.949556">
        <ele>11</ele>
        <time>2023-06-18T09:56:02Z</time>
      </trkpt>
      <trkpt lat="22.515699" lon="113.949563">
        <ele>11</ele>
        <time>2023-06-18T09:56:03Z</time>
      </trkpt>
      <trkpt lat="22.515658" lon="113.94957">
        <ele>11</ele>
        <time>2023-06-18T09:56:04Z</time>
      </trkpt>
      <trkpt lat="22.515624" lon="113.949571">
        <ele>11</ele>
        <time>2023-06-18T09:56:05Z</time>
      </trkpt>
      <trkpt lat="22.515594" lon="113.94958">
        <ele>11</ele>
        <time>2023-06-18T09:56:06Z</time>
      </trkpt>
      <trkpt lat="22.515558" lon="113.949594">
        <ele>11</ele>
        <time>2023-06-18T09:56:07Z</time>
      </trkpt>
      <trkpt lat="22.515523" lon="113.949603">
        <ele>11</ele>
        <time>2023-06-18T09:56:08Z</time>
      </trkpt>
      <trkpt lat="22.515487" lon="113.949615">
        <ele>11</ele>
        <time>2023-06-18T09:56:09Z</time>
      </trkpt>
      <trkpt lat="22.515448" lon="113.949615">
        <ele>11</ele>
        <time>2023-06-18T09:56:10Z</time>
      </trkpt>
      <trkpt lat="22.515406" lon="113.949615">
        <ele>11</ele>
        <time>2023-06-18T09:56:11Z</time>
      </trkpt>
      <trkpt lat="22.515361" lon="113.949615">
        <ele>11</ele>
        <time>2023-06-18T09:56:12Z</time>
      </trkpt>
      <trkpt lat="22.515316" lon="113.949615">
        <ele>11</ele>
        <time>2023-06-18T09:56:13Z</time>
      </trkpt>
      <trkpt lat="22.515271" lon="113.949615">
        <ele>11</ele>
        <time>2023-06-18T09:56:14Z</time>
      </trkpt>
      <trkpt lat="22.515225" lon="113.949614">
        <ele>11</ele>
        <time>2023-06-18T09:56:15Z</time>
      </trkpt>
      <trkpt lat="22.515178" lon="113.949606">
        <ele>11</ele>
        <time>2023-06-18T09:56:16Z</time>
      </trkpt>
      <trkpt lat="22.515132" lon="113.949597">
        <ele>10.9</ele>
        <time>2023-06-18T09:56:17Z</time>
      </trkpt>
      <trkpt lat="22.515079" lon="113.949583">
        <ele>10.9</ele>
        <time>2023-06-18T09:56:18Z</time>
      </trkpt>
      <trkpt lat="22.51503" lon="113.949574">
        <ele>10.9</ele>
        <time>2023-06-18T09:56:19Z</time>
      </trkpt>
      <trkpt lat="22.514979" lon="113.949559">
        <ele>10.9</ele>
        <time>2023-06-18T09:56:20Z</time>
      </trkpt>
      <trkpt lat="22.514927" lon="113.949544">
        <ele>10.9</ele>
        <time>2023-06-18T09:56:21Z</time>
      </trkpt>
      <trkpt lat="22.514875" lon="113.949526">
        <ele>10.9</ele>
        <time>2023-06-18T09:56:22Z</time>
      </trkpt>
      <trkpt lat="22.514821" lon="113.949498">
        <ele>10.9</ele>
        <time>2023-06-18T09:56:23Z</time>
      </trkpt>
      <trkpt lat="22.514772" lon="113.949481">
        <ele>10.9</ele>
        <time>2023-06-18T09:56:24Z</time>
      </trkpt>
      <trkpt lat="22.514723" lon="113.949457">
        <ele>10.9</ele>
        <time>2023-06-18T09:56:25Z</time>
      </trkpt>
      <trkpt lat="22.514669" lon="113.949428">
        <ele>10.9</ele>
        <time>2023-06-18T09:56:26Z</time>
      </trkpt>
      <trkpt lat="22.514619" lon="113.949404">
        <ele>10.9</ele>
        <time>2023-06-18T09:56:27Z</time>
      </trkpt>
      <trkpt lat="22.514571" lon="113.949375">
        <ele>10.9</ele>
        <time>2023-06-18T09:56:28Z</time>
      </trkpt>
      <trkpt lat="22.514522" lon="113.94935">
        <ele>11</ele>
        <time>2023-06-18T09:56:29Z</time>
      </trkpt>
      <trkpt lat="22.514476" lon="113.949316">
        <ele>11</ele>
        <time>2023-06-18T09:56:30Z</time>
      </trkpt>
      <trkpt lat="22.51443" lon="113.949283">
        <ele>11.1</ele>
        <time>2023-06-18T09:56:31Z</time>
      </trkpt>
      <trkpt lat="22.514389" lon="113.949249">
        <ele>11.1</ele>
        <time>2023-06-18T09:56:32Z</time>
      </trkpt>
      <trkpt lat="22.514353" lon="113.949212">
        <ele>11.1</ele>
        <time>2023-06-18T09:56:33Z</time>
      </trkpt>
      <trkpt lat="22.514315" lon="113.949172">
        <ele>11.2</ele>
        <time>2023-06-18T09:56:34Z</time>
      </trkpt>
      <trkpt lat="22.514274" lon="113.949127">
        <ele>11.2</ele>
        <time>2023-06-18T09:56:35Z</time>
      </trkpt>
      <trkpt lat="22.514231" lon="113.949087">
        <ele>11.2</ele>
        <time>2023-06-18T09:56:36Z</time>
      </trkpt>
      <trkpt lat="22.514188" lon="113.949044">
        <ele>11.3</ele>
        <time>2023-06-18T09:56:37Z</time>
      </trkpt>
      <trkpt lat="22.514152" lon="113.949006">
        <ele>11.3</ele>
        <time>2023-06-18T09:56:38Z</time>
      </trkpt>
      <trkpt lat="22.514119" lon="113.948965">
        <ele>11.3</ele>
        <time>2023-06-18T09:56:39Z</time>
      </trkpt>
      <trkpt lat="22.514087" lon="113.94892">
        <ele>11.4</ele>
        <time>2023-06-18T09:56:40Z</time>
      </trkpt>
      <trkpt lat="22.514053" lon="113.948876">
        <ele>11.4</ele>
        <time>2023-06-18T09:56:41Z</time>
      </trkpt>
      <trkpt lat="22.514017" lon="113.948837">
        <ele>11.4</ele>
        <time>2023-06-18T09:56:42Z</time>
      </trkpt>
      <trkpt lat="22.513976" lon="113.948793">
        <ele>11.5</ele>
        <time>2023-06-18T09:56:43Z</time>
      </trkpt>
      <trkpt lat="22.51394" lon="113.948763">
        <ele>11.5</ele>
        <time>2023-06-18T09:56:44Z</time>
      </trkpt>
      <trkpt lat="22.513907" lon="113.948731">
        <ele>11.5</ele>
        <time>2023-06-18T09:56:45Z</time>
      </trkpt>
      <trkpt lat="22.513878" lon="113.948695">
        <ele>11.6</ele>
        <time>2023-06-18T09:56:46Z</time>
      </trkpt>
      <trkpt lat="22.513844" lon="113.948663">
        <ele>11.6</ele>
        <time>2023-06-18T09:56:47Z</time>
      </trkpt>
      <trkpt lat="22.5138" lon="113.948627">
        <ele>11.6</ele>
        <time>2023-06-18T09:56:48Z</time>
      </trkpt>
      <trkpt lat="22.513755" lon="113.948603">
        <ele>11.7</ele>
        <time>2023-06-18T09:56:49Z</time>
      </trkpt>
      <trkpt lat="22.513709" lon="113.948573">
        <ele>11.7</ele>
        <time>2023-06-18T09:56:50Z</time>
      </trkpt>
      <trkpt lat="22.513664" lon="113.948551">
        <ele>11.7</ele>
        <time>2023-06-18T09:56:51Z</time>
      </trkpt>
      <trkpt lat="22.513622" lon="113.948527">
        <ele>11.8</ele>
        <time>2023-06-18T09:56:52Z</time>
      </trkpt>
      <trkpt lat="22.513578" lon="113.948499">
        <ele>11.8</ele>
        <time>2023-06-18T09:56:53Z</time>
      </trkpt>
      <trkpt lat="22.513537" lon="113.948481">
        <ele>11.8</ele>
        <time>2023-06-18T09:56:54Z</time>
      </trkpt>
      <trkpt lat="22.513495" lon="113.948459">
        <ele>11.9</ele>
        <time>2023-06-18T09:56:55Z</time>
      </trkpt>
      <trkpt lat="22.513447" lon="113.948437">
        <ele>11.9</ele>
        <time>2023-06-18T09:56:56Z</time>
      </trkpt>
      <trkpt lat="22.513398" lon="113.948418">
        <ele>11.9</ele>
        <time>2023-06-18T09:56:57Z</time>
      </trkpt>
      <trkpt lat="22.513349" lon="113.948398">
        <ele>12</ele>
        <time>2023-06-18T09:56:58Z</time>
      </trkpt>
      <trkpt lat="22.513304" lon="113.948378">
        <ele>12</ele>
        <time>2023-06-18T09:56:59Z</time>
      </trkpt>
      <trkpt lat="22.513256" lon="113.948369">
        <ele>12</ele>
        <time>2023-06-18T09:57:00Z</time>
      </trkpt>
      <trkpt lat="22.513211" lon="113.948353">
        <ele>12.1</ele>
        <time>2023-06-18T09:57:01Z</time>
      </trkpt>
      <trkpt lat="22.513165" lon="113.948331">
        <ele>12.1</ele>
        <time>2023-06-18T09:57:02Z</time>
      </trkpt>
      <trkpt lat="22.513119" lon="113.948316">
        <ele>12.1</ele>
        <time>2023-06-18T09:57:03Z</time>
      </trkpt>
      <trkpt lat="22.513075" lon="113.948302">
        <ele>12.1</ele>
        <time>2023-06-18T09:57:04Z</time>
      </trkpt>
      <trkpt lat="22.513022" lon="113.948292">
        <ele>12.1</ele>
        <time>2023-06-18T09:57:05Z</time>
      </trkpt>
      <trkpt lat="22.51297" lon="113.948279">
        <ele>12.1</ele>
        <time>2023-06-18T09:57:06Z</time>
      </trkpt>
      <trkpt lat="22.512922" lon="113.948271">
        <ele>12.1</ele>
        <time>2023-06-18T09:57:07Z</time>
      </trkpt>
      <trkpt lat="22.512871" lon="113.948265">
        <ele>12.1</ele>
        <time>2023-06-18T09:57:08Z</time>
      </trkpt>
      <trkpt lat="22.512818" lon="113.948265">
        <ele>12.1</ele>
        <time>2023-06-18T09:57:09Z</time>
      </trkpt>
      <trkpt lat="22.51277" lon="113.948266">
        <ele>12.1</ele>
        <time>2023-06-18T09:57:10Z</time>
      </trkpt>
      <trkpt lat="22.512719" lon="113.948274">
        <ele>12.2</ele>
        <time>2023-06-18T09:57:11Z</time>
      </trkpt>
      <trkpt lat="22.51267" lon="113.948282">
        <ele>12.2</ele>
        <time>2023-06-18T09:57:12Z</time>
      </trkpt>
      <trkpt lat="22.512616" lon="113.948289">
        <ele>12.2</ele>
        <time>2023-06-18T09:57:13Z</time>
      </trkpt>
      <trkpt lat="22.512565" lon="113.948297">
        <ele>12.2</ele>
        <time>2023-06-18T09:57:14Z</time>
      </trkpt>
      <trkpt lat="22.512522" lon="113.948305">
        <ele>12.2</ele>
        <time>2023-06-18T09:57:15Z</time>
      </trkpt>
      <trkpt lat="22.51248" lon="113.948311">
        <ele>12.2</ele>
        <time>2023-06-18T09:57:16Z</time>
      </trkpt>
      <trkpt lat="22.512436" lon="113.948314">
        <ele>12.2</ele>
        <time>2023-06-18T09:57:17Z</time>
      </trkpt>
      <trkpt lat="22.512387" lon="113.948327">
        <ele>12.2</ele>
        <time>2023-06-18T09:57:18Z</time>
      </trkpt>
      <trkpt lat="22.512336" lon="113.948337">
        <ele>12.2</ele>
        <time>2023-06-18T09:57:19Z</time>
      </trkpt>
      <trkpt lat="22.512284" lon="113.948352">
        <ele>12.2</ele>
        <time>2023-06-18T09:57:20Z</time>
      </trkpt>
      <trkpt lat="22.512237" lon="113.948369">
        <ele>12.2</ele>
        <time>2023-06-18T09:57:21Z</time>
      </trkpt>
      <trkpt lat="22.512189" lon="113.94839">
        <ele>12.3</ele>
        <time>2023-06-18T09:57:22Z</time>
      </trkpt>
      <trkpt lat="22.512151" lon="113.948404">
        <ele>12.3</ele>
        <time>2023-06-18T09:57:23Z</time>
      </trkpt>
      <trkpt lat="22.512118" lon="113.948409">
        <ele>12.3</ele>
        <time>2023-06-18T09:57:24Z</time>
      </trkpt>
      <trkpt lat="22.512096" lon="113.948401">
        <ele>12.3</ele>
        <time>2023-06-18T09:57:25Z</time>
      </trkpt>
      <trkpt lat="22.512076" lon="113.948392">
        <ele>12.3</ele>
        <time>2023-06-18T09:57:26Z</time>
      </trkpt>
      <trkpt lat="22.51207" lon="113.948374">
        <ele>12.3</ele>
        <time>2023-06-18T09:57:27Z</time>
      </trkpt>
      <trkpt lat="22.512073" lon="113.948343">
        <ele>12.3</ele>
        <time>2023-06-18T09:57:28Z</time>
      </trkpt>
      <trkpt lat="22.512077" lon="113.948306">
        <ele>12.3</ele>
        <time>2023-06-18T09:57:29Z</time>
      </trkpt>
      <trkpt lat="22.512075" lon="113.948274">
        <ele>12.3</ele>
        <time>2023-06-18T09:57:30Z</time>
      </trkpt>
      <trkpt lat="22.512058" lon="113.948238">
        <ele>12.3</ele>
        <time>2023-06-18T09:57:31Z</time>
      </trkpt>
      <trkpt lat="22.512032" lon="113.948213">
        <ele>12.3</ele>
        <time>2023-06-18T09:57:32Z</time>
      </trkpt>
      <trkpt lat="22.512006" lon="113.948184">
        <ele>12.3</ele>
        <time>2023-06-18T09:57:33Z</time>
      </trkpt>
      <trkpt lat="22.511978" lon="113.948163">
        <ele>12.3</ele>
        <time>2023-06-18T09:57:34Z</time>
      </trkpt>
      <trkpt lat="22.511948" lon="113.948146">
        <ele>12.3</ele>
        <time>2023-06-18T09:57:35Z</time>
      </trkpt>
      <trkpt lat="22.511917" lon="113.948126">
        <ele>12.3</ele>
        <time>2023-06-18T09:57:36Z</time>
      </trkpt>
      <trkpt lat="22.511882" lon="113.948117">
        <ele>12.3</ele>
        <time>2023-06-18T09:57:37Z</time>
      </trkpt>
      <trkpt lat="22.511842" lon="113.948105">
        <ele>12.3</ele>
        <time>2023-06-18T09:57:38Z</time>
      </trkpt>
      <trkpt lat="22.511806" lon="113.948105">
        <ele>12.3</ele>
        <time>2023-06-18T09:57:39Z</time>
      </trkpt>
      <trkpt lat="22.511766" lon="113.948103">
        <ele>12.4</ele>
        <time>2023-06-18T09:57:40Z</time>
      </trkpt>
      <trkpt lat="22.511733" lon="113.948099">
        <ele>12.4</ele>
        <time>2023-06-18T09:57:41Z</time>
      </trkpt>
      <trkpt lat="22.511705" lon="113.948106">
        <ele>12.4</ele>
        <time>2023-06-18T09:57:42Z</time>
      </trkpt>
      <trkpt lat="22.511681" lon="113.948117">
        <ele>12.4</ele>
        <time>2023-06-18T09:57:43Z</time>
      </trkpt>
      <trkpt lat="22.511654" lon="113.948139">
        <ele>12.4</ele>
        <time>2023-06-18T09:57:44Z</time>
      </trkpt>
      <trkpt lat="22.511633" lon="113.948162">
        <ele>12.4</ele>
        <time>2023-06-18T09:57:45Z</time>
      </trkpt>
      <trkpt lat="22.51161" lon="113.948187">
        <ele>12.4</ele>
        <time>2023-06-18T09:57:46Z</time>
      </trkpt>
      <trkpt lat="22.511587" lon="113.948219">
        <ele>12.5</ele>
        <time>2023-06-18T09:57:47Z</time>
      </trkpt>
      <trkpt lat="22.511565" lon="113.948258">
        <ele>12.7</ele>
        <time>2023-06-18T09:57:48Z</time>
      </trkpt>
      <trkpt lat="22.511549" lon="113.948303">
        <ele>12.9</ele>
        <time>2023-06-18T09:57:49Z</time>
      </trkpt>
      <trkpt lat="22.511534" lon="113.94835">
        <ele>13.1</ele>
        <time>2023-06-18T09:57:50Z</time>
      </trkpt>
      <trkpt lat="22.511527" lon="113.948403">
        <ele>13.3</ele>
        <time>2023-06-18T09:57:51Z</time>
      </trkpt>
      <trkpt lat="22.511522" lon="113.948449">
        <ele>13.4</ele>
        <time>2023-06-18T09:57:52Z</time>
      </trkpt>
      <trkpt lat="22.511524" lon="113.948502">
        <ele>13.6</ele>
        <time>2023-06-18T09:57:53Z</time>
      </trkpt>
      <trkpt lat="22.511531" lon="113.94855">
        <ele>13.8</ele>
        <time>2023-06-18T09:57:54Z</time>
      </trkpt>
      <trkpt lat="22.511534" lon="113.948603">
        <ele>14</ele>
        <time>2023-06-18T09:57:55Z</time>
      </trkpt>
      <trkpt lat="22.511534" lon="113.948653">
        <ele>14.2</ele>
        <time>2023-06-18T09:57:56Z</time>
      </trkpt>
      <trkpt lat="22.511522" lon="113.948691">
        <ele>14.4</ele>
        <time>2023-06-18T09:57:57Z</time>
      </trkpt>
      <trkpt lat="22.511499" lon="113.948728">
        <ele>14.5</ele>
        <time>2023-06-18T09:57:58Z</time>
      </trkpt>
      <trkpt lat="22.511467" lon="113.948749">
        <ele>14.7</ele>
        <time>2023-06-18T09:57:59Z</time>
      </trkpt>
      <trkpt lat="22.511435" lon="113.948758">
        <ele>14.8</ele>
        <time>2023-06-18T09:58:00Z</time>
      </trkpt>
      <trkpt lat="22.51141" lon="113.948743">
        <ele>14.9</ele>
        <time>2023-06-18T09:58:01Z</time>
      </trkpt>
      <trkpt lat="22.511391" lon="113.948727">
        <ele>15</ele>
        <time>2023-06-18T09:58:02Z</time>
      </trkpt>
      <trkpt lat="22.51138" lon="113.948702">
        <ele>15.1</ele>
        <time>2023-06-18T09:58:03Z</time>
      </trkpt>
      <trkpt lat="22.511377" lon="113.94867">
        <ele>15.2</ele>
        <time>2023-06-18T09:58:04Z</time>
      </trkpt>
      <trkpt lat="22.511372" lon="113.948632">
        <ele>15.4</ele>
        <time>2023-06-18T09:58:05Z</time>
      </trkpt>
      <trkpt lat="22.511364" lon="113.948593">
        <ele>15.5</ele>
        <time>2023-06-18T09:58:06Z</time>
      </trkpt>
      <trkpt lat="22.511355" lon="113.948554">
        <ele>15.7</ele>
        <time>2023-06-18T09:58:07Z</time>
      </trkpt>
      <trkpt lat="22.511346" lon="113.94851">
        <ele>15.8</ele>
        <time>2023-06-18T09:58:08Z</time>
      </trkpt>
      <trkpt lat="22.51133" lon="113.948465">
        <ele>16</ele>
        <time>2023-06-18T09:58:09Z</time>
      </trkpt>
      <trkpt lat="22.511319" lon="113.948427">
        <ele>16.2</ele>
        <time>2023-06-18T09:58:10Z</time>
      </trkpt>
      <trkpt lat="22.511309" lon="113.948389">
        <ele>16.3</ele>
        <time>2023-06-18T09:58:11Z</time>
      </trkpt>
      <trkpt lat="22.511297" lon="113.948351">
        <ele>16.4</ele>
        <time>2023-06-18T09:58:12Z</time>
      </trkpt>
      <trkpt lat="22.511284" lon="113.948321">
        <ele>16.6</ele>
        <time>2023-06-18T09:58:13Z</time>
      </trkpt>
      <trkpt lat="22.511272" lon="113.948291">
        <ele>16.7</ele>
        <time>2023-06-18T09:58:14Z</time>
      </trkpt>
      <trkpt lat="22.511261" lon="113.94826">
        <ele>16.8</ele>
        <time>2023-06-18T09:58:15Z</time>
      </trkpt>
      <trkpt lat="22.511247" lon="113.948229">
        <ele>16.9</ele>
        <time>2023-06-18T09:58:16Z</time>
      </trkpt>
      <trkpt lat="22.511231" lon="113.948202">
        <ele>17.1</ele>
        <time>2023-06-18T09:58:17Z</time>
      </trkpt>
      <trkpt lat="22.511211" lon="113.948189">
        <ele>17.2</ele>
        <time>2023-06-18T09:58:18Z</time>
      </trkpt>
      <trkpt lat="22.511188" lon="113.948189">
        <ele>17.2</ele>
        <time>2023-06-18T09:58:19Z</time>
      </trkpt>
      <trkpt lat="22.511163" lon="113.948189">
        <ele>17.3</ele>
        <time>2023-06-18T09:58:20Z</time>
      </trkpt>
      <trkpt lat="22.511138" lon="113.948189">
        <ele>17.4</ele>
        <time>2023-06-18T09:58:21Z</time>
      </trkpt>
      <trkpt lat="22.511122" lon="113.948188">
        <ele>17.5</ele>
        <time>2023-06-18T09:58:22Z</time>
      </trkpt>
      <trkpt lat="22.511102" lon="113.948179">
        <ele>17.6</ele>
        <time>2023-06-18T09:58:23Z</time>
      </trkpt>
      <trkpt lat="22.511077" lon="113.948162">
        <ele>17.7</ele>
        <time>2023-06-18T09:58:24Z</time>
      </trkpt>
      <trkpt lat="22.511057" lon="113.94814">
        <ele>17.8</ele>
        <time>2023-06-18T09:58:25Z</time>
      </trkpt>
      <trkpt lat="22.511034" lon="113.948125">
        <ele>17.9</ele>
        <time>2023-06-18T09:58:26Z</time>
      </trkpt>
      <trkpt lat="22.511014" lon="113.948109">
        <ele>18</ele>
        <time>2023-06-18T09:58:27Z</time>
      </trkpt>
      <trkpt lat="22.510997" lon="113.948086">
        <ele>18.1</ele>
        <time>2023-06-18T09:58:28Z</time>
      </trkpt>
      <trkpt lat="22.510983" lon="113.948063">
        <ele>18.2</ele>
        <time>2023-06-18T09:58:29Z</time>
      </trkpt>
      <trkpt lat="22.510971" lon="113.948041">
        <ele>18.3</ele>
        <time>2023-06-18T09:58:30Z</time>
      </trkpt>
      <trkpt lat="22.510959" lon="113.948025">
        <ele>18.4</ele>
        <time>2023-06-18T09:58:31Z</time>
      </trkpt>
      <trkpt lat="22.510946" lon="113.948002">
        <ele>18.5</ele>
        <time>2023-06-18T09:58:32Z</time>
      </trkpt>
      <trkpt lat="22.510934" lon="113.947979">
        <ele>18.6</ele>
        <time>2023-06-18T09:58:33Z</time>
      </trkpt>
      <trkpt lat="22.510917" lon="113.947956">
        <ele>18.7</ele>
        <time>2023-06-18T09:58:34Z</time>
      </trkpt>
      <trkpt lat="22.5109" lon="113.947932">
        <ele>18.8</ele>
        <time>2023-06-18T09:58:35Z</time>
      </trkpt>
      <trkpt lat="22.510881" lon="113.947909">
        <ele>18.9</ele>
        <time>2023-06-18T09:58:36Z</time>
      </trkpt>
      <trkpt lat="22.510858" lon="113.947879">
        <ele>19.1</ele>
        <time>2023-06-18T09:58:37Z</time>
      </trkpt>
      <trkpt lat="22.510836" lon="113.947857">
        <ele>19.2</ele>
        <time>2023-06-18T09:58:38Z</time>
      </trkpt>
      <trkpt lat="22.510814" lon="113.947833">
        <ele>19.3</ele>
        <time>2023-06-18T09:58:39Z</time>
      </trkpt>
      <trkpt lat="22.51079" lon="113.947804">
        <ele>19.5</ele>
        <time>2023-06-18T09:58:40Z</time>
      </trkpt>
      <trkpt lat="22.510765" lon="113.947781">
        <ele>19.6</ele>
        <time>2023-06-18T09:58:41Z</time>
      </trkpt>
      <trkpt lat="22.510737" lon="113.947759">
        <ele>19.6</ele>
        <time>2023-06-18T09:58:42Z</time>
      </trkpt>
      <trkpt lat="22.510709" lon="113.947744">
        <ele>19.7</ele>
        <time>2023-06-18T09:58:43Z</time>
      </trkpt>
      <trkpt lat="22.510684" lon="113.947727">
        <ele>19.7</ele>
        <time>2023-06-18T09:58:44Z</time>
      </trkpt>
      <trkpt lat="22.510654" lon="113.947706">
        <ele>19.7</ele>
        <time>2023-06-18T09:58:45Z</time>
      </trkpt>
      <trkpt lat="22.510629" lon="113.94769">
        <ele>19.8</ele>
        <time>2023-06-18T09:58:46Z</time>
      </trkpt>
      <trkpt lat="22.510604" lon="113.947674">
        <ele>19.8</ele>
        <time>2023-06-18T09:58:47Z</time>
      </trkpt>
      <trkpt lat="22.510573" lon="113.947652">
        <ele>19.9</ele>
        <time>2023-06-18T09:58:48Z</time>
      </trkpt>
      <trkpt lat="22.510545" lon="113.947636">
        <ele>19.9</ele>
        <time>2023-06-18T09:58:49Z</time>
      </trkpt>
      <trkpt lat="22.510524" lon="113.947623">
        <ele>19.9</ele>
        <time>2023-06-18T09:58:50Z</time>
      </trkpt>
      <trkpt lat="22.510499" lon="113.947614">
        <ele>20</ele>
        <time>2023-06-18T09:58:51Z</time>
      </trkpt>
      <trkpt lat="22.510472" lon="113.947599">
        <ele>20</ele>
        <time>2023-06-18T09:58:52Z</time>
      </trkpt>
      <trkpt lat="22.510443" lon="113.947583">
        <ele>20.1</ele>
        <time>2023-06-18T09:58:53Z</time>
      </trkpt>
      <trkpt lat="22.510421" lon="113.947568">
        <ele>20.1</ele>
        <time>2023-06-18T09:58:54Z</time>
      </trkpt>
      <trkpt lat="22.510394" lon="113.947553">
        <ele>20.1</ele>
        <time>2023-06-18T09:58:55Z</time>
      </trkpt>
      <trkpt lat="22.510366" lon="113.947539">
        <ele>20.2</ele>
        <time>2023-06-18T09:58:56Z</time>
      </trkpt>
      <trkpt lat="22.510343" lon="113.947531">
        <ele>20.2</ele>
        <time>2023-06-18T09:58:57Z</time>
      </trkpt>
      <trkpt lat="22.510317" lon="113.947522">
        <ele>20.2</ele>
        <time>2023-06-18T09:58:58Z</time>
      </trkpt>
      <trkpt lat="22.510295" lon="113.947508">
        <ele>20.3</ele>
        <time>2023-06-18T09:58:59Z</time>
      </trkpt>
      <trkpt lat="22.510267" lon="113.947499">
        <ele>20.3</ele>
        <time>2023-06-18T09:59:00Z</time>
      </trkpt>
      <trkpt lat="22.510236" lon="113.947486">
        <ele>20.4</ele>
        <time>2023-06-18T09:59:01Z</time>
      </trkpt>
      <trkpt lat="22.510211" lon="113.947478">
        <ele>20.4</ele>
        <time>2023-06-18T09:59:02Z</time>
      </trkpt>
      <trkpt lat="22.510184" lon="113.94747">
        <ele>20.4</ele>
        <time>2023-06-18T09:59:03Z</time>
      </trkpt>
      <trkpt lat="22.510155" lon="113.947464">
        <ele>20.5</ele>
        <time>2023-06-18T09:59:04Z</time>
      </trkpt>
      <trkpt lat="22.510125" lon="113.947464">
        <ele>20.5</ele>
        <time>2023-06-18T09:59:05Z</time>
      </trkpt>
      <trkpt lat="22.510093" lon="113.947464">
        <ele>20.5</ele>
        <time>2023-06-18T09:59:06Z</time>
      </trkpt>
      <trkpt lat="22.510056" lon="113.947464">
        <ele>20.6</ele>
        <time>2023-06-18T09:59:07Z</time>
      </trkpt>
      <trkpt lat="22.51002" lon="113.947464">
        <ele>20.6</ele>
        <time>2023-06-18T09:59:08Z</time>
      </trkpt>
      <trkpt lat="22.509983" lon="113.947464">
        <ele>20.7</ele>
        <time>2023-06-18T09:59:09Z</time>
      </trkpt>
      <trkpt lat="22.509948" lon="113.947464">
        <ele>20.7</ele>
        <time>2023-06-18T09:59:10Z</time>
      </trkpt>
      <trkpt lat="22.509915" lon="113.947465">
        <ele>20.8</ele>
        <time>2023-06-18T09:59:11Z</time>
      </trkpt>
      <trkpt lat="22.509885" lon="113.947474">
        <ele>20.8</ele>
        <time>2023-06-18T09:59:12Z</time>
      </trkpt>
      <trkpt lat="22.50986" lon="113.94749">
        <ele>20.8</ele>
        <time>2023-06-18T09:59:13Z</time>
      </trkpt>
      <trkpt lat="22.50985" lon="113.947514">
        <ele>20.9</ele>
        <time>2023-06-18T09:59:14Z</time>
      </trkpt>
      <trkpt lat="22.509841" lon="113.947544">
        <ele>20.9</ele>
        <time>2023-06-18T09:59:15Z</time>
      </trkpt>
      <trkpt lat="22.509835" lon="113.947568">
        <ele>20.9</ele>
        <time>2023-06-18T09:59:16Z</time>
      </trkpt>
      <trkpt lat="22.50983" lon="113.947591">
        <ele>21</ele>
        <time>2023-06-18T09:59:17Z</time>
      </trkpt>
      <trkpt lat="22.509827" lon="113.947619">
        <ele>21</ele>
        <time>2023-06-18T09:59:18Z</time>
      </trkpt>
      <trkpt lat="22.509829" lon="113.947636">
        <ele>21</ele>
        <time>2023-06-18T09:59:19Z</time>
      </trkpt>
      <trkpt lat="22.509829" lon="113.947657">
        <ele>21.1</ele>
        <time>2023-06-18T09:59:20Z</time>
      </trkpt>
      <trkpt lat="22.50983" lon="113.94767">
        <ele>21.1</ele>
        <time>2023-06-18T09:59:21Z</time>
      </trkpt>
      <trkpt lat="22.509829" lon="113.947673">
        <ele>21.1</ele>
        <time>2023-06-18T09:59:22Z</time>
      </trkpt>
      <trkpt lat="22.509829" lon="113.947685">
        <ele>21.1</ele>
        <time>2023-06-18T09:59:23Z</time>
      </trkpt>
      <trkpt lat="22.50983" lon="113.947685">
        <ele>21.1</ele>
        <time>2023-06-18T09:59:24Z</time>
      </trkpt>
      <trkpt lat="22.509829" lon="113.947684">
        <ele>21.1</ele>
        <time>2023-06-18T09:59:46Z</time>
      </trkpt>
      <trkpt lat="22.509823" lon="113.947676">
        <ele>21.1</ele>
        <time>2023-06-18T09:59:47Z</time>
      </trkpt>
      <trkpt lat="22.509815" lon="113.94767">
        <ele>21.1</ele>
        <time>2023-06-18T09:59:48Z</time>
      </trkpt>
      <trkpt lat="22.509803" lon="113.947669">
        <ele>21.1</ele>
        <time>2023-06-18T09:59:49Z</time>
      </trkpt>
      <trkpt lat="22.509789" lon="113.947662">
        <ele>21.1</ele>
        <time>2023-06-18T09:59:50Z</time>
      </trkpt>
      <trkpt lat="22.509769" lon="113.947664">
        <ele>21.2</ele>
        <time>2023-06-18T09:59:51Z</time>
      </trkpt>
      <trkpt lat="22.509739" lon="113.947671">
        <ele>21.2</ele>
        <time>2023-06-18T09:59:52Z</time>
      </trkpt>
      <trkpt lat="22.509705" lon="113.94768">
        <ele>21.3</ele>
        <time>2023-06-18T09:59:53Z</time>
      </trkpt>
      <trkpt lat="22.509677" lon="113.947695">
        <ele>21.3</ele>
        <time>2023-06-18T09:59:54Z</time>
      </trkpt>
      <trkpt lat="22.509648" lon="113.947711">
        <ele>21.3</ele>
        <time>2023-06-18T09:59:55Z</time>
      </trkpt>
      <trkpt lat="22.509617" lon="113.947727">
        <ele>21.4</ele>
        <time>2023-06-18T09:59:56Z</time>
      </trkpt>
      <trkpt lat="22.509584" lon="113.947749">
        <ele>21.4</ele>
        <time>2023-06-18T09:59:57Z</time>
      </trkpt>
      <trkpt lat="22.509551" lon="113.947766">
        <ele>21.5</ele>
        <time>2023-06-18T09:59:58Z</time>
      </trkpt>
      <trkpt lat="22.509517" lon="113.947788">
        <ele>21.5</ele>
        <time>2023-06-18T09:59:59Z</time>
      </trkpt>
      <trkpt lat="22.509483" lon="113.947813">
        <ele>21.6</ele>
        <time>2023-06-18T10:00:00Z</time>
      </trkpt>
      <trkpt lat="22.50945" lon="113.947843">
        <ele>21.6</ele>
        <time>2023-06-18T10:00:01Z</time>
      </trkpt>
      <trkpt lat="22.509419" lon="113.947868">
        <ele>21.7</ele>
        <time>2023-06-18T10:00:02Z</time>
      </trkpt>
      <trkpt lat="22.509389" lon="113.947898">
        <ele>21.7</ele>
        <time>2023-06-18T10:00:03Z</time>
      </trkpt>
      <trkpt lat="22.50936" lon="113.947927">
        <ele>21.8</ele>
        <time>2023-06-18T10:00:04Z</time>
      </trkpt>
      <trkpt lat="22.509331" lon="113.947957">
        <ele>21.8</ele>
        <time>2023-06-18T10:00:05Z</time>
      </trkpt>
      <trkpt lat="22.509299" lon="113.947987">
        <ele>21.8</ele>
        <time>2023-06-18T10:00:06Z</time>
      </trkpt>
      <trkpt lat="22.509263" lon="113.948019">
        <ele>21.6</ele>
        <time>2023-06-18T10:00:07Z</time>
      </trkpt>
      <trkpt lat="22.509233" lon="113.94805">
        <ele>21.3</ele>
        <time>2023-06-18T10:00:08Z</time>
      </trkpt>
      <trkpt lat="22.50921" lon="113.94808">
        <ele>21.1</ele>
        <time>2023-06-18T10:00:09Z</time>
      </trkpt>
      <trkpt lat="22.509188" lon="113.948113">
        <ele>20.9</ele>
        <time>2023-06-18T10:00:10Z</time>
      </trkpt>
      <trkpt lat="22.509169" lon="113.948147">
        <ele>20.7</ele>
        <time>2023-06-18T10:00:11Z</time>
      </trkpt>
      <trkpt lat="22.509152" lon="113.948173">
        <ele>20.6</ele>
        <time>2023-06-18T10:00:12Z</time>
      </trkpt>
      <trkpt lat="22.509137" lon="113.94821">
        <ele>20.4</ele>
        <time>2023-06-18T10:00:13Z</time>
      </trkpt>
      <trkpt lat="22.509123" lon="113.948239">
        <ele>20.2</ele>
        <time>2023-06-18T10:00:14Z</time>
      </trkpt>
      <trkpt lat="22.509112" lon="113.94827">
        <ele>20</ele>
        <time>2023-06-18T10:00:15Z</time>
      </trkpt>
      <trkpt lat="22.509101" lon="113.9483">
        <ele>19.8</ele>
        <time>2023-06-18T10:00:16Z</time>
      </trkpt>
      <trkpt lat="22.509091" lon="113.948331">
        <ele>19.7</ele>
        <time>2023-06-18T10:00:17Z</time>
      </trkpt>
      <trkpt lat="22.509082" lon="113.948364">
        <ele>19.5</ele>
        <time>2023-06-18T10:00:18Z</time>
      </trkpt>
      <trkpt lat="22.509073" lon="113.948396">
        <ele>19.3</ele>
        <time>2023-06-18T10:00:19Z</time>
      </trkpt>
      <trkpt lat="22.509064" lon="113.948428">
        <ele>19.2</ele>
        <time>2023-06-18T10:00:20Z</time>
      </trkpt>
      <trkpt lat="22.509055" lon="113.948464">
        <ele>19</ele>
        <time>2023-06-18T10:00:21Z</time>
      </trkpt>
      <trkpt lat="22.50905" lon="113.948517">
        <ele>18.7</ele>
        <time>2023-06-18T10:00:22Z</time>
      </trkpt>
      <trkpt lat="22.509049" lon="113.948566">
        <ele>18.4</ele>
        <time>2023-06-18T10:00:23Z</time>
      </trkpt>
      <trkpt lat="22.509045" lon="113.948626">
        <ele>18.1</ele>
        <time>2023-06-18T10:00:24Z</time>
      </trkpt>
      <trkpt lat="22.509047" lon="113.948696">
        <ele>17.8</ele>
        <time>2023-06-18T10:00:25Z</time>
      </trkpt>
      <trkpt lat="22.509051" lon="113.948761">
        <ele>17.4</ele>
        <time>2023-06-18T10:00:26Z</time>
      </trkpt>
      <trkpt lat="22.509054" lon="113.948806">
        <ele>17.2</ele>
        <time>2023-06-18T10:00:27Z</time>
      </trkpt>
      <trkpt lat="22.509057" lon="113.94885">
        <ele>17</ele>
        <time>2023-06-18T10:00:28Z</time>
      </trkpt>
      <trkpt lat="22.509065" lon="113.948881">
        <ele>16.8</ele>
        <time>2023-06-18T10:00:29Z</time>
      </trkpt>
      <trkpt lat="22.509071" lon="113.948913">
        <ele>16.7</ele>
        <time>2023-06-18T10:00:30Z</time>
      </trkpt>
      <trkpt lat="22.509081" lon="113.948954">
        <ele>16.4</ele>
        <time>2023-06-18T10:00:31Z</time>
      </trkpt>
      <trkpt lat="22.509091" lon="113.948996">
        <ele>16.2</ele>
        <time>2023-06-18T10:00:32Z</time>
      </trkpt>
      <trkpt lat="22.509104" lon="113.949034">
        <ele>16</ele>
        <time>2023-06-18T10:00:33Z</time>
      </trkpt>
      <trkpt lat="22.509118" lon="113.949072">
        <ele>15.8</ele>
        <time>2023-06-18T10:00:34Z</time>
      </trkpt>
      <trkpt lat="22.509134" lon="113.949108">
        <ele>15.6</ele>
        <time>2023-06-18T10:00:35Z</time>
      </trkpt>
      <trkpt lat="22.509157" lon="113.949134">
        <ele>15.4</ele>
        <time>2023-06-18T10:00:36Z</time>
      </trkpt>
      <trkpt lat="22.509181" lon="113.949171">
        <ele>15.2</ele>
        <time>2023-06-18T10:00:37Z</time>
      </trkpt>
      <trkpt lat="22.509201" lon="113.94921">
        <ele>14.9</ele>
        <time>2023-06-18T10:00:38Z</time>
      </trkpt>
      <trkpt lat="22.509224" lon="113.949247">
        <ele>14.7</ele>
        <time>2023-06-18T10:00:39Z</time>
      </trkpt>
      <trkpt lat="22.509232" lon="113.94928">
        <ele>14.5</ele>
        <time>2023-06-18T10:00:40Z</time>
      </trkpt>
      <trkpt lat="22.509236" lon="113.949326">
        <ele>14.3</ele>
        <time>2023-06-18T10:00:41Z</time>
      </trkpt>
      <trkpt lat="22.509245" lon="113.949372">
        <ele>14.1</ele>
        <time>2023-06-18T10:00:42Z</time>
      </trkpt>
      <trkpt lat="22.509247" lon="113.949417">
        <ele>13.8</ele>
        <time>2023-06-18T10:00:43Z</time>
      </trkpt>
      <trkpt lat="22.509249" lon="113.949464">
        <ele>13.6</ele>
        <time>2023-06-18T10:00:44Z</time>
      </trkpt>
      <trkpt lat="22.509252" lon="113.949516">
        <ele>13.3</ele>
        <time>2023-06-18T10:00:45Z</time>
      </trkpt>
      <trkpt lat="22.509247" lon="113.949554">
        <ele>13.1</ele>
        <time>2023-06-18T10:00:46Z</time>
      </trkpt>
      <trkpt lat="22.50924" lon="113.94959">
        <ele>12.9</ele>
        <time>2023-06-18T10:00:47Z</time>
      </trkpt>
      <trkpt lat="22.509234" lon="113.949619">
        <ele>12.8</ele>
        <time>2023-06-18T10:00:48Z</time>
      </trkpt>
      <trkpt lat="22.509226" lon="113.949642">
        <ele>12.7</ele>
        <time>2023-06-18T10:00:49Z</time>
      </trkpt>
      <trkpt lat="22.509219" lon="113.949665">
        <ele>12.5</ele>
        <time>2023-06-18T10:00:50Z</time>
      </trkpt>
      <trkpt lat="22.509209" lon="113.949688">
        <ele>12.4</ele>
        <time>2023-06-18T10:00:51Z</time>
      </trkpt>
      <trkpt lat="22.509201" lon="113.949714">
        <ele>12.3</ele>
        <time>2023-06-18T10:00:52Z</time>
      </trkpt>
      <trkpt lat="22.509192" lon="113.949747">
        <ele>12.1</ele>
        <time>2023-06-18T10:00:53Z</time>
      </trkpt>
      <trkpt lat="22.509182" lon="113.949779">
        <ele>11.9</ele>
        <time>2023-06-18T10:00:54Z</time>
      </trkpt>
      <trkpt lat="22.509169" lon="113.949803">
        <ele>11.9</ele>
        <time>2023-06-18T10:00:55Z</time>
      </trkpt>
      <trkpt lat="22.509151" lon="113.949821">
        <ele>11.9</ele>
        <time>2023-06-18T10:00:56Z</time>
      </trkpt>
      <trkpt lat="22.509128" lon="113.949821">
        <ele>11.8</ele>
        <time>2023-06-18T10:00:57Z</time>
      </trkpt>
      <trkpt lat="22.5091" lon="113.949821">
        <ele>11.8</ele>
        <time>2023-06-18T10:00:58Z</time>
      </trkpt>
      <trkpt lat="22.509073" lon="113.94982">
        <ele>11.8</ele>
        <time>2023-06-18T10:00:59Z</time>
      </trkpt>
      <trkpt lat="22.509036" lon="113.949811">
        <ele>11.7</ele>
        <time>2023-06-18T10:01:00Z</time>
      </trkpt>
      <trkpt lat="22.508998" lon="113.949797">
        <ele>11.7</ele>
        <time>2023-06-18T10:01:01Z</time>
      </trkpt>
      <trkpt lat="22.50896" lon="113.949787">
        <ele>11.6</ele>
        <time>2023-06-18T10:01:02Z</time>
      </trkpt>
      <trkpt lat="22.508922" lon="113.949765">
        <ele>11.6</ele>
        <time>2023-06-18T10:01:03Z</time>
      </trkpt>
      <trkpt lat="22.508883" lon="113.94975">
        <ele>11.5</ele>
        <time>2023-06-18T10:01:04Z</time>
      </trkpt>
      <trkpt lat="22.508844" lon="113.949733">
        <ele>11.5</ele>
        <time>2023-06-18T10:01:05Z</time>
      </trkpt>
      <trkpt lat="22.508809" lon="113.949712">
        <ele>11.5</ele>
        <time>2023-06-18T10:01:06Z</time>
      </trkpt>
      <trkpt lat="22.508771" lon="113.949695">
        <ele>11.4</ele>
        <time>2023-06-18T10:01:07Z</time>
      </trkpt>
      <trkpt lat="22.508728" lon="113.949673">
        <ele>11.4</ele>
        <time>2023-06-18T10:01:08Z</time>
      </trkpt>
      <trkpt lat="22.508682" lon="113.949649">
        <ele>11.3</ele>
        <time>2023-06-18T10:01:09Z</time>
      </trkpt>
      <trkpt lat="22.50864" lon="113.949626">
        <ele>11.2</ele>
        <time>2023-06-18T10:01:10Z</time>
      </trkpt>
      <trkpt lat="22.5086" lon="113.949604">
        <ele>11.2</ele>
        <time>2023-06-18T10:01:11Z</time>
      </trkpt>
      <trkpt lat="22.508554" lon="113.949581">
        <ele>11.1</ele>
        <time>2023-06-18T10:01:12Z</time>
      </trkpt>
      <trkpt lat="22.508511" lon="113.949557">
        <ele>11.1</ele>
        <time>2023-06-18T10:01:13Z</time>
      </trkpt>
      <trkpt lat="22.508467" lon="113.949535">
        <ele>11</ele>
        <time>2023-06-18T10:01:14Z</time>
      </trkpt>
      <trkpt lat="22.508425" lon="113.949512">
        <ele>11</ele>
        <time>2023-06-18T10:01:15Z</time>
      </trkpt>
      <trkpt lat="22.508383" lon="113.949488">
        <ele>10.9</ele>
        <time>2023-06-18T10:01:16Z</time>
      </trkpt>
      <trkpt lat="22.508344" lon="113.94946">
        <ele>10.9</ele>
        <time>2023-06-18T10:01:17Z</time>
      </trkpt>
      <trkpt lat="22.508311" lon="113.949442">
        <ele>10.8</ele>
        <time>2023-06-18T10:01:18Z</time>
      </trkpt>
      <trkpt lat="22.508276" lon="113.949411">
        <ele>10.8</ele>
        <time>2023-06-18T10:01:19Z</time>
      </trkpt>
      <trkpt lat="22.508246" lon="113.949379">
        <ele>10.7</ele>
        <time>2023-06-18T10:01:20Z</time>
      </trkpt>
      <trkpt lat="22.508222" lon="113.949339">
        <ele>10.7</ele>
        <time>2023-06-18T10:01:21Z</time>
      </trkpt>
      <trkpt lat="22.508212" lon="113.949291">
        <ele>10.6</ele>
        <time>2023-06-18T10:01:22Z</time>
      </trkpt>
      <trkpt lat="22.508209" lon="113.949246">
        <ele>10.6</ele>
        <time>2023-06-18T10:01:23Z</time>
      </trkpt>
      <trkpt lat="22.508216" lon="113.949194">
        <ele>10.5</ele>
        <time>2023-06-18T10:01:24Z</time>
      </trkpt>
      <trkpt lat="22.508218" lon="113.949145">
        <ele>10.5</ele>
        <time>2023-06-18T10:01:25Z</time>
      </trkpt>
      <trkpt lat="22.50822" lon="113.949093">
        <ele>10.4</ele>
        <time>2023-06-18T10:01:26Z</time>
      </trkpt>
      <trkpt lat="22.508217" lon="113.949033">
        <ele>10.4</ele>
        <time>2023-06-18T10:01:27Z</time>
      </trkpt>
      <trkpt lat="22.508213" lon="113.948981">
        <ele>10.3</ele>
        <time>2023-06-18T10:01:28Z</time>
      </trkpt>
      <trkpt lat="22.508204" lon="113.948927">
        <ele>10.2</ele>
        <time>2023-06-18T10:01:29Z</time>
      </trkpt>
      <trkpt lat="22.508194" lon="113.948874">
        <ele>10.2</ele>
        <time>2023-06-18T10:01:30Z</time>
      </trkpt>
      <trkpt lat="22.508181" lon="113.94882">
        <ele>10.1</ele>
        <time>2023-06-18T10:01:31Z</time>
      </trkpt>
      <trkpt lat="22.508163" lon="113.948767">
        <ele>10.1</ele>
        <time>2023-06-18T10:01:32Z</time>
      </trkpt>
      <trkpt lat="22.508141" lon="113.948712">
        <ele>10</ele>
        <time>2023-06-18T10:01:33Z</time>
      </trkpt>
      <trkpt lat="22.508123" lon="113.948659">
        <ele>10</ele>
        <time>2023-06-18T10:01:34Z</time>
      </trkpt>
      <trkpt lat="22.508099" lon="113.948605">
        <ele>9.9</ele>
        <time>2023-06-18T10:01:35Z</time>
      </trkpt>
      <trkpt lat="22.50807" lon="113.948555">
        <ele>9.9</ele>
        <time>2023-06-18T10:01:36Z</time>
      </trkpt>
      <trkpt lat="22.508039" lon="113.948516">
        <ele>9.9</ele>
        <time>2023-06-18T10:01:37Z</time>
      </trkpt>
      <trkpt lat="22.508005" lon="113.94847">
        <ele>9.9</ele>
        <time>2023-06-18T10:01:38Z</time>
      </trkpt>
      <trkpt lat="22.507967" lon="113.948426">
        <ele>9.9</ele>
        <time>2023-06-18T10:01:39Z</time>
      </trkpt>
      <trkpt lat="22.507932" lon="113.948388">
        <ele>9.9</ele>
        <time>2023-06-18T10:01:40Z</time>
      </trkpt>
      <trkpt lat="22.507885" lon="113.948348">
        <ele>9.9</ele>
        <time>2023-06-18T10:01:41Z</time>
      </trkpt>
      <trkpt lat="22.507834" lon="113.948305">
        <ele>9.9</ele>
        <time>2023-06-18T10:01:42Z</time>
      </trkpt>
      <trkpt lat="22.507779" lon="113.948274">
        <ele>9.9</ele>
        <time>2023-06-18T10:01:43Z</time>
      </trkpt>
      <trkpt lat="22.507721" lon="113.948244">
        <ele>9.9</ele>
        <time>2023-06-18T10:01:44Z</time>
      </trkpt>
      <trkpt lat="22.507666" lon="113.948214">
        <ele>9.9</ele>
        <time>2023-06-18T10:01:45Z</time>
      </trkpt>
      <trkpt lat="22.507608" lon="113.948185">
        <ele>9.9</ele>
        <time>2023-06-18T10:01:46Z</time>
      </trkpt>
      <trkpt lat="22.507551" lon="113.948161">
        <ele>9.9</ele>
        <time>2023-06-18T10:01:47Z</time>
      </trkpt>
      <trkpt lat="22.507492" lon="113.948142">
        <ele>9.9</ele>
        <time>2023-06-18T10:01:48Z</time>
      </trkpt>
      <trkpt lat="22.507429" lon="113.948133">
        <ele>9.9</ele>
        <time>2023-06-18T10:01:49Z</time>
      </trkpt>
      <trkpt lat="22.507361" lon="113.948119">
        <ele>9.9</ele>
        <time>2023-06-18T10:01:50Z</time>
      </trkpt>
      <trkpt lat="22.507297" lon="113.948112">
        <ele>9.9</ele>
        <time>2023-06-18T10:01:51Z</time>
      </trkpt>
      <trkpt lat="22.507237" lon="113.948112">
        <ele>9.9</ele>
        <time>2023-06-18T10:01:52Z</time>
      </trkpt>
      <trkpt lat="22.507181" lon="113.948115">
        <ele>9.9</ele>
        <time>2023-06-18T10:01:53Z</time>
      </trkpt>
      <trkpt lat="22.507125" lon="113.948132">
        <ele>9.9</ele>
        <time>2023-06-18T10:01:54Z</time>
      </trkpt>
      <trkpt lat="22.507077" lon="113.948152">
        <ele>9.9</ele>
        <time>2023-06-18T10:01:55Z</time>
      </trkpt>
      <trkpt lat="22.507038" lon="113.94816">
        <ele>9.9</ele>
        <time>2023-06-18T10:01:56Z</time>
      </trkpt>
      <trkpt lat="22.50701" lon="113.948167">
        <ele>9.9</ele>
        <time>2023-06-18T10:01:57Z</time>
      </trkpt>
      <trkpt lat="22.506995" lon="113.948174">
        <ele>9.9</ele>
        <time>2023-06-18T10:01:58Z</time>
      </trkpt>
      <trkpt lat="22.50699" lon="113.948174">
        <ele>9.9</ele>
        <time>2023-06-18T10:01:59Z</time>
      </trkpt>
      <trkpt lat="22.50699" lon="113.948174">
        <ele>9.9</ele>
        <time>2023-06-18T10:02:00Z</time>
      </trkpt>
      <trkpt lat="22.50699" lon="113.948174">
        <ele>9.9</ele>
        <time>2023-06-18T10:03:25Z</time>
      </trkpt>
      <trkpt lat="22.50699" lon="113.948174">
        <ele>9.9</ele>
        <time>2023-06-18T10:03:34Z</time>
      </trkpt>
      <trkpt lat="22.50699" lon="113.948174">
        <ele>9.9</ele>
        <time>2023-06-18T10:03:36Z</time>
      </trkpt>
      <trkpt lat="22.50699" lon="113.948174">
        <ele>9.9</ele>
        <time>2023-06-18T10:03:37Z</time>
      </trkpt>
      <trkpt lat="22.50699" lon="113.948174">
        <ele>9.9</ele>
        <time>2023-06-18T10:03:39Z</time>
      </trkpt>
      <trkpt lat="22.50699" lon="113.948174">
        <ele>9.9</ele>
        <time>2023-06-18T10:03:53Z</time>
      </trkpt>
      <trkpt lat="22.506992" lon="113.948177">
        <ele>9.9</ele>
        <time>2023-06-18T10:04:10Z</time>
      </trkpt>
      <trkpt lat="22.506994" lon="113.94819">
        <ele>9.9</ele>
        <time>2023-06-18T10:04:11Z</time>
      </trkpt>
      <trkpt lat="22.506975" lon="113.948198">
        <ele>9.9</ele>
        <time>2023-06-18T10:04:12Z</time>
      </trkpt>
      <trkpt lat="22.506958" lon="113.948206">
        <ele>9.9</ele>
        <time>2023-06-18T10:04:13Z</time>
      </trkpt>
      <trkpt lat="22.50694" lon="113.948213">
        <ele>9.9</ele>
        <time>2023-06-18T10:04:14Z</time>
      </trkpt>
      <trkpt lat="22.506922" lon="113.948222">
        <ele>9.9</ele>
        <time>2023-06-18T10:04:15Z</time>
      </trkpt>
      <trkpt lat="22.5069" lon="113.948236">
        <ele>9.9</ele>
        <time>2023-06-18T10:04:16Z</time>
      </trkpt>
      <trkpt lat="22.506879" lon="113.948244">
        <ele>9.9</ele>
        <time>2023-06-18T10:04:17Z</time>
      </trkpt>
      <trkpt lat="22.506854" lon="113.948251">
        <ele>9.9</ele>
        <time>2023-06-18T10:04:18Z</time>
      </trkpt>
      <trkpt lat="22.506828" lon="113.948259">
        <ele>9.9</ele>
        <time>2023-06-18T10:04:19Z</time>
      </trkpt>
      <trkpt lat="22.506797" lon="113.948265">
        <ele>9.9</ele>
        <time>2023-06-18T10:04:20Z</time>
      </trkpt>
      <trkpt lat="22.506763" lon="113.948264">
        <ele>9.9</ele>
        <time>2023-06-18T10:04:21Z</time>
      </trkpt>
      <trkpt lat="22.506724" lon="113.948256">
        <ele>9.9</ele>
        <time>2023-06-18T10:04:22Z</time>
      </trkpt>
      <trkpt lat="22.506685" lon="113.948247">
        <ele>9.9</ele>
        <time>2023-06-18T10:04:23Z</time>
      </trkpt>
      <trkpt lat="22.506643" lon="113.948231">
        <ele>9.9</ele>
        <time>2023-06-18T10:04:24Z</time>
      </trkpt>
      <trkpt lat="22.506595" lon="113.948209">
        <ele>9.9</ele>
        <time>2023-06-18T10:04:25Z</time>
      </trkpt>
      <trkpt lat="22.506546" lon="113.948192">
        <ele>9.9</ele>
        <time>2023-06-18T10:04:26Z</time>
      </trkpt>
      <trkpt lat="22.506493" lon="113.948171">
        <ele>9.9</ele>
        <time>2023-06-18T10:04:27Z</time>
      </trkpt>
      <trkpt lat="22.506437" lon="113.948155">
        <ele>9.9</ele>
        <time>2023-06-18T10:04:28Z</time>
      </trkpt>
      <trkpt lat="22.506383" lon="113.948139">
        <ele>9.9</ele>
        <time>2023-06-18T10:04:29Z</time>
      </trkpt>
      <trkpt lat="22.506329" lon="113.948116">
        <ele>9.9</ele>
        <time>2023-06-18T10:04:30Z</time>
      </trkpt>
      <trkpt lat="22.506275" lon="113.948094">
        <ele>9.9</ele>
        <time>2023-06-18T10:04:31Z</time>
      </trkpt>
      <trkpt lat="22.506224" lon="113.948081">
        <ele>9.9</ele>
        <time>2023-06-18T10:04:32Z</time>
      </trkpt>
      <trkpt lat="22.506168" lon="113.948073">
        <ele>9.9</ele>
        <time>2023-06-18T10:04:33Z</time>
      </trkpt>
      <trkpt lat="22.506113" lon="113.948065">
        <ele>9.9</ele>
        <time>2023-06-18T10:04:34Z</time>
      </trkpt>
      <trkpt lat="22.506057" lon="113.948059">
        <ele>9.9</ele>
        <time>2023-06-18T10:04:35Z</time>
      </trkpt>
      <trkpt lat="22.506004" lon="113.948058">
        <ele>9.8</ele>
        <time>2023-06-18T10:04:36Z</time>
      </trkpt>
      <trkpt lat="22.505951" lon="113.94805">
        <ele>9.8</ele>
        <time>2023-06-18T10:04:37Z</time>
      </trkpt>
      <trkpt lat="22.505897" lon="113.948045">
        <ele>9.8</ele>
        <time>2023-06-18T10:04:38Z</time>
      </trkpt>
      <trkpt lat="22.505841" lon="113.948051">
        <ele>9.8</ele>
        <time>2023-06-18T10:04:39Z</time>
      </trkpt>
      <trkpt lat="22.505788" lon="113.948051">
        <ele>9.8</ele>
        <time>2023-06-18T10:04:40Z</time>
      </trkpt>
      <trkpt lat="22.505735" lon="113.948051">
        <ele>9.8</ele>
        <time>2023-06-18T10:04:41Z</time>
      </trkpt>
      <trkpt lat="22.505679" lon="113.94805">
        <ele>9.8</ele>
        <time>2023-06-18T10:04:42Z</time>
      </trkpt>
      <trkpt lat="22.505624" lon="113.948045">
        <ele>9.8</ele>
        <time>2023-06-18T10:04:43Z</time>
      </trkpt>
      <trkpt lat="22.505566" lon="113.94805">
        <ele>9.8</ele>
        <time>2023-06-18T10:04:44Z</time>
      </trkpt>
      <trkpt lat="22.505505" lon="113.948044">
        <ele>9.8</ele>
        <time>2023-06-18T10:04:45Z</time>
      </trkpt>
      <trkpt lat="22.505448" lon="113.948042">
        <ele>9.8</ele>
        <time>2023-06-18T10:04:46Z</time>
      </trkpt>
      <trkpt lat="22.505393" lon="113.948035">
        <ele>9.7</ele>
        <time>2023-06-18T10:04:47Z</time>
      </trkpt>
      <trkpt lat="22.505338" lon="113.948029">
        <ele>9.7</ele>
        <time>2023-06-18T10:04:48Z</time>
      </trkpt>
      <trkpt lat="22.505284" lon="113.948027">
        <ele>9.7</ele>
        <time>2023-06-18T10:04:49Z</time>
      </trkpt>
      <trkpt lat="22.505229" lon="113.948024">
        <ele>9.7</ele>
        <time>2023-06-18T10:04:50Z</time>
      </trkpt>
      <trkpt lat="22.50517" lon="113.94804">
        <ele>9.7</ele>
        <time>2023-06-18T10:04:51Z</time>
      </trkpt>
      <trkpt lat="22.505109" lon="113.948062">
        <ele>9.7</ele>
        <time>2023-06-18T10:04:52Z</time>
      </trkpt>
      <trkpt lat="22.505052" lon="113.948078">
        <ele>9.7</ele>
        <time>2023-06-18T10:04:53Z</time>
      </trkpt>
      <trkpt lat="22.504996" lon="113.9481">
        <ele>9.7</ele>
        <time>2023-06-18T10:04:54Z</time>
      </trkpt>
      <trkpt lat="22.504937" lon="113.948116">
        <ele>9.7</ele>
        <time>2023-06-18T10:04:55Z</time>
      </trkpt>
      <trkpt lat="22.504882" lon="113.948139">
        <ele>9.7</ele>
        <time>2023-06-18T10:04:56Z</time>
      </trkpt>
      <trkpt lat="22.504824" lon="113.948162">
        <ele>9.6</ele>
        <time>2023-06-18T10:04:57Z</time>
      </trkpt>
      <trkpt lat="22.504769" lon="113.948185">
        <ele>9.6</ele>
        <time>2023-06-18T10:04:58Z</time>
      </trkpt>
      <trkpt lat="22.504717" lon="113.948208">
        <ele>9.6</ele>
        <time>2023-06-18T10:04:59Z</time>
      </trkpt>
      <trkpt lat="22.504664" lon="113.948231">
        <ele>9.6</ele>
        <time>2023-06-18T10:05:00Z</time>
      </trkpt>
      <trkpt lat="22.50461" lon="113.948254">
        <ele>9.6</ele>
        <time>2023-06-18T10:05:01Z</time>
      </trkpt>
      <trkpt lat="22.504554" lon="113.948277">
        <ele>9.6</ele>
        <time>2023-06-18T10:05:02Z</time>
      </trkpt>
      <trkpt lat="22.504499" lon="113.948299">
        <ele>9.6</ele>
        <time>2023-06-18T10:05:03Z</time>
      </trkpt>
      <trkpt lat="22.504443" lon="113.948322">
        <ele>9.6</ele>
        <time>2023-06-18T10:05:04Z</time>
      </trkpt>
      <trkpt lat="22.504389" lon="113.948346">
        <ele>9.6</ele>
        <time>2023-06-18T10:05:05Z</time>
      </trkpt>
      <trkpt lat="22.504333" lon="113.948377">
        <ele>9.6</ele>
        <time>2023-06-18T10:05:06Z</time>
      </trkpt>
      <trkpt lat="22.50428" lon="113.948407">
        <ele>9.6</ele>
        <time>2023-06-18T10:05:07Z</time>
      </trkpt>
      <trkpt lat="22.504226" lon="113.94844">
        <ele>9.6</ele>
        <time>2023-06-18T10:05:08Z</time>
      </trkpt>
      <trkpt lat="22.504175" lon="113.948477">
        <ele>9.6</ele>
        <time>2023-06-18T10:05:09Z</time>
      </trkpt>
      <trkpt lat="22.504121" lon="113.948508">
        <ele>9.6</ele>
        <time>2023-06-18T10:05:10Z</time>
      </trkpt>
      <trkpt lat="22.504066" lon="113.948537">
        <ele>9.6</ele>
        <time>2023-06-18T10:05:11Z</time>
      </trkpt>
      <trkpt lat="22.504009" lon="113.948568">
        <ele>9.6</ele>
        <time>2023-06-18T10:05:12Z</time>
      </trkpt>
      <trkpt lat="22.503954" lon="113.948598">
        <ele>9.6</ele>
        <time>2023-06-18T10:05:13Z</time>
      </trkpt>
      <trkpt lat="22.503897" lon="113.948628">
        <ele>9.6</ele>
        <time>2023-06-18T10:05:14Z</time>
      </trkpt>
      <trkpt lat="22.50384" lon="113.948651">
        <ele>9.6</ele>
        <time>2023-06-18T10:05:15Z</time>
      </trkpt>
      <trkpt lat="22.503787" lon="113.948675">
        <ele>9.6</ele>
        <time>2023-06-18T10:05:16Z</time>
      </trkpt>
      <trkpt lat="22.503734" lon="113.948706">
        <ele>9.6</ele>
        <time>2023-06-18T10:05:17Z</time>
      </trkpt>
      <trkpt lat="22.503684" lon="113.948733">
        <ele>9.6</ele>
        <time>2023-06-18T10:05:18Z</time>
      </trkpt>
      <trkpt lat="22.50363" lon="113.948748">
        <ele>9.6</ele>
        <time>2023-06-18T10:05:19Z</time>
      </trkpt>
      <trkpt lat="22.503575" lon="113.948764">
        <ele>9.6</ele>
        <time>2023-06-18T10:05:20Z</time>
      </trkpt>
      <trkpt lat="22.503518" lon="113.948781">
        <ele>9.6</ele>
        <time>2023-06-18T10:05:21Z</time>
      </trkpt>
      <trkpt lat="22.503464" lon="113.948804">
        <ele>9.6</ele>
        <time>2023-06-18T10:05:22Z</time>
      </trkpt>
      <trkpt lat="22.503408" lon="113.948832">
        <ele>9.6</ele>
        <time>2023-06-18T10:05:23Z</time>
      </trkpt>
      <trkpt lat="22.50335" lon="113.948847">
        <ele>9.6</ele>
        <time>2023-06-18T10:05:24Z</time>
      </trkpt>
      <trkpt lat="22.503291" lon="113.948863">
        <ele>9.6</ele>
        <time>2023-06-18T10:05:25Z</time>
      </trkpt>
      <trkpt lat="22.503232" lon="113.948878">
        <ele>9.6</ele>
        <time>2023-06-18T10:05:26Z</time>
      </trkpt>
      <trkpt lat="22.503175" lon="113.948893">
        <ele>9.6</ele>
        <time>2023-06-18T10:05:27Z</time>
      </trkpt>
      <trkpt lat="22.503116" lon="113.948909">
        <ele>9.6</ele>
        <time>2023-06-18T10:05:28Z</time>
      </trkpt>
      <trkpt lat="22.50306" lon="113.948921">
        <ele>9.6</ele>
        <time>2023-06-18T10:05:29Z</time>
      </trkpt>
      <trkpt lat="22.50301" lon="113.948923">
        <ele>9.6</ele>
        <time>2023-06-18T10:05:30Z</time>
      </trkpt>
      <trkpt lat="22.502958" lon="113.94893">
        <ele>9.6</ele>
        <time>2023-06-18T10:05:31Z</time>
      </trkpt>
      <trkpt lat="22.502907" lon="113.94894">
        <ele>9.6</ele>
        <time>2023-06-18T10:05:32Z</time>
      </trkpt>
      <trkpt lat="22.502856" lon="113.948953">
        <ele>9.6</ele>
        <time>2023-06-18T10:05:33Z</time>
      </trkpt>
      <trkpt lat="22.502806" lon="113.948961">
        <ele>9.6</ele>
        <time>2023-06-18T10:05:34Z</time>
      </trkpt>
      <trkpt lat="22.502756" lon="113.948967">
        <ele>9.6</ele>
        <time>2023-06-18T10:05:35Z</time>
      </trkpt>
      <trkpt lat="22.502708" lon="113.94897">
        <ele>9.6</ele>
        <time>2023-06-18T10:05:36Z</time>
      </trkpt>
      <trkpt lat="22.502662" lon="113.948985">
        <ele>9.6</ele>
        <time>2023-06-18T10:05:37Z</time>
      </trkpt>
      <trkpt lat="22.502623" lon="113.949003">
        <ele>9.6</ele>
        <time>2023-06-18T10:05:38Z</time>
      </trkpt>
      <trkpt lat="22.50259" lon="113.949034">
        <ele>9.6</ele>
        <time>2023-06-18T10:05:39Z</time>
      </trkpt>
      <trkpt lat="22.502558" lon="113.949061">
        <ele>9.6</ele>
        <time>2023-06-18T10:05:40Z</time>
      </trkpt>
      <trkpt lat="22.50253" lon="113.949075">
        <ele>9.6</ele>
        <time>2023-06-18T10:05:41Z</time>
      </trkpt>
      <trkpt lat="22.502505" lon="113.949083">
        <ele>9.5</ele>
        <time>2023-06-18T10:05:42Z</time>
      </trkpt>
      <trkpt lat="22.502475" lon="113.949089">
        <ele>9.5</ele>
        <time>2023-06-18T10:05:43Z</time>
      </trkpt>
      <trkpt lat="22.502441" lon="113.94909">
        <ele>9.5</ele>
        <time>2023-06-18T10:05:44Z</time>
      </trkpt>
      <trkpt lat="22.502406" lon="113.949097">
        <ele>9.5</ele>
        <time>2023-06-18T10:05:45Z</time>
      </trkpt>
      <trkpt lat="22.50237" lon="113.949097">
        <ele>9.5</ele>
        <time>2023-06-18T10:05:46Z</time>
      </trkpt>
      <trkpt lat="22.502333" lon="113.949095">
        <ele>9.5</ele>
        <time>2023-06-18T10:05:47Z</time>
      </trkpt>
      <trkpt lat="22.502296" lon="113.949089">
        <ele>9.5</ele>
        <time>2023-06-18T10:05:48Z</time>
      </trkpt>
      <trkpt lat="22.502259" lon="113.949088">
        <ele>9.5</ele>
        <time>2023-06-18T10:05:49Z</time>
      </trkpt>
      <trkpt lat="22.502223" lon="113.949081">
        <ele>9.5</ele>
        <time>2023-06-18T10:05:50Z</time>
      </trkpt>
      <trkpt lat="22.502187" lon="113.94908">
        <ele>9.5</ele>
        <time>2023-06-18T10:05:51Z</time>
      </trkpt>
      <trkpt lat="22.502152" lon="113.949071">
        <ele>9.5</ele>
        <time>2023-06-18T10:05:52Z</time>
      </trkpt>
      <trkpt lat="22.502119" lon="113.949055">
        <ele>9.5</ele>
        <time>2023-06-18T10:05:53Z</time>
      </trkpt>
      <trkpt lat="22.502086" lon="113.949033">
        <ele>9.5</ele>
        <time>2023-06-18T10:05:54Z</time>
      </trkpt>
      <trkpt lat="22.50205" lon="113.949018">
        <ele>9.5</ele>
        <time>2023-06-18T10:05:55Z</time>
      </trkpt>
      <trkpt lat="22.502014" lon="113.949004">
        <ele>9.5</ele>
        <time>2023-06-18T10:05:56Z</time>
      </trkpt>
      <trkpt lat="22.501981" lon="113.948996">
        <ele>9.5</ele>
        <time>2023-06-18T10:05:57Z</time>
      </trkpt>
      <trkpt lat="22.501945" lon="113.948989">
        <ele>9.5</ele>
        <time>2023-06-18T10:05:58Z</time>
      </trkpt>
      <trkpt lat="22.501904" lon="113.948981">
        <ele>9.5</ele>
        <time>2023-06-18T10:05:59Z</time>
      </trkpt>
      <trkpt lat="22.501858" lon="113.948973">
        <ele>9.5</ele>
        <time>2023-06-18T10:06:00Z</time>
      </trkpt>
      <trkpt lat="22.501811" lon="113.948966">
        <ele>9.4</ele>
        <time>2023-06-18T10:06:01Z</time>
      </trkpt>
      <trkpt lat="22.501766" lon="113.948957">
        <ele>9.4</ele>
        <time>2023-06-18T10:06:02Z</time>
      </trkpt>
      <trkpt lat="22.501715" lon="113.948943">
        <ele>9.4</ele>
        <time>2023-06-18T10:06:03Z</time>
      </trkpt>
      <trkpt lat="22.501663" lon="113.948934">
        <ele>9.4</ele>
        <time>2023-06-18T10:06:04Z</time>
      </trkpt>
      <trkpt lat="22.501614" lon="113.948917">
        <ele>9.4</ele>
        <time>2023-06-18T10:06:05Z</time>
      </trkpt>
      <trkpt lat="22.501567" lon="113.948894">
        <ele>9.4</ele>
        <time>2023-06-18T10:06:06Z</time>
      </trkpt>
      <trkpt lat="22.501521" lon="113.948873">
        <ele>9.4</ele>
        <time>2023-06-18T10:06:07Z</time>
      </trkpt>
      <trkpt lat="22.501471" lon="113.948856">
        <ele>9.4</ele>
        <time>2023-06-18T10:06:08Z</time>
      </trkpt>
      <trkpt lat="22.501422" lon="113.948836">
        <ele>9.4</ele>
        <time>2023-06-18T10:06:09Z</time>
      </trkpt>
      <trkpt lat="22.501373" lon="113.948827">
        <ele>9.4</ele>
        <time>2023-06-18T10:06:10Z</time>
      </trkpt>
      <trkpt lat="22.501323" lon="113.948812">
        <ele>9.4</ele>
        <time>2023-06-18T10:06:11Z</time>
      </trkpt>
      <trkpt lat="22.501275" lon="113.948796">
        <ele>9.4</ele>
        <time>2023-06-18T10:06:12Z</time>
      </trkpt>
      <trkpt lat="22.501227" lon="113.948781">
        <ele>9.4</ele>
        <time>2023-06-18T10:06:13Z</time>
      </trkpt>
      <trkpt lat="22.501182" lon="113.948767">
        <ele>9.4</ele>
        <time>2023-06-18T10:06:14Z</time>
      </trkpt>
      <trkpt lat="22.501139" lon="113.948758">
        <ele>9.4</ele>
        <time>2023-06-18T10:06:15Z</time>
      </trkpt>
      <trkpt lat="22.501098" lon="113.948743">
        <ele>9.4</ele>
        <time>2023-06-18T10:06:16Z</time>
      </trkpt>
      <trkpt lat="22.501057" lon="113.948728">
        <ele>9.4</ele>
        <time>2023-06-18T10:06:17Z</time>
      </trkpt>
      <trkpt lat="22.501016" lon="113.948712">
        <ele>9.4</ele>
        <time>2023-06-18T10:06:18Z</time>
      </trkpt>
      <trkpt lat="22.500968" lon="113.948697">
        <ele>9.4</ele>
        <time>2023-06-18T10:06:19Z</time>
      </trkpt>
      <trkpt lat="22.500924" lon="113.948682">
        <ele>9.4</ele>
        <time>2023-06-18T10:06:20Z</time>
      </trkpt>
      <trkpt lat="22.500881" lon="113.948667">
        <ele>9.3</ele>
        <time>2023-06-18T10:06:21Z</time>
      </trkpt>
      <trkpt lat="22.500838" lon="113.948649">
        <ele>9.3</ele>
        <time>2023-06-18T10:06:22Z</time>
      </trkpt>
      <trkpt lat="22.500795" lon="113.948628">
        <ele>9.3</ele>
        <time>2023-06-18T10:06:23Z</time>
      </trkpt>
      <trkpt lat="22.500747" lon="113.948613">
        <ele>9.3</ele>
        <time>2023-06-18T10:06:24Z</time>
      </trkpt>
      <trkpt lat="22.500702" lon="113.948597">
        <ele>9.3</ele>
        <time>2023-06-18T10:06:25Z</time>
      </trkpt>
      <trkpt lat="22.50065" lon="113.948575">
        <ele>9.3</ele>
        <time>2023-06-18T10:06:26Z</time>
      </trkpt>
      <trkpt lat="22.500599" lon="113.948557">
        <ele>9.3</ele>
        <time>2023-06-18T10:06:27Z</time>
      </trkpt>
      <trkpt lat="22.500548" lon="113.948526">
        <ele>9.3</ele>
        <time>2023-06-18T10:06:28Z</time>
      </trkpt>
      <trkpt lat="22.5005" lon="113.948496">
        <ele>9.3</ele>
        <time>2023-06-18T10:06:29Z</time>
      </trkpt>
      <trkpt lat="22.500451" lon="113.948466">
        <ele>9.3</ele>
        <time>2023-06-18T10:06:30Z</time>
      </trkpt>
      <trkpt lat="22.500407" lon="113.948435">
        <ele>9.3</ele>
        <time>2023-06-18T10:06:31Z</time>
      </trkpt>
      <trkpt lat="22.500366" lon="113.948404">
        <ele>9.3</ele>
        <time>2023-06-18T10:06:32Z</time>
      </trkpt>
      <trkpt lat="22.500325" lon="113.948372">
        <ele>9.3</ele>
        <time>2023-06-18T10:06:33Z</time>
      </trkpt>
      <trkpt lat="22.50028" lon="113.948335">
        <ele>9.3</ele>
        <time>2023-06-18T10:06:34Z</time>
      </trkpt>
      <trkpt lat="22.500233" lon="113.948297">
        <ele>9.3</ele>
        <time>2023-06-18T10:06:35Z</time>
      </trkpt>
      <trkpt lat="22.500186" lon="113.948258">
        <ele>9.3</ele>
        <time>2023-06-18T10:06:36Z</time>
      </trkpt>
      <trkpt lat="22.50014" lon="113.948221">
        <ele>9.3</ele>
        <time>2023-06-18T10:06:37Z</time>
      </trkpt>
      <trkpt lat="22.500097" lon="113.948189">
        <ele>9.3</ele>
        <time>2023-06-18T10:06:38Z</time>
      </trkpt>
      <trkpt lat="22.500055" lon="113.948153">
        <ele>9.3</ele>
        <time>2023-06-18T10:06:39Z</time>
      </trkpt>
      <trkpt lat="22.50001" lon="113.948122">
        <ele>9.3</ele>
        <time>2023-06-18T10:06:40Z</time>
      </trkpt>
      <trkpt lat="22.49997" lon="113.94809">
        <ele>9.3</ele>
        <time>2023-06-18T10:06:41Z</time>
      </trkpt>
      <trkpt lat="22.49993" lon="113.948054">
        <ele>9.3</ele>
        <time>2023-06-18T10:06:42Z</time>
      </trkpt>
      <trkpt lat="22.49989" lon="113.948022">
        <ele>9.3</ele>
        <time>2023-06-18T10:06:43Z</time>
      </trkpt>
      <trkpt lat="22.499857" lon="113.947992">
        <ele>9.3</ele>
        <time>2023-06-18T10:06:44Z</time>
      </trkpt>
      <trkpt lat="22.499832" lon="113.947962">
        <ele>9.3</ele>
        <time>2023-06-18T10:06:45Z</time>
      </trkpt>
      <trkpt lat="22.499814" lon="113.947932">
        <ele>9.3</ele>
        <time>2023-06-18T10:06:46Z</time>
      </trkpt>
      <trkpt lat="22.499798" lon="113.947911">
        <ele>9.3</ele>
        <time>2023-06-18T10:06:47Z</time>
      </trkpt>
      <trkpt lat="22.499778" lon="113.947895">
        <ele>9.3</ele>
        <time>2023-06-18T10:06:48Z</time>
      </trkpt>
      <trkpt lat="22.499751" lon="113.947876">
        <ele>9.3</ele>
        <time>2023-06-18T10:06:49Z</time>
      </trkpt>
      <trkpt lat="22.499723" lon="113.947857">
        <ele>9.3</ele>
        <time>2023-06-18T10:06:50Z</time>
      </trkpt>
      <trkpt lat="22.499684" lon="113.947834">
        <ele>9.3</ele>
        <time>2023-06-18T10:06:51Z</time>
      </trkpt>
      <trkpt lat="22.499643" lon="113.947811">
        <ele>9.3</ele>
        <time>2023-06-18T10:06:52Z</time>
      </trkpt>
      <trkpt lat="22.499603" lon="113.947787">
        <ele>9.3</ele>
        <time>2023-06-18T10:06:53Z</time>
      </trkpt>
      <trkpt lat="22.499562" lon="113.947758">
        <ele>9.3</ele>
        <time>2023-06-18T10:06:54Z</time>
      </trkpt>
      <trkpt lat="22.499519" lon="113.947734">
        <ele>9.3</ele>
        <time>2023-06-18T10:06:55Z</time>
      </trkpt>
      <trkpt lat="22.499477" lon="113.947704">
        <ele>9.3</ele>
        <time>2023-06-18T10:06:56Z</time>
      </trkpt>
      <trkpt lat="22.499438" lon="113.947682">
        <ele>9.3</ele>
        <time>2023-06-18T10:06:57Z</time>
      </trkpt>
      <trkpt lat="22.499394" lon="113.947658">
        <ele>9.3</ele>
        <time>2023-06-18T10:06:58Z</time>
      </trkpt>
      <trkpt lat="22.499352" lon="113.947635">
        <ele>9.3</ele>
        <time>2023-06-18T10:06:59Z</time>
      </trkpt>
      <trkpt lat="22.499312" lon="113.947612">
        <ele>9.3</ele>
        <time>2023-06-18T10:07:00Z</time>
      </trkpt>
      <trkpt lat="22.499271" lon="113.947588">
        <ele>9.3</ele>
        <time>2023-06-18T10:07:01Z</time>
      </trkpt>
      <trkpt lat="22.499228" lon="113.947558">
        <ele>9.3</ele>
        <time>2023-06-18T10:07:02Z</time>
      </trkpt>
      <trkpt lat="22.499188" lon="113.947528">
        <ele>9.3</ele>
        <time>2023-06-18T10:07:03Z</time>
      </trkpt>
      <trkpt lat="22.499145" lon="113.947496">
        <ele>9.3</ele>
        <time>2023-06-18T10:07:04Z</time>
      </trkpt>
      <trkpt lat="22.499098" lon="113.947466">
        <ele>9.3</ele>
        <time>2023-06-18T10:07:05Z</time>
      </trkpt>
      <trkpt lat="22.499049" lon="113.947437">
        <ele>9.3</ele>
        <time>2023-06-18T10:07:06Z</time>
      </trkpt>
      <trkpt lat="22.498999" lon="113.947414">
        <ele>9.3</ele>
        <time>2023-06-18T10:07:07Z</time>
      </trkpt>
      <trkpt lat="22.498948" lon="113.947392">
        <ele>9.3</ele>
        <time>2023-06-18T10:07:08Z</time>
      </trkpt>
      <trkpt lat="22.498895" lon="113.947368">
        <ele>9.3</ele>
        <time>2023-06-18T10:07:09Z</time>
      </trkpt>
      <trkpt lat="22.498844" lon="113.947346">
        <ele>9.3</ele>
        <time>2023-06-18T10:07:10Z</time>
      </trkpt>
      <trkpt lat="22.498789" lon="113.947322">
        <ele>9.3</ele>
        <time>2023-06-18T10:07:11Z</time>
      </trkpt>
      <trkpt lat="22.49873" lon="113.947301">
        <ele>9.3</ele>
        <time>2023-06-18T10:07:12Z</time>
      </trkpt>
      <trkpt lat="22.498671" lon="113.947284">
        <ele>9.3</ele>
        <time>2023-06-18T10:07:13Z</time>
      </trkpt>
      <trkpt lat="22.498616" lon="113.947263">
        <ele>9.3</ele>
        <time>2023-06-18T10:07:14Z</time>
      </trkpt>
      <trkpt lat="22.498558" lon="113.947246">
        <ele>9.3</ele>
        <time>2023-06-18T10:07:15Z</time>
      </trkpt>
      <trkpt lat="22.498502" lon="113.947224">
        <ele>9.3</ele>
        <time>2023-06-18T10:07:16Z</time>
      </trkpt>
      <trkpt lat="22.498444" lon="113.947205">
        <ele>9.3</ele>
        <time>2023-06-18T10:07:17Z</time>
      </trkpt>
      <trkpt lat="22.498386" lon="113.947187">
        <ele>9.3</ele>
        <time>2023-06-18T10:07:18Z</time>
      </trkpt>
      <trkpt lat="22.49833" lon="113.947172">
        <ele>9.3</ele>
        <time>2023-06-18T10:07:19Z</time>
      </trkpt>
      <trkpt lat="22.498272" lon="113.947156">
        <ele>9.3</ele>
        <time>2023-06-18T10:07:20Z</time>
      </trkpt>
      <trkpt lat="22.498214" lon="113.947141">
        <ele>9.3</ele>
        <time>2023-06-18T10:07:21Z</time>
      </trkpt>
      <trkpt lat="22.498153" lon="113.947127">
        <ele>9.3</ele>
        <time>2023-06-18T10:07:22Z</time>
      </trkpt>
      <trkpt lat="22.498092" lon="113.947117">
        <ele>9.2</ele>
        <time>2023-06-18T10:07:23Z</time>
      </trkpt>
      <trkpt lat="22.498026" lon="113.947097">
        <ele>9.2</ele>
        <time>2023-06-18T10:07:24Z</time>
      </trkpt>
      <trkpt lat="22.497962" lon="113.94709">
        <ele>9.2</ele>
        <time>2023-06-18T10:07:25Z</time>
      </trkpt>
      <trkpt lat="22.497897" lon="113.947089">
        <ele>9.2</ele>
        <time>2023-06-18T10:07:26Z</time>
      </trkpt>
      <trkpt lat="22.497832" lon="113.947081">
        <ele>9.2</ele>
        <time>2023-06-18T10:07:27Z</time>
      </trkpt>
      <trkpt lat="22.497765" lon="113.947074">
        <ele>9.2</ele>
        <time>2023-06-18T10:07:28Z</time>
      </trkpt>
      <trkpt lat="22.497693" lon="113.947067">
        <ele>9.2</ele>
        <time>2023-06-18T10:07:29Z</time>
      </trkpt>
      <trkpt lat="22.497626" lon="113.947067">
        <ele>9.2</ele>
        <time>2023-06-18T10:07:30Z</time>
      </trkpt>
      <trkpt lat="22.497559" lon="113.947067">
        <ele>9.2</ele>
        <time>2023-06-18T10:07:31Z</time>
      </trkpt>
      <trkpt lat="22.497487" lon="113.947067">
        <ele>9.2</ele>
        <time>2023-06-18T10:07:32Z</time>
      </trkpt>
      <trkpt lat="22.497417" lon="113.947067">
        <ele>9.2</ele>
        <time>2023-06-18T10:07:33Z</time>
      </trkpt>
      <trkpt lat="22.497349" lon="113.947069">
        <ele>9.2</ele>
        <time>2023-06-18T10:07:34Z</time>
      </trkpt>
      <trkpt lat="22.497282" lon="113.947075">
        <ele>9.2</ele>
        <time>2023-06-18T10:07:35Z</time>
      </trkpt>
      <trkpt lat="22.497213" lon="113.947075">
        <ele>9.2</ele>
        <time>2023-06-18T10:07:36Z</time>
      </trkpt>
      <trkpt lat="22.497144" lon="113.947076">
        <ele>9.2</ele>
        <time>2023-06-18T10:07:37Z</time>
      </trkpt>
      <trkpt lat="22.497077" lon="113.947084">
        <ele>9.1</ele>
        <time>2023-06-18T10:07:38Z</time>
      </trkpt>
      <trkpt lat="22.497012" lon="113.947091">
        <ele>9.1</ele>
        <time>2023-06-18T10:07:39Z</time>
      </trkpt>
      <trkpt lat="22.496946" lon="113.9471">
        <ele>9.1</ele>
        <time>2023-06-18T10:07:40Z</time>
      </trkpt>
      <trkpt lat="22.496876" lon="113.947114">
        <ele>9.1</ele>
        <time>2023-06-18T10:07:41Z</time>
      </trkpt>
      <trkpt lat="22.496811" lon="113.947123">
        <ele>9.1</ele>
        <time>2023-06-18T10:07:42Z</time>
      </trkpt>
      <trkpt lat="22.496744" lon="113.947137">
        <ele>9.1</ele>
        <time>2023-06-18T10:07:43Z</time>
      </trkpt>
      <trkpt lat="22.496683" lon="113.947146">
        <ele>9.1</ele>
        <time>2023-06-18T10:07:44Z</time>
      </trkpt>
      <trkpt lat="22.496618" lon="113.947162">
        <ele>9.1</ele>
        <time>2023-06-18T10:07:45Z</time>
      </trkpt>
      <trkpt lat="22.496555" lon="113.947178">
        <ele>9.1</ele>
        <time>2023-06-18T10:07:46Z</time>
      </trkpt>
      <trkpt lat="22.496494" lon="113.9472">
        <ele>9.1</ele>
        <time>2023-06-18T10:07:47Z</time>
      </trkpt>
      <trkpt lat="22.496434" lon="113.947217">
        <ele>9.1</ele>
        <time>2023-06-18T10:07:48Z</time>
      </trkpt>
      <trkpt lat="22.496369" lon="113.947247">
        <ele>9.1</ele>
        <time>2023-06-18T10:07:49Z</time>
      </trkpt>
      <trkpt lat="22.496309" lon="113.947271">
        <ele>9.1</ele>
        <time>2023-06-18T10:07:50Z</time>
      </trkpt>
      <trkpt lat="22.496244" lon="113.9473">
        <ele>9</ele>
        <time>2023-06-18T10:07:51Z</time>
      </trkpt>
      <trkpt lat="22.496182" lon="113.947323">
        <ele>9</ele>
        <time>2023-06-18T10:07:52Z</time>
      </trkpt>
      <trkpt lat="22.496119" lon="113.947347">
        <ele>9</ele>
        <time>2023-06-18T10:07:53Z</time>
      </trkpt>
      <trkpt lat="22.496054" lon="113.947378">
        <ele>9</ele>
        <time>2023-06-18T10:07:54Z</time>
      </trkpt>
      <trkpt lat="22.495989" lon="113.947408">
        <ele>9</ele>
        <time>2023-06-18T10:07:55Z</time>
      </trkpt>
      <trkpt lat="22.495928" lon="113.947439">
        <ele>9</ele>
        <time>2023-06-18T10:07:56Z</time>
      </trkpt>
      <trkpt lat="22.495868" lon="113.947469">
        <ele>9</ele>
        <time>2023-06-18T10:07:57Z</time>
      </trkpt>
      <trkpt lat="22.495808" lon="113.9475">
        <ele>9</ele>
        <time>2023-06-18T10:07:58Z</time>
      </trkpt>
      <trkpt lat="22.495749" lon="113.947531">
        <ele>8.9</ele>
        <time>2023-06-18T10:07:59Z</time>
      </trkpt>
      <trkpt lat="22.495687" lon="113.947569">
        <ele>8.9</ele>
        <time>2023-06-18T10:08:00Z</time>
      </trkpt>
      <trkpt lat="22.495632" lon="113.9476">
        <ele>8.9</ele>
        <time>2023-06-18T10:08:01Z</time>
      </trkpt>
      <trkpt lat="22.495579" lon="113.947639">
        <ele>8.9</ele>
        <time>2023-06-18T10:08:02Z</time>
      </trkpt>
      <trkpt lat="22.495529" lon="113.947677">
        <ele>8.9</ele>
        <time>2023-06-18T10:08:03Z</time>
      </trkpt>
      <trkpt lat="22.495475" lon="113.947715">
        <ele>8.9</ele>
        <time>2023-06-18T10:08:04Z</time>
      </trkpt>
      <trkpt lat="22.495423" lon="113.947744">
        <ele>8.9</ele>
        <time>2023-06-18T10:08:05Z</time>
      </trkpt>
      <trkpt lat="22.495368" lon="113.947772">
        <ele>8.9</ele>
        <time>2023-06-18T10:08:06Z</time>
      </trkpt>
      <trkpt lat="22.49531" lon="113.947788">
        <ele>8.9</ele>
        <time>2023-06-18T10:08:07Z</time>
      </trkpt>
      <trkpt lat="22.495252" lon="113.94781">
        <ele>8.8</ele>
        <time>2023-06-18T10:08:08Z</time>
      </trkpt>
      <trkpt lat="22.495194" lon="113.947827">
        <ele>8.8</ele>
        <time>2023-06-18T10:08:09Z</time>
      </trkpt>
      <trkpt lat="22.495137" lon="113.94785">
        <ele>8.8</ele>
        <time>2023-06-18T10:08:10Z</time>
      </trkpt>
      <trkpt lat="22.495076" lon="113.947872">
        <ele>8.8</ele>
        <time>2023-06-18T10:08:11Z</time>
      </trkpt>
      <trkpt lat="22.495014" lon="113.947894">
        <ele>8.8</ele>
        <time>2023-06-18T10:08:12Z</time>
      </trkpt>
      <trkpt lat="22.494951" lon="113.947911">
        <ele>8.8</ele>
        <time>2023-06-18T10:08:13Z</time>
      </trkpt>
      <trkpt lat="22.494884" lon="113.947931">
        <ele>8.8</ele>
        <time>2023-06-18T10:08:14Z</time>
      </trkpt>
      <trkpt lat="22.494819" lon="113.947938">
        <ele>8.8</ele>
        <time>2023-06-18T10:08:15Z</time>
      </trkpt>
      <trkpt lat="22.494748" lon="113.947947">
        <ele>8.8</ele>
        <time>2023-06-18T10:08:16Z</time>
      </trkpt>
      <trkpt lat="22.49468" lon="113.947961">
        <ele>8.8</ele>
        <time>2023-06-18T10:08:17Z</time>
      </trkpt>
      <trkpt lat="22.494609" lon="113.947969">
        <ele>8.8</ele>
        <time>2023-06-18T10:08:18Z</time>
      </trkpt>
      <trkpt lat="22.494539" lon="113.947977">
        <ele>8.8</ele>
        <time>2023-06-18T10:08:19Z</time>
      </trkpt>
      <trkpt lat="22.494466" lon="113.947984">
        <ele>8.8</ele>
        <time>2023-06-18T10:08:20Z</time>
      </trkpt>
      <trkpt lat="22.494397" lon="113.94799">
        <ele>8.8</ele>
        <time>2023-06-18T10:08:21Z</time>
      </trkpt>
      <trkpt lat="22.494331" lon="113.94799">
        <ele>8.8</ele>
        <time>2023-06-18T10:08:22Z</time>
      </trkpt>
      <trkpt lat="22.494266" lon="113.94799">
        <ele>8.8</ele>
        <time>2023-06-18T10:08:23Z</time>
      </trkpt>
      <trkpt lat="22.494201" lon="113.947989">
        <ele>8.8</ele>
        <time>2023-06-18T10:08:24Z</time>
      </trkpt>
      <trkpt lat="22.494134" lon="113.94798">
        <ele>8.8</ele>
        <time>2023-06-18T10:08:25Z</time>
      </trkpt>
      <trkpt lat="22.494068" lon="113.947965">
        <ele>8.8</ele>
        <time>2023-06-18T10:08:26Z</time>
      </trkpt>
      <trkpt lat="22.494" lon="113.94795">
        <ele>8.8</ele>
        <time>2023-06-18T10:08:27Z</time>
      </trkpt>
      <trkpt lat="22.493936" lon="113.947934">
        <ele>8.8</ele>
        <time>2023-06-18T10:08:28Z</time>
      </trkpt>
      <trkpt lat="22.493865" lon="113.947919">
        <ele>8.8</ele>
        <time>2023-06-18T10:08:29Z</time>
      </trkpt>
      <trkpt lat="22.493799" lon="113.947902">
        <ele>8.8</ele>
        <time>2023-06-18T10:08:30Z</time>
      </trkpt>
      <trkpt lat="22.493736" lon="113.947881">
        <ele>8.8</ele>
        <time>2023-06-18T10:08:31Z</time>
      </trkpt>
      <trkpt lat="22.493671" lon="113.947866">
        <ele>8.8</ele>
        <time>2023-06-18T10:08:32Z</time>
      </trkpt>
      <trkpt lat="22.493604" lon="113.947849">
        <ele>8.8</ele>
        <time>2023-06-18T10:08:33Z</time>
      </trkpt>
      <trkpt lat="22.49354" lon="113.947828">
        <ele>8.8</ele>
        <time>2023-06-18T10:08:34Z</time>
      </trkpt>
      <trkpt lat="22.493475" lon="113.947811">
        <ele>8.8</ele>
        <time>2023-06-18T10:08:35Z</time>
      </trkpt>
      <trkpt lat="22.49341" lon="113.947788">
        <ele>8.8</ele>
        <time>2023-06-18T10:08:36Z</time>
      </trkpt>
      <trkpt lat="22.493345" lon="113.947765">
        <ele>8.8</ele>
        <time>2023-06-18T10:08:37Z</time>
      </trkpt>
      <trkpt lat="22.493285" lon="113.947742">
        <ele>8.8</ele>
        <time>2023-06-18T10:08:38Z</time>
      </trkpt>
      <trkpt lat="22.493225" lon="113.947718">
        <ele>8.8</ele>
        <time>2023-06-18T10:08:39Z</time>
      </trkpt>
      <trkpt lat="22.493163" lon="113.947686">
        <ele>8.8</ele>
        <time>2023-06-18T10:08:40Z</time>
      </trkpt>
      <trkpt lat="22.493098" lon="113.947648">
        <ele>8.8</ele>
        <time>2023-06-18T10:08:41Z</time>
      </trkpt>
      <trkpt lat="22.493037" lon="113.947609">
        <ele>8.8</ele>
        <time>2023-06-18T10:08:42Z</time>
      </trkpt>
      <trkpt lat="22.49298" lon="113.947572">
        <ele>8.8</ele>
        <time>2023-06-18T10:08:43Z</time>
      </trkpt>
      <trkpt lat="22.492927" lon="113.947541">
        <ele>8.8</ele>
        <time>2023-06-18T10:08:44Z</time>
      </trkpt>
      <trkpt lat="22.492872" lon="113.947506">
        <ele>8.8</ele>
        <time>2023-06-18T10:08:45Z</time>
      </trkpt>
      <trkpt lat="22.492813" lon="113.947483">
        <ele>8.8</ele>
        <time>2023-06-18T10:08:46Z</time>
      </trkpt>
      <trkpt lat="22.492754" lon="113.94746">
        <ele>8.7</ele>
        <time>2023-06-18T10:08:47Z</time>
      </trkpt>
      <trkpt lat="22.492692" lon="113.947438">
        <ele>8.7</ele>
        <time>2023-06-18T10:08:48Z</time>
      </trkpt>
      <trkpt lat="22.492634" lon="113.947423">
        <ele>8.7</ele>
        <time>2023-06-18T10:08:49Z</time>
      </trkpt>
      <trkpt lat="22.492574" lon="113.947409">
        <ele>8.7</ele>
        <time>2023-06-18T10:08:50Z</time>
      </trkpt>
      <trkpt lat="22.492512" lon="113.947401">
        <ele>8.7</ele>
        <time>2023-06-18T10:08:51Z</time>
      </trkpt>
      <trkpt lat="22.492457" lon="113.947394">
        <ele>8.7</ele>
        <time>2023-06-18T10:08:52Z</time>
      </trkpt>
      <trkpt lat="22.492399" lon="113.947386">
        <ele>8.7</ele>
        <time>2023-06-18T10:08:53Z</time>
      </trkpt>
      <trkpt lat="22.492342" lon="113.94738">
        <ele>8.7</ele>
        <time>2023-06-18T10:08:54Z</time>
      </trkpt>
      <trkpt lat="22.492281" lon="113.94738">
        <ele>8.6</ele>
        <time>2023-06-18T10:08:55Z</time>
      </trkpt>
      <trkpt lat="22.492217" lon="113.94738">
        <ele>8.6</ele>
        <time>2023-06-18T10:08:56Z</time>
      </trkpt>
      <trkpt lat="22.492153" lon="113.947382">
        <ele>8.6</ele>
        <time>2023-06-18T10:08:57Z</time>
      </trkpt>
      <trkpt lat="22.492093" lon="113.947389">
        <ele>8.6</ele>
        <time>2023-06-18T10:08:58Z</time>
      </trkpt>
      <trkpt lat="22.492032" lon="113.947397">
        <ele>8.6</ele>
        <time>2023-06-18T10:08:59Z</time>
      </trkpt>
      <trkpt lat="22.491972" lon="113.947406">
        <ele>8.6</ele>
        <time>2023-06-18T10:09:00Z</time>
      </trkpt>
      <trkpt lat="22.491912" lon="113.947422">
        <ele>8.6</ele>
        <time>2023-06-18T10:09:01Z</time>
      </trkpt>
      <trkpt lat="22.491861" lon="113.947438">
        <ele>8.6</ele>
        <time>2023-06-18T10:09:02Z</time>
      </trkpt>
      <trkpt lat="22.491805" lon="113.947461">
        <ele>8.5</ele>
        <time>2023-06-18T10:09:03Z</time>
      </trkpt>
      <trkpt lat="22.491747" lon="113.947482">
        <ele>8.5</ele>
        <time>2023-06-18T10:09:04Z</time>
      </trkpt>
      <trkpt lat="22.491689" lon="113.947499">
        <ele>8.5</ele>
        <time>2023-06-18T10:09:05Z</time>
      </trkpt>
      <trkpt lat="22.491631" lon="113.947523">
        <ele>8.5</ele>
        <time>2023-06-18T10:09:06Z</time>
      </trkpt>
      <trkpt lat="22.491582" lon="113.947552">
        <ele>8.5</ele>
        <time>2023-06-18T10:09:07Z</time>
      </trkpt>
      <trkpt lat="22.491535" lon="113.947575">
        <ele>8.5</ele>
        <time>2023-06-18T10:09:08Z</time>
      </trkpt>
      <trkpt lat="22.49149" lon="113.9476">
        <ele>8.5</ele>
        <time>2023-06-18T10:09:09Z</time>
      </trkpt>
      <trkpt lat="22.491457" lon="113.947628">
        <ele>8.5</ele>
        <time>2023-06-18T10:09:10Z</time>
      </trkpt>
      <trkpt lat="22.491436" lon="113.947651">
        <ele>8.5</ele>
        <time>2023-06-18T10:09:11Z</time>
      </trkpt>
      <trkpt lat="22.491415" lon="113.947671">
        <ele>8.5</ele>
        <time>2023-06-18T10:09:12Z</time>
      </trkpt>
      <trkpt lat="22.491392" lon="113.947676">
        <ele>8.4</ele>
        <time>2023-06-18T10:09:13Z</time>
      </trkpt>
      <trkpt lat="22.491373" lon="113.947669">
        <ele>8.4</ele>
        <time>2023-06-18T10:09:14Z</time>
      </trkpt>
      <trkpt lat="22.491354" lon="113.947661">
        <ele>8.4</ele>
        <time>2023-06-18T10:09:15Z</time>
      </trkpt>
      <trkpt lat="22.491339" lon="113.947652">
        <ele>8.4</ele>
        <time>2023-06-18T10:09:16Z</time>
      </trkpt>
      <trkpt lat="22.491321" lon="113.947636">
        <ele>8.4</ele>
        <time>2023-06-18T10:09:17Z</time>
      </trkpt>
      <trkpt lat="22.491303" lon="113.947612">
        <ele>8.4</ele>
        <time>2023-06-18T10:09:18Z</time>
      </trkpt>
      <trkpt lat="22.491287" lon="113.947589">
        <ele>8.4</ele>
        <time>2023-06-18T10:09:19Z</time>
      </trkpt>
      <trkpt lat="22.49127" lon="113.94756">
        <ele>8.4</ele>
        <time>2023-06-18T10:09:20Z</time>
      </trkpt>
      <trkpt lat="22.491257" lon="113.947538">
        <ele>8.4</ele>
        <time>2023-06-18T10:09:21Z</time>
      </trkpt>
      <trkpt lat="22.491251" lon="113.947523">
        <ele>8.4</ele>
        <time>2023-06-18T10:09:22Z</time>
      </trkpt>
      <trkpt lat="22.491247" lon="113.94751">
        <ele>8.4</ele>
        <time>2023-06-18T10:09:23Z</time>
      </trkpt>
      <trkpt lat="22.491234" lon="113.947507">
        <ele>8.4</ele>
        <time>2023-06-18T10:09:24Z</time>
      </trkpt>
      <trkpt lat="22.491213" lon="113.947491">
        <ele>8.4</ele>
        <time>2023-06-18T10:09:25Z</time>
      </trkpt>
      <trkpt lat="22.491193" lon="113.94747">
        <ele>8.4</ele>
        <time>2023-06-18T10:09:26Z</time>
      </trkpt>
      <trkpt lat="22.491177" lon="113.947459">
        <ele>8.4</ele>
        <time>2023-06-18T10:09:27Z</time>
      </trkpt>
      <trkpt lat="22.491164" lon="113.947427">
        <ele>8.4</ele>
        <time>2023-06-18T10:09:28Z</time>
      </trkpt>
      <trkpt lat="22.491147" lon="113.947388">
        <ele>8.4</ele>
        <time>2023-06-18T10:09:29Z</time>
      </trkpt>
      <trkpt lat="22.491117" lon="113.947342">
        <ele>8.4</ele>
        <time>2023-06-18T10:09:30Z</time>
      </trkpt>
      <trkpt lat="22.491083" lon="113.947298">
        <ele>8.4</ele>
        <time>2023-06-18T10:09:31Z</time>
      </trkpt>
      <trkpt lat="22.491055" lon="113.947258">
        <ele>8.4</ele>
        <time>2023-06-18T10:09:32Z</time>
      </trkpt>
      <trkpt lat="22.491024" lon="113.947212">
        <ele>8.4</ele>
        <time>2023-06-18T10:09:33Z</time>
      </trkpt>
      <trkpt lat="22.490995" lon="113.947167">
        <ele>8.4</ele>
        <time>2023-06-18T10:09:34Z</time>
      </trkpt>
      <trkpt lat="22.490972" lon="113.947129">
        <ele>8.4</ele>
        <time>2023-06-18T10:09:35Z</time>
      </trkpt>
      <trkpt lat="22.49095" lon="113.947091">
        <ele>8.4</ele>
        <time>2023-06-18T10:09:36Z</time>
      </trkpt>
      <trkpt lat="22.490928" lon="113.947045">
        <ele>8.4</ele>
        <time>2023-06-18T10:09:37Z</time>
      </trkpt>
      <trkpt lat="22.490899" lon="113.947">
        <ele>8.4</ele>
        <time>2023-06-18T10:09:38Z</time>
      </trkpt>
      <trkpt lat="22.490873" lon="113.946961">
        <ele>8.4</ele>
        <time>2023-06-18T10:09:39Z</time>
      </trkpt>
      <trkpt lat="22.490846" lon="113.946915">
        <ele>8.4</ele>
        <time>2023-06-18T10:09:40Z</time>
      </trkpt>
      <trkpt lat="22.490816" lon="113.946868">
        <ele>8.4</ele>
        <time>2023-06-18T10:09:41Z</time>
      </trkpt>
      <trkpt lat="22.490787" lon="113.946822">
        <ele>8.4</ele>
        <time>2023-06-18T10:09:42Z</time>
      </trkpt>
      <trkpt lat="22.490761" lon="113.946778">
        <ele>8.4</ele>
        <time>2023-06-18T10:09:43Z</time>
      </trkpt>
      <trkpt lat="22.49073" lon="113.946739">
        <ele>8.4</ele>
        <time>2023-06-18T10:09:44Z</time>
      </trkpt>
      <trkpt lat="22.490699" lon="113.946698">
        <ele>8.4</ele>
        <time>2023-06-18T10:09:45Z</time>
      </trkpt>
      <trkpt lat="22.49067" lon="113.946656">
        <ele>8.4</ele>
        <time>2023-06-18T10:09:46Z</time>
      </trkpt>
      <trkpt lat="22.490641" lon="113.946616">
        <ele>8.4</ele>
        <time>2023-06-18T10:09:47Z</time>
      </trkpt>
      <trkpt lat="22.490615" lon="113.946569">
        <ele>8.4</ele>
        <time>2023-06-18T10:09:48Z</time>
      </trkpt>
      <trkpt lat="22.490596" lon="113.946518">
        <ele>8.4</ele>
        <time>2023-06-18T10:09:49Z</time>
      </trkpt>
      <trkpt lat="22.490571" lon="113.946472">
        <ele>8.4</ele>
        <time>2023-06-18T10:09:50Z</time>
      </trkpt>
      <trkpt lat="22.490541" lon="113.946427">
        <ele>8.4</ele>
        <time>2023-06-18T10:09:51Z</time>
      </trkpt>
      <trkpt lat="22.490506" lon="113.946386">
        <ele>8.4</ele>
        <time>2023-06-18T10:09:52Z</time>
      </trkpt>
      <trkpt lat="22.490469" lon="113.946336">
        <ele>8.4</ele>
        <time>2023-06-18T10:09:53Z</time>
      </trkpt>
      <trkpt lat="22.490435" lon="113.946296">
        <ele>8.4</ele>
        <time>2023-06-18T10:09:54Z</time>
      </trkpt>
      <trkpt lat="22.490393" lon="113.946252">
        <ele>8.4</ele>
        <time>2023-06-18T10:09:55Z</time>
      </trkpt>
      <trkpt lat="22.490352" lon="113.946213">
        <ele>8.4</ele>
        <time>2023-06-18T10:09:56Z</time>
      </trkpt>
      <trkpt lat="22.490314" lon="113.946167">
        <ele>8.4</ele>
        <time>2023-06-18T10:09:57Z</time>
      </trkpt>
      <trkpt lat="22.490281" lon="113.94612">
        <ele>8.4</ele>
        <time>2023-06-18T10:09:58Z</time>
      </trkpt>
      <trkpt lat="22.490257" lon="113.946075">
        <ele>8.4</ele>
        <time>2023-06-18T10:09:59Z</time>
      </trkpt>
      <trkpt lat="22.490235" lon="113.94603">
        <ele>8.3</ele>
        <time>2023-06-18T10:10:00Z</time>
      </trkpt>
      <trkpt lat="22.490212" lon="113.945984">
        <ele>8.3</ele>
        <time>2023-06-18T10:10:01Z</time>
      </trkpt>
      <trkpt lat="22.49019" lon="113.945938">
        <ele>8.3</ele>
        <time>2023-06-18T10:10:02Z</time>
      </trkpt>
      <trkpt lat="22.490167" lon="113.945892">
        <ele>8.3</ele>
        <time>2023-06-18T10:10:03Z</time>
      </trkpt>
      <trkpt lat="22.490144" lon="113.945847">
        <ele>8.3</ele>
        <time>2023-06-18T10:10:04Z</time>
      </trkpt>
      <trkpt lat="22.490122" lon="113.945799">
        <ele>8.3</ele>
        <time>2023-06-18T10:10:05Z</time>
      </trkpt>
      <trkpt lat="22.490098" lon="113.945747">
        <ele>8.3</ele>
        <time>2023-06-18T10:10:06Z</time>
      </trkpt>
      <trkpt lat="22.490081" lon="113.9457">
        <ele>8.3</ele>
        <time>2023-06-18T10:10:07Z</time>
      </trkpt>
      <trkpt lat="22.490061" lon="113.945644">
        <ele>8.3</ele>
        <time>2023-06-18T10:10:08Z</time>
      </trkpt>
      <trkpt lat="22.490042" lon="113.945588">
        <ele>8.3</ele>
        <time>2023-06-18T10:10:09Z</time>
      </trkpt>
      <trkpt lat="22.490022" lon="113.945532">
        <ele>8.3</ele>
        <time>2023-06-18T10:10:10Z</time>
      </trkpt>
      <trkpt lat="22.490003" lon="113.945476">
        <ele>8.3</ele>
        <time>2023-06-18T10:10:11Z</time>
      </trkpt>
      <trkpt lat="22.489984" lon="113.94542">
        <ele>8.3</ele>
        <time>2023-06-18T10:10:12Z</time>
      </trkpt>
      <trkpt lat="22.489964" lon="113.945367">
        <ele>8.3</ele>
        <time>2023-06-18T10:10:13Z</time>
      </trkpt>
      <trkpt lat="22.489942" lon="113.945329">
        <ele>8.3</ele>
        <time>2023-06-18T10:10:14Z</time>
      </trkpt>
      <trkpt lat="22.489914" lon="113.945295">
        <ele>8.3</ele>
        <time>2023-06-18T10:10:15Z</time>
      </trkpt>
      <trkpt lat="22.489862" lon="113.945282">
        <ele>8.3</ele>
        <time>2023-06-18T10:10:16Z</time>
      </trkpt>
      <trkpt lat="22.489825" lon="113.945278">
        <ele>8.3</ele>
        <time>2023-06-18T10:10:17Z</time>
      </trkpt>
      <trkpt lat="22.489798" lon="113.945254">
        <ele>8.3</ele>
        <time>2023-06-18T10:10:18Z</time>
      </trkpt>
      <trkpt lat="22.489778" lon="113.945224">
        <ele>8.3</ele>
        <time>2023-06-18T10:10:19Z</time>
      </trkpt>
      <trkpt lat="22.489749" lon="113.945194">
        <ele>8.3</ele>
        <time>2023-06-18T10:10:20Z</time>
      </trkpt>
      <trkpt lat="22.489724" lon="113.945169">
        <ele>8.3</ele>
        <time>2023-06-18T10:10:21Z</time>
      </trkpt>
      <trkpt lat="22.489707" lon="113.945132">
        <ele>8.3</ele>
        <time>2023-06-18T10:10:22Z</time>
      </trkpt>
      <trkpt lat="22.489679" lon="113.945101">
        <ele>8.3</ele>
        <time>2023-06-18T10:10:23Z</time>
      </trkpt>
      <trkpt lat="22.489657" lon="113.945069">
        <ele>8.2</ele>
        <time>2023-06-18T10:10:24Z</time>
      </trkpt>
      <trkpt lat="22.489628" lon="113.945032">
        <ele>8.2</ele>
        <time>2023-06-18T10:10:25Z</time>
      </trkpt>
      <trkpt lat="22.489595" lon="113.944993">
        <ele>8.2</ele>
        <time>2023-06-18T10:10:26Z</time>
      </trkpt>
      <trkpt lat="22.489562" lon="113.944954">
        <ele>8.2</ele>
        <time>2023-06-18T10:10:27Z</time>
      </trkpt>
      <trkpt lat="22.489532" lon="113.944907">
        <ele>8.2</ele>
        <time>2023-06-18T10:10:28Z</time>
      </trkpt>
      <trkpt lat="22.489508" lon="113.944855">
        <ele>8.2</ele>
        <time>2023-06-18T10:10:29Z</time>
      </trkpt>
      <trkpt lat="22.489485" lon="113.944809">
        <ele>8.2</ele>
        <time>2023-06-18T10:10:30Z</time>
      </trkpt>
      <trkpt lat="22.489461" lon="113.944762">
        <ele>8.2</ele>
        <time>2023-06-18T10:10:31Z</time>
      </trkpt>
      <trkpt lat="22.489434" lon="113.944709">
        <ele>8.2</ele>
        <time>2023-06-18T10:10:32Z</time>
      </trkpt>
      <trkpt lat="22.489404" lon="113.944663">
        <ele>8.2</ele>
        <time>2023-06-18T10:10:33Z</time>
      </trkpt>
      <trkpt lat="22.489373" lon="113.944618">
        <ele>8.2</ele>
        <time>2023-06-18T10:10:34Z</time>
      </trkpt>
      <trkpt lat="22.489339" lon="113.944572">
        <ele>8.2</ele>
        <time>2023-06-18T10:10:35Z</time>
      </trkpt>
      <trkpt lat="22.489302" lon="113.944522">
        <ele>8.2</ele>
        <time>2023-06-18T10:10:36Z</time>
      </trkpt>
      <trkpt lat="22.489268" lon="113.944466">
        <ele>8.2</ele>
        <time>2023-06-18T10:10:37Z</time>
      </trkpt>
      <trkpt lat="22.48924" lon="113.944419">
        <ele>8.2</ele>
        <time>2023-06-18T10:10:38Z</time>
      </trkpt>
      <trkpt lat="22.489212" lon="113.944372">
        <ele>8.2</ele>
        <time>2023-06-18T10:10:39Z</time>
      </trkpt>
      <trkpt lat="22.489181" lon="113.944321">
        <ele>8.2</ele>
        <time>2023-06-18T10:10:40Z</time>
      </trkpt>
      <trkpt lat="22.489147" lon="113.944274">
        <ele>8.3</ele>
        <time>2023-06-18T10:10:41Z</time>
      </trkpt>
      <trkpt lat="22.489113" lon="113.944228">
        <ele>8.3</ele>
        <time>2023-06-18T10:10:42Z</time>
      </trkpt>
      <trkpt lat="22.489079" lon="113.944176">
        <ele>8.3</ele>
        <time>2023-06-18T10:10:43Z</time>
      </trkpt>
      <trkpt lat="22.489044" lon="113.94413">
        <ele>8.3</ele>
        <time>2023-06-18T10:10:44Z</time>
      </trkpt>
      <trkpt lat="22.489009" lon="113.944084">
        <ele>8.3</ele>
        <time>2023-06-18T10:10:45Z</time>
      </trkpt>
      <trkpt lat="22.488974" lon="113.944039">
        <ele>8.3</ele>
        <time>2023-06-18T10:10:46Z</time>
      </trkpt>
      <trkpt lat="22.488934" lon="113.944003">
        <ele>8.3</ele>
        <time>2023-06-18T10:10:47Z</time>
      </trkpt>
      <trkpt lat="22.488902" lon="113.943971">
        <ele>8.3</ele>
        <time>2023-06-18T10:10:48Z</time>
      </trkpt>
      <trkpt lat="22.48887" lon="113.943933">
        <ele>8.3</ele>
        <time>2023-06-18T10:10:49Z</time>
      </trkpt>
      <trkpt lat="22.488838" lon="113.943895">
        <ele>8.4</ele>
        <time>2023-06-18T10:10:50Z</time>
      </trkpt>
      <trkpt lat="22.488816" lon="113.943857">
        <ele>8.4</ele>
        <time>2023-06-18T10:10:51Z</time>
      </trkpt>
      <trkpt lat="22.488795" lon="113.943819">
        <ele>8.4</ele>
        <time>2023-06-18T10:10:52Z</time>
      </trkpt>
      <trkpt lat="22.488773" lon="113.943781">
        <ele>8.4</ele>
        <time>2023-06-18T10:10:53Z</time>
      </trkpt>
      <trkpt lat="22.488746" lon="113.943743">
        <ele>8.4</ele>
        <time>2023-06-18T10:10:54Z</time>
      </trkpt>
      <trkpt lat="22.488717" lon="113.943705">
        <ele>8.4</ele>
        <time>2023-06-18T10:10:55Z</time>
      </trkpt>
      <trkpt lat="22.488691" lon="113.943674">
        <ele>8.4</ele>
        <time>2023-06-18T10:10:56Z</time>
      </trkpt>
      <trkpt lat="22.488663" lon="113.94364">
        <ele>8.4</ele>
        <time>2023-06-18T10:10:57Z</time>
      </trkpt>
      <trkpt lat="22.488637" lon="113.943606">
        <ele>8.4</ele>
        <time>2023-06-18T10:10:58Z</time>
      </trkpt>
      <trkpt lat="22.488619" lon="113.943577">
        <ele>8.4</ele>
        <time>2023-06-18T10:10:59Z</time>
      </trkpt>
      <trkpt lat="22.488597" lon="113.943553">
        <ele>8.5</ele>
        <time>2023-06-18T10:11:00Z</time>
      </trkpt>
      <trkpt lat="22.488579" lon="113.943523">
        <ele>8.5</ele>
        <time>2023-06-18T10:11:01Z</time>
      </trkpt>
      <trkpt lat="22.48856" lon="113.943499">
        <ele>8.5</ele>
        <time>2023-06-18T10:11:02Z</time>
      </trkpt>
      <trkpt lat="22.488541" lon="113.943471">
        <ele>8.5</ele>
        <time>2023-06-18T10:11:03Z</time>
      </trkpt>
      <trkpt lat="22.488522" lon="113.943457">
        <ele>8.5</ele>
        <time>2023-06-18T10:11:04Z</time>
      </trkpt>
      <trkpt lat="22.4885" lon="113.943452">
        <ele>8.5</ele>
        <time>2023-06-18T10:11:05Z</time>
      </trkpt>
      <trkpt lat="22.488478" lon="113.94346">
        <ele>8.5</ele>
        <time>2023-06-18T10:11:06Z</time>
      </trkpt>
      <trkpt lat="22.488451" lon="113.943469">
        <ele>8.5</ele>
        <time>2023-06-18T10:11:07Z</time>
      </trkpt>
      <trkpt lat="22.488417" lon="113.943484">
        <ele>8.5</ele>
        <time>2023-06-18T10:11:08Z</time>
      </trkpt>
      <trkpt lat="22.48838" lon="113.943501">
        <ele>8.5</ele>
        <time>2023-06-18T10:11:09Z</time>
      </trkpt>
      <trkpt lat="22.488346" lon="113.943523">
        <ele>8.5</ele>
        <time>2023-06-18T10:11:10Z</time>
      </trkpt>
      <trkpt lat="22.488312" lon="113.943548">
        <ele>8.5</ele>
        <time>2023-06-18T10:11:11Z</time>
      </trkpt>
      <trkpt lat="22.488291" lon="113.943579">
        <ele>8.5</ele>
        <time>2023-06-18T10:11:12Z</time>
      </trkpt>
      <trkpt lat="22.488272" lon="113.943616">
        <ele>8.6</ele>
        <time>2023-06-18T10:11:13Z</time>
      </trkpt>
      <trkpt lat="22.488248" lon="113.943647">
        <ele>8.6</ele>
        <time>2023-06-18T10:11:14Z</time>
      </trkpt>
      <trkpt lat="22.488218" lon="113.943678">
        <ele>8.6</ele>
        <time>2023-06-18T10:11:15Z</time>
      </trkpt>
      <trkpt lat="22.488181" lon="113.943707">
        <ele>8.6</ele>
        <time>2023-06-18T10:11:16Z</time>
      </trkpt>
      <trkpt lat="22.488145" lon="113.943728">
        <ele>8.6</ele>
        <time>2023-06-18T10:11:17Z</time>
      </trkpt>
      <trkpt lat="22.488105" lon="113.943744">
        <ele>8.6</ele>
        <time>2023-06-18T10:11:18Z</time>
      </trkpt>
      <trkpt lat="22.488064" lon="113.943761">
        <ele>8.6</ele>
        <time>2023-06-18T10:11:19Z</time>
      </trkpt>
      <trkpt lat="22.488032" lon="113.943781">
        <ele>8.6</ele>
        <time>2023-06-18T10:11:20Z</time>
      </trkpt>
      <trkpt lat="22.488" lon="113.943797">
        <ele>8.6</ele>
        <time>2023-06-18T10:11:21Z</time>
      </trkpt>
      <trkpt lat="22.487964" lon="113.943811">
        <ele>8.6</ele>
        <time>2023-06-18T10:11:22Z</time>
      </trkpt>
      <trkpt lat="22.487928" lon="113.943816">
        <ele>8.6</ele>
        <time>2023-06-18T10:11:23Z</time>
      </trkpt>
      <trkpt lat="22.487895" lon="113.943807">
        <ele>8.6</ele>
        <time>2023-06-18T10:11:24Z</time>
      </trkpt>
      <trkpt lat="22.487868" lon="113.943791">
        <ele>8.7</ele>
        <time>2023-06-18T10:11:25Z</time>
      </trkpt>
      <trkpt lat="22.487839" lon="113.943766">
        <ele>8.7</ele>
        <time>2023-06-18T10:11:26Z</time>
      </trkpt>
      <trkpt lat="22.487815" lon="113.943737">
        <ele>8.7</ele>
        <time>2023-06-18T10:11:27Z</time>
      </trkpt>
      <trkpt lat="22.487801" lon="113.943711">
        <ele>8.7</ele>
        <time>2023-06-18T10:11:28Z</time>
      </trkpt>
      <trkpt lat="22.487793" lon="113.943672">
        <ele>8.7</ele>
        <time>2023-06-18T10:11:29Z</time>
      </trkpt>
      <trkpt lat="22.487778" lon="113.943626">
        <ele>8.7</ele>
        <time>2023-06-18T10:11:30Z</time>
      </trkpt>
      <trkpt lat="22.487755" lon="113.943579">
        <ele>8.7</ele>
        <time>2023-06-18T10:11:31Z</time>
      </trkpt>
      <trkpt lat="22.487732" lon="113.94354">
        <ele>8.7</ele>
        <time>2023-06-18T10:11:32Z</time>
      </trkpt>
      <trkpt lat="22.487707" lon="113.943499">
        <ele>8.7</ele>
        <time>2023-06-18T10:11:33Z</time>
      </trkpt>
      <trkpt lat="22.48768" lon="113.943467">
        <ele>8.7</ele>
        <time>2023-06-18T10:11:34Z</time>
      </trkpt>
      <trkpt lat="22.487654" lon="113.943429">
        <ele>8.7</ele>
        <time>2023-06-18T10:11:35Z</time>
      </trkpt>
      <trkpt lat="22.487628" lon="113.943402">
        <ele>8.7</ele>
        <time>2023-06-18T10:11:36Z</time>
      </trkpt>
      <trkpt lat="22.487603" lon="113.943389">
        <ele>8.8</ele>
        <time>2023-06-18T10:11:37Z</time>
      </trkpt>
      <trkpt lat="22.487573" lon="113.943382">
        <ele>8.8</ele>
        <time>2023-06-18T10:11:38Z</time>
      </trkpt>
      <trkpt lat="22.487539" lon="113.943381">
        <ele>8.8</ele>
        <time>2023-06-18T10:11:39Z</time>
      </trkpt>
      <trkpt lat="22.4875" lon="113.943373">
        <ele>8.8</ele>
        <time>2023-06-18T10:11:40Z</time>
      </trkpt>
      <trkpt lat="22.487452" lon="113.943364">
        <ele>8.8</ele>
        <time>2023-06-18T10:11:41Z</time>
      </trkpt>
      <trkpt lat="22.487413" lon="113.94335">
        <ele>8.8</ele>
        <time>2023-06-18T10:11:42Z</time>
      </trkpt>
      <trkpt lat="22.487373" lon="113.943343">
        <ele>8.8</ele>
        <time>2023-06-18T10:11:43Z</time>
      </trkpt>
      <trkpt lat="22.48733" lon="113.943336">
        <ele>8.8</ele>
        <time>2023-06-18T10:11:44Z</time>
      </trkpt>
      <trkpt lat="22.487286" lon="113.943336">
        <ele>8.8</ele>
        <time>2023-06-18T10:11:45Z</time>
      </trkpt>
      <trkpt lat="22.487239" lon="113.943336">
        <ele>8.8</ele>
        <time>2023-06-18T10:11:46Z</time>
      </trkpt>
      <trkpt lat="22.48719" lon="113.943336">
        <ele>8.8</ele>
        <time>2023-06-18T10:11:47Z</time>
      </trkpt>
      <trkpt lat="22.487141" lon="113.943336">
        <ele>8.8</ele>
        <time>2023-06-18T10:11:48Z</time>
      </trkpt>
      <trkpt lat="22.487094" lon="113.943338">
        <ele>8.9</ele>
        <time>2023-06-18T10:11:49Z</time>
      </trkpt>
      <trkpt lat="22.48705" lon="113.943345">
        <ele>8.9</ele>
        <time>2023-06-18T10:11:50Z</time>
      </trkpt>
      <trkpt lat="22.487005" lon="113.943353">
        <ele>8.9</ele>
        <time>2023-06-18T10:11:51Z</time>
      </trkpt>
      <trkpt lat="22.486964" lon="113.943361">
        <ele>8.9</ele>
        <time>2023-06-18T10:11:52Z</time>
      </trkpt>
      <trkpt lat="22.48692" lon="113.943368">
        <ele>8.9</ele>
        <time>2023-06-18T10:11:53Z</time>
      </trkpt>
      <trkpt lat="22.486874" lon="113.943373">
        <ele>8.9</ele>
        <time>2023-06-18T10:11:54Z</time>
      </trkpt>
      <trkpt lat="22.486828" lon="113.943367">
        <ele>8.9</ele>
        <time>2023-06-18T10:11:55Z</time>
      </trkpt>
      <trkpt lat="22.486783" lon="113.943367">
        <ele>8.9</ele>
        <time>2023-06-18T10:11:56Z</time>
      </trkpt>
      <trkpt lat="22.486735" lon="113.943367">
        <ele>8.9</ele>
        <time>2023-06-18T10:11:57Z</time>
      </trkpt>
      <trkpt lat="22.486686" lon="113.943368">
        <ele>8.9</ele>
        <time>2023-06-18T10:11:58Z</time>
      </trkpt>
      <trkpt lat="22.48664" lon="113.943377">
        <ele>8.9</ele>
        <time>2023-06-18T10:11:59Z</time>
      </trkpt>
      <trkpt lat="22.486589" lon="113.943391">
        <ele>9</ele>
        <time>2023-06-18T10:12:00Z</time>
      </trkpt>
      <trkpt lat="22.48654" lon="113.9434">
        <ele>9</ele>
        <time>2023-06-18T10:12:01Z</time>
      </trkpt>
      <trkpt lat="22.486498" lon="113.943414">
        <ele>9</ele>
        <time>2023-06-18T10:12:02Z</time>
      </trkpt>
      <trkpt lat="22.486456" lon="113.943422">
        <ele>9</ele>
        <time>2023-06-18T10:12:03Z</time>
      </trkpt>
      <trkpt lat="22.486408" lon="113.943431">
        <ele>9</ele>
        <time>2023-06-18T10:12:04Z</time>
      </trkpt>
      <trkpt lat="22.486363" lon="113.943445">
        <ele>9</ele>
        <time>2023-06-18T10:12:05Z</time>
      </trkpt>
      <trkpt lat="22.486318" lon="113.943452">
        <ele>9</ele>
        <time>2023-06-18T10:12:06Z</time>
      </trkpt>
      <trkpt lat="22.486276" lon="113.94346">
        <ele>9</ele>
        <time>2023-06-18T10:12:07Z</time>
      </trkpt>
      <trkpt lat="22.486232" lon="113.943469">
        <ele>8.9</ele>
        <time>2023-06-18T10:12:08Z</time>
      </trkpt>
      <trkpt lat="22.486191" lon="113.943483">
        <ele>8.9</ele>
        <time>2023-06-18T10:12:09Z</time>
      </trkpt>
      <trkpt lat="22.48615" lon="113.943492">
        <ele>8.9</ele>
        <time>2023-06-18T10:12:10Z</time>
      </trkpt>
      <trkpt lat="22.486115" lon="113.943508">
        <ele>8.9</ele>
        <time>2023-06-18T10:12:11Z</time>
      </trkpt>
      <trkpt lat="22.486087" lon="113.943531">
        <ele>8.9</ele>
        <time>2023-06-18T10:12:12Z</time>
      </trkpt>
      <trkpt lat="22.486059" lon="113.943554">
        <ele>8.9</ele>
        <time>2023-06-18T10:12:13Z</time>
      </trkpt>
      <trkpt lat="22.486025" lon="113.943578">
        <ele>8.9</ele>
        <time>2023-06-18T10:12:14Z</time>
      </trkpt>
      <trkpt lat="22.486003" lon="113.943609">
        <ele>8.9</ele>
        <time>2023-06-18T10:12:15Z</time>
      </trkpt>
      <trkpt lat="22.485992" lon="113.943641">
        <ele>8.9</ele>
        <time>2023-06-18T10:12:16Z</time>
      </trkpt>
      <trkpt lat="22.485992" lon="113.94368">
        <ele>8.9</ele>
        <time>2023-06-18T10:12:17Z</time>
      </trkpt>
      <trkpt lat="22.486003" lon="113.943723">
        <ele>8.9</ele>
        <time>2023-06-18T10:12:18Z</time>
      </trkpt>
      <trkpt lat="22.486038" lon="113.943753">
        <ele>8.9</ele>
        <time>2023-06-18T10:12:19Z</time>
      </trkpt>
      <trkpt lat="22.486087" lon="113.943771">
        <ele>8.9</ele>
        <time>2023-06-18T10:12:20Z</time>
      </trkpt>
      <trkpt lat="22.486133" lon="113.94377">
        <ele>8.9</ele>
        <time>2023-06-18T10:12:21Z</time>
      </trkpt>
      <trkpt lat="22.486166" lon="113.943757">
        <ele>8.9</ele>
        <time>2023-06-18T10:12:22Z</time>
      </trkpt>
      <trkpt lat="22.486175" lon="113.943719">
        <ele>8.9</ele>
        <time>2023-06-18T10:12:23Z</time>
      </trkpt>
      <trkpt lat="22.486181" lon="113.94368">
        <ele>8.9</ele>
        <time>2023-06-18T10:12:24Z</time>
      </trkpt>
      <trkpt lat="22.486167" lon="113.943633">
        <ele>8.9</ele>
        <time>2023-06-18T10:12:25Z</time>
      </trkpt>
      <trkpt lat="22.486164" lon="113.943588">
        <ele>8.9</ele>
        <time>2023-06-18T10:12:26Z</time>
      </trkpt>
      <trkpt lat="22.486167" lon="113.943544">
        <ele>8.9</ele>
        <time>2023-06-18T10:12:27Z</time>
      </trkpt>
      <trkpt lat="22.486189" lon="113.943508">
        <ele>8.9</ele>
        <time>2023-06-18T10:12:28Z</time>
      </trkpt>
      <trkpt lat="22.486227" lon="113.943488">
        <ele>8.9</ele>
        <time>2023-06-18T10:12:29Z</time>
      </trkpt>
      <trkpt lat="22.486271" lon="113.943479">
        <ele>8.9</ele>
        <time>2023-06-18T10:12:30Z</time>
      </trkpt>
      <trkpt lat="22.486317" lon="113.943466">
        <ele>8.9</ele>
        <time>2023-06-18T10:12:31Z</time>
      </trkpt>
      <trkpt lat="22.48637" lon="113.943465">
        <ele>8.8</ele>
        <time>2023-06-18T10:12:32Z</time>
      </trkpt>
      <trkpt lat="22.486413" lon="113.943456">
        <ele>8.8</ele>
        <time>2023-06-18T10:12:33Z</time>
      </trkpt>
      <trkpt lat="22.48646" lon="113.943441">
        <ele>8.8</ele>
        <time>2023-06-18T10:12:34Z</time>
      </trkpt>
      <trkpt lat="22.486507" lon="113.943428">
        <ele>8.8</ele>
        <time>2023-06-18T10:12:35Z</time>
      </trkpt>
      <trkpt lat="22.486557" lon="113.943427">
        <ele>8.8</ele>
        <time>2023-06-18T10:12:36Z</time>
      </trkpt>
      <trkpt lat="22.486606" lon="113.94342">
        <ele>8.8</ele>
        <time>2023-06-18T10:12:37Z</time>
      </trkpt>
      <trkpt lat="22.486655" lon="113.943419">
        <ele>8.8</ele>
        <time>2023-06-18T10:12:38Z</time>
      </trkpt>
      <trkpt lat="22.486703" lon="113.943413">
        <ele>8.8</ele>
        <time>2023-06-18T10:12:39Z</time>
      </trkpt>
      <trkpt lat="22.486746" lon="113.94341">
        <ele>8.8</ele>
        <time>2023-06-18T10:12:40Z</time>
      </trkpt>
      <trkpt lat="22.486792" lon="113.943396">
        <ele>8.8</ele>
        <time>2023-06-18T10:12:41Z</time>
      </trkpt>
      <trkpt lat="22.486843" lon="113.943389">
        <ele>8.8</ele>
        <time>2023-06-18T10:12:42Z</time>
      </trkpt>
      <trkpt lat="22.486895" lon="113.943382">
        <ele>8.8</ele>
        <time>2023-06-18T10:12:43Z</time>
      </trkpt>
      <trkpt lat="22.48695" lon="113.943381">
        <ele>8.8</ele>
        <time>2023-06-18T10:12:44Z</time>
      </trkpt>
      <trkpt lat="22.487004" lon="113.943373">
        <ele>8.8</ele>
        <time>2023-06-18T10:12:45Z</time>
      </trkpt>
      <trkpt lat="22.48706" lon="113.943366">
        <ele>8.8</ele>
        <time>2023-06-18T10:12:46Z</time>
      </trkpt>
      <trkpt lat="22.487117" lon="113.943358">
        <ele>8.8</ele>
        <time>2023-06-18T10:12:47Z</time>
      </trkpt>
      <trkpt lat="22.487171" lon="113.943353">
        <ele>8.7</ele>
        <time>2023-06-18T10:12:48Z</time>
      </trkpt>
      <trkpt lat="22.48723" lon="113.943361">
        <ele>8.7</ele>
        <time>2023-06-18T10:12:49Z</time>
      </trkpt>
      <trkpt lat="22.487288" lon="113.943368">
        <ele>8.7</ele>
        <time>2023-06-18T10:12:50Z</time>
      </trkpt>
      <trkpt lat="22.487343" lon="113.943376">
        <ele>8.7</ele>
        <time>2023-06-18T10:12:51Z</time>
      </trkpt>
      <trkpt lat="22.487401" lon="113.943382">
        <ele>8.7</ele>
        <time>2023-06-18T10:12:52Z</time>
      </trkpt>
      <trkpt lat="22.487454" lon="113.943382">
        <ele>8.7</ele>
        <time>2023-06-18T10:12:53Z</time>
      </trkpt>
      <trkpt lat="22.487511" lon="113.943382">
        <ele>8.7</ele>
        <time>2023-06-18T10:12:54Z</time>
      </trkpt>
      <trkpt lat="22.487565" lon="113.943383">
        <ele>8.7</ele>
        <time>2023-06-18T10:12:55Z</time>
      </trkpt>
      <trkpt lat="22.487621" lon="113.943394">
        <ele>8.7</ele>
        <time>2023-06-18T10:12:56Z</time>
      </trkpt>
      <trkpt lat="22.487662" lon="113.943419">
        <ele>8.6</ele>
        <time>2023-06-18T10:12:57Z</time>
      </trkpt>
      <trkpt lat="22.487691" lon="113.943457">
        <ele>8.6</ele>
        <time>2023-06-18T10:12:58Z</time>
      </trkpt>
      <trkpt lat="22.48772" lon="113.943497">
        <ele>8.6</ele>
        <time>2023-06-18T10:12:59Z</time>
      </trkpt>
      <trkpt lat="22.487749" lon="113.943542">
        <ele>8.6</ele>
        <time>2023-06-18T10:13:00Z</time>
      </trkpt>
      <trkpt lat="22.487775" lon="113.943588">
        <ele>8.6</ele>
        <time>2023-06-18T10:13:01Z</time>
      </trkpt>
      <trkpt lat="22.487796" lon="113.943635">
        <ele>8.6</ele>
        <time>2023-06-18T10:13:02Z</time>
      </trkpt>
      <trkpt lat="22.48782" lon="113.943688">
        <ele>8.6</ele>
        <time>2023-06-18T10:13:03Z</time>
      </trkpt>
      <trkpt lat="22.487842" lon="113.943734">
        <ele>8.6</ele>
        <time>2023-06-18T10:13:04Z</time>
      </trkpt>
      <trkpt lat="22.487866" lon="113.943787">
        <ele>8.6</ele>
        <time>2023-06-18T10:13:05Z</time>
      </trkpt>
      <trkpt lat="22.487895" lon="113.94383">
        <ele>8.6</ele>
        <time>2023-06-18T10:13:06Z</time>
      </trkpt>
      <trkpt lat="22.48793" lon="113.943856">
        <ele>8.6</ele>
        <time>2023-06-18T10:13:07Z</time>
      </trkpt>
      <trkpt lat="22.487974" lon="113.943863">
        <ele>8.6</ele>
        <time>2023-06-18T10:13:08Z</time>
      </trkpt>
      <trkpt lat="22.488024" lon="113.94386">
        <ele>8.5</ele>
        <time>2023-06-18T10:13:09Z</time>
      </trkpt>
      <trkpt lat="22.488072" lon="113.943841">
        <ele>8.5</ele>
        <time>2023-06-18T10:13:10Z</time>
      </trkpt>
      <trkpt lat="22.488118" lon="113.943818">
        <ele>8.5</ele>
        <time>2023-06-18T10:13:11Z</time>
      </trkpt>
      <trkpt lat="22.488157" lon="113.943781">
        <ele>8.5</ele>
        <time>2023-06-18T10:13:12Z</time>
      </trkpt>
      <trkpt lat="22.488196" lon="113.943751">
        <ele>8.5</ele>
        <time>2023-06-18T10:13:13Z</time>
      </trkpt>
      <trkpt lat="22.488242" lon="113.943721">
        <ele>8.5</ele>
        <time>2023-06-18T10:13:14Z</time>
      </trkpt>
      <trkpt lat="22.488282" lon="113.943697">
        <ele>8.5</ele>
        <time>2023-06-18T10:13:15Z</time>
      </trkpt>
      <trkpt lat="22.488321" lon="113.943668">
        <ele>8.5</ele>
        <time>2023-06-18T10:13:16Z</time>
      </trkpt>
      <trkpt lat="22.48836" lon="113.943636">
        <ele>8.5</ele>
        <time>2023-06-18T10:13:17Z</time>
      </trkpt>
      <trkpt lat="22.488398" lon="113.943597">
        <ele>8.5</ele>
        <time>2023-06-18T10:13:18Z</time>
      </trkpt>
      <trkpt lat="22.488432" lon="113.943562">
        <ele>8.4</ele>
        <time>2023-06-18T10:13:19Z</time>
      </trkpt>
      <trkpt lat="22.48846" lon="113.943539">
        <ele>8.4</ele>
        <time>2023-06-18T10:13:20Z</time>
      </trkpt>
      <trkpt lat="22.488484" lon="113.943517">
        <ele>8.4</ele>
        <time>2023-06-18T10:13:21Z</time>
      </trkpt>
      <trkpt lat="22.48851" lon="113.943503">
        <ele>8.4</ele>
        <time>2023-06-18T10:13:22Z</time>
      </trkpt>
      <trkpt lat="22.488537" lon="113.943497">
        <ele>8.4</ele>
        <time>2023-06-18T10:13:23Z</time>
      </trkpt>
      <trkpt lat="22.488563" lon="113.943497">
        <ele>8.4</ele>
        <time>2023-06-18T10:13:24Z</time>
      </trkpt>
      <trkpt lat="22.48859" lon="113.943499">
        <ele>8.4</ele>
        <time>2023-06-18T10:13:25Z</time>
      </trkpt>
      <trkpt lat="22.488617" lon="113.943515">
        <ele>8.4</ele>
        <time>2023-06-18T10:13:26Z</time>
      </trkpt>
      <trkpt lat="22.488638" lon="113.943537">
        <ele>8.3</ele>
        <time>2023-06-18T10:13:27Z</time>
      </trkpt>
      <trkpt lat="22.488651" lon="113.943556">
        <ele>8.3</ele>
        <time>2023-06-18T10:13:28Z</time>
      </trkpt>
      <trkpt lat="22.488665" lon="113.943593">
        <ele>8.3</ele>
        <time>2023-06-18T10:13:29Z</time>
      </trkpt>
      <trkpt lat="22.488681" lon="113.943632">
        <ele>8.3</ele>
        <time>2023-06-18T10:13:30Z</time>
      </trkpt>
      <trkpt lat="22.488701" lon="113.943669">
        <ele>8.3</ele>
        <time>2023-06-18T10:13:31Z</time>
      </trkpt>
      <trkpt lat="22.48873" lon="113.943702">
        <ele>8.3</ele>
        <time>2023-06-18T10:13:32Z</time>
      </trkpt>
      <trkpt lat="22.488758" lon="113.943746">
        <ele>8.3</ele>
        <time>2023-06-18T10:13:33Z</time>
      </trkpt>
      <trkpt lat="22.488787" lon="113.943786">
        <ele>8.2</ele>
        <time>2023-06-18T10:13:34Z</time>
      </trkpt>
      <trkpt lat="22.488814" lon="113.943833">
        <ele>8.2</ele>
        <time>2023-06-18T10:13:35Z</time>
      </trkpt>
      <trkpt lat="22.488838" lon="113.943878">
        <ele>8.2</ele>
        <time>2023-06-18T10:13:36Z</time>
      </trkpt>
      <trkpt lat="22.488859" lon="113.943923">
        <ele>8.2</ele>
        <time>2023-06-18T10:13:37Z</time>
      </trkpt>
      <trkpt lat="22.488882" lon="113.943968">
        <ele>8.2</ele>
        <time>2023-06-18T10:13:38Z</time>
      </trkpt>
      <trkpt lat="22.488908" lon="113.944008">
        <ele>8.1</ele>
        <time>2023-06-18T10:13:39Z</time>
      </trkpt>
      <trkpt lat="22.488935" lon="113.944053">
        <ele>8.1</ele>
        <time>2023-06-18T10:13:40Z</time>
      </trkpt>
      <trkpt lat="22.488963" lon="113.944089">
        <ele>8.1</ele>
        <time>2023-06-18T10:13:41Z</time>
      </trkpt>
      <trkpt lat="22.488984" lon="113.944111">
        <ele>8.1</ele>
        <time>2023-06-18T10:13:42Z</time>
      </trkpt>
      <trkpt lat="22.488997" lon="113.944133">
        <ele>8.1</ele>
        <time>2023-06-18T10:13:43Z</time>
      </trkpt>
      <trkpt lat="22.48901" lon="113.944149">
        <ele>8.1</ele>
        <time>2023-06-18T10:13:44Z</time>
      </trkpt>
      <trkpt lat="22.489022" lon="113.944172">
        <ele>8.1</ele>
        <time>2023-06-18T10:13:45Z</time>
      </trkpt>
      <trkpt lat="22.489039" lon="113.944196">
        <ele>8.1</ele>
        <time>2023-06-18T10:13:46Z</time>
      </trkpt>
      <trkpt lat="22.489053" lon="113.944226">
        <ele>8</ele>
        <time>2023-06-18T10:13:47Z</time>
      </trkpt>
      <trkpt lat="22.489068" lon="113.944258">
        <ele>8</ele>
        <time>2023-06-18T10:13:48Z</time>
      </trkpt>
      <trkpt lat="22.489088" lon="113.944296">
        <ele>8</ele>
        <time>2023-06-18T10:13:49Z</time>
      </trkpt>
      <trkpt lat="22.489111" lon="113.944334">
        <ele>8</ele>
        <time>2023-06-18T10:13:50Z</time>
      </trkpt>
      <trkpt lat="22.489138" lon="113.944372">
        <ele>8</ele>
        <time>2023-06-18T10:13:51Z</time>
      </trkpt>
      <trkpt lat="22.489164" lon="113.94441">
        <ele>8</ele>
        <time>2023-06-18T10:13:52Z</time>
      </trkpt>
      <trkpt lat="22.489187" lon="113.944451">
        <ele>7.9</ele>
        <time>2023-06-18T10:13:53Z</time>
      </trkpt>
      <trkpt lat="22.489214" lon="113.944495">
        <ele>7.9</ele>
        <time>2023-06-18T10:13:54Z</time>
      </trkpt>
      <trkpt lat="22.489243" lon="113.944541">
        <ele>7.9</ele>
        <time>2023-06-18T10:13:55Z</time>
      </trkpt>
      <trkpt lat="22.489272" lon="113.944586">
        <ele>7.9</ele>
        <time>2023-06-18T10:13:56Z</time>
      </trkpt>
      <trkpt lat="22.489301" lon="113.944626">
        <ele>7.9</ele>
        <time>2023-06-18T10:13:57Z</time>
      </trkpt>
      <trkpt lat="22.489329" lon="113.94467">
        <ele>7.8</ele>
        <time>2023-06-18T10:13:58Z</time>
      </trkpt>
      <trkpt lat="22.489355" lon="113.944707">
        <ele>7.8</ele>
        <time>2023-06-18T10:13:59Z</time>
      </trkpt>
      <trkpt lat="22.489381" lon="113.944739">
        <ele>7.8</ele>
        <time>2023-06-18T10:14:00Z</time>
      </trkpt>
      <trkpt lat="22.48941" lon="113.944779">
        <ele>7.8</ele>
        <time>2023-06-18T10:14:01Z</time>
      </trkpt>
      <trkpt lat="22.489438" lon="113.944824">
        <ele>7.8</ele>
        <time>2023-06-18T10:14:02Z</time>
      </trkpt>
      <trkpt lat="22.489466" lon="113.944865">
        <ele>7.8</ele>
        <time>2023-06-18T10:14:03Z</time>
      </trkpt>
      <trkpt lat="22.489495" lon="113.944906">
        <ele>7.8</ele>
        <time>2023-06-18T10:14:04Z</time>
      </trkpt>
      <trkpt lat="22.489526" lon="113.944947">
        <ele>7.8</ele>
        <time>2023-06-18T10:14:05Z</time>
      </trkpt>
      <trkpt lat="22.489558" lon="113.945002">
        <ele>7.8</ele>
        <time>2023-06-18T10:14:06Z</time>
      </trkpt>
      <trkpt lat="22.489588" lon="113.945053">
        <ele>7.8</ele>
        <time>2023-06-18T10:14:07Z</time>
      </trkpt>
      <trkpt lat="22.489619" lon="113.945101">
        <ele>7.8</ele>
        <time>2023-06-18T10:14:08Z</time>
      </trkpt>
      <trkpt lat="22.489653" lon="113.945152">
        <ele>7.8</ele>
        <time>2023-06-18T10:14:09Z</time>
      </trkpt>
      <trkpt lat="22.489687" lon="113.945198">
        <ele>7.8</ele>
        <time>2023-06-18T10:14:10Z</time>
      </trkpt>
      <trkpt lat="22.489721" lon="113.945243">
        <ele>7.8</ele>
        <time>2023-06-18T10:14:11Z</time>
      </trkpt>
      <trkpt lat="22.489749" lon="113.945288">
        <ele>7.8</ele>
        <time>2023-06-18T10:14:12Z</time>
      </trkpt>
      <trkpt lat="22.489779" lon="113.945327">
        <ele>7.8</ele>
        <time>2023-06-18T10:14:13Z</time>
      </trkpt>
      <trkpt lat="22.489812" lon="113.945356">
        <ele>7.8</ele>
        <time>2023-06-18T10:14:14Z</time>
      </trkpt>
      <trkpt lat="22.48986" lon="113.945343">
        <ele>7.8</ele>
        <time>2023-06-18T10:14:15Z</time>
      </trkpt>
      <trkpt lat="22.489905" lon="113.945344">
        <ele>7.8</ele>
        <time>2023-06-18T10:14:16Z</time>
      </trkpt>
      <trkpt lat="22.489945" lon="113.945354">
        <ele>7.8</ele>
        <time>2023-06-18T10:14:17Z</time>
      </trkpt>
      <trkpt lat="22.489975" lon="113.945379">
        <ele>7.9</ele>
        <time>2023-06-18T10:14:18Z</time>
      </trkpt>
      <trkpt lat="22.489999" lon="113.945417">
        <ele>7.9</ele>
        <time>2023-06-18T10:14:19Z</time>
      </trkpt>
      <trkpt lat="22.490017" lon="113.945449">
        <ele>7.9</ele>
        <time>2023-06-18T10:14:20Z</time>
      </trkpt>
      <trkpt lat="22.490038" lon="113.945484">
        <ele>7.9</ele>
        <time>2023-06-18T10:14:21Z</time>
      </trkpt>
      <trkpt lat="22.490059" lon="113.945519">
        <ele>7.9</ele>
        <time>2023-06-18T10:14:22Z</time>
      </trkpt>
      <trkpt lat="22.49008" lon="113.945554">
        <ele>7.9</ele>
        <time>2023-06-18T10:14:23Z</time>
      </trkpt>
      <trkpt lat="22.4901" lon="113.945588">
        <ele>7.9</ele>
        <time>2023-06-18T10:14:24Z</time>
      </trkpt>
      <trkpt lat="22.490121" lon="113.945624">
        <ele>7.9</ele>
        <time>2023-06-18T10:14:25Z</time>
      </trkpt>
      <trkpt lat="22.490141" lon="113.945663">
        <ele>7.9</ele>
        <time>2023-06-18T10:14:26Z</time>
      </trkpt>
      <trkpt lat="22.490162" lon="113.94571">
        <ele>7.9</ele>
        <time>2023-06-18T10:14:27Z</time>
      </trkpt>
      <trkpt lat="22.490186" lon="113.945763">
        <ele>7.9</ele>
        <time>2023-06-18T10:14:28Z</time>
      </trkpt>
      <trkpt lat="22.49021" lon="113.945818">
        <ele>7.9</ele>
        <time>2023-06-18T10:14:29Z</time>
      </trkpt>
      <trkpt lat="22.490234" lon="113.945878">
        <ele>7.9</ele>
        <time>2023-06-18T10:14:30Z</time>
      </trkpt>
      <trkpt lat="22.490253" lon="113.945929">
        <ele>7.9</ele>
        <time>2023-06-18T10:14:31Z</time>
      </trkpt>
      <trkpt lat="22.490272" lon="113.94598">
        <ele>7.9</ele>
        <time>2023-06-18T10:14:32Z</time>
      </trkpt>
      <trkpt lat="22.490291" lon="113.946031">
        <ele>8</ele>
        <time>2023-06-18T10:14:33Z</time>
      </trkpt>
      <trkpt lat="22.490311" lon="113.946083">
        <ele>8</ele>
        <time>2023-06-18T10:14:34Z</time>
      </trkpt>
      <trkpt lat="22.490338" lon="113.946138">
        <ele>8</ele>
        <time>2023-06-18T10:14:35Z</time>
      </trkpt>
      <trkpt lat="22.490365" lon="113.946196">
        <ele>8</ele>
        <time>2023-06-18T10:14:36Z</time>
      </trkpt>
      <trkpt lat="22.490399" lon="113.946243">
        <ele>8</ele>
        <time>2023-06-18T10:14:37Z</time>
      </trkpt>
      <trkpt lat="22.490432" lon="113.946296">
        <ele>8</ele>
        <time>2023-06-18T10:14:38Z</time>
      </trkpt>
      <trkpt lat="22.490464" lon="113.946341">
        <ele>8</ele>
        <time>2023-06-18T10:14:39Z</time>
      </trkpt>
      <trkpt lat="22.490495" lon="113.946387">
        <ele>8</ele>
        <time>2023-06-18T10:14:40Z</time>
      </trkpt>
      <trkpt lat="22.490529" lon="113.946432">
        <ele>8</ele>
        <time>2023-06-18T10:14:41Z</time>
      </trkpt>
      <trkpt lat="22.490559" lon="113.94647">
        <ele>8</ele>
        <time>2023-06-18T10:14:42Z</time>
      </trkpt>
      <trkpt lat="22.490588" lon="113.946511">
        <ele>8</ele>
        <time>2023-06-18T10:14:43Z</time>
      </trkpt>
      <trkpt lat="22.490617" lon="113.946564">
        <ele>8</ele>
        <time>2023-06-18T10:14:44Z</time>
      </trkpt>
      <trkpt lat="22.490642" lon="113.946617">
        <ele>8</ele>
        <time>2023-06-18T10:14:45Z</time>
      </trkpt>
      <trkpt lat="22.490663" lon="113.946672">
        <ele>8</ele>
        <time>2023-06-18T10:14:46Z</time>
      </trkpt>
      <trkpt lat="22.490684" lon="113.946723">
        <ele>8</ele>
        <time>2023-06-18T10:14:47Z</time>
      </trkpt>
      <trkpt lat="22.490708" lon="113.946769">
        <ele>8</ele>
        <time>2023-06-18T10:14:48Z</time>
      </trkpt>
      <trkpt lat="22.490736" lon="113.946814">
        <ele>8</ele>
        <time>2023-06-18T10:14:49Z</time>
      </trkpt>
      <trkpt lat="22.490763" lon="113.946861">
        <ele>8</ele>
        <time>2023-06-18T10:14:50Z</time>
      </trkpt>
      <trkpt lat="22.490792" lon="113.946914">
        <ele>8</ele>
        <time>2023-06-18T10:14:51Z</time>
      </trkpt>
      <trkpt lat="22.490821" lon="113.946962">
        <ele>8</ele>
        <time>2023-06-18T10:14:52Z</time>
      </trkpt>
      <trkpt lat="22.490851" lon="113.94702">
        <ele>8</ele>
        <time>2023-06-18T10:14:53Z</time>
      </trkpt>
      <trkpt lat="22.490883" lon="113.947062">
        <ele>8</ele>
        <time>2023-06-18T10:14:54Z</time>
      </trkpt>
      <trkpt lat="22.490921" lon="113.947121">
        <ele>8</ele>
        <time>2023-06-18T10:14:55Z</time>
      </trkpt>
      <trkpt lat="22.490958" lon="113.947173">
        <ele>8</ele>
        <time>2023-06-18T10:14:56Z</time>
      </trkpt>
      <trkpt lat="22.49099" lon="113.947223">
        <ele>8.1</ele>
        <time>2023-06-18T10:14:57Z</time>
      </trkpt>
      <trkpt lat="22.491022" lon="113.947274">
        <ele>8.1</ele>
        <time>2023-06-18T10:14:58Z</time>
      </trkpt>
      <trkpt lat="22.49105" lon="113.947312">
        <ele>8.1</ele>
        <time>2023-06-18T10:14:59Z</time>
      </trkpt>
      <trkpt lat="22.491081" lon="113.947351">
        <ele>8.1</ele>
        <time>2023-06-18T10:15:00Z</time>
      </trkpt>
      <trkpt lat="22.491114" lon="113.947398">
        <ele>8.1</ele>
        <time>2023-06-18T10:15:01Z</time>
      </trkpt>
      <trkpt lat="22.491139" lon="113.94744">
        <ele>8.1</ele>
        <time>2023-06-18T10:15:02Z</time>
      </trkpt>
      <trkpt lat="22.491161" lon="113.947473">
        <ele>8.1</ele>
        <time>2023-06-18T10:15:03Z</time>
      </trkpt>
      <trkpt lat="22.491188" lon="113.947519">
        <ele>8.1</ele>
        <time>2023-06-18T10:15:04Z</time>
      </trkpt>
      <trkpt lat="22.491214" lon="113.947564">
        <ele>8.1</ele>
        <time>2023-06-18T10:15:05Z</time>
      </trkpt>
      <trkpt lat="22.491239" lon="113.947601">
        <ele>8.1</ele>
        <time>2023-06-18T10:15:06Z</time>
      </trkpt>
      <trkpt lat="22.491262" lon="113.947638">
        <ele>8.1</ele>
        <time>2023-06-18T10:15:07Z</time>
      </trkpt>
      <trkpt lat="22.491284" lon="113.947678">
        <ele>8.1</ele>
        <time>2023-06-18T10:15:08Z</time>
      </trkpt>
      <trkpt lat="22.491307" lon="113.947714">
        <ele>8.1</ele>
        <time>2023-06-18T10:15:09Z</time>
      </trkpt>
      <trkpt lat="22.491326" lon="113.947744">
        <ele>8.1</ele>
        <time>2023-06-18T10:15:10Z</time>
      </trkpt>
      <trkpt lat="22.491338" lon="113.947773">
        <ele>8.1</ele>
        <time>2023-06-18T10:15:11Z</time>
      </trkpt>
      <trkpt lat="22.491343" lon="113.947794">
        <ele>8.1</ele>
        <time>2023-06-18T10:15:12Z</time>
      </trkpt>
      <trkpt lat="22.491341" lon="113.947808">
        <ele>8.1</ele>
        <time>2023-06-18T10:15:13Z</time>
      </trkpt>
      <trkpt lat="22.491333" lon="113.947817">
        <ele>8.1</ele>
        <time>2023-06-18T10:15:14Z</time>
      </trkpt>
      <trkpt lat="22.491321" lon="113.947832">
        <ele>8.1</ele>
        <time>2023-06-18T10:15:15Z</time>
      </trkpt>
      <trkpt lat="22.491301" lon="113.947848">
        <ele>8.1</ele>
        <time>2023-06-18T10:15:16Z</time>
      </trkpt>
      <trkpt lat="22.491269" lon="113.947865">
        <ele>8.1</ele>
        <time>2023-06-18T10:15:17Z</time>
      </trkpt>
      <trkpt lat="22.491239" lon="113.947887">
        <ele>8.1</ele>
        <time>2023-06-18T10:15:18Z</time>
      </trkpt>
      <trkpt lat="22.491208" lon="113.947912">
        <ele>8.1</ele>
        <time>2023-06-18T10:15:19Z</time>
      </trkpt>
      <trkpt lat="22.491179" lon="113.947941">
        <ele>8.1</ele>
        <time>2023-06-18T10:15:20Z</time>
      </trkpt>
      <trkpt lat="22.49115" lon="113.947963">
        <ele>8.1</ele>
        <time>2023-06-18T10:15:21Z</time>
      </trkpt>
      <trkpt lat="22.491119" lon="113.947985">
        <ele>8.1</ele>
        <time>2023-06-18T10:15:22Z</time>
      </trkpt>
      <trkpt lat="22.491085" lon="113.947999">
        <ele>8.1</ele>
        <time>2023-06-18T10:15:23Z</time>
      </trkpt>
      <trkpt lat="22.491052" lon="113.948007">
        <ele>8.1</ele>
        <time>2023-06-18T10:15:24Z</time>
      </trkpt>
      <trkpt lat="22.491018" lon="113.948015">
        <ele>8.1</ele>
        <time>2023-06-18T10:15:25Z</time>
      </trkpt>
      <trkpt lat="22.490983" lon="113.948026">
        <ele>8.2</ele>
        <time>2023-06-18T10:15:26Z</time>
      </trkpt>
      <trkpt lat="22.490954" lon="113.948057">
        <ele>8.2</ele>
        <time>2023-06-18T10:15:27Z</time>
      </trkpt>
      <trkpt lat="22.490924" lon="113.948086">
        <ele>8.2</ele>
        <time>2023-06-18T10:15:28Z</time>
      </trkpt>
      <trkpt lat="22.490893" lon="113.948108">
        <ele>8.2</ele>
        <time>2023-06-18T10:15:29Z</time>
      </trkpt>
      <trkpt lat="22.490862" lon="113.948131">
        <ele>8.2</ele>
        <time>2023-06-18T10:15:30Z</time>
      </trkpt>
      <trkpt lat="22.490827" lon="113.948156">
        <ele>8.2</ele>
        <time>2023-06-18T10:15:31Z</time>
      </trkpt>
      <trkpt lat="22.490803" lon="113.948186">
        <ele>8.3</ele>
        <time>2023-06-18T10:15:32Z</time>
      </trkpt>
      <trkpt lat="22.49078" lon="113.948218">
        <ele>8.3</ele>
        <time>2023-06-18T10:15:33Z</time>
      </trkpt>
      <trkpt lat="22.49077" lon="113.948258">
        <ele>8.3</ele>
        <time>2023-06-18T10:15:34Z</time>
      </trkpt>
      <trkpt lat="22.490771" lon="113.948304">
        <ele>8.3</ele>
        <time>2023-06-18T10:15:35Z</time>
      </trkpt>
      <trkpt lat="22.490787" lon="113.948349">
        <ele>8.3</ele>
        <time>2023-06-18T10:15:36Z</time>
      </trkpt>
      <trkpt lat="22.490812" lon="113.948386">
        <ele>8.3</ele>
        <time>2023-06-18T10:15:37Z</time>
      </trkpt>
      <trkpt lat="22.490843" lon="113.948427">
        <ele>8.4</ele>
        <time>2023-06-18T10:15:38Z</time>
      </trkpt>
      <trkpt lat="22.490877" lon="113.948478">
        <ele>8.4</ele>
        <time>2023-06-18T10:15:39Z</time>
      </trkpt>
      <trkpt lat="22.490911" lon="113.948517">
        <ele>8.4</ele>
        <time>2023-06-18T10:15:40Z</time>
      </trkpt>
      <trkpt lat="22.490941" lon="113.948564">
        <ele>8.4</ele>
        <time>2023-06-18T10:15:41Z</time>
      </trkpt>
      <trkpt lat="22.490969" lon="113.948616">
        <ele>8.4</ele>
        <time>2023-06-18T10:15:42Z</time>
      </trkpt>
      <trkpt lat="22.490995" lon="113.948663">
        <ele>8.5</ele>
        <time>2023-06-18T10:15:43Z</time>
      </trkpt>
      <trkpt lat="22.491011" lon="113.948716">
        <ele>8.5</ele>
        <time>2023-06-18T10:15:44Z</time>
      </trkpt>
      <trkpt lat="22.491011" lon="113.94877">
        <ele>8.5</ele>
        <time>2023-06-18T10:15:45Z</time>
      </trkpt>
      <trkpt lat="22.491008" lon="113.948823">
        <ele>8.5</ele>
        <time>2023-06-18T10:15:46Z</time>
      </trkpt>
      <trkpt lat="22.490993" lon="113.948875">
        <ele>8.5</ele>
        <time>2023-06-18T10:15:47Z</time>
      </trkpt>
      <trkpt lat="22.490976" lon="113.948929">
        <ele>8.6</ele>
        <time>2023-06-18T10:15:48Z</time>
      </trkpt>
      <trkpt lat="22.49096" lon="113.948981">
        <ele>8.6</ele>
        <time>2023-06-18T10:15:49Z</time>
      </trkpt>
      <trkpt lat="22.490941" lon="113.949029">
        <ele>8.6</ele>
        <time>2023-06-18T10:15:50Z</time>
      </trkpt>
      <trkpt lat="22.490922" lon="113.949084">
        <ele>8.6</ele>
        <time>2023-06-18T10:15:51Z</time>
      </trkpt>
      <trkpt lat="22.490904" lon="113.949139">
        <ele>8.6</ele>
        <time>2023-06-18T10:15:52Z</time>
      </trkpt>
      <trkpt lat="22.490886" lon="113.949193">
        <ele>8.7</ele>
        <time>2023-06-18T10:15:53Z</time>
      </trkpt>
      <trkpt lat="22.490869" lon="113.949245">
        <ele>8.7</ele>
        <time>2023-06-18T10:15:54Z</time>
      </trkpt>
      <trkpt lat="22.490849" lon="113.949298">
        <ele>8.7</ele>
        <time>2023-06-18T10:15:55Z</time>
      </trkpt>
      <trkpt lat="22.49083" lon="113.949357">
        <ele>8.7</ele>
        <time>2023-06-18T10:15:56Z</time>
      </trkpt>
      <trkpt lat="22.490811" lon="113.949411">
        <ele>8.8</ele>
        <time>2023-06-18T10:15:57Z</time>
      </trkpt>
      <trkpt lat="22.490792" lon="113.949464">
        <ele>8.8</ele>
        <time>2023-06-18T10:15:58Z</time>
      </trkpt>
      <trkpt lat="22.490768" lon="113.949505">
        <ele>8.8</ele>
        <time>2023-06-18T10:15:59Z</time>
      </trkpt>
      <trkpt lat="22.490743" lon="113.949546">
        <ele>8.8</ele>
        <time>2023-06-18T10:16:00Z</time>
      </trkpt>
      <trkpt lat="22.490713" lon="113.949593">
        <ele>8.8</ele>
        <time>2023-06-18T10:16:01Z</time>
      </trkpt>
      <trkpt lat="22.490689" lon="113.949645">
        <ele>8.8</ele>
        <time>2023-06-18T10:16:02Z</time>
      </trkpt>
      <trkpt lat="22.490673" lon="113.94969">
        <ele>8.8</ele>
        <time>2023-06-18T10:16:03Z</time>
      </trkpt>
      <trkpt lat="22.490652" lon="113.949734">
        <ele>8.8</ele>
        <time>2023-06-18T10:16:04Z</time>
      </trkpt>
      <trkpt lat="22.490619" lon="113.949758">
        <ele>8.8</ele>
        <time>2023-06-18T10:16:05Z</time>
      </trkpt>
      <trkpt lat="22.490585" lon="113.949795">
        <ele>8.8</ele>
        <time>2023-06-18T10:16:06Z</time>
      </trkpt>
      <trkpt lat="22.490554" lon="113.94983">
        <ele>8.8</ele>
        <time>2023-06-18T10:16:07Z</time>
      </trkpt>
      <trkpt lat="22.490528" lon="113.949882">
        <ele>8.8</ele>
        <time>2023-06-18T10:16:08Z</time>
      </trkpt>
      <trkpt lat="22.490501" lon="113.949928">
        <ele>8.8</ele>
        <time>2023-06-18T10:16:09Z</time>
      </trkpt>
      <trkpt lat="22.490476" lon="113.949974">
        <ele>8.8</ele>
        <time>2023-06-18T10:16:10Z</time>
      </trkpt>
      <trkpt lat="22.490448" lon="113.950019">
        <ele>8.8</ele>
        <time>2023-06-18T10:16:11Z</time>
      </trkpt>
      <trkpt lat="22.490416" lon="113.950057">
        <ele>8.8</ele>
        <time>2023-06-18T10:16:12Z</time>
      </trkpt>
      <trkpt lat="22.490386" lon="113.950095">
        <ele>8.7</ele>
        <time>2023-06-18T10:16:13Z</time>
      </trkpt>
      <trkpt lat="22.490354" lon="113.950132">
        <ele>8.7</ele>
        <time>2023-06-18T10:16:14Z</time>
      </trkpt>
      <trkpt lat="22.490319" lon="113.950161">
        <ele>8.7</ele>
        <time>2023-06-18T10:16:15Z</time>
      </trkpt>
      <trkpt lat="22.490281" lon="113.950183">
        <ele>8.7</ele>
        <time>2023-06-18T10:16:16Z</time>
      </trkpt>
      <trkpt lat="22.49024" lon="113.950196">
        <ele>8.7</ele>
        <time>2023-06-18T10:16:17Z</time>
      </trkpt>
      <trkpt lat="22.490202" lon="113.9502">
        <ele>8.7</ele>
        <time>2023-06-18T10:16:18Z</time>
      </trkpt>
      <trkpt lat="22.490165" lon="113.950202">
        <ele>8.7</ele>
        <time>2023-06-18T10:16:19Z</time>
      </trkpt>
      <trkpt lat="22.490133" lon="113.950192">
        <ele>8.7</ele>
        <time>2023-06-18T10:16:20Z</time>
      </trkpt>
      <trkpt lat="22.490111" lon="113.950168">
        <ele>8.7</ele>
        <time>2023-06-18T10:16:21Z</time>
      </trkpt>
      <trkpt lat="22.490104" lon="113.950135">
        <ele>8.7</ele>
        <time>2023-06-18T10:16:22Z</time>
      </trkpt>
      <trkpt lat="22.490114" lon="113.950091">
        <ele>8.7</ele>
        <time>2023-06-18T10:16:23Z</time>
      </trkpt>
      <trkpt lat="22.490144" lon="113.950053">
        <ele>8.7</ele>
        <time>2023-06-18T10:16:24Z</time>
      </trkpt>
      <trkpt lat="22.490187" lon="113.950025">
        <ele>8.7</ele>
        <time>2023-06-18T10:16:25Z</time>
      </trkpt>
      <trkpt lat="22.490229" lon="113.950015">
        <ele>8.7</ele>
        <time>2023-06-18T10:16:26Z</time>
      </trkpt>
      <trkpt lat="22.490262" lon="113.950031">
        <ele>8.7</ele>
        <time>2023-06-18T10:16:27Z</time>
      </trkpt>
      <trkpt lat="22.490292" lon="113.950054">
        <ele>8.7</ele>
        <time>2023-06-18T10:16:28Z</time>
      </trkpt>
      <trkpt lat="22.490329" lon="113.950076">
        <ele>8.7</ele>
        <time>2023-06-18T10:16:29Z</time>
      </trkpt>
      <trkpt lat="22.490369" lon="113.950087">
        <ele>8.7</ele>
        <time>2023-06-18T10:16:30Z</time>
      </trkpt>
      <trkpt lat="22.490413" lon="113.950077">
        <ele>8.7</ele>
        <time>2023-06-18T10:16:31Z</time>
      </trkpt>
      <trkpt lat="22.490451" lon="113.950051">
        <ele>8.7</ele>
        <time>2023-06-18T10:16:32Z</time>
      </trkpt>
      <trkpt lat="22.490476" lon="113.950012">
        <ele>8.7</ele>
        <time>2023-06-18T10:16:33Z</time>
      </trkpt>
      <trkpt lat="22.490506" lon="113.949968">
        <ele>8.7</ele>
        <time>2023-06-18T10:16:34Z</time>
      </trkpt>
      <trkpt lat="22.490535" lon="113.949928">
        <ele>8.7</ele>
        <time>2023-06-18T10:16:35Z</time>
      </trkpt>
      <trkpt lat="22.490563" lon="113.949884">
        <ele>8.7</ele>
        <time>2023-06-18T10:16:36Z</time>
      </trkpt>
      <trkpt lat="22.490591" lon="113.949845">
        <ele>8.7</ele>
        <time>2023-06-18T10:16:37Z</time>
      </trkpt>
      <trkpt lat="22.490616" lon="113.949798">
        <ele>8.7</ele>
        <time>2023-06-18T10:16:38Z</time>
      </trkpt>
      <trkpt lat="22.490637" lon="113.949755">
        <ele>8.7</ele>
        <time>2023-06-18T10:16:39Z</time>
      </trkpt>
      <trkpt lat="22.490648" lon="113.949724">
        <ele>8.7</ele>
        <time>2023-06-18T10:16:40Z</time>
      </trkpt>
      <trkpt lat="22.49066" lon="113.949686">
        <ele>8.6</ele>
        <time>2023-06-18T10:16:41Z</time>
      </trkpt>
      <trkpt lat="22.490674" lon="113.949647">
        <ele>8.6</ele>
        <time>2023-06-18T10:16:42Z</time>
      </trkpt>
      <trkpt lat="22.490692" lon="113.949608">
        <ele>8.6</ele>
        <time>2023-06-18T10:16:43Z</time>
      </trkpt>
      <trkpt lat="22.490715" lon="113.949565">
        <ele>8.6</ele>
        <time>2023-06-18T10:16:44Z</time>
      </trkpt>
      <trkpt lat="22.490738" lon="113.949521">
        <ele>8.6</ele>
        <time>2023-06-18T10:16:45Z</time>
      </trkpt>
      <trkpt lat="22.490764" lon="113.949479">
        <ele>8.6</ele>
        <time>2023-06-18T10:16:46Z</time>
      </trkpt>
      <trkpt lat="22.490796" lon="113.949438">
        <ele>8.6</ele>
        <time>2023-06-18T10:16:47Z</time>
      </trkpt>
      <trkpt lat="22.490823" lon="113.949384">
        <ele>8.5</ele>
        <time>2023-06-18T10:16:48Z</time>
      </trkpt>
      <trkpt lat="22.490844" lon="113.949332">
        <ele>8.5</ele>
        <time>2023-06-18T10:16:49Z</time>
      </trkpt>
      <trkpt lat="22.490863" lon="113.949286">
        <ele>8.5</ele>
        <time>2023-06-18T10:16:50Z</time>
      </trkpt>
      <trkpt lat="22.490881" lon="113.949234">
        <ele>8.5</ele>
        <time>2023-06-18T10:16:51Z</time>
      </trkpt>
      <trkpt lat="22.490907" lon="113.949186">
        <ele>8.5</ele>
        <time>2023-06-18T10:16:52Z</time>
      </trkpt>
      <trkpt lat="22.490932" lon="113.949136">
        <ele>8.5</ele>
        <time>2023-06-18T10:16:53Z</time>
      </trkpt>
      <trkpt lat="22.490955" lon="113.949097">
        <ele>8.4</ele>
        <time>2023-06-18T10:16:54Z</time>
      </trkpt>
      <trkpt lat="22.490976" lon="113.949051">
        <ele>8.4</ele>
        <time>2023-06-18T10:16:55Z</time>
      </trkpt>
      <trkpt lat="22.490996" lon="113.948997">
        <ele>8.4</ele>
        <time>2023-06-18T10:16:56Z</time>
      </trkpt>
      <trkpt lat="22.491013" lon="113.948944">
        <ele>8.4</ele>
        <time>2023-06-18T10:16:57Z</time>
      </trkpt>
      <trkpt lat="22.491029" lon="113.948897">
        <ele>8.4</ele>
        <time>2023-06-18T10:16:58Z</time>
      </trkpt>
      <trkpt lat="22.491044" lon="113.948845">
        <ele>8.4</ele>
        <time>2023-06-18T10:16:59Z</time>
      </trkpt>
      <trkpt lat="22.491051" lon="113.948803">
        <ele>8.3</ele>
        <time>2023-06-18T10:17:00Z</time>
      </trkpt>
      <trkpt lat="22.491054" lon="113.948778">
        <ele>8.3</ele>
        <time>2023-06-18T10:17:01Z</time>
      </trkpt>
      <trkpt lat="22.491055" lon="113.948749">
        <ele>8.3</ele>
        <time>2023-06-18T10:17:02Z</time>
      </trkpt>
      <trkpt lat="22.491056" lon="113.948727">
        <ele>8.3</ele>
        <time>2023-06-18T10:17:03Z</time>
      </trkpt>
      <trkpt lat="22.491054" lon="113.948704">
        <ele>8.3</ele>
        <time>2023-06-18T10:17:04Z</time>
      </trkpt>
      <trkpt lat="22.491054" lon="113.948681">
        <ele>8.3</ele>
        <time>2023-06-18T10:17:05Z</time>
      </trkpt>
      <trkpt lat="22.491052" lon="113.948659">
        <ele>8.3</ele>
        <time>2023-06-18T10:17:06Z</time>
      </trkpt>
      <trkpt lat="22.491049" lon="113.948644">
        <ele>8.3</ele>
        <time>2023-06-18T10:17:07Z</time>
      </trkpt>
      <trkpt lat="22.49104" lon="113.948628">
        <ele>8.3</ele>
        <time>2023-06-18T10:17:08Z</time>
      </trkpt>
      <trkpt lat="22.491035" lon="113.948605">
        <ele>8.3</ele>
        <time>2023-06-18T10:17:09Z</time>
      </trkpt>
      <trkpt lat="22.49103" lon="113.94858">
        <ele>8.3</ele>
        <time>2023-06-18T10:17:10Z</time>
      </trkpt>
      <trkpt lat="22.491021" lon="113.948551">
        <ele>8.3</ele>
        <time>2023-06-18T10:17:11Z</time>
      </trkpt>
      <trkpt lat="22.491003" lon="113.948527">
        <ele>8.3</ele>
        <time>2023-06-18T10:17:12Z</time>
      </trkpt>
      <trkpt lat="22.490977" lon="113.948496">
        <ele>8.2</ele>
        <time>2023-06-18T10:17:13Z</time>
      </trkpt>
      <trkpt lat="22.49095" lon="113.948467">
        <ele>8.2</ele>
        <time>2023-06-18T10:17:14Z</time>
      </trkpt>
      <trkpt lat="22.490922" lon="113.948442">
        <ele>8.2</ele>
        <time>2023-06-18T10:17:15Z</time>
      </trkpt>
      <trkpt lat="22.4909" lon="113.948405">
        <ele>8.2</ele>
        <time>2023-06-18T10:17:16Z</time>
      </trkpt>
      <trkpt lat="22.490878" lon="113.948372">
        <ele>8.2</ele>
        <time>2023-06-18T10:17:17Z</time>
      </trkpt>
      <trkpt lat="22.490856" lon="113.948335">
        <ele>8.2</ele>
        <time>2023-06-18T10:17:18Z</time>
      </trkpt>
      <trkpt lat="22.490836" lon="113.948297">
        <ele>8.2</ele>
        <time>2023-06-18T10:17:19Z</time>
      </trkpt>
      <trkpt lat="22.490818" lon="113.948259">
        <ele>8.2</ele>
        <time>2023-06-18T10:17:20Z</time>
      </trkpt>
      <trkpt lat="22.490812" lon="113.948222">
        <ele>8.1</ele>
        <time>2023-06-18T10:17:21Z</time>
      </trkpt>
      <trkpt lat="22.490824" lon="113.948192">
        <ele>8.1</ele>
        <time>2023-06-18T10:17:22Z</time>
      </trkpt>
      <trkpt lat="22.490851" lon="113.948165">
        <ele>8.1</ele>
        <time>2023-06-18T10:17:23Z</time>
      </trkpt>
      <trkpt lat="22.490881" lon="113.948138">
        <ele>8.1</ele>
        <time>2023-06-18T10:17:24Z</time>
      </trkpt>
      <trkpt lat="22.490924" lon="113.948109">
        <ele>8.1</ele>
        <time>2023-06-18T10:17:25Z</time>
      </trkpt>
      <trkpt lat="22.490962" lon="113.948083">
        <ele>8.1</ele>
        <time>2023-06-18T10:17:26Z</time>
      </trkpt>
      <trkpt lat="22.491001" lon="113.948046">
        <ele>8.1</ele>
        <time>2023-06-18T10:17:27Z</time>
      </trkpt>
      <trkpt lat="22.491034" lon="113.948015">
        <ele>8</ele>
        <time>2023-06-18T10:17:28Z</time>
      </trkpt>
      <trkpt lat="22.491065" lon="113.947978">
        <ele>8</ele>
        <time>2023-06-18T10:17:29Z</time>
      </trkpt>
      <trkpt lat="22.491094" lon="113.947948">
        <ele>7.9</ele>
        <time>2023-06-18T10:17:30Z</time>
      </trkpt>
      <trkpt lat="22.491131" lon="113.947919">
        <ele>7.9</ele>
        <time>2023-06-18T10:17:31Z</time>
      </trkpt>
      <trkpt lat="22.491176" lon="113.947901">
        <ele>7.8</ele>
        <time>2023-06-18T10:17:32Z</time>
      </trkpt>
      <trkpt lat="22.491216" lon="113.947872">
        <ele>7.8</ele>
        <time>2023-06-18T10:17:33Z</time>
      </trkpt>
      <trkpt lat="22.491249" lon="113.947851">
        <ele>7.8</ele>
        <time>2023-06-18T10:17:34Z</time>
      </trkpt>
      <trkpt lat="22.491271" lon="113.947837">
        <ele>7.7</ele>
        <time>2023-06-18T10:17:35Z</time>
      </trkpt>
      <trkpt lat="22.491292" lon="113.947828">
        <ele>7.7</ele>
        <time>2023-06-18T10:17:36Z</time>
      </trkpt>
      <trkpt lat="22.491306" lon="113.947813">
        <ele>7.7</ele>
        <time>2023-06-18T10:17:37Z</time>
      </trkpt>
      <trkpt lat="22.491317" lon="113.947797">
        <ele>7.7</ele>
        <time>2023-06-18T10:17:38Z</time>
      </trkpt>
      <trkpt lat="22.491327" lon="113.947781">
        <ele>7.6</ele>
        <time>2023-06-18T10:17:39Z</time>
      </trkpt>
      <trkpt lat="22.49134" lon="113.947759">
        <ele>7.6</ele>
        <time>2023-06-18T10:17:40Z</time>
      </trkpt>
      <trkpt lat="22.491363" lon="113.947744">
        <ele>7.6</ele>
        <time>2023-06-18T10:17:41Z</time>
      </trkpt>
      <trkpt lat="22.491396" lon="113.947727">
        <ele>7.6</ele>
        <time>2023-06-18T10:17:42Z</time>
      </trkpt>
      <trkpt lat="22.491433" lon="113.947704">
        <ele>7.5</ele>
        <time>2023-06-18T10:17:43Z</time>
      </trkpt>
      <trkpt lat="22.491469" lon="113.947682">
        <ele>7.5</ele>
        <time>2023-06-18T10:17:44Z</time>
      </trkpt>
      <trkpt lat="22.491503" lon="113.947657">
        <ele>7.4</ele>
        <time>2023-06-18T10:17:45Z</time>
      </trkpt>
      <trkpt lat="22.49153" lon="113.947619">
        <ele>7.4</ele>
        <time>2023-06-18T10:17:46Z</time>
      </trkpt>
      <trkpt lat="22.491556" lon="113.947591">
        <ele>7.4</ele>
        <time>2023-06-18T10:17:47Z</time>
      </trkpt>
      <trkpt lat="22.491595" lon="113.947575">
        <ele>7.3</ele>
        <time>2023-06-18T10:17:48Z</time>
      </trkpt>
      <trkpt lat="22.491639" lon="113.947553">
        <ele>7.3</ele>
        <time>2023-06-18T10:17:49Z</time>
      </trkpt>
      <trkpt lat="22.491688" lon="113.947538">
        <ele>7.2</ele>
        <time>2023-06-18T10:17:50Z</time>
      </trkpt>
      <trkpt lat="22.491733" lon="113.947522">
        <ele>7.2</ele>
        <time>2023-06-18T10:17:51Z</time>
      </trkpt>
      <trkpt lat="22.491778" lon="113.947507">
        <ele>7.1</ele>
        <time>2023-06-18T10:17:52Z</time>
      </trkpt>
      <trkpt lat="22.491816" lon="113.947493">
        <ele>7.1</ele>
        <time>2023-06-18T10:17:53Z</time>
      </trkpt>
      <trkpt lat="22.491851" lon="113.947487">
        <ele>7</ele>
        <time>2023-06-18T10:17:54Z</time>
      </trkpt>
      <trkpt lat="22.491882" lon="113.947489">
        <ele>7</ele>
        <time>2023-06-18T10:17:55Z</time>
      </trkpt>
      <trkpt lat="22.491916" lon="113.9475">
        <ele>7</ele>
        <time>2023-06-18T10:17:56Z</time>
      </trkpt>
      <trkpt lat="22.491951" lon="113.947511">
        <ele>6.9</ele>
        <time>2023-06-18T10:17:57Z</time>
      </trkpt>
      <trkpt lat="22.491991" lon="113.947517">
        <ele>6.9</ele>
        <time>2023-06-18T10:17:58Z</time>
      </trkpt>
      <trkpt lat="22.492034" lon="113.947516">
        <ele>6.9</ele>
        <time>2023-06-18T10:17:59Z</time>
      </trkpt>
      <trkpt lat="22.492079" lon="113.947508">
        <ele>6.8</ele>
        <time>2023-06-18T10:18:00Z</time>
      </trkpt>
      <trkpt lat="22.492125" lon="113.947501">
        <ele>6.8</ele>
        <time>2023-06-18T10:18:01Z</time>
      </trkpt>
      <trkpt lat="22.492172" lon="113.947493">
        <ele>6.7</ele>
        <time>2023-06-18T10:18:02Z</time>
      </trkpt>
      <trkpt lat="22.492216" lon="113.947486">
        <ele>6.7</ele>
        <time>2023-06-18T10:18:03Z</time>
      </trkpt>
      <trkpt lat="22.49226" lon="113.947479">
        <ele>6.6</ele>
        <time>2023-06-18T10:18:04Z</time>
      </trkpt>
      <trkpt lat="22.492307" lon="113.947479">
        <ele>6.6</ele>
        <time>2023-06-18T10:18:05Z</time>
      </trkpt>
      <trkpt lat="22.492355" lon="113.947482">
        <ele>6.5</ele>
        <time>2023-06-18T10:18:06Z</time>
      </trkpt>
      <trkpt lat="22.492402" lon="113.947496">
        <ele>6.5</ele>
        <time>2023-06-18T10:18:07Z</time>
      </trkpt>
      <trkpt lat="22.492453" lon="113.947503">
        <ele>6.4</ele>
        <time>2023-06-18T10:18:08Z</time>
      </trkpt>
      <trkpt lat="22.492505" lon="113.947511">
        <ele>6.4</ele>
        <time>2023-06-18T10:18:09Z</time>
      </trkpt>
      <trkpt lat="22.49256" lon="113.947519">
        <ele>6.3</ele>
        <time>2023-06-18T10:18:10Z</time>
      </trkpt>
      <trkpt lat="22.492614" lon="113.947529">
        <ele>6.3</ele>
        <time>2023-06-18T10:18:11Z</time>
      </trkpt>
      <trkpt lat="22.49267" lon="113.947552">
        <ele>6.2</ele>
        <time>2023-06-18T10:18:12Z</time>
      </trkpt>
      <trkpt lat="22.492724" lon="113.947574">
        <ele>6.2</ele>
        <time>2023-06-18T10:18:13Z</time>
      </trkpt>
      <trkpt lat="22.49278" lon="113.947596">
        <ele>6.2</ele>
        <time>2023-06-18T10:18:14Z</time>
      </trkpt>
      <trkpt lat="22.492832" lon="113.947614">
        <ele>6.2</ele>
        <time>2023-06-18T10:18:15Z</time>
      </trkpt>
      <trkpt lat="22.492884" lon="113.947645">
        <ele>6.2</ele>
        <time>2023-06-18T10:18:16Z</time>
      </trkpt>
      <trkpt lat="22.492935" lon="113.947675">
        <ele>6.2</ele>
        <time>2023-06-18T10:18:17Z</time>
      </trkpt>
      <trkpt lat="22.492988" lon="113.947706">
        <ele>6.2</ele>
        <time>2023-06-18T10:18:18Z</time>
      </trkpt>
      <trkpt lat="22.493039" lon="113.947737">
        <ele>6.2</ele>
        <time>2023-06-18T10:18:19Z</time>
      </trkpt>
      <trkpt lat="22.49309" lon="113.947767">
        <ele>6.2</ele>
        <time>2023-06-18T10:18:20Z</time>
      </trkpt>
      <trkpt lat="22.493139" lon="113.947796">
        <ele>6.2</ele>
        <time>2023-06-18T10:18:21Z</time>
      </trkpt>
      <trkpt lat="22.493186" lon="113.947819">
        <ele>6.2</ele>
        <time>2023-06-18T10:18:22Z</time>
      </trkpt>
      <trkpt lat="22.493231" lon="113.947842">
        <ele>6.2</ele>
        <time>2023-06-18T10:18:23Z</time>
      </trkpt>
      <trkpt lat="22.493277" lon="113.947864">
        <ele>6.2</ele>
        <time>2023-06-18T10:18:24Z</time>
      </trkpt>
      <trkpt lat="22.493325" lon="113.947887">
        <ele>6.2</ele>
        <time>2023-06-18T10:18:25Z</time>
      </trkpt>
      <trkpt lat="22.493374" lon="113.947906">
        <ele>6.2</ele>
        <time>2023-06-18T10:18:26Z</time>
      </trkpt>
      <trkpt lat="22.493425" lon="113.947927">
        <ele>6.2</ele>
        <time>2023-06-18T10:18:27Z</time>
      </trkpt>
      <trkpt lat="22.493485" lon="113.947949">
        <ele>6.2</ele>
        <time>2023-06-18T10:18:28Z</time>
      </trkpt>
      <trkpt lat="22.49354" lon="113.947971">
        <ele>6.2</ele>
        <time>2023-06-18T10:18:29Z</time>
      </trkpt>
      <trkpt lat="22.493595" lon="113.94799">
        <ele>6.2</ele>
        <time>2023-06-18T10:18:30Z</time>
      </trkpt>
      <trkpt lat="22.49365" lon="113.948009">
        <ele>6.1</ele>
        <time>2023-06-18T10:18:31Z</time>
      </trkpt>
      <trkpt lat="22.493699" lon="113.948028">
        <ele>6.1</ele>
        <time>2023-06-18T10:18:32Z</time>
      </trkpt>
      <trkpt lat="22.493749" lon="113.948046">
        <ele>6.1</ele>
        <time>2023-06-18T10:18:33Z</time>
      </trkpt>
      <trkpt lat="22.493803" lon="113.94806">
        <ele>6.1</ele>
        <time>2023-06-18T10:18:34Z</time>
      </trkpt>
      <trkpt lat="22.493863" lon="113.948068">
        <ele>6.1</ele>
        <time>2023-06-18T10:18:35Z</time>
      </trkpt>
      <trkpt lat="22.493923" lon="113.948076">
        <ele>6.1</ele>
        <time>2023-06-18T10:18:36Z</time>
      </trkpt>
      <trkpt lat="22.493985" lon="113.948083">
        <ele>6.1</ele>
        <time>2023-06-18T10:18:37Z</time>
      </trkpt>
      <trkpt lat="22.494043" lon="113.948091">
        <ele>6.1</ele>
        <time>2023-06-18T10:18:38Z</time>
      </trkpt>
      <trkpt lat="22.494101" lon="113.948099">
        <ele>6.1</ele>
        <time>2023-06-18T10:18:39Z</time>
      </trkpt>
      <trkpt lat="22.49416" lon="113.948106">
        <ele>6.1</ele>
        <time>2023-06-18T10:18:40Z</time>
      </trkpt>
      <trkpt lat="22.494223" lon="113.948112">
        <ele>6.1</ele>
        <time>2023-06-18T10:18:41Z</time>
      </trkpt>
      <trkpt lat="22.494289" lon="113.948114">
        <ele>6.1</ele>
        <time>2023-06-18T10:18:42Z</time>
      </trkpt>
      <trkpt lat="22.494345" lon="113.94812">
        <ele>6.1</ele>
        <time>2023-06-18T10:18:43Z</time>
      </trkpt>
      <trkpt lat="22.494403" lon="113.948116">
        <ele>6.1</ele>
        <time>2023-06-18T10:18:44Z</time>
      </trkpt>
      <trkpt lat="22.494462" lon="113.948111">
        <ele>6.1</ele>
        <time>2023-06-18T10:18:45Z</time>
      </trkpt>
      <trkpt lat="22.49452" lon="113.948104">
        <ele>6.1</ele>
        <time>2023-06-18T10:18:46Z</time>
      </trkpt>
      <trkpt lat="22.494577" lon="113.948096">
        <ele>6.1</ele>
        <time>2023-06-18T10:18:47Z</time>
      </trkpt>
      <trkpt lat="22.494633" lon="113.948089">
        <ele>6.1</ele>
        <time>2023-06-18T10:18:48Z</time>
      </trkpt>
      <trkpt lat="22.494688" lon="113.94808">
        <ele>6.1</ele>
        <time>2023-06-18T10:18:49Z</time>
      </trkpt>
      <trkpt lat="22.49474" lon="113.948064">
        <ele>6.1</ele>
        <time>2023-06-18T10:18:50Z</time>
      </trkpt>
      <trkpt lat="22.49479" lon="113.948049">
        <ele>6.1</ele>
        <time>2023-06-18T10:18:51Z</time>
      </trkpt>
      <trkpt lat="22.494838" lon="113.948034">
        <ele>6.1</ele>
        <time>2023-06-18T10:18:52Z</time>
      </trkpt>
      <trkpt lat="22.494875" lon="113.948018">
        <ele>6.1</ele>
        <time>2023-06-18T10:18:53Z</time>
      </trkpt>
      <trkpt lat="22.494908" lon="113.948006">
        <ele>6.1</ele>
        <time>2023-06-18T10:18:54Z</time>
      </trkpt>
      <trkpt lat="22.494925" lon="113.948005">
        <ele>6.1</ele>
        <time>2023-06-18T10:18:55Z</time>
      </trkpt>
      <trkpt lat="22.494944" lon="113.947998">
        <ele>6.1</ele>
        <time>2023-06-18T10:18:56Z</time>
      </trkpt>
      <trkpt lat="22.494962" lon="113.947997">
        <ele>6.1</ele>
        <time>2023-06-18T10:18:57Z</time>
      </trkpt>
      <trkpt lat="22.494984" lon="113.947989">
        <ele>6.1</ele>
        <time>2023-06-18T10:18:58Z</time>
      </trkpt>
      <trkpt lat="22.495019" lon="113.947981">
        <ele>6.1</ele>
        <time>2023-06-18T10:18:59Z</time>
      </trkpt>
      <trkpt lat="22.495063" lon="113.947965">
        <ele>6.1</ele>
        <time>2023-06-18T10:19:00Z</time>
      </trkpt>
      <trkpt lat="22.495109" lon="113.947951">
        <ele>6.1</ele>
        <time>2023-06-18T10:19:01Z</time>
      </trkpt>
      <trkpt lat="22.495157" lon="113.947942">
        <ele>6.1</ele>
        <time>2023-06-18T10:19:02Z</time>
      </trkpt>
      <trkpt lat="22.495207" lon="113.947927">
        <ele>6.1</ele>
        <time>2023-06-18T10:19:03Z</time>
      </trkpt>
      <trkpt lat="22.495257" lon="113.947907">
        <ele>6.1</ele>
        <time>2023-06-18T10:19:04Z</time>
      </trkpt>
      <trkpt lat="22.495307" lon="113.947887">
        <ele>6.1</ele>
        <time>2023-06-18T10:19:05Z</time>
      </trkpt>
      <trkpt lat="22.495358" lon="113.947864">
        <ele>6.1</ele>
        <time>2023-06-18T10:19:06Z</time>
      </trkpt>
      <trkpt lat="22.495406" lon="113.947842">
        <ele>6.1</ele>
        <time>2023-06-18T10:19:07Z</time>
      </trkpt>
      <trkpt lat="22.495454" lon="113.947817">
        <ele>6.1</ele>
        <time>2023-06-18T10:19:08Z</time>
      </trkpt>
      <trkpt lat="22.495502" lon="113.947788">
        <ele>6.1</ele>
        <time>2023-06-18T10:19:09Z</time>
      </trkpt>
      <trkpt lat="22.495549" lon="113.947764">
        <ele>6.1</ele>
        <time>2023-06-18T10:19:10Z</time>
      </trkpt>
      <trkpt lat="22.495601" lon="113.947734">
        <ele>6.1</ele>
        <time>2023-06-18T10:19:11Z</time>
      </trkpt>
      <trkpt lat="22.495652" lon="113.947704">
        <ele>6.1</ele>
        <time>2023-06-18T10:19:12Z</time>
      </trkpt>
      <trkpt lat="22.495705" lon="113.94768">
        <ele>6.1</ele>
        <time>2023-06-18T10:19:13Z</time>
      </trkpt>
      <trkpt lat="22.495753" lon="113.947648">
        <ele>6.1</ele>
        <time>2023-06-18T10:19:14Z</time>
      </trkpt>
      <trkpt lat="22.495801" lon="113.947612">
        <ele>6.1</ele>
        <time>2023-06-18T10:19:15Z</time>
      </trkpt>
      <trkpt lat="22.495846" lon="113.94759">
        <ele>6.1</ele>
        <time>2023-06-18T10:19:16Z</time>
      </trkpt>
      <trkpt lat="22.495893" lon="113.947567">
        <ele>6.1</ele>
        <time>2023-06-18T10:19:17Z</time>
      </trkpt>
      <trkpt lat="22.495946" lon="113.947544">
        <ele>6.1</ele>
        <time>2023-06-18T10:19:18Z</time>
      </trkpt>
      <trkpt lat="22.495994" lon="113.947525">
        <ele>6.1</ele>
        <time>2023-06-18T10:19:19Z</time>
      </trkpt>
      <trkpt lat="22.496044" lon="113.947507">
        <ele>6.1</ele>
        <time>2023-06-18T10:19:20Z</time>
      </trkpt>
      <trkpt lat="22.496099" lon="113.947491">
        <ele>6.1</ele>
        <time>2023-06-18T10:19:21Z</time>
      </trkpt>
      <trkpt lat="22.496151" lon="113.947468">
        <ele>6.1</ele>
        <time>2023-06-18T10:19:22Z</time>
      </trkpt>
      <trkpt lat="22.496204" lon="113.947441">
        <ele>6.1</ele>
        <time>2023-06-18T10:19:23Z</time>
      </trkpt>
      <trkpt lat="22.496257" lon="113.947415">
        <ele>6.1</ele>
        <time>2023-06-18T10:19:24Z</time>
      </trkpt>
      <trkpt lat="22.496313" lon="113.947393">
        <ele>6.1</ele>
        <time>2023-06-18T10:19:25Z</time>
      </trkpt>
      <trkpt lat="22.496369" lon="113.947377">
        <ele>6.1</ele>
        <time>2023-06-18T10:19:26Z</time>
      </trkpt>
      <trkpt lat="22.496425" lon="113.947358">
        <ele>6.1</ele>
        <time>2023-06-18T10:19:27Z</time>
      </trkpt>
      <trkpt lat="22.496481" lon="113.94734">
        <ele>6.1</ele>
        <time>2023-06-18T10:19:28Z</time>
      </trkpt>
      <trkpt lat="22.496535" lon="113.947324">
        <ele>6.1</ele>
        <time>2023-06-18T10:19:29Z</time>
      </trkpt>
      <trkpt lat="22.49659" lon="113.947309">
        <ele>6.1</ele>
        <time>2023-06-18T10:19:30Z</time>
      </trkpt>
      <trkpt lat="22.496644" lon="113.947293">
        <ele>6.1</ele>
        <time>2023-06-18T10:19:31Z</time>
      </trkpt>
      <trkpt lat="22.49669" lon="113.947278">
        <ele>6.1</ele>
        <time>2023-06-18T10:19:32Z</time>
      </trkpt>
      <trkpt lat="22.496729" lon="113.947264">
        <ele>6.1</ele>
        <time>2023-06-18T10:19:33Z</time>
      </trkpt>
      <trkpt lat="22.496763" lon="113.947257">
        <ele>6.1</ele>
        <time>2023-06-18T10:19:34Z</time>
      </trkpt>
      <trkpt lat="22.496798" lon="113.947248">
        <ele>6.1</ele>
        <time>2023-06-18T10:19:35Z</time>
      </trkpt>
      <trkpt lat="22.496838" lon="113.947235">
        <ele>6.1</ele>
        <time>2023-06-18T10:19:36Z</time>
      </trkpt>
      <trkpt lat="22.496877" lon="113.947233">
        <ele>6.1</ele>
        <time>2023-06-18T10:19:37Z</time>
      </trkpt>
      <trkpt lat="22.496919" lon="113.947219">
        <ele>6.1</ele>
        <time>2023-06-18T10:19:38Z</time>
      </trkpt>
      <trkpt lat="22.49696" lon="113.94721">
        <ele>6.1</ele>
        <time>2023-06-18T10:19:39Z</time>
      </trkpt>
      <trkpt lat="22.497004" lon="113.947196">
        <ele>6.1</ele>
        <time>2023-06-18T10:19:40Z</time>
      </trkpt>
      <trkpt lat="22.497046" lon="113.947189">
        <ele>6.1</ele>
        <time>2023-06-18T10:19:41Z</time>
      </trkpt>
      <trkpt lat="22.49709" lon="113.947189">
        <ele>6.1</ele>
        <time>2023-06-18T10:19:42Z</time>
      </trkpt>
      <trkpt lat="22.497135" lon="113.947189">
        <ele>6.1</ele>
        <time>2023-06-18T10:19:43Z</time>
      </trkpt>
      <trkpt lat="22.497182" lon="113.947189">
        <ele>6.1</ele>
        <time>2023-06-18T10:19:44Z</time>
      </trkpt>
      <trkpt lat="22.497228" lon="113.947188">
        <ele>6.1</ele>
        <time>2023-06-18T10:19:45Z</time>
      </trkpt>
      <trkpt lat="22.497276" lon="113.947181">
        <ele>6.1</ele>
        <time>2023-06-18T10:19:46Z</time>
      </trkpt>
      <trkpt lat="22.497322" lon="113.947174">
        <ele>6</ele>
        <time>2023-06-18T10:19:47Z</time>
      </trkpt>
      <trkpt lat="22.497372" lon="113.947174">
        <ele>6</ele>
        <time>2023-06-18T10:19:48Z</time>
      </trkpt>
      <trkpt lat="22.497417" lon="113.947174">
        <ele>6</ele>
        <time>2023-06-18T10:19:49Z</time>
      </trkpt>
      <trkpt lat="22.497463" lon="113.947174">
        <ele>6</ele>
        <time>2023-06-18T10:19:50Z</time>
      </trkpt>
      <trkpt lat="22.497509" lon="113.947175">
        <ele>6</ele>
        <time>2023-06-18T10:19:51Z</time>
      </trkpt>
      <trkpt lat="22.497557" lon="113.947182">
        <ele>6</ele>
        <time>2023-06-18T10:19:52Z</time>
      </trkpt>
      <trkpt lat="22.497604" lon="113.947182">
        <ele>6</ele>
        <time>2023-06-18T10:19:53Z</time>
      </trkpt>
      <trkpt lat="22.497656" lon="113.947182">
        <ele>6</ele>
        <time>2023-06-18T10:19:54Z</time>
      </trkpt>
      <trkpt lat="22.497714" lon="113.947185">
        <ele>6</ele>
        <time>2023-06-18T10:19:55Z</time>
      </trkpt>
      <trkpt lat="22.49778" lon="113.947198">
        <ele>6</ele>
        <time>2023-06-18T10:19:56Z</time>
      </trkpt>
      <trkpt lat="22.497846" lon="113.947206">
        <ele>6</ele>
        <time>2023-06-18T10:19:57Z</time>
      </trkpt>
      <trkpt lat="22.497916" lon="113.947214">
        <ele>6</ele>
        <time>2023-06-18T10:19:58Z</time>
      </trkpt>
      <trkpt lat="22.497982" lon="113.947221">
        <ele>6</ele>
        <time>2023-06-18T10:19:59Z</time>
      </trkpt>
      <trkpt lat="22.498047" lon="113.947229">
        <ele>6</ele>
        <time>2023-06-18T10:20:00Z</time>
      </trkpt>
      <trkpt lat="22.498111" lon="113.947238">
        <ele>6</ele>
        <time>2023-06-18T10:20:01Z</time>
      </trkpt>
      <trkpt lat="22.498172" lon="113.947252">
        <ele>6</ele>
        <time>2023-06-18T10:20:02Z</time>
      </trkpt>
      <trkpt lat="22.498235" lon="113.94726">
        <ele>6.1</ele>
        <time>2023-06-18T10:20:03Z</time>
      </trkpt>
      <trkpt lat="22.498294" lon="113.947275">
        <ele>6.1</ele>
        <time>2023-06-18T10:20:04Z</time>
      </trkpt>
      <trkpt lat="22.49835" lon="113.947284">
        <ele>6.1</ele>
        <time>2023-06-18T10:20:05Z</time>
      </trkpt>
      <trkpt lat="22.498401" lon="113.947299">
        <ele>6.1</ele>
        <time>2023-06-18T10:20:06Z</time>
      </trkpt>
      <trkpt lat="22.498458" lon="113.947314">
        <ele>6.1</ele>
        <time>2023-06-18T10:20:07Z</time>
      </trkpt>
      <trkpt lat="22.498513" lon="113.94733">
        <ele>6.1</ele>
        <time>2023-06-18T10:20:08Z</time>
      </trkpt>
      <trkpt lat="22.498565" lon="113.947345">
        <ele>6.1</ele>
        <time>2023-06-18T10:20:09Z</time>
      </trkpt>
      <trkpt lat="22.498618" lon="113.94736">
        <ele>6.1</ele>
        <time>2023-06-18T10:20:10Z</time>
      </trkpt>
      <trkpt lat="22.498672" lon="113.947377">
        <ele>6.1</ele>
        <time>2023-06-18T10:20:11Z</time>
      </trkpt>
      <trkpt lat="22.498722" lon="113.947399">
        <ele>6.1</ele>
        <time>2023-06-18T10:20:12Z</time>
      </trkpt>
      <trkpt lat="22.498774" lon="113.947423">
        <ele>6.1</ele>
        <time>2023-06-18T10:20:13Z</time>
      </trkpt>
      <trkpt lat="22.498824" lon="113.947453">
        <ele>6.1</ele>
        <time>2023-06-18T10:20:14Z</time>
      </trkpt>
      <trkpt lat="22.49888" lon="113.947476">
        <ele>6.1</ele>
        <time>2023-06-18T10:20:15Z</time>
      </trkpt>
      <trkpt lat="22.498935" lon="113.947507">
        <ele>6.1</ele>
        <time>2023-06-18T10:20:16Z</time>
      </trkpt>
      <trkpt lat="22.498989" lon="113.947536">
        <ele>6.1</ele>
        <time>2023-06-18T10:20:17Z</time>
      </trkpt>
      <trkpt lat="22.499045" lon="113.947561">
        <ele>6.1</ele>
        <time>2023-06-18T10:20:18Z</time>
      </trkpt>
      <trkpt lat="22.499101" lon="113.947591">
        <ele>6.1</ele>
        <time>2023-06-18T10:20:19Z</time>
      </trkpt>
      <trkpt lat="22.499155" lon="113.947622">
        <ele>6.1</ele>
        <time>2023-06-18T10:20:20Z</time>
      </trkpt>
      <trkpt lat="22.499214" lon="113.947653">
        <ele>6.1</ele>
        <time>2023-06-18T10:20:21Z</time>
      </trkpt>
      <trkpt lat="22.499269" lon="113.94769">
        <ele>6.1</ele>
        <time>2023-06-18T10:20:22Z</time>
      </trkpt>
      <trkpt lat="22.49932" lon="113.947721">
        <ele>6.1</ele>
        <time>2023-06-18T10:20:23Z</time>
      </trkpt>
      <trkpt lat="22.49937" lon="113.947752">
        <ele>6.1</ele>
        <time>2023-06-18T10:20:24Z</time>
      </trkpt>
      <trkpt lat="22.499427" lon="113.947791">
        <ele>6.1</ele>
        <time>2023-06-18T10:20:25Z</time>
      </trkpt>
      <trkpt lat="22.49948" lon="113.947828">
        <ele>6.1</ele>
        <time>2023-06-18T10:20:26Z</time>
      </trkpt>
      <trkpt lat="22.499527" lon="113.947858">
        <ele>6.1</ele>
        <time>2023-06-18T10:20:27Z</time>
      </trkpt>
      <trkpt lat="22.499572" lon="113.947888">
        <ele>6.1</ele>
        <time>2023-06-18T10:20:28Z</time>
      </trkpt>
      <trkpt lat="22.499609" lon="113.947912">
        <ele>6.1</ele>
        <time>2023-06-18T10:20:29Z</time>
      </trkpt>
      <trkpt lat="22.499646" lon="113.947942">
        <ele>6.1</ele>
        <time>2023-06-18T10:20:30Z</time>
      </trkpt>
      <trkpt lat="22.499681" lon="113.947972">
        <ele>6.1</ele>
        <time>2023-06-18T10:20:31Z</time>
      </trkpt>
      <trkpt lat="22.499711" lon="113.947995">
        <ele>6.1</ele>
        <time>2023-06-18T10:20:32Z</time>
      </trkpt>
      <trkpt lat="22.499742" lon="113.948026">
        <ele>6.1</ele>
        <time>2023-06-18T10:20:33Z</time>
      </trkpt>
      <trkpt lat="22.499773" lon="113.948056">
        <ele>6.1</ele>
        <time>2023-06-18T10:20:34Z</time>
      </trkpt>
      <trkpt lat="22.49981" lon="113.948087">
        <ele>6.1</ele>
        <time>2023-06-18T10:20:35Z</time>
      </trkpt>
      <trkpt lat="22.499851" lon="113.948123">
        <ele>6.1</ele>
        <time>2023-06-18T10:20:36Z</time>
      </trkpt>
      <trkpt lat="22.499893" lon="113.948167">
        <ele>6.1</ele>
        <time>2023-06-18T10:20:37Z</time>
      </trkpt>
      <trkpt lat="22.499939" lon="113.948209">
        <ele>6.1</ele>
        <time>2023-06-18T10:20:38Z</time>
      </trkpt>
      <trkpt lat="22.499985" lon="113.948242">
        <ele>6.1</ele>
        <time>2023-06-18T10:20:39Z</time>
      </trkpt>
      <trkpt lat="22.500031" lon="113.948287">
        <ele>6.1</ele>
        <time>2023-06-18T10:20:40Z</time>
      </trkpt>
      <trkpt lat="22.500078" lon="113.948326">
        <ele>6.1</ele>
        <time>2023-06-18T10:20:41Z</time>
      </trkpt>
      <trkpt lat="22.500122" lon="113.94837">
        <ele>6</ele>
        <time>2023-06-18T10:20:42Z</time>
      </trkpt>
      <trkpt lat="22.500174" lon="113.948409">
        <ele>6</ele>
        <time>2023-06-18T10:20:43Z</time>
      </trkpt>
      <trkpt lat="22.500227" lon="113.948445">
        <ele>6</ele>
        <time>2023-06-18T10:20:44Z</time>
      </trkpt>
      <trkpt lat="22.500284" lon="113.948476">
        <ele>6</ele>
        <time>2023-06-18T10:20:45Z</time>
      </trkpt>
      <trkpt lat="22.500341" lon="113.948508">
        <ele>6</ele>
        <time>2023-06-18T10:20:46Z</time>
      </trkpt>
      <trkpt lat="22.500397" lon="113.948545">
        <ele>6</ele>
        <time>2023-06-18T10:20:47Z</time>
      </trkpt>
      <trkpt lat="22.500448" lon="113.948577">
        <ele>6</ele>
        <time>2023-06-18T10:20:48Z</time>
      </trkpt>
      <trkpt lat="22.5005" lon="113.948614">
        <ele>6</ele>
        <time>2023-06-18T10:20:49Z</time>
      </trkpt>
      <trkpt lat="22.500554" lon="113.948644">
        <ele>6</ele>
        <time>2023-06-18T10:20:50Z</time>
      </trkpt>
      <trkpt lat="22.500608" lon="113.948674">
        <ele>6</ele>
        <time>2023-06-18T10:20:51Z</time>
      </trkpt>
      <trkpt lat="22.500661" lon="113.948705">
        <ele>6</ele>
        <time>2023-06-18T10:20:52Z</time>
      </trkpt>
      <trkpt lat="22.500714" lon="113.948735">
        <ele>6</ele>
        <time>2023-06-18T10:20:53Z</time>
      </trkpt>
      <trkpt lat="22.500767" lon="113.948764">
        <ele>6</ele>
        <time>2023-06-18T10:20:54Z</time>
      </trkpt>
      <trkpt lat="22.500819" lon="113.948787">
        <ele>6</ele>
        <time>2023-06-18T10:20:55Z</time>
      </trkpt>
      <trkpt lat="22.500872" lon="113.948809">
        <ele>5.9</ele>
        <time>2023-06-18T10:20:56Z</time>
      </trkpt>
      <trkpt lat="22.500919" lon="113.948826">
        <ele>5.9</ele>
        <time>2023-06-18T10:20:57Z</time>
      </trkpt>
      <trkpt lat="22.500965" lon="113.948848">
        <ele>5.9</ele>
        <time>2023-06-18T10:20:58Z</time>
      </trkpt>
      <trkpt lat="22.501008" lon="113.948862">
        <ele>6</ele>
        <time>2023-06-18T10:20:59Z</time>
      </trkpt>
      <trkpt lat="22.501042" lon="113.94887">
        <ele>6</ele>
        <time>2023-06-18T10:21:00Z</time>
      </trkpt>
      <trkpt lat="22.50108" lon="113.948886">
        <ele>6</ele>
        <time>2023-06-18T10:21:01Z</time>
      </trkpt>
      <trkpt lat="22.501119" lon="113.9489">
        <ele>6</ele>
        <time>2023-06-18T10:21:02Z</time>
      </trkpt>
      <trkpt lat="22.501158" lon="113.948908">
        <ele>6.1</ele>
        <time>2023-06-18T10:21:03Z</time>
      </trkpt>
      <trkpt lat="22.501196" lon="113.948925">
        <ele>6.1</ele>
        <time>2023-06-18T10:21:04Z</time>
      </trkpt>
      <trkpt lat="22.501234" lon="113.948945">
        <ele>6.1</ele>
        <time>2023-06-18T10:21:05Z</time>
      </trkpt>
      <trkpt lat="22.501273" lon="113.948953">
        <ele>6.1</ele>
        <time>2023-06-18T10:21:06Z</time>
      </trkpt>
      <trkpt lat="22.501312" lon="113.948961">
        <ele>6.1</ele>
        <time>2023-06-18T10:21:07Z</time>
      </trkpt>
      <trkpt lat="22.501344" lon="113.948967">
        <ele>6.2</ele>
        <time>2023-06-18T10:21:08Z</time>
      </trkpt>
      <trkpt lat="22.501373" lon="113.948968">
        <ele>6.2</ele>
        <time>2023-06-18T10:21:09Z</time>
      </trkpt>
      <trkpt lat="22.501393" lon="113.948976">
        <ele>6.2</ele>
        <time>2023-06-18T10:21:10Z</time>
      </trkpt>
      <trkpt lat="22.50141" lon="113.948984">
        <ele>6.2</ele>
        <time>2023-06-18T10:21:11Z</time>
      </trkpt>
      <trkpt lat="22.501422" lon="113.948991">
        <ele>6.2</ele>
        <time>2023-06-18T10:21:12Z</time>
      </trkpt>
      <trkpt lat="22.501443" lon="113.948998">
        <ele>6.2</ele>
        <time>2023-06-18T10:21:13Z</time>
      </trkpt>
      <trkpt lat="22.50147" lon="113.948998">
        <ele>6.2</ele>
        <time>2023-06-18T10:21:14Z</time>
      </trkpt>
      <trkpt lat="22.501501" lon="113.949">
        <ele>6.3</ele>
        <time>2023-06-18T10:21:15Z</time>
      </trkpt>
      <trkpt lat="22.501532" lon="113.949014">
        <ele>6.3</ele>
        <time>2023-06-18T10:21:16Z</time>
      </trkpt>
      <trkpt lat="22.501571" lon="113.949023">
        <ele>6.3</ele>
        <time>2023-06-18T10:21:17Z</time>
      </trkpt>
      <trkpt lat="22.501613" lon="113.949037">
        <ele>6.3</ele>
        <time>2023-06-18T10:21:18Z</time>
      </trkpt>
      <trkpt lat="22.501658" lon="113.949045">
        <ele>6.3</ele>
        <time>2023-06-18T10:21:19Z</time>
      </trkpt>
      <trkpt lat="22.501707" lon="113.949051">
        <ele>6.4</ele>
        <time>2023-06-18T10:21:20Z</time>
      </trkpt>
      <trkpt lat="22.501752" lon="113.949052">
        <ele>6.4</ele>
        <time>2023-06-18T10:21:21Z</time>
      </trkpt>
      <trkpt lat="22.501795" lon="113.94906">
        <ele>6.4</ele>
        <time>2023-06-18T10:21:22Z</time>
      </trkpt>
      <trkpt lat="22.501837" lon="113.949069">
        <ele>6.5</ele>
        <time>2023-06-18T10:21:23Z</time>
      </trkpt>
      <trkpt lat="22.501875" lon="113.949083">
        <ele>6.5</ele>
        <time>2023-06-18T10:21:24Z</time>
      </trkpt>
      <trkpt lat="22.501911" lon="113.949089">
        <ele>6.5</ele>
        <time>2023-06-18T10:21:25Z</time>
      </trkpt>
      <trkpt lat="22.501945" lon="113.949089">
        <ele>6.5</ele>
        <time>2023-06-18T10:21:26Z</time>
      </trkpt>
      <trkpt lat="22.501972" lon="113.949088">
        <ele>6.5</ele>
        <time>2023-06-18T10:21:27Z</time>
      </trkpt>
      <trkpt lat="22.501989" lon="113.949081">
        <ele>6.5</ele>
        <time>2023-06-18T10:21:28Z</time>
      </trkpt>
      <trkpt lat="22.501994" lon="113.949081">
        <ele>6.5</ele>
        <time>2023-06-18T10:21:29Z</time>
      </trkpt>
      <trkpt lat="22.501989" lon="113.949081">
        <ele>6.5</ele>
        <time>2023-06-18T10:21:30Z</time>
      </trkpt>
      <trkpt lat="22.501989" lon="113.949081">
        <ele>6.5</ele>
        <time>2023-06-18T10:21:34Z</time>
      </trkpt>
      <trkpt lat="22.501988" lon="113.949077">
        <ele>6.5</ele>
        <time>2023-06-18T10:21:35Z</time>
      </trkpt>
      <trkpt lat="22.501987" lon="113.949073">
        <ele>6.5</ele>
        <time>2023-06-18T10:21:36Z</time>
      </trkpt>
      <trkpt lat="22.501981" lon="113.949065">
        <ele>6.6</ele>
        <time>2023-06-18T10:21:37Z</time>
      </trkpt>
      <trkpt lat="22.501978" lon="113.949059">
        <ele>6.6</ele>
        <time>2023-06-18T10:21:38Z</time>
      </trkpt>
      <trkpt lat="22.501978" lon="113.949059">
        <ele>6.6</ele>
        <time>2023-06-18T10:21:41Z</time>
      </trkpt>
      <trkpt lat="22.501979" lon="113.949057">
        <ele>6.6</ele>
        <time>2023-06-18T10:21:42Z</time>
      </trkpt>
      <trkpt lat="22.501986" lon="113.949043">
        <ele>6.6</ele>
        <time>2023-06-18T10:21:43Z</time>
      </trkpt>
      <trkpt lat="22.501987" lon="113.949042">
        <ele>6.6</ele>
        <time>2023-06-18T10:21:44Z</time>
      </trkpt>
      <trkpt lat="22.501985" lon="113.949035">
        <ele>6.6</ele>
        <time>2023-06-18T10:21:45Z</time>
      </trkpt>
      <trkpt lat="22.501994" lon="113.949028">
        <ele>6.6</ele>
        <time>2023-06-18T10:21:46Z</time>
      </trkpt>
      <trkpt lat="22.502001" lon="113.949028">
        <ele>6.6</ele>
        <time>2023-06-18T10:21:47Z</time>
      </trkpt>
      <trkpt lat="22.502006" lon="113.949028">
        <ele>6.6</ele>
        <time>2023-06-18T10:21:48Z</time>
      </trkpt>
      <trkpt lat="22.502013" lon="113.949029">
        <ele>6.6</ele>
        <time>2023-06-18T10:21:49Z</time>
      </trkpt>
      <trkpt lat="22.502016" lon="113.949034">
        <ele>6.6</ele>
        <time>2023-06-18T10:21:50Z</time>
      </trkpt>
      <trkpt lat="22.502014" lon="113.949028">
        <ele>6.6</ele>
        <time>2023-06-18T10:21:51Z</time>
      </trkpt>
      <trkpt lat="22.502014" lon="113.949029">
        <ele>6.6</ele>
        <time>2023-06-18T10:22:00Z</time>
      </trkpt>
      <trkpt lat="22.502016" lon="113.949036">
        <ele>6.6</ele>
        <time>2023-06-18T10:22:01Z</time>
      </trkpt>
      <trkpt lat="22.502028" lon="113.949036">
        <ele>6.6</ele>
        <time>2023-06-18T10:22:02Z</time>
      </trkpt>
      <trkpt lat="22.502046" lon="113.949037">
        <ele>6.6</ele>
        <time>2023-06-18T10:22:03Z</time>
      </trkpt>
      <trkpt lat="22.502065" lon="113.949044">
        <ele>6.6</ele>
        <time>2023-06-18T10:22:04Z</time>
      </trkpt>
      <trkpt lat="22.502086" lon="113.949053">
        <ele>6.6</ele>
        <time>2023-06-18T10:22:05Z</time>
      </trkpt>
      <trkpt lat="22.502106" lon="113.949069">
        <ele>6.7</ele>
        <time>2023-06-18T10:22:06Z</time>
      </trkpt>
      <trkpt lat="22.502126" lon="113.949084">
        <ele>6.7</ele>
        <time>2023-06-18T10:22:07Z</time>
      </trkpt>
      <trkpt lat="22.502148" lon="113.949098">
        <ele>6.7</ele>
        <time>2023-06-18T10:22:08Z</time>
      </trkpt>
      <trkpt lat="22.502176" lon="113.949105">
        <ele>6.7</ele>
        <time>2023-06-18T10:22:09Z</time>
      </trkpt>
      <trkpt lat="22.502211" lon="113.949115">
        <ele>6.7</ele>
        <time>2023-06-18T10:22:10Z</time>
      </trkpt>
      <trkpt lat="22.50225" lon="113.949127">
        <ele>6.7</ele>
        <time>2023-06-18T10:22:11Z</time>
      </trkpt>
      <trkpt lat="22.502289" lon="113.949127">
        <ele>6.8</ele>
        <time>2023-06-18T10:22:12Z</time>
      </trkpt>
      <trkpt lat="22.502328" lon="113.949128">
        <ele>6.8</ele>
        <time>2023-06-18T10:22:13Z</time>
      </trkpt>
      <trkpt lat="22.502368" lon="113.949133">
        <ele>6.8</ele>
        <time>2023-06-18T10:22:14Z</time>
      </trkpt>
      <trkpt lat="22.502409" lon="113.949126">
        <ele>6.8</ele>
        <time>2023-06-18T10:22:15Z</time>
      </trkpt>
      <trkpt lat="22.502449" lon="113.949118">
        <ele>6.9</ele>
        <time>2023-06-18T10:22:16Z</time>
      </trkpt>
      <trkpt lat="22.502487" lon="113.94911">
        <ele>6.9</ele>
        <time>2023-06-18T10:22:17Z</time>
      </trkpt>
      <trkpt lat="22.502522" lon="113.949102">
        <ele>6.9</ele>
        <time>2023-06-18T10:22:18Z</time>
      </trkpt>
      <trkpt lat="22.502558" lon="113.949087">
        <ele>6.9</ele>
        <time>2023-06-18T10:22:19Z</time>
      </trkpt>
      <trkpt lat="22.502596" lon="113.949071">
        <ele>6.9</ele>
        <time>2023-06-18T10:22:20Z</time>
      </trkpt>
      <trkpt lat="22.50263" lon="113.949056">
        <ele>6.9</ele>
        <time>2023-06-18T10:22:21Z</time>
      </trkpt>
      <trkpt lat="22.502667" lon="113.949041">
        <ele>7</ele>
        <time>2023-06-18T10:22:22Z</time>
      </trkpt>
      <trkpt lat="22.502708" lon="113.949027">
        <ele>7</ele>
        <time>2023-06-18T10:22:23Z</time>
      </trkpt>
      <trkpt lat="22.502751" lon="113.949019">
        <ele>7</ele>
        <time>2023-06-18T10:22:24Z</time>
      </trkpt>
      <trkpt lat="22.502796" lon="113.949013">
        <ele>7</ele>
        <time>2023-06-18T10:22:25Z</time>
      </trkpt>
      <trkpt lat="22.502839" lon="113.949011">
        <ele>7</ele>
        <time>2023-06-18T10:22:26Z</time>
      </trkpt>
      <trkpt lat="22.50288" lon="113.949004">
        <ele>7</ele>
        <time>2023-06-18T10:22:27Z</time>
      </trkpt>
      <trkpt lat="22.502921" lon="113.948996">
        <ele>7</ele>
        <time>2023-06-18T10:22:28Z</time>
      </trkpt>
      <trkpt lat="22.502965" lon="113.948989">
        <ele>7</ele>
        <time>2023-06-18T10:22:29Z</time>
      </trkpt>
      <trkpt lat="22.503008" lon="113.948981">
        <ele>7</ele>
        <time>2023-06-18T10:22:30Z</time>
      </trkpt>
      <trkpt lat="22.503051" lon="113.948972">
        <ele>7</ele>
        <time>2023-06-18T10:22:31Z</time>
      </trkpt>
      <trkpt lat="22.503096" lon="113.948957">
        <ele>7</ele>
        <time>2023-06-18T10:22:32Z</time>
      </trkpt>
      <trkpt lat="22.503137" lon="113.948942">
        <ele>7</ele>
        <time>2023-06-18T10:22:33Z</time>
      </trkpt>
      <trkpt lat="22.50318" lon="113.948926">
        <ele>7</ele>
        <time>2023-06-18T10:22:34Z</time>
      </trkpt>
      <trkpt lat="22.503221" lon="113.948911">
        <ele>7</ele>
        <time>2023-06-18T10:22:35Z</time>
      </trkpt>
      <trkpt lat="22.503267" lon="113.948897">
        <ele>7.1</ele>
        <time>2023-06-18T10:22:36Z</time>
      </trkpt>
      <trkpt lat="22.503314" lon="113.948888">
        <ele>7.1</ele>
        <time>2023-06-18T10:22:37Z</time>
      </trkpt>
      <trkpt lat="22.503363" lon="113.948872">
        <ele>7.1</ele>
        <time>2023-06-18T10:22:38Z</time>
      </trkpt>
      <trkpt lat="22.50341" lon="113.94885">
        <ele>7.1</ele>
        <time>2023-06-18T10:22:39Z</time>
      </trkpt>
      <trkpt lat="22.503458" lon="113.948835">
        <ele>7.1</ele>
        <time>2023-06-18T10:22:40Z</time>
      </trkpt>
      <trkpt lat="22.503499" lon="113.948819">
        <ele>7.1</ele>
        <time>2023-06-18T10:22:41Z</time>
      </trkpt>
      <trkpt lat="22.50354" lon="113.948804">
        <ele>7.1</ele>
        <time>2023-06-18T10:22:42Z</time>
      </trkpt>
      <trkpt lat="22.503589" lon="113.948786">
        <ele>7.1</ele>
        <time>2023-06-18T10:22:43Z</time>
      </trkpt>
      <trkpt lat="22.503637" lon="113.948766">
        <ele>7.1</ele>
        <time>2023-06-18T10:22:44Z</time>
      </trkpt>
      <trkpt lat="22.503685" lon="113.94875">
        <ele>7.1</ele>
        <time>2023-06-18T10:22:45Z</time>
      </trkpt>
      <trkpt lat="22.503732" lon="113.948728">
        <ele>7.1</ele>
        <time>2023-06-18T10:22:46Z</time>
      </trkpt>
      <trkpt lat="22.503776" lon="113.94871">
        <ele>7.1</ele>
        <time>2023-06-18T10:22:47Z</time>
      </trkpt>
      <trkpt lat="22.503821" lon="113.948681">
        <ele>7.1</ele>
        <time>2023-06-18T10:22:48Z</time>
      </trkpt>
      <trkpt lat="22.503868" lon="113.948657">
        <ele>7.2</ele>
        <time>2023-06-18T10:22:49Z</time>
      </trkpt>
      <trkpt lat="22.50391" lon="113.948628">
        <ele>7.2</ele>
        <time>2023-06-18T10:22:50Z</time>
      </trkpt>
      <trkpt lat="22.503955" lon="113.948609">
        <ele>7.2</ele>
        <time>2023-06-18T10:22:51Z</time>
      </trkpt>
      <trkpt lat="22.504" lon="113.948589">
        <ele>7.2</ele>
        <time>2023-06-18T10:22:52Z</time>
      </trkpt>
      <trkpt lat="22.504043" lon="113.948559">
        <ele>7.2</ele>
        <time>2023-06-18T10:22:53Z</time>
      </trkpt>
      <trkpt lat="22.504089" lon="113.948536">
        <ele>7.2</ele>
        <time>2023-06-18T10:22:54Z</time>
      </trkpt>
      <trkpt lat="22.504138" lon="113.948514">
        <ele>7.2</ele>
        <time>2023-06-18T10:22:55Z</time>
      </trkpt>
      <trkpt lat="22.504183" lon="113.94849">
        <ele>7.2</ele>
        <time>2023-06-18T10:22:56Z</time>
      </trkpt>
      <trkpt lat="22.504229" lon="113.948461">
        <ele>7.2</ele>
        <time>2023-06-18T10:22:57Z</time>
      </trkpt>
      <trkpt lat="22.504272" lon="113.948443">
        <ele>7.2</ele>
        <time>2023-06-18T10:22:58Z</time>
      </trkpt>
      <trkpt lat="22.504315" lon="113.948414">
        <ele>7.2</ele>
        <time>2023-06-18T10:22:59Z</time>
      </trkpt>
      <trkpt lat="22.504357" lon="113.94839">
        <ele>7.2</ele>
        <time>2023-06-18T10:23:00Z</time>
      </trkpt>
      <trkpt lat="22.5044" lon="113.948361">
        <ele>7.2</ele>
        <time>2023-06-18T10:23:01Z</time>
      </trkpt>
      <trkpt lat="22.504448" lon="113.948338">
        <ele>7.2</ele>
        <time>2023-06-18T10:23:02Z</time>
      </trkpt>
      <trkpt lat="22.504494" lon="113.948315">
        <ele>7.2</ele>
        <time>2023-06-18T10:23:03Z</time>
      </trkpt>
      <trkpt lat="22.50454" lon="113.948292">
        <ele>7.2</ele>
        <time>2023-06-18T10:23:04Z</time>
      </trkpt>
      <trkpt lat="22.504587" lon="113.948269">
        <ele>7.2</ele>
        <time>2023-06-18T10:23:05Z</time>
      </trkpt>
      <trkpt lat="22.504639" lon="113.948246">
        <ele>7.2</ele>
        <time>2023-06-18T10:23:06Z</time>
      </trkpt>
      <trkpt lat="22.504692" lon="113.948224">
        <ele>7.2</ele>
        <time>2023-06-18T10:23:07Z</time>
      </trkpt>
      <trkpt lat="22.504748" lon="113.948209">
        <ele>7.2</ele>
        <time>2023-06-18T10:23:08Z</time>
      </trkpt>
      <trkpt lat="22.504804" lon="113.948194">
        <ele>7.2</ele>
        <time>2023-06-18T10:23:09Z</time>
      </trkpt>
      <trkpt lat="22.504858" lon="113.94818">
        <ele>7.2</ele>
        <time>2023-06-18T10:23:10Z</time>
      </trkpt>
      <trkpt lat="22.50491" lon="113.948171">
        <ele>7.2</ele>
        <time>2023-06-18T10:23:11Z</time>
      </trkpt>
      <trkpt lat="22.50496" lon="113.948156">
        <ele>7.2</ele>
        <time>2023-06-18T10:23:12Z</time>
      </trkpt>
      <trkpt lat="22.505012" lon="113.948141">
        <ele>7.1</ele>
        <time>2023-06-18T10:23:13Z</time>
      </trkpt>
      <trkpt lat="22.505066" lon="113.948125">
        <ele>7.1</ele>
        <time>2023-06-18T10:23:14Z</time>
      </trkpt>
      <trkpt lat="22.505117" lon="113.948109">
        <ele>7.1</ele>
        <time>2023-06-18T10:23:15Z</time>
      </trkpt>
      <trkpt lat="22.505168" lon="113.948088">
        <ele>7.1</ele>
        <time>2023-06-18T10:23:16Z</time>
      </trkpt>
      <trkpt lat="22.50522" lon="113.948081">
        <ele>7.1</ele>
        <time>2023-06-18T10:23:17Z</time>
      </trkpt>
      <trkpt lat="22.50527" lon="113.948073">
        <ele>7.1</ele>
        <time>2023-06-18T10:23:18Z</time>
      </trkpt>
      <trkpt lat="22.505323" lon="113.948067">
        <ele>7.1</ele>
        <time>2023-06-18T10:23:19Z</time>
      </trkpt>
      <trkpt lat="22.505378" lon="113.948067">
        <ele>7.1</ele>
        <time>2023-06-18T10:23:20Z</time>
      </trkpt>
      <trkpt lat="22.505432" lon="113.948065">
        <ele>7.1</ele>
        <time>2023-06-18T10:23:21Z</time>
      </trkpt>
      <trkpt lat="22.505489" lon="113.948058">
        <ele>7.1</ele>
        <time>2023-06-18T10:23:22Z</time>
      </trkpt>
      <trkpt lat="22.505545" lon="113.948053">
        <ele>7.1</ele>
        <time>2023-06-18T10:23:23Z</time>
      </trkpt>
      <trkpt lat="22.505601" lon="113.94806">
        <ele>7.1</ele>
        <time>2023-06-18T10:23:24Z</time>
      </trkpt>
      <trkpt lat="22.505667" lon="113.948067">
        <ele>7.1</ele>
        <time>2023-06-18T10:23:25Z</time>
      </trkpt>
      <trkpt lat="22.50573" lon="113.948068">
        <ele>7.1</ele>
        <time>2023-06-18T10:23:26Z</time>
      </trkpt>
      <trkpt lat="22.50579" lon="113.948076">
        <ele>7.1</ele>
        <time>2023-06-18T10:23:27Z</time>
      </trkpt>
      <trkpt lat="22.505848" lon="113.948082">
        <ele>7.1</ele>
        <time>2023-06-18T10:23:28Z</time>
      </trkpt>
      <trkpt lat="22.505911" lon="113.948083">
        <ele>7</ele>
        <time>2023-06-18T10:23:29Z</time>
      </trkpt>
      <trkpt lat="22.505975" lon="113.948091">
        <ele>7</ele>
        <time>2023-06-18T10:23:30Z</time>
      </trkpt>
      <trkpt lat="22.506037" lon="113.948098">
        <ele>7</ele>
        <time>2023-06-18T10:23:31Z</time>
      </trkpt>
      <trkpt lat="22.506102" lon="113.948106">
        <ele>7</ele>
        <time>2023-06-18T10:23:32Z</time>
      </trkpt>
      <trkpt lat="22.506165" lon="113.948115">
        <ele>7</ele>
        <time>2023-06-18T10:23:33Z</time>
      </trkpt>
      <trkpt lat="22.506233" lon="113.948129">
        <ele>7</ele>
        <time>2023-06-18T10:23:34Z</time>
      </trkpt>
      <trkpt lat="22.506299" lon="113.948139">
        <ele>7</ele>
        <time>2023-06-18T10:23:35Z</time>
      </trkpt>
      <trkpt lat="22.506364" lon="113.948154">
        <ele>7</ele>
        <time>2023-06-18T10:23:36Z</time>
      </trkpt>
      <trkpt lat="22.506426" lon="113.948168">
        <ele>7</ele>
        <time>2023-06-18T10:23:37Z</time>
      </trkpt>
      <trkpt lat="22.506486" lon="113.948182">
        <ele>7</ele>
        <time>2023-06-18T10:23:38Z</time>
      </trkpt>
      <trkpt lat="22.506543" lon="113.948193">
        <ele>7</ele>
        <time>2023-06-18T10:23:39Z</time>
      </trkpt>
      <trkpt lat="22.506605" lon="113.948216">
        <ele>7</ele>
        <time>2023-06-18T10:23:40Z</time>
      </trkpt>
      <trkpt lat="22.506662" lon="113.948238">
        <ele>7</ele>
        <time>2023-06-18T10:23:41Z</time>
      </trkpt>
      <trkpt lat="22.506723" lon="113.94826">
        <ele>7</ele>
        <time>2023-06-18T10:23:42Z</time>
      </trkpt>
      <trkpt lat="22.506783" lon="113.948275">
        <ele>7</ele>
        <time>2023-06-18T10:23:43Z</time>
      </trkpt>
      <trkpt lat="22.506835" lon="113.948293">
        <ele>7</ele>
        <time>2023-06-18T10:23:44Z</time>
      </trkpt>
      <trkpt lat="22.506889" lon="113.948323">
        <ele>7</ele>
        <time>2023-06-18T10:23:45Z</time>
      </trkpt>
      <trkpt lat="22.506945" lon="113.948355">
        <ele>7</ele>
        <time>2023-06-18T10:23:46Z</time>
      </trkpt>
      <trkpt lat="22.507001" lon="113.948385">
        <ele>7</ele>
        <time>2023-06-18T10:23:47Z</time>
      </trkpt>
      <trkpt lat="22.507059" lon="113.948415">
        <ele>7</ele>
        <time>2023-06-18T10:23:48Z</time>
      </trkpt>
      <trkpt lat="22.507115" lon="113.948446">
        <ele>7</ele>
        <time>2023-06-18T10:23:49Z</time>
      </trkpt>
      <trkpt lat="22.507171" lon="113.948479">
        <ele>7</ele>
        <time>2023-06-18T10:23:50Z</time>
      </trkpt>
      <trkpt lat="22.507221" lon="113.948522">
        <ele>7</ele>
        <time>2023-06-18T10:23:51Z</time>
      </trkpt>
      <trkpt lat="22.507275" lon="113.948556">
        <ele>7</ele>
        <time>2023-06-18T10:23:52Z</time>
      </trkpt>
      <trkpt lat="22.507326" lon="113.948594">
        <ele>7</ele>
        <time>2023-06-18T10:23:53Z</time>
      </trkpt>
      <trkpt lat="22.507374" lon="113.94863">
        <ele>7</ele>
        <time>2023-06-18T10:23:54Z</time>
      </trkpt>
      <trkpt lat="22.507424" lon="113.948668">
        <ele>7</ele>
        <time>2023-06-18T10:23:55Z</time>
      </trkpt>
      <trkpt lat="22.507475" lon="113.948706">
        <ele>7</ele>
        <time>2023-06-18T10:23:56Z</time>
      </trkpt>
      <trkpt lat="22.507527" lon="113.948745">
        <ele>7</ele>
        <time>2023-06-18T10:23:57Z</time>
      </trkpt>
      <trkpt lat="22.507574" lon="113.948784">
        <ele>7</ele>
        <time>2023-06-18T10:23:58Z</time>
      </trkpt>
      <trkpt lat="22.507624" lon="113.948828">
        <ele>7</ele>
        <time>2023-06-18T10:23:59Z</time>
      </trkpt>
      <trkpt lat="22.507672" lon="113.948866">
        <ele>7</ele>
        <time>2023-06-18T10:24:00Z</time>
      </trkpt>
      <trkpt lat="22.507721" lon="113.948906">
        <ele>7</ele>
        <time>2023-06-18T10:24:01Z</time>
      </trkpt>
      <trkpt lat="22.507772" lon="113.94895">
        <ele>7</ele>
        <time>2023-06-18T10:24:02Z</time>
      </trkpt>
      <trkpt lat="22.507817" lon="113.948989">
        <ele>7</ele>
        <time>2023-06-18T10:24:03Z</time>
      </trkpt>
      <trkpt lat="22.507857" lon="113.949027">
        <ele>7</ele>
        <time>2023-06-18T10:24:04Z</time>
      </trkpt>
      <trkpt lat="22.507904" lon="113.949074">
        <ele>7</ele>
        <time>2023-06-18T10:24:05Z</time>
      </trkpt>
      <trkpt lat="22.507947" lon="113.949118">
        <ele>7</ele>
        <time>2023-06-18T10:24:06Z</time>
      </trkpt>
      <trkpt lat="22.507992" lon="113.949157">
        <ele>7</ele>
        <time>2023-06-18T10:24:07Z</time>
      </trkpt>
      <trkpt lat="22.508037" lon="113.949194">
        <ele>7</ele>
        <time>2023-06-18T10:24:08Z</time>
      </trkpt>
      <trkpt lat="22.508079" lon="113.949234">
        <ele>7</ele>
        <time>2023-06-18T10:24:09Z</time>
      </trkpt>
      <trkpt lat="22.508121" lon="113.949278">
        <ele>7.1</ele>
        <time>2023-06-18T10:24:10Z</time>
      </trkpt>
      <trkpt lat="22.508157" lon="113.949317">
        <ele>7.1</ele>
        <time>2023-06-18T10:24:11Z</time>
      </trkpt>
      <trkpt lat="22.508197" lon="113.949355">
        <ele>7.1</ele>
        <time>2023-06-18T10:24:12Z</time>
      </trkpt>
      <trkpt lat="22.508238" lon="113.949392">
        <ele>7.1</ele>
        <time>2023-06-18T10:24:13Z</time>
      </trkpt>
      <trkpt lat="22.508272" lon="113.94942">
        <ele>7.1</ele>
        <time>2023-06-18T10:24:14Z</time>
      </trkpt>
      <trkpt lat="22.508295" lon="113.949436">
        <ele>7.1</ele>
        <time>2023-06-18T10:24:15Z</time>
      </trkpt>
      <trkpt lat="22.50832" lon="113.949457">
        <ele>7.1</ele>
        <time>2023-06-18T10:24:16Z</time>
      </trkpt>
      <trkpt lat="22.50834" lon="113.949466">
        <ele>7.1</ele>
        <time>2023-06-18T10:24:17Z</time>
      </trkpt>
      <trkpt lat="22.508359" lon="113.949479">
        <ele>7.1</ele>
        <time>2023-06-18T10:24:18Z</time>
      </trkpt>
      <trkpt lat="22.508382" lon="113.949489">
        <ele>7.1</ele>
        <time>2023-06-18T10:24:19Z</time>
      </trkpt>
      <trkpt lat="22.508418" lon="113.949512">
        <ele>7.1</ele>
        <time>2023-06-18T10:24:20Z</time>
      </trkpt>
      <trkpt lat="22.508454" lon="113.949535">
        <ele>7.1</ele>
        <time>2023-06-18T10:24:21Z</time>
      </trkpt>
      <trkpt lat="22.508493" lon="113.949559">
        <ele>7.1</ele>
        <time>2023-06-18T10:24:22Z</time>
      </trkpt>
      <trkpt lat="22.508534" lon="113.94959">
        <ele>7.1</ele>
        <time>2023-06-18T10:24:23Z</time>
      </trkpt>
      <trkpt lat="22.508573" lon="113.949619">
        <ele>7.1</ele>
        <time>2023-06-18T10:24:24Z</time>
      </trkpt>
      <trkpt lat="22.508615" lon="113.949642">
        <ele>7.1</ele>
        <time>2023-06-18T10:24:25Z</time>
      </trkpt>
      <trkpt lat="22.50866" lon="113.949665">
        <ele>7.1</ele>
        <time>2023-06-18T10:24:26Z</time>
      </trkpt>
      <trkpt lat="22.508707" lon="113.949687">
        <ele>7.1</ele>
        <time>2023-06-18T10:24:27Z</time>
      </trkpt>
      <trkpt lat="22.508753" lon="113.949703">
        <ele>7.1</ele>
        <time>2023-06-18T10:24:28Z</time>
      </trkpt>
      <trkpt lat="22.508798" lon="113.949726">
        <ele>7.1</ele>
        <time>2023-06-18T10:24:29Z</time>
      </trkpt>
      <trkpt lat="22.508845" lon="113.94975">
        <ele>7.1</ele>
        <time>2023-06-18T10:24:30Z</time>
      </trkpt>
      <trkpt lat="22.508897" lon="113.94978">
        <ele>7.1</ele>
        <time>2023-06-18T10:24:31Z</time>
      </trkpt>
      <trkpt lat="22.508947" lon="113.949803">
        <ele>7.1</ele>
        <time>2023-06-18T10:24:32Z</time>
      </trkpt>
      <trkpt lat="22.508999" lon="113.949824">
        <ele>7.1</ele>
        <time>2023-06-18T10:24:33Z</time>
      </trkpt>
      <trkpt lat="22.509056" lon="113.949838">
        <ele>7.1</ele>
        <time>2023-06-18T10:24:34Z</time>
      </trkpt>
      <trkpt lat="22.509113" lon="113.949847">
        <ele>7.1</ele>
        <time>2023-06-18T10:24:35Z</time>
      </trkpt>
      <trkpt lat="22.509171" lon="113.949861">
        <ele>7.1</ele>
        <time>2023-06-18T10:24:36Z</time>
      </trkpt>
      <trkpt lat="22.509223" lon="113.949869">
        <ele>7.1</ele>
        <time>2023-06-18T10:24:37Z</time>
      </trkpt>
      <trkpt lat="22.509274" lon="113.949876">
        <ele>7.1</ele>
        <time>2023-06-18T10:24:38Z</time>
      </trkpt>
      <trkpt lat="22.509324" lon="113.949882">
        <ele>7.1</ele>
        <time>2023-06-18T10:24:39Z</time>
      </trkpt>
      <trkpt lat="22.509384" lon="113.949884">
        <ele>7.1</ele>
        <time>2023-06-18T10:24:40Z</time>
      </trkpt>
      <trkpt lat="22.509443" lon="113.949891">
        <ele>7.1</ele>
        <time>2023-06-18T10:24:41Z</time>
      </trkpt>
      <trkpt lat="22.509496" lon="113.949899">
        <ele>7.1</ele>
        <time>2023-06-18T10:24:42Z</time>
      </trkpt>
      <trkpt lat="22.509555" lon="113.949905">
        <ele>7.1</ele>
        <time>2023-06-18T10:24:43Z</time>
      </trkpt>
      <trkpt lat="22.509613" lon="113.949905">
        <ele>7.1</ele>
        <time>2023-06-18T10:24:44Z</time>
      </trkpt>
      <trkpt lat="22.509675" lon="113.949907">
        <ele>7.1</ele>
        <time>2023-06-18T10:24:45Z</time>
      </trkpt>
      <trkpt lat="22.509735" lon="113.949913">
        <ele>7.1</ele>
        <time>2023-06-18T10:24:46Z</time>
      </trkpt>
      <trkpt lat="22.509793" lon="113.949913">
        <ele>7.1</ele>
        <time>2023-06-18T10:24:47Z</time>
      </trkpt>
      <trkpt lat="22.509852" lon="113.949912">
        <ele>7.1</ele>
        <time>2023-06-18T10:24:48Z</time>
      </trkpt>
      <trkpt lat="22.509913" lon="113.949904">
        <ele>7.1</ele>
        <time>2023-06-18T10:24:49Z</time>
      </trkpt>
      <trkpt lat="22.509971" lon="113.949897">
        <ele>7.1</ele>
        <time>2023-06-18T10:24:50Z</time>
      </trkpt>
      <trkpt lat="22.510029" lon="113.949889">
        <ele>7.1</ele>
        <time>2023-06-18T10:24:51Z</time>
      </trkpt>
      <trkpt lat="22.510088" lon="113.949881">
        <ele>7.1</ele>
        <time>2023-06-18T10:24:52Z</time>
      </trkpt>
      <trkpt lat="22.510146" lon="113.949872">
        <ele>7.1</ele>
        <time>2023-06-18T10:24:53Z</time>
      </trkpt>
      <trkpt lat="22.510205" lon="113.949857">
        <ele>7.1</ele>
        <time>2023-06-18T10:24:54Z</time>
      </trkpt>
      <trkpt lat="22.510267" lon="113.949841">
        <ele>7.1</ele>
        <time>2023-06-18T10:24:55Z</time>
      </trkpt>
      <trkpt lat="22.510323" lon="113.949819">
        <ele>7.1</ele>
        <time>2023-06-18T10:24:56Z</time>
      </trkpt>
      <trkpt lat="22.510376" lon="113.949804">
        <ele>7.1</ele>
        <time>2023-06-18T10:24:57Z</time>
      </trkpt>
      <trkpt lat="22.510432" lon="113.949789">
        <ele>7.1</ele>
        <time>2023-06-18T10:24:58Z</time>
      </trkpt>
      <trkpt lat="22.510489" lon="113.949773">
        <ele>7.1</ele>
        <time>2023-06-18T10:24:59Z</time>
      </trkpt>
      <trkpt lat="22.510542" lon="113.949757">
        <ele>7.1</ele>
        <time>2023-06-18T10:25:00Z</time>
      </trkpt>
      <trkpt lat="22.510595" lon="113.949735">
        <ele>7.1</ele>
        <time>2023-06-18T10:25:01Z</time>
      </trkpt>
      <trkpt lat="22.510645" lon="113.94972">
        <ele>7.1</ele>
        <time>2023-06-18T10:25:02Z</time>
      </trkpt>
      <trkpt lat="22.510695" lon="113.949704">
        <ele>7.1</ele>
        <time>2023-06-18T10:25:03Z</time>
      </trkpt>
      <trkpt lat="22.510738" lon="113.94969">
        <ele>7</ele>
        <time>2023-06-18T10:25:04Z</time>
      </trkpt>
      <trkpt lat="22.510781" lon="113.949682">
        <ele>7</ele>
        <time>2023-06-18T10:25:05Z</time>
      </trkpt>
      <trkpt lat="22.510824" lon="113.949665">
        <ele>7</ele>
        <time>2023-06-18T10:25:06Z</time>
      </trkpt>
      <trkpt lat="22.51087" lon="113.949642">
        <ele>7</ele>
        <time>2023-06-18T10:25:07Z</time>
      </trkpt>
      <trkpt lat="22.510918" lon="113.949618">
        <ele>7</ele>
        <time>2023-06-18T10:25:08Z</time>
      </trkpt>
      <trkpt lat="22.510966" lon="113.949587">
        <ele>7.1</ele>
        <time>2023-06-18T10:25:09Z</time>
      </trkpt>
      <trkpt lat="22.511015" lon="113.949557">
        <ele>7.1</ele>
        <time>2023-06-18T10:25:10Z</time>
      </trkpt>
      <trkpt lat="22.511063" lon="113.949525">
        <ele>7.2</ele>
        <time>2023-06-18T10:25:11Z</time>
      </trkpt>
      <trkpt lat="22.511109" lon="113.949488">
        <ele>7.2</ele>
        <time>2023-06-18T10:25:12Z</time>
      </trkpt>
      <trkpt lat="22.511154" lon="113.949458">
        <ele>7.2</ele>
        <time>2023-06-18T10:25:13Z</time>
      </trkpt>
      <trkpt lat="22.511201" lon="113.949426">
        <ele>7.3</ele>
        <time>2023-06-18T10:25:14Z</time>
      </trkpt>
      <trkpt lat="22.511243" lon="113.949397">
        <ele>7.3</ele>
        <time>2023-06-18T10:25:15Z</time>
      </trkpt>
      <trkpt lat="22.511289" lon="113.949366">
        <ele>7.3</ele>
        <time>2023-06-18T10:25:16Z</time>
      </trkpt>
      <trkpt lat="22.511335" lon="113.949335">
        <ele>7.4</ele>
        <time>2023-06-18T10:25:17Z</time>
      </trkpt>
      <trkpt lat="22.511383" lon="113.949298">
        <ele>7.4</ele>
        <time>2023-06-18T10:25:18Z</time>
      </trkpt>
      <trkpt lat="22.511425" lon="113.949265">
        <ele>7.4</ele>
        <time>2023-06-18T10:25:19Z</time>
      </trkpt>
      <trkpt lat="22.51146" lon="113.949219">
        <ele>7.5</ele>
        <time>2023-06-18T10:25:20Z</time>
      </trkpt>
      <trkpt lat="22.511494" lon="113.94918">
        <ele>7.5</ele>
        <time>2023-06-18T10:25:21Z</time>
      </trkpt>
      <trkpt lat="22.511528" lon="113.949135">
        <ele>7.5</ele>
        <time>2023-06-18T10:25:22Z</time>
      </trkpt>
      <trkpt lat="22.511567" lon="113.94909">
        <ele>7.6</ele>
        <time>2023-06-18T10:25:23Z</time>
      </trkpt>
      <trkpt lat="22.511607" lon="113.949043">
        <ele>7.6</ele>
        <time>2023-06-18T10:25:24Z</time>
      </trkpt>
      <trkpt lat="22.511647" lon="113.948997">
        <ele>7.6</ele>
        <time>2023-06-18T10:25:25Z</time>
      </trkpt>
      <trkpt lat="22.511685" lon="113.948951">
        <ele>7.7</ele>
        <time>2023-06-18T10:25:26Z</time>
      </trkpt>
      <trkpt lat="22.511721" lon="113.948905">
        <ele>7.7</ele>
        <time>2023-06-18T10:25:27Z</time>
      </trkpt>
      <trkpt lat="22.511754" lon="113.948859">
        <ele>7.8</ele>
        <time>2023-06-18T10:25:28Z</time>
      </trkpt>
      <trkpt lat="22.511788" lon="113.948814">
        <ele>7.8</ele>
        <time>2023-06-18T10:25:29Z</time>
      </trkpt>
      <trkpt lat="22.511822" lon="113.94877">
        <ele>7.8</ele>
        <time>2023-06-18T10:25:30Z</time>
      </trkpt>
      <trkpt lat="22.511856" lon="113.948731">
        <ele>7.9</ele>
        <time>2023-06-18T10:25:31Z</time>
      </trkpt>
      <trkpt lat="22.51189" lon="113.948685">
        <ele>7.9</ele>
        <time>2023-06-18T10:25:32Z</time>
      </trkpt>
      <trkpt lat="22.511924" lon="113.948642">
        <ele>7.9</ele>
        <time>2023-06-18T10:25:33Z</time>
      </trkpt>
      <trkpt lat="22.511954" lon="113.94861">
        <ele>8</ele>
        <time>2023-06-18T10:25:34Z</time>
      </trkpt>
      <trkpt lat="22.511992" lon="113.948573">
        <ele>8</ele>
        <time>2023-06-18T10:25:35Z</time>
      </trkpt>
      <trkpt lat="22.512034" lon="113.948542">
        <ele>8</ele>
        <time>2023-06-18T10:25:36Z</time>
      </trkpt>
      <trkpt lat="22.512075" lon="113.948511">
        <ele>8</ele>
        <time>2023-06-18T10:25:37Z</time>
      </trkpt>
      <trkpt lat="22.512105" lon="113.948481">
        <ele>8.1</ele>
        <time>2023-06-18T10:25:38Z</time>
      </trkpt>
      <trkpt lat="22.512136" lon="113.948451">
        <ele>8.1</ele>
        <time>2023-06-18T10:25:39Z</time>
      </trkpt>
      <trkpt lat="22.512172" lon="113.94842">
        <ele>8.1</ele>
        <time>2023-06-18T10:25:40Z</time>
      </trkpt>
      <trkpt lat="22.512214" lon="113.948392">
        <ele>8.2</ele>
        <time>2023-06-18T10:25:41Z</time>
      </trkpt>
      <trkpt lat="22.512258" lon="113.948377">
        <ele>8.2</ele>
        <time>2023-06-18T10:25:42Z</time>
      </trkpt>
      <trkpt lat="22.512308" lon="113.948362">
        <ele>8.2</ele>
        <time>2023-06-18T10:25:43Z</time>
      </trkpt>
      <trkpt lat="22.512361" lon="113.948348">
        <ele>8.2</ele>
        <time>2023-06-18T10:25:44Z</time>
      </trkpt>
      <trkpt lat="22.51241" lon="113.94834">
        <ele>8.2</ele>
        <time>2023-06-18T10:25:45Z</time>
      </trkpt>
      <trkpt lat="22.512458" lon="113.948333">
        <ele>8.2</ele>
        <time>2023-06-18T10:25:46Z</time>
      </trkpt>
      <trkpt lat="22.512504" lon="113.948325">
        <ele>8.2</ele>
        <time>2023-06-18T10:25:47Z</time>
      </trkpt>
      <trkpt lat="22.512557" lon="113.948317">
        <ele>8.2</ele>
        <time>2023-06-18T10:25:48Z</time>
      </trkpt>
      <trkpt lat="22.512608" lon="113.948311">
        <ele>8.3</ele>
        <time>2023-06-18T10:25:49Z</time>
      </trkpt>
      <trkpt lat="22.512662" lon="113.948311">
        <ele>8.3</ele>
        <time>2023-06-18T10:25:50Z</time>
      </trkpt>
      <trkpt lat="22.512714" lon="113.94831">
        <ele>8.3</ele>
        <time>2023-06-18T10:25:51Z</time>
      </trkpt>
      <trkpt lat="22.512766" lon="113.948303">
        <ele>8.3</ele>
        <time>2023-06-18T10:25:52Z</time>
      </trkpt>
      <trkpt lat="22.512816" lon="113.948302">
        <ele>8.3</ele>
        <time>2023-06-18T10:25:53Z</time>
      </trkpt>
      <trkpt lat="22.512865" lon="113.948296">
        <ele>8.3</ele>
        <time>2023-06-18T10:25:54Z</time>
      </trkpt>
      <trkpt lat="22.512913" lon="113.948297">
        <ele>8.3</ele>
        <time>2023-06-18T10:25:55Z</time>
      </trkpt>
      <trkpt lat="22.512961" lon="113.948306">
        <ele>8.3</ele>
        <time>2023-06-18T10:25:56Z</time>
      </trkpt>
      <trkpt lat="22.513009" lon="113.94832">
        <ele>8.3</ele>
        <time>2023-06-18T10:25:57Z</time>
      </trkpt>
      <trkpt lat="22.513057" lon="113.948327">
        <ele>8.3</ele>
        <time>2023-06-18T10:25:58Z</time>
      </trkpt>
      <trkpt lat="22.513112" lon="113.948336">
        <ele>8.3</ele>
        <time>2023-06-18T10:25:59Z</time>
      </trkpt>
      <trkpt lat="22.513173" lon="113.94835">
        <ele>8.3</ele>
        <time>2023-06-18T10:26:00Z</time>
      </trkpt>
      <trkpt lat="22.513234" lon="113.948359">
        <ele>8.3</ele>
        <time>2023-06-18T10:26:01Z</time>
      </trkpt>
      <trkpt lat="22.513283" lon="113.948374">
        <ele>8.4</ele>
        <time>2023-06-18T10:26:02Z</time>
      </trkpt>
      <trkpt lat="22.513336" lon="113.948391">
        <ele>8.4</ele>
        <time>2023-06-18T10:26:03Z</time>
      </trkpt>
      <trkpt lat="22.513386" lon="113.948414">
        <ele>8.4</ele>
        <time>2023-06-18T10:26:04Z</time>
      </trkpt>
      <trkpt lat="22.513436" lon="113.948437">
        <ele>8.4</ele>
        <time>2023-06-18T10:26:05Z</time>
      </trkpt>
      <trkpt lat="22.513488" lon="113.948461">
        <ele>8.4</ele>
        <time>2023-06-18T10:26:06Z</time>
      </trkpt>
      <trkpt lat="22.513536" lon="113.948481">
        <ele>8.4</ele>
        <time>2023-06-18T10:26:07Z</time>
      </trkpt>
      <trkpt lat="22.513589" lon="113.948498">
        <ele>8.4</ele>
        <time>2023-06-18T10:26:08Z</time>
      </trkpt>
      <trkpt lat="22.513634" lon="113.948521">
        <ele>8.4</ele>
        <time>2023-06-18T10:26:09Z</time>
      </trkpt>
      <trkpt lat="22.513669" lon="113.948544">
        <ele>8.4</ele>
        <time>2023-06-18T10:26:10Z</time>
      </trkpt>
      <trkpt lat="22.513696" lon="113.948567">
        <ele>8.4</ele>
        <time>2023-06-18T10:26:11Z</time>
      </trkpt>
      <trkpt lat="22.513723" lon="113.948591">
        <ele>8.4</ele>
        <time>2023-06-18T10:26:12Z</time>
      </trkpt>
      <trkpt lat="22.513748" lon="113.948619">
        <ele>8.4</ele>
        <time>2023-06-18T10:26:13Z</time>
      </trkpt>
      <trkpt lat="22.513768" lon="113.948634">
        <ele>8.4</ele>
        <time>2023-06-18T10:26:14Z</time>
      </trkpt>
      <trkpt lat="22.513783" lon="113.948648">
        <ele>8.4</ele>
        <time>2023-06-18T10:26:15Z</time>
      </trkpt>
      <trkpt lat="22.5138" lon="113.948656">
        <ele>8.4</ele>
        <time>2023-06-18T10:26:16Z</time>
      </trkpt>
      <trkpt lat="22.513816" lon="113.948672">
        <ele>8.4</ele>
        <time>2023-06-18T10:26:17Z</time>
      </trkpt>
      <trkpt lat="22.513842" lon="113.948691">
        <ele>8.4</ele>
        <time>2023-06-18T10:26:18Z</time>
      </trkpt>
      <trkpt lat="22.513869" lon="113.948711">
        <ele>8.4</ele>
        <time>2023-06-18T10:26:19Z</time>
      </trkpt>
      <trkpt lat="22.5139" lon="113.948734">
        <ele>8.5</ele>
        <time>2023-06-18T10:26:20Z</time>
      </trkpt>
      <trkpt lat="22.513932" lon="113.948758">
        <ele>8.5</ele>
        <time>2023-06-18T10:26:21Z</time>
      </trkpt>
      <trkpt lat="22.513967" lon="113.948788">
        <ele>8.5</ele>
        <time>2023-06-18T10:26:22Z</time>
      </trkpt>
      <trkpt lat="22.514003" lon="113.948819">
        <ele>8.4</ele>
        <time>2023-06-18T10:26:23Z</time>
      </trkpt>
      <trkpt lat="22.51404" lon="113.94885">
        <ele>8.4</ele>
        <time>2023-06-18T10:26:24Z</time>
      </trkpt>
      <trkpt lat="22.514072" lon="113.948881">
        <ele>8.4</ele>
        <time>2023-06-18T10:26:25Z</time>
      </trkpt>
      <trkpt lat="22.514107" lon="113.948919">
        <ele>8.4</ele>
        <time>2023-06-18T10:26:26Z</time>
      </trkpt>
      <trkpt lat="22.514143" lon="113.948952">
        <ele>8.4</ele>
        <time>2023-06-18T10:26:27Z</time>
      </trkpt>
      <trkpt lat="22.514176" lon="113.949001">
        <ele>8.4</ele>
        <time>2023-06-18T10:26:28Z</time>
      </trkpt>
      <trkpt lat="22.51421" lon="113.94905">
        <ele>8.4</ele>
        <time>2023-06-18T10:26:29Z</time>
      </trkpt>
      <trkpt lat="22.514253" lon="113.949096">
        <ele>8.4</ele>
        <time>2023-06-18T10:26:30Z</time>
      </trkpt>
      <trkpt lat="22.514294" lon="113.949141">
        <ele>8.3</ele>
        <time>2023-06-18T10:26:31Z</time>
      </trkpt>
      <trkpt lat="22.514337" lon="113.949188">
        <ele>8.3</ele>
        <time>2023-06-18T10:26:32Z</time>
      </trkpt>
      <trkpt lat="22.51438" lon="113.949233">
        <ele>8.3</ele>
        <time>2023-06-18T10:26:33Z</time>
      </trkpt>
      <trkpt lat="22.514423" lon="113.949272">
        <ele>8.3</ele>
        <time>2023-06-18T10:26:34Z</time>
      </trkpt>
      <trkpt lat="22.514467" lon="113.949316">
        <ele>8.3</ele>
        <time>2023-06-18T10:26:35Z</time>
      </trkpt>
      <trkpt lat="22.51451" lon="113.949354">
        <ele>8.3</ele>
        <time>2023-06-18T10:26:36Z</time>
      </trkpt>
      <trkpt lat="22.514555" lon="113.949393">
        <ele>8.3</ele>
        <time>2023-06-18T10:26:37Z</time>
      </trkpt>
      <trkpt lat="22.514599" lon="113.949431">
        <ele>8.2</ele>
        <time>2023-06-18T10:26:38Z</time>
      </trkpt>
      <trkpt lat="22.514645" lon="113.949468">
        <ele>8.2</ele>
        <time>2023-06-18T10:26:39Z</time>
      </trkpt>
      <trkpt lat="22.514692" lon="113.949498">
        <ele>8.2</ele>
        <time>2023-06-18T10:26:40Z</time>
      </trkpt>
      <trkpt lat="22.51474" lon="113.949529">
        <ele>8.2</ele>
        <time>2023-06-18T10:26:41Z</time>
      </trkpt>
      <trkpt lat="22.514791" lon="113.949558">
        <ele>8.2</ele>
        <time>2023-06-18T10:26:42Z</time>
      </trkpt>
      <trkpt lat="22.514846" lon="113.94958">
        <ele>8.2</ele>
        <time>2023-06-18T10:26:43Z</time>
      </trkpt>
      <trkpt lat="22.514907" lon="113.949595">
        <ele>8.2</ele>
        <time>2023-06-18T10:26:44Z</time>
      </trkpt>
      <trkpt lat="22.514966" lon="113.949608">
        <ele>8.1</ele>
        <time>2023-06-18T10:26:45Z</time>
      </trkpt>
      <trkpt lat="22.515023" lon="113.94961">
        <ele>8.1</ele>
        <time>2023-06-18T10:26:46Z</time>
      </trkpt>
      <trkpt lat="22.515077" lon="113.949625">
        <ele>8.1</ele>
        <time>2023-06-18T10:26:47Z</time>
      </trkpt>
      <trkpt lat="22.515135" lon="113.94964">
        <ele>8.1</ele>
        <time>2023-06-18T10:26:48Z</time>
      </trkpt>
      <trkpt lat="22.515194" lon="113.949647">
        <ele>8.1</ele>
        <time>2023-06-18T10:26:49Z</time>
      </trkpt>
      <trkpt lat="22.515253" lon="113.949654">
        <ele>8.1</ele>
        <time>2023-06-18T10:26:50Z</time>
      </trkpt>
      <trkpt lat="22.515309" lon="113.949654">
        <ele>8.1</ele>
        <time>2023-06-18T10:26:51Z</time>
      </trkpt>
      <trkpt lat="22.515364" lon="113.949654">
        <ele>8</ele>
        <time>2023-06-18T10:26:52Z</time>
      </trkpt>
      <trkpt lat="22.515425" lon="113.949654">
        <ele>8</ele>
        <time>2023-06-18T10:26:53Z</time>
      </trkpt>
      <trkpt lat="22.515485" lon="113.949654">
        <ele>8</ele>
        <time>2023-06-18T10:26:54Z</time>
      </trkpt>
      <trkpt lat="22.515542" lon="113.949654">
        <ele>8</ele>
        <time>2023-06-18T10:26:55Z</time>
      </trkpt>
      <trkpt lat="22.5156" lon="113.949653">
        <ele>8</ele>
        <time>2023-06-18T10:26:56Z</time>
      </trkpt>
      <trkpt lat="22.51566" lon="113.949644">
        <ele>8</ele>
        <time>2023-06-18T10:26:57Z</time>
      </trkpt>
      <trkpt lat="22.515718" lon="113.949627">
        <ele>8</ele>
        <time>2023-06-18T10:26:58Z</time>
      </trkpt>
      <trkpt lat="22.515777" lon="113.949605">
        <ele>8</ele>
        <time>2023-06-18T10:26:59Z</time>
      </trkpt>
      <trkpt lat="22.51583" lon="113.949589">
        <ele>8</ele>
        <time>2023-06-18T10:27:00Z</time>
      </trkpt>
      <trkpt lat="22.515884" lon="113.949566">
        <ele>8</ele>
        <time>2023-06-18T10:27:01Z</time>
      </trkpt>
      <trkpt lat="22.51594" lon="113.949544">
        <ele>8</ele>
        <time>2023-06-18T10:27:02Z</time>
      </trkpt>
      <trkpt lat="22.515989" lon="113.949528">
        <ele>8</ele>
        <time>2023-06-18T10:27:03Z</time>
      </trkpt>
      <trkpt lat="22.516036" lon="113.949505">
        <ele>8</ele>
        <time>2023-06-18T10:27:04Z</time>
      </trkpt>
      <trkpt lat="22.51608" lon="113.949482">
        <ele>8</ele>
        <time>2023-06-18T10:27:05Z</time>
      </trkpt>
      <trkpt lat="22.516124" lon="113.949458">
        <ele>8</ele>
        <time>2023-06-18T10:27:06Z</time>
      </trkpt>
      <trkpt lat="22.516168" lon="113.949428">
        <ele>8</ele>
        <time>2023-06-18T10:27:07Z</time>
      </trkpt>
      <trkpt lat="22.516214" lon="113.949396">
        <ele>8</ele>
        <time>2023-06-18T10:27:08Z</time>
      </trkpt>
      <trkpt lat="22.51626" lon="113.949359">
        <ele>8</ele>
        <time>2023-06-18T10:27:09Z</time>
      </trkpt>
      <trkpt lat="22.516302" lon="113.949328">
        <ele>8</ele>
        <time>2023-06-18T10:27:10Z</time>
      </trkpt>
      <trkpt lat="22.516342" lon="113.949297">
        <ele>8</ele>
        <time>2023-06-18T10:27:11Z</time>
      </trkpt>
      <trkpt lat="22.516384" lon="113.949267">
        <ele>8</ele>
        <time>2023-06-18T10:27:12Z</time>
      </trkpt>
      <trkpt lat="22.516427" lon="113.949236">
        <ele>8</ele>
        <time>2023-06-18T10:27:13Z</time>
      </trkpt>
      <trkpt lat="22.516467" lon="113.949197">
        <ele>8</ele>
        <time>2023-06-18T10:27:14Z</time>
      </trkpt>
      <trkpt lat="22.516506" lon="113.949159">
        <ele>8</ele>
        <time>2023-06-18T10:27:15Z</time>
      </trkpt>
      <trkpt lat="22.516542" lon="113.949122">
        <ele>8</ele>
        <time>2023-06-18T10:27:16Z</time>
      </trkpt>
      <trkpt lat="22.516574" lon="113.949084">
        <ele>8</ele>
        <time>2023-06-18T10:27:17Z</time>
      </trkpt>
      <trkpt lat="22.516608" lon="113.949056">
        <ele>8</ele>
        <time>2023-06-18T10:27:18Z</time>
      </trkpt>
      <trkpt lat="22.516647" lon="113.94904">
        <ele>8</ele>
        <time>2023-06-18T10:27:19Z</time>
      </trkpt>
      <trkpt lat="22.516694" lon="113.949017">
        <ele>8</ele>
        <time>2023-06-18T10:27:20Z</time>
      </trkpt>
      <trkpt lat="22.516741" lon="113.948994">
        <ele>8</ele>
        <time>2023-06-18T10:27:21Z</time>
      </trkpt>
      <trkpt lat="22.516786" lon="113.948971">
        <ele>8</ele>
        <time>2023-06-18T10:27:22Z</time>
      </trkpt>
      <trkpt lat="22.516835" lon="113.948949">
        <ele>8</ele>
        <time>2023-06-18T10:27:23Z</time>
      </trkpt>
      <trkpt lat="22.51689" lon="113.948936">
        <ele>8</ele>
        <time>2023-06-18T10:27:24Z</time>
      </trkpt>
      <trkpt lat="22.516943" lon="113.948938">
        <ele>8</ele>
        <time>2023-06-18T10:27:25Z</time>
      </trkpt>
      <trkpt lat="22.516999" lon="113.948944">
        <ele>8</ele>
        <time>2023-06-18T10:27:26Z</time>
      </trkpt>
      <trkpt lat="22.517056" lon="113.948944">
        <ele>8</ele>
        <time>2023-06-18T10:27:27Z</time>
      </trkpt>
      <trkpt lat="22.517112" lon="113.948946">
        <ele>8.1</ele>
        <time>2023-06-18T10:27:28Z</time>
      </trkpt>
      <trkpt lat="22.517166" lon="113.948962">
        <ele>8.1</ele>
        <time>2023-06-18T10:27:29Z</time>
      </trkpt>
      <trkpt lat="22.517217" lon="113.948977">
        <ele>8.1</ele>
        <time>2023-06-18T10:27:30Z</time>
      </trkpt>
      <trkpt lat="22.517269" lon="113.948993">
        <ele>8.1</ele>
        <time>2023-06-18T10:27:31Z</time>
      </trkpt>
      <trkpt lat="22.517321" lon="113.949017">
        <ele>8.1</ele>
        <time>2023-06-18T10:27:32Z</time>
      </trkpt>
      <trkpt lat="22.51737" lon="113.949047">
        <ele>8.1</ele>
        <time>2023-06-18T10:27:33Z</time>
      </trkpt>
      <trkpt lat="22.517416" lon="113.949071">
        <ele>8.1</ele>
        <time>2023-06-18T10:27:34Z</time>
      </trkpt>
      <trkpt lat="22.517464" lon="113.949102">
        <ele>8.1</ele>
        <time>2023-06-18T10:27:35Z</time>
      </trkpt>
      <trkpt lat="22.51751" lon="113.949132">
        <ele>8.1</ele>
        <time>2023-06-18T10:27:36Z</time>
      </trkpt>
      <trkpt lat="22.517549" lon="113.949163">
        <ele>8.1</ele>
        <time>2023-06-18T10:27:37Z</time>
      </trkpt>
      <trkpt lat="22.517582" lon="113.949203">
        <ele>8.1</ele>
        <time>2023-06-18T10:27:38Z</time>
      </trkpt>
      <trkpt lat="22.517618" lon="113.94925">
        <ele>8.1</ele>
        <time>2023-06-18T10:27:39Z</time>
      </trkpt>
      <trkpt lat="22.517652" lon="113.949304">
        <ele>8.1</ele>
        <time>2023-06-18T10:27:40Z</time>
      </trkpt>
      <trkpt lat="22.517684" lon="113.949356">
        <ele>8.1</ele>
        <time>2023-06-18T10:27:41Z</time>
      </trkpt>
      <trkpt lat="22.517715" lon="113.949412">
        <ele>8.1</ele>
        <time>2023-06-18T10:27:42Z</time>
      </trkpt>
      <trkpt lat="22.517745" lon="113.949471">
        <ele>8.1</ele>
        <time>2023-06-18T10:27:43Z</time>
      </trkpt>
      <trkpt lat="22.517776" lon="113.949525">
        <ele>8.1</ele>
        <time>2023-06-18T10:27:44Z</time>
      </trkpt>
      <trkpt lat="22.517808" lon="113.949578">
        <ele>8.1</ele>
        <time>2023-06-18T10:27:45Z</time>
      </trkpt>
      <trkpt lat="22.517849" lon="113.949632">
        <ele>8.1</ele>
        <time>2023-06-18T10:27:46Z</time>
      </trkpt>
      <trkpt lat="22.517891" lon="113.949683">
        <ele>8.1</ele>
        <time>2023-06-18T10:27:47Z</time>
      </trkpt>
      <trkpt lat="22.51793" lon="113.949721">
        <ele>8.1</ele>
        <time>2023-06-18T10:27:48Z</time>
      </trkpt>
      <trkpt lat="22.517969" lon="113.94976">
        <ele>8.1</ele>
        <time>2023-06-18T10:27:49Z</time>
      </trkpt>
      <trkpt lat="22.518009" lon="113.949808">
        <ele>8.1</ele>
        <time>2023-06-18T10:27:50Z</time>
      </trkpt>
      <trkpt lat="22.518045" lon="113.949852">
        <ele>8.1</ele>
        <time>2023-06-18T10:27:51Z</time>
      </trkpt>
      <trkpt lat="22.51809" lon="113.949895">
        <ele>8.1</ele>
        <time>2023-06-18T10:27:52Z</time>
      </trkpt>
      <trkpt lat="22.518137" lon="113.949925">
        <ele>8.1</ele>
        <time>2023-06-18T10:27:53Z</time>
      </trkpt>
      <trkpt lat="22.518192" lon="113.949956">
        <ele>8.1</ele>
        <time>2023-06-18T10:27:54Z</time>
      </trkpt>
      <trkpt lat="22.518251" lon="113.949984">
        <ele>8.1</ele>
        <time>2023-06-18T10:27:55Z</time>
      </trkpt>
      <trkpt lat="22.518306" lon="113.950001">
        <ele>8.1</ele>
        <time>2023-06-18T10:27:56Z</time>
      </trkpt>
      <trkpt lat="22.518363" lon="113.950031">
        <ele>8.1</ele>
        <time>2023-06-18T10:27:57Z</time>
      </trkpt>
      <trkpt lat="22.518417" lon="113.950055">
        <ele>8.1</ele>
        <time>2023-06-18T10:27:58Z</time>
      </trkpt>
      <trkpt lat="22.518478" lon="113.950085">
        <ele>8.1</ele>
        <time>2023-06-18T10:27:59Z</time>
      </trkpt>
      <trkpt lat="22.518542" lon="113.950105">
        <ele>8.1</ele>
        <time>2023-06-18T10:28:00Z</time>
      </trkpt>
      <trkpt lat="22.518607" lon="113.950114">
        <ele>8.1</ele>
        <time>2023-06-18T10:28:01Z</time>
      </trkpt>
      <trkpt lat="22.518669" lon="113.950127">
        <ele>8.1</ele>
        <time>2023-06-18T10:28:02Z</time>
      </trkpt>
      <trkpt lat="22.518731" lon="113.950128">
        <ele>8.1</ele>
        <time>2023-06-18T10:28:03Z</time>
      </trkpt>
      <trkpt lat="22.518794" lon="113.950134">
        <ele>8.1</ele>
        <time>2023-06-18T10:28:04Z</time>
      </trkpt>
      <trkpt lat="22.518854" lon="113.950134">
        <ele>8.1</ele>
        <time>2023-06-18T10:28:05Z</time>
      </trkpt>
      <trkpt lat="22.518915" lon="113.950134">
        <ele>8.1</ele>
        <time>2023-06-18T10:28:06Z</time>
      </trkpt>
      <trkpt lat="22.518978" lon="113.950132">
        <ele>8.1</ele>
        <time>2023-06-18T10:28:07Z</time>
      </trkpt>
      <trkpt lat="22.519043" lon="113.950117">
        <ele>8.1</ele>
        <time>2023-06-18T10:28:08Z</time>
      </trkpt>
      <trkpt lat="22.519108" lon="113.9501">
        <ele>8.1</ele>
        <time>2023-06-18T10:28:09Z</time>
      </trkpt>
      <trkpt lat="22.519171" lon="113.950077">
        <ele>8.1</ele>
        <time>2023-06-18T10:28:10Z</time>
      </trkpt>
      <trkpt lat="22.51923" lon="113.950054">
        <ele>8.1</ele>
        <time>2023-06-18T10:28:11Z</time>
      </trkpt>
      <trkpt lat="22.519285" lon="113.950032">
        <ele>8.1</ele>
        <time>2023-06-18T10:28:12Z</time>
      </trkpt>
      <trkpt lat="22.51934" lon="113.950007">
        <ele>8.1</ele>
        <time>2023-06-18T10:28:13Z</time>
      </trkpt>
      <trkpt lat="22.519398" lon="113.949978">
        <ele>8.1</ele>
        <time>2023-06-18T10:28:14Z</time>
      </trkpt>
      <trkpt lat="22.519459" lon="113.949955">
        <ele>8.1</ele>
        <time>2023-06-18T10:28:15Z</time>
      </trkpt>
      <trkpt lat="22.519516" lon="113.949932">
        <ele>8.1</ele>
        <time>2023-06-18T10:28:16Z</time>
      </trkpt>
      <trkpt lat="22.519567" lon="113.949908">
        <ele>8.1</ele>
        <time>2023-06-18T10:28:17Z</time>
      </trkpt>
      <trkpt lat="22.519622" lon="113.949876">
        <ele>8.1</ele>
        <time>2023-06-18T10:28:18Z</time>
      </trkpt>
      <trkpt lat="22.519675" lon="113.949838">
        <ele>8.1</ele>
        <time>2023-06-18T10:28:19Z</time>
      </trkpt>
      <trkpt lat="22.519724" lon="113.9498">
        <ele>8.1</ele>
        <time>2023-06-18T10:28:20Z</time>
      </trkpt>
      <trkpt lat="22.519773" lon="113.949763">
        <ele>8.1</ele>
        <time>2023-06-18T10:28:21Z</time>
      </trkpt>
      <trkpt lat="22.519823" lon="113.949733">
        <ele>8.1</ele>
        <time>2023-06-18T10:28:22Z</time>
      </trkpt>
      <trkpt lat="22.519876" lon="113.949702">
        <ele>8.1</ele>
        <time>2023-06-18T10:28:23Z</time>
      </trkpt>
      <trkpt lat="22.519929" lon="113.949671">
        <ele>8.1</ele>
        <time>2023-06-18T10:28:24Z</time>
      </trkpt>
      <trkpt lat="22.519981" lon="113.949642">
        <ele>8.1</ele>
        <time>2023-06-18T10:28:25Z</time>
      </trkpt>
      <trkpt lat="22.520037" lon="113.949617">
        <ele>8</ele>
        <time>2023-06-18T10:28:26Z</time>
      </trkpt>
      <trkpt lat="22.520087" lon="113.949588">
        <ele>8</ele>
        <time>2023-06-18T10:28:27Z</time>
      </trkpt>
      <trkpt lat="22.52014" lon="113.949559">
        <ele>8</ele>
        <time>2023-06-18T10:28:28Z</time>
      </trkpt>
      <trkpt lat="22.520197" lon="113.949536">
        <ele>8.1</ele>
        <time>2023-06-18T10:28:29Z</time>
      </trkpt>
      <trkpt lat="22.52025" lon="113.949513">
        <ele>8.1</ele>
        <time>2023-06-18T10:28:30Z</time>
      </trkpt>
      <trkpt lat="22.5203" lon="113.94949">
        <ele>8.1</ele>
        <time>2023-06-18T10:28:31Z</time>
      </trkpt>
      <trkpt lat="22.520352" lon="113.949468">
        <ele>8.1</ele>
        <time>2023-06-18T10:28:32Z</time>
      </trkpt>
      <trkpt lat="22.520404" lon="113.94945">
        <ele>8.1</ele>
        <time>2023-06-18T10:28:33Z</time>
      </trkpt>
      <trkpt lat="22.520457" lon="113.949423">
        <ele>8.1</ele>
        <time>2023-06-18T10:28:34Z</time>
      </trkpt>
      <trkpt lat="22.520512" lon="113.949407">
        <ele>8.1</ele>
        <time>2023-06-18T10:28:35Z</time>
      </trkpt>
      <trkpt lat="22.520568" lon="113.949393">
        <ele>8.1</ele>
        <time>2023-06-18T10:28:36Z</time>
      </trkpt>
      <trkpt lat="22.520628" lon="113.949387">
        <ele>8.1</ele>
        <time>2023-06-18T10:28:37Z</time>
      </trkpt>
      <trkpt lat="22.520686" lon="113.949386">
        <ele>8.1</ele>
        <time>2023-06-18T10:28:38Z</time>
      </trkpt>
      <trkpt lat="22.520744" lon="113.949379">
        <ele>8.2</ele>
        <time>2023-06-18T10:28:39Z</time>
      </trkpt>
      <trkpt lat="22.520807" lon="113.949377">
        <ele>8.2</ele>
        <time>2023-06-18T10:28:40Z</time>
      </trkpt>
      <trkpt lat="22.520866" lon="113.949371">
        <ele>8.2</ele>
        <time>2023-06-18T10:28:41Z</time>
      </trkpt>
      <trkpt lat="22.520922" lon="113.949371">
        <ele>8.2</ele>
        <time>2023-06-18T10:28:42Z</time>
      </trkpt>
      <trkpt lat="22.520982" lon="113.949373">
        <ele>8.2</ele>
        <time>2023-06-18T10:28:43Z</time>
      </trkpt>
      <trkpt lat="22.521042" lon="113.949379">
        <ele>8.2</ele>
        <time>2023-06-18T10:28:44Z</time>
      </trkpt>
      <trkpt lat="22.521096" lon="113.949379">
        <ele>8.2</ele>
        <time>2023-06-18T10:28:45Z</time>
      </trkpt>
      <trkpt lat="22.521148" lon="113.949379">
        <ele>8.2</ele>
        <time>2023-06-18T10:28:46Z</time>
      </trkpt>
      <trkpt lat="22.521205" lon="113.949378">
        <ele>8.2</ele>
        <time>2023-06-18T10:28:47Z</time>
      </trkpt>
      <trkpt lat="22.521262" lon="113.94937">
        <ele>8.2</ele>
        <time>2023-06-18T10:28:48Z</time>
      </trkpt>
      <trkpt lat="22.521316" lon="113.949364">
        <ele>8.2</ele>
        <time>2023-06-18T10:28:49Z</time>
      </trkpt>
      <trkpt lat="22.521366" lon="113.949365">
        <ele>8.3</ele>
        <time>2023-06-18T10:28:50Z</time>
      </trkpt>
      <trkpt lat="22.521413" lon="113.949375">
        <ele>8.3</ele>
        <time>2023-06-18T10:28:51Z</time>
      </trkpt>
      <trkpt lat="22.521455" lon="113.949398">
        <ele>8.3</ele>
        <time>2023-06-18T10:28:52Z</time>
      </trkpt>
      <trkpt lat="22.521497" lon="113.94942">
        <ele>8.3</ele>
        <time>2023-06-18T10:28:53Z</time>
      </trkpt>
      <trkpt lat="22.521541" lon="113.949435">
        <ele>8.3</ele>
        <time>2023-06-18T10:28:54Z</time>
      </trkpt>
      <trkpt lat="22.521587" lon="113.949449">
        <ele>8.3</ele>
        <time>2023-06-18T10:28:55Z</time>
      </trkpt>
      <trkpt lat="22.521633" lon="113.949457">
        <ele>8.3</ele>
        <time>2023-06-18T10:28:56Z</time>
      </trkpt>
      <trkpt lat="22.521674" lon="113.949464">
        <ele>8.3</ele>
        <time>2023-06-18T10:28:57Z</time>
      </trkpt>
      <trkpt lat="22.521714" lon="113.949472">
        <ele>8.3</ele>
        <time>2023-06-18T10:28:58Z</time>
      </trkpt>
      <trkpt lat="22.521752" lon="113.949481">
        <ele>8.3</ele>
        <time>2023-06-18T10:28:59Z</time>
      </trkpt>
      <trkpt lat="22.521786" lon="113.949496">
        <ele>8.3</ele>
        <time>2023-06-18T10:29:00Z</time>
      </trkpt>
      <trkpt lat="22.521816" lon="113.949514">
        <ele>8.3</ele>
        <time>2023-06-18T10:29:01Z</time>
      </trkpt>
      <trkpt lat="22.521848" lon="113.949545">
        <ele>8.3</ele>
        <time>2023-06-18T10:29:02Z</time>
      </trkpt>
      <trkpt lat="22.521875" lon="113.949577">
        <ele>8.3</ele>
        <time>2023-06-18T10:29:03Z</time>
      </trkpt>
      <trkpt lat="22.521904" lon="113.949614">
        <ele>8.3</ele>
        <time>2023-06-18T10:29:04Z</time>
      </trkpt>
      <trkpt lat="22.521935" lon="113.949643">
        <ele>8.3</ele>
        <time>2023-06-18T10:29:05Z</time>
      </trkpt>
      <trkpt lat="22.521967" lon="113.949667">
        <ele>8.3</ele>
        <time>2023-06-18T10:29:06Z</time>
      </trkpt>
      <trkpt lat="22.521996" lon="113.949695">
        <ele>8.3</ele>
        <time>2023-06-18T10:29:07Z</time>
      </trkpt>
      <trkpt lat="22.522025" lon="113.949717">
        <ele>8.3</ele>
        <time>2023-06-18T10:29:08Z</time>
      </trkpt>
      <trkpt lat="22.522052" lon="113.949734">
        <ele>8.2</ele>
        <time>2023-06-18T10:29:09Z</time>
      </trkpt>
      <trkpt lat="22.522078" lon="113.949758">
        <ele>8.2</ele>
        <time>2023-06-18T10:29:10Z</time>
      </trkpt>
      <trkpt lat="22.5221" lon="113.949788">
        <ele>8.2</ele>
        <time>2023-06-18T10:29:11Z</time>
      </trkpt>
      <trkpt lat="22.522124" lon="113.949819">
        <ele>8.2</ele>
        <time>2023-06-18T10:29:12Z</time>
      </trkpt>
      <trkpt lat="22.522146" lon="113.949852">
        <ele>8.2</ele>
        <time>2023-06-18T10:29:13Z</time>
      </trkpt>
      <trkpt lat="22.522168" lon="113.94989">
        <ele>8.2</ele>
        <time>2023-06-18T10:29:14Z</time>
      </trkpt>
      <trkpt lat="22.52219" lon="113.949928">
        <ele>8.1</ele>
        <time>2023-06-18T10:29:15Z</time>
      </trkpt>
      <trkpt lat="22.52221" lon="113.949965">
        <ele>8.1</ele>
        <time>2023-06-18T10:29:16Z</time>
      </trkpt>
      <trkpt lat="22.52223" lon="113.949998">
        <ele>8.1</ele>
        <time>2023-06-18T10:29:17Z</time>
      </trkpt>
      <trkpt lat="22.522247" lon="113.950035">
        <ele>8.1</ele>
        <time>2023-06-18T10:29:18Z</time>
      </trkpt>
      <trkpt lat="22.522264" lon="113.950072">
        <ele>8.1</ele>
        <time>2023-06-18T10:29:19Z</time>
      </trkpt>
      <trkpt lat="22.522283" lon="113.950112">
        <ele>8.1</ele>
        <time>2023-06-18T10:29:20Z</time>
      </trkpt>
      <trkpt lat="22.522302" lon="113.950157">
        <ele>8</ele>
        <time>2023-06-18T10:29:21Z</time>
      </trkpt>
      <trkpt lat="22.52232" lon="113.950205">
        <ele>8</ele>
        <time>2023-06-18T10:29:22Z</time>
      </trkpt>
      <trkpt lat="22.522337" lon="113.950249">
        <ele>8</ele>
        <time>2023-06-18T10:29:23Z</time>
      </trkpt>
      <trkpt lat="22.522346" lon="113.950288">
        <ele>8</ele>
        <time>2023-06-18T10:29:24Z</time>
      </trkpt>
      <trkpt lat="22.522357" lon="113.950334">
        <ele>8</ele>
        <time>2023-06-18T10:29:25Z</time>
      </trkpt>
      <trkpt lat="22.52237" lon="113.950381">
        <ele>7.9</ele>
        <time>2023-06-18T10:29:26Z</time>
      </trkpt>
      <trkpt lat="22.522384" lon="113.950425">
        <ele>7.9</ele>
        <time>2023-06-18T10:29:27Z</time>
      </trkpt>
      <trkpt lat="22.522399" lon="113.950469">
        <ele>7.9</ele>
        <time>2023-06-18T10:29:28Z</time>
      </trkpt>
      <trkpt lat="22.522411" lon="113.950508">
        <ele>7.9</ele>
        <time>2023-06-18T10:29:29Z</time>
      </trkpt>
      <trkpt lat="22.522419" lon="113.950549">
        <ele>7.9</ele>
        <time>2023-06-18T10:29:30Z</time>
      </trkpt>
      <trkpt lat="22.522425" lon="113.950594">
        <ele>7.9</ele>
        <time>2023-06-18T10:29:31Z</time>
      </trkpt>
      <trkpt lat="22.522424" lon="113.950641">
        <ele>7.8</ele>
        <time>2023-06-18T10:29:32Z</time>
      </trkpt>
      <trkpt lat="22.522419" lon="113.950684">
        <ele>7.8</ele>
        <time>2023-06-18T10:29:33Z</time>
      </trkpt>
      <trkpt lat="22.52241" lon="113.950722">
        <ele>7.8</ele>
        <time>2023-06-18T10:29:34Z</time>
      </trkpt>
      <trkpt lat="22.522403" lon="113.950758">
        <ele>7.8</ele>
        <time>2023-06-18T10:29:35Z</time>
      </trkpt>
      <trkpt lat="22.5224" lon="113.95079">
        <ele>7.8</ele>
        <time>2023-06-18T10:29:36Z</time>
      </trkpt>
      <trkpt lat="22.522398" lon="113.950826">
        <ele>7.8</ele>
        <time>2023-06-18T10:29:37Z</time>
      </trkpt>
      <trkpt lat="22.522396" lon="113.950858">
        <ele>7.8</ele>
        <time>2023-06-18T10:29:38Z</time>
      </trkpt>
      <trkpt lat="22.522395" lon="113.950893">
        <ele>7.7</ele>
        <time>2023-06-18T10:29:39Z</time>
      </trkpt>
      <trkpt lat="22.522398" lon="113.950918">
        <ele>7.7</ele>
        <time>2023-06-18T10:29:40Z</time>
      </trkpt>
      <trkpt lat="22.522397" lon="113.950958">
        <ele>7.7</ele>
        <time>2023-06-18T10:29:41Z</time>
      </trkpt>
      <trkpt lat="22.522389" lon="113.950994">
        <ele>7.7</ele>
        <time>2023-06-18T10:29:42Z</time>
      </trkpt>
      <trkpt lat="22.52238" lon="113.951024">
        <ele>7.7</ele>
        <time>2023-06-18T10:29:43Z</time>
      </trkpt>
      <trkpt lat="22.52237" lon="113.951053">
        <ele>7.7</ele>
        <time>2023-06-18T10:29:44Z</time>
      </trkpt>
      <trkpt lat="22.52235" lon="113.951077">
        <ele>7.7</ele>
        <time>2023-06-18T10:29:45Z</time>
      </trkpt>
      <trkpt lat="22.522329" lon="113.9511">
        <ele>7.6</ele>
        <time>2023-06-18T10:29:46Z</time>
      </trkpt>
      <trkpt lat="22.52231" lon="113.951123">
        <ele>7.6</ele>
        <time>2023-06-18T10:29:47Z</time>
      </trkpt>
      <trkpt lat="22.522294" lon="113.951154">
        <ele>7.6</ele>
        <time>2023-06-18T10:29:48Z</time>
      </trkpt>
      <trkpt lat="22.522274" lon="113.951186">
        <ele>7.6</ele>
        <time>2023-06-18T10:29:49Z</time>
      </trkpt>
      <trkpt lat="22.522253" lon="113.951223">
        <ele>7.6</ele>
        <time>2023-06-18T10:29:50Z</time>
      </trkpt>
      <trkpt lat="22.52223" lon="113.951262">
        <ele>7.6</ele>
        <time>2023-06-18T10:29:51Z</time>
      </trkpt>
      <trkpt lat="22.522202" lon="113.95131">
        <ele>7.5</ele>
        <time>2023-06-18T10:29:52Z</time>
      </trkpt>
      <trkpt lat="22.522174" lon="113.951354">
        <ele>7.5</ele>
        <time>2023-06-18T10:29:53Z</time>
      </trkpt>
      <trkpt lat="22.522147" lon="113.951391">
        <ele>7.5</ele>
        <time>2023-06-18T10:29:54Z</time>
      </trkpt>
      <trkpt lat="22.522126" lon="113.95143">
        <ele>7.4</ele>
        <time>2023-06-18T10:29:55Z</time>
      </trkpt>
      <trkpt lat="22.522112" lon="113.951467">
        <ele>7.4</ele>
        <time>2023-06-18T10:29:56Z</time>
      </trkpt>
      <trkpt lat="22.522097" lon="113.951505">
        <ele>7.4</ele>
        <time>2023-06-18T10:29:57Z</time>
      </trkpt>
      <trkpt lat="22.522089" lon="113.951534">
        <ele>7.4</ele>
        <time>2023-06-18T10:29:58Z</time>
      </trkpt>
      <trkpt lat="22.522088" lon="113.951552">
        <ele>7.4</ele>
        <time>2023-06-18T10:29:59Z</time>
      </trkpt>
      <trkpt lat="22.522091" lon="113.951546">
        <ele>7.4</ele>
        <time>2023-06-18T10:30:00Z</time>
      </trkpt>
      <trkpt lat="22.522091" lon="113.951546">
        <ele>7.4</ele>
        <time>2023-06-18T10:30:02Z</time>
      </trkpt>
      <trkpt lat="22.522093" lon="113.951546">
        <ele>7.4</ele>
        <time>2023-06-18T10:30:03Z</time>
      </trkpt>
      <trkpt lat="22.522093" lon="113.951546">
        <ele>7.4</ele>
        <time>2023-06-18T10:30:25Z</time>
      </trkpt>
      <trkpt lat="22.522093" lon="113.951546">
        <ele>7.4</ele>
        <time>2023-06-18T10:30:26Z</time>
      </trkpt>
      <trkpt lat="22.522093" lon="113.951546">
        <ele>7.4</ele>
        <time>2023-06-18T10:30:27Z</time>
      </trkpt>
      <trkpt lat="22.522093" lon="113.951546">
        <ele>7.4</ele>
        <time>2023-06-18T10:30:28Z</time>
      </trkpt>
      <trkpt lat="22.522093" lon="113.951546">
        <ele>7.4</ele>
        <time>2023-06-18T10:30:29Z</time>
      </trkpt>
      <trkpt lat="22.522093" lon="113.951546">
        <ele>7.4</ele>
        <time>2023-06-18T10:30:30Z</time>
      </trkpt>
      <trkpt lat="22.522093" lon="113.951546">
        <ele>7.4</ele>
        <time>2023-06-18T10:30:31Z</time>
      </trkpt>
      <trkpt lat="22.522093" lon="113.951546">
        <ele>7.4</ele>
        <time>2023-06-18T10:30:32Z</time>
      </trkpt>
      <trkpt lat="22.522093" lon="113.951546">
        <ele>7.4</ele>
        <time>2023-06-18T10:30:34Z</time>
      </trkpt>
      <trkpt lat="22.522093" lon="113.951546">
        <ele>7.4</ele>
        <time>2023-06-18T10:30:45Z</time>
      </trkpt>
      <trkpt lat="22.522093" lon="113.951546">
        <ele>7.4</ele>
        <time>2023-06-18T10:31:00Z</time>
      </trkpt>
      <trkpt lat="22.522093" lon="113.951546">
        <ele>7.4</ele>
        <time>2023-06-18T10:31:04Z</time>
      </trkpt>
      <trkpt lat="22.522089" lon="113.951543">
        <ele>7.4</ele>
        <time>2023-06-18T10:31:14Z</time>
      </trkpt>
      <trkpt lat="22.522067" lon="113.951531">
        <ele>7.4</ele>
        <time>2023-06-18T10:31:15Z</time>
      </trkpt>
      <trkpt lat="22.522063" lon="113.951535">
        <ele>7.3</ele>
        <time>2023-06-18T10:31:16Z</time>
      </trkpt>
      <trkpt lat="22.522057" lon="113.951539">
        <ele>7.3</ele>
        <time>2023-06-18T10:31:17Z</time>
      </trkpt>
      <trkpt lat="22.522048" lon="113.951548">
        <ele>7.3</ele>
        <time>2023-06-18T10:31:18Z</time>
      </trkpt>
      <trkpt lat="22.522043" lon="113.951563">
        <ele>7.3</ele>
        <time>2023-06-18T10:31:19Z</time>
      </trkpt>
      <trkpt lat="22.522038" lon="113.951583">
        <ele>7.3</ele>
        <time>2023-06-18T10:31:20Z</time>
      </trkpt>
      <trkpt lat="22.522028" lon="113.951628">
        <ele>7.3</ele>
        <time>2023-06-18T10:31:21Z</time>
      </trkpt>
      <trkpt lat="22.522019" lon="113.951665">
        <ele>7.3</ele>
        <time>2023-06-18T10:31:22Z</time>
      </trkpt>
      <trkpt lat="22.52201" lon="113.951694">
        <ele>7.3</ele>
        <time>2023-06-18T10:31:23Z</time>
      </trkpt>
      <trkpt lat="22.522001" lon="113.951718">
        <ele>7.2</ele>
        <time>2023-06-18T10:31:24Z</time>
      </trkpt>
      <trkpt lat="22.521988" lon="113.951749">
        <ele>7.2</ele>
        <time>2023-06-18T10:31:25Z</time>
      </trkpt>
      <trkpt lat="22.521981" lon="113.951779">
        <ele>7.2</ele>
        <time>2023-06-18T10:31:26Z</time>
      </trkpt>
      <trkpt lat="22.521974" lon="113.951801">
        <ele>7.2</ele>
        <time>2023-06-18T10:31:27Z</time>
      </trkpt>
      <trkpt lat="22.52197" lon="113.951823">
        <ele>7.2</ele>
        <time>2023-06-18T10:31:28Z</time>
      </trkpt>
      <trkpt lat="22.521967" lon="113.951847">
        <ele>7.2</ele>
        <time>2023-06-18T10:31:29Z</time>
      </trkpt>
      <trkpt lat="22.521965" lon="113.951881">
        <ele>7.1</ele>
        <time>2023-06-18T10:31:30Z</time>
      </trkpt>
      <trkpt lat="22.521963" lon="113.951914">
        <ele>7.1</ele>
        <time>2023-06-18T10:31:31Z</time>
      </trkpt>
      <trkpt lat="22.521961" lon="113.951947">
        <ele>7.1</ele>
        <time>2023-06-18T10:31:32Z</time>
      </trkpt>
      <trkpt lat="22.521959" lon="113.95198">
        <ele>7.1</ele>
        <time>2023-06-18T10:31:33Z</time>
      </trkpt>
      <trkpt lat="22.521957" lon="113.952013">
        <ele>7.1</ele>
        <time>2023-06-18T10:31:34Z</time>
      </trkpt>
      <trkpt lat="22.521957" lon="113.952047">
        <ele>7</ele>
        <time>2023-06-18T10:31:35Z</time>
      </trkpt>
      <trkpt lat="22.521963" lon="113.952085">
        <ele>7</ele>
        <time>2023-06-18T10:31:36Z</time>
      </trkpt>
      <trkpt lat="22.521965" lon="113.952116">
        <ele>7</ele>
        <time>2023-06-18T10:31:37Z</time>
      </trkpt>
      <trkpt lat="22.521967" lon="113.952154">
        <ele>7</ele>
        <time>2023-06-18T10:31:38Z</time>
      </trkpt>
      <trkpt lat="22.521966" lon="113.952197">
        <ele>7</ele>
        <time>2023-06-18T10:31:39Z</time>
      </trkpt>
      <trkpt lat="22.521963" lon="113.952265">
        <ele>6.9</ele>
        <time>2023-06-18T10:31:40Z</time>
      </trkpt>
      <trkpt lat="22.521961" lon="113.952325">
        <ele>6.9</ele>
        <time>2023-06-18T10:31:41Z</time>
      </trkpt>
      <trkpt lat="22.521969" lon="113.952377">
        <ele>6.9</ele>
        <time>2023-06-18T10:31:42Z</time>
      </trkpt>
      <trkpt lat="22.521983" lon="113.952434">
        <ele>6.8</ele>
        <time>2023-06-18T10:31:43Z</time>
      </trkpt>
      <trkpt lat="22.522" lon="113.952497">
        <ele>6.8</ele>
        <time>2023-06-18T10:31:44Z</time>
      </trkpt>
      <trkpt lat="22.522022" lon="113.952537">
        <ele>6.8</ele>
        <time>2023-06-18T10:31:45Z</time>
      </trkpt>
      <trkpt lat="22.522049" lon="113.95259">
        <ele>6.7</ele>
        <time>2023-06-18T10:31:46Z</time>
      </trkpt>
      <trkpt lat="22.522076" lon="113.952635">
        <ele>6.7</ele>
        <time>2023-06-18T10:31:47Z</time>
      </trkpt>
      <trkpt lat="22.522106" lon="113.952683">
        <ele>6.7</ele>
        <time>2023-06-18T10:31:48Z</time>
      </trkpt>
      <trkpt lat="22.522142" lon="113.952734">
        <ele>6.6</ele>
        <time>2023-06-18T10:31:49Z</time>
      </trkpt>
      <trkpt lat="22.522179" lon="113.952778">
        <ele>6.6</ele>
        <time>2023-06-18T10:31:50Z</time>
      </trkpt>
      <trkpt lat="22.522224" lon="113.952809">
        <ele>6.6</ele>
        <time>2023-06-18T10:31:51Z</time>
      </trkpt>
      <trkpt lat="22.522273" lon="113.95284">
        <ele>6.5</ele>
        <time>2023-06-18T10:31:52Z</time>
      </trkpt>
      <trkpt lat="22.522322" lon="113.952869">
        <ele>6.5</ele>
        <time>2023-06-18T10:31:53Z</time>
      </trkpt>
      <trkpt lat="22.522374" lon="113.952892">
        <ele>6.5</ele>
        <time>2023-06-18T10:31:54Z</time>
      </trkpt>
      <trkpt lat="22.522421" lon="113.952913">
        <ele>6.5</ele>
        <time>2023-06-18T10:31:55Z</time>
      </trkpt>
      <trkpt lat="22.522463" lon="113.952931">
        <ele>6.5</ele>
        <time>2023-06-18T10:31:56Z</time>
      </trkpt>
      <trkpt lat="22.522503" lon="113.952963">
        <ele>6.5</ele>
        <time>2023-06-18T10:31:57Z</time>
      </trkpt>
      <trkpt lat="22.522545" lon="113.953002">
        <ele>6.5</ele>
        <time>2023-06-18T10:31:58Z</time>
      </trkpt>
      <trkpt lat="22.52259" lon="113.953039">
        <ele>6.5</ele>
        <time>2023-06-18T10:31:59Z</time>
      </trkpt>
      <trkpt lat="22.522628" lon="113.953078">
        <ele>6.5</ele>
        <time>2023-06-18T10:32:00Z</time>
      </trkpt>
      <trkpt lat="22.522657" lon="113.953116">
        <ele>6.5</ele>
        <time>2023-06-18T10:32:01Z</time>
      </trkpt>
      <trkpt lat="22.522668" lon="113.953157">
        <ele>6.5</ele>
        <time>2023-06-18T10:32:02Z</time>
      </trkpt>
      <trkpt lat="22.522679" lon="113.953197">
        <ele>6.6</ele>
        <time>2023-06-18T10:32:03Z</time>
      </trkpt>
      <trkpt lat="22.522688" lon="113.953238">
        <ele>6.6</ele>
        <time>2023-06-18T10:32:04Z</time>
      </trkpt>
      <trkpt lat="22.522691" lon="113.953275">
        <ele>6.6</ele>
        <time>2023-06-18T10:32:05Z</time>
      </trkpt>
      <trkpt lat="22.522699" lon="113.953311">
        <ele>6.6</ele>
        <time>2023-06-18T10:32:06Z</time>
      </trkpt>
      <trkpt lat="22.522704" lon="113.953332">
        <ele>6.6</ele>
        <time>2023-06-18T10:32:07Z</time>
      </trkpt>
      <trkpt lat="22.522695" lon="113.953343">
        <ele>6.6</ele>
        <time>2023-06-18T10:32:08Z</time>
      </trkpt>
      <trkpt lat="22.522694" lon="113.953376">
        <ele>6.6</ele>
        <time>2023-06-18T10:32:09Z</time>
      </trkpt>
      <trkpt lat="22.522694" lon="113.95342">
        <ele>6.6</ele>
        <time>2023-06-18T10:32:10Z</time>
      </trkpt>
      <trkpt lat="22.522696" lon="113.95345">
        <ele>6.6</ele>
        <time>2023-06-18T10:32:11Z</time>
      </trkpt>
      <trkpt lat="22.522697" lon="113.95348">
        <ele>6.6</ele>
        <time>2023-06-18T10:32:12Z</time>
      </trkpt>
      <trkpt lat="22.522696" lon="113.953505">
        <ele>6.6</ele>
        <time>2023-06-18T10:32:13Z</time>
      </trkpt>
      <trkpt lat="22.522702" lon="113.953545">
        <ele>6.6</ele>
        <time>2023-06-18T10:32:14Z</time>
      </trkpt>
      <trkpt lat="22.522703" lon="113.953597">
        <ele>6.6</ele>
        <time>2023-06-18T10:32:15Z</time>
      </trkpt>
      <trkpt lat="22.522704" lon="113.953643">
        <ele>6.6</ele>
        <time>2023-06-18T10:32:16Z</time>
      </trkpt>
      <trkpt lat="22.522708" lon="113.953689">
        <ele>6.6</ele>
        <time>2023-06-18T10:32:17Z</time>
      </trkpt>
      <trkpt lat="22.522702" lon="113.953735">
        <ele>6.6</ele>
        <time>2023-06-18T10:32:18Z</time>
      </trkpt>
      <trkpt lat="22.522694" lon="113.953792">
        <ele>6.7</ele>
        <time>2023-06-18T10:32:19Z</time>
      </trkpt>
      <trkpt lat="22.52269" lon="113.953845">
        <ele>6.7</ele>
        <time>2023-06-18T10:32:20Z</time>
      </trkpt>
      <trkpt lat="22.522691" lon="113.953905">
        <ele>6.7</ele>
        <time>2023-06-18T10:32:21Z</time>
      </trkpt>
      <trkpt lat="22.522685" lon="113.953959">
        <ele>6.7</ele>
        <time>2023-06-18T10:32:22Z</time>
      </trkpt>
      <trkpt lat="22.522679" lon="113.954019">
        <ele>6.7</ele>
        <time>2023-06-18T10:32:23Z</time>
      </trkpt>
      <trkpt lat="22.522671" lon="113.954079">
        <ele>6.7</ele>
        <time>2023-06-18T10:32:24Z</time>
      </trkpt>
      <trkpt lat="22.522664" lon="113.954134">
        <ele>6.7</ele>
        <time>2023-06-18T10:32:25Z</time>
      </trkpt>
      <trkpt lat="22.522657" lon="113.954197">
        <ele>6.7</ele>
        <time>2023-06-18T10:32:26Z</time>
      </trkpt>
      <trkpt lat="22.522652" lon="113.954258">
        <ele>6.7</ele>
        <time>2023-06-18T10:32:27Z</time>
      </trkpt>
      <trkpt lat="22.522645" lon="113.954325">
        <ele>6.7</ele>
        <time>2023-06-18T10:32:28Z</time>
      </trkpt>
      <trkpt lat="22.522641" lon="113.954384">
        <ele>6.8</ele>
        <time>2023-06-18T10:32:29Z</time>
      </trkpt>
      <trkpt lat="22.522633" lon="113.954438">
        <ele>6.8</ele>
        <time>2023-06-18T10:32:30Z</time>
      </trkpt>
      <trkpt lat="22.522626" lon="113.954492">
        <ele>6.8</ele>
        <time>2023-06-18T10:32:31Z</time>
      </trkpt>
      <trkpt lat="22.52262" lon="113.954554">
        <ele>6.8</ele>
        <time>2023-06-18T10:32:32Z</time>
      </trkpt>
      <trkpt lat="22.522614" lon="113.954614">
        <ele>6.8</ele>
        <time>2023-06-18T10:32:33Z</time>
      </trkpt>
      <trkpt lat="22.522606" lon="113.954666">
        <ele>6.8</ele>
        <time>2023-06-18T10:32:34Z</time>
      </trkpt>
      <trkpt lat="22.522592" lon="113.954719">
        <ele>6.8</ele>
        <time>2023-06-18T10:32:35Z</time>
      </trkpt>
      <trkpt lat="22.522578" lon="113.954765">
        <ele>6.9</ele>
        <time>2023-06-18T10:32:36Z</time>
      </trkpt>
      <trkpt lat="22.522564" lon="113.954812">
        <ele>6.9</ele>
        <time>2023-06-18T10:32:37Z</time>
      </trkpt>
      <trkpt lat="22.52255" lon="113.954858">
        <ele>6.9</ele>
        <time>2023-06-18T10:32:38Z</time>
      </trkpt>
      <trkpt lat="22.522536" lon="113.954905">
        <ele>6.9</ele>
        <time>2023-06-18T10:32:39Z</time>
      </trkpt>
      <trkpt lat="22.522521" lon="113.954951">
        <ele>6.9</ele>
        <time>2023-06-18T10:32:40Z</time>
      </trkpt>
      <trkpt lat="22.522507" lon="113.954997">
        <ele>7</ele>
        <time>2023-06-18T10:32:41Z</time>
      </trkpt>
      <trkpt lat="22.522493" lon="113.955044">
        <ele>7</ele>
        <time>2023-06-18T10:32:42Z</time>
      </trkpt>
      <trkpt lat="22.522479" lon="113.95509">
        <ele>7</ele>
        <time>2023-06-18T10:32:43Z</time>
      </trkpt>
      <trkpt lat="22.522465" lon="113.955137">
        <ele>7</ele>
        <time>2023-06-18T10:32:44Z</time>
      </trkpt>
      <trkpt lat="22.52245" lon="113.955183">
        <ele>7</ele>
        <time>2023-06-18T10:32:45Z</time>
      </trkpt>
      <trkpt lat="22.52245" lon="113.955183">
        <ele>7</ele>
        <time>2023-06-18T10:32:47Z</time>
      </trkpt>
      <trkpt lat="22.52245" lon="113.955183">
        <ele>7</ele>
        <time>2023-06-18T10:32:49Z</time>
      </trkpt>
      <trkpt lat="22.52245" lon="113.955183">
        <ele>7</ele>
        <time>2023-06-18T10:32:50Z</time>
      </trkpt>
      <trkpt lat="22.52245" lon="113.955183">
        <ele>7</ele>
        <time>2023-06-18T10:32:52Z</time>
      </trkpt>
      <trkpt lat="22.52245" lon="113.955183">
        <ele>7</ele>
        <time>2023-06-18T10:32:55Z</time>
      </trkpt>
      <trkpt lat="22.52245" lon="113.955183">
        <ele>7</ele>
        <time>2023-06-18T10:32:56Z</time>
      </trkpt>
      <trkpt lat="22.52245" lon="113.955183">
        <ele>7</ele>
        <time>2023-06-18T10:32:57Z</time>
      </trkpt>
      <trkpt lat="22.52245" lon="113.955183">
        <ele>7</ele>
        <time>2023-06-18T10:33:00Z</time>
      </trkpt>
      <trkpt lat="22.52245" lon="113.955183">
        <ele>7</ele>
        <time>2023-06-18T10:33:03Z</time>
      </trkpt>
      <trkpt lat="22.52245" lon="113.955183">
        <ele>7</ele>
        <time>2023-06-18T10:33:08Z</time>
      </trkpt>
      <trkpt lat="22.52245" lon="113.955183">
        <ele>7</ele>
        <time>2023-06-18T10:33:09Z</time>
      </trkpt>
      <trkpt lat="22.52245" lon="113.955183">
        <ele>7</ele>
        <time>2023-06-18T10:33:11Z</time>
      </trkpt>
      <trkpt lat="22.52245" lon="113.955183">
        <ele>7</ele>
        <time>2023-06-18T10:33:13Z</time>
      </trkpt>
      <trkpt lat="22.52245" lon="113.955183">
        <ele>7</ele>
        <time>2023-06-18T10:33:15Z</time>
      </trkpt>
      <trkpt lat="22.52245" lon="113.955183">
        <ele>7</ele>
        <time>2023-06-18T10:33:16Z</time>
      </trkpt>
      <trkpt lat="22.52245" lon="113.955183">
        <ele>7</ele>
        <time>2023-06-18T10:33:20Z</time>
      </trkpt>
      <trkpt lat="22.52245" lon="113.955183">
        <ele>7</ele>
        <time>2023-06-18T10:33:21Z</time>
      </trkpt>
      <trkpt lat="22.52245" lon="113.955183">
        <ele>7</ele>
        <time>2023-06-18T10:33:23Z</time>
      </trkpt>
      <trkpt lat="22.52245" lon="113.955183">
        <ele>7</ele>
        <time>2023-06-18T10:33:24Z</time>
      </trkpt>
      <trkpt lat="22.52245" lon="113.955183">
        <ele>7</ele>
        <time>2023-06-18T10:33:25Z</time>
      </trkpt>
      <trkpt lat="22.52245" lon="113.955183">
        <ele>7</ele>
        <time>2023-06-18T10:33:26Z</time>
      </trkpt>
      <trkpt lat="22.52245" lon="113.955183">
        <ele>7</ele>
        <time>2023-06-18T10:33:28Z</time>
      </trkpt>
      <trkpt lat="22.521458" lon="113.957458">
        <ele>7.7</ele>
        <time>2023-06-18T10:33:31Z</time>
      </trkpt>
      <trkpt lat="22.521479" lon="113.957467">
        <ele>7.7</ele>
        <time>2023-06-18T10:33:32Z</time>
      </trkpt>
      <trkpt lat="22.521501" lon="113.957481">
        <ele>7.7</ele>
        <time>2023-06-18T10:33:33Z</time>
      </trkpt>
      <trkpt lat="22.521524" lon="113.957536">
        <ele>7.7</ele>
        <time>2023-06-18T10:33:34Z</time>
      </trkpt>
      <trkpt lat="22.521547" lon="113.957595">
        <ele>7.7</ele>
        <time>2023-06-18T10:33:35Z</time>
      </trkpt>
      <trkpt lat="22.521569" lon="113.95764">
        <ele>7.7</ele>
        <time>2023-06-18T10:33:36Z</time>
      </trkpt>
      <trkpt lat="22.521597" lon="113.957677">
        <ele>7.7</ele>
        <time>2023-06-18T10:33:37Z</time>
      </trkpt>
      <trkpt lat="22.521624" lon="113.957714">
        <ele>7.7</ele>
        <time>2023-06-18T10:33:38Z</time>
      </trkpt>
      <trkpt lat="22.521642" lon="113.957745">
        <ele>7.7</ele>
        <time>2023-06-18T10:33:39Z</time>
      </trkpt>
      <trkpt lat="22.521663" lon="113.957775">
        <ele>7.7</ele>
        <time>2023-06-18T10:33:40Z</time>
      </trkpt>
      <trkpt lat="22.521682" lon="113.957797">
        <ele>7.7</ele>
        <time>2023-06-18T10:33:41Z</time>
      </trkpt>
      <trkpt lat="22.521705" lon="113.957822">
        <ele>7.7</ele>
        <time>2023-06-18T10:33:42Z</time>
      </trkpt>
      <trkpt lat="22.521724" lon="113.957854">
        <ele>7.7</ele>
        <time>2023-06-18T10:33:43Z</time>
      </trkpt>
      <trkpt lat="22.521748" lon="113.957901">
        <ele>7.7</ele>
        <time>2023-06-18T10:33:44Z</time>
      </trkpt>
      <trkpt lat="22.52176" lon="113.957953">
        <ele>7.7</ele>
        <time>2023-06-18T10:33:45Z</time>
      </trkpt>
      <trkpt lat="22.521767" lon="113.957998">
        <ele>7.7</ele>
        <time>2023-06-18T10:33:46Z</time>
      </trkpt>
      <trkpt lat="22.521773" lon="113.958037">
        <ele>7.7</ele>
        <time>2023-06-18T10:33:47Z</time>
      </trkpt>
      <trkpt lat="22.521794" lon="113.958082">
        <ele>7.7</ele>
        <time>2023-06-18T10:33:48Z</time>
      </trkpt>
      <trkpt lat="22.521809" lon="113.958122">
        <ele>7.7</ele>
        <time>2023-06-18T10:33:49Z</time>
      </trkpt>
      <trkpt lat="22.521812" lon="113.958169">
        <ele>7.7</ele>
        <time>2023-06-18T10:33:50Z</time>
      </trkpt>
      <trkpt lat="22.521812" lon="113.958225">
        <ele>7.6</ele>
        <time>2023-06-18T10:33:51Z</time>
      </trkpt>
      <trkpt lat="22.521808" lon="113.958282">
        <ele>7.6</ele>
        <time>2023-06-18T10:33:52Z</time>
      </trkpt>
      <trkpt lat="22.521799" lon="113.958336">
        <ele>7.5</ele>
        <time>2023-06-18T10:33:53Z</time>
      </trkpt>
      <trkpt lat="22.521787" lon="113.95839">
        <ele>7.5</ele>
        <time>2023-06-18T10:33:54Z</time>
      </trkpt>
      <trkpt lat="22.521766" lon="113.95844">
        <ele>7.4</ele>
        <time>2023-06-18T10:33:55Z</time>
      </trkpt>
      <trkpt lat="22.521737" lon="113.958472">
        <ele>7.4</ele>
        <time>2023-06-18T10:33:56Z</time>
      </trkpt>
      <trkpt lat="22.521708" lon="113.958503">
        <ele>7.3</ele>
        <time>2023-06-18T10:33:57Z</time>
      </trkpt>
      <trkpt lat="22.521678" lon="113.958535">
        <ele>7.3</ele>
        <time>2023-06-18T10:33:58Z</time>
      </trkpt>
      <trkpt lat="22.521649" lon="113.958567">
        <ele>7.2</ele>
        <time>2023-06-18T10:33:59Z</time>
      </trkpt>
      <trkpt lat="22.52162" lon="113.958599">
        <ele>7.2</ele>
        <time>2023-06-18T10:34:00Z</time>
      </trkpt>
      <trkpt lat="22.521588" lon="113.958629">
        <ele>7.1</ele>
        <time>2023-06-18T10:34:01Z</time>
      </trkpt>
      <trkpt lat="22.521541" lon="113.95865">
        <ele>7.1</ele>
        <time>2023-06-18T10:34:02Z</time>
      </trkpt>
      <trkpt lat="22.52149" lon="113.958658">
        <ele>7</ele>
        <time>2023-06-18T10:34:03Z</time>
      </trkpt>
      <trkpt lat="22.52143" lon="113.958672">
        <ele>7</ele>
        <time>2023-06-18T10:34:04Z</time>
      </trkpt>
      <trkpt lat="22.521363" lon="113.958672">
        <ele>6.9</ele>
        <time>2023-06-18T10:34:05Z</time>
      </trkpt>
      <trkpt lat="22.521308" lon="113.958673">
        <ele>6.9</ele>
        <time>2023-06-18T10:34:06Z</time>
      </trkpt>
      <trkpt lat="22.521262" lon="113.958679">
        <ele>6.8</ele>
        <time>2023-06-18T10:34:07Z</time>
      </trkpt>
      <trkpt lat="22.521225" lon="113.958679">
        <ele>6.8</ele>
        <time>2023-06-18T10:34:08Z</time>
      </trkpt>
      <trkpt lat="22.5212" lon="113.95868">
        <ele>6.7</ele>
        <time>2023-06-18T10:34:09Z</time>
      </trkpt>
      <trkpt lat="22.521185" lon="113.958688">
        <ele>6.7</ele>
        <time>2023-06-18T10:34:10Z</time>
      </trkpt>
      <trkpt lat="22.521173" lon="113.958695">
        <ele>6.7</ele>
        <time>2023-06-18T10:34:11Z</time>
      </trkpt>
      <trkpt lat="22.521173" lon="113.958695">
        <ele>6.7</ele>
        <time>2023-06-18T10:34:12Z</time>
      </trkpt>
      <trkpt lat="22.521173" lon="113.958695">
        <ele>6.7</ele>
        <time>2023-06-18T10:34:13Z</time>
      </trkpt>
      <trkpt lat="22.521173" lon="113.958695">
        <ele>6.7</ele>
        <time>2023-06-18T10:34:16Z</time>
      </trkpt>
      <trkpt lat="22.521173" lon="113.958695">
        <ele>6.7</ele>
        <time>2023-06-18T10:34:17Z</time>
      </trkpt>
      <trkpt lat="22.521173" lon="113.958695">
        <ele>6.7</ele>
        <time>2023-06-18T10:34:18Z</time>
      </trkpt>
      <trkpt lat="22.521173" lon="113.958695">
        <ele>6.7</ele>
        <time>2023-06-18T10:34:19Z</time>
      </trkpt>
      <trkpt lat="22.521173" lon="113.958695">
        <ele>6.7</ele>
        <time>2023-06-18T10:34:20Z</time>
      </trkpt>
      <trkpt lat="22.521173" lon="113.958695">
        <ele>6.7</ele>
        <time>2023-06-18T10:34:22Z</time>
      </trkpt>
      <trkpt lat="22.521173" lon="113.958695">
        <ele>6.7</ele>
        <time>2023-06-18T10:34:24Z</time>
      </trkpt>
      <trkpt lat="22.521173" lon="113.958695">
        <ele>6.7</ele>
        <time>2023-06-18T10:34:25Z</time>
      </trkpt>
      <trkpt lat="22.521173" lon="113.958695">
        <ele>6.7</ele>
        <time>2023-06-18T10:34:27Z</time>
      </trkpt>
      <trkpt lat="22.521173" lon="113.958695">
        <ele>6.7</ele>
        <time>2023-06-18T10:34:28Z</time>
      </trkpt>
      <trkpt lat="22.521173" lon="113.958695">
        <ele>6.7</ele>
        <time>2023-06-18T10:34:29Z</time>
      </trkpt>
      <trkpt lat="22.521173" lon="113.958695">
        <ele>6.7</ele>
        <time>2023-06-18T10:34:32Z</time>
      </trkpt>
      <trkpt lat="22.521173" lon="113.958695">
        <ele>6.7</ele>
        <time>2023-06-18T10:34:33Z</time>
      </trkpt>
      <trkpt lat="22.521173" lon="113.958695">
        <ele>6.7</ele>
        <time>2023-06-18T10:34:34Z</time>
      </trkpt>
      <trkpt lat="22.521173" lon="113.958695">
        <ele>6.7</ele>
        <time>2023-06-18T10:34:36Z</time>
      </trkpt>
      <trkpt lat="22.521173" lon="113.958695">
        <ele>6.7</ele>
        <time>2023-06-18T10:34:42Z</time>
      </trkpt>
      <trkpt lat="22.521173" lon="113.958695">
        <ele>6.7</ele>
        <time>2023-06-18T10:34:47Z</time>
      </trkpt>
      <trkpt lat="22.521173" lon="113.958695">
        <ele>6.7</ele>
        <time>2023-06-18T10:34:49Z</time>
      </trkpt>
      <trkpt lat="22.521173" lon="113.958695">
        <ele>6.7</ele>
        <time>2023-06-18T10:34:51Z</time>
      </trkpt>
      <trkpt lat="22.521173" lon="113.958695">
        <ele>6.7</ele>
        <time>2023-06-18T10:34:53Z</time>
      </trkpt>
      <trkpt lat="22.521967" lon="113.96125">
        <ele>5.7</ele>
        <time>2023-06-18T10:34:56Z</time>
      </trkpt>
      <trkpt lat="22.521965" lon="113.961291">
        <ele>5.6</ele>
        <time>2023-06-18T10:34:57Z</time>
      </trkpt>
      <trkpt lat="22.521965" lon="113.961334">
        <ele>5.6</ele>
        <time>2023-06-18T10:34:58Z</time>
      </trkpt>
      <trkpt lat="22.521978" lon="113.961387">
        <ele>5.6</ele>
        <time>2023-06-18T10:34:59Z</time>
      </trkpt>
      <trkpt lat="22.521992" lon="113.961451">
        <ele>5.6</ele>
        <time>2023-06-18T10:35:00Z</time>
      </trkpt>
      <trkpt lat="22.521996" lon="113.961527">
        <ele>5.6</ele>
        <time>2023-06-18T10:35:01Z</time>
      </trkpt>
      <trkpt lat="22.522003" lon="113.961594">
        <ele>5.6</ele>
        <time>2023-06-18T10:35:02Z</time>
      </trkpt>
      <trkpt lat="22.522017" lon="113.961671">
        <ele>5.6</ele>
        <time>2023-06-18T10:35:03Z</time>
      </trkpt>
      <trkpt lat="22.522029" lon="113.961732">
        <ele>5.6</ele>
        <time>2023-06-18T10:35:04Z</time>
      </trkpt>
      <trkpt lat="22.52204" lon="113.961795">
        <ele>5.6</ele>
        <time>2023-06-18T10:35:05Z</time>
      </trkpt>
      <trkpt lat="22.522054" lon="113.96187">
        <ele>5.6</ele>
        <time>2023-06-18T10:35:06Z</time>
      </trkpt>
      <trkpt lat="22.522063" lon="113.961937">
        <ele>5.6</ele>
        <time>2023-06-18T10:35:07Z</time>
      </trkpt>
      <trkpt lat="22.52207" lon="113.961999">
        <ele>5.6</ele>
        <time>2023-06-18T10:35:08Z</time>
      </trkpt>
      <trkpt lat="22.522072" lon="113.96206">
        <ele>5.6</ele>
        <time>2023-06-18T10:35:09Z</time>
      </trkpt>
      <trkpt lat="22.522077" lon="113.962121">
        <ele>5.5</ele>
        <time>2023-06-18T10:35:10Z</time>
      </trkpt>
      <trkpt lat="22.522084" lon="113.962181">
        <ele>5.5</ele>
        <time>2023-06-18T10:35:11Z</time>
      </trkpt>
      <trkpt lat="22.522089" lon="113.962241">
        <ele>5.5</ele>
        <time>2023-06-18T10:35:12Z</time>
      </trkpt>
      <trkpt lat="22.522089" lon="113.962295">
        <ele>5.5</ele>
        <time>2023-06-18T10:35:13Z</time>
      </trkpt>
      <trkpt lat="22.522092" lon="113.962351">
        <ele>5.5</ele>
        <time>2023-06-18T10:35:14Z</time>
      </trkpt>
      <trkpt lat="22.522094" lon="113.962417">
        <ele>5.5</ele>
        <time>2023-06-18T10:35:15Z</time>
      </trkpt>
      <trkpt lat="22.522093" lon="113.962465">
        <ele>5.5</ele>
        <time>2023-06-18T10:35:16Z</time>
      </trkpt>
      <trkpt lat="22.52209" lon="113.962537">
        <ele>5.5</ele>
        <time>2023-06-18T10:35:17Z</time>
      </trkpt>
      <trkpt lat="22.522084" lon="113.962618">
        <ele>5.5</ele>
        <time>2023-06-18T10:35:18Z</time>
      </trkpt>
      <trkpt lat="22.522077" lon="113.962687">
        <ele>5.5</ele>
        <time>2023-06-18T10:35:19Z</time>
      </trkpt>
      <trkpt lat="22.522071" lon="113.962759">
        <ele>5.5</ele>
        <time>2023-06-18T10:35:20Z</time>
      </trkpt>
      <trkpt lat="22.522071" lon="113.962824">
        <ele>5.5</ele>
        <time>2023-06-18T10:35:21Z</time>
      </trkpt>
      <trkpt lat="22.522074" lon="113.962885">
        <ele>5.5</ele>
        <time>2023-06-18T10:35:22Z</time>
      </trkpt>
      <trkpt lat="22.522078" lon="113.962953">
        <ele>5.5</ele>
        <time>2023-06-18T10:35:23Z</time>
      </trkpt>
      <trkpt lat="22.522077" lon="113.963021">
        <ele>5.4</ele>
        <time>2023-06-18T10:35:24Z</time>
      </trkpt>
      <trkpt lat="22.52207" lon="113.963082">
        <ele>5.4</ele>
        <time>2023-06-18T10:35:25Z</time>
      </trkpt>
      <trkpt lat="22.522059" lon="113.963136">
        <ele>5.4</ele>
        <time>2023-06-18T10:35:26Z</time>
      </trkpt>
      <trkpt lat="22.522047" lon="113.963187">
        <ele>5.4</ele>
        <time>2023-06-18T10:35:27Z</time>
      </trkpt>
      <trkpt lat="22.522033" lon="113.963233">
        <ele>5.4</ele>
        <time>2023-06-18T10:35:28Z</time>
      </trkpt>
      <trkpt lat="22.522026" lon="113.963279">
        <ele>5.4</ele>
        <time>2023-06-18T10:35:29Z</time>
      </trkpt>
      <trkpt lat="22.522024" lon="113.963332">
        <ele>5.4</ele>
        <time>2023-06-18T10:35:30Z</time>
      </trkpt>
      <trkpt lat="22.522022" lon="113.963379">
        <ele>5.4</ele>
        <time>2023-06-18T10:35:31Z</time>
      </trkpt>
      <trkpt lat="22.522022" lon="113.963431">
        <ele>5.4</ele>
        <time>2023-06-18T10:35:32Z</time>
      </trkpt>
      <trkpt lat="22.522022" lon="113.963477">
        <ele>5.4</ele>
        <time>2023-06-18T10:35:33Z</time>
      </trkpt>
      <trkpt lat="22.522022" lon="113.963522">
        <ele>5.4</ele>
        <time>2023-06-18T10:35:34Z</time>
      </trkpt>
      <trkpt lat="22.522022" lon="113.963578">
        <ele>5.4</ele>
        <time>2023-06-18T10:35:35Z</time>
      </trkpt>
      <trkpt lat="22.522023" lon="113.963631">
        <ele>5.4</ele>
        <time>2023-06-18T10:35:36Z</time>
      </trkpt>
      <trkpt lat="22.522024" lon="113.963683">
        <ele>5.4</ele>
        <time>2023-06-18T10:35:37Z</time>
      </trkpt>
      <trkpt lat="22.522026" lon="113.963729">
        <ele>5.4</ele>
        <time>2023-06-18T10:35:38Z</time>
      </trkpt>
      <trkpt lat="22.522027" lon="113.963775">
        <ele>5.4</ele>
        <time>2023-06-18T10:35:39Z</time>
      </trkpt>
      <trkpt lat="22.522024" lon="113.963821">
        <ele>5.4</ele>
        <time>2023-06-18T10:35:40Z</time>
      </trkpt>
      <trkpt lat="22.522024" lon="113.963874">
        <ele>5.4</ele>
        <time>2023-06-18T10:35:41Z</time>
      </trkpt>
      <trkpt lat="22.522022" lon="113.963925">
        <ele>5.4</ele>
        <time>2023-06-18T10:35:42Z</time>
      </trkpt>
      <trkpt lat="22.522022" lon="113.963959">
        <ele>5.4</ele>
        <time>2023-06-18T10:35:43Z</time>
      </trkpt>
      <trkpt lat="22.522023" lon="113.964012">
        <ele>5.4</ele>
        <time>2023-06-18T10:35:44Z</time>
      </trkpt>
      <trkpt lat="22.522027" lon="113.964065">
        <ele>5.3</ele>
        <time>2023-06-18T10:35:45Z</time>
      </trkpt>
      <trkpt lat="22.522032" lon="113.964118">
        <ele>5.3</ele>
        <time>2023-06-18T10:35:46Z</time>
      </trkpt>
      <trkpt lat="22.522036" lon="113.964166">
        <ele>5.3</ele>
        <time>2023-06-18T10:35:47Z</time>
      </trkpt>
      <trkpt lat="22.52204" lon="113.964234">
        <ele>5.3</ele>
        <time>2023-06-18T10:35:48Z</time>
      </trkpt>
      <trkpt lat="22.522045" lon="113.964296">
        <ele>5.3</ele>
        <time>2023-06-18T10:35:49Z</time>
      </trkpt>
      <trkpt lat="22.522047" lon="113.964357">
        <ele>5.3</ele>
        <time>2023-06-18T10:35:50Z</time>
      </trkpt>
      <trkpt lat="22.522049" lon="113.964416">
        <ele>5.3</ele>
        <time>2023-06-18T10:35:51Z</time>
      </trkpt>
      <trkpt lat="22.522051" lon="113.964477">
        <ele>5.3</ele>
        <time>2023-06-18T10:35:52Z</time>
      </trkpt>
      <trkpt lat="22.522055" lon="113.964539">
        <ele>5.3</ele>
        <time>2023-06-18T10:35:53Z</time>
      </trkpt>
      <trkpt lat="22.522057" lon="113.964601">
        <ele>5.3</ele>
        <time>2023-06-18T10:35:54Z</time>
      </trkpt>
      <trkpt lat="22.522063" lon="113.964661">
        <ele>5.3</ele>
        <time>2023-06-18T10:35:55Z</time>
      </trkpt>
      <trkpt lat="22.522065" lon="113.964721">
        <ele>5.3</ele>
        <time>2023-06-18T10:35:56Z</time>
      </trkpt>
      <trkpt lat="22.522068" lon="113.964776">
        <ele>5.3</ele>
        <time>2023-06-18T10:35:57Z</time>
      </trkpt>
      <trkpt lat="22.522068" lon="113.964838">
        <ele>5.3</ele>
        <time>2023-06-18T10:35:58Z</time>
      </trkpt>
      <trkpt lat="22.522066" lon="113.964899">
        <ele>5.3</ele>
        <time>2023-06-18T10:35:59Z</time>
      </trkpt>
      <trkpt lat="22.522064" lon="113.964959">
        <ele>5.3</ele>
        <time>2023-06-18T10:36:00Z</time>
      </trkpt>
      <trkpt lat="22.522066" lon="113.96502">
        <ele>5.3</ele>
        <time>2023-06-18T10:36:01Z</time>
      </trkpt>
      <trkpt lat="22.522064" lon="113.965074">
        <ele>5.3</ele>
        <time>2023-06-18T10:36:02Z</time>
      </trkpt>
      <trkpt lat="22.522063" lon="113.965142">
        <ele>5.3</ele>
        <time>2023-06-18T10:36:03Z</time>
      </trkpt>
      <trkpt lat="22.522064" lon="113.965203">
        <ele>5.3</ele>
        <time>2023-06-18T10:36:04Z</time>
      </trkpt>
      <trkpt lat="22.522064" lon="113.965265">
        <ele>5.3</ele>
        <time>2023-06-18T10:36:05Z</time>
      </trkpt>
      <trkpt lat="22.522063" lon="113.965329">
        <ele>5.3</ele>
        <time>2023-06-18T10:36:06Z</time>
      </trkpt>
      <trkpt lat="22.522054" lon="113.965412">
        <ele>5.3</ele>
        <time>2023-06-18T10:36:07Z</time>
      </trkpt>
      <trkpt lat="22.52205" lon="113.965489">
        <ele>5.3</ele>
        <time>2023-06-18T10:36:08Z</time>
      </trkpt>
      <trkpt lat="22.522047" lon="113.965555">
        <ele>5.3</ele>
        <time>2023-06-18T10:36:09Z</time>
      </trkpt>
      <trkpt lat="22.522042" lon="113.965617">
        <ele>5.3</ele>
        <time>2023-06-18T10:36:10Z</time>
      </trkpt>
      <trkpt lat="22.522031" lon="113.965684">
        <ele>5.3</ele>
        <time>2023-06-18T10:36:11Z</time>
      </trkpt>
      <trkpt lat="22.522016" lon="113.965743">
        <ele>5.3</ele>
        <time>2023-06-18T10:36:12Z</time>
      </trkpt>
      <trkpt lat="22.521994" lon="113.965798">
        <ele>5.3</ele>
        <time>2023-06-18T10:36:13Z</time>
      </trkpt>
      <trkpt lat="22.521971" lon="113.96585">
        <ele>5.3</ele>
        <time>2023-06-18T10:36:14Z</time>
      </trkpt>
      <trkpt lat="22.521948" lon="113.965898">
        <ele>5.3</ele>
        <time>2023-06-18T10:36:15Z</time>
      </trkpt>
      <trkpt lat="22.521923" lon="113.965958">
        <ele>5.3</ele>
        <time>2023-06-18T10:36:16Z</time>
      </trkpt>
      <trkpt lat="22.521896" lon="113.966021">
        <ele>5.4</ele>
        <time>2023-06-18T10:36:17Z</time>
      </trkpt>
      <trkpt lat="22.521866" lon="113.966095">
        <ele>5.4</ele>
        <time>2023-06-18T10:36:18Z</time>
      </trkpt>
      <trkpt lat="22.521828" lon="113.966153">
        <ele>5.4</ele>
        <time>2023-06-18T10:36:19Z</time>
      </trkpt>
      <trkpt lat="22.52179" lon="113.966211">
        <ele>5.4</ele>
        <time>2023-06-18T10:36:20Z</time>
      </trkpt>
      <trkpt lat="22.521752" lon="113.966269">
        <ele>5.4</ele>
        <time>2023-06-18T10:36:21Z</time>
      </trkpt>
      <trkpt lat="22.521714" lon="113.966327">
        <ele>5.4</ele>
        <time>2023-06-18T10:36:22Z</time>
      </trkpt>
      <trkpt lat="22.521675" lon="113.966385">
        <ele>5.4</ele>
        <time>2023-06-18T10:36:23Z</time>
      </trkpt>
      <trkpt lat="22.521632" lon="113.966443">
        <ele>5.4</ele>
        <time>2023-06-18T10:36:24Z</time>
      </trkpt>
      <trkpt lat="22.521589" lon="113.966501">
        <ele>5.4</ele>
        <time>2023-06-18T10:36:25Z</time>
      </trkpt>
      <trkpt lat="22.521547" lon="113.966559">
        <ele>5.4</ele>
        <time>2023-06-18T10:36:26Z</time>
      </trkpt>
      <trkpt lat="22.521504" lon="113.966617">
        <ele>5.4</ele>
        <time>2023-06-18T10:36:27Z</time>
      </trkpt>
      <trkpt lat="22.521463" lon="113.966673">
        <ele>5.5</ele>
        <time>2023-06-18T10:36:28Z</time>
      </trkpt>
      <trkpt lat="22.521434" lon="113.966715">
        <ele>5.5</ele>
        <time>2023-06-18T10:36:29Z</time>
      </trkpt>
      <trkpt lat="22.521404" lon="113.966782">
        <ele>5.5</ele>
        <time>2023-06-18T10:36:30Z</time>
      </trkpt>
      <trkpt lat="22.521378" lon="113.966844">
        <ele>5.5</ele>
        <time>2023-06-18T10:36:31Z</time>
      </trkpt>
      <trkpt lat="22.521353" lon="113.966906">
        <ele>5.5</ele>
        <time>2023-06-18T10:36:32Z</time>
      </trkpt>
      <trkpt lat="22.521331" lon="113.966964">
        <ele>5.5</ele>
        <time>2023-06-18T10:36:33Z</time>
      </trkpt>
      <trkpt lat="22.521313" lon="113.967018">
        <ele>5.5</ele>
        <time>2023-06-18T10:36:34Z</time>
      </trkpt>
      <trkpt lat="22.521299" lon="113.967071">
        <ele>5.5</ele>
        <time>2023-06-18T10:36:35Z</time>
      </trkpt>
      <trkpt lat="22.521286" lon="113.967119">
        <ele>5.5</ele>
        <time>2023-06-18T10:36:36Z</time>
      </trkpt>
      <trkpt lat="22.521273" lon="113.967177">
        <ele>5.5</ele>
        <time>2023-06-18T10:36:37Z</time>
      </trkpt>
      <trkpt lat="22.521266" lon="113.967222">
        <ele>5.5</ele>
        <time>2023-06-18T10:36:38Z</time>
      </trkpt>
      <trkpt lat="22.521261" lon="113.967261">
        <ele>5.5</ele>
        <time>2023-06-18T10:36:39Z</time>
      </trkpt>
      <trkpt lat="22.521257" lon="113.967307">
        <ele>5.5</ele>
        <time>2023-06-18T10:36:40Z</time>
      </trkpt>
      <trkpt lat="22.521254" lon="113.967353">
        <ele>5.5</ele>
        <time>2023-06-18T10:36:41Z</time>
      </trkpt>
      <trkpt lat="22.521258" lon="113.967398">
        <ele>5.5</ele>
        <time>2023-06-18T10:36:42Z</time>
      </trkpt>
      <trkpt lat="22.521264" lon="113.967446">
        <ele>5.5</ele>
        <time>2023-06-18T10:36:43Z</time>
      </trkpt>
      <trkpt lat="22.521273" lon="113.967507">
        <ele>5.5</ele>
        <time>2023-06-18T10:36:44Z</time>
      </trkpt>
      <trkpt lat="22.521286" lon="113.967569">
        <ele>5.5</ele>
        <time>2023-06-18T10:36:45Z</time>
      </trkpt>
      <trkpt lat="22.521302" lon="113.96763">
        <ele>5.4</ele>
        <time>2023-06-18T10:36:46Z</time>
      </trkpt>
      <trkpt lat="22.521319" lon="113.96769">
        <ele>5.4</ele>
        <time>2023-06-18T10:36:47Z</time>
      </trkpt>
      <trkpt lat="22.521339" lon="113.967751">
        <ele>5.4</ele>
        <time>2023-06-18T10:36:48Z</time>
      </trkpt>
      <trkpt lat="22.521362" lon="113.967812">
        <ele>5.4</ele>
        <time>2023-06-18T10:36:49Z</time>
      </trkpt>
      <trkpt lat="22.521389" lon="113.967865">
        <ele>5.4</ele>
        <time>2023-06-18T10:36:50Z</time>
      </trkpt>
      <trkpt lat="22.521418" lon="113.967917">
        <ele>5.4</ele>
        <time>2023-06-18T10:36:51Z</time>
      </trkpt>
      <trkpt lat="22.521452" lon="113.967962">
        <ele>5.4</ele>
        <time>2023-06-18T10:36:52Z</time>
      </trkpt>
      <trkpt lat="22.521503" lon="113.968">
        <ele>5.4</ele>
        <time>2023-06-18T10:36:53Z</time>
      </trkpt>
      <trkpt lat="22.521543" lon="113.968039">
        <ele>5.4</ele>
        <time>2023-06-18T10:36:54Z</time>
      </trkpt>
      <trkpt lat="22.521584" lon="113.968084">
        <ele>5.4</ele>
        <time>2023-06-18T10:36:55Z</time>
      </trkpt>
      <trkpt lat="22.521625" lon="113.968129">
        <ele>5.4</ele>
        <time>2023-06-18T10:36:56Z</time>
      </trkpt>
      <trkpt lat="22.521671" lon="113.96817">
        <ele>5.4</ele>
        <time>2023-06-18T10:36:57Z</time>
      </trkpt>
      <trkpt lat="22.52172" lon="113.968223">
        <ele>5.4</ele>
        <time>2023-06-18T10:36:58Z</time>
      </trkpt>
      <trkpt lat="22.521765" lon="113.968269">
        <ele>5.4</ele>
        <time>2023-06-18T10:36:59Z</time>
      </trkpt>
      <trkpt lat="22.521806" lon="113.968324">
        <ele>5.4</ele>
        <time>2023-06-18T10:37:00Z</time>
      </trkpt>
      <trkpt lat="22.521843" lon="113.968384">
        <ele>5.4</ele>
        <time>2023-06-18T10:37:01Z</time>
      </trkpt>
      <trkpt lat="22.52188" lon="113.968436">
        <ele>5.4</ele>
        <time>2023-06-18T10:37:02Z</time>
      </trkpt>
      <trkpt lat="22.521916" lon="113.968481">
        <ele>5.4</ele>
        <time>2023-06-18T10:37:03Z</time>
      </trkpt>
      <trkpt lat="22.521955" lon="113.968528">
        <ele>5.3</ele>
        <time>2023-06-18T10:37:04Z</time>
      </trkpt>
      <trkpt lat="22.521994" lon="113.968582">
        <ele>5.3</ele>
        <time>2023-06-18T10:37:05Z</time>
      </trkpt>
      <trkpt lat="22.522026" lon="113.968635">
        <ele>5.3</ele>
        <time>2023-06-18T10:37:06Z</time>
      </trkpt>
      <trkpt lat="22.522054" lon="113.968688">
        <ele>5.3</ele>
        <time>2023-06-18T10:37:07Z</time>
      </trkpt>
      <trkpt lat="22.522081" lon="113.968744">
        <ele>5.3</ele>
        <time>2023-06-18T10:37:08Z</time>
      </trkpt>
      <trkpt lat="22.522094" lon="113.968803">
        <ele>5.3</ele>
        <time>2023-06-18T10:37:09Z</time>
      </trkpt>
      <trkpt lat="22.522107" lon="113.968862">
        <ele>5.3</ele>
        <time>2023-06-18T10:37:10Z</time>
      </trkpt>
      <trkpt lat="22.522119" lon="113.968922">
        <ele>5.3</ele>
        <time>2023-06-18T10:37:11Z</time>
      </trkpt>
      <trkpt lat="22.522132" lon="113.968981">
        <ele>5.3</ele>
        <time>2023-06-18T10:37:12Z</time>
      </trkpt>
      <trkpt lat="22.522144" lon="113.969041">
        <ele>5.3</ele>
        <time>2023-06-18T10:37:13Z</time>
      </trkpt>
      <trkpt lat="22.522153" lon="113.969105">
        <ele>5.3</ele>
        <time>2023-06-18T10:37:14Z</time>
      </trkpt>
      <trkpt lat="22.522162" lon="113.969168">
        <ele>5.3</ele>
        <time>2023-06-18T10:37:15Z</time>
      </trkpt>
      <trkpt lat="22.522168" lon="113.969233">
        <ele>5.3</ele>
        <time>2023-06-18T10:37:16Z</time>
      </trkpt>
      <trkpt lat="22.522161" lon="113.9693">
        <ele>5.3</ele>
        <time>2023-06-18T10:37:17Z</time>
      </trkpt>
      <trkpt lat="22.522157" lon="113.969365">
        <ele>5.3</ele>
        <time>2023-06-18T10:37:18Z</time>
      </trkpt>
      <trkpt lat="22.522154" lon="113.969429">
        <ele>5.3</ele>
        <time>2023-06-18T10:37:19Z</time>
      </trkpt>
      <trkpt lat="22.522154" lon="113.969492">
        <ele>5.3</ele>
        <time>2023-06-18T10:37:20Z</time>
      </trkpt>
      <trkpt lat="22.522154" lon="113.969568">
        <ele>5.2</ele>
        <time>2023-06-18T10:37:21Z</time>
      </trkpt>
      <trkpt lat="22.522154" lon="113.969637">
        <ele>5.2</ele>
        <time>2023-06-18T10:37:22Z</time>
      </trkpt>
      <trkpt lat="22.522154" lon="113.969705">
        <ele>5.2</ele>
        <time>2023-06-18T10:37:23Z</time>
      </trkpt>
      <trkpt lat="22.522154" lon="113.969771">
        <ele>5.2</ele>
        <time>2023-06-18T10:37:24Z</time>
      </trkpt>
      <trkpt lat="22.522155" lon="113.969836">
        <ele>5.2</ele>
        <time>2023-06-18T10:37:25Z</time>
      </trkpt>
      <trkpt lat="22.522155" lon="113.969902">
        <ele>5.2</ele>
        <time>2023-06-18T10:37:26Z</time>
      </trkpt>
      <trkpt lat="22.522155" lon="113.969967">
        <ele>5.2</ele>
        <time>2023-06-18T10:37:27Z</time>
      </trkpt>
      <trkpt lat="22.522156" lon="113.970035">
        <ele>5.2</ele>
        <time>2023-06-18T10:37:28Z</time>
      </trkpt>
      <trkpt lat="22.522157" lon="113.97012">
        <ele>5.2</ele>
        <time>2023-06-18T10:37:29Z</time>
      </trkpt>
      <trkpt lat="22.522151" lon="113.970204">
        <ele>5.2</ele>
        <time>2023-06-18T10:37:30Z</time>
      </trkpt>
      <trkpt lat="22.522143" lon="113.970288">
        <ele>5.2</ele>
        <time>2023-06-18T10:37:31Z</time>
      </trkpt>
      <trkpt lat="22.522132" lon="113.970371">
        <ele>5.2</ele>
        <time>2023-06-18T10:37:32Z</time>
      </trkpt>
      <trkpt lat="22.522127" lon="113.970454">
        <ele>5.2</ele>
        <time>2023-06-18T10:37:33Z</time>
      </trkpt>
      <trkpt lat="22.522123" lon="113.97053">
        <ele>5.2</ele>
        <time>2023-06-18T10:37:34Z</time>
      </trkpt>
      <trkpt lat="22.522123" lon="113.970599">
        <ele>5.1</ele>
        <time>2023-06-18T10:37:35Z</time>
      </trkpt>
      <trkpt lat="22.522116" lon="113.970675">
        <ele>5.1</ele>
        <time>2023-06-18T10:37:36Z</time>
      </trkpt>
      <trkpt lat="22.522106" lon="113.970752">
        <ele>5.1</ele>
        <time>2023-06-18T10:37:37Z</time>
      </trkpt>
      <trkpt lat="22.522092" lon="113.970835">
        <ele>5.1</ele>
        <time>2023-06-18T10:37:38Z</time>
      </trkpt>
      <trkpt lat="22.522083" lon="113.970911">
        <ele>5.1</ele>
        <time>2023-06-18T10:37:39Z</time>
      </trkpt>
      <trkpt lat="22.522079" lon="113.970979">
        <ele>5.1</ele>
        <time>2023-06-18T10:37:40Z</time>
      </trkpt>
      <trkpt lat="22.522085" lon="113.971048">
        <ele>5.1</ele>
        <time>2023-06-18T10:37:41Z</time>
      </trkpt>
      <trkpt lat="22.522083" lon="113.971108">
        <ele>5.1</ele>
        <time>2023-06-18T10:37:42Z</time>
      </trkpt>
      <trkpt lat="22.522081" lon="113.971178">
        <ele>5.1</ele>
        <time>2023-06-18T10:37:43Z</time>
      </trkpt>
      <trkpt lat="22.522079" lon="113.971247">
        <ele>5.1</ele>
        <time>2023-06-18T10:37:44Z</time>
      </trkpt>
      <trkpt lat="22.52208" lon="113.971316">
        <ele>5.1</ele>
        <time>2023-06-18T10:37:45Z</time>
      </trkpt>
      <trkpt lat="22.522082" lon="113.971393">
        <ele>5.1</ele>
        <time>2023-06-18T10:37:46Z</time>
      </trkpt>
      <trkpt lat="22.522088" lon="113.971468">
        <ele>5.1</ele>
        <time>2023-06-18T10:37:47Z</time>
      </trkpt>
      <trkpt lat="22.522093" lon="113.971535">
        <ele>5.1</ele>
        <time>2023-06-18T10:37:48Z</time>
      </trkpt>
      <trkpt lat="22.522097" lon="113.971592">
        <ele>5.1</ele>
        <time>2023-06-18T10:37:49Z</time>
      </trkpt>
      <trkpt lat="22.5221" lon="113.971651">
        <ele>5.1</ele>
        <time>2023-06-18T10:37:50Z</time>
      </trkpt>
      <trkpt lat="22.5221" lon="113.971718">
        <ele>5.1</ele>
        <time>2023-06-18T10:37:51Z</time>
      </trkpt>
      <trkpt lat="22.522097" lon="113.971779">
        <ele>5.1</ele>
        <time>2023-06-18T10:37:52Z</time>
      </trkpt>
      <trkpt lat="22.522097" lon="113.971843">
        <ele>5.1</ele>
        <time>2023-06-18T10:37:53Z</time>
      </trkpt>
      <trkpt lat="22.522098" lon="113.971915">
        <ele>5.1</ele>
        <time>2023-06-18T10:37:54Z</time>
      </trkpt>
      <trkpt lat="22.522099" lon="113.971986">
        <ele>5.1</ele>
        <time>2023-06-18T10:37:55Z</time>
      </trkpt>
      <trkpt lat="22.5221" lon="113.972058">
        <ele>5.1</ele>
        <time>2023-06-18T10:37:56Z</time>
      </trkpt>
      <trkpt lat="22.522101" lon="113.97213">
        <ele>5.1</ele>
        <time>2023-06-18T10:37:57Z</time>
      </trkpt>
      <trkpt lat="22.522102" lon="113.972201">
        <ele>5.1</ele>
        <time>2023-06-18T10:37:58Z</time>
      </trkpt>
      <trkpt lat="22.5221" lon="113.972269">
        <ele>5.1</ele>
        <time>2023-06-18T10:37:59Z</time>
      </trkpt>
      <trkpt lat="22.522098" lon="113.97234">
        <ele>5.1</ele>
        <time>2023-06-18T10:38:00Z</time>
      </trkpt>
      <trkpt lat="22.522095" lon="113.972412">
        <ele>5.1</ele>
        <time>2023-06-18T10:38:01Z</time>
      </trkpt>
      <trkpt lat="22.522096" lon="113.972472">
        <ele>5.1</ele>
        <time>2023-06-18T10:38:02Z</time>
      </trkpt>
      <trkpt lat="22.522097" lon="113.972532">
        <ele>5</ele>
        <time>2023-06-18T10:38:03Z</time>
      </trkpt>
      <trkpt lat="22.522098" lon="113.972592">
        <ele>5.1</ele>
        <time>2023-06-18T10:38:04Z</time>
      </trkpt>
      <trkpt lat="22.522099" lon="113.972652">
        <ele>5.1</ele>
        <time>2023-06-18T10:38:05Z</time>
      </trkpt>
      <trkpt lat="22.5221" lon="113.972712">
        <ele>5.1</ele>
        <time>2023-06-18T10:38:06Z</time>
      </trkpt>
      <trkpt lat="22.522101" lon="113.972772">
        <ele>5.1</ele>
        <time>2023-06-18T10:38:07Z</time>
      </trkpt>
      <trkpt lat="22.522103" lon="113.972831">
        <ele>5.1</ele>
        <time>2023-06-18T10:38:08Z</time>
      </trkpt>
      <trkpt lat="22.522106" lon="113.972888">
        <ele>5.1</ele>
        <time>2023-06-18T10:38:09Z</time>
      </trkpt>
      <trkpt lat="22.522106" lon="113.972955">
        <ele>5.1</ele>
        <time>2023-06-18T10:38:10Z</time>
      </trkpt>
      <trkpt lat="22.522103" lon="113.973024">
        <ele>5.1</ele>
        <time>2023-06-18T10:38:11Z</time>
      </trkpt>
      <trkpt lat="22.522096" lon="113.9731">
        <ele>5.1</ele>
        <time>2023-06-18T10:38:12Z</time>
      </trkpt>
      <trkpt lat="22.522088" lon="113.973169">
        <ele>5.1</ele>
        <time>2023-06-18T10:38:13Z</time>
      </trkpt>
      <trkpt lat="22.522083" lon="113.97323">
        <ele>5.1</ele>
        <time>2023-06-18T10:38:14Z</time>
      </trkpt>
      <trkpt lat="22.522079" lon="113.97329">
        <ele>5.1</ele>
        <time>2023-06-18T10:38:15Z</time>
      </trkpt>
      <trkpt lat="22.522078" lon="113.973359">
        <ele>5.1</ele>
        <time>2023-06-18T10:38:16Z</time>
      </trkpt>
      <trkpt lat="22.52208" lon="113.97342">
        <ele>5.1</ele>
        <time>2023-06-18T10:38:17Z</time>
      </trkpt>
      <trkpt lat="22.522081" lon="113.973481">
        <ele>5.1</ele>
        <time>2023-06-18T10:38:18Z</time>
      </trkpt>
      <trkpt lat="22.522078" lon="113.973542">
        <ele>5.1</ele>
        <time>2023-06-18T10:38:19Z</time>
      </trkpt>
      <trkpt lat="22.52207" lon="113.973604">
        <ele>5.1</ele>
        <time>2023-06-18T10:38:20Z</time>
      </trkpt>
      <trkpt lat="22.522055" lon="113.973671">
        <ele>5.1</ele>
        <time>2023-06-18T10:38:21Z</time>
      </trkpt>
      <trkpt lat="22.522045" lon="113.973732">
        <ele>5.1</ele>
        <time>2023-06-18T10:38:22Z</time>
      </trkpt>
      <trkpt lat="22.52203" lon="113.973785">
        <ele>5.1</ele>
        <time>2023-06-18T10:38:23Z</time>
      </trkpt>
      <trkpt lat="22.522013" lon="113.973838">
        <ele>5.1</ele>
        <time>2023-06-18T10:38:24Z</time>
      </trkpt>
      <trkpt lat="22.521988" lon="113.973892">
        <ele>5.1</ele>
        <time>2023-06-18T10:38:25Z</time>
      </trkpt>
      <trkpt lat="22.521964" lon="113.973946">
        <ele>5.1</ele>
        <time>2023-06-18T10:38:26Z</time>
      </trkpt>
      <trkpt lat="22.521944" lon="113.974">
        <ele>5.1</ele>
        <time>2023-06-18T10:38:27Z</time>
      </trkpt>
      <trkpt lat="22.521919" lon="113.974059">
        <ele>5.1</ele>
        <time>2023-06-18T10:38:28Z</time>
      </trkpt>
      <trkpt lat="22.521887" lon="113.974109">
        <ele>5.1</ele>
        <time>2023-06-18T10:38:29Z</time>
      </trkpt>
      <trkpt lat="22.521853" lon="113.97416">
        <ele>5.1</ele>
        <time>2023-06-18T10:38:30Z</time>
      </trkpt>
      <trkpt lat="22.521808" lon="113.974211">
        <ele>5.1</ele>
        <time>2023-06-18T10:38:31Z</time>
      </trkpt>
      <trkpt lat="22.521761" lon="113.974258">
        <ele>5.1</ele>
        <time>2023-06-18T10:38:32Z</time>
      </trkpt>
      <trkpt lat="22.52171" lon="113.974303">
        <ele>5.1</ele>
        <time>2023-06-18T10:38:33Z</time>
      </trkpt>
      <trkpt lat="22.521663" lon="113.974348">
        <ele>5.1</ele>
        <time>2023-06-18T10:38:34Z</time>
      </trkpt>
      <trkpt lat="22.521616" lon="113.974386">
        <ele>5.1</ele>
        <time>2023-06-18T10:38:35Z</time>
      </trkpt>
      <trkpt lat="22.521575" lon="113.974425">
        <ele>5.1</ele>
        <time>2023-06-18T10:38:36Z</time>
      </trkpt>
      <trkpt lat="22.52153" lon="113.97447">
        <ele>5.1</ele>
        <time>2023-06-18T10:38:37Z</time>
      </trkpt>
      <trkpt lat="22.521485" lon="113.974515">
        <ele>5.1</ele>
        <time>2023-06-18T10:38:38Z</time>
      </trkpt>
      <trkpt lat="22.521442" lon="113.974561">
        <ele>5.1</ele>
        <time>2023-06-18T10:38:39Z</time>
      </trkpt>
      <trkpt lat="22.5214" lon="113.974599">
        <ele>5.1</ele>
        <time>2023-06-18T10:38:40Z</time>
      </trkpt>
      <trkpt lat="22.521358" lon="113.974639">
        <ele>5.1</ele>
        <time>2023-06-18T10:38:41Z</time>
      </trkpt>
      <trkpt lat="22.521319" lon="113.974683">
        <ele>5.1</ele>
        <time>2023-06-18T10:38:42Z</time>
      </trkpt>
      <trkpt lat="22.521279" lon="113.974724">
        <ele>5.1</ele>
        <time>2023-06-18T10:38:43Z</time>
      </trkpt>
      <trkpt lat="22.521244" lon="113.974777">
        <ele>5.1</ele>
        <time>2023-06-18T10:38:44Z</time>
      </trkpt>
      <trkpt lat="22.521207" lon="113.974831">
        <ele>5.1</ele>
        <time>2023-06-18T10:38:45Z</time>
      </trkpt>
      <trkpt lat="22.521175" lon="113.974883">
        <ele>5.1</ele>
        <time>2023-06-18T10:38:46Z</time>
      </trkpt>
      <trkpt lat="22.521145" lon="113.974938">
        <ele>5.1</ele>
        <time>2023-06-18T10:38:47Z</time>
      </trkpt>
      <trkpt lat="22.521115" lon="113.974998">
        <ele>5.2</ele>
        <time>2023-06-18T10:38:48Z</time>
      </trkpt>
      <trkpt lat="22.521086" lon="113.975053">
        <ele>5.2</ele>
        <time>2023-06-18T10:38:49Z</time>
      </trkpt>
      <trkpt lat="22.521057" lon="113.975112">
        <ele>5.2</ele>
        <time>2023-06-18T10:38:50Z</time>
      </trkpt>
      <trkpt lat="22.521028" lon="113.975167">
        <ele>5.2</ele>
        <time>2023-06-18T10:38:51Z</time>
      </trkpt>
      <trkpt lat="22.521001" lon="113.975221">
        <ele>5.2</ele>
        <time>2023-06-18T10:38:52Z</time>
      </trkpt>
      <trkpt lat="22.520972" lon="113.975283">
        <ele>5.2</ele>
        <time>2023-06-18T10:38:53Z</time>
      </trkpt>
      <trkpt lat="22.520948" lon="113.975337">
        <ele>5.2</ele>
        <time>2023-06-18T10:38:54Z</time>
      </trkpt>
      <trkpt lat="22.520922" lon="113.975396">
        <ele>5.2</ele>
        <time>2023-06-18T10:38:55Z</time>
      </trkpt>
      <trkpt lat="22.520896" lon="113.975456">
        <ele>5.2</ele>
        <time>2023-06-18T10:38:56Z</time>
      </trkpt>
      <trkpt lat="22.520875" lon="113.97551">
        <ele>5.2</ele>
        <time>2023-06-18T10:38:57Z</time>
      </trkpt>
      <trkpt lat="22.520854" lon="113.975572">
        <ele>5.2</ele>
        <time>2023-06-18T10:38:58Z</time>
      </trkpt>
      <trkpt lat="22.520833" lon="113.975641">
        <ele>5.2</ele>
        <time>2023-06-18T10:38:59Z</time>
      </trkpt>
      <trkpt lat="22.520812" lon="113.975709">
        <ele>5.2</ele>
        <time>2023-06-18T10:39:00Z</time>
      </trkpt>
      <trkpt lat="22.520791" lon="113.975776">
        <ele>5.2</ele>
        <time>2023-06-18T10:39:01Z</time>
      </trkpt>
      <trkpt lat="22.52077" lon="113.975839">
        <ele>5.2</ele>
        <time>2023-06-18T10:39:02Z</time>
      </trkpt>
      <trkpt lat="22.520748" lon="113.975909">
        <ele>5.2</ele>
        <time>2023-06-18T10:39:03Z</time>
      </trkpt>
      <trkpt lat="22.520731" lon="113.975978">
        <ele>5.2</ele>
        <time>2023-06-18T10:39:04Z</time>
      </trkpt>
      <trkpt lat="22.520719" lon="113.976046">
        <ele>5.2</ele>
        <time>2023-06-18T10:39:05Z</time>
      </trkpt>
      <trkpt lat="22.520707" lon="113.976115">
        <ele>5.2</ele>
        <time>2023-06-18T10:39:06Z</time>
      </trkpt>
      <trkpt lat="22.520695" lon="113.976184">
        <ele>5.2</ele>
        <time>2023-06-18T10:39:07Z</time>
      </trkpt>
      <trkpt lat="22.520684" lon="113.976252">
        <ele>5.2</ele>
        <time>2023-06-18T10:39:08Z</time>
      </trkpt>
      <trkpt lat="22.520675" lon="113.976318">
        <ele>5.2</ele>
        <time>2023-06-18T10:39:09Z</time>
      </trkpt>
      <trkpt lat="22.520667" lon="113.976371">
        <ele>5.2</ele>
        <time>2023-06-18T10:39:10Z</time>
      </trkpt>
      <trkpt lat="22.52066" lon="113.976425">
        <ele>5.2</ele>
        <time>2023-06-18T10:39:11Z</time>
      </trkpt>
      <trkpt lat="22.520654" lon="113.976478">
        <ele>5.2</ele>
        <time>2023-06-18T10:39:12Z</time>
      </trkpt>
      <trkpt lat="22.520648" lon="113.976532">
        <ele>5.2</ele>
        <time>2023-06-18T10:39:13Z</time>
      </trkpt>
      <trkpt lat="22.52064" lon="113.976587">
        <ele>5.2</ele>
        <time>2023-06-18T10:39:14Z</time>
      </trkpt>
      <trkpt lat="22.520633" lon="113.976647">
        <ele>5.2</ele>
        <time>2023-06-18T10:39:15Z</time>
      </trkpt>
      <trkpt lat="22.52063" lon="113.976707">
        <ele>5.2</ele>
        <time>2023-06-18T10:39:16Z</time>
      </trkpt>
      <trkpt lat="22.52063" lon="113.97677">
        <ele>5.2</ele>
        <time>2023-06-18T10:39:17Z</time>
      </trkpt>
      <trkpt lat="22.52063" lon="113.976838">
        <ele>5.2</ele>
        <time>2023-06-18T10:39:18Z</time>
      </trkpt>
      <trkpt lat="22.520628" lon="113.976899">
        <ele>5.2</ele>
        <time>2023-06-18T10:39:19Z</time>
      </trkpt>
      <trkpt lat="22.520631" lon="113.976969">
        <ele>5.2</ele>
        <time>2023-06-18T10:39:20Z</time>
      </trkpt>
      <trkpt lat="22.520637" lon="113.977037">
        <ele>5.2</ele>
        <time>2023-06-18T10:39:21Z</time>
      </trkpt>
      <trkpt lat="22.520644" lon="113.977104">
        <ele>5.2</ele>
        <time>2023-06-18T10:39:22Z</time>
      </trkpt>
      <trkpt lat="22.520654" lon="113.977164">
        <ele>5.2</ele>
        <time>2023-06-18T10:39:23Z</time>
      </trkpt>
      <trkpt lat="22.520664" lon="113.977219">
        <ele>5.2</ele>
        <time>2023-06-18T10:39:24Z</time>
      </trkpt>
      <trkpt lat="22.520676" lon="113.977273">
        <ele>5.2</ele>
        <time>2023-06-18T10:39:25Z</time>
      </trkpt>
      <trkpt lat="22.520697" lon="113.977337">
        <ele>5.2</ele>
        <time>2023-06-18T10:39:26Z</time>
      </trkpt>
      <trkpt lat="22.520717" lon="113.977396">
        <ele>5.2</ele>
        <time>2023-06-18T10:39:27Z</time>
      </trkpt>
      <trkpt lat="22.520739" lon="113.977466">
        <ele>5.2</ele>
        <time>2023-06-18T10:39:28Z</time>
      </trkpt>
      <trkpt lat="22.520766" lon="113.97754">
        <ele>5.2</ele>
        <time>2023-06-18T10:39:29Z</time>
      </trkpt>
      <trkpt lat="22.520789" lon="113.977608">
        <ele>5.2</ele>
        <time>2023-06-18T10:39:30Z</time>
      </trkpt>
      <trkpt lat="22.52081" lon="113.977668">
        <ele>5.2</ele>
        <time>2023-06-18T10:39:31Z</time>
      </trkpt>
      <trkpt lat="22.520829" lon="113.977722">
        <ele>5.2</ele>
        <time>2023-06-18T10:39:32Z</time>
      </trkpt>
      <trkpt lat="22.520849" lon="113.977776">
        <ele>5.2</ele>
        <time>2023-06-18T10:39:33Z</time>
      </trkpt>
      <trkpt lat="22.520872" lon="113.977838">
        <ele>5.2</ele>
        <time>2023-06-18T10:39:34Z</time>
      </trkpt>
      <trkpt lat="22.520896" lon="113.977902">
        <ele>5.2</ele>
        <time>2023-06-18T10:39:35Z</time>
      </trkpt>
      <trkpt lat="22.520919" lon="113.977959">
        <ele>5.3</ele>
        <time>2023-06-18T10:39:36Z</time>
      </trkpt>
      <trkpt lat="22.52094" lon="113.978011">
        <ele>5.3</ele>
        <time>2023-06-18T10:39:37Z</time>
      </trkpt>
      <trkpt lat="22.520961" lon="113.978064">
        <ele>5.3</ele>
        <time>2023-06-18T10:39:38Z</time>
      </trkpt>
      <trkpt lat="22.520984" lon="113.97811">
        <ele>5.3</ele>
        <time>2023-06-18T10:39:39Z</time>
      </trkpt>
      <trkpt lat="22.521005" lon="113.978156">
        <ele>5.3</ele>
        <time>2023-06-18T10:39:40Z</time>
      </trkpt>
      <trkpt lat="22.521035" lon="113.978211">
        <ele>5.3</ele>
        <time>2023-06-18T10:39:41Z</time>
      </trkpt>
      <trkpt lat="22.521063" lon="113.978264">
        <ele>5.4</ele>
        <time>2023-06-18T10:39:42Z</time>
      </trkpt>
      <trkpt lat="22.521088" lon="113.978316">
        <ele>5.4</ele>
        <time>2023-06-18T10:39:43Z</time>
      </trkpt>
      <trkpt lat="22.521115" lon="113.978363">
        <ele>5.4</ele>
        <time>2023-06-18T10:39:44Z</time>
      </trkpt>
      <trkpt lat="22.521144" lon="113.978414">
        <ele>5.4</ele>
        <time>2023-06-18T10:39:45Z</time>
      </trkpt>
      <trkpt lat="22.521171" lon="113.978451">
        <ele>5.4</ele>
        <time>2023-06-18T10:39:46Z</time>
      </trkpt>
      <trkpt lat="22.521196" lon="113.97848">
        <ele>5.4</ele>
        <time>2023-06-18T10:39:47Z</time>
      </trkpt>
      <trkpt lat="22.521223" lon="113.978505">
        <ele>5.5</ele>
        <time>2023-06-18T10:39:48Z</time>
      </trkpt>
      <trkpt lat="22.52125" lon="113.978535">
        <ele>5.5</ele>
        <time>2023-06-18T10:39:49Z</time>
      </trkpt>
      <trkpt lat="22.521276" lon="113.978565">
        <ele>5.5</ele>
        <time>2023-06-18T10:39:50Z</time>
      </trkpt>
      <trkpt lat="22.521301" lon="113.978596">
        <ele>5.5</ele>
        <time>2023-06-18T10:39:51Z</time>
      </trkpt>
      <trkpt lat="22.521324" lon="113.978629">
        <ele>5.5</ele>
        <time>2023-06-18T10:39:52Z</time>
      </trkpt>
      <trkpt lat="22.52135" lon="113.978673">
        <ele>5.5</ele>
        <time>2023-06-18T10:39:53Z</time>
      </trkpt>
      <trkpt lat="22.521373" lon="113.978702">
        <ele>5.5</ele>
        <time>2023-06-18T10:39:54Z</time>
      </trkpt>
      <trkpt lat="22.521396" lon="113.978726">
        <ele>5.6</ele>
        <time>2023-06-18T10:39:55Z</time>
      </trkpt>
      <trkpt lat="22.521419" lon="113.978757">
        <ele>5.6</ele>
        <time>2023-06-18T10:39:56Z</time>
      </trkpt>
      <trkpt lat="22.521445" lon="113.978795">
        <ele>5.6</ele>
        <time>2023-06-18T10:39:57Z</time>
      </trkpt>
      <trkpt lat="22.52147" lon="113.978835">
        <ele>5.6</ele>
        <time>2023-06-18T10:39:58Z</time>
      </trkpt>
      <trkpt lat="22.521491" lon="113.978879">
        <ele>5.6</ele>
        <time>2023-06-18T10:39:59Z</time>
      </trkpt>
      <trkpt lat="22.521516" lon="113.978917">
        <ele>5.6</ele>
        <time>2023-06-18T10:40:00Z</time>
      </trkpt>
      <trkpt lat="22.521543" lon="113.978956">
        <ele>5.6</ele>
        <time>2023-06-18T10:40:01Z</time>
      </trkpt>
      <trkpt lat="22.521572" lon="113.979003">
        <ele>5.7</ele>
        <time>2023-06-18T10:40:02Z</time>
      </trkpt>
      <trkpt lat="22.521597" lon="113.979047">
        <ele>5.7</ele>
        <time>2023-06-18T10:40:03Z</time>
      </trkpt>
      <trkpt lat="22.521623" lon="113.979086">
        <ele>5.7</ele>
        <time>2023-06-18T10:40:04Z</time>
      </trkpt>
      <trkpt lat="22.521647" lon="113.979132">
        <ele>5.7</ele>
        <time>2023-06-18T10:40:05Z</time>
      </trkpt>
      <trkpt lat="22.521665" lon="113.979178">
        <ele>5.7</ele>
        <time>2023-06-18T10:40:06Z</time>
      </trkpt>
      <trkpt lat="22.521678" lon="113.979225">
        <ele>5.7</ele>
        <time>2023-06-18T10:40:07Z</time>
      </trkpt>
      <trkpt lat="22.521696" lon="113.979279">
        <ele>5.8</ele>
        <time>2023-06-18T10:40:08Z</time>
      </trkpt>
      <trkpt lat="22.521716" lon="113.979333">
        <ele>5.8</ele>
        <time>2023-06-18T10:40:09Z</time>
      </trkpt>
      <trkpt lat="22.521737" lon="113.979392">
        <ele>5.8</ele>
        <time>2023-06-18T10:40:10Z</time>
      </trkpt>
      <trkpt lat="22.521761" lon="113.979449">
        <ele>5.8</ele>
        <time>2023-06-18T10:40:11Z</time>
      </trkpt>
      <trkpt lat="22.521788" lon="113.979515">
        <ele>5.8</ele>
        <time>2023-06-18T10:40:12Z</time>
      </trkpt>
      <trkpt lat="22.521818" lon="113.979576">
        <ele>5.8</ele>
        <time>2023-06-18T10:40:13Z</time>
      </trkpt>
      <trkpt lat="22.521842" lon="113.979629">
        <ele>5.8</ele>
        <time>2023-06-18T10:40:14Z</time>
      </trkpt>
      <trkpt lat="22.521867" lon="113.979681">
        <ele>5.7</ele>
        <time>2023-06-18T10:40:15Z</time>
      </trkpt>
      <trkpt lat="22.521888" lon="113.979728">
        <ele>5.7</ele>
        <time>2023-06-18T10:40:16Z</time>
      </trkpt>
      <trkpt lat="22.521909" lon="113.979782">
        <ele>5.7</ele>
        <time>2023-06-18T10:40:17Z</time>
      </trkpt>
      <trkpt lat="22.521931" lon="113.979834">
        <ele>5.6</ele>
        <time>2023-06-18T10:40:18Z</time>
      </trkpt>
      <trkpt lat="22.521955" lon="113.979889">
        <ele>5.6</ele>
        <time>2023-06-18T10:40:19Z</time>
      </trkpt>
      <trkpt lat="22.52198" lon="113.979944">
        <ele>5.6</ele>
        <time>2023-06-18T10:40:20Z</time>
      </trkpt>
      <trkpt lat="22.522002" lon="113.980004">
        <ele>5.6</ele>
        <time>2023-06-18T10:40:21Z</time>
      </trkpt>
      <trkpt lat="22.522023" lon="113.980057">
        <ele>5.5</ele>
        <time>2023-06-18T10:40:22Z</time>
      </trkpt>
      <trkpt lat="22.522042" lon="113.980118">
        <ele>5.5</ele>
        <time>2023-06-18T10:40:23Z</time>
      </trkpt>
      <trkpt lat="22.522062" lon="113.980182">
        <ele>5.5</ele>
        <time>2023-06-18T10:40:24Z</time>
      </trkpt>
      <trkpt lat="22.522088" lon="113.980259">
        <ele>5.4</ele>
        <time>2023-06-18T10:40:25Z</time>
      </trkpt>
      <trkpt lat="22.522117" lon="113.980325">
        <ele>5.4</ele>
        <time>2023-06-18T10:40:26Z</time>
      </trkpt>
      <trkpt lat="22.522142" lon="113.980394">
        <ele>5.4</ele>
        <time>2023-06-18T10:40:27Z</time>
      </trkpt>
      <trkpt lat="22.522158" lon="113.980463">
        <ele>5.3</ele>
        <time>2023-06-18T10:40:28Z</time>
      </trkpt>
      <trkpt lat="22.522171" lon="113.98053">
        <ele>5.3</ele>
        <time>2023-06-18T10:40:29Z</time>
      </trkpt>
      <trkpt lat="22.522182" lon="113.980591">
        <ele>5.3</ele>
        <time>2023-06-18T10:40:30Z</time>
      </trkpt>
      <trkpt lat="22.522196" lon="113.980661">
        <ele>5.2</ele>
        <time>2023-06-18T10:40:31Z</time>
      </trkpt>
      <trkpt lat="22.522209" lon="113.980731">
        <ele>5.2</ele>
        <time>2023-06-18T10:40:32Z</time>
      </trkpt>
      <trkpt lat="22.522221" lon="113.980804">
        <ele>5.2</ele>
        <time>2023-06-18T10:40:33Z</time>
      </trkpt>
      <trkpt lat="22.522224" lon="113.980876">
        <ele>5.1</ele>
        <time>2023-06-18T10:40:34Z</time>
      </trkpt>
      <trkpt lat="22.522225" lon="113.980946">
        <ele>5.1</ele>
        <time>2023-06-18T10:40:35Z</time>
      </trkpt>
      <trkpt lat="22.522228" lon="113.981012">
        <ele>5.1</ele>
        <time>2023-06-18T10:40:36Z</time>
      </trkpt>
      <trkpt lat="22.52223" lon="113.981081">
        <ele>5</ele>
        <time>2023-06-18T10:40:37Z</time>
      </trkpt>
      <trkpt lat="22.522228" lon="113.981141">
        <ele>5</ele>
        <time>2023-06-18T10:40:38Z</time>
      </trkpt>
      <trkpt lat="22.522226" lon="113.981211">
        <ele>5</ele>
        <time>2023-06-18T10:40:39Z</time>
      </trkpt>
      <trkpt lat="22.522222" lon="113.981279">
        <ele>4.9</ele>
        <time>2023-06-18T10:40:40Z</time>
      </trkpt>
      <trkpt lat="22.52222" lon="113.981348">
        <ele>4.9</ele>
        <time>2023-06-18T10:40:41Z</time>
      </trkpt>
      <trkpt lat="22.522216" lon="113.98141">
        <ele>4.9</ele>
        <time>2023-06-18T10:40:42Z</time>
      </trkpt>
      <trkpt lat="22.522211" lon="113.981485">
        <ele>4.9</ele>
        <time>2023-06-18T10:40:43Z</time>
      </trkpt>
      <trkpt lat="22.522209" lon="113.981553">
        <ele>4.9</ele>
        <time>2023-06-18T10:40:44Z</time>
      </trkpt>
      <trkpt lat="22.522205" lon="113.981622">
        <ele>4.9</ele>
        <time>2023-06-18T10:40:45Z</time>
      </trkpt>
      <trkpt lat="22.522205" lon="113.981691">
        <ele>4.9</ele>
        <time>2023-06-18T10:40:46Z</time>
      </trkpt>
      <trkpt lat="22.522206" lon="113.981757">
        <ele>4.9</ele>
        <time>2023-06-18T10:40:47Z</time>
      </trkpt>
      <trkpt lat="22.522209" lon="113.981812">
        <ele>4.9</ele>
        <time>2023-06-18T10:40:48Z</time>
      </trkpt>
      <trkpt lat="22.522211" lon="113.981865">
        <ele>4.9</ele>
        <time>2023-06-18T10:40:49Z</time>
      </trkpt>
      <trkpt lat="22.522213" lon="113.981927">
        <ele>4.9</ele>
        <time>2023-06-18T10:40:50Z</time>
      </trkpt>
      <trkpt lat="22.522215" lon="113.98199">
        <ele>4.9</ele>
        <time>2023-06-18T10:40:51Z</time>
      </trkpt>
      <trkpt lat="22.522217" lon="113.982063">
        <ele>4.9</ele>
        <time>2023-06-18T10:40:52Z</time>
      </trkpt>
      <trkpt lat="22.522221" lon="113.982124">
        <ele>4.9</ele>
        <time>2023-06-18T10:40:53Z</time>
      </trkpt>
      <trkpt lat="22.522226" lon="113.982188">
        <ele>4.9</ele>
        <time>2023-06-18T10:40:54Z</time>
      </trkpt>
      <trkpt lat="22.522225" lon="113.982254">
        <ele>4.9</ele>
        <time>2023-06-18T10:40:55Z</time>
      </trkpt>
      <trkpt lat="22.522226" lon="113.982314">
        <ele>4.9</ele>
        <time>2023-06-18T10:40:56Z</time>
      </trkpt>
      <trkpt lat="22.522225" lon="113.982367">
        <ele>4.9</ele>
        <time>2023-06-18T10:40:57Z</time>
      </trkpt>
      <trkpt lat="22.522229" lon="113.982423">
        <ele>4.9</ele>
        <time>2023-06-18T10:40:58Z</time>
      </trkpt>
      <trkpt lat="22.522231" lon="113.982481">
        <ele>4.9</ele>
        <time>2023-06-18T10:40:59Z</time>
      </trkpt>
      <trkpt lat="22.522236" lon="113.982528">
        <ele>4.9</ele>
        <time>2023-06-18T10:41:00Z</time>
      </trkpt>
      <trkpt lat="22.52224" lon="113.982581">
        <ele>4.9</ele>
        <time>2023-06-18T10:41:01Z</time>
      </trkpt>
      <trkpt lat="22.522246" lon="113.982635">
        <ele>4.9</ele>
        <time>2023-06-18T10:41:02Z</time>
      </trkpt>
      <trkpt lat="22.522254" lon="113.982689">
        <ele>4.9</ele>
        <time>2023-06-18T10:41:03Z</time>
      </trkpt>
      <trkpt lat="22.522262" lon="113.982746">
        <ele>4.9</ele>
        <time>2023-06-18T10:41:04Z</time>
      </trkpt>
      <trkpt lat="22.522269" lon="113.982804">
        <ele>4.9</ele>
        <time>2023-06-18T10:41:05Z</time>
      </trkpt>
      <trkpt lat="22.522275" lon="113.982866">
        <ele>4.9</ele>
        <time>2023-06-18T10:41:06Z</time>
      </trkpt>
      <trkpt lat="22.522285" lon="113.982927">
        <ele>4.9</ele>
        <time>2023-06-18T10:41:07Z</time>
      </trkpt>
      <trkpt lat="22.522298" lon="113.982987">
        <ele>4.9</ele>
        <time>2023-06-18T10:41:08Z</time>
      </trkpt>
      <trkpt lat="22.522306" lon="113.983048">
        <ele>4.9</ele>
        <time>2023-06-18T10:41:09Z</time>
      </trkpt>
      <trkpt lat="22.522316" lon="113.983109">
        <ele>4.9</ele>
        <time>2023-06-18T10:41:10Z</time>
      </trkpt>
      <trkpt lat="22.522316" lon="113.98317">
        <ele>4.9</ele>
        <time>2023-06-18T10:41:11Z</time>
      </trkpt>
      <trkpt lat="22.522317" lon="113.983232">
        <ele>4.9</ele>
        <time>2023-06-18T10:41:12Z</time>
      </trkpt>
      <trkpt lat="22.522324" lon="113.983303">
        <ele>5</ele>
        <time>2023-06-18T10:41:13Z</time>
      </trkpt>
      <trkpt lat="22.522326" lon="113.983375">
        <ele>5</ele>
        <time>2023-06-18T10:41:14Z</time>
      </trkpt>
      <trkpt lat="22.522334" lon="113.983445">
        <ele>5</ele>
        <time>2023-06-18T10:41:15Z</time>
      </trkpt>
      <trkpt lat="22.522342" lon="113.983505">
        <ele>5</ele>
        <time>2023-06-18T10:41:16Z</time>
      </trkpt>
      <trkpt lat="22.522348" lon="113.983557">
        <ele>5</ele>
        <time>2023-06-18T10:41:17Z</time>
      </trkpt>
      <trkpt lat="22.522355" lon="113.983604">
        <ele>5</ele>
        <time>2023-06-18T10:41:18Z</time>
      </trkpt>
      <trkpt lat="22.522362" lon="113.983654">
        <ele>5</ele>
        <time>2023-06-18T10:41:19Z</time>
      </trkpt>
      <trkpt lat="22.522366" lon="113.983687">
        <ele>5</ele>
        <time>2023-06-18T10:41:20Z</time>
      </trkpt>
      <trkpt lat="22.522373" lon="113.983733">
        <ele>5</ele>
        <time>2023-06-18T10:41:21Z</time>
      </trkpt>
      <trkpt lat="22.522382" lon="113.983779">
        <ele>5</ele>
        <time>2023-06-18T10:41:22Z</time>
      </trkpt>
      <trkpt lat="22.522389" lon="113.983832">
        <ele>5</ele>
        <time>2023-06-18T10:41:23Z</time>
      </trkpt>
      <trkpt lat="22.522398" lon="113.983887">
        <ele>5</ele>
        <time>2023-06-18T10:41:24Z</time>
      </trkpt>
      <trkpt lat="22.522409" lon="113.983934">
        <ele>5</ele>
        <time>2023-06-18T10:41:25Z</time>
      </trkpt>
      <trkpt lat="22.522415" lon="113.983996">
        <ele>5</ele>
        <time>2023-06-18T10:41:26Z</time>
      </trkpt>
      <trkpt lat="22.522416" lon="113.984049">
        <ele>5</ele>
        <time>2023-06-18T10:41:27Z</time>
      </trkpt>
      <trkpt lat="22.522424" lon="113.984108">
        <ele>5</ele>
        <time>2023-06-18T10:41:28Z</time>
      </trkpt>
      <trkpt lat="22.522433" lon="113.984161">
        <ele>5</ele>
        <time>2023-06-18T10:41:29Z</time>
      </trkpt>
      <trkpt lat="22.522439" lon="113.984213">
        <ele>5</ele>
        <time>2023-06-18T10:41:30Z</time>
      </trkpt>
      <trkpt lat="22.522451" lon="113.984269">
        <ele>5</ele>
        <time>2023-06-18T10:41:31Z</time>
      </trkpt>
      <trkpt lat="22.522458" lon="113.98433">
        <ele>5</ele>
        <time>2023-06-18T10:41:32Z</time>
      </trkpt>
      <trkpt lat="22.522464" lon="113.984383">
        <ele>5</ele>
        <time>2023-06-18T10:41:33Z</time>
      </trkpt>
      <trkpt lat="22.522469" lon="113.984437">
        <ele>5</ele>
        <time>2023-06-18T10:41:34Z</time>
      </trkpt>
      <trkpt lat="22.522475" lon="113.98449">
        <ele>5</ele>
        <time>2023-06-18T10:41:35Z</time>
      </trkpt>
      <trkpt lat="22.522477" lon="113.984542">
        <ele>5</ele>
        <time>2023-06-18T10:41:36Z</time>
      </trkpt>
      <trkpt lat="22.522481" lon="113.984598">
        <ele>5</ele>
        <time>2023-06-18T10:41:37Z</time>
      </trkpt>
      <trkpt lat="22.522487" lon="113.984665">
        <ele>5</ele>
        <time>2023-06-18T10:41:38Z</time>
      </trkpt>
      <trkpt lat="22.522494" lon="113.98472">
        <ele>5</ele>
        <time>2023-06-18T10:41:39Z</time>
      </trkpt>
      <trkpt lat="22.522499" lon="113.984787">
        <ele>5</ele>
        <time>2023-06-18T10:41:40Z</time>
      </trkpt>
      <trkpt lat="22.522496" lon="113.984839">
        <ele>5</ele>
        <time>2023-06-18T10:41:41Z</time>
      </trkpt>
      <trkpt lat="22.522488" lon="113.984894">
        <ele>5</ele>
        <time>2023-06-18T10:41:42Z</time>
      </trkpt>
      <trkpt lat="22.522477" lon="113.984955">
        <ele>5</ele>
        <time>2023-06-18T10:41:43Z</time>
      </trkpt>
      <trkpt lat="22.522456" lon="113.985008">
        <ele>5</ele>
        <time>2023-06-18T10:41:44Z</time>
      </trkpt>
      <trkpt lat="22.522437" lon="113.985061">
        <ele>5</ele>
        <time>2023-06-18T10:41:45Z</time>
      </trkpt>
      <trkpt lat="22.522414" lon="113.985115">
        <ele>5</ele>
        <time>2023-06-18T10:41:46Z</time>
      </trkpt>
      <trkpt lat="22.522392" lon="113.985168">
        <ele>5</ele>
        <time>2023-06-18T10:41:47Z</time>
      </trkpt>
      <trkpt lat="22.522374" lon="113.985224">
        <ele>5</ele>
        <time>2023-06-18T10:41:48Z</time>
      </trkpt>
      <trkpt lat="22.522355" lon="113.985283">
        <ele>5</ele>
        <time>2023-06-18T10:41:49Z</time>
      </trkpt>
      <trkpt lat="22.522336" lon="113.985336">
        <ele>5</ele>
        <time>2023-06-18T10:41:50Z</time>
      </trkpt>
      <trkpt lat="22.522318" lon="113.985387">
        <ele>5</ele>
        <time>2023-06-18T10:41:51Z</time>
      </trkpt>
      <trkpt lat="22.5223" lon="113.985426">
        <ele>5</ele>
        <time>2023-06-18T10:41:52Z</time>
      </trkpt>
      <trkpt lat="22.522283" lon="113.985461">
        <ele>5</ele>
        <time>2023-06-18T10:41:53Z</time>
      </trkpt>
      <trkpt lat="22.522264" lon="113.985487">
        <ele>5</ele>
        <time>2023-06-18T10:41:54Z</time>
      </trkpt>
      <trkpt lat="22.522243" lon="113.985522">
        <ele>5</ele>
        <time>2023-06-18T10:41:55Z</time>
      </trkpt>
      <trkpt lat="22.522224" lon="113.98554">
        <ele>5</ele>
        <time>2023-06-18T10:41:56Z</time>
      </trkpt>
      <trkpt lat="22.522203" lon="113.985577">
        <ele>5</ele>
        <time>2023-06-18T10:41:57Z</time>
      </trkpt>
      <trkpt lat="22.522182" lon="113.985608">
        <ele>5</ele>
        <time>2023-06-18T10:41:58Z</time>
      </trkpt>
      <trkpt lat="22.522166" lon="113.985645">
        <ele>5</ele>
        <time>2023-06-18T10:41:59Z</time>
      </trkpt>
      <trkpt lat="22.522156" lon="113.985669">
        <ele>5</ele>
        <time>2023-06-18T10:42:00Z</time>
      </trkpt>
      <trkpt lat="22.522142" lon="113.985708">
        <ele>5</ele>
        <time>2023-06-18T10:42:01Z</time>
      </trkpt>
      <trkpt lat="22.522123" lon="113.985746">
        <ele>5</ele>
        <time>2023-06-18T10:42:02Z</time>
      </trkpt>
      <trkpt lat="22.522107" lon="113.985786">
        <ele>5</ele>
        <time>2023-06-18T10:42:03Z</time>
      </trkpt>
      <trkpt lat="22.522089" lon="113.985833">
        <ele>5</ele>
        <time>2023-06-18T10:42:04Z</time>
      </trkpt>
      <trkpt lat="22.522069" lon="113.985883">
        <ele>5</ele>
        <time>2023-06-18T10:42:05Z</time>
      </trkpt>
      <trkpt lat="22.52206" lon="113.985921">
        <ele>5</ele>
        <time>2023-06-18T10:42:06Z</time>
      </trkpt>
      <trkpt lat="22.522055" lon="113.98596">
        <ele>5</ele>
        <time>2023-06-18T10:42:07Z</time>
      </trkpt>
      <trkpt lat="22.522044" lon="113.986008">
        <ele>5</ele>
        <time>2023-06-18T10:42:08Z</time>
      </trkpt>
      <trkpt lat="22.522034" lon="113.98607">
        <ele>5</ele>
        <time>2023-06-18T10:42:09Z</time>
      </trkpt>
      <trkpt lat="22.522026" lon="113.986128">
        <ele>5</ele>
        <time>2023-06-18T10:42:10Z</time>
      </trkpt>
      <trkpt lat="22.522022" lon="113.986175">
        <ele>5</ele>
        <time>2023-06-18T10:42:11Z</time>
      </trkpt>
      <trkpt lat="22.522019" lon="113.986228">
        <ele>5</ele>
        <time>2023-06-18T10:42:12Z</time>
      </trkpt>
      <trkpt lat="22.522021" lon="113.986281">
        <ele>5</ele>
        <time>2023-06-18T10:42:13Z</time>
      </trkpt>
      <trkpt lat="22.522022" lon="113.986335">
        <ele>5</ele>
        <time>2023-06-18T10:42:14Z</time>
      </trkpt>
      <trkpt lat="22.522019" lon="113.986374">
        <ele>5</ele>
        <time>2023-06-18T10:42:15Z</time>
      </trkpt>
      <trkpt lat="22.522022" lon="113.986416">
        <ele>5</ele>
        <time>2023-06-18T10:42:16Z</time>
      </trkpt>
      <trkpt lat="22.522025" lon="113.986445">
        <ele>5</ele>
        <time>2023-06-18T10:42:17Z</time>
      </trkpt>
      <trkpt lat="22.522028" lon="113.98646">
        <ele>5</ele>
        <time>2023-06-18T10:42:18Z</time>
      </trkpt>
      <trkpt lat="22.522032" lon="113.986474">
        <ele>5</ele>
        <time>2023-06-18T10:42:19Z</time>
      </trkpt>
      <trkpt lat="22.522036" lon="113.986481">
        <ele>5</ele>
        <time>2023-06-18T10:42:20Z</time>
      </trkpt>
      <trkpt lat="22.522038" lon="113.986482">
        <ele>5</ele>
        <time>2023-06-18T10:42:21Z</time>
      </trkpt>
      <trkpt lat="22.522038" lon="113.986489">
        <ele>5</ele>
        <time>2023-06-18T10:42:22Z</time>
      </trkpt>
      <trkpt lat="22.52204" lon="113.986497">
        <ele>5</ele>
        <time>2023-06-18T10:42:23Z</time>
      </trkpt>
      <trkpt lat="22.522042" lon="113.986506">
        <ele>5</ele>
        <time>2023-06-18T10:42:24Z</time>
      </trkpt>
      <trkpt lat="22.522047" lon="113.986523">
        <ele>5</ele>
        <time>2023-06-18T10:42:25Z</time>
      </trkpt>
      <trkpt lat="22.522056" lon="113.986552">
        <ele>5</ele>
        <time>2023-06-18T10:42:26Z</time>
      </trkpt>
      <trkpt lat="22.52207" lon="113.986577">
        <ele>5</ele>
        <time>2023-06-18T10:42:27Z</time>
      </trkpt>
      <trkpt lat="22.522081" lon="113.986608">
        <ele>5</ele>
        <time>2023-06-18T10:42:28Z</time>
      </trkpt>
      <trkpt lat="22.522095" lon="113.986646">
        <ele>5</ele>
        <time>2023-06-18T10:42:29Z</time>
      </trkpt>
      <trkpt lat="22.522116" lon="113.986692">
        <ele>5</ele>
        <time>2023-06-18T10:42:30Z</time>
      </trkpt>
      <trkpt lat="22.522137" lon="113.98673">
        <ele>5</ele>
        <time>2023-06-18T10:42:31Z</time>
      </trkpt>
      <trkpt lat="22.522152" lon="113.986768">
        <ele>5</ele>
        <time>2023-06-18T10:42:32Z</time>
      </trkpt>
      <trkpt lat="22.522167" lon="113.986805">
        <ele>5</ele>
        <time>2023-06-18T10:42:33Z</time>
      </trkpt>
      <trkpt lat="22.522187" lon="113.986836">
        <ele>5</ele>
        <time>2023-06-18T10:42:34Z</time>
      </trkpt>
      <trkpt lat="22.522206" lon="113.986866">
        <ele>5</ele>
        <time>2023-06-18T10:42:35Z</time>
      </trkpt>
      <trkpt lat="22.522228" lon="113.986896">
        <ele>5</ele>
        <time>2023-06-18T10:42:36Z</time>
      </trkpt>
      <trkpt lat="22.522255" lon="113.986927">
        <ele>5</ele>
        <time>2023-06-18T10:42:37Z</time>
      </trkpt>
      <trkpt lat="22.522283" lon="113.986959">
        <ele>5</ele>
        <time>2023-06-18T10:42:38Z</time>
      </trkpt>
      <trkpt lat="22.522308" lon="113.98699">
        <ele>5</ele>
        <time>2023-06-18T10:42:39Z</time>
      </trkpt>
      <trkpt lat="22.522332" lon="113.987026">
        <ele>5</ele>
        <time>2023-06-18T10:42:40Z</time>
      </trkpt>
      <trkpt lat="22.522359" lon="113.987057">
        <ele>5</ele>
        <time>2023-06-18T10:42:41Z</time>
      </trkpt>
      <trkpt lat="22.522389" lon="113.987094">
        <ele>5</ele>
        <time>2023-06-18T10:42:42Z</time>
      </trkpt>
      <trkpt lat="22.522422" lon="113.987118">
        <ele>5</ele>
        <time>2023-06-18T10:42:43Z</time>
      </trkpt>
      <trkpt lat="22.522461" lon="113.98715">
        <ele>5</ele>
        <time>2023-06-18T10:42:44Z</time>
      </trkpt>
      <trkpt lat="22.5225" lon="113.987188">
        <ele>5</ele>
        <time>2023-06-18T10:42:45Z</time>
      </trkpt>
      <trkpt lat="22.522539" lon="113.987225">
        <ele>5</ele>
        <time>2023-06-18T10:42:46Z</time>
      </trkpt>
      <trkpt lat="22.522575" lon="113.987255">
        <ele>5</ele>
        <time>2023-06-18T10:42:47Z</time>
      </trkpt>
      <trkpt lat="22.522612" lon="113.987285">
        <ele>5</ele>
        <time>2023-06-18T10:42:48Z</time>
      </trkpt>
      <trkpt lat="22.522649" lon="113.987308">
        <ele>5</ele>
        <time>2023-06-18T10:42:49Z</time>
      </trkpt>
      <trkpt lat="22.522691" lon="113.98733">
        <ele>5</ele>
        <time>2023-06-18T10:42:50Z</time>
      </trkpt>
      <trkpt lat="22.522733" lon="113.987356">
        <ele>5</ele>
        <time>2023-06-18T10:42:51Z</time>
      </trkpt>
      <trkpt lat="22.522771" lon="113.987392">
        <ele>5</ele>
        <time>2023-06-18T10:42:52Z</time>
      </trkpt>
      <trkpt lat="22.522809" lon="113.987423">
        <ele>5</ele>
        <time>2023-06-18T10:42:53Z</time>
      </trkpt>
      <trkpt lat="22.522841" lon="113.987454">
        <ele>5</ele>
        <time>2023-06-18T10:42:54Z</time>
      </trkpt>
      <trkpt lat="22.52287" lon="113.987483">
        <ele>5</ele>
        <time>2023-06-18T10:42:55Z</time>
      </trkpt>
      <trkpt lat="22.522892" lon="113.987506">
        <ele>5</ele>
        <time>2023-06-18T10:42:56Z</time>
      </trkpt>
      <trkpt lat="22.522909" lon="113.987528">
        <ele>5</ele>
        <time>2023-06-18T10:42:57Z</time>
      </trkpt>
      <trkpt lat="22.522925" lon="113.987544">
        <ele>5</ele>
        <time>2023-06-18T10:42:58Z</time>
      </trkpt>
      <trkpt lat="22.522944" lon="113.987566">
        <ele>5</ele>
        <time>2023-06-18T10:42:59Z</time>
      </trkpt>
      <trkpt lat="22.522962" lon="113.987581">
        <ele>5</ele>
        <time>2023-06-18T10:43:00Z</time>
      </trkpt>
      <trkpt lat="22.522979" lon="113.987597">
        <ele>5</ele>
        <time>2023-06-18T10:43:01Z</time>
      </trkpt>
      <trkpt lat="22.523" lon="113.987612">
        <ele>5</ele>
        <time>2023-06-18T10:43:02Z</time>
      </trkpt>
      <trkpt lat="22.523022" lon="113.987626">
        <ele>5</ele>
        <time>2023-06-18T10:43:03Z</time>
      </trkpt>
      <trkpt lat="22.52305" lon="113.987635">
        <ele>5</ele>
        <time>2023-06-18T10:43:04Z</time>
      </trkpt>
      <trkpt lat="22.523076" lon="113.987651">
        <ele>5</ele>
        <time>2023-06-18T10:43:05Z</time>
      </trkpt>
      <trkpt lat="22.523105" lon="113.987674">
        <ele>5</ele>
        <time>2023-06-18T10:43:06Z</time>
      </trkpt>
      <trkpt lat="22.523134" lon="113.987706">
        <ele>5</ele>
        <time>2023-06-18T10:43:07Z</time>
      </trkpt>
      <trkpt lat="22.523158" lon="113.987737">
        <ele>5</ele>
        <time>2023-06-18T10:43:08Z</time>
      </trkpt>
      <trkpt lat="22.523178" lon="113.987775">
        <ele>5</ele>
        <time>2023-06-18T10:43:09Z</time>
      </trkpt>
      <trkpt lat="22.523193" lon="113.987813">
        <ele>5</ele>
        <time>2023-06-18T10:43:10Z</time>
      </trkpt>
      <trkpt lat="22.523204" lon="113.987852">
        <ele>5</ele>
        <time>2023-06-18T10:43:11Z</time>
      </trkpt>
      <trkpt lat="22.523216" lon="113.987896">
        <ele>5</ele>
        <time>2023-06-18T10:43:12Z</time>
      </trkpt>
      <trkpt lat="22.523229" lon="113.98793">
        <ele>4.9</ele>
        <time>2023-06-18T10:43:13Z</time>
      </trkpt>
      <trkpt lat="22.523241" lon="113.987983">
        <ele>4.9</ele>
        <time>2023-06-18T10:43:14Z</time>
      </trkpt>
      <trkpt lat="22.523252" lon="113.988028">
        <ele>4.9</ele>
        <time>2023-06-18T10:43:15Z</time>
      </trkpt>
      <trkpt lat="22.523262" lon="113.988082">
        <ele>4.9</ele>
        <time>2023-06-18T10:43:16Z</time>
      </trkpt>
      <trkpt lat="22.523275" lon="113.988136">
        <ele>4.9</ele>
        <time>2023-06-18T10:43:17Z</time>
      </trkpt>
      <trkpt lat="22.523294" lon="113.988191">
        <ele>4.9</ele>
        <time>2023-06-18T10:43:18Z</time>
      </trkpt>
      <trkpt lat="22.523301" lon="113.988241">
        <ele>4.9</ele>
        <time>2023-06-18T10:43:19Z</time>
      </trkpt>
      <trkpt lat="22.523311" lon="113.98829">
        <ele>4.9</ele>
        <time>2023-06-18T10:43:20Z</time>
      </trkpt>
      <trkpt lat="22.523335" lon="113.988348">
        <ele>4.9</ele>
        <time>2023-06-18T10:43:21Z</time>
      </trkpt>
      <trkpt lat="22.523352" lon="113.988402">
        <ele>4.9</ele>
        <time>2023-06-18T10:43:22Z</time>
      </trkpt>
      <trkpt lat="22.523372" lon="113.988456">
        <ele>4.9</ele>
        <time>2023-06-18T10:43:23Z</time>
      </trkpt>
      <trkpt lat="22.523394" lon="113.988508">
        <ele>4.9</ele>
        <time>2023-06-18T10:43:24Z</time>
      </trkpt>
      <trkpt lat="22.523411" lon="113.988563">
        <ele>4.9</ele>
        <time>2023-06-18T10:43:25Z</time>
      </trkpt>
      <trkpt lat="22.523434" lon="113.988618">
        <ele>4.9</ele>
        <time>2023-06-18T10:43:26Z</time>
      </trkpt>
      <trkpt lat="22.523462" lon="113.98867">
        <ele>4.9</ele>
        <time>2023-06-18T10:43:27Z</time>
      </trkpt>
      <trkpt lat="22.523483" lon="113.988722">
        <ele>4.9</ele>
        <time>2023-06-18T10:43:28Z</time>
      </trkpt>
      <trkpt lat="22.523502" lon="113.988775">
        <ele>4.9</ele>
        <time>2023-06-18T10:43:29Z</time>
      </trkpt>
      <trkpt lat="22.523516" lon="113.98883">
        <ele>4.9</ele>
        <time>2023-06-18T10:43:30Z</time>
      </trkpt>
      <trkpt lat="22.523533" lon="113.988883">
        <ele>4.9</ele>
        <time>2023-06-18T10:43:31Z</time>
      </trkpt>
      <trkpt lat="22.52355" lon="113.988936">
        <ele>4.9</ele>
        <time>2023-06-18T10:43:32Z</time>
      </trkpt>
      <trkpt lat="22.523569" lon="113.98899">
        <ele>4.9</ele>
        <time>2023-06-18T10:43:33Z</time>
      </trkpt>
      <trkpt lat="22.523587" lon="113.989043">
        <ele>4.9</ele>
        <time>2023-06-18T10:43:34Z</time>
      </trkpt>
      <trkpt lat="22.523606" lon="113.989097">
        <ele>4.9</ele>
        <time>2023-06-18T10:43:35Z</time>
      </trkpt>
      <trkpt lat="22.523629" lon="113.98915">
        <ele>4.9</ele>
        <time>2023-06-18T10:43:36Z</time>
      </trkpt>
      <trkpt lat="22.52365" lon="113.989211">
        <ele>4.9</ele>
        <time>2023-06-18T10:43:37Z</time>
      </trkpt>
      <trkpt lat="22.52367" lon="113.989265">
        <ele>4.9</ele>
        <time>2023-06-18T10:43:38Z</time>
      </trkpt>
      <trkpt lat="22.523693" lon="113.989318">
        <ele>4.9</ele>
        <time>2023-06-18T10:43:39Z</time>
      </trkpt>
      <trkpt lat="22.523709" lon="113.989371">
        <ele>4.9</ele>
        <time>2023-06-18T10:43:40Z</time>
      </trkpt>
      <trkpt lat="22.523728" lon="113.989423">
        <ele>4.9</ele>
        <time>2023-06-18T10:43:41Z</time>
      </trkpt>
      <trkpt lat="22.523745" lon="113.989471">
        <ele>4.9</ele>
        <time>2023-06-18T10:43:42Z</time>
      </trkpt>
      <trkpt lat="22.52376" lon="113.989532">
        <ele>4.9</ele>
        <time>2023-06-18T10:43:43Z</time>
      </trkpt>
      <trkpt lat="22.523778" lon="113.989584">
        <ele>4.9</ele>
        <time>2023-06-18T10:43:44Z</time>
      </trkpt>
      <trkpt lat="22.523798" lon="113.989636">
        <ele>4.9</ele>
        <time>2023-06-18T10:43:45Z</time>
      </trkpt>
      <trkpt lat="22.523816" lon="113.989676">
        <ele>4.9</ele>
        <time>2023-06-18T10:43:46Z</time>
      </trkpt>
      <trkpt lat="22.523834" lon="113.98972">
        <ele>4.9</ele>
        <time>2023-06-18T10:43:47Z</time>
      </trkpt>
      <trkpt lat="22.523852" lon="113.989767">
        <ele>4.9</ele>
        <time>2023-06-18T10:43:48Z</time>
      </trkpt>
      <trkpt lat="22.523871" lon="113.989813">
        <ele>4.9</ele>
        <time>2023-06-18T10:43:49Z</time>
      </trkpt>
      <trkpt lat="22.523894" lon="113.989868">
        <ele>4.9</ele>
        <time>2023-06-18T10:43:50Z</time>
      </trkpt>
      <trkpt lat="22.523919" lon="113.989929">
        <ele>4.9</ele>
        <time>2023-06-18T10:43:51Z</time>
      </trkpt>
      <trkpt lat="22.523944" lon="113.989991">
        <ele>4.9</ele>
        <time>2023-06-18T10:43:52Z</time>
      </trkpt>
      <trkpt lat="22.523964" lon="113.99005">
        <ele>4.9</ele>
        <time>2023-06-18T10:43:53Z</time>
      </trkpt>
      <trkpt lat="22.523981" lon="113.9901">
        <ele>4.9</ele>
        <time>2023-06-18T10:43:54Z</time>
      </trkpt>
      <trkpt lat="22.524003" lon="113.990155">
        <ele>4.9</ele>
        <time>2023-06-18T10:43:55Z</time>
      </trkpt>
      <trkpt lat="22.524032" lon="113.990195">
        <ele>4.9</ele>
        <time>2023-06-18T10:43:56Z</time>
      </trkpt>
      <trkpt lat="22.524056" lon="113.990247">
        <ele>4.9</ele>
        <time>2023-06-18T10:43:57Z</time>
      </trkpt>
      <trkpt lat="22.524077" lon="113.990285">
        <ele>4.9</ele>
        <time>2023-06-18T10:43:58Z</time>
      </trkpt>
      <trkpt lat="22.524095" lon="113.990332">
        <ele>4.9</ele>
        <time>2023-06-18T10:43:59Z</time>
      </trkpt>
      <trkpt lat="22.524109" lon="113.990386">
        <ele>4.9</ele>
        <time>2023-06-18T10:44:00Z</time>
      </trkpt>
      <trkpt lat="22.524123" lon="113.990446">
        <ele>4.9</ele>
        <time>2023-06-18T10:44:01Z</time>
      </trkpt>
      <trkpt lat="22.524143" lon="113.990501">
        <ele>4.9</ele>
        <time>2023-06-18T10:44:02Z</time>
      </trkpt>
      <trkpt lat="22.524169" lon="113.990554">
        <ele>4.9</ele>
        <time>2023-06-18T10:44:03Z</time>
      </trkpt>
      <trkpt lat="22.524194" lon="113.990607">
        <ele>4.9</ele>
        <time>2023-06-18T10:44:04Z</time>
      </trkpt>
      <trkpt lat="22.524216" lon="113.990661">
        <ele>4.9</ele>
        <time>2023-06-18T10:44:05Z</time>
      </trkpt>
      <trkpt lat="22.524232" lon="113.990715">
        <ele>4.9</ele>
        <time>2023-06-18T10:44:06Z</time>
      </trkpt>
      <trkpt lat="22.524236" lon="113.990775">
        <ele>4.9</ele>
        <time>2023-06-18T10:44:07Z</time>
      </trkpt>
      <trkpt lat="22.524229" lon="113.99083">
        <ele>4.9</ele>
        <time>2023-06-18T10:44:08Z</time>
      </trkpt>
      <trkpt lat="22.524214" lon="113.990892">
        <ele>4.9</ele>
        <time>2023-06-18T10:44:09Z</time>
      </trkpt>
      <trkpt lat="22.524203" lon="113.99096">
        <ele>4.9</ele>
        <time>2023-06-18T10:44:10Z</time>
      </trkpt>
      <trkpt lat="22.524191" lon="113.991029">
        <ele>4.9</ele>
        <time>2023-06-18T10:44:11Z</time>
      </trkpt>
      <trkpt lat="22.524174" lon="113.991097">
        <ele>4.9</ele>
        <time>2023-06-18T10:44:12Z</time>
      </trkpt>
      <trkpt lat="22.524158" lon="113.991161">
        <ele>4.9</ele>
        <time>2023-06-18T10:44:13Z</time>
      </trkpt>
      <trkpt lat="22.524141" lon="113.991226">
        <ele>4.9</ele>
        <time>2023-06-18T10:44:14Z</time>
      </trkpt>
      <trkpt lat="22.52412" lon="113.991283">
        <ele>5</ele>
        <time>2023-06-18T10:44:15Z</time>
      </trkpt>
      <trkpt lat="22.5241" lon="113.991339">
        <ele>5</ele>
        <time>2023-06-18T10:44:16Z</time>
      </trkpt>
      <trkpt lat="22.524079" lon="113.991396">
        <ele>5</ele>
        <time>2023-06-18T10:44:17Z</time>
      </trkpt>
      <trkpt lat="22.524059" lon="113.991453">
        <ele>5</ele>
        <time>2023-06-18T10:44:18Z</time>
      </trkpt>
      <trkpt lat="22.524038" lon="113.99151">
        <ele>5</ele>
        <time>2023-06-18T10:44:19Z</time>
      </trkpt>
      <trkpt lat="22.524018" lon="113.991566">
        <ele>5</ele>
        <time>2023-06-18T10:44:20Z</time>
      </trkpt>
      <trkpt lat="22.523997" lon="113.991624">
        <ele>5</ele>
        <time>2023-06-18T10:44:21Z</time>
      </trkpt>
      <trkpt lat="22.52397" lon="113.991684">
        <ele>5</ele>
        <time>2023-06-18T10:44:22Z</time>
      </trkpt>
      <trkpt lat="22.523943" lon="113.991744">
        <ele>5</ele>
        <time>2023-06-18T10:44:23Z</time>
      </trkpt>
      <trkpt lat="22.523914" lon="113.991793">
        <ele>5</ele>
        <time>2023-06-18T10:44:24Z</time>
      </trkpt>
      <trkpt lat="22.523886" lon="113.991844">
        <ele>5</ele>
        <time>2023-06-18T10:44:25Z</time>
      </trkpt>
      <trkpt lat="22.523855" lon="113.991897">
        <ele>5</ele>
        <time>2023-06-18T10:44:26Z</time>
      </trkpt>
      <trkpt lat="22.523828" lon="113.99195">
        <ele>5</ele>
        <time>2023-06-18T10:44:27Z</time>
      </trkpt>
      <trkpt lat="22.523804" lon="113.992004">
        <ele>5</ele>
        <time>2023-06-18T10:44:28Z</time>
      </trkpt>
      <trkpt lat="22.523778" lon="113.992063">
        <ele>5</ele>
        <time>2023-06-18T10:44:29Z</time>
      </trkpt>
      <trkpt lat="22.523757" lon="113.992111">
        <ele>5</ele>
        <time>2023-06-18T10:44:30Z</time>
      </trkpt>
      <trkpt lat="22.523735" lon="113.992173">
        <ele>5</ele>
        <time>2023-06-18T10:44:31Z</time>
      </trkpt>
      <trkpt lat="22.523711" lon="113.992235">
        <ele>5</ele>
        <time>2023-06-18T10:44:32Z</time>
      </trkpt>
      <trkpt lat="22.523688" lon="113.992301">
        <ele>5</ele>
        <time>2023-06-18T10:44:33Z</time>
      </trkpt>
      <trkpt lat="22.523663" lon="113.992355">
        <ele>5</ele>
        <time>2023-06-18T10:44:34Z</time>
      </trkpt>
      <trkpt lat="22.523639" lon="113.99241">
        <ele>5</ele>
        <time>2023-06-18T10:44:35Z</time>
      </trkpt>
      <trkpt lat="22.523624" lon="113.99247">
        <ele>5</ele>
        <time>2023-06-18T10:44:36Z</time>
      </trkpt>
      <trkpt lat="22.523603" lon="113.99254">
        <ele>5</ele>
        <time>2023-06-18T10:44:37Z</time>
      </trkpt>
      <trkpt lat="22.523588" lon="113.992607">
        <ele>5</ele>
        <time>2023-06-18T10:44:38Z</time>
      </trkpt>
      <trkpt lat="22.523569" lon="113.992668">
        <ele>5</ele>
        <time>2023-06-18T10:44:39Z</time>
      </trkpt>
      <trkpt lat="22.523548" lon="113.992736">
        <ele>5</ele>
        <time>2023-06-18T10:44:40Z</time>
      </trkpt>
      <trkpt lat="22.523528" lon="113.992789">
        <ele>5</ele>
        <time>2023-06-18T10:44:41Z</time>
      </trkpt>
      <trkpt lat="22.523503" lon="113.992844">
        <ele>5</ele>
        <time>2023-06-18T10:44:42Z</time>
      </trkpt>
      <trkpt lat="22.523482" lon="113.992905">
        <ele>5</ele>
        <time>2023-06-18T10:44:43Z</time>
      </trkpt>
      <trkpt lat="22.523461" lon="113.992966">
        <ele>5</ele>
        <time>2023-06-18T10:44:44Z</time>
      </trkpt>
      <trkpt lat="22.523441" lon="113.993026">
        <ele>5</ele>
        <time>2023-06-18T10:44:45Z</time>
      </trkpt>
      <trkpt lat="22.52342" lon="113.993093">
        <ele>5</ele>
        <time>2023-06-18T10:44:46Z</time>
      </trkpt>
      <trkpt lat="22.523396" lon="113.993161">
        <ele>5</ele>
        <time>2023-06-18T10:44:47Z</time>
      </trkpt>
      <trkpt lat="22.523373" lon="113.993216">
        <ele>5</ele>
        <time>2023-06-18T10:44:48Z</time>
      </trkpt>
      <trkpt lat="22.523351" lon="113.993261">
        <ele>5</ele>
        <time>2023-06-18T10:44:49Z</time>
      </trkpt>
      <trkpt lat="22.52333" lon="113.993308">
        <ele>5</ele>
        <time>2023-06-18T10:44:50Z</time>
      </trkpt>
      <trkpt lat="22.523313" lon="113.99336">
        <ele>5</ele>
        <time>2023-06-18T10:44:51Z</time>
      </trkpt>
      <trkpt lat="22.523296" lon="113.993401">
        <ele>5</ele>
        <time>2023-06-18T10:44:52Z</time>
      </trkpt>
      <trkpt lat="22.523272" lon="113.993464">
        <ele>5</ele>
        <time>2023-06-18T10:44:53Z</time>
      </trkpt>
      <trkpt lat="22.523246" lon="113.993492">
        <ele>5</ele>
        <time>2023-06-18T10:44:54Z</time>
      </trkpt>
      <trkpt lat="22.523226" lon="113.993552">
        <ele>5</ele>
        <time>2023-06-18T10:44:55Z</time>
      </trkpt>
      <trkpt lat="22.523211" lon="113.993606">
        <ele>5</ele>
        <time>2023-06-18T10:44:56Z</time>
      </trkpt>
      <trkpt lat="22.523201" lon="113.993659">
        <ele>5</ele>
        <time>2023-06-18T10:44:57Z</time>
      </trkpt>
      <trkpt lat="22.523186" lon="113.993712">
        <ele>5</ele>
        <time>2023-06-18T10:44:58Z</time>
      </trkpt>
      <trkpt lat="22.52317" lon="113.993766">
        <ele>5</ele>
        <time>2023-06-18T10:44:59Z</time>
      </trkpt>
      <trkpt lat="22.523152" lon="113.993819">
        <ele>5</ele>
        <time>2023-06-18T10:45:00Z</time>
      </trkpt>
      <trkpt lat="22.523129" lon="113.993867">
        <ele>5</ele>
        <time>2023-06-18T10:45:01Z</time>
      </trkpt>
      <trkpt lat="22.523107" lon="113.993928">
        <ele>5</ele>
        <time>2023-06-18T10:45:02Z</time>
      </trkpt>
      <trkpt lat="22.523092" lon="113.993997">
        <ele>5</ele>
        <time>2023-06-18T10:45:03Z</time>
      </trkpt>
      <trkpt lat="22.523088" lon="113.994064">
        <ele>5</ele>
        <time>2023-06-18T10:45:04Z</time>
      </trkpt>
      <trkpt lat="22.523086" lon="113.994127">
        <ele>5</ele>
        <time>2023-06-18T10:45:05Z</time>
      </trkpt>
      <trkpt lat="22.523086" lon="113.994189">
        <ele>5</ele>
        <time>2023-06-18T10:45:06Z</time>
      </trkpt>
      <trkpt lat="22.523092" lon="113.994254">
        <ele>4.9</ele>
        <time>2023-06-18T10:45:07Z</time>
      </trkpt>
      <trkpt lat="22.523104" lon="113.994307">
        <ele>4.9</ele>
        <time>2023-06-18T10:45:08Z</time>
      </trkpt>
      <trkpt lat="22.523134" lon="113.994355">
        <ele>4.9</ele>
        <time>2023-06-18T10:45:09Z</time>
      </trkpt>
      <trkpt lat="22.523156" lon="113.994405">
        <ele>4.9</ele>
        <time>2023-06-18T10:45:10Z</time>
      </trkpt>
      <trkpt lat="22.523177" lon="113.994444">
        <ele>4.9</ele>
        <time>2023-06-18T10:45:11Z</time>
      </trkpt>
      <trkpt lat="22.523202" lon="113.994488">
        <ele>4.9</ele>
        <time>2023-06-18T10:45:12Z</time>
      </trkpt>
      <trkpt lat="22.523239" lon="113.994526">
        <ele>4.9</ele>
        <time>2023-06-18T10:45:13Z</time>
      </trkpt>
      <trkpt lat="22.523277" lon="113.994566">
        <ele>4.9</ele>
        <time>2023-06-18T10:45:14Z</time>
      </trkpt>
      <trkpt lat="22.52331" lon="113.994612">
        <ele>4.9</ele>
        <time>2023-06-18T10:45:15Z</time>
      </trkpt>
      <trkpt lat="22.523344" lon="113.994665">
        <ele>4.9</ele>
        <time>2023-06-18T10:45:16Z</time>
      </trkpt>
      <trkpt lat="22.523376" lon="113.994711">
        <ele>4.9</ele>
        <time>2023-06-18T10:45:17Z</time>
      </trkpt>
      <trkpt lat="22.523408" lon="113.994766">
        <ele>4.9</ele>
        <time>2023-06-18T10:45:18Z</time>
      </trkpt>
      <trkpt lat="22.523439" lon="113.994819">
        <ele>4.9</ele>
        <time>2023-06-18T10:45:19Z</time>
      </trkpt>
      <trkpt lat="22.523469" lon="113.994873">
        <ele>4.9</ele>
        <time>2023-06-18T10:45:20Z</time>
      </trkpt>
      <trkpt lat="22.52349" lon="113.994933">
        <ele>4.9</ele>
        <time>2023-06-18T10:45:21Z</time>
      </trkpt>
      <trkpt lat="22.523525" lon="113.994987">
        <ele>4.9</ele>
        <time>2023-06-18T10:45:22Z</time>
      </trkpt>
      <trkpt lat="22.523557" lon="113.995038">
        <ele>4.9</ele>
        <time>2023-06-18T10:45:23Z</time>
      </trkpt>
      <trkpt lat="22.523588" lon="113.995086">
        <ele>4.9</ele>
        <time>2023-06-18T10:45:24Z</time>
      </trkpt>
      <trkpt lat="22.52362" lon="113.995147">
        <ele>4.9</ele>
        <time>2023-06-18T10:45:25Z</time>
      </trkpt>
      <trkpt lat="22.523652" lon="113.995211">
        <ele>4.8</ele>
        <time>2023-06-18T10:45:26Z</time>
      </trkpt>
      <trkpt lat="22.523681" lon="113.995277">
        <ele>4.8</ele>
        <time>2023-06-18T10:45:27Z</time>
      </trkpt>
      <trkpt lat="22.523712" lon="113.995337">
        <ele>4.8</ele>
        <time>2023-06-18T10:45:28Z</time>
      </trkpt>
      <trkpt lat="22.523741" lon="113.995392">
        <ele>4.8</ele>
        <time>2023-06-18T10:45:29Z</time>
      </trkpt>
      <trkpt lat="22.523769" lon="113.995452">
        <ele>4.8</ele>
        <time>2023-06-18T10:45:30Z</time>
      </trkpt>
      <trkpt lat="22.523797" lon="113.995506">
        <ele>4.8</ele>
        <time>2023-06-18T10:45:31Z</time>
      </trkpt>
      <trkpt lat="22.523822" lon="113.995566">
        <ele>4.8</ele>
        <time>2023-06-18T10:45:32Z</time>
      </trkpt>
      <trkpt lat="22.52385" lon="113.995628">
        <ele>4.8</ele>
        <time>2023-06-18T10:45:33Z</time>
      </trkpt>
      <trkpt lat="22.523878" lon="113.995682">
        <ele>4.8</ele>
        <time>2023-06-18T10:45:34Z</time>
      </trkpt>
      <trkpt lat="22.523907" lon="113.995742">
        <ele>4.8</ele>
        <time>2023-06-18T10:45:35Z</time>
      </trkpt>
      <trkpt lat="22.523937" lon="113.995799">
        <ele>4.8</ele>
        <time>2023-06-18T10:45:36Z</time>
      </trkpt>
      <trkpt lat="22.523968" lon="113.995861">
        <ele>4.8</ele>
        <time>2023-06-18T10:45:37Z</time>
      </trkpt>
      <trkpt lat="22.524005" lon="113.995928">
        <ele>4.8</ele>
        <time>2023-06-18T10:45:38Z</time>
      </trkpt>
      <trkpt lat="22.524035" lon="113.995987">
        <ele>4.8</ele>
        <time>2023-06-18T10:45:39Z</time>
      </trkpt>
      <trkpt lat="22.524063" lon="113.99604">
        <ele>4.8</ele>
        <time>2023-06-18T10:45:40Z</time>
      </trkpt>
      <trkpt lat="22.524088" lon="113.996093">
        <ele>4.8</ele>
        <time>2023-06-18T10:45:41Z</time>
      </trkpt>
      <trkpt lat="22.524115" lon="113.996148">
        <ele>4.8</ele>
        <time>2023-06-18T10:45:42Z</time>
      </trkpt>
      <trkpt lat="22.524144" lon="113.996209">
        <ele>4.8</ele>
        <time>2023-06-18T10:45:43Z</time>
      </trkpt>
      <trkpt lat="22.524172" lon="113.996269">
        <ele>4.8</ele>
        <time>2023-06-18T10:45:44Z</time>
      </trkpt>
      <trkpt lat="22.524201" lon="113.996322">
        <ele>4.8</ele>
        <time>2023-06-18T10:45:45Z</time>
      </trkpt>
      <trkpt lat="22.524235" lon="113.996376">
        <ele>4.8</ele>
        <time>2023-06-18T10:45:46Z</time>
      </trkpt>
      <trkpt lat="22.524266" lon="113.996437">
        <ele>4.8</ele>
        <time>2023-06-18T10:45:47Z</time>
      </trkpt>
      <trkpt lat="22.524288" lon="113.9965">
        <ele>4.8</ele>
        <time>2023-06-18T10:45:48Z</time>
      </trkpt>
      <trkpt lat="22.524325" lon="113.996567">
        <ele>4.8</ele>
        <time>2023-06-18T10:45:49Z</time>
      </trkpt>
      <trkpt lat="22.524357" lon="113.996629">
        <ele>4.8</ele>
        <time>2023-06-18T10:45:50Z</time>
      </trkpt>
      <trkpt lat="22.524385" lon="113.996697">
        <ele>4.8</ele>
        <time>2023-06-18T10:45:51Z</time>
      </trkpt>
      <trkpt lat="22.52441" lon="113.996757">
        <ele>4.8</ele>
        <time>2023-06-18T10:45:52Z</time>
      </trkpt>
      <trkpt lat="22.524438" lon="113.996825">
        <ele>4.8</ele>
        <time>2023-06-18T10:45:53Z</time>
      </trkpt>
      <trkpt lat="22.524465" lon="113.996879">
        <ele>4.8</ele>
        <time>2023-06-18T10:45:54Z</time>
      </trkpt>
      <trkpt lat="22.524492" lon="113.996934">
        <ele>4.8</ele>
        <time>2023-06-18T10:45:55Z</time>
      </trkpt>
      <trkpt lat="22.524519" lon="113.997002">
        <ele>4.8</ele>
        <time>2023-06-18T10:45:56Z</time>
      </trkpt>
      <trkpt lat="22.524551" lon="113.997061">
        <ele>4.8</ele>
        <time>2023-06-18T10:45:57Z</time>
      </trkpt>
      <trkpt lat="22.524577" lon="113.997106">
        <ele>4.8</ele>
        <time>2023-06-18T10:45:58Z</time>
      </trkpt>
      <trkpt lat="22.5246" lon="113.997153">
        <ele>4.8</ele>
        <time>2023-06-18T10:45:59Z</time>
      </trkpt>
      <trkpt lat="22.524624" lon="113.997206">
        <ele>4.8</ele>
        <time>2023-06-18T10:46:00Z</time>
      </trkpt>
      <trkpt lat="22.524658" lon="113.997252">
        <ele>4.8</ele>
        <time>2023-06-18T10:46:01Z</time>
      </trkpt>
      <trkpt lat="22.52469" lon="113.997305">
        <ele>4.8</ele>
        <time>2023-06-18T10:46:02Z</time>
      </trkpt>
      <trkpt lat="22.524717" lon="113.997352">
        <ele>4.8</ele>
        <time>2023-06-18T10:46:03Z</time>
      </trkpt>
      <trkpt lat="22.524746" lon="113.997403">
        <ele>4.8</ele>
        <time>2023-06-18T10:46:04Z</time>
      </trkpt>
      <trkpt lat="22.524769" lon="113.997451">
        <ele>4.8</ele>
        <time>2023-06-18T10:46:05Z</time>
      </trkpt>
      <trkpt lat="22.524788" lon="113.997503">
        <ele>4.8</ele>
        <time>2023-06-18T10:46:06Z</time>
      </trkpt>
      <trkpt lat="22.52481" lon="113.997557">
        <ele>4.8</ele>
        <time>2023-06-18T10:46:07Z</time>
      </trkpt>
      <trkpt lat="22.524837" lon="113.997602">
        <ele>4.8</ele>
        <time>2023-06-18T10:46:08Z</time>
      </trkpt>
      <trkpt lat="22.524865" lon="113.997647">
        <ele>4.8</ele>
        <time>2023-06-18T10:46:09Z</time>
      </trkpt>
      <trkpt lat="22.524892" lon="113.997688">
        <ele>4.8</ele>
        <time>2023-06-18T10:46:10Z</time>
      </trkpt>
      <trkpt lat="22.524918" lon="113.997743">
        <ele>4.8</ele>
        <time>2023-06-18T10:46:11Z</time>
      </trkpt>
      <trkpt lat="22.524947" lon="113.997802">
        <ele>4.8</ele>
        <time>2023-06-18T10:46:12Z</time>
      </trkpt>
      <trkpt lat="22.524973" lon="113.997856">
        <ele>4.8</ele>
        <time>2023-06-18T10:46:13Z</time>
      </trkpt>
      <trkpt lat="22.525005" lon="113.997924">
        <ele>4.8</ele>
        <time>2023-06-18T10:46:14Z</time>
      </trkpt>
      <trkpt lat="22.525032" lon="113.997978">
        <ele>4.8</ele>
        <time>2023-06-18T10:46:15Z</time>
      </trkpt>
      <trkpt lat="22.525061" lon="113.998032">
        <ele>4.8</ele>
        <time>2023-06-18T10:46:16Z</time>
      </trkpt>
      <trkpt lat="22.525089" lon="113.998091">
        <ele>4.8</ele>
        <time>2023-06-18T10:46:17Z</time>
      </trkpt>
      <trkpt lat="22.525117" lon="113.998145">
        <ele>4.8</ele>
        <time>2023-06-18T10:46:18Z</time>
      </trkpt>
      <trkpt lat="22.525144" lon="113.998198">
        <ele>4.8</ele>
        <time>2023-06-18T10:46:19Z</time>
      </trkpt>
      <trkpt lat="22.525169" lon="113.998245">
        <ele>4.8</ele>
        <time>2023-06-18T10:46:20Z</time>
      </trkpt>
      <trkpt lat="22.525195" lon="113.998304">
        <ele>4.8</ele>
        <time>2023-06-18T10:46:21Z</time>
      </trkpt>
      <trkpt lat="22.525218" lon="113.998358">
        <ele>4.8</ele>
        <time>2023-06-18T10:46:22Z</time>
      </trkpt>
      <trkpt lat="22.52524" lon="113.99841">
        <ele>4.8</ele>
        <time>2023-06-18T10:46:23Z</time>
      </trkpt>
      <trkpt lat="22.525271" lon="113.998448">
        <ele>4.9</ele>
        <time>2023-06-18T10:46:24Z</time>
      </trkpt>
      <trkpt lat="22.525302" lon="113.998479">
        <ele>4.9</ele>
        <time>2023-06-18T10:46:25Z</time>
      </trkpt>
      <trkpt lat="22.525334" lon="113.998509">
        <ele>4.9</ele>
        <time>2023-06-18T10:46:26Z</time>
      </trkpt>
      <trkpt lat="22.525369" lon="113.998531">
        <ele>4.9</ele>
        <time>2023-06-18T10:46:27Z</time>
      </trkpt>
      <trkpt lat="22.52541" lon="113.998553">
        <ele>4.9</ele>
        <time>2023-06-18T10:46:28Z</time>
      </trkpt>
      <trkpt lat="22.525456" lon="113.998575">
        <ele>4.9</ele>
        <time>2023-06-18T10:46:29Z</time>
      </trkpt>
      <trkpt lat="22.525505" lon="113.998588">
        <ele>4.9</ele>
        <time>2023-06-18T10:46:30Z</time>
      </trkpt>
      <trkpt lat="22.525564" lon="113.998584">
        <ele>4.9</ele>
        <time>2023-06-18T10:46:31Z</time>
      </trkpt>
      <trkpt lat="22.525624" lon="113.99858">
        <ele>4.9</ele>
        <time>2023-06-18T10:46:32Z</time>
      </trkpt>
      <trkpt lat="22.525687" lon="113.998571">
        <ele>4.9</ele>
        <time>2023-06-18T10:46:33Z</time>
      </trkpt>
      <trkpt lat="22.525759" lon="113.998555">
        <ele>4.9</ele>
        <time>2023-06-18T10:46:34Z</time>
      </trkpt>
      <trkpt lat="22.525828" lon="113.998532">
        <ele>4.9</ele>
        <time>2023-06-18T10:46:35Z</time>
      </trkpt>
      <trkpt lat="22.525891" lon="113.998509">
        <ele>4.9</ele>
        <time>2023-06-18T10:46:36Z</time>
      </trkpt>
      <trkpt lat="22.525955" lon="113.998478">
        <ele>4.9</ele>
        <time>2023-06-18T10:46:37Z</time>
      </trkpt>
      <trkpt lat="22.526012" lon="113.998446">
        <ele>4.9</ele>
        <time>2023-06-18T10:46:38Z</time>
      </trkpt>
      <trkpt lat="22.526076" lon="113.998409">
        <ele>4.9</ele>
        <time>2023-06-18T10:46:39Z</time>
      </trkpt>
      <trkpt lat="22.526132" lon="113.998378">
        <ele>4.9</ele>
        <time>2023-06-18T10:46:40Z</time>
      </trkpt>
      <trkpt lat="22.526187" lon="113.998346">
        <ele>4.9</ele>
        <time>2023-06-18T10:46:41Z</time>
      </trkpt>
      <trkpt lat="22.526242" lon="113.998309">
        <ele>4.9</ele>
        <time>2023-06-18T10:46:42Z</time>
      </trkpt>
      <trkpt lat="22.526295" lon="113.998279">
        <ele>4.9</ele>
        <time>2023-06-18T10:46:43Z</time>
      </trkpt>
      <trkpt lat="22.526347" lon="113.998242">
        <ele>4.9</ele>
        <time>2023-06-18T10:46:44Z</time>
      </trkpt>
      <trkpt lat="22.526396" lon="113.998212">
        <ele>4.9</ele>
        <time>2023-06-18T10:46:45Z</time>
      </trkpt>
      <trkpt lat="22.526444" lon="113.998189">
        <ele>4.9</ele>
        <time>2023-06-18T10:46:46Z</time>
      </trkpt>
      <trkpt lat="22.526494" lon="113.998164">
        <ele>4.9</ele>
        <time>2023-06-18T10:46:47Z</time>
      </trkpt>
      <trkpt lat="22.526553" lon="113.998127">
        <ele>4.9</ele>
        <time>2023-06-18T10:46:48Z</time>
      </trkpt>
      <trkpt lat="22.52661" lon="113.998091">
        <ele>4.9</ele>
        <time>2023-06-18T10:46:49Z</time>
      </trkpt>
      <trkpt lat="22.526667" lon="113.998056">
        <ele>4.9</ele>
        <time>2023-06-18T10:46:50Z</time>
      </trkpt>
      <trkpt lat="22.526724" lon="113.998019">
        <ele>4.9</ele>
        <time>2023-06-18T10:46:51Z</time>
      </trkpt>
      <trkpt lat="22.526786" lon="113.997982">
        <ele>4.9</ele>
        <time>2023-06-18T10:46:52Z</time>
      </trkpt>
      <trkpt lat="22.526842" lon="113.997951">
        <ele>4.9</ele>
        <time>2023-06-18T10:46:53Z</time>
      </trkpt>
      <trkpt lat="22.526896" lon="113.997921">
        <ele>4.9</ele>
        <time>2023-06-18T10:46:54Z</time>
      </trkpt>
      <trkpt lat="22.52695" lon="113.997891">
        <ele>4.9</ele>
        <time>2023-06-18T10:46:55Z</time>
      </trkpt>
      <trkpt lat="22.527003" lon="113.997861">
        <ele>4.9</ele>
        <time>2023-06-18T10:46:56Z</time>
      </trkpt>
      <trkpt lat="22.527057" lon="113.997837">
        <ele>4.9</ele>
        <time>2023-06-18T10:46:57Z</time>
      </trkpt>
      <trkpt lat="22.52711" lon="113.997808">
        <ele>4.9</ele>
        <time>2023-06-18T10:46:58Z</time>
      </trkpt>
      <trkpt lat="22.527155" lon="113.997792">
        <ele>4.9</ele>
        <time>2023-06-18T10:46:59Z</time>
      </trkpt>
      <trkpt lat="22.527205" lon="113.997761">
        <ele>4.9</ele>
        <time>2023-06-18T10:47:00Z</time>
      </trkpt>
      <trkpt lat="22.52726" lon="113.997729">
        <ele>4.9</ele>
        <time>2023-06-18T10:47:01Z</time>
      </trkpt>
      <trkpt lat="22.527316" lon="113.997698">
        <ele>4.9</ele>
        <time>2023-06-18T10:47:02Z</time>
      </trkpt>
      <trkpt lat="22.527374" lon="113.997669">
        <ele>4.9</ele>
        <time>2023-06-18T10:47:03Z</time>
      </trkpt>
      <trkpt lat="22.527434" lon="113.997638">
        <ele>5</ele>
        <time>2023-06-18T10:47:04Z</time>
      </trkpt>
      <trkpt lat="22.527492" lon="113.997607">
        <ele>5</ele>
        <time>2023-06-18T10:47:05Z</time>
      </trkpt>
      <trkpt lat="22.527547" lon="113.997577">
        <ele>5</ele>
        <time>2023-06-18T10:47:06Z</time>
      </trkpt>
      <trkpt lat="22.527601" lon="113.997538">
        <ele>5.1</ele>
        <time>2023-06-18T10:47:07Z</time>
      </trkpt>
      <trkpt lat="22.527654" lon="113.997501">
        <ele>5.1</ele>
        <time>2023-06-18T10:47:08Z</time>
      </trkpt>
      <trkpt lat="22.527711" lon="113.997463">
        <ele>5.1</ele>
        <time>2023-06-18T10:47:09Z</time>
      </trkpt>
      <trkpt lat="22.527764" lon="113.997433">
        <ele>5.2</ele>
        <time>2023-06-18T10:47:10Z</time>
      </trkpt>
      <trkpt lat="22.527821" lon="113.997402">
        <ele>5.2</ele>
        <time>2023-06-18T10:47:11Z</time>
      </trkpt>
      <trkpt lat="22.527878" lon="113.997371">
        <ele>5.2</ele>
        <time>2023-06-18T10:47:12Z</time>
      </trkpt>
      <trkpt lat="22.527932" lon="113.997341">
        <ele>5.3</ele>
        <time>2023-06-18T10:47:13Z</time>
      </trkpt>
      <trkpt lat="22.527986" lon="113.99731">
        <ele>5.3</ele>
        <time>2023-06-18T10:47:14Z</time>
      </trkpt>
      <trkpt lat="22.528038" lon="113.997279">
        <ele>5.3</ele>
        <time>2023-06-18T10:47:15Z</time>
      </trkpt>
      <trkpt lat="22.52809" lon="113.997248">
        <ele>5.4</ele>
        <time>2023-06-18T10:47:16Z</time>
      </trkpt>
      <trkpt lat="22.528144" lon="113.997219">
        <ele>5.4</ele>
        <time>2023-06-18T10:47:17Z</time>
      </trkpt>
      <trkpt lat="22.528193" lon="113.997197">
        <ele>5.4</ele>
        <time>2023-06-18T10:47:18Z</time>
      </trkpt>
      <trkpt lat="22.528239" lon="113.997173">
        <ele>5.5</ele>
        <time>2023-06-18T10:47:19Z</time>
      </trkpt>
      <trkpt lat="22.528287" lon="113.997142">
        <ele>5.5</ele>
        <time>2023-06-18T10:47:20Z</time>
      </trkpt>
      <trkpt lat="22.528333" lon="113.997113">
        <ele>5.5</ele>
        <time>2023-06-18T10:47:21Z</time>
      </trkpt>
      <trkpt lat="22.528333" lon="113.997113">
        <ele>5.5</ele>
        <time>2023-06-18T10:47:22Z</time>
      </trkpt>
      <trkpt lat="22.528333" lon="113.997113">
        <ele>5.5</ele>
        <time>2023-06-18T10:47:27Z</time>
      </trkpt>
      <trkpt lat="22.528333" lon="113.997113">
        <ele>5.5</ele>
        <time>2023-06-18T10:47:32Z</time>
      </trkpt>
      <trkpt lat="22.528333" lon="113.997113">
        <ele>5.5</ele>
        <time>2023-06-18T10:47:34Z</time>
      </trkpt>
      <trkpt lat="22.528333" lon="113.997113">
        <ele>5.5</ele>
        <time>2023-06-18T10:47:54Z</time>
      </trkpt>
      <trkpt lat="22.528333" lon="113.997113">
        <ele>5.5</ele>
        <time>2023-06-18T10:48:01Z</time>
      </trkpt>
      <trkpt lat="22.528333" lon="113.997113">
        <ele>5.5</ele>
        <time>2023-06-18T10:48:02Z</time>
      </trkpt>
      <trkpt lat="22.528333" lon="113.997113">
        <ele>5.5</ele>
        <time>2023-06-18T10:48:03Z</time>
      </trkpt>
      <trkpt lat="22.528333" lon="113.997113">
        <ele>5.5</ele>
        <time>2023-06-18T10:48:04Z</time>
      </trkpt>
      <trkpt lat="22.528333" lon="113.997113">
        <ele>5.5</ele>
        <time>2023-06-18T10:48:06Z</time>
      </trkpt>
      <trkpt lat="22.52833" lon="113.997009">
        <ele>5.6</ele>
        <time>2023-06-18T10:48:07Z</time>
      </trkpt>
      <trkpt lat="22.528324" lon="113.997009">
        <ele>5.6</ele>
        <time>2023-06-18T10:48:08Z</time>
      </trkpt>
      <trkpt lat="22.528318" lon="113.997011">
        <ele>5.6</ele>
        <time>2023-06-18T10:48:09Z</time>
      </trkpt>
      <trkpt lat="22.528316" lon="113.997017">
        <ele>5.6</ele>
        <time>2023-06-18T10:48:10Z</time>
      </trkpt>
      <trkpt lat="22.528316" lon="113.997017">
        <ele>5.6</ele>
        <time>2023-06-18T10:48:11Z</time>
      </trkpt>
      <trkpt lat="22.528316" lon="113.997017">
        <ele>5.6</ele>
        <time>2023-06-18T10:48:12Z</time>
      </trkpt>
      <trkpt lat="22.528316" lon="113.997017">
        <ele>5.6</ele>
        <time>2023-06-18T10:48:13Z</time>
      </trkpt>
      <trkpt lat="22.528316" lon="113.997017">
        <ele>5.6</ele>
        <time>2023-06-18T10:48:14Z</time>
      </trkpt>
      <trkpt lat="22.528316" lon="113.997017">
        <ele>5.6</ele>
        <time>2023-06-18T10:48:15Z</time>
      </trkpt>
      <trkpt lat="22.528316" lon="113.997017">
        <ele>5.6</ele>
        <time>2023-06-18T10:48:16Z</time>
      </trkpt>
      <trkpt lat="22.528316" lon="113.997017">
        <ele>5.6</ele>
        <time>2023-06-18T10:48:17Z</time>
      </trkpt>
      <trkpt lat="22.528316" lon="113.997017">
        <ele>5.6</ele>
        <time>2023-06-18T10:48:18Z</time>
      </trkpt>
      <trkpt lat="22.528316" lon="113.997017">
        <ele>5.6</ele>
        <time>2023-06-18T10:48:19Z</time>
      </trkpt>
      <trkpt lat="22.528316" lon="113.997017">
        <ele>5.6</ele>
        <time>2023-06-18T10:48:20Z</time>
      </trkpt>
      <trkpt lat="22.528316" lon="113.997017">
        <ele>5.6</ele>
        <time>2023-06-18T10:48:24Z</time>
      </trkpt>
      <trkpt lat="22.528316" lon="113.997017">
        <ele>5.6</ele>
        <time>2023-06-18T10:48:28Z</time>
      </trkpt>
      <trkpt lat="22.528316" lon="113.997017">
        <ele>5.6</ele>
        <time>2023-06-18T10:48:29Z</time>
      </trkpt>
      <trkpt lat="22.528316" lon="113.997017">
        <ele>5.6</ele>
        <time>2023-06-18T10:48:30Z</time>
      </trkpt>
      <trkpt lat="22.528316" lon="113.997017">
        <ele>5.6</ele>
        <time>2023-06-18T10:48:31Z</time>
      </trkpt>
      <trkpt lat="22.528316" lon="113.997017">
        <ele>5.6</ele>
        <time>2023-06-18T10:48:32Z</time>
      </trkpt>
      <trkpt lat="22.528316" lon="113.997017">
        <ele>5.6</ele>
        <time>2023-06-18T10:48:39Z</time>
      </trkpt>
      <trkpt lat="22.528316" lon="113.997017">
        <ele>5.6</ele>
        <time>2023-06-18T10:48:57Z</time>
      </trkpt>
      <trkpt lat="22.528316" lon="113.997017">
        <ele>5.6</ele>
        <time>2023-06-18T10:49:27Z</time>
      </trkpt>
      <trkpt lat="22.528318" lon="113.997022">
        <ele>5.6</ele>
        <time>2023-06-18T10:49:33Z</time>
      </trkpt>
      <trkpt lat="22.528328" lon="113.997063">
        <ele>5.6</ele>
        <time>2023-06-18T10:49:34Z</time>
      </trkpt>
      <trkpt lat="22.528327" lon="113.997064">
        <ele>5.6</ele>
        <time>2023-06-18T10:49:42Z</time>
      </trkpt>
      <trkpt lat="22.528324" lon="113.99707">
        <ele>5.6</ele>
        <time>2023-06-18T10:49:43Z</time>
      </trkpt>
      <trkpt lat="22.528322" lon="113.99707">
        <ele>5.6</ele>
        <time>2023-06-18T10:49:44Z</time>
      </trkpt>
      <trkpt lat="22.528322" lon="113.99707">
        <ele>5.6</ele>
        <time>2023-06-18T10:49:45Z</time>
      </trkpt>
      <trkpt lat="22.52832" lon="113.99707">
        <ele>5.6</ele>
        <time>2023-06-18T10:49:47Z</time>
      </trkpt>
      <trkpt lat="22.528306" lon="113.997071">
        <ele>5.6</ele>
        <time>2023-06-18T10:49:48Z</time>
      </trkpt>
      <trkpt lat="22.528295" lon="113.997079">
        <ele>5.6</ele>
        <time>2023-06-18T10:49:49Z</time>
      </trkpt>
      <trkpt lat="22.528275" lon="113.997088">
        <ele>5.6</ele>
        <time>2023-06-18T10:49:50Z</time>
      </trkpt>
      <trkpt lat="22.528254" lon="113.997098">
        <ele>5.7</ele>
        <time>2023-06-18T10:49:51Z</time>
      </trkpt>
      <trkpt lat="22.528234" lon="113.997107">
        <ele>5.7</ele>
        <time>2023-06-18T10:49:52Z</time>
      </trkpt>
      <trkpt lat="22.528214" lon="113.997116">
        <ele>5.7</ele>
        <time>2023-06-18T10:49:53Z</time>
      </trkpt>
      <trkpt lat="22.528193" lon="113.997125">
        <ele>5.7</ele>
        <time>2023-06-18T10:49:54Z</time>
      </trkpt>
      <trkpt lat="22.528168" lon="113.997133">
        <ele>5.7</ele>
        <time>2023-06-18T10:49:55Z</time>
      </trkpt>
      <trkpt lat="22.528145" lon="113.997146">
        <ele>5.7</ele>
        <time>2023-06-18T10:49:56Z</time>
      </trkpt>
      <trkpt lat="22.528121" lon="113.997158">
        <ele>5.7</ele>
        <time>2023-06-18T10:49:57Z</time>
      </trkpt>
      <trkpt lat="22.528097" lon="113.997171">
        <ele>5.8</ele>
        <time>2023-06-18T10:49:58Z</time>
      </trkpt>
      <trkpt lat="22.528068" lon="113.997183">
        <ele>5.8</ele>
        <time>2023-06-18T10:49:59Z</time>
      </trkpt>
      <trkpt lat="22.528038" lon="113.997195">
        <ele>5.8</ele>
        <time>2023-06-18T10:50:00Z</time>
      </trkpt>
      <trkpt lat="22.528009" lon="113.997207">
        <ele>5.8</ele>
        <time>2023-06-18T10:50:01Z</time>
      </trkpt>
      <trkpt lat="22.52798" lon="113.99722">
        <ele>5.8</ele>
        <time>2023-06-18T10:50:02Z</time>
      </trkpt>
      <trkpt lat="22.527951" lon="113.997232">
        <ele>5.8</ele>
        <time>2023-06-18T10:50:03Z</time>
      </trkpt>
      <trkpt lat="22.527921" lon="113.997244">
        <ele>5.9</ele>
        <time>2023-06-18T10:50:04Z</time>
      </trkpt>
      <trkpt lat="22.527892" lon="113.997256">
        <ele>5.9</ele>
        <time>2023-06-18T10:50:05Z</time>
      </trkpt>
      <trkpt lat="22.527863" lon="113.997268">
        <ele>5.9</ele>
        <time>2023-06-18T10:50:06Z</time>
      </trkpt>
      <trkpt lat="22.527834" lon="113.99728">
        <ele>5.9</ele>
        <time>2023-06-18T10:50:07Z</time>
      </trkpt>
      <trkpt lat="22.527804" lon="113.997292">
        <ele>5.9</ele>
        <time>2023-06-18T10:50:08Z</time>
      </trkpt>
      <trkpt lat="22.527775" lon="113.997304">
        <ele>5.9</ele>
        <time>2023-06-18T10:50:09Z</time>
      </trkpt>
      <trkpt lat="22.527746" lon="113.997317">
        <ele>5.9</ele>
        <time>2023-06-18T10:50:10Z</time>
      </trkpt>
      <trkpt lat="22.527716" lon="113.997329">
        <ele>5.9</ele>
        <time>2023-06-18T10:50:11Z</time>
      </trkpt>
      <trkpt lat="22.527687" lon="113.997341">
        <ele>5.9</ele>
        <time>2023-06-18T10:50:12Z</time>
      </trkpt>
      <trkpt lat="22.527658" lon="113.997353">
        <ele>5.9</ele>
        <time>2023-06-18T10:50:13Z</time>
      </trkpt>
      <trkpt lat="22.527629" lon="113.997365">
        <ele>5.9</ele>
        <time>2023-06-18T10:50:14Z</time>
      </trkpt>
      <trkpt lat="22.527597" lon="113.997378">
        <ele>5.9</ele>
        <time>2023-06-18T10:50:15Z</time>
      </trkpt>
      <trkpt lat="22.52755" lon="113.9974">
        <ele>5.9</ele>
        <time>2023-06-18T10:50:16Z</time>
      </trkpt>
      <trkpt lat="22.52751" lon="113.997418">
        <ele>5.9</ele>
        <time>2023-06-18T10:50:17Z</time>
      </trkpt>
      <trkpt lat="22.527472" lon="113.997448">
        <ele>5.9</ele>
        <time>2023-06-18T10:50:18Z</time>
      </trkpt>
      <trkpt lat="22.527428" lon="113.997478">
        <ele>5.9</ele>
        <time>2023-06-18T10:50:19Z</time>
      </trkpt>
      <trkpt lat="22.527382" lon="113.997509">
        <ele>5.9</ele>
        <time>2023-06-18T10:50:20Z</time>
      </trkpt>
      <trkpt lat="22.527339" lon="113.997538">
        <ele>5.9</ele>
        <time>2023-06-18T10:50:21Z</time>
      </trkpt>
      <trkpt lat="22.527303" lon="113.997554">
        <ele>5.9</ele>
        <time>2023-06-18T10:50:22Z</time>
      </trkpt>
      <trkpt lat="22.52727" lon="113.997577">
        <ele>5.9</ele>
        <time>2023-06-18T10:50:23Z</time>
      </trkpt>
      <trkpt lat="22.527232" lon="113.9976">
        <ele>5.9</ele>
        <time>2023-06-18T10:50:24Z</time>
      </trkpt>
      <trkpt lat="22.527194" lon="113.997622">
        <ele>5.9</ele>
        <time>2023-06-18T10:50:25Z</time>
      </trkpt>
      <trkpt lat="22.527157" lon="113.997638">
        <ele>5.9</ele>
        <time>2023-06-18T10:50:26Z</time>
      </trkpt>
      <trkpt lat="22.527117" lon="113.99766">
        <ele>5.9</ele>
        <time>2023-06-18T10:50:27Z</time>
      </trkpt>
      <trkpt lat="22.527077" lon="113.997676">
        <ele>5.8</ele>
        <time>2023-06-18T10:50:28Z</time>
      </trkpt>
      <trkpt lat="22.527035" lon="113.997698">
        <ele>5.8</ele>
        <time>2023-06-18T10:50:29Z</time>
      </trkpt>
      <trkpt lat="22.526997" lon="113.997714">
        <ele>5.8</ele>
        <time>2023-06-18T10:50:30Z</time>
      </trkpt>
      <trkpt lat="22.526954" lon="113.997737">
        <ele>5.8</ele>
        <time>2023-06-18T10:50:31Z</time>
      </trkpt>
      <trkpt lat="22.526917" lon="113.997758">
        <ele>5.8</ele>
        <time>2023-06-18T10:50:32Z</time>
      </trkpt>
      <trkpt lat="22.526881" lon="113.997779">
        <ele>5.8</ele>
        <time>2023-06-18T10:50:33Z</time>
      </trkpt>
      <trkpt lat="22.526844" lon="113.997801">
        <ele>5.8</ele>
        <time>2023-06-18T10:50:34Z</time>
      </trkpt>
      <trkpt lat="22.526808" lon="113.997822">
        <ele>5.8</ele>
        <time>2023-06-18T10:50:35Z</time>
      </trkpt>
      <trkpt lat="22.52677" lon="113.997844">
        <ele>5.8</ele>
        <time>2023-06-18T10:50:36Z</time>
      </trkpt>
      <trkpt lat="22.526728" lon="113.997876">
        <ele>5.8</ele>
        <time>2023-06-18T10:50:37Z</time>
      </trkpt>
      <trkpt lat="22.526686" lon="113.997911">
        <ele>5.8</ele>
        <time>2023-06-18T10:50:38Z</time>
      </trkpt>
      <trkpt lat="22.526643" lon="113.997927">
        <ele>5.8</ele>
        <time>2023-06-18T10:50:39Z</time>
      </trkpt>
      <trkpt lat="22.526609" lon="113.997943">
        <ele>5.8</ele>
        <time>2023-06-18T10:50:40Z</time>
      </trkpt>
      <trkpt lat="22.526575" lon="113.997965">
        <ele>5.8</ele>
        <time>2023-06-18T10:50:41Z</time>
      </trkpt>
      <trkpt lat="22.526541" lon="113.997981">
        <ele>5.8</ele>
        <time>2023-06-18T10:50:42Z</time>
      </trkpt>
      <trkpt lat="22.526499" lon="113.998004">
        <ele>5.8</ele>
        <time>2023-06-18T10:50:43Z</time>
      </trkpt>
      <trkpt lat="22.526454" lon="113.998026">
        <ele>5.8</ele>
        <time>2023-06-18T10:50:44Z</time>
      </trkpt>
      <trkpt lat="22.526413" lon="113.998041">
        <ele>5.8</ele>
        <time>2023-06-18T10:50:45Z</time>
      </trkpt>
      <trkpt lat="22.526369" lon="113.998056">
        <ele>5.8</ele>
        <time>2023-06-18T10:50:46Z</time>
      </trkpt>
      <trkpt lat="22.526324" lon="113.998072">
        <ele>5.8</ele>
        <time>2023-06-18T10:50:47Z</time>
      </trkpt>
      <trkpt lat="22.526278" lon="113.998087">
        <ele>5.8</ele>
        <time>2023-06-18T10:50:48Z</time>
      </trkpt>
      <trkpt lat="22.526233" lon="113.998104">
        <ele>5.8</ele>
        <time>2023-06-18T10:50:49Z</time>
      </trkpt>
      <trkpt lat="22.526194" lon="113.998135">
        <ele>5.8</ele>
        <time>2023-06-18T10:50:50Z</time>
      </trkpt>
      <trkpt lat="22.526158" lon="113.998167">
        <ele>5.8</ele>
        <time>2023-06-18T10:50:51Z</time>
      </trkpt>
      <trkpt lat="22.526122" lon="113.998204">
        <ele>5.8</ele>
        <time>2023-06-18T10:50:52Z</time>
      </trkpt>
      <trkpt lat="22.526083" lon="113.998233">
        <ele>5.8</ele>
        <time>2023-06-18T10:50:53Z</time>
      </trkpt>
      <trkpt lat="22.526042" lon="113.998255">
        <ele>5.8</ele>
        <time>2023-06-18T10:50:54Z</time>
      </trkpt>
      <trkpt lat="22.526003" lon="113.998271">
        <ele>5.8</ele>
        <time>2023-06-18T10:50:55Z</time>
      </trkpt>
      <trkpt lat="22.525966" lon="113.998293">
        <ele>5.8</ele>
        <time>2023-06-18T10:50:56Z</time>
      </trkpt>
      <trkpt lat="22.525928" lon="113.99831">
        <ele>5.8</ele>
        <time>2023-06-18T10:50:57Z</time>
      </trkpt>
      <trkpt lat="22.525886" lon="113.998331">
        <ele>5.7</ele>
        <time>2023-06-18T10:50:58Z</time>
      </trkpt>
      <trkpt lat="22.525844" lon="113.998348">
        <ele>5.7</ele>
        <time>2023-06-18T10:50:59Z</time>
      </trkpt>
      <trkpt lat="22.525802" lon="113.998376">
        <ele>5.7</ele>
        <time>2023-06-18T10:51:00Z</time>
      </trkpt>
      <trkpt lat="22.525763" lon="113.998385">
        <ele>5.7</ele>
        <time>2023-06-18T10:51:01Z</time>
      </trkpt>
      <trkpt lat="22.525724" lon="113.9984">
        <ele>5.7</ele>
        <time>2023-06-18T10:51:02Z</time>
      </trkpt>
      <trkpt lat="22.525678" lon="113.998416">
        <ele>5.7</ele>
        <time>2023-06-18T10:51:03Z</time>
      </trkpt>
      <trkpt lat="22.525629" lon="113.998437">
        <ele>5.7</ele>
        <time>2023-06-18T10:51:04Z</time>
      </trkpt>
      <trkpt lat="22.525586" lon="113.998445">
        <ele>5.7</ele>
        <time>2023-06-18T10:51:05Z</time>
      </trkpt>
      <trkpt lat="22.525544" lon="113.998452">
        <ele>5.7</ele>
        <time>2023-06-18T10:51:06Z</time>
      </trkpt>
      <trkpt lat="22.525509" lon="113.998459">
        <ele>5.7</ele>
        <time>2023-06-18T10:51:07Z</time>
      </trkpt>
      <trkpt lat="22.525468" lon="113.998456">
        <ele>5.7</ele>
        <time>2023-06-18T10:51:08Z</time>
      </trkpt>
      <trkpt lat="22.52543" lon="113.998434">
        <ele>5.7</ele>
        <time>2023-06-18T10:51:09Z</time>
      </trkpt>
      <trkpt lat="22.525393" lon="113.998419">
        <ele>5.7</ele>
        <time>2023-06-18T10:51:10Z</time>
      </trkpt>
      <trkpt lat="22.525353" lon="113.998404">
        <ele>5.7</ele>
        <time>2023-06-18T10:51:11Z</time>
      </trkpt>
      <trkpt lat="22.52531" lon="113.998386">
        <ele>5.7</ele>
        <time>2023-06-18T10:51:12Z</time>
      </trkpt>
      <trkpt lat="22.525263" lon="113.998355">
        <ele>5.7</ele>
        <time>2023-06-18T10:51:13Z</time>
      </trkpt>
      <trkpt lat="22.525222" lon="113.998316">
        <ele>5.7</ele>
        <time>2023-06-18T10:51:14Z</time>
      </trkpt>
      <trkpt lat="22.525186" lon="113.998278">
        <ele>5.7</ele>
        <time>2023-06-18T10:51:15Z</time>
      </trkpt>
      <trkpt lat="22.525155" lon="113.998238">
        <ele>5.7</ele>
        <time>2023-06-18T10:51:16Z</time>
      </trkpt>
      <trkpt lat="22.525135" lon="113.998194">
        <ele>5.7</ele>
        <time>2023-06-18T10:51:17Z</time>
      </trkpt>
      <trkpt lat="22.525123" lon="113.998156">
        <ele>5.7</ele>
        <time>2023-06-18T10:51:18Z</time>
      </trkpt>
      <trkpt lat="22.525117" lon="113.998119">
        <ele>5.7</ele>
        <time>2023-06-18T10:51:19Z</time>
      </trkpt>
      <trkpt lat="22.525106" lon="113.998088">
        <ele>5.7</ele>
        <time>2023-06-18T10:51:20Z</time>
      </trkpt>
      <trkpt lat="22.525093" lon="113.998057">
        <ele>5.7</ele>
        <time>2023-06-18T10:51:21Z</time>
      </trkpt>
      <trkpt lat="22.525079" lon="113.99802">
        <ele>5.7</ele>
        <time>2023-06-18T10:51:22Z</time>
      </trkpt>
      <trkpt lat="22.52506" lon="113.99799">
        <ele>5.7</ele>
        <time>2023-06-18T10:51:23Z</time>
      </trkpt>
      <trkpt lat="22.525037" lon="113.997965">
        <ele>5.7</ele>
        <time>2023-06-18T10:51:24Z</time>
      </trkpt>
      <trkpt lat="22.525016" lon="113.997935">
        <ele>5.7</ele>
        <time>2023-06-18T10:51:25Z</time>
      </trkpt>
      <trkpt lat="22.524993" lon="113.997899">
        <ele>5.7</ele>
        <time>2023-06-18T10:51:26Z</time>
      </trkpt>
      <trkpt lat="22.524981" lon="113.997883">
        <ele>5.7</ele>
        <time>2023-06-18T10:51:27Z</time>
      </trkpt>
      <trkpt lat="22.524971" lon="113.997851">
        <ele>5.7</ele>
        <time>2023-06-18T10:51:28Z</time>
      </trkpt>
      <trkpt lat="22.524956" lon="113.997811">
        <ele>5.7</ele>
        <time>2023-06-18T10:51:29Z</time>
      </trkpt>
      <trkpt lat="22.524944" lon="113.99776">
        <ele>5.6</ele>
        <time>2023-06-18T10:51:30Z</time>
      </trkpt>
      <trkpt lat="22.524931" lon="113.997721">
        <ele>5.6</ele>
        <time>2023-06-18T10:51:31Z</time>
      </trkpt>
      <trkpt lat="22.524919" lon="113.997684">
        <ele>5.6</ele>
        <time>2023-06-18T10:51:32Z</time>
      </trkpt>
      <trkpt lat="22.524914" lon="113.997653">
        <ele>5.6</ele>
        <time>2023-06-18T10:51:33Z</time>
      </trkpt>
      <trkpt lat="22.524914" lon="113.997623">
        <ele>5.6</ele>
        <time>2023-06-18T10:51:34Z</time>
      </trkpt>
      <trkpt lat="22.524902" lon="113.997591">
        <ele>5.6</ele>
        <time>2023-06-18T10:51:35Z</time>
      </trkpt>
      <trkpt lat="22.524887" lon="113.997546">
        <ele>5.6</ele>
        <time>2023-06-18T10:51:36Z</time>
      </trkpt>
      <trkpt lat="22.52487" lon="113.997499">
        <ele>5.6</ele>
        <time>2023-06-18T10:51:37Z</time>
      </trkpt>
      <trkpt lat="22.524854" lon="113.997453">
        <ele>5.6</ele>
        <time>2023-06-18T10:51:38Z</time>
      </trkpt>
      <trkpt lat="22.524837" lon="113.997406">
        <ele>5.6</ele>
        <time>2023-06-18T10:51:39Z</time>
      </trkpt>
      <trkpt lat="22.524819" lon="113.997354">
        <ele>5.6</ele>
        <time>2023-06-18T10:51:40Z</time>
      </trkpt>
      <trkpt lat="22.524797" lon="113.99731">
        <ele>5.6</ele>
        <time>2023-06-18T10:51:41Z</time>
      </trkpt>
      <trkpt lat="22.52478" lon="113.997271">
        <ele>5.6</ele>
        <time>2023-06-18T10:51:42Z</time>
      </trkpt>
      <trkpt lat="22.524756" lon="113.997217">
        <ele>5.6</ele>
        <time>2023-06-18T10:51:43Z</time>
      </trkpt>
      <trkpt lat="22.524732" lon="113.997172">
        <ele>5.6</ele>
        <time>2023-06-18T10:51:44Z</time>
      </trkpt>
      <trkpt lat="22.524711" lon="113.997127">
        <ele>5.6</ele>
        <time>2023-06-18T10:51:45Z</time>
      </trkpt>
      <trkpt lat="22.524692" lon="113.997088">
        <ele>5.6</ele>
        <time>2023-06-18T10:51:46Z</time>
      </trkpt>
      <trkpt lat="22.524668" lon="113.997043">
        <ele>5.6</ele>
        <time>2023-06-18T10:51:47Z</time>
      </trkpt>
      <trkpt lat="22.524643" lon="113.997005">
        <ele>5.6</ele>
        <time>2023-06-18T10:51:48Z</time>
      </trkpt>
      <trkpt lat="22.524618" lon="113.996969">
        <ele>5.6</ele>
        <time>2023-06-18T10:51:49Z</time>
      </trkpt>
      <trkpt lat="22.524601" lon="113.996944">
        <ele>5.6</ele>
        <time>2023-06-18T10:51:50Z</time>
      </trkpt>
      <trkpt lat="22.524584" lon="113.996921">
        <ele>5.6</ele>
        <time>2023-06-18T10:51:51Z</time>
      </trkpt>
      <trkpt lat="22.524568" lon="113.99689">
        <ele>5.6</ele>
        <time>2023-06-18T10:51:52Z</time>
      </trkpt>
      <trkpt lat="22.524549" lon="113.996852">
        <ele>5.6</ele>
        <time>2023-06-18T10:51:53Z</time>
      </trkpt>
      <trkpt lat="22.524531" lon="113.996814">
        <ele>5.6</ele>
        <time>2023-06-18T10:51:54Z</time>
      </trkpt>
      <trkpt lat="22.524517" lon="113.996776">
        <ele>5.6</ele>
        <time>2023-06-18T10:51:55Z</time>
      </trkpt>
      <trkpt lat="22.524502" lon="113.996738">
        <ele>5.6</ele>
        <time>2023-06-18T10:51:56Z</time>
      </trkpt>
      <trkpt lat="22.524484" lon="113.996698">
        <ele>5.6</ele>
        <time>2023-06-18T10:51:57Z</time>
      </trkpt>
      <trkpt lat="22.524464" lon="113.996653">
        <ele>5.6</ele>
        <time>2023-06-18T10:51:58Z</time>
      </trkpt>
      <trkpt lat="22.524447" lon="113.996607">
        <ele>5.6</ele>
        <time>2023-06-18T10:51:59Z</time>
      </trkpt>
      <trkpt lat="22.524431" lon="113.996562">
        <ele>5.6</ele>
        <time>2023-06-18T10:52:00Z</time>
      </trkpt>
      <trkpt lat="22.524414" lon="113.996524">
        <ele>5.6</ele>
        <time>2023-06-18T10:52:01Z</time>
      </trkpt>
      <trkpt lat="22.5244" lon="113.996484">
        <ele>5.6</ele>
        <time>2023-06-18T10:52:02Z</time>
      </trkpt>
      <trkpt lat="22.524381" lon="113.996432">
        <ele>5.6</ele>
        <time>2023-06-18T10:52:03Z</time>
      </trkpt>
      <trkpt lat="22.524364" lon="113.996393">
        <ele>5.6</ele>
        <time>2023-06-18T10:52:04Z</time>
      </trkpt>
      <trkpt lat="22.524347" lon="113.996348">
        <ele>5.6</ele>
        <time>2023-06-18T10:52:05Z</time>
      </trkpt>
      <trkpt lat="22.52433" lon="113.996307">
        <ele>5.6</ele>
        <time>2023-06-18T10:52:06Z</time>
      </trkpt>
      <trkpt lat="22.524314" lon="113.996252">
        <ele>5.6</ele>
        <time>2023-06-18T10:52:07Z</time>
      </trkpt>
      <trkpt lat="22.524297" lon="113.996201">
        <ele>5.6</ele>
        <time>2023-06-18T10:52:08Z</time>
      </trkpt>
      <trkpt lat="22.524281" lon="113.996149">
        <ele>5.6</ele>
        <time>2023-06-18T10:52:09Z</time>
      </trkpt>
      <trkpt lat="22.524266" lon="113.996102">
        <ele>5.6</ele>
        <time>2023-06-18T10:52:10Z</time>
      </trkpt>
      <trkpt lat="22.524252" lon="113.99605">
        <ele>5.6</ele>
        <time>2023-06-18T10:52:11Z</time>
      </trkpt>
      <trkpt lat="22.524239" lon="113.996005">
        <ele>5.6</ele>
        <time>2023-06-18T10:52:12Z</time>
      </trkpt>
      <trkpt lat="22.524225" lon="113.995957">
        <ele>5.6</ele>
        <time>2023-06-18T10:52:13Z</time>
      </trkpt>
      <trkpt lat="22.52421" lon="113.995904">
        <ele>5.6</ele>
        <time>2023-06-18T10:52:14Z</time>
      </trkpt>
      <trkpt lat="22.524197" lon="113.995858">
        <ele>5.6</ele>
        <time>2023-06-18T10:52:15Z</time>
      </trkpt>
      <trkpt lat="22.524183" lon="113.995812">
        <ele>5.6</ele>
        <time>2023-06-18T10:52:16Z</time>
      </trkpt>
      <trkpt lat="22.524166" lon="113.99576">
        <ele>5.6</ele>
        <time>2023-06-18T10:52:17Z</time>
      </trkpt>
      <trkpt lat="22.524146" lon="113.995714">
        <ele>5.6</ele>
        <time>2023-06-18T10:52:18Z</time>
      </trkpt>
      <trkpt lat="22.524127" lon="113.995669">
        <ele>5.6</ele>
        <time>2023-06-18T10:52:19Z</time>
      </trkpt>
      <trkpt lat="22.524104" lon="113.99563">
        <ele>5.6</ele>
        <time>2023-06-18T10:52:20Z</time>
      </trkpt>
      <trkpt lat="22.524084" lon="113.995584">
        <ele>5.6</ele>
        <time>2023-06-18T10:52:21Z</time>
      </trkpt>
      <trkpt lat="22.524067" lon="113.995538">
        <ele>5.6</ele>
        <time>2023-06-18T10:52:22Z</time>
      </trkpt>
      <trkpt lat="22.524051" lon="113.995493">
        <ele>5.6</ele>
        <time>2023-06-18T10:52:23Z</time>
      </trkpt>
      <trkpt lat="22.524034" lon="113.995447">
        <ele>5.6</ele>
        <time>2023-06-18T10:52:24Z</time>
      </trkpt>
      <trkpt lat="22.524013" lon="113.995403">
        <ele>5.6</ele>
        <time>2023-06-18T10:52:25Z</time>
      </trkpt>
      <trkpt lat="22.523992" lon="113.995363">
        <ele>5.6</ele>
        <time>2023-06-18T10:52:26Z</time>
      </trkpt>
      <trkpt lat="22.523973" lon="113.995317">
        <ele>5.6</ele>
        <time>2023-06-18T10:52:27Z</time>
      </trkpt>
      <trkpt lat="22.523957" lon="113.995274">
        <ele>5.6</ele>
        <time>2023-06-18T10:52:28Z</time>
      </trkpt>
      <trkpt lat="22.523941" lon="113.995234">
        <ele>5.6</ele>
        <time>2023-06-18T10:52:29Z</time>
      </trkpt>
      <trkpt lat="22.523926" lon="113.995196">
        <ele>5.6</ele>
        <time>2023-06-18T10:52:30Z</time>
      </trkpt>
      <trkpt lat="22.52391" lon="113.995158">
        <ele>5.6</ele>
        <time>2023-06-18T10:52:31Z</time>
      </trkpt>
      <trkpt lat="22.523895" lon="113.99512">
        <ele>5.6</ele>
        <time>2023-06-18T10:52:32Z</time>
      </trkpt>
      <trkpt lat="22.523879" lon="113.995082">
        <ele>5.6</ele>
        <time>2023-06-18T10:52:33Z</time>
      </trkpt>
      <trkpt lat="22.52386" lon="113.995051">
        <ele>5.6</ele>
        <time>2023-06-18T10:52:34Z</time>
      </trkpt>
      <trkpt lat="22.523845" lon="113.99502">
        <ele>5.6</ele>
        <time>2023-06-18T10:52:35Z</time>
      </trkpt>
      <trkpt lat="22.523831" lon="113.99499">
        <ele>5.6</ele>
        <time>2023-06-18T10:52:36Z</time>
      </trkpt>
      <trkpt lat="22.523819" lon="113.994952">
        <ele>5.6</ele>
        <time>2023-06-18T10:52:37Z</time>
      </trkpt>
      <trkpt lat="22.523806" lon="113.994921">
        <ele>5.6</ele>
        <time>2023-06-18T10:52:38Z</time>
      </trkpt>
      <trkpt lat="22.523797" lon="113.994882">
        <ele>5.6</ele>
        <time>2023-06-18T10:52:39Z</time>
      </trkpt>
      <trkpt lat="22.523786" lon="113.994837">
        <ele>5.6</ele>
        <time>2023-06-18T10:52:40Z</time>
      </trkpt>
      <trkpt lat="22.523768" lon="113.994792">
        <ele>5.6</ele>
        <time>2023-06-18T10:52:41Z</time>
      </trkpt>
      <trkpt lat="22.523756" lon="113.994753">
        <ele>5.6</ele>
        <time>2023-06-18T10:52:42Z</time>
      </trkpt>
      <trkpt lat="22.523745" lon="113.994716">
        <ele>5.6</ele>
        <time>2023-06-18T10:52:43Z</time>
      </trkpt>
      <trkpt lat="22.523727" lon="113.994679">
        <ele>5.6</ele>
        <time>2023-06-18T10:52:44Z</time>
      </trkpt>
      <trkpt lat="22.523704" lon="113.994648">
        <ele>5.6</ele>
        <time>2023-06-18T10:52:45Z</time>
      </trkpt>
      <trkpt lat="22.523676" lon="113.994618">
        <ele>5.6</ele>
        <time>2023-06-18T10:52:46Z</time>
      </trkpt>
      <trkpt lat="22.523648" lon="113.994586">
        <ele>5.6</ele>
        <time>2023-06-18T10:52:47Z</time>
      </trkpt>
      <trkpt lat="22.523625" lon="113.994547">
        <ele>5.6</ele>
        <time>2023-06-18T10:52:48Z</time>
      </trkpt>
      <trkpt lat="22.523603" lon="113.994503">
        <ele>5.6</ele>
        <time>2023-06-18T10:52:49Z</time>
      </trkpt>
      <trkpt lat="22.523585" lon="113.994473">
        <ele>5.6</ele>
        <time>2023-06-18T10:52:50Z</time>
      </trkpt>
      <trkpt lat="22.523574" lon="113.99444">
        <ele>5.6</ele>
        <time>2023-06-18T10:52:51Z</time>
      </trkpt>
      <trkpt lat="22.523563" lon="113.994396">
        <ele>5.6</ele>
        <time>2023-06-18T10:52:52Z</time>
      </trkpt>
      <trkpt lat="22.523545" lon="113.994357">
        <ele>5.6</ele>
        <time>2023-06-18T10:52:53Z</time>
      </trkpt>
      <trkpt lat="22.523525" lon="113.99432">
        <ele>5.5</ele>
        <time>2023-06-18T10:52:54Z</time>
      </trkpt>
      <trkpt lat="22.523504" lon="113.994281">
        <ele>5.5</ele>
        <time>2023-06-18T10:52:55Z</time>
      </trkpt>
      <trkpt lat="22.523488" lon="113.994243">
        <ele>5.5</ele>
        <time>2023-06-18T10:52:56Z</time>
      </trkpt>
      <trkpt lat="22.523467" lon="113.994203">
        <ele>5.5</ele>
        <time>2023-06-18T10:52:57Z</time>
      </trkpt>
      <trkpt lat="22.52345" lon="113.994157">
        <ele>5.5</ele>
        <time>2023-06-18T10:52:58Z</time>
      </trkpt>
      <trkpt lat="22.523434" lon="113.99412">
        <ele>5.5</ele>
        <time>2023-06-18T10:52:59Z</time>
      </trkpt>
      <trkpt lat="22.523413" lon="113.994084">
        <ele>5.5</ele>
        <time>2023-06-18T10:53:00Z</time>
      </trkpt>
      <trkpt lat="22.523399" lon="113.994052">
        <ele>5.5</ele>
        <time>2023-06-18T10:53:01Z</time>
      </trkpt>
      <trkpt lat="22.523383" lon="113.994016">
        <ele>5.5</ele>
        <time>2023-06-18T10:53:02Z</time>
      </trkpt>
      <trkpt lat="22.523375" lon="113.993992">
        <ele>5.5</ele>
        <time>2023-06-18T10:53:03Z</time>
      </trkpt>
      <trkpt lat="22.523358" lon="113.993962">
        <ele>5.5</ele>
        <time>2023-06-18T10:53:04Z</time>
      </trkpt>
      <trkpt lat="22.523348" lon="113.993938">
        <ele>5.5</ele>
        <time>2023-06-18T10:53:05Z</time>
      </trkpt>
      <trkpt lat="22.523346" lon="113.993899">
        <ele>5.5</ele>
        <time>2023-06-18T10:53:06Z</time>
      </trkpt>
      <trkpt lat="22.523347" lon="113.993855">
        <ele>5.5</ele>
        <time>2023-06-18T10:53:07Z</time>
      </trkpt>
      <trkpt lat="22.523352" lon="113.993831">
        <ele>5.5</ele>
        <time>2023-06-18T10:53:08Z</time>
      </trkpt>
      <trkpt lat="22.523358" lon="113.993792">
        <ele>5.5</ele>
        <time>2023-06-18T10:53:09Z</time>
      </trkpt>
      <trkpt lat="22.52336" lon="113.993755">
        <ele>5.5</ele>
        <time>2023-06-18T10:53:10Z</time>
      </trkpt>
      <trkpt lat="22.523368" lon="113.993716">
        <ele>5.5</ele>
        <time>2023-06-18T10:53:11Z</time>
      </trkpt>
      <trkpt lat="22.523378" lon="113.993679">
        <ele>5.5</ele>
        <time>2023-06-18T10:53:12Z</time>
      </trkpt>
      <trkpt lat="22.52339" lon="113.993648">
        <ele>5.5</ele>
        <time>2023-06-18T10:53:13Z</time>
      </trkpt>
      <trkpt lat="22.523403" lon="113.993626">
        <ele>5.5</ele>
        <time>2023-06-18T10:53:14Z</time>
      </trkpt>
      <trkpt lat="22.523414" lon="113.993596">
        <ele>5.5</ele>
        <time>2023-06-18T10:53:15Z</time>
      </trkpt>
      <trkpt lat="22.523422" lon="113.993572">
        <ele>5.5</ele>
        <time>2023-06-18T10:53:16Z</time>
      </trkpt>
      <trkpt lat="22.523436" lon="113.993542">
        <ele>5.5</ele>
        <time>2023-06-18T10:53:17Z</time>
      </trkpt>
      <trkpt lat="22.523449" lon="113.993515">
        <ele>5.5</ele>
        <time>2023-06-18T10:53:18Z</time>
      </trkpt>
      <trkpt lat="22.523462" lon="113.993488">
        <ele>5.5</ele>
        <time>2023-06-18T10:53:19Z</time>
      </trkpt>
      <trkpt lat="22.523475" lon="113.993462">
        <ele>5.5</ele>
        <time>2023-06-18T10:53:20Z</time>
      </trkpt>
      <trkpt lat="22.523488" lon="113.993435">
        <ele>5.5</ele>
        <time>2023-06-18T10:53:21Z</time>
      </trkpt>
      <trkpt lat="22.523501" lon="113.993408">
        <ele>5.5</ele>
        <time>2023-06-18T10:53:22Z</time>
      </trkpt>
      <trkpt lat="22.523514" lon="113.993381">
        <ele>5.5</ele>
        <time>2023-06-18T10:53:23Z</time>
      </trkpt>
      <trkpt lat="22.523531" lon="113.993345">
        <ele>5.5</ele>
        <time>2023-06-18T10:53:24Z</time>
      </trkpt>
      <trkpt lat="22.523547" lon="113.99331">
        <ele>5.5</ele>
        <time>2023-06-18T10:53:25Z</time>
      </trkpt>
      <trkpt lat="22.523563" lon="113.993275">
        <ele>5.5</ele>
        <time>2023-06-18T10:53:26Z</time>
      </trkpt>
      <trkpt lat="22.52358" lon="113.993242">
        <ele>5.5</ele>
        <time>2023-06-18T10:53:27Z</time>
      </trkpt>
      <trkpt lat="22.523603" lon="113.993196">
        <ele>5.5</ele>
        <time>2023-06-18T10:53:28Z</time>
      </trkpt>
      <trkpt lat="22.523615" lon="113.99315">
        <ele>5.5</ele>
        <time>2023-06-18T10:53:29Z</time>
      </trkpt>
      <trkpt lat="22.52363" lon="113.993098">
        <ele>5.5</ele>
        <time>2023-06-18T10:53:30Z</time>
      </trkpt>
      <trkpt lat="22.523646" lon="113.993051">
        <ele>5.5</ele>
        <time>2023-06-18T10:53:31Z</time>
      </trkpt>
      <trkpt lat="22.523661" lon="113.993006">
        <ele>5.5</ele>
        <time>2023-06-18T10:53:32Z</time>
      </trkpt>
      <trkpt lat="22.523677" lon="113.99296">
        <ele>5.5</ele>
        <time>2023-06-18T10:53:33Z</time>
      </trkpt>
      <trkpt lat="22.523699" lon="113.992922">
        <ele>5.5</ele>
        <time>2023-06-18T10:53:34Z</time>
      </trkpt>
      <trkpt lat="22.523721" lon="113.992885">
        <ele>5.5</ele>
        <time>2023-06-18T10:53:35Z</time>
      </trkpt>
      <trkpt lat="22.523742" lon="113.992846">
        <ele>5.5</ele>
        <time>2023-06-18T10:53:36Z</time>
      </trkpt>
      <trkpt lat="22.523758" lon="113.992801">
        <ele>5.5</ele>
        <time>2023-06-18T10:53:37Z</time>
      </trkpt>
      <trkpt lat="22.523773" lon="113.992763">
        <ele>5.5</ele>
        <time>2023-06-18T10:53:38Z</time>
      </trkpt>
      <trkpt lat="22.523789" lon="113.992724">
        <ele>5.5</ele>
        <time>2023-06-18T10:53:39Z</time>
      </trkpt>
      <trkpt lat="22.523809" lon="113.992677">
        <ele>5.5</ele>
        <time>2023-06-18T10:53:40Z</time>
      </trkpt>
      <trkpt lat="22.523834" lon="113.992624">
        <ele>5.5</ele>
        <time>2023-06-18T10:53:41Z</time>
      </trkpt>
      <trkpt lat="22.523865" lon="113.992571">
        <ele>5.5</ele>
        <time>2023-06-18T10:53:42Z</time>
      </trkpt>
      <trkpt lat="22.523865" lon="113.992571">
        <ele>5.5</ele>
        <time>2023-06-18T10:53:50Z</time>
      </trkpt>
      <trkpt lat="22.523865" lon="113.992571">
        <ele>5.5</ele>
        <time>2023-06-18T10:53:52Z</time>
      </trkpt>
      <trkpt lat="22.523865" lon="113.992571">
        <ele>5.5</ele>
        <time>2023-06-18T10:53:53Z</time>
      </trkpt>
      <trkpt lat="22.523865" lon="113.992571">
        <ele>5.5</ele>
        <time>2023-06-18T10:53:55Z</time>
      </trkpt>
      <trkpt lat="22.523865" lon="113.992571">
        <ele>5.5</ele>
        <time>2023-06-18T10:53:56Z</time>
      </trkpt>
      <trkpt lat="22.523865" lon="113.992571">
        <ele>5.5</ele>
        <time>2023-06-18T10:53:57Z</time>
      </trkpt>
      <trkpt lat="22.523865" lon="113.992571">
        <ele>5.5</ele>
        <time>2023-06-18T10:53:58Z</time>
      </trkpt>
      <trkpt lat="22.523865" lon="113.992571">
        <ele>5.5</ele>
        <time>2023-06-18T10:54:01Z</time>
      </trkpt>
      <trkpt lat="22.523865" lon="113.992571">
        <ele>5.5</ele>
        <time>2023-06-18T10:54:06Z</time>
      </trkpt>
      <trkpt lat="22.523865" lon="113.992571">
        <ele>5.5</ele>
        <time>2023-06-18T10:54:13Z</time>
      </trkpt>
      <trkpt lat="22.523865" lon="113.992571">
        <ele>5.5</ele>
        <time>2023-06-18T10:54:15Z</time>
      </trkpt>
      <trkpt lat="22.523865" lon="113.992571">
        <ele>5.5</ele>
        <time>2023-06-18T10:54:16Z</time>
      </trkpt>
      <trkpt lat="22.524426" lon="113.99128">
        <ele>5.8</ele>
        <time>2023-06-18T10:54:18Z</time>
      </trkpt>
      <trkpt lat="22.524422" lon="113.991247">
        <ele>5.8</ele>
        <time>2023-06-18T10:54:19Z</time>
      </trkpt>
      <trkpt lat="22.524419" lon="113.991212">
        <ele>5.8</ele>
        <time>2023-06-18T10:54:20Z</time>
      </trkpt>
      <trkpt lat="22.524408" lon="113.99116">
        <ele>5.8</ele>
        <time>2023-06-18T10:54:21Z</time>
      </trkpt>
      <trkpt lat="22.524392" lon="113.99112">
        <ele>5.8</ele>
        <time>2023-06-18T10:54:22Z</time>
      </trkpt>
      <trkpt lat="22.524373" lon="113.991066">
        <ele>5.9</ele>
        <time>2023-06-18T10:54:23Z</time>
      </trkpt>
      <trkpt lat="22.524355" lon="113.991005">
        <ele>5.9</ele>
        <time>2023-06-18T10:54:24Z</time>
      </trkpt>
      <trkpt lat="22.52434" lon="113.990946">
        <ele>5.9</ele>
        <time>2023-06-18T10:54:25Z</time>
      </trkpt>
      <trkpt lat="22.524324" lon="113.9909">
        <ele>5.9</ele>
        <time>2023-06-18T10:54:26Z</time>
      </trkpt>
      <trkpt lat="22.524304" lon="113.990849">
        <ele>5.9</ele>
        <time>2023-06-18T10:54:27Z</time>
      </trkpt>
      <trkpt lat="22.524282" lon="113.990771">
        <ele>5.9</ele>
        <time>2023-06-18T10:54:28Z</time>
      </trkpt>
      <trkpt lat="22.524263" lon="113.990732">
        <ele>6</ele>
        <time>2023-06-18T10:54:29Z</time>
      </trkpt>
      <trkpt lat="22.524249" lon="113.990689">
        <ele>6</ele>
        <time>2023-06-18T10:54:30Z</time>
      </trkpt>
      <trkpt lat="22.524237" lon="113.990654">
        <ele>6</ele>
        <time>2023-06-18T10:54:31Z</time>
      </trkpt>
      <trkpt lat="22.524222" lon="113.990595">
        <ele>6</ele>
        <time>2023-06-18T10:54:32Z</time>
      </trkpt>
      <trkpt lat="22.524213" lon="113.990555">
        <ele>6</ele>
        <time>2023-06-18T10:54:33Z</time>
      </trkpt>
      <trkpt lat="22.524211" lon="113.990512">
        <ele>6</ele>
        <time>2023-06-18T10:54:34Z</time>
      </trkpt>
      <trkpt lat="22.52421" lon="113.99048">
        <ele>6</ele>
        <time>2023-06-18T10:54:35Z</time>
      </trkpt>
      <trkpt lat="22.524221" lon="113.990436">
        <ele>6.1</ele>
        <time>2023-06-18T10:54:36Z</time>
      </trkpt>
      <trkpt lat="22.524234" lon="113.990398">
        <ele>6.1</ele>
        <time>2023-06-18T10:54:37Z</time>
      </trkpt>
      <trkpt lat="22.52425" lon="113.990369">
        <ele>6.1</ele>
        <time>2023-06-18T10:54:38Z</time>
      </trkpt>
      <trkpt lat="22.524263" lon="113.990345">
        <ele>6.1</ele>
        <time>2023-06-18T10:54:39Z</time>
      </trkpt>
      <trkpt lat="22.524274" lon="113.990316">
        <ele>6.1</ele>
        <time>2023-06-18T10:54:40Z</time>
      </trkpt>
      <trkpt lat="22.524283" lon="113.990292">
        <ele>6.1</ele>
        <time>2023-06-18T10:54:41Z</time>
      </trkpt>
      <trkpt lat="22.524289" lon="113.990262">
        <ele>6.1</ele>
        <time>2023-06-18T10:54:42Z</time>
      </trkpt>
      <trkpt lat="22.524295" lon="113.990239">
        <ele>6.2</ele>
        <time>2023-06-18T10:54:43Z</time>
      </trkpt>
      <trkpt lat="22.52429" lon="113.990208">
        <ele>6.2</ele>
        <time>2023-06-18T10:54:44Z</time>
      </trkpt>
      <trkpt lat="22.524288" lon="113.990177">
        <ele>6.2</ele>
        <time>2023-06-18T10:54:45Z</time>
      </trkpt>
      <trkpt lat="22.524287" lon="113.990152">
        <ele>6.2</ele>
        <time>2023-06-18T10:54:46Z</time>
      </trkpt>
      <trkpt lat="22.524281" lon="113.990105">
        <ele>6.2</ele>
        <time>2023-06-18T10:54:47Z</time>
      </trkpt>
      <trkpt lat="22.524275" lon="113.990052">
        <ele>6.2</ele>
        <time>2023-06-18T10:54:48Z</time>
      </trkpt>
      <trkpt lat="22.524273" lon="113.990001">
        <ele>6.3</ele>
        <time>2023-06-18T10:54:49Z</time>
      </trkpt>
      <trkpt lat="22.524271" lon="113.989961">
        <ele>6.3</ele>
        <time>2023-06-18T10:54:50Z</time>
      </trkpt>
      <trkpt lat="22.524273" lon="113.989915">
        <ele>6.3</ele>
        <time>2023-06-18T10:54:51Z</time>
      </trkpt>
      <trkpt lat="22.524288" lon="113.989863">
        <ele>6.3</ele>
        <time>2023-06-18T10:54:52Z</time>
      </trkpt>
      <trkpt lat="22.524301" lon="113.989818">
        <ele>6.3</ele>
        <time>2023-06-18T10:54:53Z</time>
      </trkpt>
      <trkpt lat="22.524313" lon="113.98978">
        <ele>6.4</ele>
        <time>2023-06-18T10:54:54Z</time>
      </trkpt>
      <trkpt lat="22.52433" lon="113.989745">
        <ele>6.4</ele>
        <time>2023-06-18T10:54:55Z</time>
      </trkpt>
      <trkpt lat="22.524369" lon="113.989687">
        <ele>6.4</ele>
        <time>2023-06-18T10:54:56Z</time>
      </trkpt>
      <trkpt lat="22.524389" lon="113.989642">
        <ele>6.4</ele>
        <time>2023-06-18T10:54:57Z</time>
      </trkpt>
      <trkpt lat="22.524385" lon="113.989605">
        <ele>6.4</ele>
        <time>2023-06-18T10:54:58Z</time>
      </trkpt>
      <trkpt lat="22.524398" lon="113.989569">
        <ele>6.5</ele>
        <time>2023-06-18T10:54:59Z</time>
      </trkpt>
      <trkpt lat="22.524418" lon="113.98951">
        <ele>6.5</ele>
        <time>2023-06-18T10:55:00Z</time>
      </trkpt>
      <trkpt lat="22.524433" lon="113.98945">
        <ele>6.5</ele>
        <time>2023-06-18T10:55:01Z</time>
      </trkpt>
      <trkpt lat="22.524444" lon="113.989397">
        <ele>6.5</ele>
        <time>2023-06-18T10:55:02Z</time>
      </trkpt>
      <trkpt lat="22.524436" lon="113.989351">
        <ele>6.5</ele>
        <time>2023-06-18T10:55:03Z</time>
      </trkpt>
      <trkpt lat="22.524424" lon="113.989295">
        <ele>6.6</ele>
        <time>2023-06-18T10:55:04Z</time>
      </trkpt>
      <trkpt lat="22.524413" lon="113.989227">
        <ele>6.6</ele>
        <time>2023-06-18T10:55:05Z</time>
      </trkpt>
      <trkpt lat="22.52439" lon="113.989166">
        <ele>6.6</ele>
        <time>2023-06-18T10:55:06Z</time>
      </trkpt>
      <trkpt lat="22.524363" lon="113.989098">
        <ele>6.7</ele>
        <time>2023-06-18T10:55:07Z</time>
      </trkpt>
      <trkpt lat="22.524336" lon="113.98903">
        <ele>6.7</ele>
        <time>2023-06-18T10:55:08Z</time>
      </trkpt>
      <trkpt lat="22.524306" lon="113.988967">
        <ele>6.7</ele>
        <time>2023-06-18T10:55:09Z</time>
      </trkpt>
      <trkpt lat="22.524279" lon="113.988901">
        <ele>6.8</ele>
        <time>2023-06-18T10:55:10Z</time>
      </trkpt>
      <trkpt lat="22.524255" lon="113.988857">
        <ele>6.8</ele>
        <time>2023-06-18T10:55:11Z</time>
      </trkpt>
      <trkpt lat="22.524231" lon="113.98882">
        <ele>6.8</ele>
        <time>2023-06-18T10:55:12Z</time>
      </trkpt>
      <trkpt lat="22.524209" lon="113.988796">
        <ele>6.8</ele>
        <time>2023-06-18T10:55:13Z</time>
      </trkpt>
      <trkpt lat="22.524184" lon="113.988767">
        <ele>6.8</ele>
        <time>2023-06-18T10:55:14Z</time>
      </trkpt>
      <trkpt lat="22.524157" lon="113.988744">
        <ele>6.8</ele>
        <time>2023-06-18T10:55:15Z</time>
      </trkpt>
      <trkpt lat="22.524138" lon="113.988729">
        <ele>6.8</ele>
        <time>2023-06-18T10:55:16Z</time>
      </trkpt>
      <trkpt lat="22.524117" lon="113.988714">
        <ele>6.8</ele>
        <time>2023-06-18T10:55:17Z</time>
      </trkpt>
      <trkpt lat="22.524094" lon="113.988699">
        <ele>6.8</ele>
        <time>2023-06-18T10:55:18Z</time>
      </trkpt>
      <trkpt lat="22.524065" lon="113.988684">
        <ele>6.8</ele>
        <time>2023-06-18T10:55:19Z</time>
      </trkpt>
      <trkpt lat="22.524034" lon="113.988668">
        <ele>6.8</ele>
        <time>2023-06-18T10:55:20Z</time>
      </trkpt>
      <trkpt lat="22.524002" lon="113.988652">
        <ele>6.8</ele>
        <time>2023-06-18T10:55:21Z</time>
      </trkpt>
      <trkpt lat="22.523974" lon="113.988629">
        <ele>6.8</ele>
        <time>2023-06-18T10:55:22Z</time>
      </trkpt>
      <trkpt lat="22.52395" lon="113.988598">
        <ele>6.8</ele>
        <time>2023-06-18T10:55:23Z</time>
      </trkpt>
      <trkpt lat="22.523925" lon="113.988568">
        <ele>6.8</ele>
        <time>2023-06-18T10:55:24Z</time>
      </trkpt>
      <trkpt lat="22.523902" lon="113.988537">
        <ele>6.8</ele>
        <time>2023-06-18T10:55:25Z</time>
      </trkpt>
      <trkpt lat="22.523895" lon="113.988497">
        <ele>6.8</ele>
        <time>2023-06-18T10:55:26Z</time>
      </trkpt>
      <trkpt lat="22.52388" lon="113.98845">
        <ele>6.8</ele>
        <time>2023-06-18T10:55:27Z</time>
      </trkpt>
      <trkpt lat="22.523863" lon="113.988404">
        <ele>6.8</ele>
        <time>2023-06-18T10:55:28Z</time>
      </trkpt>
      <trkpt lat="22.523851" lon="113.988358">
        <ele>6.8</ele>
        <time>2023-06-18T10:55:29Z</time>
      </trkpt>
      <trkpt lat="22.523835" lon="113.988305">
        <ele>6.8</ele>
        <time>2023-06-18T10:55:30Z</time>
      </trkpt>
      <trkpt lat="22.523828" lon="113.988253">
        <ele>6.8</ele>
        <time>2023-06-18T10:55:31Z</time>
      </trkpt>
      <trkpt lat="22.523826" lon="113.988206">
        <ele>6.7</ele>
        <time>2023-06-18T10:55:32Z</time>
      </trkpt>
      <trkpt lat="22.52382" lon="113.988153">
        <ele>6.7</ele>
        <time>2023-06-18T10:55:33Z</time>
      </trkpt>
      <trkpt lat="22.523807" lon="113.988099">
        <ele>6.7</ele>
        <time>2023-06-18T10:55:34Z</time>
      </trkpt>
      <trkpt lat="22.523789" lon="113.988045">
        <ele>6.7</ele>
        <time>2023-06-18T10:55:35Z</time>
      </trkpt>
      <trkpt lat="22.523761" lon="113.987984">
        <ele>6.7</ele>
        <time>2023-06-18T10:55:36Z</time>
      </trkpt>
      <trkpt lat="22.523729" lon="113.987927">
        <ele>6.7</ele>
        <time>2023-06-18T10:55:37Z</time>
      </trkpt>
      <trkpt lat="22.523698" lon="113.98787">
        <ele>6.7</ele>
        <time>2023-06-18T10:55:38Z</time>
      </trkpt>
      <trkpt lat="22.523671" lon="113.987824">
        <ele>6.7</ele>
        <time>2023-06-18T10:55:39Z</time>
      </trkpt>
      <trkpt lat="22.523644" lon="113.987763">
        <ele>6.7</ele>
        <time>2023-06-18T10:55:40Z</time>
      </trkpt>
      <trkpt lat="22.52362" lon="113.987709">
        <ele>6.7</ele>
        <time>2023-06-18T10:55:41Z</time>
      </trkpt>
      <trkpt lat="22.523596" lon="113.987647">
        <ele>6.7</ele>
        <time>2023-06-18T10:55:42Z</time>
      </trkpt>
      <trkpt lat="22.52358" lon="113.987589">
        <ele>6.7</ele>
        <time>2023-06-18T10:55:43Z</time>
      </trkpt>
      <trkpt lat="22.523566" lon="113.987542">
        <ele>6.7</ele>
        <time>2023-06-18T10:55:44Z</time>
      </trkpt>
      <trkpt lat="22.523561" lon="113.98749">
        <ele>6.6</ele>
        <time>2023-06-18T10:55:45Z</time>
      </trkpt>
      <trkpt lat="22.523552" lon="113.987444">
        <ele>6.6</ele>
        <time>2023-06-18T10:55:46Z</time>
      </trkpt>
      <trkpt lat="22.523536" lon="113.987398">
        <ele>6.6</ele>
        <time>2023-06-18T10:55:47Z</time>
      </trkpt>
      <trkpt lat="22.523519" lon="113.987352">
        <ele>6.6</ele>
        <time>2023-06-18T10:55:48Z</time>
      </trkpt>
      <trkpt lat="22.523498" lon="113.987306">
        <ele>6.6</ele>
        <time>2023-06-18T10:55:49Z</time>
      </trkpt>
      <trkpt lat="22.523481" lon="113.987261">
        <ele>6.6</ele>
        <time>2023-06-18T10:55:50Z</time>
      </trkpt>
      <trkpt lat="22.523459" lon="113.987216">
        <ele>6.6</ele>
        <time>2023-06-18T10:55:51Z</time>
      </trkpt>
      <trkpt lat="22.523432" lon="113.987178">
        <ele>6.6</ele>
        <time>2023-06-18T10:55:52Z</time>
      </trkpt>
      <trkpt lat="22.523404" lon="113.987139">
        <ele>6.6</ele>
        <time>2023-06-18T10:55:53Z</time>
      </trkpt>
      <trkpt lat="22.523377" lon="113.987093">
        <ele>6.6</ele>
        <time>2023-06-18T10:55:54Z</time>
      </trkpt>
      <trkpt lat="22.523349" lon="113.987049">
        <ele>6.6</ele>
        <time>2023-06-18T10:55:55Z</time>
      </trkpt>
      <trkpt lat="22.523343" lon="113.987017">
        <ele>6.6</ele>
        <time>2023-06-18T10:55:56Z</time>
      </trkpt>
      <trkpt lat="22.523333" lon="113.98698">
        <ele>6.6</ele>
        <time>2023-06-18T10:55:57Z</time>
      </trkpt>
      <trkpt lat="22.523321" lon="113.986941">
        <ele>6.6</ele>
        <time>2023-06-18T10:55:58Z</time>
      </trkpt>
      <trkpt lat="22.523308" lon="113.986893">
        <ele>6.6</ele>
        <time>2023-06-18T10:55:59Z</time>
      </trkpt>
      <trkpt lat="22.523296" lon="113.986842">
        <ele>6.6</ele>
        <time>2023-06-18T10:56:00Z</time>
      </trkpt>
      <trkpt lat="22.523297" lon="113.986801">
        <ele>6.6</ele>
        <time>2023-06-18T10:56:01Z</time>
      </trkpt>
      <trkpt lat="22.523301" lon="113.986743">
        <ele>6.6</ele>
        <time>2023-06-18T10:56:02Z</time>
      </trkpt>
      <trkpt lat="22.523306" lon="113.986705">
        <ele>6.6</ele>
        <time>2023-06-18T10:56:03Z</time>
      </trkpt>
      <trkpt lat="22.523319" lon="113.986667">
        <ele>6.6</ele>
        <time>2023-06-18T10:56:04Z</time>
      </trkpt>
      <trkpt lat="22.523331" lon="113.986627">
        <ele>6.6</ele>
        <time>2023-06-18T10:56:05Z</time>
      </trkpt>
      <trkpt lat="22.523333" lon="113.986582">
        <ele>6.6</ele>
        <time>2023-06-18T10:56:06Z</time>
      </trkpt>
      <trkpt lat="22.523334" lon="113.986535">
        <ele>6.6</ele>
        <time>2023-06-18T10:56:07Z</time>
      </trkpt>
      <trkpt lat="22.523325" lon="113.986481">
        <ele>6.6</ele>
        <time>2023-06-18T10:56:08Z</time>
      </trkpt>
      <trkpt lat="22.523308" lon="113.986412">
        <ele>6.6</ele>
        <time>2023-06-18T10:56:09Z</time>
      </trkpt>
      <trkpt lat="22.523291" lon="113.986345">
        <ele>6.6</ele>
        <time>2023-06-18T10:56:10Z</time>
      </trkpt>
      <trkpt lat="22.523274" lon="113.986297">
        <ele>6.6</ele>
        <time>2023-06-18T10:56:11Z</time>
      </trkpt>
      <trkpt lat="22.523253" lon="113.986246">
        <ele>6.5</ele>
        <time>2023-06-18T10:56:12Z</time>
      </trkpt>
      <trkpt lat="22.523229" lon="113.986199">
        <ele>6.5</ele>
        <time>2023-06-18T10:56:13Z</time>
      </trkpt>
      <trkpt lat="22.523208" lon="113.986148">
        <ele>6.5</ele>
        <time>2023-06-18T10:56:14Z</time>
      </trkpt>
      <trkpt lat="22.523191" lon="113.986109">
        <ele>6.5</ele>
        <time>2023-06-18T10:56:15Z</time>
      </trkpt>
      <trkpt lat="22.523167" lon="113.986064">
        <ele>6.5</ele>
        <time>2023-06-18T10:56:16Z</time>
      </trkpt>
      <trkpt lat="22.523152" lon="113.986029">
        <ele>6.5</ele>
        <time>2023-06-18T10:56:17Z</time>
      </trkpt>
      <trkpt lat="22.523141" lon="113.986012">
        <ele>6.5</ele>
        <time>2023-06-18T10:56:18Z</time>
      </trkpt>
      <trkpt lat="22.523137" lon="113.98598">
        <ele>6.5</ele>
        <time>2023-06-18T10:56:19Z</time>
      </trkpt>
      <trkpt lat="22.523131" lon="113.985943">
        <ele>6.5</ele>
        <time>2023-06-18T10:56:20Z</time>
      </trkpt>
      <trkpt lat="22.523124" lon="113.985912">
        <ele>6.5</ele>
        <time>2023-06-18T10:56:21Z</time>
      </trkpt>
      <trkpt lat="22.523114" lon="113.985874">
        <ele>6.5</ele>
        <time>2023-06-18T10:56:22Z</time>
      </trkpt>
      <trkpt lat="22.523102" lon="113.985843">
        <ele>6.5</ele>
        <time>2023-06-18T10:56:23Z</time>
      </trkpt>
      <trkpt lat="22.523093" lon="113.985809">
        <ele>6.5</ele>
        <time>2023-06-18T10:56:24Z</time>
      </trkpt>
      <trkpt lat="22.523081" lon="113.985772">
        <ele>6.5</ele>
        <time>2023-06-18T10:56:25Z</time>
      </trkpt>
      <trkpt lat="22.523054" lon="113.985713">
        <ele>6.5</ele>
        <time>2023-06-18T10:56:26Z</time>
      </trkpt>
      <trkpt lat="22.523028" lon="113.985658">
        <ele>6.5</ele>
        <time>2023-06-18T10:56:27Z</time>
      </trkpt>
      <trkpt lat="22.523012" lon="113.985619">
        <ele>6.5</ele>
        <time>2023-06-18T10:56:28Z</time>
      </trkpt>
      <trkpt lat="22.522998" lon="113.985567">
        <ele>6.5</ele>
        <time>2023-06-18T10:56:29Z</time>
      </trkpt>
      <trkpt lat="22.522986" lon="113.985514">
        <ele>6.5</ele>
        <time>2023-06-18T10:56:30Z</time>
      </trkpt>
      <trkpt lat="22.522975" lon="113.985475">
        <ele>6.5</ele>
        <time>2023-06-18T10:56:31Z</time>
      </trkpt>
      <trkpt lat="22.522965" lon="113.985427">
        <ele>6.5</ele>
        <time>2023-06-18T10:56:32Z</time>
      </trkpt>
      <trkpt lat="22.52296" lon="113.985375">
        <ele>6.5</ele>
        <time>2023-06-18T10:56:33Z</time>
      </trkpt>
      <trkpt lat="22.522967" lon="113.985325">
        <ele>6.5</ele>
        <time>2023-06-18T10:56:34Z</time>
      </trkpt>
      <trkpt lat="22.522968" lon="113.985286">
        <ele>6.5</ele>
        <time>2023-06-18T10:56:35Z</time>
      </trkpt>
      <trkpt lat="22.522969" lon="113.98524">
        <ele>6.5</ele>
        <time>2023-06-18T10:56:36Z</time>
      </trkpt>
      <trkpt lat="22.522979" lon="113.985203">
        <ele>6.5</ele>
        <time>2023-06-18T10:56:37Z</time>
      </trkpt>
      <trkpt lat="22.522988" lon="113.985172">
        <ele>6.5</ele>
        <time>2023-06-18T10:56:38Z</time>
      </trkpt>
      <trkpt lat="22.522997" lon="113.985132">
        <ele>6.5</ele>
        <time>2023-06-18T10:56:39Z</time>
      </trkpt>
      <trkpt lat="22.523001" lon="113.985087">
        <ele>6.5</ele>
        <time>2023-06-18T10:56:40Z</time>
      </trkpt>
      <trkpt lat="22.523" lon="113.985047">
        <ele>6.5</ele>
        <time>2023-06-18T10:56:41Z</time>
      </trkpt>
      <trkpt lat="22.522994" lon="113.984996">
        <ele>6.5</ele>
        <time>2023-06-18T10:56:42Z</time>
      </trkpt>
      <trkpt lat="22.52299" lon="113.984956">
        <ele>6.5</ele>
        <time>2023-06-18T10:56:43Z</time>
      </trkpt>
      <trkpt lat="22.52298" lon="113.984903">
        <ele>6.5</ele>
        <time>2023-06-18T10:56:44Z</time>
      </trkpt>
      <trkpt lat="22.522967" lon="113.984856">
        <ele>6.5</ele>
        <time>2023-06-18T10:56:45Z</time>
      </trkpt>
      <trkpt lat="22.522956" lon="113.984797">
        <ele>6.5</ele>
        <time>2023-06-18T10:56:46Z</time>
      </trkpt>
      <trkpt lat="22.522947" lon="113.984751">
        <ele>6.5</ele>
        <time>2023-06-18T10:56:47Z</time>
      </trkpt>
      <trkpt lat="22.522943" lon="113.984706">
        <ele>6.4</ele>
        <time>2023-06-18T10:56:48Z</time>
      </trkpt>
      <trkpt lat="22.522937" lon="113.984665">
        <ele>6.4</ele>
        <time>2023-06-18T10:56:49Z</time>
      </trkpt>
      <trkpt lat="22.522928" lon="113.984612">
        <ele>6.4</ele>
        <time>2023-06-18T10:56:50Z</time>
      </trkpt>
      <trkpt lat="22.52292" lon="113.984559">
        <ele>6.4</ele>
        <time>2023-06-18T10:56:51Z</time>
      </trkpt>
      <trkpt lat="22.522911" lon="113.984505">
        <ele>6.4</ele>
        <time>2023-06-18T10:56:52Z</time>
      </trkpt>
      <trkpt lat="22.522895" lon="113.984448">
        <ele>6.4</ele>
        <time>2023-06-18T10:56:53Z</time>
      </trkpt>
      <trkpt lat="22.522878" lon="113.984389">
        <ele>6.4</ele>
        <time>2023-06-18T10:56:54Z</time>
      </trkpt>
      <trkpt lat="22.522852" lon="113.984314">
        <ele>6.4</ele>
        <time>2023-06-18T10:56:55Z</time>
      </trkpt>
      <trkpt lat="22.522824" lon="113.984251">
        <ele>6.4</ele>
        <time>2023-06-18T10:56:56Z</time>
      </trkpt>
      <trkpt lat="22.522824" lon="113.984251">
        <ele>6.4</ele>
        <time>2023-06-18T10:56:57Z</time>
      </trkpt>
      <trkpt lat="22.522824" lon="113.984251">
        <ele>6.4</ele>
        <time>2023-06-18T10:56:58Z</time>
      </trkpt>
      <trkpt lat="22.522824" lon="113.984251">
        <ele>6.4</ele>
        <time>2023-06-18T10:57:01Z</time>
      </trkpt>
      <trkpt lat="22.522824" lon="113.984251">
        <ele>6.4</ele>
        <time>2023-06-18T10:57:05Z</time>
      </trkpt>
      <trkpt lat="22.522824" lon="113.984251">
        <ele>6.4</ele>
        <time>2023-06-18T10:57:08Z</time>
      </trkpt>
      <trkpt lat="22.522824" lon="113.984251">
        <ele>6.4</ele>
        <time>2023-06-18T10:57:09Z</time>
      </trkpt>
      <trkpt lat="22.522824" lon="113.984251">
        <ele>6.4</ele>
        <time>2023-06-18T10:57:12Z</time>
      </trkpt>
      <trkpt lat="22.522824" lon="113.984251">
        <ele>6.4</ele>
        <time>2023-06-18T10:57:14Z</time>
      </trkpt>
      <trkpt lat="22.522783" lon="113.98259">
        <ele>6.4</ele>
        <time>2023-06-18T10:57:23Z</time>
      </trkpt>
      <trkpt lat="22.522778" lon="113.982565">
        <ele>6.4</ele>
        <time>2023-06-18T10:57:24Z</time>
      </trkpt>
      <trkpt lat="22.522773" lon="113.982542">
        <ele>6.4</ele>
        <time>2023-06-18T10:57:25Z</time>
      </trkpt>
      <trkpt lat="22.522771" lon="113.982524">
        <ele>6.4</ele>
        <time>2023-06-18T10:57:26Z</time>
      </trkpt>
      <trkpt lat="22.522768" lon="113.982494">
        <ele>6.4</ele>
        <time>2023-06-18T10:57:27Z</time>
      </trkpt>
      <trkpt lat="22.522766" lon="113.982463">
        <ele>6.4</ele>
        <time>2023-06-18T10:57:28Z</time>
      </trkpt>
      <trkpt lat="22.522767" lon="113.982424">
        <ele>6.4</ele>
        <time>2023-06-18T10:57:29Z</time>
      </trkpt>
      <trkpt lat="22.522754" lon="113.982376">
        <ele>6.4</ele>
        <time>2023-06-18T10:57:30Z</time>
      </trkpt>
      <trkpt lat="22.522736" lon="113.982318">
        <ele>6.4</ele>
        <time>2023-06-18T10:57:31Z</time>
      </trkpt>
      <trkpt lat="22.522721" lon="113.982278">
        <ele>6.4</ele>
        <time>2023-06-18T10:57:32Z</time>
      </trkpt>
      <trkpt lat="22.522708" lon="113.982223">
        <ele>6.4</ele>
        <time>2023-06-18T10:57:33Z</time>
      </trkpt>
      <trkpt lat="22.522704" lon="113.982163">
        <ele>6.4</ele>
        <time>2023-06-18T10:57:34Z</time>
      </trkpt>
      <trkpt lat="22.522695" lon="113.982101">
        <ele>6.4</ele>
        <time>2023-06-18T10:57:35Z</time>
      </trkpt>
      <trkpt lat="22.522687" lon="113.982032">
        <ele>6.4</ele>
        <time>2023-06-18T10:57:36Z</time>
      </trkpt>
      <trkpt lat="22.522679" lon="113.981962">
        <ele>6.5</ele>
        <time>2023-06-18T10:57:37Z</time>
      </trkpt>
      <trkpt lat="22.522668" lon="113.981887">
        <ele>6.5</ele>
        <time>2023-06-18T10:57:38Z</time>
      </trkpt>
      <trkpt lat="22.522659" lon="113.981817">
        <ele>6.5</ele>
        <time>2023-06-18T10:57:39Z</time>
      </trkpt>
      <trkpt lat="22.522645" lon="113.981738">
        <ele>6.5</ele>
        <time>2023-06-18T10:57:40Z</time>
      </trkpt>
      <trkpt lat="22.522637" lon="113.981671">
        <ele>6.5</ele>
        <time>2023-06-18T10:57:41Z</time>
      </trkpt>
      <trkpt lat="22.522626" lon="113.981604">
        <ele>6.5</ele>
        <time>2023-06-18T10:57:42Z</time>
      </trkpt>
      <trkpt lat="22.522622" lon="113.981529">
        <ele>6.5</ele>
        <time>2023-06-18T10:57:43Z</time>
      </trkpt>
      <trkpt lat="22.522617" lon="113.981461">
        <ele>6.5</ele>
        <time>2023-06-18T10:57:44Z</time>
      </trkpt>
      <trkpt lat="22.522615" lon="113.981407">
        <ele>6.5</ele>
        <time>2023-06-18T10:57:45Z</time>
      </trkpt>
      <trkpt lat="22.522609" lon="113.981345">
        <ele>6.5</ele>
        <time>2023-06-18T10:57:46Z</time>
      </trkpt>
      <trkpt lat="22.522605" lon="113.981286">
        <ele>6.5</ele>
        <time>2023-06-18T10:57:47Z</time>
      </trkpt>
      <trkpt lat="22.522597" lon="113.981224">
        <ele>6.4</ele>
        <time>2023-06-18T10:57:48Z</time>
      </trkpt>
      <trkpt lat="22.522585" lon="113.981156">
        <ele>6.4</ele>
        <time>2023-06-18T10:57:49Z</time>
      </trkpt>
      <trkpt lat="22.52257" lon="113.981102">
        <ele>6.4</ele>
        <time>2023-06-18T10:57:50Z</time>
      </trkpt>
      <trkpt lat="22.522552" lon="113.981041">
        <ele>6.3</ele>
        <time>2023-06-18T10:57:51Z</time>
      </trkpt>
      <trkpt lat="22.522533" lon="113.980973">
        <ele>6.3</ele>
        <time>2023-06-18T10:57:52Z</time>
      </trkpt>
      <trkpt lat="22.522513" lon="113.98091">
        <ele>6.3</ele>
        <time>2023-06-18T10:57:53Z</time>
      </trkpt>
      <trkpt lat="22.522491" lon="113.980842">
        <ele>6.2</ele>
        <time>2023-06-18T10:57:54Z</time>
      </trkpt>
      <trkpt lat="22.522475" lon="113.98078">
        <ele>6.2</ele>
        <time>2023-06-18T10:57:55Z</time>
      </trkpt>
      <trkpt lat="22.522464" lon="113.980714">
        <ele>6.2</ele>
        <time>2023-06-18T10:57:56Z</time>
      </trkpt>
      <trkpt lat="22.522458" lon="113.980661">
        <ele>6.2</ele>
        <time>2023-06-18T10:57:57Z</time>
      </trkpt>
      <trkpt lat="22.522451" lon="113.980607">
        <ele>6.1</ele>
        <time>2023-06-18T10:57:58Z</time>
      </trkpt>
      <trkpt lat="22.522443" lon="113.980554">
        <ele>6.1</ele>
        <time>2023-06-18T10:57:59Z</time>
      </trkpt>
      <trkpt lat="22.522432" lon="113.980501">
        <ele>6.1</ele>
        <time>2023-06-18T10:58:00Z</time>
      </trkpt>
      <trkpt lat="22.522413" lon="113.980453">
        <ele>6</ele>
        <time>2023-06-18T10:58:01Z</time>
      </trkpt>
      <trkpt lat="22.522398" lon="113.980392">
        <ele>6</ele>
        <time>2023-06-18T10:58:02Z</time>
      </trkpt>
      <trkpt lat="22.522384" lon="113.98033">
        <ele>6</ele>
        <time>2023-06-18T10:58:03Z</time>
      </trkpt>
      <trkpt lat="22.522365" lon="113.980262">
        <ele>6</ele>
        <time>2023-06-18T10:58:04Z</time>
      </trkpt>
      <trkpt lat="22.522345" lon="113.980192">
        <ele>5.9</ele>
        <time>2023-06-18T10:58:05Z</time>
      </trkpt>
      <trkpt lat="22.522322" lon="113.980117">
        <ele>5.9</ele>
        <time>2023-06-18T10:58:06Z</time>
      </trkpt>
      <trkpt lat="22.522307" lon="113.980046">
        <ele>5.8</ele>
        <time>2023-06-18T10:58:07Z</time>
      </trkpt>
      <trkpt lat="22.522285" lon="113.979965">
        <ele>5.8</ele>
        <time>2023-06-18T10:58:08Z</time>
      </trkpt>
      <trkpt lat="22.522269" lon="113.979905">
        <ele>5.8</ele>
        <time>2023-06-18T10:58:09Z</time>
      </trkpt>
      <trkpt lat="22.522248" lon="113.979852">
        <ele>5.7</ele>
        <time>2023-06-18T10:58:10Z</time>
      </trkpt>
      <trkpt lat="22.522223" lon="113.979797">
        <ele>5.7</ele>
        <time>2023-06-18T10:58:11Z</time>
      </trkpt>
      <trkpt lat="22.522199" lon="113.979733">
        <ele>5.7</ele>
        <time>2023-06-18T10:58:12Z</time>
      </trkpt>
      <trkpt lat="22.522178" lon="113.979676">
        <ele>5.7</ele>
        <time>2023-06-18T10:58:13Z</time>
      </trkpt>
      <trkpt lat="22.522158" lon="113.979615">
        <ele>5.6</ele>
        <time>2023-06-18T10:58:14Z</time>
      </trkpt>
      <trkpt lat="22.522146" lon="113.979561">
        <ele>5.6</ele>
        <time>2023-06-18T10:58:15Z</time>
      </trkpt>
      <trkpt lat="22.522129" lon="113.979499">
        <ele>5.6</ele>
        <time>2023-06-18T10:58:16Z</time>
      </trkpt>
      <trkpt lat="22.522111" lon="113.979439">
        <ele>5.6</ele>
        <time>2023-06-18T10:58:17Z</time>
      </trkpt>
      <trkpt lat="22.52209" lon="113.979377">
        <ele>5.6</ele>
        <time>2023-06-18T10:58:18Z</time>
      </trkpt>
      <trkpt lat="22.522065" lon="113.97931">
        <ele>5.6</ele>
        <time>2023-06-18T10:58:19Z</time>
      </trkpt>
      <trkpt lat="22.522042" lon="113.979256">
        <ele>5.5</ele>
        <time>2023-06-18T10:58:20Z</time>
      </trkpt>
      <trkpt lat="22.522016" lon="113.979196">
        <ele>5.5</ele>
        <time>2023-06-18T10:58:21Z</time>
      </trkpt>
      <trkpt lat="22.521987" lon="113.979143">
        <ele>5.5</ele>
        <time>2023-06-18T10:58:22Z</time>
      </trkpt>
      <trkpt lat="22.521964" lon="113.979089">
        <ele>5.5</ele>
        <time>2023-06-18T10:58:23Z</time>
      </trkpt>
      <trkpt lat="22.521938" lon="113.979041">
        <ele>5.5</ele>
        <time>2023-06-18T10:58:24Z</time>
      </trkpt>
      <trkpt lat="22.521905" lon="113.978977">
        <ele>5.5</ele>
        <time>2023-06-18T10:58:25Z</time>
      </trkpt>
      <trkpt lat="22.521879" lon="113.978938">
        <ele>5.5</ele>
        <time>2023-06-18T10:58:26Z</time>
      </trkpt>
      <trkpt lat="22.521862" lon="113.978891">
        <ele>5.5</ele>
        <time>2023-06-18T10:58:27Z</time>
      </trkpt>
      <trkpt lat="22.521836" lon="113.978846">
        <ele>5.5</ele>
        <time>2023-06-18T10:58:28Z</time>
      </trkpt>
      <trkpt lat="22.521812" lon="113.9788">
        <ele>5.5</ele>
        <time>2023-06-18T10:58:29Z</time>
      </trkpt>
      <trkpt lat="22.521777" lon="113.978752">
        <ele>5.5</ele>
        <time>2023-06-18T10:58:30Z</time>
      </trkpt>
      <trkpt lat="22.521749" lon="113.978707">
        <ele>5.5</ele>
        <time>2023-06-18T10:58:31Z</time>
      </trkpt>
      <trkpt lat="22.521727" lon="113.978653">
        <ele>5.5</ele>
        <time>2023-06-18T10:58:32Z</time>
      </trkpt>
      <trkpt lat="22.521698" lon="113.978601">
        <ele>5.5</ele>
        <time>2023-06-18T10:58:33Z</time>
      </trkpt>
      <trkpt lat="22.521672" lon="113.978556">
        <ele>5.5</ele>
        <time>2023-06-18T10:58:34Z</time>
      </trkpt>
      <trkpt lat="22.521648" lon="113.978509">
        <ele>5.4</ele>
        <time>2023-06-18T10:58:35Z</time>
      </trkpt>
      <trkpt lat="22.521625" lon="113.978457">
        <ele>5.4</ele>
        <time>2023-06-18T10:58:36Z</time>
      </trkpt>
      <trkpt lat="22.521605" lon="113.978409">
        <ele>5.4</ele>
        <time>2023-06-18T10:58:37Z</time>
      </trkpt>
      <trkpt lat="22.521581" lon="113.978357">
        <ele>5.4</ele>
        <time>2023-06-18T10:58:38Z</time>
      </trkpt>
      <trkpt lat="22.521562" lon="113.97831">
        <ele>5.4</ele>
        <time>2023-06-18T10:58:39Z</time>
      </trkpt>
      <trkpt lat="22.521546" lon="113.978259">
        <ele>5.4</ele>
        <time>2023-06-18T10:58:40Z</time>
      </trkpt>
      <trkpt lat="22.52153" lon="113.97822">
        <ele>5.4</ele>
        <time>2023-06-18T10:58:41Z</time>
      </trkpt>
      <trkpt lat="22.521513" lon="113.978174">
        <ele>5.4</ele>
        <time>2023-06-18T10:58:42Z</time>
      </trkpt>
      <trkpt lat="22.521495" lon="113.978129">
        <ele>5.4</ele>
        <time>2023-06-18T10:58:43Z</time>
      </trkpt>
      <trkpt lat="22.521477" lon="113.978084">
        <ele>5.4</ele>
        <time>2023-06-18T10:58:44Z</time>
      </trkpt>
      <trkpt lat="22.52146" lon="113.978045">
        <ele>5.4</ele>
        <time>2023-06-18T10:58:45Z</time>
      </trkpt>
      <trkpt lat="22.521445" lon="113.977999">
        <ele>5.4</ele>
        <time>2023-06-18T10:58:46Z</time>
      </trkpt>
      <trkpt lat="22.521432" lon="113.97796">
        <ele>5.4</ele>
        <time>2023-06-18T10:58:47Z</time>
      </trkpt>
      <trkpt lat="22.521421" lon="113.977914">
        <ele>5.4</ele>
        <time>2023-06-18T10:58:48Z</time>
      </trkpt>
      <trkpt lat="22.521402" lon="113.977865">
        <ele>5.4</ele>
        <time>2023-06-18T10:58:49Z</time>
      </trkpt>
      <trkpt lat="22.521383" lon="113.977815">
        <ele>5.4</ele>
        <time>2023-06-18T10:58:50Z</time>
      </trkpt>
      <trkpt lat="22.521364" lon="113.977766">
        <ele>5.4</ele>
        <time>2023-06-18T10:58:51Z</time>
      </trkpt>
      <trkpt lat="22.521344" lon="113.977716">
        <ele>5.4</ele>
        <time>2023-06-18T10:58:52Z</time>
      </trkpt>
      <trkpt lat="22.521319" lon="113.977663">
        <ele>5.4</ele>
        <time>2023-06-18T10:58:53Z</time>
      </trkpt>
      <trkpt lat="22.521295" lon="113.977618">
        <ele>5.4</ele>
        <time>2023-06-18T10:58:54Z</time>
      </trkpt>
      <trkpt lat="22.521278" lon="113.97757">
        <ele>5.4</ele>
        <time>2023-06-18T10:58:55Z</time>
      </trkpt>
      <trkpt lat="22.521265" lon="113.977525">
        <ele>5.4</ele>
        <time>2023-06-18T10:58:56Z</time>
      </trkpt>
      <trkpt lat="22.521254" lon="113.977479">
        <ele>5.4</ele>
        <time>2023-06-18T10:58:57Z</time>
      </trkpt>
      <trkpt lat="22.521247" lon="113.977433">
        <ele>5.4</ele>
        <time>2023-06-18T10:58:58Z</time>
      </trkpt>
      <trkpt lat="22.52124" lon="113.977379">
        <ele>5.4</ele>
        <time>2023-06-18T10:58:59Z</time>
      </trkpt>
      <trkpt lat="22.521236" lon="113.977319">
        <ele>5.4</ele>
        <time>2023-06-18T10:59:00Z</time>
      </trkpt>
      <trkpt lat="22.521237" lon="113.977256">
        <ele>5.4</ele>
        <time>2023-06-18T10:59:01Z</time>
      </trkpt>
      <trkpt lat="22.521241" lon="113.977187">
        <ele>5.4</ele>
        <time>2023-06-18T10:59:02Z</time>
      </trkpt>
      <trkpt lat="22.521245" lon="113.977128">
        <ele>5.5</ele>
        <time>2023-06-18T10:59:03Z</time>
      </trkpt>
      <trkpt lat="22.521255" lon="113.977074">
        <ele>5.5</ele>
        <time>2023-06-18T10:59:04Z</time>
      </trkpt>
      <trkpt lat="22.521263" lon="113.977012">
        <ele>5.5</ele>
        <time>2023-06-18T10:59:05Z</time>
      </trkpt>
      <trkpt lat="22.521271" lon="113.976951">
        <ele>5.5</ele>
        <time>2023-06-18T10:59:06Z</time>
      </trkpt>
      <trkpt lat="22.521279" lon="113.97689">
        <ele>5.5</ele>
        <time>2023-06-18T10:59:07Z</time>
      </trkpt>
      <trkpt lat="22.521288" lon="113.97683">
        <ele>5.5</ele>
        <time>2023-06-18T10:59:08Z</time>
      </trkpt>
      <trkpt lat="22.521302" lon="113.976774">
        <ele>5.5</ele>
        <time>2023-06-18T10:59:09Z</time>
      </trkpt>
      <trkpt lat="22.521304" lon="113.976699">
        <ele>5.5</ele>
        <time>2023-06-18T10:59:10Z</time>
      </trkpt>
      <trkpt lat="22.521308" lon="113.97663">
        <ele>5.5</ele>
        <time>2023-06-18T10:59:11Z</time>
      </trkpt>
      <trkpt lat="22.521319" lon="113.976563">
        <ele>5.5</ele>
        <time>2023-06-18T10:59:12Z</time>
      </trkpt>
      <trkpt lat="22.521339" lon="113.976502">
        <ele>5.5</ele>
        <time>2023-06-18T10:59:13Z</time>
      </trkpt>
      <trkpt lat="22.521367" lon="113.976447">
        <ele>5.6</ele>
        <time>2023-06-18T10:59:14Z</time>
      </trkpt>
      <trkpt lat="22.521402" lon="113.976381">
        <ele>5.6</ele>
        <time>2023-06-18T10:59:15Z</time>
      </trkpt>
      <trkpt lat="22.521437" lon="113.976322">
        <ele>5.6</ele>
        <time>2023-06-18T10:59:16Z</time>
      </trkpt>
      <trkpt lat="22.521473" lon="113.976263">
        <ele>5.6</ele>
        <time>2023-06-18T10:59:17Z</time>
      </trkpt>
      <trkpt lat="22.521509" lon="113.976204">
        <ele>5.6</ele>
        <time>2023-06-18T10:59:18Z</time>
      </trkpt>
      <trkpt lat="22.521557" lon="113.976143">
        <ele>5.6</ele>
        <time>2023-06-18T10:59:19Z</time>
      </trkpt>
      <trkpt lat="22.5216" lon="113.97609">
        <ele>5.6</ele>
        <time>2023-06-18T10:59:20Z</time>
      </trkpt>
      <trkpt lat="22.521637" lon="113.976038">
        <ele>5.6</ele>
        <time>2023-06-18T10:59:21Z</time>
      </trkpt>
      <trkpt lat="22.521667" lon="113.975996">
        <ele>5.6</ele>
        <time>2023-06-18T10:59:22Z</time>
      </trkpt>
      <trkpt lat="22.521696" lon="113.975954">
        <ele>5.6</ele>
        <time>2023-06-18T10:59:23Z</time>
      </trkpt>
      <trkpt lat="22.521725" lon="113.975917">
        <ele>5.6</ele>
        <time>2023-06-18T10:59:24Z</time>
      </trkpt>
      <trkpt lat="22.521758" lon="113.975878">
        <ele>5.6</ele>
        <time>2023-06-18T10:59:25Z</time>
      </trkpt>
      <trkpt lat="22.521797" lon="113.975832">
        <ele>5.6</ele>
        <time>2023-06-18T10:59:26Z</time>
      </trkpt>
      <trkpt lat="22.521827" lon="113.975785">
        <ele>5.6</ele>
        <time>2023-06-18T10:59:27Z</time>
      </trkpt>
      <trkpt lat="22.521854" lon="113.975732">
        <ele>5.6</ele>
        <time>2023-06-18T10:59:28Z</time>
      </trkpt>
      <trkpt lat="22.521885" lon="113.975671">
        <ele>5.7</ele>
        <time>2023-06-18T10:59:29Z</time>
      </trkpt>
      <trkpt lat="22.521916" lon="113.975609">
        <ele>5.7</ele>
        <time>2023-06-18T10:59:30Z</time>
      </trkpt>
      <trkpt lat="22.521946" lon="113.975554">
        <ele>5.7</ele>
        <time>2023-06-18T10:59:31Z</time>
      </trkpt>
      <trkpt lat="22.521974" lon="113.975494">
        <ele>5.7</ele>
        <time>2023-06-18T10:59:32Z</time>
      </trkpt>
      <trkpt lat="22.522" lon="113.975434">
        <ele>5.7</ele>
        <time>2023-06-18T10:59:33Z</time>
      </trkpt>
      <trkpt lat="22.522021" lon="113.975373">
        <ele>5.7</ele>
        <time>2023-06-18T10:59:34Z</time>
      </trkpt>
      <trkpt lat="22.522045" lon="113.975313">
        <ele>5.7</ele>
        <time>2023-06-18T10:59:35Z</time>
      </trkpt>
      <trkpt lat="22.522073" lon="113.975257">
        <ele>5.7</ele>
        <time>2023-06-18T10:59:36Z</time>
      </trkpt>
      <trkpt lat="22.522095" lon="113.97519">
        <ele>5.7</ele>
        <time>2023-06-18T10:59:37Z</time>
      </trkpt>
      <trkpt lat="22.522112" lon="113.975134">
        <ele>5.7</ele>
        <time>2023-06-18T10:59:38Z</time>
      </trkpt>
      <trkpt lat="22.522125" lon="113.975076">
        <ele>5.7</ele>
        <time>2023-06-18T10:59:39Z</time>
      </trkpt>
      <trkpt lat="22.522139" lon="113.975015">
        <ele>5.7</ele>
        <time>2023-06-18T10:59:40Z</time>
      </trkpt>
      <trkpt lat="22.522155" lon="113.974961">
        <ele>5.7</ele>
        <time>2023-06-18T10:59:41Z</time>
      </trkpt>
      <trkpt lat="22.522167" lon="113.974907">
        <ele>5.7</ele>
        <time>2023-06-18T10:59:42Z</time>
      </trkpt>
      <trkpt lat="22.522178" lon="113.97484">
        <ele>5.7</ele>
        <time>2023-06-18T10:59:43Z</time>
      </trkpt>
      <trkpt lat="22.522185" lon="113.974786">
        <ele>5.7</ele>
        <time>2023-06-18T10:59:44Z</time>
      </trkpt>
      <trkpt lat="22.522193" lon="113.974731">
        <ele>5.7</ele>
        <time>2023-06-18T10:59:45Z</time>
      </trkpt>
      <trkpt lat="22.522205" lon="113.974671">
        <ele>5.7</ele>
        <time>2023-06-18T10:59:46Z</time>
      </trkpt>
      <trkpt lat="22.522221" lon="113.974616">
        <ele>5.7</ele>
        <time>2023-06-18T10:59:47Z</time>
      </trkpt>
      <trkpt lat="22.522238" lon="113.974548">
        <ele>5.7</ele>
        <time>2023-06-18T10:59:48Z</time>
      </trkpt>
      <trkpt lat="22.522251" lon="113.97448">
        <ele>5.7</ele>
        <time>2023-06-18T10:59:49Z</time>
      </trkpt>
      <trkpt lat="22.522266" lon="113.974418">
        <ele>5.7</ele>
        <time>2023-06-18T10:59:50Z</time>
      </trkpt>
      <trkpt lat="22.522282" lon="113.97435">
        <ele>5.7</ele>
        <time>2023-06-18T10:59:51Z</time>
      </trkpt>
      <trkpt lat="22.522299" lon="113.97429">
        <ele>5.7</ele>
        <time>2023-06-18T10:59:52Z</time>
      </trkpt>
      <trkpt lat="22.522316" lon="113.974235">
        <ele>5.7</ele>
        <time>2023-06-18T10:59:53Z</time>
      </trkpt>
      <trkpt lat="22.522331" lon="113.974176">
        <ele>5.7</ele>
        <time>2023-06-18T10:59:54Z</time>
      </trkpt>
      <trkpt lat="22.522349" lon="113.974124">
        <ele>5.8</ele>
        <time>2023-06-18T10:59:55Z</time>
      </trkpt>
      <trkpt lat="22.52237" lon="113.974076">
        <ele>5.8</ele>
        <time>2023-06-18T10:59:56Z</time>
      </trkpt>
      <trkpt lat="22.52239" lon="113.974024">
        <ele>5.8</ele>
        <time>2023-06-18T10:59:57Z</time>
      </trkpt>
      <trkpt lat="22.522407" lon="113.973979">
        <ele>5.8</ele>
        <time>2023-06-18T10:59:58Z</time>
      </trkpt>
      <trkpt lat="22.522423" lon="113.973933">
        <ele>5.9</ele>
        <time>2023-06-18T10:59:59Z</time>
      </trkpt>
      <trkpt lat="22.522441" lon="113.973894">
        <ele>5.9</ele>
        <time>2023-06-18T11:00:00Z</time>
      </trkpt>
      <trkpt lat="22.522458" lon="113.973856">
        <ele>5.9</ele>
        <time>2023-06-18T11:00:01Z</time>
      </trkpt>
      <trkpt lat="22.522474" lon="113.973818">
        <ele>5.9</ele>
        <time>2023-06-18T11:00:02Z</time>
      </trkpt>
      <trkpt lat="22.522486" lon="113.973786">
        <ele>5.9</ele>
        <time>2023-06-18T11:00:03Z</time>
      </trkpt>
      <trkpt lat="22.522497" lon="113.973749">
        <ele>6</ele>
        <time>2023-06-18T11:00:04Z</time>
      </trkpt>
      <trkpt lat="22.522508" lon="113.973712">
        <ele>6</ele>
        <time>2023-06-18T11:00:05Z</time>
      </trkpt>
      <trkpt lat="22.522517" lon="113.973681">
        <ele>6</ele>
        <time>2023-06-18T11:00:06Z</time>
      </trkpt>
      <trkpt lat="22.522524" lon="113.973636">
        <ele>6</ele>
        <time>2023-06-18T11:00:07Z</time>
      </trkpt>
      <trkpt lat="22.522528" lon="113.973595">
        <ele>6</ele>
        <time>2023-06-18T11:00:08Z</time>
      </trkpt>
      <trkpt lat="22.522529" lon="113.973545">
        <ele>6</ele>
        <time>2023-06-18T11:00:09Z</time>
      </trkpt>
      <trkpt lat="22.522527" lon="113.973499">
        <ele>6.1</ele>
        <time>2023-06-18T11:00:10Z</time>
      </trkpt>
      <trkpt lat="22.522522" lon="113.973457">
        <ele>6.1</ele>
        <time>2023-06-18T11:00:11Z</time>
      </trkpt>
      <trkpt lat="22.522516" lon="113.973391">
        <ele>6.1</ele>
        <time>2023-06-18T11:00:12Z</time>
      </trkpt>
      <trkpt lat="22.522505" lon="113.973329">
        <ele>6.1</ele>
        <time>2023-06-18T11:00:13Z</time>
      </trkpt>
      <trkpt lat="22.522496" lon="113.973274">
        <ele>6.2</ele>
        <time>2023-06-18T11:00:14Z</time>
      </trkpt>
      <trkpt lat="22.522491" lon="113.973214">
        <ele>6.2</ele>
        <time>2023-06-18T11:00:15Z</time>
      </trkpt>
      <trkpt lat="22.522485" lon="113.973162">
        <ele>6.2</ele>
        <time>2023-06-18T11:00:16Z</time>
      </trkpt>
      <trkpt lat="22.522483" lon="113.973115">
        <ele>6.2</ele>
        <time>2023-06-18T11:00:17Z</time>
      </trkpt>
      <trkpt lat="22.52248" lon="113.973056">
        <ele>6.3</ele>
        <time>2023-06-18T11:00:18Z</time>
      </trkpt>
      <trkpt lat="22.522484" lon="113.973017">
        <ele>6.3</ele>
        <time>2023-06-18T11:00:19Z</time>
      </trkpt>
      <trkpt lat="22.522488" lon="113.972972">
        <ele>6.3</ele>
        <time>2023-06-18T11:00:20Z</time>
      </trkpt>
      <trkpt lat="22.522488" lon="113.972927">
        <ele>6.3</ele>
        <time>2023-06-18T11:00:21Z</time>
      </trkpt>
      <trkpt lat="22.522492" lon="113.972886">
        <ele>6.3</ele>
        <time>2023-06-18T11:00:22Z</time>
      </trkpt>
      <trkpt lat="22.522494" lon="113.972826">
        <ele>6.4</ele>
        <time>2023-06-18T11:00:23Z</time>
      </trkpt>
      <trkpt lat="22.522498" lon="113.972771">
        <ele>6.4</ele>
        <time>2023-06-18T11:00:24Z</time>
      </trkpt>
      <trkpt lat="22.522501" lon="113.972703">
        <ele>6.4</ele>
        <time>2023-06-18T11:00:25Z</time>
      </trkpt>
      <trkpt lat="22.522498" lon="113.972643">
        <ele>6.5</ele>
        <time>2023-06-18T11:00:26Z</time>
      </trkpt>
      <trkpt lat="22.52249" lon="113.972587">
        <ele>6.5</ele>
        <time>2023-06-18T11:00:27Z</time>
      </trkpt>
      <trkpt lat="22.522482" lon="113.972526">
        <ele>6.5</ele>
        <time>2023-06-18T11:00:28Z</time>
      </trkpt>
      <trkpt lat="22.522471" lon="113.972466">
        <ele>6.5</ele>
        <time>2023-06-18T11:00:29Z</time>
      </trkpt>
      <trkpt lat="22.522462" lon="113.972406">
        <ele>6.6</ele>
        <time>2023-06-18T11:00:30Z</time>
      </trkpt>
      <trkpt lat="22.522457" lon="113.972352">
        <ele>6.6</ele>
        <time>2023-06-18T11:00:31Z</time>
      </trkpt>
      <trkpt lat="22.522456" lon="113.9723">
        <ele>6.6</ele>
        <time>2023-06-18T11:00:32Z</time>
      </trkpt>
      <trkpt lat="22.522447" lon="113.972255">
        <ele>6.6</ele>
        <time>2023-06-18T11:00:33Z</time>
      </trkpt>
      <trkpt lat="22.522441" lon="113.972214">
        <ele>6.6</ele>
        <time>2023-06-18T11:00:34Z</time>
      </trkpt>
      <trkpt lat="22.522437" lon="113.972163">
        <ele>6.6</ele>
        <time>2023-06-18T11:00:35Z</time>
      </trkpt>
      <trkpt lat="22.522439" lon="113.972116">
        <ele>6.6</ele>
        <time>2023-06-18T11:00:36Z</time>
      </trkpt>
      <trkpt lat="22.522433" lon="113.972071">
        <ele>6.6</ele>
        <time>2023-06-18T11:00:37Z</time>
      </trkpt>
      <trkpt lat="22.522422" lon="113.972026">
        <ele>6.6</ele>
        <time>2023-06-18T11:00:38Z</time>
      </trkpt>
      <trkpt lat="22.52241" lon="113.971988">
        <ele>6.6</ele>
        <time>2023-06-18T11:00:39Z</time>
      </trkpt>
      <trkpt lat="22.522395" lon="113.971941">
        <ele>6.6</ele>
        <time>2023-06-18T11:00:40Z</time>
      </trkpt>
      <trkpt lat="22.522388" lon="113.971896">
        <ele>6.6</ele>
        <time>2023-06-18T11:00:41Z</time>
      </trkpt>
      <trkpt lat="22.522385" lon="113.971857">
        <ele>6.6</ele>
        <time>2023-06-18T11:00:42Z</time>
      </trkpt>
      <trkpt lat="22.522388" lon="113.97181">
        <ele>6.6</ele>
        <time>2023-06-18T11:00:43Z</time>
      </trkpt>
      <trkpt lat="22.522397" lon="113.971757">
        <ele>6.6</ele>
        <time>2023-06-18T11:00:44Z</time>
      </trkpt>
      <trkpt lat="22.522405" lon="113.971703">
        <ele>6.6</ele>
        <time>2023-06-18T11:00:45Z</time>
      </trkpt>
      <trkpt lat="22.522416" lon="113.971643">
        <ele>6.6</ele>
        <time>2023-06-18T11:00:46Z</time>
      </trkpt>
      <trkpt lat="22.522424" lon="113.971579">
        <ele>6.6</ele>
        <time>2023-06-18T11:00:47Z</time>
      </trkpt>
      <trkpt lat="22.522433" lon="113.971505">
        <ele>6.7</ele>
        <time>2023-06-18T11:00:48Z</time>
      </trkpt>
      <trkpt lat="22.522439" lon="113.971448">
        <ele>6.7</ele>
        <time>2023-06-18T11:00:49Z</time>
      </trkpt>
      <trkpt lat="22.522444" lon="113.97139">
        <ele>6.7</ele>
        <time>2023-06-18T11:00:50Z</time>
      </trkpt>
      <trkpt lat="22.522445" lon="113.971336">
        <ele>6.7</ele>
        <time>2023-06-18T11:00:51Z</time>
      </trkpt>
      <trkpt lat="22.522442" lon="113.971274">
        <ele>6.7</ele>
        <time>2023-06-18T11:00:52Z</time>
      </trkpt>
      <trkpt lat="22.522428" lon="113.971205">
        <ele>6.7</ele>
        <time>2023-06-18T11:00:53Z</time>
      </trkpt>
      <trkpt lat="22.522414" lon="113.971139">
        <ele>6.7</ele>
        <time>2023-06-18T11:00:54Z</time>
      </trkpt>
      <trkpt lat="22.522404" lon="113.971085">
        <ele>6.7</ele>
        <time>2023-06-18T11:00:55Z</time>
      </trkpt>
      <trkpt lat="22.522396" lon="113.971025">
        <ele>6.7</ele>
        <time>2023-06-18T11:00:56Z</time>
      </trkpt>
      <trkpt lat="22.522392" lon="113.970963">
        <ele>6.7</ele>
        <time>2023-06-18T11:00:57Z</time>
      </trkpt>
      <trkpt lat="22.522389" lon="113.970893">
        <ele>6.7</ele>
        <time>2023-06-18T11:00:58Z</time>
      </trkpt>
      <trkpt lat="22.522393" lon="113.970833">
        <ele>6.7</ele>
        <time>2023-06-18T11:00:59Z</time>
      </trkpt>
      <trkpt lat="22.522404" lon="113.970773">
        <ele>6.7</ele>
        <time>2023-06-18T11:01:00Z</time>
      </trkpt>
      <trkpt lat="22.522425" lon="113.970703">
        <ele>6.7</ele>
        <time>2023-06-18T11:01:01Z</time>
      </trkpt>
      <trkpt lat="22.522444" lon="113.97064">
        <ele>6.7</ele>
        <time>2023-06-18T11:01:02Z</time>
      </trkpt>
      <trkpt lat="22.522456" lon="113.970582">
        <ele>6.7</ele>
        <time>2023-06-18T11:01:03Z</time>
      </trkpt>
      <trkpt lat="22.522466" lon="113.970529">
        <ele>6.7</ele>
        <time>2023-06-18T11:01:04Z</time>
      </trkpt>
      <trkpt lat="22.522475" lon="113.970474">
        <ele>6.7</ele>
        <time>2023-06-18T11:01:05Z</time>
      </trkpt>
      <trkpt lat="22.52248" lon="113.970414">
        <ele>6.7</ele>
        <time>2023-06-18T11:01:06Z</time>
      </trkpt>
      <trkpt lat="22.522484" lon="113.970353">
        <ele>6.7</ele>
        <time>2023-06-18T11:01:07Z</time>
      </trkpt>
      <trkpt lat="22.522486" lon="113.970291">
        <ele>6.7</ele>
        <time>2023-06-18T11:01:08Z</time>
      </trkpt>
      <trkpt lat="22.522488" lon="113.970223">
        <ele>6.7</ele>
        <time>2023-06-18T11:01:09Z</time>
      </trkpt>
      <trkpt lat="22.522489" lon="113.97017">
        <ele>6.7</ele>
        <time>2023-06-18T11:01:10Z</time>
      </trkpt>
      <trkpt lat="22.522486" lon="113.970117">
        <ele>6.7</ele>
        <time>2023-06-18T11:01:11Z</time>
      </trkpt>
      <trkpt lat="22.522484" lon="113.970056">
        <ele>6.7</ele>
        <time>2023-06-18T11:01:12Z</time>
      </trkpt>
      <trkpt lat="22.522483" lon="113.969995">
        <ele>6.7</ele>
        <time>2023-06-18T11:01:13Z</time>
      </trkpt>
      <trkpt lat="22.522488" lon="113.96994">
        <ele>6.7</ele>
        <time>2023-06-18T11:01:14Z</time>
      </trkpt>
      <trkpt lat="22.52249" lon="113.96988">
        <ele>6.7</ele>
        <time>2023-06-18T11:01:15Z</time>
      </trkpt>
      <trkpt lat="22.522494" lon="113.969827">
        <ele>6.7</ele>
        <time>2023-06-18T11:01:16Z</time>
      </trkpt>
      <trkpt lat="22.522497" lon="113.969772">
        <ele>6.7</ele>
        <time>2023-06-18T11:01:17Z</time>
      </trkpt>
      <trkpt lat="22.522499" lon="113.969712">
        <ele>6.7</ele>
        <time>2023-06-18T11:01:18Z</time>
      </trkpt>
      <trkpt lat="22.522501" lon="113.969658">
        <ele>6.7</ele>
        <time>2023-06-18T11:01:19Z</time>
      </trkpt>
      <trkpt lat="22.522501" lon="113.969605">
        <ele>6.7</ele>
        <time>2023-06-18T11:01:20Z</time>
      </trkpt>
      <trkpt lat="22.522503" lon="113.969544">
        <ele>6.7</ele>
        <time>2023-06-18T11:01:21Z</time>
      </trkpt>
      <trkpt lat="22.522501" lon="113.969484">
        <ele>6.7</ele>
        <time>2023-06-18T11:01:22Z</time>
      </trkpt>
      <trkpt lat="22.522499" lon="113.96943">
        <ele>6.7</ele>
        <time>2023-06-18T11:01:23Z</time>
      </trkpt>
      <trkpt lat="22.522499" lon="113.969368">
        <ele>6.7</ele>
        <time>2023-06-18T11:01:24Z</time>
      </trkpt>
      <trkpt lat="22.522497" lon="113.969308">
        <ele>6.7</ele>
        <time>2023-06-18T11:01:25Z</time>
      </trkpt>
      <trkpt lat="22.522493" lon="113.969251">
        <ele>6.7</ele>
        <time>2023-06-18T11:01:26Z</time>
      </trkpt>
      <trkpt lat="22.522493" lon="113.969186">
        <ele>6.7</ele>
        <time>2023-06-18T11:01:27Z</time>
      </trkpt>
      <trkpt lat="22.522493" lon="113.969133">
        <ele>6.7</ele>
        <time>2023-06-18T11:01:28Z</time>
      </trkpt>
      <trkpt lat="22.522485" lon="113.969071">
        <ele>6.7</ele>
        <time>2023-06-18T11:01:29Z</time>
      </trkpt>
      <trkpt lat="22.522479" lon="113.969011">
        <ele>6.6</ele>
        <time>2023-06-18T11:01:30Z</time>
      </trkpt>
      <trkpt lat="22.522474" lon="113.96895">
        <ele>6.6</ele>
        <time>2023-06-18T11:01:31Z</time>
      </trkpt>
      <trkpt lat="22.522472" lon="113.968887">
        <ele>6.6</ele>
        <time>2023-06-18T11:01:32Z</time>
      </trkpt>
      <trkpt lat="22.522468" lon="113.968836">
        <ele>6.6</ele>
        <time>2023-06-18T11:01:33Z</time>
      </trkpt>
      <trkpt lat="22.522465" lon="113.96879">
        <ele>6.6</ele>
        <time>2023-06-18T11:01:34Z</time>
      </trkpt>
      <trkpt lat="22.522462" lon="113.968738">
        <ele>6.6</ele>
        <time>2023-06-18T11:01:35Z</time>
      </trkpt>
      <trkpt lat="22.522459" lon="113.968691">
        <ele>6.6</ele>
        <time>2023-06-18T11:01:36Z</time>
      </trkpt>
      <trkpt lat="22.52246" lon="113.968649">
        <ele>6.6</ele>
        <time>2023-06-18T11:01:37Z</time>
      </trkpt>
      <trkpt lat="22.522461" lon="113.968607">
        <ele>6.6</ele>
        <time>2023-06-18T11:01:38Z</time>
      </trkpt>
      <trkpt lat="22.522465" lon="113.96856">
        <ele>6.6</ele>
        <time>2023-06-18T11:01:39Z</time>
      </trkpt>
      <trkpt lat="22.522467" lon="113.968507">
        <ele>6.6</ele>
        <time>2023-06-18T11:01:40Z</time>
      </trkpt>
      <trkpt lat="22.522467" lon="113.968455">
        <ele>6.6</ele>
        <time>2023-06-18T11:01:41Z</time>
      </trkpt>
      <trkpt lat="22.522454" lon="113.968416">
        <ele>6.6</ele>
        <time>2023-06-18T11:01:42Z</time>
      </trkpt>
      <trkpt lat="22.522439" lon="113.968371">
        <ele>6.6</ele>
        <time>2023-06-18T11:01:43Z</time>
      </trkpt>
      <trkpt lat="22.522417" lon="113.968326">
        <ele>6.6</ele>
        <time>2023-06-18T11:01:44Z</time>
      </trkpt>
      <trkpt lat="22.522384" lon="113.968281">
        <ele>6.6</ele>
        <time>2023-06-18T11:01:45Z</time>
      </trkpt>
      <trkpt lat="22.522351" lon="113.968235">
        <ele>6.6</ele>
        <time>2023-06-18T11:01:46Z</time>
      </trkpt>
      <trkpt lat="22.52232" lon="113.968212">
        <ele>6.6</ele>
        <time>2023-06-18T11:01:47Z</time>
      </trkpt>
      <trkpt lat="22.522288" lon="113.968183">
        <ele>6.6</ele>
        <time>2023-06-18T11:01:48Z</time>
      </trkpt>
      <trkpt lat="22.52226" lon="113.96816">
        <ele>6.6</ele>
        <time>2023-06-18T11:01:49Z</time>
      </trkpt>
      <trkpt lat="22.52224" lon="113.968136">
        <ele>6.6</ele>
        <time>2023-06-18T11:01:50Z</time>
      </trkpt>
      <trkpt lat="22.522227" lon="113.968104">
        <ele>6.6</ele>
        <time>2023-06-18T11:01:51Z</time>
      </trkpt>
      <trkpt lat="22.522213" lon="113.968064">
        <ele>6.6</ele>
        <time>2023-06-18T11:01:52Z</time>
      </trkpt>
      <trkpt lat="22.522198" lon="113.968008">
        <ele>6.6</ele>
        <time>2023-06-18T11:01:53Z</time>
      </trkpt>
      <trkpt lat="22.522189" lon="113.967953">
        <ele>6.6</ele>
        <time>2023-06-18T11:01:54Z</time>
      </trkpt>
      <trkpt lat="22.522181" lon="113.967898">
        <ele>6.6</ele>
        <time>2023-06-18T11:01:55Z</time>
      </trkpt>
      <trkpt lat="22.522172" lon="113.967844">
        <ele>6.6</ele>
        <time>2023-06-18T11:01:56Z</time>
      </trkpt>
      <trkpt lat="22.522164" lon="113.967789">
        <ele>6.6</ele>
        <time>2023-06-18T11:01:57Z</time>
      </trkpt>
      <trkpt lat="22.522155" lon="113.967734">
        <ele>6.6</ele>
        <time>2023-06-18T11:01:58Z</time>
      </trkpt>
      <trkpt lat="22.522146" lon="113.967679">
        <ele>6.5</ele>
        <time>2023-06-18T11:01:59Z</time>
      </trkpt>
      <trkpt lat="22.522138" lon="113.967624">
        <ele>6.5</ele>
        <time>2023-06-18T11:02:00Z</time>
      </trkpt>
      <trkpt lat="22.522129" lon="113.96757">
        <ele>6.5</ele>
        <time>2023-06-18T11:02:01Z</time>
      </trkpt>
      <trkpt lat="22.522122" lon="113.967517">
        <ele>6.5</ele>
        <time>2023-06-18T11:02:02Z</time>
      </trkpt>
      <trkpt lat="22.52213" lon="113.967479">
        <ele>6.5</ele>
        <time>2023-06-18T11:02:03Z</time>
      </trkpt>
      <trkpt lat="22.52214" lon="113.967433">
        <ele>6.5</ele>
        <time>2023-06-18T11:02:04Z</time>
      </trkpt>
      <trkpt lat="22.522151" lon="113.967386">
        <ele>6.5</ele>
        <time>2023-06-18T11:02:05Z</time>
      </trkpt>
      <trkpt lat="22.522161" lon="113.96734">
        <ele>6.5</ele>
        <time>2023-06-18T11:02:06Z</time>
      </trkpt>
      <trkpt lat="22.522172" lon="113.967294">
        <ele>6.5</ele>
        <time>2023-06-18T11:02:07Z</time>
      </trkpt>
      <trkpt lat="22.522178" lon="113.967242">
        <ele>6.5</ele>
        <time>2023-06-18T11:02:08Z</time>
      </trkpt>
      <trkpt lat="22.522192" lon="113.967194">
        <ele>6.5</ele>
        <time>2023-06-18T11:02:09Z</time>
      </trkpt>
      <trkpt lat="22.522208" lon="113.967135">
        <ele>6.5</ele>
        <time>2023-06-18T11:02:10Z</time>
      </trkpt>
      <trkpt lat="22.522211" lon="113.967088">
        <ele>6.5</ele>
        <time>2023-06-18T11:02:11Z</time>
      </trkpt>
      <trkpt lat="22.522213" lon="113.967028">
        <ele>6.5</ele>
        <time>2023-06-18T11:02:12Z</time>
      </trkpt>
      <trkpt lat="22.522209" lon="113.966983">
        <ele>6.5</ele>
        <time>2023-06-18T11:02:13Z</time>
      </trkpt>
      <trkpt lat="22.522205" lon="113.966936">
        <ele>6.5</ele>
        <time>2023-06-18T11:02:14Z</time>
      </trkpt>
      <trkpt lat="22.522205" lon="113.966884">
        <ele>6.5</ele>
        <time>2023-06-18T11:02:15Z</time>
      </trkpt>
      <trkpt lat="22.522201" lon="113.966838">
        <ele>6.5</ele>
        <time>2023-06-18T11:02:16Z</time>
      </trkpt>
      <trkpt lat="22.522201" lon="113.966838">
        <ele>6.5</ele>
        <time>2023-06-18T11:02:21Z</time>
      </trkpt>
      <trkpt lat="22.522201" lon="113.966838">
        <ele>6.5</ele>
        <time>2023-06-18T11:02:31Z</time>
      </trkpt>
      <trkpt lat="22.522339" lon="113.965599">
        <ele>6.4</ele>
        <time>2023-06-18T11:02:40Z</time>
      </trkpt>
      <trkpt lat="22.52235" lon="113.96557">
        <ele>6.4</ele>
        <time>2023-06-18T11:02:41Z</time>
      </trkpt>
      <trkpt lat="22.522364" lon="113.965539">
        <ele>6.4</ele>
        <time>2023-06-18T11:02:42Z</time>
      </trkpt>
      <trkpt lat="22.522389" lon="113.965492">
        <ele>6.4</ele>
        <time>2023-06-18T11:02:43Z</time>
      </trkpt>
      <trkpt lat="22.522414" lon="113.965425">
        <ele>6.4</ele>
        <time>2023-06-18T11:02:44Z</time>
      </trkpt>
      <trkpt lat="22.522437" lon="113.965369">
        <ele>6.4</ele>
        <time>2023-06-18T11:02:45Z</time>
      </trkpt>
      <trkpt lat="22.522442" lon="113.965304">
        <ele>6.4</ele>
        <time>2023-06-18T11:02:46Z</time>
      </trkpt>
      <trkpt lat="22.522442" lon="113.965266">
        <ele>6.4</ele>
        <time>2023-06-18T11:02:47Z</time>
      </trkpt>
      <trkpt lat="22.522443" lon="113.965224">
        <ele>6.4</ele>
        <time>2023-06-18T11:02:48Z</time>
      </trkpt>
      <trkpt lat="22.52244" lon="113.965158">
        <ele>6.4</ele>
        <time>2023-06-18T11:02:49Z</time>
      </trkpt>
      <trkpt lat="22.522436" lon="113.965106">
        <ele>6.4</ele>
        <time>2023-06-18T11:02:50Z</time>
      </trkpt>
      <trkpt lat="22.522433" lon="113.965067">
        <ele>6.4</ele>
        <time>2023-06-18T11:02:51Z</time>
      </trkpt>
      <trkpt lat="22.522436" lon="113.965019">
        <ele>6.4</ele>
        <time>2023-06-18T11:02:52Z</time>
      </trkpt>
      <trkpt lat="22.522438" lon="113.964959">
        <ele>6.4</ele>
        <time>2023-06-18T11:02:53Z</time>
      </trkpt>
      <trkpt lat="22.52244" lon="113.964897">
        <ele>6.4</ele>
        <time>2023-06-18T11:02:54Z</time>
      </trkpt>
      <trkpt lat="22.522442" lon="113.964837">
        <ele>6.4</ele>
        <time>2023-06-18T11:02:55Z</time>
      </trkpt>
      <trkpt lat="22.52244" lon="113.964776">
        <ele>6.3</ele>
        <time>2023-06-18T11:02:56Z</time>
      </trkpt>
      <trkpt lat="22.522441" lon="113.964712">
        <ele>6.3</ele>
        <time>2023-06-18T11:02:57Z</time>
      </trkpt>
      <trkpt lat="22.522435" lon="113.964647">
        <ele>6.3</ele>
        <time>2023-06-18T11:02:58Z</time>
      </trkpt>
      <trkpt lat="22.522438" lon="113.964592">
        <ele>6.3</ele>
        <time>2023-06-18T11:02:59Z</time>
      </trkpt>
      <trkpt lat="22.522434" lon="113.964531">
        <ele>6.3</ele>
        <time>2023-06-18T11:03:00Z</time>
      </trkpt>
      <trkpt lat="22.522434" lon="113.964461">
        <ele>6.2</ele>
        <time>2023-06-18T11:03:01Z</time>
      </trkpt>
      <trkpt lat="22.52243" lon="113.96441">
        <ele>6.2</ele>
        <time>2023-06-18T11:03:02Z</time>
      </trkpt>
      <trkpt lat="22.522424" lon="113.964362">
        <ele>6.2</ele>
        <time>2023-06-18T11:03:03Z</time>
      </trkpt>
      <trkpt lat="22.522418" lon="113.964305">
        <ele>6.2</ele>
        <time>2023-06-18T11:03:04Z</time>
      </trkpt>
      <trkpt lat="22.522408" lon="113.964259">
        <ele>6.2</ele>
        <time>2023-06-18T11:03:05Z</time>
      </trkpt>
      <trkpt lat="22.522394" lon="113.96422">
        <ele>6.1</ele>
        <time>2023-06-18T11:03:06Z</time>
      </trkpt>
      <trkpt lat="22.522376" lon="113.964175">
        <ele>6.1</ele>
        <time>2023-06-18T11:03:07Z</time>
      </trkpt>
      <trkpt lat="22.522353" lon="113.964137">
        <ele>6.1</ele>
        <time>2023-06-18T11:03:08Z</time>
      </trkpt>
      <trkpt lat="22.522323" lon="113.964091">
        <ele>6.1</ele>
        <time>2023-06-18T11:03:09Z</time>
      </trkpt>
      <trkpt lat="22.522286" lon="113.964048">
        <ele>6</ele>
        <time>2023-06-18T11:03:10Z</time>
      </trkpt>
      <trkpt lat="22.522263" lon="113.964027">
        <ele>6</ele>
        <time>2023-06-18T11:03:11Z</time>
      </trkpt>
      <trkpt lat="22.522239" lon="113.964007">
        <ele>6</ele>
        <time>2023-06-18T11:03:12Z</time>
      </trkpt>
      <trkpt lat="22.522216" lon="113.963987">
        <ele>6</ele>
        <time>2023-06-18T11:03:13Z</time>
      </trkpt>
      <trkpt lat="22.522194" lon="113.963971">
        <ele>6</ele>
        <time>2023-06-18T11:03:14Z</time>
      </trkpt>
      <trkpt lat="22.52218" lon="113.963948">
        <ele>6</ele>
        <time>2023-06-18T11:03:15Z</time>
      </trkpt>
      <trkpt lat="22.522173" lon="113.963924">
        <ele>6</ele>
        <time>2023-06-18T11:03:16Z</time>
      </trkpt>
      <trkpt lat="22.522173" lon="113.963893">
        <ele>5.9</ele>
        <time>2023-06-18T11:03:17Z</time>
      </trkpt>
      <trkpt lat="22.522171" lon="113.963862">
        <ele>5.9</ele>
        <time>2023-06-18T11:03:18Z</time>
      </trkpt>
      <trkpt lat="22.522173" lon="113.963824">
        <ele>5.9</ele>
        <time>2023-06-18T11:03:19Z</time>
      </trkpt>
      <trkpt lat="22.522173" lon="113.963787">
        <ele>5.9</ele>
        <time>2023-06-18T11:03:20Z</time>
      </trkpt>
      <trkpt lat="22.522171" lon="113.963748">
        <ele>5.9</ele>
        <time>2023-06-18T11:03:21Z</time>
      </trkpt>
      <trkpt lat="22.522169" lon="113.96371">
        <ele>5.9</ele>
        <time>2023-06-18T11:03:22Z</time>
      </trkpt>
      <trkpt lat="22.522165" lon="113.963671">
        <ele>5.8</ele>
        <time>2023-06-18T11:03:23Z</time>
      </trkpt>
      <trkpt lat="22.522163" lon="113.963625">
        <ele>5.8</ele>
        <time>2023-06-18T11:03:24Z</time>
      </trkpt>
      <trkpt lat="22.522159" lon="113.96358">
        <ele>5.8</ele>
        <time>2023-06-18T11:03:25Z</time>
      </trkpt>
      <trkpt lat="22.522157" lon="113.963534">
        <ele>5.8</ele>
        <time>2023-06-18T11:03:26Z</time>
      </trkpt>
      <trkpt lat="22.522153" lon="113.963488">
        <ele>5.8</ele>
        <time>2023-06-18T11:03:27Z</time>
      </trkpt>
      <trkpt lat="22.52215" lon="113.963433">
        <ele>5.7</ele>
        <time>2023-06-18T11:03:28Z</time>
      </trkpt>
      <trkpt lat="22.522148" lon="113.96338">
        <ele>5.7</ele>
        <time>2023-06-18T11:03:29Z</time>
      </trkpt>
      <trkpt lat="22.522148" lon="113.963326">
        <ele>5.7</ele>
        <time>2023-06-18T11:03:30Z</time>
      </trkpt>
      <trkpt lat="22.522142" lon="113.963267">
        <ele>5.7</ele>
        <time>2023-06-18T11:03:31Z</time>
      </trkpt>
      <trkpt lat="22.522138" lon="113.963219">
        <ele>5.6</ele>
        <time>2023-06-18T11:03:32Z</time>
      </trkpt>
      <trkpt lat="22.522134" lon="113.963159">
        <ele>5.6</ele>
        <time>2023-06-18T11:03:33Z</time>
      </trkpt>
      <trkpt lat="22.522127" lon="113.963105">
        <ele>5.6</ele>
        <time>2023-06-18T11:03:34Z</time>
      </trkpt>
      <trkpt lat="22.522127" lon="113.963051">
        <ele>5.6</ele>
        <time>2023-06-18T11:03:35Z</time>
      </trkpt>
      <trkpt lat="22.522123" lon="113.96299">
        <ele>5.5</ele>
        <time>2023-06-18T11:03:36Z</time>
      </trkpt>
      <trkpt lat="22.522121" lon="113.962929">
        <ele>5.5</ele>
        <time>2023-06-18T11:03:37Z</time>
      </trkpt>
      <trkpt lat="22.522121" lon="113.962867">
        <ele>5.5</ele>
        <time>2023-06-18T11:03:38Z</time>
      </trkpt>
      <trkpt lat="22.522119" lon="113.9628">
        <ele>5.5</ele>
        <time>2023-06-18T11:03:39Z</time>
      </trkpt>
      <trkpt lat="22.522118" lon="113.962737">
        <ele>5.5</ele>
        <time>2023-06-18T11:03:40Z</time>
      </trkpt>
      <trkpt lat="22.522118" lon="113.962677">
        <ele>5.5</ele>
        <time>2023-06-18T11:03:41Z</time>
      </trkpt>
      <trkpt lat="22.522121" lon="113.962617">
        <ele>5.5</ele>
        <time>2023-06-18T11:03:42Z</time>
      </trkpt>
      <trkpt lat="22.522121" lon="113.962554">
        <ele>5.5</ele>
        <time>2023-06-18T11:03:43Z</time>
      </trkpt>
      <trkpt lat="22.522121" lon="113.962495">
        <ele>5.5</ele>
        <time>2023-06-18T11:03:44Z</time>
      </trkpt>
      <trkpt lat="22.522119" lon="113.962435">
        <ele>5.5</ele>
        <time>2023-06-18T11:03:45Z</time>
      </trkpt>
      <trkpt lat="22.522117" lon="113.962381">
        <ele>5.5</ele>
        <time>2023-06-18T11:03:46Z</time>
      </trkpt>
      <trkpt lat="22.522115" lon="113.962327">
        <ele>5.5</ele>
        <time>2023-06-18T11:03:47Z</time>
      </trkpt>
      <trkpt lat="22.522113" lon="113.962272">
        <ele>5.5</ele>
        <time>2023-06-18T11:03:48Z</time>
      </trkpt>
      <trkpt lat="22.522107" lon="113.962209">
        <ele>5.5</ele>
        <time>2023-06-18T11:03:49Z</time>
      </trkpt>
      <trkpt lat="22.522102" lon="113.962151">
        <ele>5.5</ele>
        <time>2023-06-18T11:03:50Z</time>
      </trkpt>
      <trkpt lat="22.5221" lon="113.962097">
        <ele>5.5</ele>
        <time>2023-06-18T11:03:51Z</time>
      </trkpt>
      <trkpt lat="22.522098" lon="113.962045">
        <ele>5.5</ele>
        <time>2023-06-18T11:03:52Z</time>
      </trkpt>
      <trkpt lat="22.522093" lon="113.961987">
        <ele>5.5</ele>
        <time>2023-06-18T11:03:53Z</time>
      </trkpt>
      <trkpt lat="22.522086" lon="113.961931">
        <ele>5.5</ele>
        <time>2023-06-18T11:03:54Z</time>
      </trkpt>
      <trkpt lat="22.522078" lon="113.961876">
        <ele>5.5</ele>
        <time>2023-06-18T11:03:55Z</time>
      </trkpt>
      <trkpt lat="22.522069" lon="113.961817">
        <ele>5.5</ele>
        <time>2023-06-18T11:03:56Z</time>
      </trkpt>
      <trkpt lat="22.522057" lon="113.961762">
        <ele>5.5</ele>
        <time>2023-06-18T11:03:57Z</time>
      </trkpt>
      <trkpt lat="22.522048" lon="113.961694">
        <ele>5.5</ele>
        <time>2023-06-18T11:03:58Z</time>
      </trkpt>
      <trkpt lat="22.52204" lon="113.961639">
        <ele>5.5</ele>
        <time>2023-06-18T11:03:59Z</time>
      </trkpt>
      <trkpt lat="22.522032" lon="113.961579">
        <ele>5.5</ele>
        <time>2023-06-18T11:04:00Z</time>
      </trkpt>
      <trkpt lat="22.522021" lon="113.961526">
        <ele>5.5</ele>
        <time>2023-06-18T11:04:01Z</time>
      </trkpt>
      <trkpt lat="22.522006" lon="113.961465">
        <ele>5.5</ele>
        <time>2023-06-18T11:04:02Z</time>
      </trkpt>
      <trkpt lat="22.521994" lon="113.961411">
        <ele>5.5</ele>
        <time>2023-06-18T11:04:03Z</time>
      </trkpt>
      <trkpt lat="22.521979" lon="113.96135">
        <ele>5.5</ele>
        <time>2023-06-18T11:04:04Z</time>
      </trkpt>
      <trkpt lat="22.521963" lon="113.961288">
        <ele>5.5</ele>
        <time>2023-06-18T11:04:05Z</time>
      </trkpt>
      <trkpt lat="22.521945" lon="113.961227">
        <ele>5.5</ele>
        <time>2023-06-18T11:04:06Z</time>
      </trkpt>
      <trkpt lat="22.521928" lon="113.961167">
        <ele>5.5</ele>
        <time>2023-06-18T11:04:07Z</time>
      </trkpt>
      <trkpt lat="22.52191" lon="113.961114">
        <ele>5.5</ele>
        <time>2023-06-18T11:04:08Z</time>
      </trkpt>
      <trkpt lat="22.521893" lon="113.961062">
        <ele>5.5</ele>
        <time>2023-06-18T11:04:09Z</time>
      </trkpt>
      <trkpt lat="22.521882" lon="113.961016">
        <ele>5.4</ele>
        <time>2023-06-18T11:04:10Z</time>
      </trkpt>
      <trkpt lat="22.521874" lon="113.96097">
        <ele>5.4</ele>
        <time>2023-06-18T11:04:11Z</time>
      </trkpt>
      <trkpt lat="22.521863" lon="113.960917">
        <ele>5.5</ele>
        <time>2023-06-18T11:04:12Z</time>
      </trkpt>
      <trkpt lat="22.521854" lon="113.96087">
        <ele>5.5</ele>
        <time>2023-06-18T11:04:13Z</time>
      </trkpt>
      <trkpt lat="22.521845" lon="113.960817">
        <ele>5.5</ele>
        <time>2023-06-18T11:04:14Z</time>
      </trkpt>
      <trkpt lat="22.521828" lon="113.960765">
        <ele>5.5</ele>
        <time>2023-06-18T11:04:15Z</time>
      </trkpt>
      <trkpt lat="22.521813" lon="113.960725">
        <ele>5.5</ele>
        <time>2023-06-18T11:04:16Z</time>
      </trkpt>
      <trkpt lat="22.5218" lon="113.960673">
        <ele>5.5</ele>
        <time>2023-06-18T11:04:17Z</time>
      </trkpt>
      <trkpt lat="22.521789" lon="113.960625">
        <ele>5.5</ele>
        <time>2023-06-18T11:04:18Z</time>
      </trkpt>
      <trkpt lat="22.52177" lon="113.960566">
        <ele>5.5</ele>
        <time>2023-06-18T11:04:19Z</time>
      </trkpt>
      <trkpt lat="22.521754" lon="113.960521">
        <ele>5.5</ele>
        <time>2023-06-18T11:04:20Z</time>
      </trkpt>
      <trkpt lat="22.521743" lon="113.960475">
        <ele>5.5</ele>
        <time>2023-06-18T11:04:21Z</time>
      </trkpt>
      <trkpt lat="22.521735" lon="113.960435">
        <ele>5.5</ele>
        <time>2023-06-18T11:04:22Z</time>
      </trkpt>
      <trkpt lat="22.521723" lon="113.960382">
        <ele>5.5</ele>
        <time>2023-06-18T11:04:23Z</time>
      </trkpt>
      <trkpt lat="22.521712" lon="113.960337">
        <ele>5.5</ele>
        <time>2023-06-18T11:04:24Z</time>
      </trkpt>
      <trkpt lat="22.521699" lon="113.96029">
        <ele>5.5</ele>
        <time>2023-06-18T11:04:25Z</time>
      </trkpt>
      <trkpt lat="22.52169" lon="113.960238">
        <ele>5.6</ele>
        <time>2023-06-18T11:04:26Z</time>
      </trkpt>
      <trkpt lat="22.521675" lon="113.960191">
        <ele>5.6</ele>
        <time>2023-06-18T11:04:27Z</time>
      </trkpt>
      <trkpt lat="22.521664" lon="113.960145">
        <ele>5.6</ele>
        <time>2023-06-18T11:04:28Z</time>
      </trkpt>
      <trkpt lat="22.521652" lon="113.960094">
        <ele>5.6</ele>
        <time>2023-06-18T11:04:29Z</time>
      </trkpt>
      <trkpt lat="22.521647" lon="113.960054">
        <ele>5.6</ele>
        <time>2023-06-18T11:04:30Z</time>
      </trkpt>
      <trkpt lat="22.521638" lon="113.960008">
        <ele>5.6</ele>
        <time>2023-06-18T11:04:31Z</time>
      </trkpt>
      <trkpt lat="22.521627" lon="113.959954">
        <ele>5.6</ele>
        <time>2023-06-18T11:04:32Z</time>
      </trkpt>
      <trkpt lat="22.521606" lon="113.959893">
        <ele>5.6</ele>
        <time>2023-06-18T11:04:33Z</time>
      </trkpt>
      <trkpt lat="22.521589" lon="113.959832">
        <ele>5.6</ele>
        <time>2023-06-18T11:04:34Z</time>
      </trkpt>
      <trkpt lat="22.52157" lon="113.95978">
        <ele>5.6</ele>
        <time>2023-06-18T11:04:35Z</time>
      </trkpt>
      <trkpt lat="22.521557" lon="113.959733">
        <ele>5.6</ele>
        <time>2023-06-18T11:04:36Z</time>
      </trkpt>
      <trkpt lat="22.521546" lon="113.959681">
        <ele>5.6</ele>
        <time>2023-06-18T11:04:37Z</time>
      </trkpt>
      <trkpt lat="22.521531" lon="113.959636">
        <ele>5.7</ele>
        <time>2023-06-18T11:04:38Z</time>
      </trkpt>
      <trkpt lat="22.52152" lon="113.959587">
        <ele>5.7</ele>
        <time>2023-06-18T11:04:39Z</time>
      </trkpt>
      <trkpt lat="22.521504" lon="113.959545">
        <ele>5.7</ele>
        <time>2023-06-18T11:04:40Z</time>
      </trkpt>
      <trkpt lat="22.52149" lon="113.959505">
        <ele>5.7</ele>
        <time>2023-06-18T11:04:41Z</time>
      </trkpt>
      <trkpt lat="22.521473" lon="113.95946">
        <ele>5.7</ele>
        <time>2023-06-18T11:04:42Z</time>
      </trkpt>
      <trkpt lat="22.521458" lon="113.959414">
        <ele>5.7</ele>
        <time>2023-06-18T11:04:43Z</time>
      </trkpt>
      <trkpt lat="22.521447" lon="113.959369">
        <ele>5.7</ele>
        <time>2023-06-18T11:04:44Z</time>
      </trkpt>
      <trkpt lat="22.521437" lon="113.959329">
        <ele>5.7</ele>
        <time>2023-06-18T11:04:45Z</time>
      </trkpt>
      <trkpt lat="22.521428" lon="113.959276">
        <ele>5.7</ele>
        <time>2023-06-18T11:04:46Z</time>
      </trkpt>
      <trkpt lat="22.521416" lon="113.959231">
        <ele>5.7</ele>
        <time>2023-06-18T11:04:47Z</time>
      </trkpt>
      <trkpt lat="22.521404" lon="113.959185">
        <ele>5.7</ele>
        <time>2023-06-18T11:04:48Z</time>
      </trkpt>
      <trkpt lat="22.52139" lon="113.959138">
        <ele>5.7</ele>
        <time>2023-06-18T11:04:49Z</time>
      </trkpt>
      <trkpt lat="22.521378" lon="113.959085">
        <ele>5.7</ele>
        <time>2023-06-18T11:04:50Z</time>
      </trkpt>
      <trkpt lat="22.521369" lon="113.959032">
        <ele>5.7</ele>
        <time>2023-06-18T11:04:51Z</time>
      </trkpt>
      <trkpt lat="22.521359" lon="113.958985">
        <ele>5.7</ele>
        <time>2023-06-18T11:04:52Z</time>
      </trkpt>
      <trkpt lat="22.521346" lon="113.958932">
        <ele>5.7</ele>
        <time>2023-06-18T11:04:53Z</time>
      </trkpt>
      <trkpt lat="22.521336" lon="113.958878">
        <ele>5.7</ele>
        <time>2023-06-18T11:04:54Z</time>
      </trkpt>
      <trkpt lat="22.521328" lon="113.958827">
        <ele>5.7</ele>
        <time>2023-06-18T11:04:55Z</time>
      </trkpt>
      <trkpt lat="22.52133" lon="113.958784">
        <ele>5.7</ele>
        <time>2023-06-18T11:04:56Z</time>
      </trkpt>
      <trkpt lat="22.521334" lon="113.958745">
        <ele>5.7</ele>
        <time>2023-06-18T11:04:57Z</time>
      </trkpt>
      <trkpt lat="22.521352" lon="113.958723">
        <ele>5.7</ele>
        <time>2023-06-18T11:04:58Z</time>
      </trkpt>
      <trkpt lat="22.521387" lon="113.958705">
        <ele>5.7</ele>
        <time>2023-06-18T11:04:59Z</time>
      </trkpt>
      <trkpt lat="22.521403" lon="113.958668">
        <ele>5.7</ele>
        <time>2023-06-18T11:05:00Z</time>
      </trkpt>
      <trkpt lat="22.521427" lon="113.958638">
        <ele>5.7</ele>
        <time>2023-06-18T11:05:01Z</time>
      </trkpt>
      <trkpt lat="22.521461" lon="113.958606">
        <ele>5.7</ele>
        <time>2023-06-18T11:05:02Z</time>
      </trkpt>
      <trkpt lat="22.521492" lon="113.958576">
        <ele>5.7</ele>
        <time>2023-06-18T11:05:03Z</time>
      </trkpt>
      <trkpt lat="22.521522" lon="113.958545">
        <ele>5.7</ele>
        <time>2023-06-18T11:05:04Z</time>
      </trkpt>
      <trkpt lat="22.521549" lon="113.958508">
        <ele>5.7</ele>
        <time>2023-06-18T11:05:05Z</time>
      </trkpt>
      <trkpt lat="22.52158" lon="113.958477">
        <ele>5.7</ele>
        <time>2023-06-18T11:05:06Z</time>
      </trkpt>
      <trkpt lat="22.521617" lon="113.958439">
        <ele>5.7</ele>
        <time>2023-06-18T11:05:07Z</time>
      </trkpt>
      <trkpt lat="22.521657" lon="113.958407">
        <ele>5.7</ele>
        <time>2023-06-18T11:05:08Z</time>
      </trkpt>
      <trkpt lat="22.521697" lon="113.958379">
        <ele>5.7</ele>
        <time>2023-06-18T11:05:09Z</time>
      </trkpt>
      <trkpt lat="22.521736" lon="113.958356">
        <ele>5.7</ele>
        <time>2023-06-18T11:05:10Z</time>
      </trkpt>
      <trkpt lat="22.521765" lon="113.958333">
        <ele>5.7</ele>
        <time>2023-06-18T11:05:11Z</time>
      </trkpt>
      <trkpt lat="22.521795" lon="113.958309">
        <ele>5.7</ele>
        <time>2023-06-18T11:05:12Z</time>
      </trkpt>
      <trkpt lat="22.521819" lon="113.95828">
        <ele>5.7</ele>
        <time>2023-06-18T11:05:13Z</time>
      </trkpt>
      <trkpt lat="22.521829" lon="113.958257">
        <ele>5.7</ele>
        <time>2023-06-18T11:05:14Z</time>
      </trkpt>
      <trkpt lat="22.521842" lon="113.958232">
        <ele>5.7</ele>
        <time>2023-06-18T11:05:15Z</time>
      </trkpt>
      <trkpt lat="22.521849" lon="113.958195">
        <ele>5.7</ele>
        <time>2023-06-18T11:05:16Z</time>
      </trkpt>
      <trkpt lat="22.521851" lon="113.958164">
        <ele>5.7</ele>
        <time>2023-06-18T11:05:17Z</time>
      </trkpt>
      <trkpt lat="22.521851" lon="113.958134">
        <ele>5.7</ele>
        <time>2023-06-18T11:05:18Z</time>
      </trkpt>
      <trkpt lat="22.52185" lon="113.958103">
        <ele>5.7</ele>
        <time>2023-06-18T11:05:19Z</time>
      </trkpt>
      <trkpt lat="22.521848" lon="113.958065">
        <ele>5.7</ele>
        <time>2023-06-18T11:05:20Z</time>
      </trkpt>
      <trkpt lat="22.521845" lon="113.958026">
        <ele>5.7</ele>
        <time>2023-06-18T11:05:21Z</time>
      </trkpt>
      <trkpt lat="22.521849" lon="113.95798">
        <ele>5.7</ele>
        <time>2023-06-18T11:05:22Z</time>
      </trkpt>
      <trkpt lat="22.521855" lon="113.95794">
        <ele>5.7</ele>
        <time>2023-06-18T11:05:23Z</time>
      </trkpt>
      <trkpt lat="22.521863" lon="113.957881">
        <ele>5.7</ele>
        <time>2023-06-18T11:05:24Z</time>
      </trkpt>
      <trkpt lat="22.521872" lon="113.957834">
        <ele>5.7</ele>
        <time>2023-06-18T11:05:25Z</time>
      </trkpt>
      <trkpt lat="22.521876" lon="113.957782">
        <ele>5.7</ele>
        <time>2023-06-18T11:05:26Z</time>
      </trkpt>
      <trkpt lat="22.521879" lon="113.957737">
        <ele>5.7</ele>
        <time>2023-06-18T11:05:27Z</time>
      </trkpt>
      <trkpt lat="22.521877" lon="113.957707">
        <ele>5.7</ele>
        <time>2023-06-18T11:05:28Z</time>
      </trkpt>
      <trkpt lat="22.521871" lon="113.957684">
        <ele>5.7</ele>
        <time>2023-06-18T11:05:29Z</time>
      </trkpt>
      <trkpt lat="22.521864" lon="113.957659">
        <ele>5.7</ele>
        <time>2023-06-18T11:05:30Z</time>
      </trkpt>
      <trkpt lat="22.521849" lon="113.957617">
        <ele>5.7</ele>
        <time>2023-06-18T11:05:31Z</time>
      </trkpt>
      <trkpt lat="22.521832" lon="113.957575">
        <ele>5.7</ele>
        <time>2023-06-18T11:05:32Z</time>
      </trkpt>
      <trkpt lat="22.521809" lon="113.957536">
        <ele>5.7</ele>
        <time>2023-06-18T11:05:33Z</time>
      </trkpt>
      <trkpt lat="22.521776" lon="113.957499">
        <ele>5.7</ele>
        <time>2023-06-18T11:05:34Z</time>
      </trkpt>
      <trkpt lat="22.521717" lon="113.95746">
        <ele>5.7</ele>
        <time>2023-06-18T11:05:35Z</time>
      </trkpt>
      <trkpt lat="22.521667" lon="113.957414">
        <ele>5.7</ele>
        <time>2023-06-18T11:05:36Z</time>
      </trkpt>
      <trkpt lat="22.521613" lon="113.957364">
        <ele>5.6</ele>
        <time>2023-06-18T11:05:37Z</time>
      </trkpt>
      <trkpt lat="22.521567" lon="113.95734">
        <ele>5.6</ele>
        <time>2023-06-18T11:05:38Z</time>
      </trkpt>
      <trkpt lat="22.521523" lon="113.957301">
        <ele>5.6</ele>
        <time>2023-06-18T11:05:39Z</time>
      </trkpt>
      <trkpt lat="22.521493" lon="113.957256">
        <ele>5.6</ele>
        <time>2023-06-18T11:05:40Z</time>
      </trkpt>
      <trkpt lat="22.521484" lon="113.957216">
        <ele>5.6</ele>
        <time>2023-06-18T11:05:41Z</time>
      </trkpt>
      <trkpt lat="22.521484" lon="113.957161">
        <ele>5.6</ele>
        <time>2023-06-18T11:05:42Z</time>
      </trkpt>
      <trkpt lat="22.521498" lon="113.9571">
        <ele>5.6</ele>
        <time>2023-06-18T11:05:43Z</time>
      </trkpt>
      <trkpt lat="22.521517" lon="113.957041">
        <ele>5.6</ele>
        <time>2023-06-18T11:05:44Z</time>
      </trkpt>
      <trkpt lat="22.521536" lon="113.956995">
        <ele>5.6</ele>
        <time>2023-06-18T11:05:45Z</time>
      </trkpt>
      <trkpt lat="22.521553" lon="113.956949">
        <ele>5.6</ele>
        <time>2023-06-18T11:05:46Z</time>
      </trkpt>
      <trkpt lat="22.521568" lon="113.956913">
        <ele>5.6</ele>
        <time>2023-06-18T11:05:47Z</time>
      </trkpt>
      <trkpt lat="22.521584" lon="113.956881">
        <ele>5.6</ele>
        <time>2023-06-18T11:05:48Z</time>
      </trkpt>
      <trkpt lat="22.521602" lon="113.956844">
        <ele>5.6</ele>
        <time>2023-06-18T11:05:49Z</time>
      </trkpt>
      <trkpt lat="22.521624" lon="113.956813">
        <ele>5.6</ele>
        <time>2023-06-18T11:05:50Z</time>
      </trkpt>
      <trkpt lat="22.521646" lon="113.956774">
        <ele>5.6</ele>
        <time>2023-06-18T11:05:51Z</time>
      </trkpt>
      <trkpt lat="22.521671" lon="113.956728">
        <ele>5.6</ele>
        <time>2023-06-18T11:05:52Z</time>
      </trkpt>
      <trkpt lat="22.521697" lon="113.956683">
        <ele>5.6</ele>
        <time>2023-06-18T11:05:53Z</time>
      </trkpt>
      <trkpt lat="22.52173" lon="113.956637">
        <ele>5.6</ele>
        <time>2023-06-18T11:05:54Z</time>
      </trkpt>
      <trkpt lat="22.521761" lon="113.956585">
        <ele>5.6</ele>
        <time>2023-06-18T11:05:55Z</time>
      </trkpt>
      <trkpt lat="22.521793" lon="113.956533">
        <ele>5.6</ele>
        <time>2023-06-18T11:05:56Z</time>
      </trkpt>
      <trkpt lat="22.521824" lon="113.956481">
        <ele>5.6</ele>
        <time>2023-06-18T11:05:57Z</time>
      </trkpt>
      <trkpt lat="22.521855" lon="113.956429">
        <ele>5.6</ele>
        <time>2023-06-18T11:05:58Z</time>
      </trkpt>
      <trkpt lat="22.521888" lon="113.956372">
        <ele>5.6</ele>
        <time>2023-06-18T11:05:59Z</time>
      </trkpt>
      <trkpt lat="22.521933" lon="113.956283">
        <ele>5.6</ele>
        <time>2023-06-18T11:06:00Z</time>
      </trkpt>
      <trkpt lat="22.521978" lon="113.956205">
        <ele>5.6</ele>
        <time>2023-06-18T11:06:01Z</time>
      </trkpt>
      <trkpt lat="22.522026" lon="113.956125">
        <ele>5.6</ele>
        <time>2023-06-18T11:06:02Z</time>
      </trkpt>
      <trkpt lat="22.522056" lon="113.956072">
        <ele>5.6</ele>
        <time>2023-06-18T11:06:03Z</time>
      </trkpt>
      <trkpt lat="22.522085" lon="113.95601">
        <ele>5.6</ele>
        <time>2023-06-18T11:06:04Z</time>
      </trkpt>
      <trkpt lat="22.522115" lon="113.955948">
        <ele>5.6</ele>
        <time>2023-06-18T11:06:05Z</time>
      </trkpt>
      <trkpt lat="22.522146" lon="113.955887">
        <ele>5.6</ele>
        <time>2023-06-18T11:06:06Z</time>
      </trkpt>
      <trkpt lat="22.522177" lon="113.955826">
        <ele>5.5</ele>
        <time>2023-06-18T11:06:07Z</time>
      </trkpt>
      <trkpt lat="22.522207" lon="113.955767">
        <ele>5.6</ele>
        <time>2023-06-18T11:06:08Z</time>
      </trkpt>
      <trkpt lat="22.522235" lon="113.955723">
        <ele>5.6</ele>
        <time>2023-06-18T11:06:09Z</time>
      </trkpt>
      <trkpt lat="22.52226" lon="113.955694">
        <ele>5.6</ele>
        <time>2023-06-18T11:06:10Z</time>
      </trkpt>
      <trkpt lat="22.522285" lon="113.955676">
        <ele>5.6</ele>
        <time>2023-06-18T11:06:11Z</time>
      </trkpt>
      <trkpt lat="22.522314" lon="113.955636">
        <ele>5.6</ele>
        <time>2023-06-18T11:06:12Z</time>
      </trkpt>
      <trkpt lat="22.522337" lon="113.955589">
        <ele>5.6</ele>
        <time>2023-06-18T11:06:13Z</time>
      </trkpt>
      <trkpt lat="22.522369" lon="113.95553">
        <ele>5.6</ele>
        <time>2023-06-18T11:06:14Z</time>
      </trkpt>
      <trkpt lat="22.522403" lon="113.955474">
        <ele>5.6</ele>
        <time>2023-06-18T11:06:15Z</time>
      </trkpt>
      <trkpt lat="22.522426" lon="113.955417">
        <ele>5.6</ele>
        <time>2023-06-18T11:06:16Z</time>
      </trkpt>
      <trkpt lat="22.522451" lon="113.955376">
        <ele>5.6</ele>
        <time>2023-06-18T11:06:17Z</time>
      </trkpt>
      <trkpt lat="22.522474" lon="113.955327">
        <ele>5.6</ele>
        <time>2023-06-18T11:06:18Z</time>
      </trkpt>
      <trkpt lat="22.522497" lon="113.955278">
        <ele>5.6</ele>
        <time>2023-06-18T11:06:19Z</time>
      </trkpt>
      <trkpt lat="22.522521" lon="113.955228">
        <ele>5.6</ele>
        <time>2023-06-18T11:06:20Z</time>
      </trkpt>
      <trkpt lat="22.522543" lon="113.955179">
        <ele>5.6</ele>
        <time>2023-06-18T11:06:21Z</time>
      </trkpt>
      <trkpt lat="22.522563" lon="113.955131">
        <ele>5.6</ele>
        <time>2023-06-18T11:06:22Z</time>
      </trkpt>
      <trkpt lat="22.522583" lon="113.955083">
        <ele>5.6</ele>
        <time>2023-06-18T11:06:23Z</time>
      </trkpt>
      <trkpt lat="22.522602" lon="113.955033">
        <ele>5.6</ele>
        <time>2023-06-18T11:06:24Z</time>
      </trkpt>
      <trkpt lat="22.522619" lon="113.954971">
        <ele>5.7</ele>
        <time>2023-06-18T11:06:25Z</time>
      </trkpt>
      <trkpt lat="22.522632" lon="113.954908">
        <ele>5.7</ele>
        <time>2023-06-18T11:06:26Z</time>
      </trkpt>
      <trkpt lat="22.522646" lon="113.954845">
        <ele>5.7</ele>
        <time>2023-06-18T11:06:27Z</time>
      </trkpt>
      <trkpt lat="22.522659" lon="113.954783">
        <ele>5.7</ele>
        <time>2023-06-18T11:06:28Z</time>
      </trkpt>
      <trkpt lat="22.522672" lon="113.954718">
        <ele>5.7</ele>
        <time>2023-06-18T11:06:29Z</time>
      </trkpt>
      <trkpt lat="22.522685" lon="113.954642">
        <ele>5.7</ele>
        <time>2023-06-18T11:06:30Z</time>
      </trkpt>
      <trkpt lat="22.52269" lon="113.954581">
        <ele>5.7</ele>
        <time>2023-06-18T11:06:31Z</time>
      </trkpt>
      <trkpt lat="22.522691" lon="113.954518">
        <ele>5.7</ele>
        <time>2023-06-18T11:06:32Z</time>
      </trkpt>
      <trkpt lat="22.522687" lon="113.954451">
        <ele>5.7</ele>
        <time>2023-06-18T11:06:33Z</time>
      </trkpt>
      <trkpt lat="22.522681" lon="113.954384">
        <ele>5.7</ele>
        <time>2023-06-18T11:06:34Z</time>
      </trkpt>
      <trkpt lat="22.522683" lon="113.954322">
        <ele>5.7</ele>
        <time>2023-06-18T11:06:35Z</time>
      </trkpt>
      <trkpt lat="22.522687" lon="113.954261">
        <ele>5.7</ele>
        <time>2023-06-18T11:06:36Z</time>
      </trkpt>
      <trkpt lat="22.5227" lon="113.954186">
        <ele>5.7</ele>
        <time>2023-06-18T11:06:37Z</time>
      </trkpt>
      <trkpt lat="22.522707" lon="113.954117">
        <ele>5.7</ele>
        <time>2023-06-18T11:06:38Z</time>
      </trkpt>
      <trkpt lat="22.522724" lon="113.954056">
        <ele>5.8</ele>
        <time>2023-06-18T11:06:39Z</time>
      </trkpt>
      <trkpt lat="22.522736" lon="113.953997">
        <ele>5.8</ele>
        <time>2023-06-18T11:06:40Z</time>
      </trkpt>
      <trkpt lat="22.522752" lon="113.953949">
        <ele>5.8</ele>
        <time>2023-06-18T11:06:41Z</time>
      </trkpt>
      <trkpt lat="22.522762" lon="113.953889">
        <ele>5.7</ele>
        <time>2023-06-18T11:06:42Z</time>
      </trkpt>
      <trkpt lat="22.522779" lon="113.953821">
        <ele>5.7</ele>
        <time>2023-06-18T11:06:43Z</time>
      </trkpt>
      <trkpt lat="22.522788" lon="113.953767">
        <ele>5.7</ele>
        <time>2023-06-18T11:06:44Z</time>
      </trkpt>
      <trkpt lat="22.522798" lon="113.953715">
        <ele>5.7</ele>
        <time>2023-06-18T11:06:45Z</time>
      </trkpt>
      <trkpt lat="22.522812" lon="113.953667">
        <ele>5.7</ele>
        <time>2023-06-18T11:06:46Z</time>
      </trkpt>
      <trkpt lat="22.522826" lon="113.953609">
        <ele>5.7</ele>
        <time>2023-06-18T11:06:47Z</time>
      </trkpt>
      <trkpt lat="22.52284" lon="113.95355">
        <ele>5.7</ele>
        <time>2023-06-18T11:06:48Z</time>
      </trkpt>
      <trkpt lat="22.522854" lon="113.953493">
        <ele>5.7</ele>
        <time>2023-06-18T11:06:49Z</time>
      </trkpt>
      <trkpt lat="22.522872" lon="113.953446">
        <ele>5.7</ele>
        <time>2023-06-18T11:06:50Z</time>
      </trkpt>
      <trkpt lat="22.522878" lon="113.953393">
        <ele>5.7</ele>
        <time>2023-06-18T11:06:51Z</time>
      </trkpt>
      <trkpt lat="22.522876" lon="113.953341">
        <ele>5.7</ele>
        <time>2023-06-18T11:06:52Z</time>
      </trkpt>
      <trkpt lat="22.522866" lon="113.953287">
        <ele>5.7</ele>
        <time>2023-06-18T11:06:53Z</time>
      </trkpt>
      <trkpt lat="22.522858" lon="113.953225">
        <ele>5.7</ele>
        <time>2023-06-18T11:06:54Z</time>
      </trkpt>
      <trkpt lat="22.522849" lon="113.953163">
        <ele>5.7</ele>
        <time>2023-06-18T11:06:55Z</time>
      </trkpt>
      <trkpt lat="22.522842" lon="113.953095">
        <ele>5.7</ele>
        <time>2023-06-18T11:06:56Z</time>
      </trkpt>
      <trkpt lat="22.522836" lon="113.953035">
        <ele>5.7</ele>
        <time>2023-06-18T11:06:57Z</time>
      </trkpt>
      <trkpt lat="22.522826" lon="113.952983">
        <ele>5.6</ele>
        <time>2023-06-18T11:06:58Z</time>
      </trkpt>
      <trkpt lat="22.52281" lon="113.952933">
        <ele>5.6</ele>
        <time>2023-06-18T11:06:59Z</time>
      </trkpt>
      <trkpt lat="22.522794" lon="113.952883">
        <ele>5.6</ele>
        <time>2023-06-18T11:07:00Z</time>
      </trkpt>
      <trkpt lat="22.522772" lon="113.952839">
        <ele>5.6</ele>
        <time>2023-06-18T11:07:01Z</time>
      </trkpt>
      <trkpt lat="22.522736" lon="113.952799">
        <ele>5.6</ele>
        <time>2023-06-18T11:07:02Z</time>
      </trkpt>
      <trkpt lat="22.522694" lon="113.952755">
        <ele>5.6</ele>
        <time>2023-06-18T11:07:03Z</time>
      </trkpt>
      <trkpt lat="22.522638" lon="113.952723">
        <ele>5.6</ele>
        <time>2023-06-18T11:07:04Z</time>
      </trkpt>
      <trkpt lat="22.522586" lon="113.952685">
        <ele>5.6</ele>
        <time>2023-06-18T11:07:05Z</time>
      </trkpt>
      <trkpt lat="22.522536" lon="113.95265">
        <ele>5.6</ele>
        <time>2023-06-18T11:07:06Z</time>
      </trkpt>
      <trkpt lat="22.522488" lon="113.952626">
        <ele>5.6</ele>
        <time>2023-06-18T11:07:07Z</time>
      </trkpt>
      <trkpt lat="22.522443" lon="113.952596">
        <ele>5.6</ele>
        <time>2023-06-18T11:07:08Z</time>
      </trkpt>
      <trkpt lat="22.522401" lon="113.952565">
        <ele>5.6</ele>
        <time>2023-06-18T11:07:09Z</time>
      </trkpt>
      <trkpt lat="22.522353" lon="113.952534">
        <ele>5.6</ele>
        <time>2023-06-18T11:07:10Z</time>
      </trkpt>
      <trkpt lat="22.522314" lon="113.952504">
        <ele>5.6</ele>
        <time>2023-06-18T11:07:11Z</time>
      </trkpt>
      <trkpt lat="22.522274" lon="113.952471">
        <ele>5.6</ele>
        <time>2023-06-18T11:07:12Z</time>
      </trkpt>
      <trkpt lat="22.522242" lon="113.952427">
        <ele>5.6</ele>
        <time>2023-06-18T11:07:13Z</time>
      </trkpt>
      <trkpt lat="22.522209" lon="113.952387">
        <ele>5.6</ele>
        <time>2023-06-18T11:07:14Z</time>
      </trkpt>
      <trkpt lat="22.522177" lon="113.952342">
        <ele>5.6</ele>
        <time>2023-06-18T11:07:15Z</time>
      </trkpt>
      <trkpt lat="22.522145" lon="113.952296">
        <ele>5.6</ele>
        <time>2023-06-18T11:07:16Z</time>
      </trkpt>
      <trkpt lat="22.522119" lon="113.95225">
        <ele>5.6</ele>
        <time>2023-06-18T11:07:17Z</time>
      </trkpt>
      <trkpt lat="22.522097" lon="113.952204">
        <ele>5.6</ele>
        <time>2023-06-18T11:07:18Z</time>
      </trkpt>
      <trkpt lat="22.522082" lon="113.952158">
        <ele>5.6</ele>
        <time>2023-06-18T11:07:19Z</time>
      </trkpt>
      <trkpt lat="22.522069" lon="113.952105">
        <ele>5.6</ele>
        <time>2023-06-18T11:07:20Z</time>
      </trkpt>
      <trkpt lat="22.522059" lon="113.952059">
        <ele>5.6</ele>
        <time>2023-06-18T11:07:21Z</time>
      </trkpt>
      <trkpt lat="22.522065" lon="113.952012">
        <ele>5.6</ele>
        <time>2023-06-18T11:07:22Z</time>
      </trkpt>
      <trkpt lat="22.522071" lon="113.95196">
        <ele>5.6</ele>
        <time>2023-06-18T11:07:23Z</time>
      </trkpt>
      <trkpt lat="22.522077" lon="113.951913">
        <ele>5.7</ele>
        <time>2023-06-18T11:07:24Z</time>
      </trkpt>
      <trkpt lat="22.522086" lon="113.951862">
        <ele>5.7</ele>
        <time>2023-06-18T11:07:25Z</time>
      </trkpt>
      <trkpt lat="22.522095" lon="113.951823">
        <ele>5.7</ele>
        <time>2023-06-18T11:07:26Z</time>
      </trkpt>
      <trkpt lat="22.522099" lon="113.951781">
        <ele>5.7</ele>
        <time>2023-06-18T11:07:27Z</time>
      </trkpt>
      <trkpt lat="22.522106" lon="113.951735">
        <ele>5.7</ele>
        <time>2023-06-18T11:07:28Z</time>
      </trkpt>
      <trkpt lat="22.522133" lon="113.951664">
        <ele>5.7</ele>
        <time>2023-06-18T11:07:29Z</time>
      </trkpt>
      <trkpt lat="22.522145" lon="113.95163">
        <ele>5.7</ele>
        <time>2023-06-18T11:07:30Z</time>
      </trkpt>
      <trkpt lat="22.522152" lon="113.95158">
        <ele>5.7</ele>
        <time>2023-06-18T11:07:31Z</time>
      </trkpt>
      <trkpt lat="22.522171" lon="113.951541">
        <ele>5.7</ele>
        <time>2023-06-18T11:07:32Z</time>
      </trkpt>
      <trkpt lat="22.522194" lon="113.951495">
        <ele>5.7</ele>
        <time>2023-06-18T11:07:33Z</time>
      </trkpt>
      <trkpt lat="22.522213" lon="113.951449">
        <ele>5.7</ele>
        <time>2023-06-18T11:07:34Z</time>
      </trkpt>
      <trkpt lat="22.522229" lon="113.951404">
        <ele>5.7</ele>
        <time>2023-06-18T11:07:35Z</time>
      </trkpt>
      <trkpt lat="22.52225" lon="113.951366">
        <ele>5.8</ele>
        <time>2023-06-18T11:07:36Z</time>
      </trkpt>
      <trkpt lat="22.522272" lon="113.951328">
        <ele>5.8</ele>
        <time>2023-06-18T11:07:37Z</time>
      </trkpt>
      <trkpt lat="22.522299" lon="113.951289">
        <ele>5.8</ele>
        <time>2023-06-18T11:07:38Z</time>
      </trkpt>
      <trkpt lat="22.522316" lon="113.951252">
        <ele>5.8</ele>
        <time>2023-06-18T11:07:39Z</time>
      </trkpt>
      <trkpt lat="22.522336" lon="113.951223">
        <ele>5.8</ele>
        <time>2023-06-18T11:07:40Z</time>
      </trkpt>
      <trkpt lat="22.522366" lon="113.951197">
        <ele>5.8</ele>
        <time>2023-06-18T11:07:41Z</time>
      </trkpt>
      <trkpt lat="22.522395" lon="113.951152">
        <ele>5.8</ele>
        <time>2023-06-18T11:07:42Z</time>
      </trkpt>
      <trkpt lat="22.522411" lon="113.951115">
        <ele>5.8</ele>
        <time>2023-06-18T11:07:43Z</time>
      </trkpt>
      <trkpt lat="22.522419" lon="113.951085">
        <ele>5.8</ele>
        <time>2023-06-18T11:07:44Z</time>
      </trkpt>
      <trkpt lat="22.522423" lon="113.951062">
        <ele>5.8</ele>
        <time>2023-06-18T11:07:45Z</time>
      </trkpt>
      <trkpt lat="22.522422" lon="113.951032">
        <ele>5.8</ele>
        <time>2023-06-18T11:07:46Z</time>
      </trkpt>
      <trkpt lat="22.522417" lon="113.951009">
        <ele>5.8</ele>
        <time>2023-06-18T11:07:47Z</time>
      </trkpt>
      <trkpt lat="22.522413" lon="113.950988">
        <ele>5.8</ele>
        <time>2023-06-18T11:07:48Z</time>
      </trkpt>
      <trkpt lat="22.522408" lon="113.950979">
        <ele>5.8</ele>
        <time>2023-06-18T11:07:49Z</time>
      </trkpt>
      <trkpt lat="22.522412" lon="113.950963">
        <ele>5.8</ele>
        <time>2023-06-18T11:07:50Z</time>
      </trkpt>
      <trkpt lat="22.522419" lon="113.950939">
        <ele>5.8</ele>
        <time>2023-06-18T11:07:51Z</time>
      </trkpt>
      <trkpt lat="22.522423" lon="113.9509">
        <ele>5.8</ele>
        <time>2023-06-18T11:07:52Z</time>
      </trkpt>
      <trkpt lat="22.522422" lon="113.950861">
        <ele>5.9</ele>
        <time>2023-06-18T11:07:53Z</time>
      </trkpt>
      <trkpt lat="22.522419" lon="113.950819">
        <ele>5.9</ele>
        <time>2023-06-18T11:07:54Z</time>
      </trkpt>
      <trkpt lat="22.522425" lon="113.950795">
        <ele>5.9</ele>
        <time>2023-06-18T11:07:55Z</time>
      </trkpt>
      <trkpt lat="22.522427" lon="113.950763">
        <ele>5.9</ele>
        <time>2023-06-18T11:07:56Z</time>
      </trkpt>
      <trkpt lat="22.522429" lon="113.950726">
        <ele>5.9</ele>
        <time>2023-06-18T11:07:57Z</time>
      </trkpt>
      <trkpt lat="22.522434" lon="113.950694">
        <ele>5.9</ele>
        <time>2023-06-18T11:07:58Z</time>
      </trkpt>
      <trkpt lat="22.522436" lon="113.950655">
        <ele>5.9</ele>
        <time>2023-06-18T11:07:59Z</time>
      </trkpt>
      <trkpt lat="22.522439" lon="113.950618">
        <ele>5.9</ele>
        <time>2023-06-18T11:08:00Z</time>
      </trkpt>
      <trkpt lat="22.522446" lon="113.950587">
        <ele>5.9</ele>
        <time>2023-06-18T11:08:01Z</time>
      </trkpt>
      <trkpt lat="22.522438" lon="113.950549">
        <ele>5.9</ele>
        <time>2023-06-18T11:08:02Z</time>
      </trkpt>
      <trkpt lat="22.522433" lon="113.950511">
        <ele>5.9</ele>
        <time>2023-06-18T11:08:03Z</time>
      </trkpt>
      <trkpt lat="22.522424" lon="113.950473">
        <ele>5.9</ele>
        <time>2023-06-18T11:08:04Z</time>
      </trkpt>
      <trkpt lat="22.522415" lon="113.950433">
        <ele>5.9</ele>
        <time>2023-06-18T11:08:05Z</time>
      </trkpt>
      <trkpt lat="22.5224" lon="113.950388">
        <ele>5.9</ele>
        <time>2023-06-18T11:08:06Z</time>
      </trkpt>
      <trkpt lat="22.522385" lon="113.950333">
        <ele>5.9</ele>
        <time>2023-06-18T11:08:07Z</time>
      </trkpt>
      <trkpt lat="22.522372" lon="113.950282">
        <ele>5.9</ele>
        <time>2023-06-18T11:08:08Z</time>
      </trkpt>
      <trkpt lat="22.522362" lon="113.950236">
        <ele>5.9</ele>
        <time>2023-06-18T11:08:09Z</time>
      </trkpt>
      <trkpt lat="22.522349" lon="113.950191">
        <ele>5.9</ele>
        <time>2023-06-18T11:08:10Z</time>
      </trkpt>
      <trkpt lat="22.522337" lon="113.950153">
        <ele>5.9</ele>
        <time>2023-06-18T11:08:11Z</time>
      </trkpt>
      <trkpt lat="22.522322" lon="113.950111">
        <ele>5.9</ele>
        <time>2023-06-18T11:08:12Z</time>
      </trkpt>
      <trkpt lat="22.522304" lon="113.950068">
        <ele>5.9</ele>
        <time>2023-06-18T11:08:13Z</time>
      </trkpt>
      <trkpt lat="22.522279" lon="113.950029">
        <ele>5.9</ele>
        <time>2023-06-18T11:08:14Z</time>
      </trkpt>
      <trkpt lat="22.522249" lon="113.949985">
        <ele>5.9</ele>
        <time>2023-06-18T11:08:15Z</time>
      </trkpt>
      <trkpt lat="22.52221" lon="113.949938">
        <ele>5.9</ele>
        <time>2023-06-18T11:08:16Z</time>
      </trkpt>
      <trkpt lat="22.522183" lon="113.949893">
        <ele>5.9</ele>
        <time>2023-06-18T11:08:17Z</time>
      </trkpt>
      <trkpt lat="22.522154" lon="113.949854">
        <ele>5.8</ele>
        <time>2023-06-18T11:08:18Z</time>
      </trkpt>
      <trkpt lat="22.522124" lon="113.94981">
        <ele>5.8</ele>
        <time>2023-06-18T11:08:19Z</time>
      </trkpt>
      <trkpt lat="22.522092" lon="113.949771">
        <ele>5.8</ele>
        <time>2023-06-18T11:08:20Z</time>
      </trkpt>
      <trkpt lat="22.522064" lon="113.949735">
        <ele>5.8</ele>
        <time>2023-06-18T11:08:21Z</time>
      </trkpt>
      <trkpt lat="22.522043" lon="113.949712">
        <ele>5.8</ele>
        <time>2023-06-18T11:08:22Z</time>
      </trkpt>
      <trkpt lat="22.522025" lon="113.949691">
        <ele>5.8</ele>
        <time>2023-06-18T11:08:23Z</time>
      </trkpt>
      <trkpt lat="22.522013" lon="113.949683">
        <ele>5.8</ele>
        <time>2023-06-18T11:08:24Z</time>
      </trkpt>
      <trkpt lat="22.522002" lon="113.949675">
        <ele>5.8</ele>
        <time>2023-06-18T11:08:25Z</time>
      </trkpt>
      <trkpt lat="22.521993" lon="113.94966">
        <ele>5.8</ele>
        <time>2023-06-18T11:08:26Z</time>
      </trkpt>
      <trkpt lat="22.521986" lon="113.949644">
        <ele>5.8</ele>
        <time>2023-06-18T11:08:27Z</time>
      </trkpt>
      <trkpt lat="22.521985" lon="113.949629">
        <ele>5.8</ele>
        <time>2023-06-18T11:08:28Z</time>
      </trkpt>
      <trkpt lat="22.521998" lon="113.949614">
        <ele>5.8</ele>
        <time>2023-06-18T11:08:29Z</time>
      </trkpt>
      <trkpt lat="22.52203" lon="113.949599">
        <ele>5.8</ele>
        <time>2023-06-18T11:08:30Z</time>
      </trkpt>
      <trkpt lat="22.522051" lon="113.949583">
        <ele>5.8</ele>
        <time>2023-06-18T11:08:31Z</time>
      </trkpt>
      <trkpt lat="22.522084" lon="113.949568">
        <ele>5.8</ele>
        <time>2023-06-18T11:08:32Z</time>
      </trkpt>
      <trkpt lat="22.522113" lon="113.949554">
        <ele>5.8</ele>
        <time>2023-06-18T11:08:33Z</time>
      </trkpt>
      <trkpt lat="22.522156" lon="113.949553">
        <ele>5.8</ele>
        <time>2023-06-18T11:08:34Z</time>
      </trkpt>
      <trkpt lat="22.522197" lon="113.949537">
        <ele>5.8</ele>
        <time>2023-06-18T11:08:35Z</time>
      </trkpt>
      <trkpt lat="22.522236" lon="113.949515">
        <ele>5.8</ele>
        <time>2023-06-18T11:08:36Z</time>
      </trkpt>
      <trkpt lat="22.522274" lon="113.949499">
        <ele>5.8</ele>
        <time>2023-06-18T11:08:37Z</time>
      </trkpt>
      <trkpt lat="22.522306" lon="113.949484">
        <ele>5.8</ele>
        <time>2023-06-18T11:08:38Z</time>
      </trkpt>
      <trkpt lat="22.522341" lon="113.949469">
        <ele>5.8</ele>
        <time>2023-06-18T11:08:39Z</time>
      </trkpt>
      <trkpt lat="22.522378" lon="113.949454">
        <ele>5.8</ele>
        <time>2023-06-18T11:08:40Z</time>
      </trkpt>
      <trkpt lat="22.522414" lon="113.949447">
        <ele>5.8</ele>
        <time>2023-06-18T11:08:41Z</time>
      </trkpt>
      <trkpt lat="22.522455" lon="113.94944">
        <ele>5.8</ele>
        <time>2023-06-18T11:08:42Z</time>
      </trkpt>
      <trkpt lat="22.52249" lon="113.949439">
        <ele>5.8</ele>
        <time>2023-06-18T11:08:43Z</time>
      </trkpt>
      <trkpt lat="22.52254" lon="113.949431">
        <ele>5.8</ele>
        <time>2023-06-18T11:08:44Z</time>
      </trkpt>
      <trkpt lat="22.522591" lon="113.949425">
        <ele>5.8</ele>
        <time>2023-06-18T11:08:45Z</time>
      </trkpt>
      <trkpt lat="22.522635" lon="113.949425">
        <ele>5.8</ele>
        <time>2023-06-18T11:08:46Z</time>
      </trkpt>
      <trkpt lat="22.522671" lon="113.949425">
        <ele>5.8</ele>
        <time>2023-06-18T11:08:47Z</time>
      </trkpt>
      <trkpt lat="22.522701" lon="113.949425">
        <ele>5.8</ele>
        <time>2023-06-18T11:08:48Z</time>
      </trkpt>
      <trkpt lat="22.522737" lon="113.949424">
        <ele>5.8</ele>
        <time>2023-06-18T11:08:49Z</time>
      </trkpt>
      <trkpt lat="22.52277" lon="113.949419">
        <ele>5.8</ele>
        <time>2023-06-18T11:08:50Z</time>
      </trkpt>
      <trkpt lat="22.522804" lon="113.949414">
        <ele>5.7</ele>
        <time>2023-06-18T11:08:51Z</time>
      </trkpt>
      <trkpt lat="22.522837" lon="113.949408">
        <ele>5.7</ele>
        <time>2023-06-18T11:08:52Z</time>
      </trkpt>
      <trkpt lat="22.522871" lon="113.949393">
        <ele>5.7</ele>
        <time>2023-06-18T11:08:53Z</time>
      </trkpt>
      <trkpt lat="22.522903" lon="113.949386">
        <ele>5.7</ele>
        <time>2023-06-18T11:08:54Z</time>
      </trkpt>
      <trkpt lat="22.522932" lon="113.949379">
        <ele>5.7</ele>
        <time>2023-06-18T11:08:55Z</time>
      </trkpt>
      <trkpt lat="22.522966" lon="113.949379">
        <ele>5.7</ele>
        <time>2023-06-18T11:08:56Z</time>
      </trkpt>
      <trkpt lat="22.522995" lon="113.949379">
        <ele>5.7</ele>
        <time>2023-06-18T11:08:57Z</time>
      </trkpt>
      <trkpt lat="22.523025" lon="113.949379">
        <ele>5.7</ele>
        <time>2023-06-18T11:08:58Z</time>
      </trkpt>
      <trkpt lat="22.523054" lon="113.94938">
        <ele>5.7</ele>
        <time>2023-06-18T11:08:59Z</time>
      </trkpt>
      <trkpt lat="22.523078" lon="113.949391">
        <ele>5.7</ele>
        <time>2023-06-18T11:09:00Z</time>
      </trkpt>
      <trkpt lat="22.523099" lon="113.949421">
        <ele>5.6</ele>
        <time>2023-06-18T11:09:01Z</time>
      </trkpt>
      <trkpt lat="22.523124" lon="113.949451">
        <ele>5.6</ele>
        <time>2023-06-18T11:09:02Z</time>
      </trkpt>
      <trkpt lat="22.523142" lon="113.949473">
        <ele>5.6</ele>
        <time>2023-06-18T11:09:03Z</time>
      </trkpt>
      <trkpt lat="22.523156" lon="113.949488">
        <ele>5.6</ele>
        <time>2023-06-18T11:09:04Z</time>
      </trkpt>
      <trkpt lat="22.523176" lon="113.949511">
        <ele>5.6</ele>
        <time>2023-06-18T11:09:05Z</time>
      </trkpt>
      <trkpt lat="22.523207" lon="113.949532">
        <ele>5.6</ele>
        <time>2023-06-18T11:09:06Z</time>
      </trkpt>
      <trkpt lat="22.523227" lon="113.949539">
        <ele>5.6</ele>
        <time>2023-06-18T11:09:07Z</time>
      </trkpt>
      <trkpt lat="22.523252" lon="113.949538">
        <ele>5.6</ele>
        <time>2023-06-18T11:09:08Z</time>
      </trkpt>
      <trkpt lat="22.523266" lon="113.94953">
        <ele>5.6</ele>
        <time>2023-06-18T11:09:09Z</time>
      </trkpt>
      <trkpt lat="22.523268" lon="113.949514">
        <ele>5.6</ele>
        <time>2023-06-18T11:09:10Z</time>
      </trkpt>
      <trkpt lat="22.523255" lon="113.949491">
        <ele>5.6</ele>
        <time>2023-06-18T11:09:11Z</time>
      </trkpt>
      <trkpt lat="22.523241" lon="113.949475">
        <ele>5.5</ele>
        <time>2023-06-18T11:09:12Z</time>
      </trkpt>
      <trkpt lat="22.523221" lon="113.949446">
        <ele>5.5</ele>
        <time>2023-06-18T11:09:13Z</time>
      </trkpt>
      <trkpt lat="22.523193" lon="113.949429">
        <ele>5.5</ele>
        <time>2023-06-18T11:09:14Z</time>
      </trkpt>
      <trkpt lat="22.523162" lon="113.949407">
        <ele>5.5</ele>
        <time>2023-06-18T11:09:15Z</time>
      </trkpt>
      <trkpt lat="22.52313" lon="113.949393">
        <ele>5.5</ele>
        <time>2023-06-18T11:09:16Z</time>
      </trkpt>
      <trkpt lat="22.523093" lon="113.949377">
        <ele>5.5</ele>
        <time>2023-06-18T11:09:17Z</time>
      </trkpt>
      <trkpt lat="22.523055" lon="113.949362">
        <ele>5.5</ele>
        <time>2023-06-18T11:09:18Z</time>
      </trkpt>
      <trkpt lat="22.523021" lon="113.949348">
        <ele>5.5</ele>
        <time>2023-06-18T11:09:19Z</time>
      </trkpt>
      <trkpt lat="22.522982" lon="113.949344">
        <ele>5.5</ele>
        <time>2023-06-18T11:09:20Z</time>
      </trkpt>
      <trkpt lat="22.522942" lon="113.949342">
        <ele>5.4</ele>
        <time>2023-06-18T11:09:21Z</time>
      </trkpt>
      <trkpt lat="22.522903" lon="113.949349">
        <ele>5.4</ele>
        <time>2023-06-18T11:09:22Z</time>
      </trkpt>
      <trkpt lat="22.522862" lon="113.949355">
        <ele>5.4</ele>
        <time>2023-06-18T11:09:23Z</time>
      </trkpt>
      <trkpt lat="22.522818" lon="113.949349">
        <ele>5.4</ele>
        <time>2023-06-18T11:09:24Z</time>
      </trkpt>
      <trkpt lat="22.52278" lon="113.949354">
        <ele>5.4</ele>
        <time>2023-06-18T11:09:25Z</time>
      </trkpt>
      <trkpt lat="22.522741" lon="113.949359">
        <ele>5.4</ele>
        <time>2023-06-18T11:09:26Z</time>
      </trkpt>
      <trkpt lat="22.522702" lon="113.949364">
        <ele>5.4</ele>
        <time>2023-06-18T11:09:27Z</time>
      </trkpt>
      <trkpt lat="22.52266" lon="113.949364">
        <ele>5.3</ele>
        <time>2023-06-18T11:09:28Z</time>
      </trkpt>
      <trkpt lat="22.52262" lon="113.949365">
        <ele>5.3</ele>
        <time>2023-06-18T11:09:29Z</time>
      </trkpt>
      <trkpt lat="22.522577" lon="113.949373">
        <ele>5.3</ele>
        <time>2023-06-18T11:09:30Z</time>
      </trkpt>
      <trkpt lat="22.522525" lon="113.949387">
        <ele>5.3</ele>
        <time>2023-06-18T11:09:31Z</time>
      </trkpt>
      <trkpt lat="22.522464" lon="113.949395">
        <ele>5.3</ele>
        <time>2023-06-18T11:09:32Z</time>
      </trkpt>
      <trkpt lat="22.522411" lon="113.949403">
        <ele>5.3</ele>
        <time>2023-06-18T11:09:33Z</time>
      </trkpt>
      <trkpt lat="22.522353" lon="113.949418">
        <ele>5.2</ele>
        <time>2023-06-18T11:09:34Z</time>
      </trkpt>
      <trkpt lat="22.522312" lon="113.949427">
        <ele>5.2</ele>
        <time>2023-06-18T11:09:35Z</time>
      </trkpt>
      <trkpt lat="22.52228" lon="113.949448">
        <ele>5.2</ele>
        <time>2023-06-18T11:09:36Z</time>
      </trkpt>
      <trkpt lat="22.522248" lon="113.949447">
        <ele>5.2</ele>
        <time>2023-06-18T11:09:37Z</time>
      </trkpt>
      <trkpt lat="22.522224" lon="113.949439">
        <ele>5.2</ele>
        <time>2023-06-18T11:09:38Z</time>
      </trkpt>
      <trkpt lat="22.522206" lon="113.94943">
        <ele>5.2</ele>
        <time>2023-06-18T11:09:39Z</time>
      </trkpt>
      <trkpt lat="22.522193" lon="113.949408">
        <ele>5.2</ele>
        <time>2023-06-18T11:09:40Z</time>
      </trkpt>
      <trkpt lat="22.522181" lon="113.949392">
        <ele>5.2</ele>
        <time>2023-06-18T11:09:41Z</time>
      </trkpt>
      <trkpt lat="22.522172" lon="113.949369">
        <ele>5.1</ele>
        <time>2023-06-18T11:09:42Z</time>
      </trkpt>
      <trkpt lat="22.52216" lon="113.949346">
        <ele>5.1</ele>
        <time>2023-06-18T11:09:43Z</time>
      </trkpt>
      <trkpt lat="22.522144" lon="113.949324">
        <ele>5.1</ele>
        <time>2023-06-18T11:09:44Z</time>
      </trkpt>
      <trkpt lat="22.522121" lon="113.949309">
        <ele>5.1</ele>
        <time>2023-06-18T11:09:45Z</time>
      </trkpt>
      <trkpt lat="22.5221" lon="113.949293">
        <ele>5.1</ele>
        <time>2023-06-18T11:09:46Z</time>
      </trkpt>
      <trkpt lat="22.522081" lon="113.949277">
        <ele>5.1</ele>
        <time>2023-06-18T11:09:47Z</time>
      </trkpt>
      <trkpt lat="22.522069" lon="113.949263">
        <ele>5.1</ele>
        <time>2023-06-18T11:09:48Z</time>
      </trkpt>
      <trkpt lat="22.522061" lon="113.949254">
        <ele>5.1</ele>
        <time>2023-06-18T11:09:49Z</time>
      </trkpt>
      <trkpt lat="22.522061" lon="113.949254">
        <ele>5.1</ele>
        <time>2023-06-18T11:09:50Z</time>
      </trkpt>
      <trkpt lat="22.522061" lon="113.949254">
        <ele>5.1</ele>
        <time>2023-06-18T11:09:51Z</time>
      </trkpt>
      <trkpt lat="22.522061" lon="113.949254">
        <ele>5.1</ele>
        <time>2023-06-18T11:09:52Z</time>
      </trkpt>
      <trkpt lat="22.522061" lon="113.949254">
        <ele>5.1</ele>
        <time>2023-06-18T11:09:53Z</time>
      </trkpt>
      <trkpt lat="22.522061" lon="113.949254">
        <ele>5.1</ele>
        <time>2023-06-18T11:09:54Z</time>
      </trkpt>
      <trkpt lat="22.522061" lon="113.949254">
        <ele>5.1</ele>
        <time>2023-06-18T11:09:57Z</time>
      </trkpt>
      <trkpt lat="22.522061" lon="113.949254">
        <ele>5.1</ele>
        <time>2023-06-18T11:10:06Z</time>
      </trkpt>
      <trkpt lat="22.522061" lon="113.949254">
        <ele>5.1</ele>
        <time>2023-06-18T11:10:12Z</time>
      </trkpt>
      <trkpt lat="22.522061" lon="113.949254">
        <ele>5.1</ele>
        <time>2023-06-18T11:10:14Z</time>
      </trkpt>
      <trkpt lat="22.522061" lon="113.949254">
        <ele>5.1</ele>
        <time>2023-06-18T11:10:16Z</time>
      </trkpt>
      <trkpt lat="22.522061" lon="113.949254">
        <ele>5.1</ele>
        <time>2023-06-18T11:10:23Z</time>
      </trkpt>
      <trkpt lat="22.522061" lon="113.949254">
        <ele>5.1</ele>
        <time>2023-06-18T11:10:25Z</time>
      </trkpt>
      <trkpt lat="22.522061" lon="113.949254">
        <ele>5.1</ele>
        <time>2023-06-18T11:10:28Z</time>
      </trkpt>
      <trkpt lat="22.522061" lon="113.949254">
        <ele>5.1</ele>
        <time>2023-06-18T11:10:30Z</time>
      </trkpt>
      <trkpt lat="22.522061" lon="113.949254">
        <ele>5.1</ele>
        <time>2023-06-18T11:10:33Z</time>
      </trkpt>
      <trkpt lat="22.522061" lon="113.949254">
        <ele>5.1</ele>
        <time>2023-06-18T11:10:40Z</time>
      </trkpt>
      <trkpt lat="22.522061" lon="113.949254">
        <ele>5.1</ele>
        <time>2023-06-18T11:10:41Z</time>
      </trkpt>
      <trkpt lat="22.522061" lon="113.949254">
        <ele>5.1</ele>
        <time>2023-06-18T11:10:42Z</time>
      </trkpt>
      <trkpt lat="22.522061" lon="113.949254">
        <ele>5.1</ele>
        <time>2023-06-18T11:10:43Z</time>
      </trkpt>
      <trkpt lat="22.522061" lon="113.949254">
        <ele>5.1</ele>
        <time>2023-06-18T11:10:46Z</time>
      </trkpt>
      <trkpt lat="22.522061" lon="113.949254">
        <ele>5.1</ele>
        <time>2023-06-18T11:10:49Z</time>
      </trkpt>
      <trkpt lat="22.522061" lon="113.949254">
        <ele>5.1</ele>
        <time>2023-06-18T11:10:50Z</time>
      </trkpt>
      <trkpt lat="22.522061" lon="113.949254">
        <ele>5.1</ele>
        <time>2023-06-18T11:10:51Z</time>
      </trkpt>
      <trkpt lat="22.522061" lon="113.949254">
        <ele>5.1</ele>
        <time>2023-06-18T11:10:52Z</time>
      </trkpt>
      <trkpt lat="22.522061" lon="113.949254">
        <ele>5.1</ele>
        <time>2023-06-18T11:10:53Z</time>
      </trkpt>
      <trkpt lat="22.522061" lon="113.949254">
        <ele>5.1</ele>
        <time>2023-06-18T11:10:54Z</time>
      </trkpt>
      <trkpt lat="22.522061" lon="113.949254">
        <ele>5.1</ele>
        <time>2023-06-18T11:10:55Z</time>
      </trkpt>
      <trkpt lat="22.522061" lon="113.949254">
        <ele>5.1</ele>
        <time>2023-06-18T11:10:58Z</time>
      </trkpt>
      <trkpt lat="22.522061" lon="113.949254">
        <ele>5.1</ele>
        <time>2023-06-18T11:11:00Z</time>
      </trkpt>
      <trkpt lat="22.522061" lon="113.949254">
        <ele>5.1</ele>
        <time>2023-06-18T11:11:02Z</time>
      </trkpt>
      <trkpt lat="22.522061" lon="113.949254">
        <ele>5.1</ele>
        <time>2023-06-18T11:11:04Z</time>
      </trkpt>
      <trkpt lat="22.522061" lon="113.949254">
        <ele>5.1</ele>
        <time>2023-06-18T11:11:17Z</time>
      </trkpt>
      <trkpt lat="22.522061" lon="113.949254">
        <ele>5.1</ele>
        <time>2023-06-18T11:11:21Z</time>
      </trkpt>
      <trkpt lat="22.522061" lon="113.949254">
        <ele>5.1</ele>
        <time>2023-06-18T11:11:23Z</time>
      </trkpt>
      <trkpt lat="22.522061" lon="113.949254">
        <ele>5.1</ele>
        <time>2023-06-18T11:11:30Z</time>
      </trkpt>
      <trkpt lat="22.522061" lon="113.949254">
        <ele>5.1</ele>
        <time>2023-06-18T11:11:32Z</time>
      </trkpt>
      <trkpt lat="22.522061" lon="113.949254">
        <ele>5.1</ele>
        <time>2023-06-18T11:11:34Z</time>
      </trkpt>
      <trkpt lat="22.522061" lon="113.949254">
        <ele>5.1</ele>
        <time>2023-06-18T11:11:36Z</time>
      </trkpt>
      <trkpt lat="22.522061" lon="113.949254">
        <ele>5.1</ele>
        <time>2023-06-18T11:11:39Z</time>
      </trkpt>
      <trkpt lat="22.522061" lon="113.949254">
        <ele>5.1</ele>
        <time>2023-06-18T11:11:41Z</time>
      </trkpt>
      <trkpt lat="22.522061" lon="113.949254">
        <ele>5.1</ele>
        <time>2023-06-18T11:11:47Z</time>
      </trkpt>
      <trkpt lat="22.522061" lon="113.949254">
        <ele>5.1</ele>
        <time>2023-06-18T11:11:49Z</time>
      </trkpt>
      <trkpt lat="22.522061" lon="113.949254">
        <ele>5.1</ele>
        <time>2023-06-18T11:12:01Z</time>
      </trkpt>
      <trkpt lat="22.522061" lon="113.949254">
        <ele>5.1</ele>
        <time>2023-06-18T11:12:04Z</time>
      </trkpt>
      <trkpt lat="22.522061" lon="113.949254">
        <ele>5.1</ele>
        <time>2023-06-18T11:12:10Z</time>
      </trkpt>
      <trkpt lat="22.52586" lon="113.949585">
        <ele>4.7</ele>
        <time>2023-06-18T11:12:14Z</time>
      </trkpt>
      <trkpt lat="22.525872" lon="113.949606">
        <ele>4.7</ele>
        <time>2023-06-18T11:12:15Z</time>
      </trkpt>
      <trkpt lat="22.525886" lon="113.949624">
        <ele>4.7</ele>
        <time>2023-06-18T11:12:16Z</time>
      </trkpt>
      <trkpt lat="22.525909" lon="113.949631">
        <ele>4.7</ele>
        <time>2023-06-18T11:12:17Z</time>
      </trkpt>
      <trkpt lat="22.525945" lon="113.949638">
        <ele>4.8</ele>
        <time>2023-06-18T11:12:18Z</time>
      </trkpt>
      <trkpt lat="22.525961" lon="113.949631">
        <ele>4.8</ele>
        <time>2023-06-18T11:12:19Z</time>
      </trkpt>
      <trkpt lat="22.52598" lon="113.949638">
        <ele>4.8</ele>
        <time>2023-06-18T11:12:20Z</time>
      </trkpt>
      <trkpt lat="22.525997" lon="113.949638">
        <ele>4.8</ele>
        <time>2023-06-18T11:12:21Z</time>
      </trkpt>
      <trkpt lat="22.526016" lon="113.949631">
        <ele>4.8</ele>
        <time>2023-06-18T11:12:22Z</time>
      </trkpt>
      <trkpt lat="22.526036" lon="113.949638">
        <ele>4.8</ele>
        <time>2023-06-18T11:12:23Z</time>
      </trkpt>
      <trkpt lat="22.526055" lon="113.949638">
        <ele>4.8</ele>
        <time>2023-06-18T11:12:24Z</time>
      </trkpt>
      <trkpt lat="22.52608" lon="113.949639">
        <ele>4.9</ele>
        <time>2023-06-18T11:12:25Z</time>
      </trkpt>
      <trkpt lat="22.526106" lon="113.949646">
        <ele>4.9</ele>
        <time>2023-06-18T11:12:26Z</time>
      </trkpt>
      <trkpt lat="22.52613" lon="113.949646">
        <ele>4.9</ele>
        <time>2023-06-18T11:12:27Z</time>
      </trkpt>
      <trkpt lat="22.526154" lon="113.949647">
        <ele>4.9</ele>
        <time>2023-06-18T11:12:28Z</time>
      </trkpt>
      <trkpt lat="22.526181" lon="113.949654">
        <ele>4.9</ele>
        <time>2023-06-18T11:12:29Z</time>
      </trkpt>
      <trkpt lat="22.526211" lon="113.949655">
        <ele>4.9</ele>
        <time>2023-06-18T11:12:30Z</time>
      </trkpt>
      <trkpt lat="22.526247" lon="113.94966">
        <ele>5</ele>
        <time>2023-06-18T11:12:31Z</time>
      </trkpt>
      <trkpt lat="22.526294" lon="113.949653">
        <ele>5</ele>
        <time>2023-06-18T11:12:32Z</time>
      </trkpt>
      <trkpt lat="22.526343" lon="113.949646">
        <ele>5</ele>
        <time>2023-06-18T11:12:33Z</time>
      </trkpt>
      <trkpt lat="22.526388" lon="113.949647">
        <ele>5.1</ele>
        <time>2023-06-18T11:12:34Z</time>
      </trkpt>
      <trkpt lat="22.526423" lon="113.949654">
        <ele>5.1</ele>
        <time>2023-06-18T11:12:35Z</time>
      </trkpt>
      <trkpt lat="22.526461" lon="113.949661">
        <ele>5.1</ele>
        <time>2023-06-18T11:12:36Z</time>
      </trkpt>
      <trkpt lat="22.526499" lon="113.949661">
        <ele>5.2</ele>
        <time>2023-06-18T11:12:37Z</time>
      </trkpt>
      <trkpt lat="22.526535" lon="113.94966">
        <ele>5.2</ele>
        <time>2023-06-18T11:12:38Z</time>
      </trkpt>
      <trkpt lat="22.52657" lon="113.949655">
        <ele>5.2</ele>
        <time>2023-06-18T11:12:39Z</time>
      </trkpt>
      <trkpt lat="22.526603" lon="113.949661">
        <ele>5.2</ele>
        <time>2023-06-18T11:12:40Z</time>
      </trkpt>
      <trkpt lat="22.526638" lon="113.949661">
        <ele>5.3</ele>
        <time>2023-06-18T11:12:41Z</time>
      </trkpt>
      <trkpt lat="22.526674" lon="113.94966">
        <ele>5.3</ele>
        <time>2023-06-18T11:12:42Z</time>
      </trkpt>
      <trkpt lat="22.52671" lon="113.949654">
        <ele>5.3</ele>
        <time>2023-06-18T11:12:43Z</time>
      </trkpt>
      <trkpt lat="22.526746" lon="113.949661">
        <ele>5.3</ele>
        <time>2023-06-18T11:12:44Z</time>
      </trkpt>
      <trkpt lat="22.526783" lon="113.94966">
        <ele>5.4</ele>
        <time>2023-06-18T11:12:45Z</time>
      </trkpt>
      <trkpt lat="22.52682" lon="113.949654">
        <ele>5.4</ele>
        <time>2023-06-18T11:12:46Z</time>
      </trkpt>
      <trkpt lat="22.526857" lon="113.949654">
        <ele>5.4</ele>
        <time>2023-06-18T11:12:47Z</time>
      </trkpt>
      <trkpt lat="22.526891" lon="113.949654">
        <ele>5.4</ele>
        <time>2023-06-18T11:12:48Z</time>
      </trkpt>
      <trkpt lat="22.526928" lon="113.949654">
        <ele>5.5</ele>
        <time>2023-06-18T11:12:49Z</time>
      </trkpt>
      <trkpt lat="22.526968" lon="113.949661">
        <ele>5.5</ele>
        <time>2023-06-18T11:12:50Z</time>
      </trkpt>
      <trkpt lat="22.52701" lon="113.949662">
        <ele>5.5</ele>
        <time>2023-06-18T11:12:51Z</time>
      </trkpt>
      <trkpt lat="22.527049" lon="113.949669">
        <ele>5.6</ele>
        <time>2023-06-18T11:12:52Z</time>
      </trkpt>
      <trkpt lat="22.527094" lon="113.94967">
        <ele>5.6</ele>
        <time>2023-06-18T11:12:53Z</time>
      </trkpt>
      <trkpt lat="22.527136" lon="113.949678">
        <ele>5.6</ele>
        <time>2023-06-18T11:12:54Z</time>
      </trkpt>
      <trkpt lat="22.527176" lon="113.949692">
        <ele>5.7</ele>
        <time>2023-06-18T11:12:55Z</time>
      </trkpt>
      <trkpt lat="22.527219" lon="113.949693">
        <ele>5.7</ele>
        <time>2023-06-18T11:12:56Z</time>
      </trkpt>
      <trkpt lat="22.527261" lon="113.9497">
        <ele>5.7</ele>
        <time>2023-06-18T11:12:57Z</time>
      </trkpt>
      <trkpt lat="22.527305" lon="113.949707">
        <ele>5.7</ele>
        <time>2023-06-18T11:12:58Z</time>
      </trkpt>
      <trkpt lat="22.527348" lon="113.949708">
        <ele>5.7</ele>
        <time>2023-06-18T11:12:59Z</time>
      </trkpt>
      <trkpt lat="22.52739" lon="113.949716">
        <ele>5.7</ele>
        <time>2023-06-18T11:13:00Z</time>
      </trkpt>
      <trkpt lat="22.527432" lon="113.949731">
        <ele>5.7</ele>
        <time>2023-06-18T11:13:01Z</time>
      </trkpt>
      <trkpt lat="22.527468" lon="113.949738">
        <ele>5.7</ele>
        <time>2023-06-18T11:13:02Z</time>
      </trkpt>
      <trkpt lat="22.527512" lon="113.949738">
        <ele>5.7</ele>
        <time>2023-06-18T11:13:03Z</time>
      </trkpt>
      <trkpt lat="22.527556" lon="113.949745">
        <ele>5.7</ele>
        <time>2023-06-18T11:13:04Z</time>
      </trkpt>
      <trkpt lat="22.527602" lon="113.949745">
        <ele>5.7</ele>
        <time>2023-06-18T11:13:05Z</time>
      </trkpt>
      <trkpt lat="22.527644" lon="113.949746">
        <ele>5.7</ele>
        <time>2023-06-18T11:13:06Z</time>
      </trkpt>
      <trkpt lat="22.527688" lon="113.949753">
        <ele>5.7</ele>
        <time>2023-06-18T11:13:07Z</time>
      </trkpt>
      <trkpt lat="22.527732" lon="113.949754">
        <ele>5.7</ele>
        <time>2023-06-18T11:13:08Z</time>
      </trkpt>
      <trkpt lat="22.527774" lon="113.949761">
        <ele>5.7</ele>
        <time>2023-06-18T11:13:09Z</time>
      </trkpt>
      <trkpt lat="22.527819" lon="113.949768">
        <ele>5.7</ele>
        <time>2023-06-18T11:13:10Z</time>
      </trkpt>
      <trkpt lat="22.527863" lon="113.949769">
        <ele>5.7</ele>
        <time>2023-06-18T11:13:11Z</time>
      </trkpt>
      <trkpt lat="22.527908" lon="113.949777">
        <ele>5.7</ele>
        <time>2023-06-18T11:13:12Z</time>
      </trkpt>
      <trkpt lat="22.527951" lon="113.949783">
        <ele>5.7</ele>
        <time>2023-06-18T11:13:13Z</time>
      </trkpt>
      <trkpt lat="22.527995" lon="113.949785">
        <ele>5.7</ele>
        <time>2023-06-18T11:13:14Z</time>
      </trkpt>
      <trkpt lat="22.528039" lon="113.949792">
        <ele>5.7</ele>
        <time>2023-06-18T11:13:15Z</time>
      </trkpt>
      <trkpt lat="22.528085" lon="113.9498">
        <ele>5.7</ele>
        <time>2023-06-18T11:13:16Z</time>
      </trkpt>
      <trkpt lat="22.52813" lon="113.949806">
        <ele>5.7</ele>
        <time>2023-06-18T11:13:17Z</time>
      </trkpt>
      <trkpt lat="22.528172" lon="113.949807">
        <ele>5.7</ele>
        <time>2023-06-18T11:13:18Z</time>
      </trkpt>
      <trkpt lat="22.528215" lon="113.949815">
        <ele>5.7</ele>
        <time>2023-06-18T11:13:19Z</time>
      </trkpt>
      <trkpt lat="22.528258" lon="113.949821">
        <ele>5.8</ele>
        <time>2023-06-18T11:13:20Z</time>
      </trkpt>
      <trkpt lat="22.528301" lon="113.949822">
        <ele>5.8</ele>
        <time>2023-06-18T11:13:21Z</time>
      </trkpt>
      <trkpt lat="22.528346" lon="113.949829">
        <ele>5.8</ele>
        <time>2023-06-18T11:13:22Z</time>
      </trkpt>
      <trkpt lat="22.52839" lon="113.949831">
        <ele>5.8</ele>
        <time>2023-06-18T11:13:23Z</time>
      </trkpt>
      <trkpt lat="22.528434" lon="113.949846">
        <ele>5.8</ele>
        <time>2023-06-18T11:13:24Z</time>
      </trkpt>
      <trkpt lat="22.528481" lon="113.949852">
        <ele>5.8</ele>
        <time>2023-06-18T11:13:25Z</time>
      </trkpt>
      <trkpt lat="22.528526" lon="113.949853">
        <ele>5.8</ele>
        <time>2023-06-18T11:13:26Z</time>
      </trkpt>
      <trkpt lat="22.528578" lon="113.949861">
        <ele>5.8</ele>
        <time>2023-06-18T11:13:27Z</time>
      </trkpt>
      <trkpt lat="22.528625" lon="113.949867">
        <ele>5.8</ele>
        <time>2023-06-18T11:13:28Z</time>
      </trkpt>
      <trkpt lat="22.528672" lon="113.949867">
        <ele>5.8</ele>
        <time>2023-06-18T11:13:29Z</time>
      </trkpt>
      <trkpt lat="22.528717" lon="113.949867">
        <ele>5.8</ele>
        <time>2023-06-18T11:13:30Z</time>
      </trkpt>
      <trkpt lat="22.528768" lon="113.949868">
        <ele>5.8</ele>
        <time>2023-06-18T11:13:31Z</time>
      </trkpt>
      <trkpt lat="22.528826" lon="113.949877">
        <ele>5.8</ele>
        <time>2023-06-18T11:13:32Z</time>
      </trkpt>
      <trkpt lat="22.52888" lon="113.94989">
        <ele>5.8</ele>
        <time>2023-06-18T11:13:33Z</time>
      </trkpt>
      <trkpt lat="22.528931" lon="113.949891">
        <ele>5.8</ele>
        <time>2023-06-18T11:13:34Z</time>
      </trkpt>
      <trkpt lat="22.528973" lon="113.949899">
        <ele>5.8</ele>
        <time>2023-06-18T11:13:35Z</time>
      </trkpt>
      <trkpt lat="22.529016" lon="113.949907">
        <ele>5.8</ele>
        <time>2023-06-18T11:13:36Z</time>
      </trkpt>
      <trkpt lat="22.529064" lon="113.949913">
        <ele>5.8</ele>
        <time>2023-06-18T11:13:37Z</time>
      </trkpt>
      <trkpt lat="22.529116" lon="113.949915">
        <ele>5.8</ele>
        <time>2023-06-18T11:13:38Z</time>
      </trkpt>
      <trkpt lat="22.529172" lon="113.949929">
        <ele>5.8</ele>
        <time>2023-06-18T11:13:39Z</time>
      </trkpt>
      <trkpt lat="22.529232" lon="113.949937">
        <ele>5.8</ele>
        <time>2023-06-18T11:13:40Z</time>
      </trkpt>
      <trkpt lat="22.529287" lon="113.949945">
        <ele>5.9</ele>
        <time>2023-06-18T11:13:41Z</time>
      </trkpt>
      <trkpt lat="22.52934" lon="113.949951">
        <ele>5.9</ele>
        <time>2023-06-18T11:13:42Z</time>
      </trkpt>
      <trkpt lat="22.529388" lon="113.949952">
        <ele>5.9</ele>
        <time>2023-06-18T11:13:43Z</time>
      </trkpt>
      <trkpt lat="22.52944" lon="113.94996">
        <ele>5.9</ele>
        <time>2023-06-18T11:13:44Z</time>
      </trkpt>
      <trkpt lat="22.529492" lon="113.949966">
        <ele>5.9</ele>
        <time>2023-06-18T11:13:45Z</time>
      </trkpt>
      <trkpt lat="22.529544" lon="113.949968">
        <ele>5.9</ele>
        <time>2023-06-18T11:13:46Z</time>
      </trkpt>
      <trkpt lat="22.529594" lon="113.949975">
        <ele>5.9</ele>
        <time>2023-06-18T11:13:47Z</time>
      </trkpt>
      <trkpt lat="22.529648" lon="113.949979">
        <ele>5.9</ele>
        <time>2023-06-18T11:13:48Z</time>
      </trkpt>
      <trkpt lat="22.529702" lon="113.949983">
        <ele>5.9</ele>
        <time>2023-06-18T11:13:49Z</time>
      </trkpt>
      <trkpt lat="22.529754" lon="113.949991">
        <ele>5.9</ele>
        <time>2023-06-18T11:13:50Z</time>
      </trkpt>
      <trkpt lat="22.52981" lon="113.949998">
        <ele>5.9</ele>
        <time>2023-06-18T11:13:51Z</time>
      </trkpt>
      <trkpt lat="22.52986" lon="113.950005">
        <ele>5.9</ele>
        <time>2023-06-18T11:13:52Z</time>
      </trkpt>
      <trkpt lat="22.529911" lon="113.950005">
        <ele>5.9</ele>
        <time>2023-06-18T11:13:53Z</time>
      </trkpt>
      <trkpt lat="22.529963" lon="113.950005">
        <ele>6</ele>
        <time>2023-06-18T11:13:54Z</time>
      </trkpt>
      <trkpt lat="22.530011" lon="113.950005">
        <ele>6</ele>
        <time>2023-06-18T11:13:55Z</time>
      </trkpt>
      <trkpt lat="22.530046" lon="113.950006">
        <ele>6</ele>
        <time>2023-06-18T11:13:56Z</time>
      </trkpt>
      <trkpt lat="22.530075" lon="113.950012">
        <ele>6</ele>
        <time>2023-06-18T11:13:57Z</time>
      </trkpt>
      <trkpt lat="22.530112" lon="113.950012">
        <ele>6</ele>
        <time>2023-06-18T11:13:58Z</time>
      </trkpt>
      <trkpt lat="22.53014" lon="113.950013">
        <ele>6</ele>
        <time>2023-06-18T11:13:59Z</time>
      </trkpt>
      <trkpt lat="22.53017" lon="113.95002">
        <ele>6</ele>
        <time>2023-06-18T11:14:00Z</time>
      </trkpt>
      <trkpt lat="22.530203" lon="113.95002">
        <ele>6</ele>
        <time>2023-06-18T11:14:01Z</time>
      </trkpt>
      <trkpt lat="22.530245" lon="113.950021">
        <ele>6</ele>
        <time>2023-06-18T11:14:02Z</time>
      </trkpt>
      <trkpt lat="22.530286" lon="113.950029">
        <ele>6</ele>
        <time>2023-06-18T11:14:03Z</time>
      </trkpt>
      <trkpt lat="22.530331" lon="113.950035">
        <ele>6</ele>
        <time>2023-06-18T11:14:04Z</time>
      </trkpt>
      <trkpt lat="22.530367" lon="113.950036">
        <ele>6</ele>
        <time>2023-06-18T11:14:05Z</time>
      </trkpt>
      <trkpt lat="22.530405" lon="113.950043">
        <ele>6</ele>
        <time>2023-06-18T11:14:06Z</time>
      </trkpt>
      <trkpt lat="22.530437" lon="113.950043">
        <ele>6</ele>
        <time>2023-06-18T11:14:07Z</time>
      </trkpt>
      <trkpt lat="22.530475" lon="113.950042">
        <ele>6</ele>
        <time>2023-06-18T11:14:08Z</time>
      </trkpt>
      <trkpt lat="22.53051" lon="113.950036">
        <ele>6</ele>
        <time>2023-06-18T11:14:09Z</time>
      </trkpt>
      <trkpt lat="22.53055" lon="113.950043">
        <ele>6</ele>
        <time>2023-06-18T11:14:10Z</time>
      </trkpt>
      <trkpt lat="22.530588" lon="113.950044">
        <ele>6</ele>
        <time>2023-06-18T11:14:11Z</time>
      </trkpt>
      <trkpt lat="22.530627" lon="113.950049">
        <ele>6.1</ele>
        <time>2023-06-18T11:14:12Z</time>
      </trkpt>
      <trkpt lat="22.530665" lon="113.950044">
        <ele>6.1</ele>
        <time>2023-06-18T11:14:13Z</time>
      </trkpt>
      <trkpt lat="22.530705" lon="113.95005">
        <ele>6.1</ele>
        <time>2023-06-18T11:14:14Z</time>
      </trkpt>
      <trkpt lat="22.530744" lon="113.95005">
        <ele>6.1</ele>
        <time>2023-06-18T11:14:15Z</time>
      </trkpt>
      <trkpt lat="22.530781" lon="113.95005">
        <ele>6.1</ele>
        <time>2023-06-18T11:14:16Z</time>
      </trkpt>
      <trkpt lat="22.530821" lon="113.95005">
        <ele>6.1</ele>
        <time>2023-06-18T11:14:17Z</time>
      </trkpt>
      <trkpt lat="22.530864" lon="113.95005">
        <ele>6.1</ele>
        <time>2023-06-18T11:14:18Z</time>
      </trkpt>
      <trkpt lat="22.530905" lon="113.950051">
        <ele>6.1</ele>
        <time>2023-06-18T11:14:19Z</time>
      </trkpt>
      <trkpt lat="22.530946" lon="113.950058">
        <ele>6.1</ele>
        <time>2023-06-18T11:14:20Z</time>
      </trkpt>
      <trkpt lat="22.530986" lon="113.950058">
        <ele>6.1</ele>
        <time>2023-06-18T11:14:21Z</time>
      </trkpt>
      <trkpt lat="22.531034" lon="113.950058">
        <ele>6.1</ele>
        <time>2023-06-18T11:14:22Z</time>
      </trkpt>
      <trkpt lat="22.53108" lon="113.950058">
        <ele>6.1</ele>
        <time>2023-06-18T11:14:23Z</time>
      </trkpt>
      <trkpt lat="22.531125" lon="113.950059">
        <ele>6.1</ele>
        <time>2023-06-18T11:14:24Z</time>
      </trkpt>
      <trkpt lat="22.531169" lon="113.950066">
        <ele>6.1</ele>
        <time>2023-06-18T11:14:25Z</time>
      </trkpt>
      <trkpt lat="22.531218" lon="113.950067">
        <ele>6.1</ele>
        <time>2023-06-18T11:14:26Z</time>
      </trkpt>
      <trkpt lat="22.531269" lon="113.950074">
        <ele>6.1</ele>
        <time>2023-06-18T11:14:27Z</time>
      </trkpt>
      <trkpt lat="22.531321" lon="113.950082">
        <ele>6.1</ele>
        <time>2023-06-18T11:14:28Z</time>
      </trkpt>
      <trkpt lat="22.531369" lon="113.950089">
        <ele>6.2</ele>
        <time>2023-06-18T11:14:29Z</time>
      </trkpt>
      <trkpt lat="22.531415" lon="113.95009">
        <ele>6.2</ele>
        <time>2023-06-18T11:14:30Z</time>
      </trkpt>
      <trkpt lat="22.531471" lon="113.950097">
        <ele>6.2</ele>
        <time>2023-06-18T11:14:31Z</time>
      </trkpt>
      <trkpt lat="22.531523" lon="113.950104">
        <ele>6.2</ele>
        <time>2023-06-18T11:14:32Z</time>
      </trkpt>
      <trkpt lat="22.531565" lon="113.950104">
        <ele>6.2</ele>
        <time>2023-06-18T11:14:33Z</time>
      </trkpt>
      <trkpt lat="22.531613" lon="113.950105">
        <ele>6.2</ele>
        <time>2023-06-18T11:14:34Z</time>
      </trkpt>
      <trkpt lat="22.531662" lon="113.950111">
        <ele>6.2</ele>
        <time>2023-06-18T11:14:35Z</time>
      </trkpt>
      <trkpt lat="22.531704" lon="113.950111">
        <ele>6.2</ele>
        <time>2023-06-18T11:14:36Z</time>
      </trkpt>
      <trkpt lat="22.531746" lon="113.950111">
        <ele>6.2</ele>
        <time>2023-06-18T11:14:37Z</time>
      </trkpt>
      <trkpt lat="22.531793" lon="113.950111">
        <ele>6.2</ele>
        <time>2023-06-18T11:14:38Z</time>
      </trkpt>
      <trkpt lat="22.531839" lon="113.950111">
        <ele>6.2</ele>
        <time>2023-06-18T11:14:39Z</time>
      </trkpt>
      <trkpt lat="22.531882" lon="113.950112">
        <ele>6.2</ele>
        <time>2023-06-18T11:14:40Z</time>
      </trkpt>
      <trkpt lat="22.531928" lon="113.95012">
        <ele>6.2</ele>
        <time>2023-06-18T11:14:41Z</time>
      </trkpt>
      <trkpt lat="22.531978" lon="113.950127">
        <ele>6.2</ele>
        <time>2023-06-18T11:14:42Z</time>
      </trkpt>
      <trkpt lat="22.532021" lon="113.950127">
        <ele>6.2</ele>
        <time>2023-06-18T11:14:43Z</time>
      </trkpt>
      <trkpt lat="22.532062" lon="113.950127">
        <ele>6.3</ele>
        <time>2023-06-18T11:14:44Z</time>
      </trkpt>
      <trkpt lat="22.53211" lon="113.950131">
        <ele>6.3</ele>
        <time>2023-06-18T11:14:45Z</time>
      </trkpt>
      <trkpt lat="22.532157" lon="113.950136">
        <ele>6.3</ele>
        <time>2023-06-18T11:14:46Z</time>
      </trkpt>
      <trkpt lat="22.532199" lon="113.950143">
        <ele>6.3</ele>
        <time>2023-06-18T11:14:47Z</time>
      </trkpt>
      <trkpt lat="22.532246" lon="113.95015">
        <ele>6.3</ele>
        <time>2023-06-18T11:14:48Z</time>
      </trkpt>
      <trkpt lat="22.532297" lon="113.95015">
        <ele>6.3</ele>
        <time>2023-06-18T11:14:49Z</time>
      </trkpt>
      <trkpt lat="22.532345" lon="113.950154">
        <ele>6.3</ele>
        <time>2023-06-18T11:14:50Z</time>
      </trkpt>
      <trkpt lat="22.532394" lon="113.950159">
        <ele>6.3</ele>
        <time>2023-06-18T11:14:51Z</time>
      </trkpt>
      <trkpt lat="22.532443" lon="113.950167">
        <ele>6.3</ele>
        <time>2023-06-18T11:14:52Z</time>
      </trkpt>
      <trkpt lat="22.532491" lon="113.950178">
        <ele>6.3</ele>
        <time>2023-06-18T11:14:53Z</time>
      </trkpt>
      <trkpt lat="22.532538" lon="113.95019">
        <ele>6.3</ele>
        <time>2023-06-18T11:14:54Z</time>
      </trkpt>
      <trkpt lat="22.532588" lon="113.950205">
        <ele>6.3</ele>
        <time>2023-06-18T11:14:55Z</time>
      </trkpt>
      <trkpt lat="22.532631" lon="113.95022">
        <ele>6.3</ele>
        <time>2023-06-18T11:14:56Z</time>
      </trkpt>
      <trkpt lat="22.532674" lon="113.950236">
        <ele>6.2</ele>
        <time>2023-06-18T11:14:57Z</time>
      </trkpt>
      <trkpt lat="22.532718" lon="113.95025">
        <ele>6.2</ele>
        <time>2023-06-18T11:14:58Z</time>
      </trkpt>
      <trkpt lat="22.532765" lon="113.950257">
        <ele>6.2</ele>
        <time>2023-06-18T11:14:59Z</time>
      </trkpt>
      <trkpt lat="22.532815" lon="113.950265">
        <ele>6.1</ele>
        <time>2023-06-18T11:15:00Z</time>
      </trkpt>
      <trkpt lat="22.532864" lon="113.950273">
        <ele>6.1</ele>
        <time>2023-06-18T11:15:01Z</time>
      </trkpt>
      <trkpt lat="22.532915" lon="113.95028">
        <ele>6</ele>
        <time>2023-06-18T11:15:02Z</time>
      </trkpt>
      <trkpt lat="22.532963" lon="113.950287">
        <ele>6</ele>
        <time>2023-06-18T11:15:03Z</time>
      </trkpt>
      <trkpt lat="22.533014" lon="113.950288">
        <ele>6</ele>
        <time>2023-06-18T11:15:04Z</time>
      </trkpt>
      <trkpt lat="22.533064" lon="113.950294">
        <ele>5.9</ele>
        <time>2023-06-18T11:15:05Z</time>
      </trkpt>
      <trkpt lat="22.533112" lon="113.950294">
        <ele>5.9</ele>
        <time>2023-06-18T11:15:06Z</time>
      </trkpt>
      <trkpt lat="22.533157" lon="113.950296">
        <ele>5.9</ele>
        <time>2023-06-18T11:15:07Z</time>
      </trkpt>
      <trkpt lat="22.533204" lon="113.950303">
        <ele>5.8</ele>
        <time>2023-06-18T11:15:08Z</time>
      </trkpt>
      <trkpt lat="22.533252" lon="113.950307">
        <ele>5.8</ele>
        <time>2023-06-18T11:15:09Z</time>
      </trkpt>
      <trkpt lat="22.533298" lon="113.950308">
        <ele>5.7</ele>
        <time>2023-06-18T11:15:10Z</time>
      </trkpt>
      <trkpt lat="22.53334" lon="113.950303">
        <ele>5.7</ele>
        <time>2023-06-18T11:15:11Z</time>
      </trkpt>
      <trkpt lat="22.533385" lon="113.95031">
        <ele>5.7</ele>
        <time>2023-06-18T11:15:12Z</time>
      </trkpt>
      <trkpt lat="22.533426" lon="113.950311">
        <ele>5.6</ele>
        <time>2023-06-18T11:15:13Z</time>
      </trkpt>
      <trkpt lat="22.533468" lon="113.950319">
        <ele>5.6</ele>
        <time>2023-06-18T11:15:14Z</time>
      </trkpt>
      <trkpt lat="22.533513" lon="113.950325">
        <ele>5.6</ele>
        <time>2023-06-18T11:15:15Z</time>
      </trkpt>
      <trkpt lat="22.533557" lon="113.950324">
        <ele>5.5</ele>
        <time>2023-06-18T11:15:16Z</time>
      </trkpt>
      <trkpt lat="22.5336" lon="113.950319">
        <ele>5.5</ele>
        <time>2023-06-18T11:15:17Z</time>
      </trkpt>
      <trkpt lat="22.533641" lon="113.950331">
        <ele>5.5</ele>
        <time>2023-06-18T11:15:18Z</time>
      </trkpt>
      <trkpt lat="22.533682" lon="113.950341">
        <ele>5.5</ele>
        <time>2023-06-18T11:15:19Z</time>
      </trkpt>
      <trkpt lat="22.533717" lon="113.95035">
        <ele>5.4</ele>
        <time>2023-06-18T11:15:20Z</time>
      </trkpt>
      <trkpt lat="22.533763" lon="113.950366">
        <ele>5.4</ele>
        <time>2023-06-18T11:15:21Z</time>
      </trkpt>
      <trkpt lat="22.533816" lon="113.950381">
        <ele>5.3</ele>
        <time>2023-06-18T11:15:22Z</time>
      </trkpt>
      <trkpt lat="22.533873" lon="113.950395">
        <ele>5.3</ele>
        <time>2023-06-18T11:15:23Z</time>
      </trkpt>
      <trkpt lat="22.533924" lon="113.950407">
        <ele>5.3</ele>
        <time>2023-06-18T11:15:24Z</time>
      </trkpt>
      <trkpt lat="22.533976" lon="113.95042">
        <ele>5.2</ele>
        <time>2023-06-18T11:15:25Z</time>
      </trkpt>
      <trkpt lat="22.534027" lon="113.950442">
        <ele>5.2</ele>
        <time>2023-06-18T11:15:26Z</time>
      </trkpt>
      <trkpt lat="22.534074" lon="113.950457">
        <ele>5.1</ele>
        <time>2023-06-18T11:15:27Z</time>
      </trkpt>
      <trkpt lat="22.534126" lon="113.95047">
        <ele>5.1</ele>
        <time>2023-06-18T11:15:28Z</time>
      </trkpt>
      <trkpt lat="22.534174" lon="113.950469">
        <ele>5.1</ele>
        <time>2023-06-18T11:15:29Z</time>
      </trkpt>
      <trkpt lat="22.534221" lon="113.950462">
        <ele>5</ele>
        <time>2023-06-18T11:15:30Z</time>
      </trkpt>
      <trkpt lat="22.534262" lon="113.950463">
        <ele>5</ele>
        <time>2023-06-18T11:15:31Z</time>
      </trkpt>
      <trkpt lat="22.534307" lon="113.950467">
        <ele>5</ele>
        <time>2023-06-18T11:15:32Z</time>
      </trkpt>
      <trkpt lat="22.534351" lon="113.950471">
        <ele>4.9</ele>
        <time>2023-06-18T11:15:33Z</time>
      </trkpt>
      <trkpt lat="22.534395" lon="113.950478">
        <ele>4.9</ele>
        <time>2023-06-18T11:15:34Z</time>
      </trkpt>
      <trkpt lat="22.534436" lon="113.950482">
        <ele>4.9</ele>
        <time>2023-06-18T11:15:35Z</time>
      </trkpt>
      <trkpt lat="22.534478" lon="113.950487">
        <ele>4.9</ele>
        <time>2023-06-18T11:15:36Z</time>
      </trkpt>
      <trkpt lat="22.534521" lon="113.950494">
        <ele>4.9</ele>
        <time>2023-06-18T11:15:37Z</time>
      </trkpt>
      <trkpt lat="22.534563" lon="113.950506">
        <ele>4.9</ele>
        <time>2023-06-18T11:15:38Z</time>
      </trkpt>
      <trkpt lat="22.534604" lon="113.950516">
        <ele>4.9</ele>
        <time>2023-06-18T11:15:39Z</time>
      </trkpt>
      <trkpt lat="22.534644" lon="113.950518">
        <ele>4.9</ele>
        <time>2023-06-18T11:15:40Z</time>
      </trkpt>
      <trkpt lat="22.534686" lon="113.950532">
        <ele>4.9</ele>
        <time>2023-06-18T11:15:41Z</time>
      </trkpt>
      <trkpt lat="22.534728" lon="113.95054">
        <ele>4.9</ele>
        <time>2023-06-18T11:15:42Z</time>
      </trkpt>
      <trkpt lat="22.534773" lon="113.950552">
        <ele>4.9</ele>
        <time>2023-06-18T11:15:43Z</time>
      </trkpt>
      <trkpt lat="22.534818" lon="113.950563">
        <ele>4.9</ele>
        <time>2023-06-18T11:15:44Z</time>
      </trkpt>
      <trkpt lat="22.53486" lon="113.950572">
        <ele>4.8</ele>
        <time>2023-06-18T11:15:45Z</time>
      </trkpt>
      <trkpt lat="22.534904" lon="113.950587">
        <ele>4.8</ele>
        <time>2023-06-18T11:15:46Z</time>
      </trkpt>
      <trkpt lat="22.53495" lon="113.950603">
        <ele>4.8</ele>
        <time>2023-06-18T11:15:47Z</time>
      </trkpt>
      <trkpt lat="22.534996" lon="113.950622">
        <ele>4.8</ele>
        <time>2023-06-18T11:15:48Z</time>
      </trkpt>
      <trkpt lat="22.535041" lon="113.95064">
        <ele>4.8</ele>
        <time>2023-06-18T11:15:49Z</time>
      </trkpt>
      <trkpt lat="22.535084" lon="113.950656">
        <ele>4.8</ele>
        <time>2023-06-18T11:15:50Z</time>
      </trkpt>
      <trkpt lat="22.53513" lon="113.950671">
        <ele>4.8</ele>
        <time>2023-06-18T11:15:51Z</time>
      </trkpt>
      <trkpt lat="22.53517" lon="113.950686">
        <ele>4.8</ele>
        <time>2023-06-18T11:15:52Z</time>
      </trkpt>
      <trkpt lat="22.535207" lon="113.950702">
        <ele>4.8</ele>
        <time>2023-06-18T11:15:53Z</time>
      </trkpt>
      <trkpt lat="22.535243" lon="113.950725">
        <ele>4.8</ele>
        <time>2023-06-18T11:15:54Z</time>
      </trkpt>
      <trkpt lat="22.53528" lon="113.950749">
        <ele>4.8</ele>
        <time>2023-06-18T11:15:55Z</time>
      </trkpt>
      <trkpt lat="22.535321" lon="113.950778">
        <ele>4.7</ele>
        <time>2023-06-18T11:15:56Z</time>
      </trkpt>
      <trkpt lat="22.535364" lon="113.950801">
        <ele>4.7</ele>
        <time>2023-06-18T11:15:57Z</time>
      </trkpt>
      <trkpt lat="22.535403" lon="113.950824">
        <ele>4.7</ele>
        <time>2023-06-18T11:15:58Z</time>
      </trkpt>
      <trkpt lat="22.535448" lon="113.950848">
        <ele>4.7</ele>
        <time>2023-06-18T11:15:59Z</time>
      </trkpt>
      <trkpt lat="22.535492" lon="113.950869">
        <ele>4.7</ele>
        <time>2023-06-18T11:16:00Z</time>
      </trkpt>
      <trkpt lat="22.535536" lon="113.950883">
        <ele>4.7</ele>
        <time>2023-06-18T11:16:01Z</time>
      </trkpt>
      <trkpt lat="22.53559" lon="113.950891">
        <ele>4.7</ele>
        <time>2023-06-18T11:16:02Z</time>
      </trkpt>
      <trkpt lat="22.535643" lon="113.950899">
        <ele>4.7</ele>
        <time>2023-06-18T11:16:03Z</time>
      </trkpt>
      <trkpt lat="22.535687" lon="113.950915">
        <ele>4.7</ele>
        <time>2023-06-18T11:16:04Z</time>
      </trkpt>
      <trkpt lat="22.535726" lon="113.950932">
        <ele>4.7</ele>
        <time>2023-06-18T11:16:05Z</time>
      </trkpt>
      <trkpt lat="22.535754" lon="113.950955">
        <ele>4.6</ele>
        <time>2023-06-18T11:16:06Z</time>
      </trkpt>
      <trkpt lat="22.535784" lon="113.950984">
        <ele>4.6</ele>
        <time>2023-06-18T11:16:07Z</time>
      </trkpt>
      <trkpt lat="22.535826" lon="113.951011">
        <ele>4.6</ele>
        <time>2023-06-18T11:16:08Z</time>
      </trkpt>
      <trkpt lat="22.535872" lon="113.951039">
        <ele>4.6</ele>
        <time>2023-06-18T11:16:09Z</time>
      </trkpt>
      <trkpt lat="22.535932" lon="113.951069">
        <ele>4.6</ele>
        <time>2023-06-18T11:16:10Z</time>
      </trkpt>
      <trkpt lat="22.535978" lon="113.951092">
        <ele>4.6</ele>
        <time>2023-06-18T11:16:11Z</time>
      </trkpt>
      <trkpt lat="22.536017" lon="113.951121">
        <ele>4.6</ele>
        <time>2023-06-18T11:16:12Z</time>
      </trkpt>
      <trkpt lat="22.53605" lon="113.951136">
        <ele>4.6</ele>
        <time>2023-06-18T11:16:13Z</time>
      </trkpt>
      <trkpt lat="22.536086" lon="113.951151">
        <ele>4.6</ele>
        <time>2023-06-18T11:16:14Z</time>
      </trkpt>
      <trkpt lat="22.536121" lon="113.951165">
        <ele>4.6</ele>
        <time>2023-06-18T11:16:15Z</time>
      </trkpt>
      <trkpt lat="22.536149" lon="113.951173">
        <ele>4.6</ele>
        <time>2023-06-18T11:16:16Z</time>
      </trkpt>
      <trkpt lat="22.536177" lon="113.951189">
        <ele>4.6</ele>
        <time>2023-06-18T11:16:17Z</time>
      </trkpt>
      <trkpt lat="22.536203" lon="113.951213">
        <ele>4.6</ele>
        <time>2023-06-18T11:16:18Z</time>
      </trkpt>
      <trkpt lat="22.536231" lon="113.951235">
        <ele>4.6</ele>
        <time>2023-06-18T11:16:19Z</time>
      </trkpt>
      <trkpt lat="22.536261" lon="113.951257">
        <ele>4.6</ele>
        <time>2023-06-18T11:16:20Z</time>
      </trkpt>
      <trkpt lat="22.536285" lon="113.951263">
        <ele>4.6</ele>
        <time>2023-06-18T11:16:21Z</time>
      </trkpt>
      <trkpt lat="22.536302" lon="113.951263">
        <ele>4.6</ele>
        <time>2023-06-18T11:16:22Z</time>
      </trkpt>
      <trkpt lat="22.536316" lon="113.951264">
        <ele>4.6</ele>
        <time>2023-06-18T11:16:23Z</time>
      </trkpt>
      <trkpt lat="22.536337" lon="113.951272">
        <ele>4.6</ele>
        <time>2023-06-18T11:16:24Z</time>
      </trkpt>
      <trkpt lat="22.536362" lon="113.951288">
        <ele>4.6</ele>
        <time>2023-06-18T11:16:25Z</time>
      </trkpt>
      <trkpt lat="22.536389" lon="113.951304">
        <ele>4.6</ele>
        <time>2023-06-18T11:16:26Z</time>
      </trkpt>
      <trkpt lat="22.536416" lon="113.95132">
        <ele>4.6</ele>
        <time>2023-06-18T11:16:27Z</time>
      </trkpt>
      <trkpt lat="22.536446" lon="113.951343">
        <ele>4.6</ele>
        <time>2023-06-18T11:16:28Z</time>
      </trkpt>
      <trkpt lat="22.536474" lon="113.951365">
        <ele>4.6</ele>
        <time>2023-06-18T11:16:29Z</time>
      </trkpt>
      <trkpt lat="22.53651" lon="113.951387">
        <ele>4.6</ele>
        <time>2023-06-18T11:16:30Z</time>
      </trkpt>
      <trkpt lat="22.536546" lon="113.951411">
        <ele>4.6</ele>
        <time>2023-06-18T11:16:31Z</time>
      </trkpt>
      <trkpt lat="22.536582" lon="113.951433">
        <ele>4.6</ele>
        <time>2023-06-18T11:16:32Z</time>
      </trkpt>
      <trkpt lat="22.536616" lon="113.951449">
        <ele>4.6</ele>
        <time>2023-06-18T11:16:33Z</time>
      </trkpt>
      <trkpt lat="22.536652" lon="113.951472">
        <ele>4.6</ele>
        <time>2023-06-18T11:16:34Z</time>
      </trkpt>
      <trkpt lat="22.53669" lon="113.951495">
        <ele>4.6</ele>
        <time>2023-06-18T11:16:35Z</time>
      </trkpt>
      <trkpt lat="22.536727" lon="113.951516">
        <ele>4.7</ele>
        <time>2023-06-18T11:16:36Z</time>
      </trkpt>
      <trkpt lat="22.536765" lon="113.951532">
        <ele>4.7</ele>
        <time>2023-06-18T11:16:37Z</time>
      </trkpt>
      <trkpt lat="22.536805" lon="113.951555">
        <ele>4.7</ele>
        <time>2023-06-18T11:16:38Z</time>
      </trkpt>
      <trkpt lat="22.536845" lon="113.951579">
        <ele>4.7</ele>
        <time>2023-06-18T11:16:39Z</time>
      </trkpt>
      <trkpt lat="22.536885" lon="113.951602">
        <ele>4.7</ele>
        <time>2023-06-18T11:16:40Z</time>
      </trkpt>
      <trkpt lat="22.536924" lon="113.951624">
        <ele>4.7</ele>
        <time>2023-06-18T11:16:41Z</time>
      </trkpt>
      <trkpt lat="22.536965" lon="113.951647">
        <ele>4.7</ele>
        <time>2023-06-18T11:16:42Z</time>
      </trkpt>
      <trkpt lat="22.537005" lon="113.951667">
        <ele>4.7</ele>
        <time>2023-06-18T11:16:43Z</time>
      </trkpt>
      <trkpt lat="22.537045" lon="113.951687">
        <ele>4.7</ele>
        <time>2023-06-18T11:16:44Z</time>
      </trkpt>
      <trkpt lat="22.537085" lon="113.951709">
        <ele>4.7</ele>
        <time>2023-06-18T11:16:45Z</time>
      </trkpt>
      <trkpt lat="22.537125" lon="113.951732">
        <ele>4.7</ele>
        <time>2023-06-18T11:16:46Z</time>
      </trkpt>
      <trkpt lat="22.537163" lon="113.951755">
        <ele>4.7</ele>
        <time>2023-06-18T11:16:47Z</time>
      </trkpt>
      <trkpt lat="22.537202" lon="113.951778">
        <ele>4.7</ele>
        <time>2023-06-18T11:16:48Z</time>
      </trkpt>
      <trkpt lat="22.537243" lon="113.951801">
        <ele>4.7</ele>
        <time>2023-06-18T11:16:49Z</time>
      </trkpt>
      <trkpt lat="22.537281" lon="113.951824">
        <ele>4.7</ele>
        <time>2023-06-18T11:16:50Z</time>
      </trkpt>
      <trkpt lat="22.53732" lon="113.951847">
        <ele>4.7</ele>
        <time>2023-06-18T11:16:51Z</time>
      </trkpt>
      <trkpt lat="22.537359" lon="113.951869">
        <ele>4.7</ele>
        <time>2023-06-18T11:16:52Z</time>
      </trkpt>
      <trkpt lat="22.537401" lon="113.951892">
        <ele>4.7</ele>
        <time>2023-06-18T11:16:53Z</time>
      </trkpt>
      <trkpt lat="22.537442" lon="113.951917">
        <ele>4.7</ele>
        <time>2023-06-18T11:16:54Z</time>
      </trkpt>
      <trkpt lat="22.537482" lon="113.951946">
        <ele>4.7</ele>
        <time>2023-06-18T11:16:55Z</time>
      </trkpt>
      <trkpt lat="22.53752" lon="113.95197">
        <ele>4.7</ele>
        <time>2023-06-18T11:16:56Z</time>
      </trkpt>
      <trkpt lat="22.53756" lon="113.951999">
        <ele>4.7</ele>
        <time>2023-06-18T11:16:57Z</time>
      </trkpt>
      <trkpt lat="22.537599" lon="113.952022">
        <ele>4.7</ele>
        <time>2023-06-18T11:16:58Z</time>
      </trkpt>
      <trkpt lat="22.537636" lon="113.952045">
        <ele>4.7</ele>
        <time>2023-06-18T11:16:59Z</time>
      </trkpt>
      <trkpt lat="22.537675" lon="113.952068">
        <ele>4.7</ele>
        <time>2023-06-18T11:17:00Z</time>
      </trkpt>
      <trkpt lat="22.537718" lon="113.952091">
        <ele>4.7</ele>
        <time>2023-06-18T11:17:01Z</time>
      </trkpt>
      <trkpt lat="22.537762" lon="113.952114">
        <ele>4.7</ele>
        <time>2023-06-18T11:17:02Z</time>
      </trkpt>
      <trkpt lat="22.537802" lon="113.952137">
        <ele>4.7</ele>
        <time>2023-06-18T11:17:03Z</time>
      </trkpt>
      <trkpt lat="22.537844" lon="113.952159">
        <ele>4.8</ele>
        <time>2023-06-18T11:17:04Z</time>
      </trkpt>
      <trkpt lat="22.537888" lon="113.952182">
        <ele>4.8</ele>
        <time>2023-06-18T11:17:05Z</time>
      </trkpt>
      <trkpt lat="22.537932" lon="113.952204">
        <ele>4.8</ele>
        <time>2023-06-18T11:17:06Z</time>
      </trkpt>
      <trkpt lat="22.537975" lon="113.952222">
        <ele>4.8</ele>
        <time>2023-06-18T11:17:07Z</time>
      </trkpt>
      <trkpt lat="22.538019" lon="113.95225">
        <ele>4.8</ele>
        <time>2023-06-18T11:17:08Z</time>
      </trkpt>
      <trkpt lat="22.538062" lon="113.952267">
        <ele>4.8</ele>
        <time>2023-06-18T11:17:09Z</time>
      </trkpt>
      <trkpt lat="22.538104" lon="113.95229">
        <ele>4.8</ele>
        <time>2023-06-18T11:17:10Z</time>
      </trkpt>
      <trkpt lat="22.538149" lon="113.952321">
        <ele>4.8</ele>
        <time>2023-06-18T11:17:11Z</time>
      </trkpt>
      <trkpt lat="22.538198" lon="113.952351">
        <ele>4.8</ele>
        <time>2023-06-18T11:17:12Z</time>
      </trkpt>
      <trkpt lat="22.538247" lon="113.952381">
        <ele>4.8</ele>
        <time>2023-06-18T11:17:13Z</time>
      </trkpt>
      <trkpt lat="22.538291" lon="113.952404">
        <ele>4.8</ele>
        <time>2023-06-18T11:17:14Z</time>
      </trkpt>
      <trkpt lat="22.538335" lon="113.952428">
        <ele>4.8</ele>
        <time>2023-06-18T11:17:15Z</time>
      </trkpt>
      <trkpt lat="22.538379" lon="113.952457">
        <ele>4.8</ele>
        <time>2023-06-18T11:17:16Z</time>
      </trkpt>
      <trkpt lat="22.53842" lon="113.952481">
        <ele>4.8</ele>
        <time>2023-06-18T11:17:17Z</time>
      </trkpt>
      <trkpt lat="22.538461" lon="113.952503">
        <ele>4.8</ele>
        <time>2023-06-18T11:17:18Z</time>
      </trkpt>
      <trkpt lat="22.538505" lon="113.952527">
        <ele>4.8</ele>
        <time>2023-06-18T11:17:19Z</time>
      </trkpt>
      <trkpt lat="22.53855" lon="113.952558">
        <ele>4.8</ele>
        <time>2023-06-18T11:17:20Z</time>
      </trkpt>
      <trkpt lat="22.538589" lon="113.952587">
        <ele>4.9</ele>
        <time>2023-06-18T11:17:21Z</time>
      </trkpt>
      <trkpt lat="22.538629" lon="113.952612">
        <ele>4.9</ele>
        <time>2023-06-18T11:17:22Z</time>
      </trkpt>
      <trkpt lat="22.538671" lon="113.952642">
        <ele>4.9</ele>
        <time>2023-06-18T11:17:23Z</time>
      </trkpt>
      <trkpt lat="22.538714" lon="113.952671">
        <ele>4.9</ele>
        <time>2023-06-18T11:17:24Z</time>
      </trkpt>
      <trkpt lat="22.53876" lon="113.952695">
        <ele>4.9</ele>
        <time>2023-06-18T11:17:25Z</time>
      </trkpt>
      <trkpt lat="22.538802" lon="113.952724">
        <ele>4.9</ele>
        <time>2023-06-18T11:17:26Z</time>
      </trkpt>
      <trkpt lat="22.538845" lon="113.952748">
        <ele>4.9</ele>
        <time>2023-06-18T11:17:27Z</time>
      </trkpt>
      <trkpt lat="22.538885" lon="113.952778">
        <ele>4.9</ele>
        <time>2023-06-18T11:17:28Z</time>
      </trkpt>
      <trkpt lat="22.538927" lon="113.952802">
        <ele>4.9</ele>
        <time>2023-06-18T11:17:29Z</time>
      </trkpt>
      <trkpt lat="22.538967" lon="113.952831">
        <ele>4.9</ele>
        <time>2023-06-18T11:17:30Z</time>
      </trkpt>
      <trkpt lat="22.539006" lon="113.952855">
        <ele>4.9</ele>
        <time>2023-06-18T11:17:31Z</time>
      </trkpt>
      <trkpt lat="22.53905" lon="113.952884">
        <ele>4.9</ele>
        <time>2023-06-18T11:17:32Z</time>
      </trkpt>
      <trkpt lat="22.53909" lon="113.952899">
        <ele>4.9</ele>
        <time>2023-06-18T11:17:33Z</time>
      </trkpt>
      <trkpt lat="22.539134" lon="113.952923">
        <ele>4.9</ele>
        <time>2023-06-18T11:17:34Z</time>
      </trkpt>
      <trkpt lat="22.539174" lon="113.952946">
        <ele>4.9</ele>
        <time>2023-06-18T11:17:35Z</time>
      </trkpt>
      <trkpt lat="22.539214" lon="113.952968">
        <ele>4.9</ele>
        <time>2023-06-18T11:17:36Z</time>
      </trkpt>
      <trkpt lat="22.539255" lon="113.952991">
        <ele>4.9</ele>
        <time>2023-06-18T11:17:37Z</time>
      </trkpt>
      <trkpt lat="22.539296" lon="113.953014">
        <ele>4.9</ele>
        <time>2023-06-18T11:17:38Z</time>
      </trkpt>
      <trkpt lat="22.539339" lon="113.953037">
        <ele>4.9</ele>
        <time>2023-06-18T11:17:39Z</time>
      </trkpt>
      <trkpt lat="22.539386" lon="113.953061">
        <ele>4.9</ele>
        <time>2023-06-18T11:17:40Z</time>
      </trkpt>
      <trkpt lat="22.539432" lon="113.953092">
        <ele>5</ele>
        <time>2023-06-18T11:17:41Z</time>
      </trkpt>
      <trkpt lat="22.539479" lon="113.953123">
        <ele>5</ele>
        <time>2023-06-18T11:17:42Z</time>
      </trkpt>
      <trkpt lat="22.539524" lon="113.953153">
        <ele>5</ele>
        <time>2023-06-18T11:17:43Z</time>
      </trkpt>
      <trkpt lat="22.53957" lon="113.953182">
        <ele>5</ele>
        <time>2023-06-18T11:17:44Z</time>
      </trkpt>
      <trkpt lat="22.539618" lon="113.953202">
        <ele>5</ele>
        <time>2023-06-18T11:17:45Z</time>
      </trkpt>
      <trkpt lat="22.539662" lon="113.953211">
        <ele>5</ele>
        <time>2023-06-18T11:17:46Z</time>
      </trkpt>
      <trkpt lat="22.539703" lon="113.953226">
        <ele>5</ele>
        <time>2023-06-18T11:17:47Z</time>
      </trkpt>
      <trkpt lat="22.539741" lon="113.953242">
        <ele>5</ele>
        <time>2023-06-18T11:17:48Z</time>
      </trkpt>
      <trkpt lat="22.539779" lon="113.953259">
        <ele>5</ele>
        <time>2023-06-18T11:17:49Z</time>
      </trkpt>
      <trkpt lat="22.53982" lon="113.95329">
        <ele>5</ele>
        <time>2023-06-18T11:17:50Z</time>
      </trkpt>
      <trkpt lat="22.539861" lon="113.95332">
        <ele>5</ele>
        <time>2023-06-18T11:17:51Z</time>
      </trkpt>
      <trkpt lat="22.539909" lon="113.95335">
        <ele>5</ele>
        <time>2023-06-18T11:17:52Z</time>
      </trkpt>
      <trkpt lat="22.53995" lon="113.953371">
        <ele>5</ele>
        <time>2023-06-18T11:17:53Z</time>
      </trkpt>
      <trkpt lat="22.539994" lon="113.953388">
        <ele>5</ele>
        <time>2023-06-18T11:17:54Z</time>
      </trkpt>
      <trkpt lat="22.540036" lon="113.953412">
        <ele>5</ele>
        <time>2023-06-18T11:17:55Z</time>
      </trkpt>
      <trkpt lat="22.540078" lon="113.953443">
        <ele>5</ele>
        <time>2023-06-18T11:17:56Z</time>
      </trkpt>
      <trkpt lat="22.540119" lon="113.953472">
        <ele>5</ele>
        <time>2023-06-18T11:17:57Z</time>
      </trkpt>
      <trkpt lat="22.54016" lon="113.953495">
        <ele>5</ele>
        <time>2023-06-18T11:17:58Z</time>
      </trkpt>
      <trkpt lat="22.540204" lon="113.953518">
        <ele>5</ele>
        <time>2023-06-18T11:17:59Z</time>
      </trkpt>
      <trkpt lat="22.540251" lon="113.953548">
        <ele>5</ele>
        <time>2023-06-18T11:18:00Z</time>
      </trkpt>
      <trkpt lat="22.540294" lon="113.953573">
        <ele>5</ele>
        <time>2023-06-18T11:18:01Z</time>
      </trkpt>
      <trkpt lat="22.540337" lon="113.953601">
        <ele>5</ele>
        <time>2023-06-18T11:18:02Z</time>
      </trkpt>
      <trkpt lat="22.540379" lon="113.953625">
        <ele>5</ele>
        <time>2023-06-18T11:18:03Z</time>
      </trkpt>
      <trkpt lat="22.540418" lon="113.953656">
        <ele>5</ele>
        <time>2023-06-18T11:18:04Z</time>
      </trkpt>
      <trkpt lat="22.540467" lon="113.953686">
        <ele>5.1</ele>
        <time>2023-06-18T11:18:05Z</time>
      </trkpt>
      <trkpt lat="22.540515" lon="113.953717">
        <ele>5.1</ele>
        <time>2023-06-18T11:18:06Z</time>
      </trkpt>
      <trkpt lat="22.540563" lon="113.953749">
        <ele>5.1</ele>
        <time>2023-06-18T11:18:07Z</time>
      </trkpt>
      <trkpt lat="22.540606" lon="113.953778">
        <ele>5.1</ele>
        <time>2023-06-18T11:18:08Z</time>
      </trkpt>
      <trkpt lat="22.540647" lon="113.953807">
        <ele>5.1</ele>
        <time>2023-06-18T11:18:09Z</time>
      </trkpt>
      <trkpt lat="22.540692" lon="113.953831">
        <ele>5.1</ele>
        <time>2023-06-18T11:18:10Z</time>
      </trkpt>
      <trkpt lat="22.540734" lon="113.95386">
        <ele>5.1</ele>
        <time>2023-06-18T11:18:11Z</time>
      </trkpt>
      <trkpt lat="22.540777" lon="113.953884">
        <ele>5.1</ele>
        <time>2023-06-18T11:18:12Z</time>
      </trkpt>
      <trkpt lat="22.540815" lon="113.953914">
        <ele>5.1</ele>
        <time>2023-06-18T11:18:13Z</time>
      </trkpt>
      <trkpt lat="22.540856" lon="113.953937">
        <ele>5.1</ele>
        <time>2023-06-18T11:18:14Z</time>
      </trkpt>
      <trkpt lat="22.540899" lon="113.953961">
        <ele>5.1</ele>
        <time>2023-06-18T11:18:15Z</time>
      </trkpt>
      <trkpt lat="22.540942" lon="113.953991">
        <ele>5.1</ele>
        <time>2023-06-18T11:18:16Z</time>
      </trkpt>
      <trkpt lat="22.540985" lon="113.954014">
        <ele>5.1</ele>
        <time>2023-06-18T11:18:17Z</time>
      </trkpt>
      <trkpt lat="22.541027" lon="113.954046">
        <ele>5.1</ele>
        <time>2023-06-18T11:18:18Z</time>
      </trkpt>
      <trkpt lat="22.541065" lon="113.954082">
        <ele>5.1</ele>
        <time>2023-06-18T11:18:19Z</time>
      </trkpt>
      <trkpt lat="22.541109" lon="113.954105">
        <ele>5.1</ele>
        <time>2023-06-18T11:18:20Z</time>
      </trkpt>
      <trkpt lat="22.541159" lon="113.954128">
        <ele>5.1</ele>
        <time>2023-06-18T11:18:21Z</time>
      </trkpt>
      <trkpt lat="22.541206" lon="113.954152">
        <ele>5.1</ele>
        <time>2023-06-18T11:18:22Z</time>
      </trkpt>
      <trkpt lat="22.541251" lon="113.95418">
        <ele>5.1</ele>
        <time>2023-06-18T11:18:23Z</time>
      </trkpt>
      <trkpt lat="22.541294" lon="113.954196">
        <ele>5.2</ele>
        <time>2023-06-18T11:18:24Z</time>
      </trkpt>
      <trkpt lat="22.541339" lon="113.954218">
        <ele>5.2</ele>
        <time>2023-06-18T11:18:25Z</time>
      </trkpt>
      <trkpt lat="22.541387" lon="113.954235">
        <ele>5.2</ele>
        <time>2023-06-18T11:18:26Z</time>
      </trkpt>
      <trkpt lat="22.541437" lon="113.954264">
        <ele>5.2</ele>
        <time>2023-06-18T11:18:27Z</time>
      </trkpt>
      <trkpt lat="22.541484" lon="113.95428">
        <ele>5.2</ele>
        <time>2023-06-18T11:18:28Z</time>
      </trkpt>
      <trkpt lat="22.541529" lon="113.954302">
        <ele>5.2</ele>
        <time>2023-06-18T11:18:29Z</time>
      </trkpt>
      <trkpt lat="22.54157" lon="113.954317">
        <ele>5.2</ele>
        <time>2023-06-18T11:18:30Z</time>
      </trkpt>
      <trkpt lat="22.541615" lon="113.954334">
        <ele>5.2</ele>
        <time>2023-06-18T11:18:31Z</time>
      </trkpt>
      <trkpt lat="22.541663" lon="113.954357">
        <ele>5.2</ele>
        <time>2023-06-18T11:18:32Z</time>
      </trkpt>
      <trkpt lat="22.541712" lon="113.95438">
        <ele>5.2</ele>
        <time>2023-06-18T11:18:33Z</time>
      </trkpt>
      <trkpt lat="22.541758" lon="113.954401">
        <ele>5.2</ele>
        <time>2023-06-18T11:18:34Z</time>
      </trkpt>
      <trkpt lat="22.541809" lon="113.954418">
        <ele>5.2</ele>
        <time>2023-06-18T11:18:35Z</time>
      </trkpt>
      <trkpt lat="22.541864" lon="113.95444">
        <ele>5.2</ele>
        <time>2023-06-18T11:18:36Z</time>
      </trkpt>
      <trkpt lat="22.541914" lon="113.954454">
        <ele>5.2</ele>
        <time>2023-06-18T11:18:37Z</time>
      </trkpt>
      <trkpt lat="22.541962" lon="113.954463">
        <ele>5.2</ele>
        <time>2023-06-18T11:18:38Z</time>
      </trkpt>
      <trkpt lat="22.542009" lon="113.954478">
        <ele>5.2</ele>
        <time>2023-06-18T11:18:39Z</time>
      </trkpt>
      <trkpt lat="22.542058" lon="113.954494">
        <ele>5.2</ele>
        <time>2023-06-18T11:18:40Z</time>
      </trkpt>
      <trkpt lat="22.542107" lon="113.954514">
        <ele>5.2</ele>
        <time>2023-06-18T11:18:41Z</time>
      </trkpt>
      <trkpt lat="22.542158" lon="113.954514">
        <ele>5.3</ele>
        <time>2023-06-18T11:18:42Z</time>
      </trkpt>
      <trkpt lat="22.542211" lon="113.954515">
        <ele>5.3</ele>
        <time>2023-06-18T11:18:43Z</time>
      </trkpt>
      <trkpt lat="22.54226" lon="113.954523">
        <ele>5.3</ele>
        <time>2023-06-18T11:18:44Z</time>
      </trkpt>
      <trkpt lat="22.54231" lon="113.954539">
        <ele>5.3</ele>
        <time>2023-06-18T11:18:45Z</time>
      </trkpt>
      <trkpt lat="22.542358" lon="113.954554">
        <ele>5.3</ele>
        <time>2023-06-18T11:18:46Z</time>
      </trkpt>
      <trkpt lat="22.542407" lon="113.954569">
        <ele>5.3</ele>
        <time>2023-06-18T11:18:47Z</time>
      </trkpt>
      <trkpt lat="22.542458" lon="113.954582">
        <ele>5.3</ele>
        <time>2023-06-18T11:18:48Z</time>
      </trkpt>
      <trkpt lat="22.542504" lon="113.954581">
        <ele>5.3</ele>
        <time>2023-06-18T11:18:49Z</time>
      </trkpt>
      <trkpt lat="22.542558" lon="113.954575">
        <ele>5.3</ele>
        <time>2023-06-18T11:18:50Z</time>
      </trkpt>
      <trkpt lat="22.542605" lon="113.954574">
        <ele>5.3</ele>
        <time>2023-06-18T11:18:51Z</time>
      </trkpt>
      <trkpt lat="22.542656" lon="113.954566">
        <ele>5.3</ele>
        <time>2023-06-18T11:18:52Z</time>
      </trkpt>
      <trkpt lat="22.542707" lon="113.954559">
        <ele>5.3</ele>
        <time>2023-06-18T11:18:53Z</time>
      </trkpt>
      <trkpt lat="22.542756" lon="113.95456">
        <ele>5.3</ele>
        <time>2023-06-18T11:18:54Z</time>
      </trkpt>
      <trkpt lat="22.542804" lon="113.954568">
        <ele>5.3</ele>
        <time>2023-06-18T11:18:55Z</time>
      </trkpt>
      <trkpt lat="22.542852" lon="113.954573">
        <ele>5.2</ele>
        <time>2023-06-18T11:18:56Z</time>
      </trkpt>
      <trkpt lat="22.542891" lon="113.954566">
        <ele>5.2</ele>
        <time>2023-06-18T11:18:57Z</time>
      </trkpt>
      <trkpt lat="22.542921" lon="113.954555">
        <ele>5.2</ele>
        <time>2023-06-18T11:18:58Z</time>
      </trkpt>
      <trkpt lat="22.542935" lon="113.954525">
        <ele>5.2</ele>
        <time>2023-06-18T11:18:59Z</time>
      </trkpt>
      <trkpt lat="22.542953" lon="113.954505">
        <ele>5.2</ele>
        <time>2023-06-18T11:19:00Z</time>
      </trkpt>
      <trkpt lat="22.542986" lon="113.954498">
        <ele>5.2</ele>
        <time>2023-06-18T11:19:01Z</time>
      </trkpt>
      <trkpt lat="22.543006" lon="113.954498">
        <ele>5.2</ele>
        <time>2023-06-18T11:19:02Z</time>
      </trkpt>
      <trkpt lat="22.543017" lon="113.954499">
        <ele>5.2</ele>
        <time>2023-06-18T11:19:03Z</time>
      </trkpt>
      <trkpt lat="22.543034" lon="113.954507">
        <ele>5.2</ele>
        <time>2023-06-18T11:19:04Z</time>
      </trkpt>
      <trkpt lat="22.543053" lon="113.954516">
        <ele>5.2</ele>
        <time>2023-06-18T11:19:05Z</time>
      </trkpt>
      <trkpt lat="22.543082" lon="113.954531">
        <ele>5.2</ele>
        <time>2023-06-18T11:19:06Z</time>
      </trkpt>
      <trkpt lat="22.543109" lon="113.954547">
        <ele>5.2</ele>
        <time>2023-06-18T11:19:07Z</time>
      </trkpt>
      <trkpt lat="22.543134" lon="113.954569">
        <ele>5.2</ele>
        <time>2023-06-18T11:19:08Z</time>
      </trkpt>
      <trkpt lat="22.543157" lon="113.954582">
        <ele>5.2</ele>
        <time>2023-06-18T11:19:09Z</time>
      </trkpt>
      <trkpt lat="22.54318" lon="113.954581">
        <ele>5.2</ele>
        <time>2023-06-18T11:19:10Z</time>
      </trkpt>
      <trkpt lat="22.543194" lon="113.954577">
        <ele>5.2</ele>
        <time>2023-06-18T11:19:11Z</time>
      </trkpt>
      <trkpt lat="22.5432" lon="113.954589">
        <ele>5.2</ele>
        <time>2023-06-18T11:19:12Z</time>
      </trkpt>
      <trkpt lat="22.543218" lon="113.954584">
        <ele>5.2</ele>
        <time>2023-06-18T11:19:13Z</time>
      </trkpt>
      <trkpt lat="22.543258" lon="113.9546">
        <ele>5.2</ele>
        <time>2023-06-18T11:19:14Z</time>
      </trkpt>
      <trkpt lat="22.543305" lon="113.954612">
        <ele>5.2</ele>
        <time>2023-06-18T11:19:15Z</time>
      </trkpt>
      <trkpt lat="22.543347" lon="113.954604">
        <ele>5.2</ele>
        <time>2023-06-18T11:19:16Z</time>
      </trkpt>
      <trkpt lat="22.543375" lon="113.954597">
        <ele>5.2</ele>
        <time>2023-06-18T11:19:17Z</time>
      </trkpt>
      <trkpt lat="22.543395" lon="113.954597">
        <ele>5.2</ele>
        <time>2023-06-18T11:19:18Z</time>
      </trkpt>
      <trkpt lat="22.543417" lon="113.954596">
        <ele>5.2</ele>
        <time>2023-06-18T11:19:19Z</time>
      </trkpt>
      <trkpt lat="22.54344" lon="113.954589">
        <ele>5.2</ele>
        <time>2023-06-18T11:19:20Z</time>
      </trkpt>
      <trkpt lat="22.543458" lon="113.95458">
        <ele>5.2</ele>
        <time>2023-06-18T11:19:21Z</time>
      </trkpt>
      <trkpt lat="22.54348" lon="113.954567">
        <ele>5.2</ele>
        <time>2023-06-18T11:19:22Z</time>
      </trkpt>
      <trkpt lat="22.543512" lon="113.954567">
        <ele>5.2</ele>
        <time>2023-06-18T11:19:23Z</time>
      </trkpt>
      <trkpt lat="22.543558" lon="113.954566">
        <ele>5.2</ele>
        <time>2023-06-18T11:19:24Z</time>
      </trkpt>
      <trkpt lat="22.543585" lon="113.954559">
        <ele>5.2</ele>
        <time>2023-06-18T11:19:25Z</time>
      </trkpt>
      <trkpt lat="22.543612" lon="113.954559">
        <ele>5.2</ele>
        <time>2023-06-18T11:19:26Z</time>
      </trkpt>
      <trkpt lat="22.543649" lon="113.954561">
        <ele>5.2</ele>
        <time>2023-06-18T11:19:27Z</time>
      </trkpt>
      <trkpt lat="22.54371" lon="113.954575">
        <ele>5.2</ele>
        <time>2023-06-18T11:19:28Z</time>
      </trkpt>
      <trkpt lat="22.543765" lon="113.954575">
        <ele>5.2</ele>
        <time>2023-06-18T11:19:29Z</time>
      </trkpt>
      <trkpt lat="22.543809" lon="113.954575">
        <ele>5.2</ele>
        <time>2023-06-18T11:19:30Z</time>
      </trkpt>
      <trkpt lat="22.543853" lon="113.954574">
        <ele>5.2</ele>
        <time>2023-06-18T11:19:31Z</time>
      </trkpt>
      <trkpt lat="22.543889" lon="113.954567">
        <ele>5.2</ele>
        <time>2023-06-18T11:19:32Z</time>
      </trkpt>
      <trkpt lat="22.543923" lon="113.954567">
        <ele>5.2</ele>
        <time>2023-06-18T11:19:33Z</time>
      </trkpt>
      <trkpt lat="22.54395" lon="113.954567">
        <ele>5.2</ele>
        <time>2023-06-18T11:19:34Z</time>
      </trkpt>
      <trkpt lat="22.543977" lon="113.954568">
        <ele>5.2</ele>
        <time>2023-06-18T11:19:35Z</time>
      </trkpt>
      <trkpt lat="22.54401" lon="113.954575">
        <ele>5.2</ele>
        <time>2023-06-18T11:19:36Z</time>
      </trkpt>
      <trkpt lat="22.544042" lon="113.954575">
        <ele>5.2</ele>
        <time>2023-06-18T11:19:37Z</time>
      </trkpt>
      <trkpt lat="22.544078" lon="113.954574">
        <ele>5.2</ele>
        <time>2023-06-18T11:19:38Z</time>
      </trkpt>
      <trkpt lat="22.544116" lon="113.954567">
        <ele>5.2</ele>
        <time>2023-06-18T11:19:39Z</time>
      </trkpt>
      <trkpt lat="22.544157" lon="113.954567">
        <ele>5.2</ele>
        <time>2023-06-18T11:19:40Z</time>
      </trkpt>
      <trkpt lat="22.544197" lon="113.954567">
        <ele>5.2</ele>
        <time>2023-06-18T11:19:41Z</time>
      </trkpt>
      <trkpt lat="22.544235" lon="113.954567">
        <ele>5.2</ele>
        <time>2023-06-18T11:19:42Z</time>
      </trkpt>
      <trkpt lat="22.54427" lon="113.954567">
        <ele>5.2</ele>
        <time>2023-06-18T11:19:43Z</time>
      </trkpt>
      <trkpt lat="22.544305" lon="113.954567">
        <ele>5.2</ele>
        <time>2023-06-18T11:19:44Z</time>
      </trkpt>
      <trkpt lat="22.544338" lon="113.954567">
        <ele>5.2</ele>
        <time>2023-06-18T11:19:45Z</time>
      </trkpt>
      <trkpt lat="22.544376" lon="113.954567">
        <ele>5.2</ele>
        <time>2023-06-18T11:19:46Z</time>
      </trkpt>
      <trkpt lat="22.544419" lon="113.954568">
        <ele>5.2</ele>
        <time>2023-06-18T11:19:47Z</time>
      </trkpt>
      <trkpt lat="22.544459" lon="113.954573">
        <ele>5.2</ele>
        <time>2023-06-18T11:19:48Z</time>
      </trkpt>
      <trkpt lat="22.544493" lon="113.954567">
        <ele>5.2</ele>
        <time>2023-06-18T11:19:49Z</time>
      </trkpt>
      <trkpt lat="22.544531" lon="113.954567">
        <ele>5.2</ele>
        <time>2023-06-18T11:19:50Z</time>
      </trkpt>
      <trkpt lat="22.544573" lon="113.954568">
        <ele>5.2</ele>
        <time>2023-06-18T11:19:51Z</time>
      </trkpt>
      <trkpt lat="22.544613" lon="113.954575">
        <ele>5.2</ele>
        <time>2023-06-18T11:19:52Z</time>
      </trkpt>
      <trkpt lat="22.54465" lon="113.954575">
        <ele>5.2</ele>
        <time>2023-06-18T11:19:53Z</time>
      </trkpt>
      <trkpt lat="22.544685" lon="113.954575">
        <ele>5.2</ele>
        <time>2023-06-18T11:19:54Z</time>
      </trkpt>
      <trkpt lat="22.544721" lon="113.954575">
        <ele>5.2</ele>
        <time>2023-06-18T11:19:55Z</time>
      </trkpt>
      <trkpt lat="22.544756" lon="113.954573">
        <ele>5.2</ele>
        <time>2023-06-18T11:19:56Z</time>
      </trkpt>
      <trkpt lat="22.544792" lon="113.954567">
        <ele>5.2</ele>
        <time>2023-06-18T11:19:57Z</time>
      </trkpt>
      <trkpt lat="22.544829" lon="113.954567">
        <ele>5.2</ele>
        <time>2023-06-18T11:19:58Z</time>
      </trkpt>
      <trkpt lat="22.544869" lon="113.954567">
        <ele>5.2</ele>
        <time>2023-06-18T11:19:59Z</time>
      </trkpt>
      <trkpt lat="22.544909" lon="113.954568">
        <ele>5.2</ele>
        <time>2023-06-18T11:20:00Z</time>
      </trkpt>
      <trkpt lat="22.544948" lon="113.954575">
        <ele>5.3</ele>
        <time>2023-06-18T11:20:01Z</time>
      </trkpt>
      <trkpt lat="22.544984" lon="113.954576">
        <ele>5.3</ele>
        <time>2023-06-18T11:20:02Z</time>
      </trkpt>
      <trkpt lat="22.545019" lon="113.954582">
        <ele>5.3</ele>
        <time>2023-06-18T11:20:03Z</time>
      </trkpt>
      <trkpt lat="22.545058" lon="113.954582">
        <ele>5.3</ele>
        <time>2023-06-18T11:20:04Z</time>
      </trkpt>
      <trkpt lat="22.545098" lon="113.954582">
        <ele>5.3</ele>
        <time>2023-06-18T11:20:05Z</time>
      </trkpt>
      <trkpt lat="22.545137" lon="113.954583">
        <ele>5.3</ele>
        <time>2023-06-18T11:20:06Z</time>
      </trkpt>
      <trkpt lat="22.545176" lon="113.954591">
        <ele>5.3</ele>
        <time>2023-06-18T11:20:07Z</time>
      </trkpt>
      <trkpt lat="22.545218" lon="113.954597">
        <ele>5.3</ele>
        <time>2023-06-18T11:20:08Z</time>
      </trkpt>
      <trkpt lat="22.545256" lon="113.954599">
        <ele>5.3</ele>
        <time>2023-06-18T11:20:09Z</time>
      </trkpt>
      <trkpt lat="22.545298" lon="113.954606">
        <ele>5.3</ele>
        <time>2023-06-18T11:20:10Z</time>
      </trkpt>
      <trkpt lat="22.545338" lon="113.954613">
        <ele>5.3</ele>
        <time>2023-06-18T11:20:11Z</time>
      </trkpt>
      <trkpt lat="22.545378" lon="113.954614">
        <ele>5.3</ele>
        <time>2023-06-18T11:20:12Z</time>
      </trkpt>
      <trkpt lat="22.545419" lon="113.95462">
        <ele>5.3</ele>
        <time>2023-06-18T11:20:13Z</time>
      </trkpt>
      <trkpt lat="22.545459" lon="113.954621">
        <ele>5.3</ele>
        <time>2023-06-18T11:20:14Z</time>
      </trkpt>
      <trkpt lat="22.545501" lon="113.954628">
        <ele>5.3</ele>
        <time>2023-06-18T11:20:15Z</time>
      </trkpt>
      <trkpt lat="22.54554" lon="113.95463">
        <ele>5.3</ele>
        <time>2023-06-18T11:20:16Z</time>
      </trkpt>
      <trkpt lat="22.545584" lon="113.954645">
        <ele>5.3</ele>
        <time>2023-06-18T11:20:17Z</time>
      </trkpt>
      <trkpt lat="22.545624" lon="113.954653">
        <ele>5.3</ele>
        <time>2023-06-18T11:20:18Z</time>
      </trkpt>
      <trkpt lat="22.545667" lon="113.954667">
        <ele>5.3</ele>
        <time>2023-06-18T11:20:19Z</time>
      </trkpt>
      <trkpt lat="22.545706" lon="113.954675">
        <ele>5.3</ele>
        <time>2023-06-18T11:20:20Z</time>
      </trkpt>
      <trkpt lat="22.545746" lon="113.954683">
        <ele>5.3</ele>
        <time>2023-06-18T11:20:21Z</time>
      </trkpt>
      <trkpt lat="22.545791" lon="113.954691">
        <ele>5.3</ele>
        <time>2023-06-18T11:20:22Z</time>
      </trkpt>
      <trkpt lat="22.545847" lon="113.954705">
        <ele>5.3</ele>
        <time>2023-06-18T11:20:23Z</time>
      </trkpt>
      <trkpt lat="22.545889" lon="113.954714">
        <ele>5.3</ele>
        <time>2023-06-18T11:20:24Z</time>
      </trkpt>
      <trkpt lat="22.545936" lon="113.954729">
        <ele>5.4</ele>
        <time>2023-06-18T11:20:25Z</time>
      </trkpt>
      <trkpt lat="22.545983" lon="113.954744">
        <ele>5.4</ele>
        <time>2023-06-18T11:20:26Z</time>
      </trkpt>
      <trkpt lat="22.546026" lon="113.954752">
        <ele>5.4</ele>
        <time>2023-06-18T11:20:27Z</time>
      </trkpt>
      <trkpt lat="22.546061" lon="113.954766">
        <ele>5.4</ele>
        <time>2023-06-18T11:20:28Z</time>
      </trkpt>
      <trkpt lat="22.546095" lon="113.954774">
        <ele>5.4</ele>
        <time>2023-06-18T11:20:29Z</time>
      </trkpt>
      <trkpt lat="22.546133" lon="113.954783">
        <ele>5.4</ele>
        <time>2023-06-18T11:20:30Z</time>
      </trkpt>
      <trkpt lat="22.546175" lon="113.954798">
        <ele>5.4</ele>
        <time>2023-06-18T11:20:31Z</time>
      </trkpt>
      <trkpt lat="22.546219" lon="113.954812">
        <ele>5.4</ele>
        <time>2023-06-18T11:20:32Z</time>
      </trkpt>
      <trkpt lat="22.546263" lon="113.954821">
        <ele>5.4</ele>
        <time>2023-06-18T11:20:33Z</time>
      </trkpt>
      <trkpt lat="22.546306" lon="113.954835">
        <ele>5.4</ele>
        <time>2023-06-18T11:20:34Z</time>
      </trkpt>
      <trkpt lat="22.546351" lon="113.954843">
        <ele>5.4</ele>
        <time>2023-06-18T11:20:35Z</time>
      </trkpt>
      <trkpt lat="22.546393" lon="113.95485">
        <ele>5.4</ele>
        <time>2023-06-18T11:20:36Z</time>
      </trkpt>
      <trkpt lat="22.546436" lon="113.95486">
        <ele>5.5</ele>
        <time>2023-06-18T11:20:37Z</time>
      </trkpt>
      <trkpt lat="22.546477" lon="113.954874">
        <ele>5.5</ele>
        <time>2023-06-18T11:20:38Z</time>
      </trkpt>
      <trkpt lat="22.546515" lon="113.954882">
        <ele>5.5</ele>
        <time>2023-06-18T11:20:39Z</time>
      </trkpt>
      <trkpt lat="22.546554" lon="113.954897">
        <ele>5.5</ele>
        <time>2023-06-18T11:20:40Z</time>
      </trkpt>
      <trkpt lat="22.546594" lon="113.954912">
        <ele>5.5</ele>
        <time>2023-06-18T11:20:41Z</time>
      </trkpt>
      <trkpt lat="22.546631" lon="113.954929">
        <ele>5.5</ele>
        <time>2023-06-18T11:20:42Z</time>
      </trkpt>
      <trkpt lat="22.546673" lon="113.954951">
        <ele>5.5</ele>
        <time>2023-06-18T11:20:43Z</time>
      </trkpt>
      <trkpt lat="22.546711" lon="113.954966">
        <ele>5.5</ele>
        <time>2023-06-18T11:20:44Z</time>
      </trkpt>
      <trkpt lat="22.546751" lon="113.954981">
        <ele>5.5</ele>
        <time>2023-06-18T11:20:45Z</time>
      </trkpt>
      <trkpt lat="22.546794" lon="113.954997">
        <ele>5.5</ele>
        <time>2023-06-18T11:20:46Z</time>
      </trkpt>
      <trkpt lat="22.546833" lon="113.955009">
        <ele>5.5</ele>
        <time>2023-06-18T11:20:47Z</time>
      </trkpt>
      <trkpt lat="22.546875" lon="113.955011">
        <ele>5.5</ele>
        <time>2023-06-18T11:20:48Z</time>
      </trkpt>
      <trkpt lat="22.546916" lon="113.95502">
        <ele>5.6</ele>
        <time>2023-06-18T11:20:49Z</time>
      </trkpt>
      <trkpt lat="22.546958" lon="113.955036">
        <ele>5.6</ele>
        <time>2023-06-18T11:20:50Z</time>
      </trkpt>
      <trkpt lat="22.546996" lon="113.955058">
        <ele>5.6</ele>
        <time>2023-06-18T11:20:51Z</time>
      </trkpt>
      <trkpt lat="22.547036" lon="113.955073">
        <ele>5.6</ele>
        <time>2023-06-18T11:20:52Z</time>
      </trkpt>
      <trkpt lat="22.547073" lon="113.955088">
        <ele>5.6</ele>
        <time>2023-06-18T11:20:53Z</time>
      </trkpt>
      <trkpt lat="22.54711" lon="113.955103">
        <ele>5.6</ele>
        <time>2023-06-18T11:20:54Z</time>
      </trkpt>
      <trkpt lat="22.547153" lon="113.955118">
        <ele>5.6</ele>
        <time>2023-06-18T11:20:55Z</time>
      </trkpt>
      <trkpt lat="22.547195" lon="113.955134">
        <ele>5.6</ele>
        <time>2023-06-18T11:20:56Z</time>
      </trkpt>
      <trkpt lat="22.547234" lon="113.95515">
        <ele>5.6</ele>
        <time>2023-06-18T11:20:57Z</time>
      </trkpt>
      <trkpt lat="22.547274" lon="113.955172">
        <ele>5.6</ele>
        <time>2023-06-18T11:20:58Z</time>
      </trkpt>
      <trkpt lat="22.547314" lon="113.955186">
        <ele>5.6</ele>
        <time>2023-06-18T11:20:59Z</time>
      </trkpt>
      <trkpt lat="22.547351" lon="113.955195">
        <ele>5.6</ele>
        <time>2023-06-18T11:21:00Z</time>
      </trkpt>
      <trkpt lat="22.547389" lon="113.955209">
        <ele>5.6</ele>
        <time>2023-06-18T11:21:01Z</time>
      </trkpt>
      <trkpt lat="22.547426" lon="113.955215">
        <ele>5.7</ele>
        <time>2023-06-18T11:21:02Z</time>
      </trkpt>
      <trkpt lat="22.547453" lon="113.955216">
        <ele>5.7</ele>
        <time>2023-06-18T11:21:03Z</time>
      </trkpt>
      <trkpt lat="22.547494" lon="113.955224">
        <ele>5.7</ele>
        <time>2023-06-18T11:21:04Z</time>
      </trkpt>
      <trkpt lat="22.547537" lon="113.955233">
        <ele>5.7</ele>
        <time>2023-06-18T11:21:05Z</time>
      </trkpt>
      <trkpt lat="22.547582" lon="113.955247">
        <ele>5.7</ele>
        <time>2023-06-18T11:21:06Z</time>
      </trkpt>
      <trkpt lat="22.547627" lon="113.955255">
        <ele>5.7</ele>
        <time>2023-06-18T11:21:07Z</time>
      </trkpt>
      <trkpt lat="22.54767" lon="113.955262">
        <ele>5.7</ele>
        <time>2023-06-18T11:21:08Z</time>
      </trkpt>
      <trkpt lat="22.547711" lon="113.95527">
        <ele>5.7</ele>
        <time>2023-06-18T11:21:09Z</time>
      </trkpt>
      <trkpt lat="22.547755" lon="113.955278">
        <ele>5.7</ele>
        <time>2023-06-18T11:21:10Z</time>
      </trkpt>
      <trkpt lat="22.547801" lon="113.955286">
        <ele>5.7</ele>
        <time>2023-06-18T11:21:11Z</time>
      </trkpt>
      <trkpt lat="22.547844" lon="113.955301">
        <ele>5.8</ele>
        <time>2023-06-18T11:21:12Z</time>
      </trkpt>
      <trkpt lat="22.547886" lon="113.955316">
        <ele>5.8</ele>
        <time>2023-06-18T11:21:13Z</time>
      </trkpt>
      <trkpt lat="22.547929" lon="113.955323">
        <ele>5.8</ele>
        <time>2023-06-18T11:21:14Z</time>
      </trkpt>
      <trkpt lat="22.547972" lon="113.955331">
        <ele>5.8</ele>
        <time>2023-06-18T11:21:15Z</time>
      </trkpt>
      <trkpt lat="22.548014" lon="113.95534">
        <ele>5.8</ele>
        <time>2023-06-18T11:21:16Z</time>
      </trkpt>
      <trkpt lat="22.548058" lon="113.955354">
        <ele>5.8</ele>
        <time>2023-06-18T11:21:17Z</time>
      </trkpt>
      <trkpt lat="22.548099" lon="113.955361">
        <ele>5.8</ele>
        <time>2023-06-18T11:21:18Z</time>
      </trkpt>
      <trkpt lat="22.548136" lon="113.955369">
        <ele>5.8</ele>
        <time>2023-06-18T11:21:19Z</time>
      </trkpt>
      <trkpt lat="22.548176" lon="113.955377">
        <ele>5.8</ele>
        <time>2023-06-18T11:21:20Z</time>
      </trkpt>
      <trkpt lat="22.548213" lon="113.955385">
        <ele>5.8</ele>
        <time>2023-06-18T11:21:21Z</time>
      </trkpt>
      <trkpt lat="22.548255" lon="113.955401">
        <ele>5.9</ele>
        <time>2023-06-18T11:21:22Z</time>
      </trkpt>
      <trkpt lat="22.548298" lon="113.955415">
        <ele>5.9</ele>
        <time>2023-06-18T11:21:23Z</time>
      </trkpt>
      <trkpt lat="22.548338" lon="113.955424">
        <ele>5.9</ele>
        <time>2023-06-18T11:21:24Z</time>
      </trkpt>
      <trkpt lat="22.548377" lon="113.955438">
        <ele>5.9</ele>
        <time>2023-06-18T11:21:25Z</time>
      </trkpt>
      <trkpt lat="22.548414" lon="113.955449">
        <ele>5.9</ele>
        <time>2023-06-18T11:21:26Z</time>
      </trkpt>
      <trkpt lat="22.548453" lon="113.95547">
        <ele>5.9</ele>
        <time>2023-06-18T11:21:27Z</time>
      </trkpt>
      <trkpt lat="22.548493" lon="113.955484">
        <ele>5.9</ele>
        <time>2023-06-18T11:21:28Z</time>
      </trkpt>
      <trkpt lat="22.548533" lon="113.955493">
        <ele>5.9</ele>
        <time>2023-06-18T11:21:29Z</time>
      </trkpt>
      <trkpt lat="22.548577" lon="113.955509">
        <ele>5.9</ele>
        <time>2023-06-18T11:21:30Z</time>
      </trkpt>
      <trkpt lat="22.548618" lon="113.955522">
        <ele>6</ele>
        <time>2023-06-18T11:21:31Z</time>
      </trkpt>
      <trkpt lat="22.54866" lon="113.955531">
        <ele>6</ele>
        <time>2023-06-18T11:21:32Z</time>
      </trkpt>
      <trkpt lat="22.5487" lon="113.955545">
        <ele>6</ele>
        <time>2023-06-18T11:21:33Z</time>
      </trkpt>
      <trkpt lat="22.548739" lon="113.955554">
        <ele>6</ele>
        <time>2023-06-18T11:21:34Z</time>
      </trkpt>
      <trkpt lat="22.548779" lon="113.955568">
        <ele>6</ele>
        <time>2023-06-18T11:21:35Z</time>
      </trkpt>
      <trkpt lat="22.548819" lon="113.955577">
        <ele>6</ele>
        <time>2023-06-18T11:21:36Z</time>
      </trkpt>
      <trkpt lat="22.548859" lon="113.955599">
        <ele>6</ele>
        <time>2023-06-18T11:21:37Z</time>
      </trkpt>
      <trkpt lat="22.548901" lon="113.955614">
        <ele>6</ele>
        <time>2023-06-18T11:21:38Z</time>
      </trkpt>
      <trkpt lat="22.548942" lon="113.955621">
        <ele>6</ele>
        <time>2023-06-18T11:21:39Z</time>
      </trkpt>
      <trkpt lat="22.548985" lon="113.955629">
        <ele>6.1</ele>
        <time>2023-06-18T11:21:40Z</time>
      </trkpt>
      <trkpt lat="22.549029" lon="113.955637">
        <ele>6.1</ele>
        <time>2023-06-18T11:21:41Z</time>
      </trkpt>
      <trkpt lat="22.549072" lon="113.955653">
        <ele>6.1</ele>
        <time>2023-06-18T11:21:42Z</time>
      </trkpt>
      <trkpt lat="22.54911" lon="113.955667">
        <ele>6.1</ele>
        <time>2023-06-18T11:21:43Z</time>
      </trkpt>
      <trkpt lat="22.549153" lon="113.955675">
        <ele>6.1</ele>
        <time>2023-06-18T11:21:44Z</time>
      </trkpt>
      <trkpt lat="22.549198" lon="113.95569">
        <ele>6.1</ele>
        <time>2023-06-18T11:21:45Z</time>
      </trkpt>
      <trkpt lat="22.549237" lon="113.955698">
        <ele>6.1</ele>
        <time>2023-06-18T11:21:46Z</time>
      </trkpt>
      <trkpt lat="22.54928" lon="113.955714">
        <ele>6.1</ele>
        <time>2023-06-18T11:21:47Z</time>
      </trkpt>
      <trkpt lat="22.549327" lon="113.955727">
        <ele>6.1</ele>
        <time>2023-06-18T11:21:48Z</time>
      </trkpt>
      <trkpt lat="22.549375" lon="113.955728">
        <ele>6.2</ele>
        <time>2023-06-18T11:21:49Z</time>
      </trkpt>
      <trkpt lat="22.54942" lon="113.955737">
        <ele>6.2</ele>
        <time>2023-06-18T11:21:50Z</time>
      </trkpt>
      <trkpt lat="22.549467" lon="113.955751">
        <ele>6.2</ele>
        <time>2023-06-18T11:21:51Z</time>
      </trkpt>
      <trkpt lat="22.549516" lon="113.95576">
        <ele>6.2</ele>
        <time>2023-06-18T11:21:52Z</time>
      </trkpt>
      <trkpt lat="22.549557" lon="113.955772">
        <ele>6.2</ele>
        <time>2023-06-18T11:21:53Z</time>
      </trkpt>
      <trkpt lat="22.549601" lon="113.955772">
        <ele>6.2</ele>
        <time>2023-06-18T11:21:54Z</time>
      </trkpt>
      <trkpt lat="22.549645" lon="113.955775">
        <ele>6.2</ele>
        <time>2023-06-18T11:21:55Z</time>
      </trkpt>
      <trkpt lat="22.549688" lon="113.955797">
        <ele>6.2</ele>
        <time>2023-06-18T11:21:56Z</time>
      </trkpt>
      <trkpt lat="22.549733" lon="113.955812">
        <ele>6.2</ele>
        <time>2023-06-18T11:21:57Z</time>
      </trkpt>
      <trkpt lat="22.549777" lon="113.955819">
        <ele>6.2</ele>
        <time>2023-06-18T11:21:58Z</time>
      </trkpt>
      <trkpt lat="22.549821" lon="113.955827">
        <ele>6.2</ele>
        <time>2023-06-18T11:21:59Z</time>
      </trkpt>
      <trkpt lat="22.549868" lon="113.955833">
        <ele>6.2</ele>
        <time>2023-06-18T11:22:00Z</time>
      </trkpt>
      <trkpt lat="22.549912" lon="113.955833">
        <ele>6.2</ele>
        <time>2023-06-18T11:22:01Z</time>
      </trkpt>
      <trkpt lat="22.549955" lon="113.955835">
        <ele>6.2</ele>
        <time>2023-06-18T11:22:02Z</time>
      </trkpt>
      <trkpt lat="22.550001" lon="113.955841">
        <ele>6.2</ele>
        <time>2023-06-18T11:22:03Z</time>
      </trkpt>
      <trkpt lat="22.550044" lon="113.955841">
        <ele>6.2</ele>
        <time>2023-06-18T11:22:04Z</time>
      </trkpt>
      <trkpt lat="22.550078" lon="113.95584">
        <ele>6.2</ele>
        <time>2023-06-18T11:22:05Z</time>
      </trkpt>
      <trkpt lat="22.550126" lon="113.955831">
        <ele>6.2</ele>
        <time>2023-06-18T11:22:06Z</time>
      </trkpt>
      <trkpt lat="22.550179" lon="113.955819">
        <ele>6.2</ele>
        <time>2023-06-18T11:22:07Z</time>
      </trkpt>
      <trkpt lat="22.550231" lon="113.955825">
        <ele>6.2</ele>
        <time>2023-06-18T11:22:08Z</time>
      </trkpt>
      <trkpt lat="22.550277" lon="113.955817">
        <ele>6.2</ele>
        <time>2023-06-18T11:22:09Z</time>
      </trkpt>
      <trkpt lat="22.550329" lon="113.955811">
        <ele>6.2</ele>
        <time>2023-06-18T11:22:10Z</time>
      </trkpt>
      <trkpt lat="22.550379" lon="113.955809">
        <ele>6.2</ele>
        <time>2023-06-18T11:22:11Z</time>
      </trkpt>
      <trkpt lat="22.550428" lon="113.955803">
        <ele>6.2</ele>
        <time>2023-06-18T11:22:12Z</time>
      </trkpt>
      <trkpt lat="22.550479" lon="113.955802">
        <ele>6.2</ele>
        <time>2023-06-18T11:22:13Z</time>
      </trkpt>
      <trkpt lat="22.550524" lon="113.955794">
        <ele>6.2</ele>
        <time>2023-06-18T11:22:14Z</time>
      </trkpt>
      <trkpt lat="22.550569" lon="113.955787">
        <ele>6.2</ele>
        <time>2023-06-18T11:22:15Z</time>
      </trkpt>
      <trkpt lat="22.550617" lon="113.955779">
        <ele>6.2</ele>
        <time>2023-06-18T11:22:16Z</time>
      </trkpt>
      <trkpt lat="22.550669" lon="113.955771">
        <ele>6.2</ele>
        <time>2023-06-18T11:22:17Z</time>
      </trkpt>
      <trkpt lat="22.55072" lon="113.955763">
        <ele>6.2</ele>
        <time>2023-06-18T11:22:18Z</time>
      </trkpt>
      <trkpt lat="22.550765" lon="113.955756">
        <ele>6.2</ele>
        <time>2023-06-18T11:22:19Z</time>
      </trkpt>
      <trkpt lat="22.550809" lon="113.955748">
        <ele>6.2</ele>
        <time>2023-06-18T11:22:20Z</time>
      </trkpt>
      <trkpt lat="22.550857" lon="113.95574">
        <ele>6.2</ele>
        <time>2023-06-18T11:22:21Z</time>
      </trkpt>
      <trkpt lat="22.550902" lon="113.955725">
        <ele>6.2</ele>
        <time>2023-06-18T11:22:22Z</time>
      </trkpt>
      <trkpt lat="22.550944" lon="113.955717">
        <ele>6.2</ele>
        <time>2023-06-18T11:22:23Z</time>
      </trkpt>
      <trkpt lat="22.550986" lon="113.955703">
        <ele>6.2</ele>
        <time>2023-06-18T11:22:24Z</time>
      </trkpt>
      <trkpt lat="22.551027" lon="113.955695">
        <ele>6.2</ele>
        <time>2023-06-18T11:22:25Z</time>
      </trkpt>
      <trkpt lat="22.55107" lon="113.955686">
        <ele>6.2</ele>
        <time>2023-06-18T11:22:26Z</time>
      </trkpt>
      <trkpt lat="22.551114" lon="113.955672">
        <ele>6.2</ele>
        <time>2023-06-18T11:22:27Z</time>
      </trkpt>
      <trkpt lat="22.551159" lon="113.955664">
        <ele>6.2</ele>
        <time>2023-06-18T11:22:28Z</time>
      </trkpt>
      <trkpt lat="22.551204" lon="113.955649">
        <ele>6.2</ele>
        <time>2023-06-18T11:22:29Z</time>
      </trkpt>
      <trkpt lat="22.551246" lon="113.955642">
        <ele>6.2</ele>
        <time>2023-06-18T11:22:30Z</time>
      </trkpt>
      <trkpt lat="22.551288" lon="113.955634">
        <ele>6.2</ele>
        <time>2023-06-18T11:22:31Z</time>
      </trkpt>
      <trkpt lat="22.551327" lon="113.955626">
        <ele>6.2</ele>
        <time>2023-06-18T11:22:32Z</time>
      </trkpt>
      <trkpt lat="22.55137" lon="113.955617">
        <ele>6.2</ele>
        <time>2023-06-18T11:22:33Z</time>
      </trkpt>
      <trkpt lat="22.551411" lon="113.955603">
        <ele>6.2</ele>
        <time>2023-06-18T11:22:34Z</time>
      </trkpt>
      <trkpt lat="22.55145" lon="113.955596">
        <ele>6.2</ele>
        <time>2023-06-18T11:22:35Z</time>
      </trkpt>
      <trkpt lat="22.551487" lon="113.955588">
        <ele>6.2</ele>
        <time>2023-06-18T11:22:36Z</time>
      </trkpt>
      <trkpt lat="22.551531" lon="113.95558">
        <ele>6.1</ele>
        <time>2023-06-18T11:22:37Z</time>
      </trkpt>
      <trkpt lat="22.551567" lon="113.955564">
        <ele>6.1</ele>
        <time>2023-06-18T11:22:38Z</time>
      </trkpt>
      <trkpt lat="22.551593" lon="113.95555">
        <ele>6.1</ele>
        <time>2023-06-18T11:22:39Z</time>
      </trkpt>
      <trkpt lat="22.551614" lon="113.955541">
        <ele>6.1</ele>
        <time>2023-06-18T11:22:40Z</time>
      </trkpt>
      <trkpt lat="22.551636" lon="113.955527">
        <ele>6.1</ele>
        <time>2023-06-18T11:22:41Z</time>
      </trkpt>
      <trkpt lat="22.551667" lon="113.955517">
        <ele>6.1</ele>
        <time>2023-06-18T11:22:42Z</time>
      </trkpt>
      <trkpt lat="22.5517" lon="113.955495">
        <ele>6.1</ele>
        <time>2023-06-18T11:22:43Z</time>
      </trkpt>
      <trkpt lat="22.551731" lon="113.955479">
        <ele>6.1</ele>
        <time>2023-06-18T11:22:44Z</time>
      </trkpt>
      <trkpt lat="22.551761" lon="113.955457">
        <ele>6.1</ele>
        <time>2023-06-18T11:22:45Z</time>
      </trkpt>
      <trkpt lat="22.55179" lon="113.955442">
        <ele>6.1</ele>
        <time>2023-06-18T11:22:46Z</time>
      </trkpt>
      <trkpt lat="22.551826" lon="113.955427">
        <ele>6.1</ele>
        <time>2023-06-18T11:22:47Z</time>
      </trkpt>
      <trkpt lat="22.551864" lon="113.955412">
        <ele>6.1</ele>
        <time>2023-06-18T11:22:48Z</time>
      </trkpt>
      <trkpt lat="22.551903" lon="113.955396">
        <ele>6.1</ele>
        <time>2023-06-18T11:22:49Z</time>
      </trkpt>
      <trkpt lat="22.551942" lon="113.955381">
        <ele>6</ele>
        <time>2023-06-18T11:22:50Z</time>
      </trkpt>
      <trkpt lat="22.551976" lon="113.955366">
        <ele>6</ele>
        <time>2023-06-18T11:22:51Z</time>
      </trkpt>
      <trkpt lat="22.552013" lon="113.955349">
        <ele>6</ele>
        <time>2023-06-18T11:22:52Z</time>
      </trkpt>
      <trkpt lat="22.552045" lon="113.955328">
        <ele>6</ele>
        <time>2023-06-18T11:22:53Z</time>
      </trkpt>
      <trkpt lat="22.552079" lon="113.955312">
        <ele>6</ele>
        <time>2023-06-18T11:22:54Z</time>
      </trkpt>
      <trkpt lat="22.552114" lon="113.955289">
        <ele>6</ele>
        <time>2023-06-18T11:22:55Z</time>
      </trkpt>
      <trkpt lat="22.552148" lon="113.955273">
        <ele>6</ele>
        <time>2023-06-18T11:22:56Z</time>
      </trkpt>
      <trkpt lat="22.552181" lon="113.95525">
        <ele>6</ele>
        <time>2023-06-18T11:22:57Z</time>
      </trkpt>
      <trkpt lat="22.552215" lon="113.955227">
        <ele>6</ele>
        <time>2023-06-18T11:22:58Z</time>
      </trkpt>
      <trkpt lat="22.552251" lon="113.955204">
        <ele>6</ele>
        <time>2023-06-18T11:22:59Z</time>
      </trkpt>
      <trkpt lat="22.552283" lon="113.955182">
        <ele>6</ele>
        <time>2023-06-18T11:23:00Z</time>
      </trkpt>
      <trkpt lat="22.552315" lon="113.955159">
        <ele>5.9</ele>
        <time>2023-06-18T11:23:01Z</time>
      </trkpt>
      <trkpt lat="22.552353" lon="113.955137">
        <ele>5.9</ele>
        <time>2023-06-18T11:23:02Z</time>
      </trkpt>
      <trkpt lat="22.552392" lon="113.95512">
        <ele>5.9</ele>
        <time>2023-06-18T11:23:03Z</time>
      </trkpt>
      <trkpt lat="22.552421" lon="113.955099">
        <ele>5.9</ele>
        <time>2023-06-18T11:23:04Z</time>
      </trkpt>
      <trkpt lat="22.552445" lon="113.955082">
        <ele>5.9</ele>
        <time>2023-06-18T11:23:05Z</time>
      </trkpt>
      <trkpt lat="22.552474" lon="113.95506">
        <ele>5.9</ele>
        <time>2023-06-18T11:23:06Z</time>
      </trkpt>
      <trkpt lat="22.552508" lon="113.955035">
        <ele>5.9</ele>
        <time>2023-06-18T11:23:07Z</time>
      </trkpt>
      <trkpt lat="22.552543" lon="113.955004">
        <ele>5.9</ele>
        <time>2023-06-18T11:23:08Z</time>
      </trkpt>
      <trkpt lat="22.552577" lon="113.954973">
        <ele>5.9</ele>
        <time>2023-06-18T11:23:09Z</time>
      </trkpt>
      <trkpt lat="22.55261" lon="113.954943">
        <ele>5.9</ele>
        <time>2023-06-18T11:23:10Z</time>
      </trkpt>
      <trkpt lat="22.552644" lon="113.954905">
        <ele>5.9</ele>
        <time>2023-06-18T11:23:11Z</time>
      </trkpt>
      <trkpt lat="22.552681" lon="113.954868">
        <ele>5.8</ele>
        <time>2023-06-18T11:23:12Z</time>
      </trkpt>
      <trkpt lat="22.552719" lon="113.954837">
        <ele>5.8</ele>
        <time>2023-06-18T11:23:13Z</time>
      </trkpt>
      <trkpt lat="22.552752" lon="113.954807">
        <ele>5.8</ele>
        <time>2023-06-18T11:23:14Z</time>
      </trkpt>
      <trkpt lat="22.552787" lon="113.954777">
        <ele>5.8</ele>
        <time>2023-06-18T11:23:15Z</time>
      </trkpt>
      <trkpt lat="22.552819" lon="113.954754">
        <ele>5.8</ele>
        <time>2023-06-18T11:23:16Z</time>
      </trkpt>
      <trkpt lat="22.552856" lon="113.954722">
        <ele>5.9</ele>
        <time>2023-06-18T11:23:17Z</time>
      </trkpt>
      <trkpt lat="22.552893" lon="113.954693">
        <ele>5.9</ele>
        <time>2023-06-18T11:23:18Z</time>
      </trkpt>
      <trkpt lat="22.552931" lon="113.954669">
        <ele>5.9</ele>
        <time>2023-06-18T11:23:19Z</time>
      </trkpt>
      <trkpt lat="22.552968" lon="113.954637">
        <ele>5.9</ele>
        <time>2023-06-18T11:23:20Z</time>
      </trkpt>
      <trkpt lat="22.553001" lon="113.954606">
        <ele>5.9</ele>
        <time>2023-06-18T11:23:21Z</time>
      </trkpt>
      <trkpt lat="22.553037" lon="113.95457">
        <ele>5.9</ele>
        <time>2023-06-18T11:23:22Z</time>
      </trkpt>
      <trkpt lat="22.553072" lon="113.954539">
        <ele>5.9</ele>
        <time>2023-06-18T11:23:23Z</time>
      </trkpt>
      <trkpt lat="22.553106" lon="113.954507">
        <ele>5.9</ele>
        <time>2023-06-18T11:23:24Z</time>
      </trkpt>
      <trkpt lat="22.553139" lon="113.95447">
        <ele>5.9</ele>
        <time>2023-06-18T11:23:25Z</time>
      </trkpt>
      <trkpt lat="22.553176" lon="113.954437">
        <ele>5.9</ele>
        <time>2023-06-18T11:23:26Z</time>
      </trkpt>
      <trkpt lat="22.55321" lon="113.954401">
        <ele>5.9</ele>
        <time>2023-06-18T11:23:27Z</time>
      </trkpt>
      <trkpt lat="22.553241" lon="113.954371">
        <ele>5.9</ele>
        <time>2023-06-18T11:23:28Z</time>
      </trkpt>
      <trkpt lat="22.55327" lon="113.954339">
        <ele>5.9</ele>
        <time>2023-06-18T11:23:29Z</time>
      </trkpt>
      <trkpt lat="22.5533" lon="113.954303">
        <ele>5.9</ele>
        <time>2023-06-18T11:23:30Z</time>
      </trkpt>
      <trkpt lat="22.553334" lon="113.954273">
        <ele>5.9</ele>
        <time>2023-06-18T11:23:31Z</time>
      </trkpt>
      <trkpt lat="22.553372" lon="113.954249">
        <ele>5.9</ele>
        <time>2023-06-18T11:23:32Z</time>
      </trkpt>
      <trkpt lat="22.553407" lon="113.95422">
        <ele>5.9</ele>
        <time>2023-06-18T11:23:33Z</time>
      </trkpt>
      <trkpt lat="22.553444" lon="113.954197">
        <ele>5.9</ele>
        <time>2023-06-18T11:23:34Z</time>
      </trkpt>
      <trkpt lat="22.553484" lon="113.954174">
        <ele>5.9</ele>
        <time>2023-06-18T11:23:35Z</time>
      </trkpt>
      <trkpt lat="22.553524" lon="113.954152">
        <ele>5.9</ele>
        <time>2023-06-18T11:23:36Z</time>
      </trkpt>
      <trkpt lat="22.553563" lon="113.954127">
        <ele>5.9</ele>
        <time>2023-06-18T11:23:37Z</time>
      </trkpt>
      <trkpt lat="22.553607" lon="113.954097">
        <ele>5.9</ele>
        <time>2023-06-18T11:23:38Z</time>
      </trkpt>
      <trkpt lat="22.55365" lon="113.954074">
        <ele>5.9</ele>
        <time>2023-06-18T11:23:39Z</time>
      </trkpt>
      <trkpt lat="22.553687" lon="113.954044">
        <ele>5.9</ele>
        <time>2023-06-18T11:23:40Z</time>
      </trkpt>
      <trkpt lat="22.553726" lon="113.954021">
        <ele>6</ele>
        <time>2023-06-18T11:23:41Z</time>
      </trkpt>
      <trkpt lat="22.553766" lon="113.953999">
        <ele>6</ele>
        <time>2023-06-18T11:23:42Z</time>
      </trkpt>
      <trkpt lat="22.553807" lon="113.953975">
        <ele>6</ele>
        <time>2023-06-18T11:23:43Z</time>
      </trkpt>
      <trkpt lat="22.553848" lon="113.953944">
        <ele>6</ele>
        <time>2023-06-18T11:23:44Z</time>
      </trkpt>
      <trkpt lat="22.553889" lon="113.953915">
        <ele>6</ele>
        <time>2023-06-18T11:23:45Z</time>
      </trkpt>
      <trkpt lat="22.553933" lon="113.953891">
        <ele>6</ele>
        <time>2023-06-18T11:23:46Z</time>
      </trkpt>
      <trkpt lat="22.553972" lon="113.95386">
        <ele>6</ele>
        <time>2023-06-18T11:23:47Z</time>
      </trkpt>
      <trkpt lat="22.554008" lon="113.95383">
        <ele>6</ele>
        <time>2023-06-18T11:23:48Z</time>
      </trkpt>
      <trkpt lat="22.554044" lon="113.9538">
        <ele>6</ele>
        <time>2023-06-18T11:23:49Z</time>
      </trkpt>
      <trkpt lat="22.554089" lon="113.953776">
        <ele>6</ele>
        <time>2023-06-18T11:23:50Z</time>
      </trkpt>
      <trkpt lat="22.554135" lon="113.953745">
        <ele>6</ele>
        <time>2023-06-18T11:23:51Z</time>
      </trkpt>
      <trkpt lat="22.554183" lon="113.953715">
        <ele>6</ele>
        <time>2023-06-18T11:23:52Z</time>
      </trkpt>
      <trkpt lat="22.554226" lon="113.953685">
        <ele>6</ele>
        <time>2023-06-18T11:23:53Z</time>
      </trkpt>
      <trkpt lat="22.554261" lon="113.953665">
        <ele>6</ele>
        <time>2023-06-18T11:23:54Z</time>
      </trkpt>
      <trkpt lat="22.554297" lon="113.953648">
        <ele>6</ele>
        <time>2023-06-18T11:23:55Z</time>
      </trkpt>
      <trkpt lat="22.55433" lon="113.953625">
        <ele>6</ele>
        <time>2023-06-18T11:23:56Z</time>
      </trkpt>
      <trkpt lat="22.554365" lon="113.953601">
        <ele>6</ele>
        <time>2023-06-18T11:23:57Z</time>
      </trkpt>
      <trkpt lat="22.5544" lon="113.95357">
        <ele>6</ele>
        <time>2023-06-18T11:23:58Z</time>
      </trkpt>
      <trkpt lat="22.55444" lon="113.953549">
        <ele>6</ele>
        <time>2023-06-18T11:23:59Z</time>
      </trkpt>
      <trkpt lat="22.554479" lon="113.953533">
        <ele>6</ele>
        <time>2023-06-18T11:24:00Z</time>
      </trkpt>
      <trkpt lat="22.55452" lon="113.953512">
        <ele>6</ele>
        <time>2023-06-18T11:24:01Z</time>
      </trkpt>
      <trkpt lat="22.55456" lon="113.953496">
        <ele>6</ele>
        <time>2023-06-18T11:24:02Z</time>
      </trkpt>
      <trkpt lat="22.5546" lon="113.953482">
        <ele>6</ele>
        <time>2023-06-18T11:24:03Z</time>
      </trkpt>
      <trkpt lat="22.554642" lon="113.953465">
        <ele>6</ele>
        <time>2023-06-18T11:24:04Z</time>
      </trkpt>
      <trkpt lat="22.554683" lon="113.953443">
        <ele>6</ele>
        <time>2023-06-18T11:24:05Z</time>
      </trkpt>
      <trkpt lat="22.554728" lon="113.953428">
        <ele>6</ele>
        <time>2023-06-18T11:24:06Z</time>
      </trkpt>
      <trkpt lat="22.554771" lon="113.953411">
        <ele>6</ele>
        <time>2023-06-18T11:24:07Z</time>
      </trkpt>
      <trkpt lat="22.554818" lon="113.953389">
        <ele>6</ele>
        <time>2023-06-18T11:24:08Z</time>
      </trkpt>
      <trkpt lat="22.554869" lon="113.953374">
        <ele>6</ele>
        <time>2023-06-18T11:24:09Z</time>
      </trkpt>
      <trkpt lat="22.554915" lon="113.953358">
        <ele>6</ele>
        <time>2023-06-18T11:24:10Z</time>
      </trkpt>
      <trkpt lat="22.55496" lon="113.953336">
        <ele>6.1</ele>
        <time>2023-06-18T11:24:11Z</time>
      </trkpt>
      <trkpt lat="22.555005" lon="113.953321">
        <ele>6.1</ele>
        <time>2023-06-18T11:24:12Z</time>
      </trkpt>
      <trkpt lat="22.555055" lon="113.953306">
        <ele>6.1</ele>
        <time>2023-06-18T11:24:13Z</time>
      </trkpt>
      <trkpt lat="22.555117" lon="113.953292">
        <ele>6.1</ele>
        <time>2023-06-18T11:24:14Z</time>
      </trkpt>
      <trkpt lat="22.555174" lon="113.953284">
        <ele>6.1</ele>
        <time>2023-06-18T11:24:15Z</time>
      </trkpt>
      <trkpt lat="22.555224" lon="113.953276">
        <ele>6.1</ele>
        <time>2023-06-18T11:24:16Z</time>
      </trkpt>
      <trkpt lat="22.555273" lon="113.95327">
        <ele>6.1</ele>
        <time>2023-06-18T11:24:17Z</time>
      </trkpt>
      <trkpt lat="22.555324" lon="113.95327">
        <ele>6.1</ele>
        <time>2023-06-18T11:24:18Z</time>
      </trkpt>
      <trkpt lat="22.555374" lon="113.95327">
        <ele>6.1</ele>
        <time>2023-06-18T11:24:19Z</time>
      </trkpt>
      <trkpt lat="22.555424" lon="113.95327">
        <ele>6.1</ele>
        <time>2023-06-18T11:24:20Z</time>
      </trkpt>
      <trkpt lat="22.555478" lon="113.95327">
        <ele>6.1</ele>
        <time>2023-06-18T11:24:21Z</time>
      </trkpt>
      <trkpt lat="22.555531" lon="113.95327">
        <ele>6.1</ele>
        <time>2023-06-18T11:24:22Z</time>
      </trkpt>
      <trkpt lat="22.555577" lon="113.953271">
        <ele>6.1</ele>
        <time>2023-06-18T11:24:23Z</time>
      </trkpt>
      <trkpt lat="22.555608" lon="113.953278">
        <ele>6.1</ele>
        <time>2023-06-18T11:24:24Z</time>
      </trkpt>
      <trkpt lat="22.555649" lon="113.953277">
        <ele>6.1</ele>
        <time>2023-06-18T11:24:25Z</time>
      </trkpt>
      <trkpt lat="22.555692" lon="113.95327">
        <ele>6.1</ele>
        <time>2023-06-18T11:24:26Z</time>
      </trkpt>
      <trkpt lat="22.555733" lon="113.953269">
        <ele>6.1</ele>
        <time>2023-06-18T11:24:27Z</time>
      </trkpt>
      <trkpt lat="22.55578" lon="113.953262">
        <ele>6.1</ele>
        <time>2023-06-18T11:24:28Z</time>
      </trkpt>
      <trkpt lat="22.555829" lon="113.953262">
        <ele>6.1</ele>
        <time>2023-06-18T11:24:29Z</time>
      </trkpt>
      <trkpt lat="22.555879" lon="113.953261">
        <ele>6.1</ele>
        <time>2023-06-18T11:24:30Z</time>
      </trkpt>
      <trkpt lat="22.555925" lon="113.953255">
        <ele>6.1</ele>
        <time>2023-06-18T11:24:31Z</time>
      </trkpt>
      <trkpt lat="22.555975" lon="113.953255">
        <ele>6.1</ele>
        <time>2023-06-18T11:24:32Z</time>
      </trkpt>
      <trkpt lat="22.55602" lon="113.953255">
        <ele>6.1</ele>
        <time>2023-06-18T11:24:33Z</time>
      </trkpt>
      <trkpt lat="22.556062" lon="113.953254">
        <ele>6.2</ele>
        <time>2023-06-18T11:24:34Z</time>
      </trkpt>
      <trkpt lat="22.556097" lon="113.953247">
        <ele>6.2</ele>
        <time>2023-06-18T11:24:35Z</time>
      </trkpt>
      <trkpt lat="22.556135" lon="113.953247">
        <ele>6.2</ele>
        <time>2023-06-18T11:24:36Z</time>
      </trkpt>
      <trkpt lat="22.556171" lon="113.953247">
        <ele>6.2</ele>
        <time>2023-06-18T11:24:37Z</time>
      </trkpt>
      <trkpt lat="22.556207" lon="113.953247">
        <ele>6.2</ele>
        <time>2023-06-18T11:24:38Z</time>
      </trkpt>
      <trkpt lat="22.556238" lon="113.953247">
        <ele>6.2</ele>
        <time>2023-06-18T11:24:39Z</time>
      </trkpt>
      <trkpt lat="22.556251" lon="113.953247">
        <ele>6.2</ele>
        <time>2023-06-18T11:24:40Z</time>
      </trkpt>
      <trkpt lat="22.556259" lon="113.953247">
        <ele>6.2</ele>
        <time>2023-06-18T11:24:41Z</time>
      </trkpt>
      <trkpt lat="22.556275" lon="113.953247">
        <ele>6.2</ele>
        <time>2023-06-18T11:24:42Z</time>
      </trkpt>
      <trkpt lat="22.556291" lon="113.953247">
        <ele>6.2</ele>
        <time>2023-06-18T11:24:43Z</time>
      </trkpt>
      <trkpt lat="22.556303" lon="113.953247">
        <ele>6.2</ele>
        <time>2023-06-18T11:24:44Z</time>
      </trkpt>
      <trkpt lat="22.556315" lon="113.953246">
        <ele>6.2</ele>
        <time>2023-06-18T11:24:45Z</time>
      </trkpt>
      <trkpt lat="22.556319" lon="113.953239">
        <ele>6.2</ele>
        <time>2023-06-18T11:24:46Z</time>
      </trkpt>
      <trkpt lat="22.55633" lon="113.953239">
        <ele>6.2</ele>
        <time>2023-06-18T11:24:47Z</time>
      </trkpt>
      <trkpt lat="22.556355" lon="113.953239">
        <ele>6.2</ele>
        <time>2023-06-18T11:24:48Z</time>
      </trkpt>
      <trkpt lat="22.556382" lon="113.953231">
        <ele>6.2</ele>
        <time>2023-06-18T11:24:49Z</time>
      </trkpt>
      <trkpt lat="22.556404" lon="113.953224">
        <ele>6.2</ele>
        <time>2023-06-18T11:24:50Z</time>
      </trkpt>
      <trkpt lat="22.55641" lon="113.953226">
        <ele>6.2</ele>
        <time>2023-06-18T11:24:51Z</time>
      </trkpt>
      <trkpt lat="22.556457" lon="113.953239">
        <ele>6.2</ele>
        <time>2023-06-18T11:24:52Z</time>
      </trkpt>
      <trkpt lat="22.556484" lon="113.953239">
        <ele>6.3</ele>
        <time>2023-06-18T11:24:53Z</time>
      </trkpt>
      <trkpt lat="22.556503" lon="113.953232">
        <ele>6.3</ele>
        <time>2023-06-18T11:24:54Z</time>
      </trkpt>
      <trkpt lat="22.55658" lon="113.95323">
        <ele>6.3</ele>
        <time>2023-06-18T11:24:55Z</time>
      </trkpt>
      <trkpt lat="22.55665" lon="113.953215">
        <ele>6.3</ele>
        <time>2023-06-18T11:24:56Z</time>
      </trkpt>
      <trkpt lat="22.556718" lon="113.953201">
        <ele>6.3</ele>
        <time>2023-06-18T11:24:57Z</time>
      </trkpt>
      <trkpt lat="22.556784" lon="113.953202">
        <ele>6.3</ele>
        <time>2023-06-18T11:24:58Z</time>
      </trkpt>
      <trkpt lat="22.556843" lon="113.953209">
        <ele>6.3</ele>
        <time>2023-06-18T11:24:59Z</time>
      </trkpt>
      <trkpt lat="22.556905" lon="113.95321">
        <ele>6.4</ele>
        <time>2023-06-18T11:25:00Z</time>
      </trkpt>
      <trkpt lat="22.556965" lon="113.953217">
        <ele>6.4</ele>
        <time>2023-06-18T11:25:01Z</time>
      </trkpt>
      <trkpt lat="22.557017" lon="113.953217">
        <ele>6.4</ele>
        <time>2023-06-18T11:25:02Z</time>
      </trkpt>
      <trkpt lat="22.557062" lon="113.953224">
        <ele>6.4</ele>
        <time>2023-06-18T11:25:03Z</time>
      </trkpt>
      <trkpt lat="22.557108" lon="113.953224">
        <ele>6.4</ele>
        <time>2023-06-18T11:25:04Z</time>
      </trkpt>
      <trkpt lat="22.557154" lon="113.953223">
        <ele>6.4</ele>
        <time>2023-06-18T11:25:05Z</time>
      </trkpt>
      <trkpt lat="22.557203" lon="113.953209">
        <ele>6.4</ele>
        <time>2023-06-18T11:25:06Z</time>
      </trkpt>
      <trkpt lat="22.557252" lon="113.953209">
        <ele>6.4</ele>
        <time>2023-06-18T11:25:07Z</time>
      </trkpt>
      <trkpt lat="22.557297" lon="113.953209">
        <ele>6.5</ele>
        <time>2023-06-18T11:25:08Z</time>
      </trkpt>
      <trkpt lat="22.557344" lon="113.953209">
        <ele>6.5</ele>
        <time>2023-06-18T11:25:09Z</time>
      </trkpt>
      <trkpt lat="22.557389" lon="113.953209">
        <ele>6.5</ele>
        <time>2023-06-18T11:25:10Z</time>
      </trkpt>
      <trkpt lat="22.557435" lon="113.95321">
        <ele>6.5</ele>
        <time>2023-06-18T11:25:11Z</time>
      </trkpt>
      <trkpt lat="22.557489" lon="113.953215">
        <ele>6.5</ele>
        <time>2023-06-18T11:25:12Z</time>
      </trkpt>
      <trkpt lat="22.557537" lon="113.953209">
        <ele>6.5</ele>
        <time>2023-06-18T11:25:13Z</time>
      </trkpt>
      <trkpt lat="22.557577" lon="113.953209">
        <ele>6.5</ele>
        <time>2023-06-18T11:25:14Z</time>
      </trkpt>
      <trkpt lat="22.557616" lon="113.95321">
        <ele>6.5</ele>
        <time>2023-06-18T11:25:15Z</time>
      </trkpt>
      <trkpt lat="22.557661" lon="113.953217">
        <ele>6.5</ele>
        <time>2023-06-18T11:25:16Z</time>
      </trkpt>
      <trkpt lat="22.557705" lon="113.953217">
        <ele>6.6</ele>
        <time>2023-06-18T11:25:17Z</time>
      </trkpt>
      <trkpt lat="22.557748" lon="113.953224">
        <ele>6.6</ele>
        <time>2023-06-18T11:25:18Z</time>
      </trkpt>
      <trkpt lat="22.557786" lon="113.953224">
        <ele>6.6</ele>
        <time>2023-06-18T11:25:19Z</time>
      </trkpt>
      <trkpt lat="22.557824" lon="113.953225">
        <ele>6.6</ele>
        <time>2023-06-18T11:25:20Z</time>
      </trkpt>
      <trkpt lat="22.557869" lon="113.953232">
        <ele>6.6</ele>
        <time>2023-06-18T11:25:21Z</time>
      </trkpt>
      <trkpt lat="22.557916" lon="113.953233">
        <ele>6.6</ele>
        <time>2023-06-18T11:25:22Z</time>
      </trkpt>
      <trkpt lat="22.557961" lon="113.953239">
        <ele>6.6</ele>
        <time>2023-06-18T11:25:23Z</time>
      </trkpt>
      <trkpt lat="22.55801" lon="113.953239">
        <ele>6.6</ele>
        <time>2023-06-18T11:25:24Z</time>
      </trkpt>
      <trkpt lat="22.558059" lon="113.953239">
        <ele>6.6</ele>
        <time>2023-06-18T11:25:25Z</time>
      </trkpt>
      <trkpt lat="22.558109" lon="113.953239">
        <ele>6.6</ele>
        <time>2023-06-18T11:25:26Z</time>
      </trkpt>
      <trkpt lat="22.55816" lon="113.953239">
        <ele>6.7</ele>
        <time>2023-06-18T11:25:27Z</time>
      </trkpt>
      <trkpt lat="22.558205" lon="113.95324">
        <ele>6.7</ele>
        <time>2023-06-18T11:25:28Z</time>
      </trkpt>
      <trkpt lat="22.558254" lon="113.953247">
        <ele>6.7</ele>
        <time>2023-06-18T11:25:29Z</time>
      </trkpt>
      <trkpt lat="22.558305" lon="113.953247">
        <ele>6.7</ele>
        <time>2023-06-18T11:25:30Z</time>
      </trkpt>
      <trkpt lat="22.558353" lon="113.953247">
        <ele>6.7</ele>
        <time>2023-06-18T11:25:31Z</time>
      </trkpt>
      <trkpt lat="22.558401" lon="113.953247">
        <ele>6.7</ele>
        <time>2023-06-18T11:25:32Z</time>
      </trkpt>
      <trkpt lat="22.55845" lon="113.953246">
        <ele>6.7</ele>
        <time>2023-06-18T11:25:33Z</time>
      </trkpt>
      <trkpt lat="22.558498" lon="113.953239">
        <ele>6.7</ele>
        <time>2023-06-18T11:25:34Z</time>
      </trkpt>
      <trkpt lat="22.558546" lon="113.953232">
        <ele>6.7</ele>
        <time>2023-06-18T11:25:35Z</time>
      </trkpt>
      <trkpt lat="22.558596" lon="113.953232">
        <ele>6.7</ele>
        <time>2023-06-18T11:25:36Z</time>
      </trkpt>
      <trkpt lat="22.558646" lon="113.953232">
        <ele>6.8</ele>
        <time>2023-06-18T11:25:37Z</time>
      </trkpt>
      <trkpt lat="22.558694" lon="113.953233">
        <ele>6.8</ele>
        <time>2023-06-18T11:25:38Z</time>
      </trkpt>
      <trkpt lat="22.55874" lon="113.953239">
        <ele>6.8</ele>
        <time>2023-06-18T11:25:39Z</time>
      </trkpt>
      <trkpt lat="22.558784" lon="113.95324">
        <ele>6.8</ele>
        <time>2023-06-18T11:25:40Z</time>
      </trkpt>
      <trkpt lat="22.55883" lon="113.953248">
        <ele>6.8</ele>
        <time>2023-06-18T11:25:41Z</time>
      </trkpt>
      <trkpt lat="22.558878" lon="113.953256">
        <ele>6.8</ele>
        <time>2023-06-18T11:25:42Z</time>
      </trkpt>
      <trkpt lat="22.558919" lon="113.953262">
        <ele>6.8</ele>
        <time>2023-06-18T11:25:43Z</time>
      </trkpt>
      <trkpt lat="22.558965" lon="113.953262">
        <ele>6.8</ele>
        <time>2023-06-18T11:25:44Z</time>
      </trkpt>
      <trkpt lat="22.559013" lon="113.953262">
        <ele>6.8</ele>
        <time>2023-06-18T11:25:45Z</time>
      </trkpt>
      <trkpt lat="22.559061" lon="113.953262">
        <ele>6.8</ele>
        <time>2023-06-18T11:25:46Z</time>
      </trkpt>
      <trkpt lat="22.559109" lon="113.953262">
        <ele>6.9</ele>
        <time>2023-06-18T11:25:47Z</time>
      </trkpt>
      <trkpt lat="22.55916" lon="113.953262">
        <ele>6.9</ele>
        <time>2023-06-18T11:25:48Z</time>
      </trkpt>
      <trkpt lat="22.559208" lon="113.953262">
        <ele>6.9</ele>
        <time>2023-06-18T11:25:49Z</time>
      </trkpt>
      <trkpt lat="22.559257" lon="113.953262">
        <ele>6.9</ele>
        <time>2023-06-18T11:25:50Z</time>
      </trkpt>
      <trkpt lat="22.559305" lon="113.953262">
        <ele>6.9</ele>
        <time>2023-06-18T11:25:51Z</time>
      </trkpt>
      <trkpt lat="22.559351" lon="113.953262">
        <ele>6.9</ele>
        <time>2023-06-18T11:25:52Z</time>
      </trkpt>
      <trkpt lat="22.5594" lon="113.953262">
        <ele>6.9</ele>
        <time>2023-06-18T11:25:53Z</time>
      </trkpt>
      <trkpt lat="22.559448" lon="113.953262">
        <ele>6.9</ele>
        <time>2023-06-18T11:25:54Z</time>
      </trkpt>
      <trkpt lat="22.55949" lon="113.953262">
        <ele>6.9</ele>
        <time>2023-06-18T11:25:55Z</time>
      </trkpt>
      <trkpt lat="22.559535" lon="113.953261">
        <ele>6.9</ele>
        <time>2023-06-18T11:25:56Z</time>
      </trkpt>
      <trkpt lat="22.55958" lon="113.953255">
        <ele>7</ele>
        <time>2023-06-18T11:25:57Z</time>
      </trkpt>
      <trkpt lat="22.559626" lon="113.953254">
        <ele>7</ele>
        <time>2023-06-18T11:25:58Z</time>
      </trkpt>
      <trkpt lat="22.559674" lon="113.953246">
        <ele>7</ele>
        <time>2023-06-18T11:25:59Z</time>
      </trkpt>
      <trkpt lat="22.55972" lon="113.953236">
        <ele>7</ele>
        <time>2023-06-18T11:26:00Z</time>
      </trkpt>
      <trkpt lat="22.559764" lon="113.953215">
        <ele>7</ele>
        <time>2023-06-18T11:26:01Z</time>
      </trkpt>
      <trkpt lat="22.559811" lon="113.953209">
        <ele>7</ele>
        <time>2023-06-18T11:26:02Z</time>
      </trkpt>
      <trkpt lat="22.559862" lon="113.95321">
        <ele>7</ele>
        <time>2023-06-18T11:26:03Z</time>
      </trkpt>
      <trkpt lat="22.559915" lon="113.953218">
        <ele>7</ele>
        <time>2023-06-18T11:26:04Z</time>
      </trkpt>
      <trkpt lat="22.559963" lon="113.953226">
        <ele>7</ele>
        <time>2023-06-18T11:26:05Z</time>
      </trkpt>
      <trkpt lat="22.560013" lon="113.953242">
        <ele>7</ele>
        <time>2023-06-18T11:26:06Z</time>
      </trkpt>
      <trkpt lat="22.560061" lon="113.953256">
        <ele>7</ele>
        <time>2023-06-18T11:26:07Z</time>
      </trkpt>
      <trkpt lat="22.560113" lon="113.953262">
        <ele>7</ele>
        <time>2023-06-18T11:26:08Z</time>
      </trkpt>
      <trkpt lat="22.560164" lon="113.953264">
        <ele>7.1</ele>
        <time>2023-06-18T11:26:09Z</time>
      </trkpt>
      <trkpt lat="22.560215" lon="113.95327">
        <ele>7.1</ele>
        <time>2023-06-18T11:26:10Z</time>
      </trkpt>
      <trkpt lat="22.560269" lon="113.953271">
        <ele>7.1</ele>
        <time>2023-06-18T11:26:11Z</time>
      </trkpt>
      <trkpt lat="22.560323" lon="113.953279">
        <ele>7.1</ele>
        <time>2023-06-18T11:26:12Z</time>
      </trkpt>
      <trkpt lat="22.56037" lon="113.953285">
        <ele>7.1</ele>
        <time>2023-06-18T11:26:13Z</time>
      </trkpt>
      <trkpt lat="22.560421" lon="113.953286">
        <ele>7.1</ele>
        <time>2023-06-18T11:26:14Z</time>
      </trkpt>
      <trkpt lat="22.560469" lon="113.953293">
        <ele>7.1</ele>
        <time>2023-06-18T11:26:15Z</time>
      </trkpt>
      <trkpt lat="22.560517" lon="113.953294">
        <ele>7.1</ele>
        <time>2023-06-18T11:26:16Z</time>
      </trkpt>
      <trkpt lat="22.560569" lon="113.9533">
        <ele>7.1</ele>
        <time>2023-06-18T11:26:17Z</time>
      </trkpt>
      <trkpt lat="22.560615" lon="113.9533">
        <ele>7.1</ele>
        <time>2023-06-18T11:26:18Z</time>
      </trkpt>
      <trkpt lat="22.560664" lon="113.953302">
        <ele>7.1</ele>
        <time>2023-06-18T11:26:19Z</time>
      </trkpt>
      <trkpt lat="22.560714" lon="113.953308">
        <ele>7.1</ele>
        <time>2023-06-18T11:26:20Z</time>
      </trkpt>
      <trkpt lat="22.560758" lon="113.953308">
        <ele>7.2</ele>
        <time>2023-06-18T11:26:21Z</time>
      </trkpt>
      <trkpt lat="22.560803" lon="113.953309">
        <ele>7.2</ele>
        <time>2023-06-18T11:26:22Z</time>
      </trkpt>
      <trkpt lat="22.560848" lon="113.953316">
        <ele>7.2</ele>
        <time>2023-06-18T11:26:23Z</time>
      </trkpt>
      <trkpt lat="22.560894" lon="113.953317">
        <ele>7.2</ele>
        <time>2023-06-18T11:26:24Z</time>
      </trkpt>
      <trkpt lat="22.560941" lon="113.953325">
        <ele>7.2</ele>
        <time>2023-06-18T11:26:25Z</time>
      </trkpt>
      <trkpt lat="22.56099" lon="113.953332">
        <ele>7.2</ele>
        <time>2023-06-18T11:26:26Z</time>
      </trkpt>
      <trkpt lat="22.56104" lon="113.953339">
        <ele>7.2</ele>
        <time>2023-06-18T11:26:27Z</time>
      </trkpt>
      <trkpt lat="22.561086" lon="113.953339">
        <ele>7.2</ele>
        <time>2023-06-18T11:26:28Z</time>
      </trkpt>
      <trkpt lat="22.561131" lon="113.95334">
        <ele>7.2</ele>
        <time>2023-06-18T11:26:29Z</time>
      </trkpt>
      <trkpt lat="22.561172" lon="113.953346">
        <ele>7.2</ele>
        <time>2023-06-18T11:26:30Z</time>
      </trkpt>
      <trkpt lat="22.561216" lon="113.953346">
        <ele>7.2</ele>
        <time>2023-06-18T11:26:31Z</time>
      </trkpt>
      <trkpt lat="22.561261" lon="113.953346">
        <ele>7.2</ele>
        <time>2023-06-18T11:26:32Z</time>
      </trkpt>
      <trkpt lat="22.561307" lon="113.953345">
        <ele>7.2</ele>
        <time>2023-06-18T11:26:33Z</time>
      </trkpt>
      <trkpt lat="22.561353" lon="113.953339">
        <ele>7.2</ele>
        <time>2023-06-18T11:26:34Z</time>
      </trkpt>
      <trkpt lat="22.5614" lon="113.953338">
        <ele>7.2</ele>
        <time>2023-06-18T11:26:35Z</time>
      </trkpt>
      <trkpt lat="22.561446" lon="113.953331">
        <ele>7.3</ele>
        <time>2023-06-18T11:26:36Z</time>
      </trkpt>
      <trkpt lat="22.561494" lon="113.953332">
        <ele>7.3</ele>
        <time>2023-06-18T11:26:37Z</time>
      </trkpt>
      <trkpt lat="22.561542" lon="113.953339">
        <ele>7.3</ele>
        <time>2023-06-18T11:26:38Z</time>
      </trkpt>
      <trkpt lat="22.561592" lon="113.95334">
        <ele>7.3</ele>
        <time>2023-06-18T11:26:39Z</time>
      </trkpt>
      <trkpt lat="22.561643" lon="113.953346">
        <ele>7.3</ele>
        <time>2023-06-18T11:26:40Z</time>
      </trkpt>
      <trkpt lat="22.561694" lon="113.953346">
        <ele>7.3</ele>
        <time>2023-06-18T11:26:41Z</time>
      </trkpt>
      <trkpt lat="22.56174" lon="113.953346">
        <ele>7.3</ele>
        <time>2023-06-18T11:26:42Z</time>
      </trkpt>
      <trkpt lat="22.561787" lon="113.953347">
        <ele>7.3</ele>
        <time>2023-06-18T11:26:43Z</time>
      </trkpt>
      <trkpt lat="22.561832" lon="113.953354">
        <ele>7.3</ele>
        <time>2023-06-18T11:26:44Z</time>
      </trkpt>
      <trkpt lat="22.561881" lon="113.953355">
        <ele>7.3</ele>
        <time>2023-06-18T11:26:45Z</time>
      </trkpt>
      <trkpt lat="22.561929" lon="113.953363">
        <ele>7.3</ele>
        <time>2023-06-18T11:26:46Z</time>
      </trkpt>
      <trkpt lat="22.561979" lon="113.95337">
        <ele>7.3</ele>
        <time>2023-06-18T11:26:47Z</time>
      </trkpt>
      <trkpt lat="22.562027" lon="113.953376">
        <ele>7.3</ele>
        <time>2023-06-18T11:26:48Z</time>
      </trkpt>
      <trkpt lat="22.562078" lon="113.953369">
        <ele>7.3</ele>
        <time>2023-06-18T11:26:49Z</time>
      </trkpt>
      <trkpt lat="22.562124" lon="113.953367">
        <ele>7.3</ele>
        <time>2023-06-18T11:26:50Z</time>
      </trkpt>
      <trkpt lat="22.562172" lon="113.953353">
        <ele>7.3</ele>
        <time>2023-06-18T11:26:51Z</time>
      </trkpt>
      <trkpt lat="22.562219" lon="113.953346">
        <ele>7.3</ele>
        <time>2023-06-18T11:26:52Z</time>
      </trkpt>
      <trkpt lat="22.562264" lon="113.953347">
        <ele>7.3</ele>
        <time>2023-06-18T11:26:53Z</time>
      </trkpt>
      <trkpt lat="22.562313" lon="113.953354">
        <ele>7.3</ele>
        <time>2023-06-18T11:26:54Z</time>
      </trkpt>
      <trkpt lat="22.562359" lon="113.953353">
        <ele>7.3</ele>
        <time>2023-06-18T11:26:55Z</time>
      </trkpt>
      <trkpt lat="22.562407" lon="113.953346">
        <ele>7.3</ele>
        <time>2023-06-18T11:26:56Z</time>
      </trkpt>
      <trkpt lat="22.562458" lon="113.953346">
        <ele>7.3</ele>
        <time>2023-06-18T11:26:57Z</time>
      </trkpt>
      <trkpt lat="22.562507" lon="113.953346">
        <ele>7.3</ele>
        <time>2023-06-18T11:26:58Z</time>
      </trkpt>
      <trkpt lat="22.562555" lon="113.953345">
        <ele>7.3</ele>
        <time>2023-06-18T11:26:59Z</time>
      </trkpt>
      <trkpt lat="22.562603" lon="113.953336">
        <ele>7.3</ele>
        <time>2023-06-18T11:27:00Z</time>
      </trkpt>
      <trkpt lat="22.56265" lon="113.953321">
        <ele>7.3</ele>
        <time>2023-06-18T11:27:01Z</time>
      </trkpt>
      <trkpt lat="22.5627" lon="113.953307">
        <ele>7.3</ele>
        <time>2023-06-18T11:27:02Z</time>
      </trkpt>
      <trkpt lat="22.56275" lon="113.953299">
        <ele>7.3</ele>
        <time>2023-06-18T11:27:03Z</time>
      </trkpt>
      <trkpt lat="22.5628" lon="113.953293">
        <ele>7.3</ele>
        <time>2023-06-18T11:27:04Z</time>
      </trkpt>
      <trkpt lat="22.562849" lon="113.953292">
        <ele>7.3</ele>
        <time>2023-06-18T11:27:05Z</time>
      </trkpt>
      <trkpt lat="22.562899" lon="113.953285">
        <ele>7.3</ele>
        <time>2023-06-18T11:27:06Z</time>
      </trkpt>
      <trkpt lat="22.562949" lon="113.953284">
        <ele>7.3</ele>
        <time>2023-06-18T11:27:07Z</time>
      </trkpt>
      <trkpt lat="22.562999" lon="113.953276">
        <ele>7.3</ele>
        <time>2023-06-18T11:27:08Z</time>
      </trkpt>
      <trkpt lat="22.563053" lon="113.953269">
        <ele>7.3</ele>
        <time>2023-06-18T11:27:09Z</time>
      </trkpt>
      <trkpt lat="22.563101" lon="113.953262">
        <ele>7.3</ele>
        <time>2023-06-18T11:27:10Z</time>
      </trkpt>
      <trkpt lat="22.563147" lon="113.95326">
        <ele>7.3</ele>
        <time>2023-06-18T11:27:11Z</time>
      </trkpt>
      <trkpt lat="22.563202" lon="113.953245">
        <ele>7.3</ele>
        <time>2023-06-18T11:27:12Z</time>
      </trkpt>
      <trkpt lat="22.563256" lon="113.953232">
        <ele>7.3</ele>
        <time>2023-06-18T11:27:13Z</time>
      </trkpt>
      <trkpt lat="22.563309" lon="113.953232">
        <ele>7.3</ele>
        <time>2023-06-18T11:27:14Z</time>
      </trkpt>
      <trkpt lat="22.56336" lon="113.953233">
        <ele>7.3</ele>
        <time>2023-06-18T11:27:15Z</time>
      </trkpt>
      <trkpt lat="22.563417" lon="113.953241">
        <ele>7.3</ele>
        <time>2023-06-18T11:27:16Z</time>
      </trkpt>
      <trkpt lat="22.563469" lon="113.953247">
        <ele>7.3</ele>
        <time>2023-06-18T11:27:17Z</time>
      </trkpt>
      <trkpt lat="22.563518" lon="113.953247">
        <ele>7.3</ele>
        <time>2023-06-18T11:27:18Z</time>
      </trkpt>
      <trkpt lat="22.563568" lon="113.953249">
        <ele>7.3</ele>
        <time>2023-06-18T11:27:19Z</time>
      </trkpt>
      <trkpt lat="22.563613" lon="113.953255">
        <ele>7.3</ele>
        <time>2023-06-18T11:27:20Z</time>
      </trkpt>
      <trkpt lat="22.563665" lon="113.953255">
        <ele>7.3</ele>
        <time>2023-06-18T11:27:21Z</time>
      </trkpt>
      <trkpt lat="22.563716" lon="113.953253">
        <ele>7.3</ele>
        <time>2023-06-18T11:27:22Z</time>
      </trkpt>
      <trkpt lat="22.563748" lon="113.953246">
        <ele>7.3</ele>
        <time>2023-06-18T11:27:23Z</time>
      </trkpt>
      <trkpt lat="22.563776" lon="113.953239">
        <ele>7.3</ele>
        <time>2023-06-18T11:27:24Z</time>
      </trkpt>
      <trkpt lat="22.563818" lon="113.953233">
        <ele>7.3</ele>
        <time>2023-06-18T11:27:25Z</time>
      </trkpt>
      <trkpt lat="22.563888" lon="113.953239">
        <ele>7.3</ele>
        <time>2023-06-18T11:27:26Z</time>
      </trkpt>
      <trkpt lat="22.563947" lon="113.953239">
        <ele>7.3</ele>
        <time>2023-06-18T11:27:27Z</time>
      </trkpt>
      <trkpt lat="22.564001" lon="113.953232">
        <ele>7.3</ele>
        <time>2023-06-18T11:27:28Z</time>
      </trkpt>
      <trkpt lat="22.564041" lon="113.953232">
        <ele>7.3</ele>
        <time>2023-06-18T11:27:29Z</time>
      </trkpt>
      <trkpt lat="22.56409" lon="113.953232">
        <ele>7.3</ele>
        <time>2023-06-18T11:27:30Z</time>
      </trkpt>
      <trkpt lat="22.564148" lon="113.953233">
        <ele>7.3</ele>
        <time>2023-06-18T11:27:31Z</time>
      </trkpt>
      <trkpt lat="22.564192" lon="113.953238">
        <ele>7.3</ele>
        <time>2023-06-18T11:27:32Z</time>
      </trkpt>
      <trkpt lat="22.564245" lon="113.953231">
        <ele>7.3</ele>
        <time>2023-06-18T11:27:33Z</time>
      </trkpt>
      <trkpt lat="22.564292" lon="113.953223">
        <ele>7.3</ele>
        <time>2023-06-18T11:27:34Z</time>
      </trkpt>
      <trkpt lat="22.564331" lon="113.953216">
        <ele>7.3</ele>
        <time>2023-06-18T11:27:35Z</time>
      </trkpt>
      <trkpt lat="22.564375" lon="113.953208">
        <ele>7.3</ele>
        <time>2023-06-18T11:27:36Z</time>
      </trkpt>
      <trkpt lat="22.564417" lon="113.9532">
        <ele>7.3</ele>
        <time>2023-06-18T11:27:37Z</time>
      </trkpt>
      <trkpt lat="22.564458" lon="113.953192">
        <ele>7.3</ele>
        <time>2023-06-18T11:27:38Z</time>
      </trkpt>
      <trkpt lat="22.564489" lon="113.953185">
        <ele>7.3</ele>
        <time>2023-06-18T11:27:39Z</time>
      </trkpt>
      <trkpt lat="22.564531" lon="113.953176">
        <ele>7.3</ele>
        <time>2023-06-18T11:27:40Z</time>
      </trkpt>
      <trkpt lat="22.564588" lon="113.953163">
        <ele>7.3</ele>
        <time>2023-06-18T11:27:41Z</time>
      </trkpt>
      <trkpt lat="22.564677" lon="113.953162">
        <ele>7.3</ele>
        <time>2023-06-18T11:27:42Z</time>
      </trkpt>
      <trkpt lat="22.564755" lon="113.95316">
        <ele>7.3</ele>
        <time>2023-06-18T11:27:43Z</time>
      </trkpt>
      <trkpt lat="22.564813" lon="113.953182">
        <ele>7.3</ele>
        <time>2023-06-18T11:27:44Z</time>
      </trkpt>
      <trkpt lat="22.56487" lon="113.953202">
        <ele>7.3</ele>
        <time>2023-06-18T11:27:45Z</time>
      </trkpt>
      <trkpt lat="22.564921" lon="113.953209">
        <ele>7.3</ele>
        <time>2023-06-18T11:27:46Z</time>
      </trkpt>
      <trkpt lat="22.564972" lon="113.95321">
        <ele>7.4</ele>
        <time>2023-06-18T11:27:47Z</time>
      </trkpt>
      <trkpt lat="22.565021" lon="113.953217">
        <ele>7.4</ele>
        <time>2023-06-18T11:27:48Z</time>
      </trkpt>
      <trkpt lat="22.565069" lon="113.953215">
        <ele>7.4</ele>
        <time>2023-06-18T11:27:49Z</time>
      </trkpt>
      <trkpt lat="22.565113" lon="113.953209">
        <ele>7.4</ele>
        <time>2023-06-18T11:27:50Z</time>
      </trkpt>
      <trkpt lat="22.565158" lon="113.953209">
        <ele>7.4</ele>
        <time>2023-06-18T11:27:51Z</time>
      </trkpt>
      <trkpt lat="22.565207" lon="113.953209">
        <ele>7.4</ele>
        <time>2023-06-18T11:27:52Z</time>
      </trkpt>
      <trkpt lat="22.565253" lon="113.953209">
        <ele>7.4</ele>
        <time>2023-06-18T11:27:53Z</time>
      </trkpt>
      <trkpt lat="22.5653" lon="113.953209">
        <ele>7.4</ele>
        <time>2023-06-18T11:27:54Z</time>
      </trkpt>
      <trkpt lat="22.565349" lon="113.953209">
        <ele>7.4</ele>
        <time>2023-06-18T11:27:55Z</time>
      </trkpt>
      <trkpt lat="22.565396" lon="113.953209">
        <ele>7.4</ele>
        <time>2023-06-18T11:27:56Z</time>
      </trkpt>
      <trkpt lat="22.565445" lon="113.953209">
        <ele>7.4</ele>
        <time>2023-06-18T11:27:57Z</time>
      </trkpt>
      <trkpt lat="22.565492" lon="113.953209">
        <ele>7.4</ele>
        <time>2023-06-18T11:27:58Z</time>
      </trkpt>
      <trkpt lat="22.565541" lon="113.953209">
        <ele>7.4</ele>
        <time>2023-06-18T11:27:59Z</time>
      </trkpt>
      <trkpt lat="22.565587" lon="113.953209">
        <ele>7.4</ele>
        <time>2023-06-18T11:28:00Z</time>
      </trkpt>
      <trkpt lat="22.565632" lon="113.953209">
        <ele>7.4</ele>
        <time>2023-06-18T11:28:01Z</time>
      </trkpt>
      <trkpt lat="22.565678" lon="113.95321">
        <ele>7.4</ele>
        <time>2023-06-18T11:28:02Z</time>
      </trkpt>
      <trkpt lat="22.565729" lon="113.953216">
        <ele>7.4</ele>
        <time>2023-06-18T11:28:03Z</time>
      </trkpt>
      <trkpt lat="22.56578" lon="113.953209">
        <ele>7.4</ele>
        <time>2023-06-18T11:28:04Z</time>
      </trkpt>
      <trkpt lat="22.56583" lon="113.953208">
        <ele>7.4</ele>
        <time>2023-06-18T11:28:05Z</time>
      </trkpt>
      <trkpt lat="22.565879" lon="113.953201">
        <ele>7.4</ele>
        <time>2023-06-18T11:28:06Z</time>
      </trkpt>
      <trkpt lat="22.565924" lon="113.953201">
        <ele>7.4</ele>
        <time>2023-06-18T11:28:07Z</time>
      </trkpt>
      <trkpt lat="22.565968" lon="113.9532">
        <ele>7.4</ele>
        <time>2023-06-18T11:28:08Z</time>
      </trkpt>
      <trkpt lat="22.566008" lon="113.953195">
        <ele>7.4</ele>
        <time>2023-06-18T11:28:09Z</time>
      </trkpt>
      <trkpt lat="22.566053" lon="113.953201">
        <ele>7.4</ele>
        <time>2023-06-18T11:28:10Z</time>
      </trkpt>
      <trkpt lat="22.566104" lon="113.953201">
        <ele>7.4</ele>
        <time>2023-06-18T11:28:11Z</time>
      </trkpt>
      <trkpt lat="22.566158" lon="113.953201">
        <ele>7.5</ele>
        <time>2023-06-18T11:28:12Z</time>
      </trkpt>
      <trkpt lat="22.566216" lon="113.9532">
        <ele>7.5</ele>
        <time>2023-06-18T11:28:13Z</time>
      </trkpt>
      <trkpt lat="22.566271" lon="113.953193">
        <ele>7.5</ele>
        <time>2023-06-18T11:28:14Z</time>
      </trkpt>
      <trkpt lat="22.566323" lon="113.953186">
        <ele>7.5</ele>
        <time>2023-06-18T11:28:15Z</time>
      </trkpt>
      <trkpt lat="22.566372" lon="113.953185">
        <ele>7.5</ele>
        <time>2023-06-18T11:28:16Z</time>
      </trkpt>
      <trkpt lat="22.56643" lon="113.953177">
        <ele>7.5</ele>
        <time>2023-06-18T11:28:17Z</time>
      </trkpt>
      <trkpt lat="22.566488" lon="113.953169">
        <ele>7.5</ele>
        <time>2023-06-18T11:28:18Z</time>
      </trkpt>
      <trkpt lat="22.566538" lon="113.953162">
        <ele>7.5</ele>
        <time>2023-06-18T11:28:19Z</time>
      </trkpt>
      <trkpt lat="22.566591" lon="113.953154">
        <ele>7.5</ele>
        <time>2023-06-18T11:28:20Z</time>
      </trkpt>
      <trkpt lat="22.566636" lon="113.953147">
        <ele>7.5</ele>
        <time>2023-06-18T11:28:21Z</time>
      </trkpt>
      <trkpt lat="22.566691" lon="113.953138">
        <ele>7.6</ele>
        <time>2023-06-18T11:28:22Z</time>
      </trkpt>
      <trkpt lat="22.566744" lon="113.953123">
        <ele>7.7</ele>
        <time>2023-06-18T11:28:23Z</time>
      </trkpt>
      <trkpt lat="22.566792" lon="113.953109">
        <ele>7.8</ele>
        <time>2023-06-18T11:28:24Z</time>
      </trkpt>
      <trkpt lat="22.566838" lon="113.953099">
        <ele>7.8</ele>
        <time>2023-06-18T11:28:25Z</time>
      </trkpt>
      <trkpt lat="22.566881" lon="113.953077">
        <ele>7.9</ele>
        <time>2023-06-18T11:28:26Z</time>
      </trkpt>
      <trkpt lat="22.566924" lon="113.953062">
        <ele>8</ele>
        <time>2023-06-18T11:28:27Z</time>
      </trkpt>
      <trkpt lat="22.566974" lon="113.953044">
        <ele>8</ele>
        <time>2023-06-18T11:28:28Z</time>
      </trkpt>
      <trkpt lat="22.567042" lon="113.953015">
        <ele>8.2</ele>
        <time>2023-06-18T11:28:29Z</time>
      </trkpt>
      <trkpt lat="22.567096" lon="113.952992">
        <ele>8.2</ele>
        <time>2023-06-18T11:28:30Z</time>
      </trkpt>
      <trkpt lat="22.567141" lon="113.95297">
        <ele>8.3</ele>
        <time>2023-06-18T11:28:31Z</time>
      </trkpt>
      <trkpt lat="22.56718" lon="113.952954">
        <ele>8.4</ele>
        <time>2023-06-18T11:28:32Z</time>
      </trkpt>
      <trkpt lat="22.567216" lon="113.952931">
        <ele>8.4</ele>
        <time>2023-06-18T11:28:33Z</time>
      </trkpt>
      <trkpt lat="22.56725" lon="113.952907">
        <ele>8.5</ele>
        <time>2023-06-18T11:28:34Z</time>
      </trkpt>
      <trkpt lat="22.567293" lon="113.952879">
        <ele>8.6</ele>
        <time>2023-06-18T11:28:35Z</time>
      </trkpt>
      <trkpt lat="22.567344" lon="113.952866">
        <ele>8.6</ele>
        <time>2023-06-18T11:28:36Z</time>
      </trkpt>
      <trkpt lat="22.567396" lon="113.952865">
        <ele>8.7</ele>
        <time>2023-06-18T11:28:37Z</time>
      </trkpt>
      <trkpt lat="22.567449" lon="113.952857">
        <ele>8.8</ele>
        <time>2023-06-18T11:28:38Z</time>
      </trkpt>
      <trkpt lat="22.5675" lon="113.952848">
        <ele>8.9</ele>
        <time>2023-06-18T11:28:39Z</time>
      </trkpt>
      <trkpt lat="22.567549" lon="113.952833">
        <ele>8.9</ele>
        <time>2023-06-18T11:28:40Z</time>
      </trkpt>
      <trkpt lat="22.567594" lon="113.952818">
        <ele>9</ele>
        <time>2023-06-18T11:28:41Z</time>
      </trkpt>
      <trkpt lat="22.567639" lon="113.952801">
        <ele>9.1</ele>
        <time>2023-06-18T11:28:42Z</time>
      </trkpt>
      <trkpt lat="22.567682" lon="113.952777">
        <ele>9.2</ele>
        <time>2023-06-18T11:28:43Z</time>
      </trkpt>
      <trkpt lat="22.56772" lon="113.952746">
        <ele>9.2</ele>
        <time>2023-06-18T11:28:44Z</time>
      </trkpt>
      <trkpt lat="22.567763" lon="113.952706">
        <ele>9.3</ele>
        <time>2023-06-18T11:28:45Z</time>
      </trkpt>
      <trkpt lat="22.567801" lon="113.952662">
        <ele>9.4</ele>
        <time>2023-06-18T11:28:46Z</time>
      </trkpt>
      <trkpt lat="22.567826" lon="113.952624">
        <ele>9.4</ele>
        <time>2023-06-18T11:28:47Z</time>
      </trkpt>
      <trkpt lat="22.567845" lon="113.952587">
        <ele>9.5</ele>
        <time>2023-06-18T11:28:48Z</time>
      </trkpt>
      <trkpt lat="22.56786" lon="113.952564">
        <ele>9.5</ele>
        <time>2023-06-18T11:28:49Z</time>
      </trkpt>
      <trkpt lat="22.567874" lon="113.952542">
        <ele>9.6</ele>
        <time>2023-06-18T11:28:50Z</time>
      </trkpt>
      <trkpt lat="22.56788" lon="113.952527">
        <ele>9.6</ele>
        <time>2023-06-18T11:28:51Z</time>
      </trkpt>
      <trkpt lat="22.56789" lon="113.952511">
        <ele>9.6</ele>
        <time>2023-06-18T11:28:52Z</time>
      </trkpt>
      <trkpt lat="22.567903" lon="113.952487">
        <ele>9.7</ele>
        <time>2023-06-18T11:28:53Z</time>
      </trkpt>
      <trkpt lat="22.567923" lon="113.952459">
        <ele>9.7</ele>
        <time>2023-06-18T11:28:54Z</time>
      </trkpt>
      <trkpt lat="22.567938" lon="113.95244">
        <ele>9.7</ele>
        <time>2023-06-18T11:28:55Z</time>
      </trkpt>
      <trkpt lat="22.56795" lon="113.952395">
        <ele>9.8</ele>
        <time>2023-06-18T11:28:56Z</time>
      </trkpt>
      <trkpt lat="22.567956" lon="113.952356">
        <ele>9.9</ele>
        <time>2023-06-18T11:28:57Z</time>
      </trkpt>
      <trkpt lat="22.567959" lon="113.952318">
        <ele>9.9</ele>
        <time>2023-06-18T11:28:58Z</time>
      </trkpt>
      <trkpt lat="22.567958" lon="113.952279">
        <ele>10</ele>
        <time>2023-06-18T11:28:59Z</time>
      </trkpt>
      <trkpt lat="22.567957" lon="113.952249">
        <ele>10</ele>
        <time>2023-06-18T11:29:00Z</time>
      </trkpt>
      <trkpt lat="22.567958" lon="113.952218">
        <ele>10</ele>
        <time>2023-06-18T11:29:01Z</time>
      </trkpt>
      <trkpt lat="22.567955" lon="113.952182">
        <ele>10.1</ele>
        <time>2023-06-18T11:29:02Z</time>
      </trkpt>
      <trkpt lat="22.567964" lon="113.952151">
        <ele>10.1</ele>
        <time>2023-06-18T11:29:03Z</time>
      </trkpt>
      <trkpt lat="22.567975" lon="113.952113">
        <ele>10.1</ele>
        <time>2023-06-18T11:29:04Z</time>
      </trkpt>
      <trkpt lat="22.567981" lon="113.952075">
        <ele>10.2</ele>
        <time>2023-06-18T11:29:05Z</time>
      </trkpt>
      <trkpt lat="22.56799" lon="113.952045">
        <ele>10.2</ele>
        <time>2023-06-18T11:29:06Z</time>
      </trkpt>
      <trkpt lat="22.568004" lon="113.952016">
        <ele>10.2</ele>
        <time>2023-06-18T11:29:07Z</time>
      </trkpt>
      <trkpt lat="22.568031" lon="113.951993">
        <ele>10.3</ele>
        <time>2023-06-18T11:29:08Z</time>
      </trkpt>
      <trkpt lat="22.568064" lon="113.951978">
        <ele>10.3</ele>
        <time>2023-06-18T11:29:09Z</time>
      </trkpt>
      <trkpt lat="22.568104" lon="113.951964">
        <ele>10.3</ele>
        <time>2023-06-18T11:29:10Z</time>
      </trkpt>
      <trkpt lat="22.568144" lon="113.951956">
        <ele>10.3</ele>
        <time>2023-06-18T11:29:11Z</time>
      </trkpt>
      <trkpt lat="22.568177" lon="113.951948">
        <ele>10.4</ele>
        <time>2023-06-18T11:29:12Z</time>
      </trkpt>
      <trkpt lat="22.568209" lon="113.951934">
        <ele>10.4</ele>
        <time>2023-06-18T11:29:13Z</time>
      </trkpt>
      <trkpt lat="22.568238" lon="113.951923">
        <ele>10.4</ele>
        <time>2023-06-18T11:29:14Z</time>
      </trkpt>
      <trkpt lat="22.568269" lon="113.951901">
        <ele>10.5</ele>
        <time>2023-06-18T11:29:15Z</time>
      </trkpt>
      <trkpt lat="22.568302" lon="113.951879">
        <ele>10.5</ele>
        <time>2023-06-18T11:29:16Z</time>
      </trkpt>
      <trkpt lat="22.568342" lon="113.951862">
        <ele>10.5</ele>
        <time>2023-06-18T11:29:17Z</time>
      </trkpt>
      <trkpt lat="22.568377" lon="113.951841">
        <ele>10.6</ele>
        <time>2023-06-18T11:29:18Z</time>
      </trkpt>
      <trkpt lat="22.56841" lon="113.951825">
        <ele>10.6</ele>
        <time>2023-06-18T11:29:19Z</time>
      </trkpt>
      <trkpt lat="22.568446" lon="113.951801">
        <ele>10.6</ele>
        <time>2023-06-18T11:29:20Z</time>
      </trkpt>
      <trkpt lat="22.568476" lon="113.95178">
        <ele>10.6</ele>
        <time>2023-06-18T11:29:21Z</time>
      </trkpt>
      <trkpt lat="22.56851" lon="113.951764">
        <ele>10.7</ele>
        <time>2023-06-18T11:29:22Z</time>
      </trkpt>
      <trkpt lat="22.568548" lon="113.951739">
        <ele>10.7</ele>
        <time>2023-06-18T11:29:23Z</time>
      </trkpt>
      <trkpt lat="22.568581" lon="113.951711">
        <ele>10.7</ele>
        <time>2023-06-18T11:29:24Z</time>
      </trkpt>
      <trkpt lat="22.568612" lon="113.951695">
        <ele>10.8</ele>
        <time>2023-06-18T11:29:25Z</time>
      </trkpt>
      <trkpt lat="22.568646" lon="113.951673">
        <ele>10.8</ele>
        <time>2023-06-18T11:29:26Z</time>
      </trkpt>
      <trkpt lat="22.568681" lon="113.951655">
        <ele>10.8</ele>
        <time>2023-06-18T11:29:27Z</time>
      </trkpt>
      <trkpt lat="22.568714" lon="113.951635">
        <ele>10.9</ele>
        <time>2023-06-18T11:29:28Z</time>
      </trkpt>
      <trkpt lat="22.568751" lon="113.951618">
        <ele>10.9</ele>
        <time>2023-06-18T11:29:29Z</time>
      </trkpt>
      <trkpt lat="22.568787" lon="113.951597">
        <ele>10.9</ele>
        <time>2023-06-18T11:29:30Z</time>
      </trkpt>
      <trkpt lat="22.56882" lon="113.951581">
        <ele>11</ele>
        <time>2023-06-18T11:29:31Z</time>
      </trkpt>
      <trkpt lat="22.568858" lon="113.951558">
        <ele>11</ele>
        <time>2023-06-18T11:29:32Z</time>
      </trkpt>
      <trkpt lat="22.568895" lon="113.951543">
        <ele>11</ele>
        <time>2023-06-18T11:29:33Z</time>
      </trkpt>
      <trkpt lat="22.568934" lon="113.951528">
        <ele>11.1</ele>
        <time>2023-06-18T11:29:34Z</time>
      </trkpt>
      <trkpt lat="22.568971" lon="113.951513">
        <ele>11.1</ele>
        <time>2023-06-18T11:29:35Z</time>
      </trkpt>
      <trkpt lat="22.569003" lon="113.951498">
        <ele>11.1</ele>
        <time>2023-06-18T11:29:36Z</time>
      </trkpt>
      <trkpt lat="22.569035" lon="113.951482">
        <ele>11.2</ele>
        <time>2023-06-18T11:29:37Z</time>
      </trkpt>
      <trkpt lat="22.569066" lon="113.951467">
        <ele>11.2</ele>
        <time>2023-06-18T11:29:38Z</time>
      </trkpt>
      <trkpt lat="22.569094" lon="113.951452">
        <ele>11.2</ele>
        <time>2023-06-18T11:29:39Z</time>
      </trkpt>
      <trkpt lat="22.569124" lon="113.951437">
        <ele>11.2</ele>
        <time>2023-06-18T11:29:40Z</time>
      </trkpt>
      <trkpt lat="22.569152" lon="113.951422">
        <ele>11.3</ele>
        <time>2023-06-18T11:29:41Z</time>
      </trkpt>
      <trkpt lat="22.569178" lon="113.951413">
        <ele>11.3</ele>
        <time>2023-06-18T11:29:42Z</time>
      </trkpt>
      <trkpt lat="22.569205" lon="113.951391">
        <ele>11.3</ele>
        <time>2023-06-18T11:29:43Z</time>
      </trkpt>
      <trkpt lat="22.569239" lon="113.951374">
        <ele>11.3</ele>
        <time>2023-06-18T11:29:44Z</time>
      </trkpt>
      <trkpt lat="22.569273" lon="113.951353">
        <ele>11.4</ele>
        <time>2023-06-18T11:29:45Z</time>
      </trkpt>
      <trkpt lat="22.569311" lon="113.951337">
        <ele>11.4</ele>
        <time>2023-06-18T11:29:46Z</time>
      </trkpt>
      <trkpt lat="22.569351" lon="113.951314">
        <ele>11.4</ele>
        <time>2023-06-18T11:29:47Z</time>
      </trkpt>
      <trkpt lat="22.569388" lon="113.951298">
        <ele>11.5</ele>
        <time>2023-06-18T11:29:48Z</time>
      </trkpt>
      <trkpt lat="22.569431" lon="113.951274">
        <ele>11.5</ele>
        <time>2023-06-18T11:29:49Z</time>
      </trkpt>
      <trkpt lat="22.56947" lon="113.951253">
        <ele>11.5</ele>
        <time>2023-06-18T11:29:50Z</time>
      </trkpt>
      <trkpt lat="22.569509" lon="113.951237">
        <ele>11.5</ele>
        <time>2023-06-18T11:29:51Z</time>
      </trkpt>
      <trkpt lat="22.569552" lon="113.951214">
        <ele>11.5</ele>
        <time>2023-06-18T11:29:52Z</time>
      </trkpt>
      <trkpt lat="22.569594" lon="113.951191">
        <ele>11.5</ele>
        <time>2023-06-18T11:29:53Z</time>
      </trkpt>
      <trkpt lat="22.569637" lon="113.951169">
        <ele>11.5</ele>
        <time>2023-06-18T11:29:54Z</time>
      </trkpt>
      <trkpt lat="22.56968" lon="113.951144">
        <ele>11.5</ele>
        <time>2023-06-18T11:29:55Z</time>
      </trkpt>
      <trkpt lat="22.569721" lon="113.951115">
        <ele>11.5</ele>
        <time>2023-06-18T11:29:56Z</time>
      </trkpt>
      <trkpt lat="22.569768" lon="113.951093">
        <ele>11.5</ele>
        <time>2023-06-18T11:29:57Z</time>
      </trkpt>
      <trkpt lat="22.569815" lon="113.951069">
        <ele>11.5</ele>
        <time>2023-06-18T11:29:58Z</time>
      </trkpt>
      <trkpt lat="22.56986" lon="113.951048">
        <ele>11.5</ele>
        <time>2023-06-18T11:29:59Z</time>
      </trkpt>
      <trkpt lat="22.569903" lon="113.951031">
        <ele>11.5</ele>
        <time>2023-06-18T11:30:00Z</time>
      </trkpt>
      <trkpt lat="22.569943" lon="113.951009">
        <ele>11.5</ele>
        <time>2023-06-18T11:30:01Z</time>
      </trkpt>
      <trkpt lat="22.569984" lon="113.950994">
        <ele>11.5</ele>
        <time>2023-06-18T11:30:02Z</time>
      </trkpt>
      <trkpt lat="22.570023" lon="113.950977">
        <ele>11.5</ele>
        <time>2023-06-18T11:30:03Z</time>
      </trkpt>
      <trkpt lat="22.570061" lon="113.950955">
        <ele>11.5</ele>
        <time>2023-06-18T11:30:04Z</time>
      </trkpt>
      <trkpt lat="22.570101" lon="113.950932">
        <ele>11.5</ele>
        <time>2023-06-18T11:30:05Z</time>
      </trkpt>
      <trkpt lat="22.570143" lon="113.95091">
        <ele>11.5</ele>
        <time>2023-06-18T11:30:06Z</time>
      </trkpt>
      <trkpt lat="22.570182" lon="113.950894">
        <ele>11.5</ele>
        <time>2023-06-18T11:30:07Z</time>
      </trkpt>
      <trkpt lat="22.570221" lon="113.950871">
        <ele>11.5</ele>
        <time>2023-06-18T11:30:08Z</time>
      </trkpt>
      <trkpt lat="22.570252" lon="113.950856">
        <ele>11.5</ele>
        <time>2023-06-18T11:30:09Z</time>
      </trkpt>
      <trkpt lat="22.570285" lon="113.950834">
        <ele>11.5</ele>
        <time>2023-06-18T11:30:10Z</time>
      </trkpt>
      <trkpt lat="22.570322" lon="113.950818">
        <ele>11.4</ele>
        <time>2023-06-18T11:30:11Z</time>
      </trkpt>
      <trkpt lat="22.570358" lon="113.950796">
        <ele>11.4</ele>
        <time>2023-06-18T11:30:12Z</time>
      </trkpt>
      <trkpt lat="22.570393" lon="113.950781">
        <ele>11.4</ele>
        <time>2023-06-18T11:30:13Z</time>
      </trkpt>
      <trkpt lat="22.570424" lon="113.950765">
        <ele>11.4</ele>
        <time>2023-06-18T11:30:14Z</time>
      </trkpt>
      <trkpt lat="22.570459" lon="113.950749">
        <ele>11.4</ele>
        <time>2023-06-18T11:30:15Z</time>
      </trkpt>
      <trkpt lat="22.570493" lon="113.950727">
        <ele>11.4</ele>
        <time>2023-06-18T11:30:16Z</time>
      </trkpt>
      <trkpt lat="22.570522" lon="113.950711">
        <ele>11.4</ele>
        <time>2023-06-18T11:30:17Z</time>
      </trkpt>
      <trkpt lat="22.570561" lon="113.95069">
        <ele>11.4</ele>
        <time>2023-06-18T11:30:18Z</time>
      </trkpt>
      <trkpt lat="22.570595" lon="113.950681">
        <ele>11.4</ele>
        <time>2023-06-18T11:30:19Z</time>
      </trkpt>
      <trkpt lat="22.570623" lon="113.950665">
        <ele>11.4</ele>
        <time>2023-06-18T11:30:20Z</time>
      </trkpt>
      <trkpt lat="22.570647" lon="113.950642">
        <ele>11.4</ele>
        <time>2023-06-18T11:30:21Z</time>
      </trkpt>
      <trkpt lat="22.570677" lon="113.95062">
        <ele>11.4</ele>
        <time>2023-06-18T11:30:22Z</time>
      </trkpt>
      <trkpt lat="22.570709" lon="113.950605">
        <ele>11.4</ele>
        <time>2023-06-18T11:30:23Z</time>
      </trkpt>
      <trkpt lat="22.570742" lon="113.95059">
        <ele>11.4</ele>
        <time>2023-06-18T11:30:24Z</time>
      </trkpt>
      <trkpt lat="22.570773" lon="113.950575">
        <ele>11.4</ele>
        <time>2023-06-18T11:30:25Z</time>
      </trkpt>
      <trkpt lat="22.570806" lon="113.950559">
        <ele>11.4</ele>
        <time>2023-06-18T11:30:26Z</time>
      </trkpt>
      <trkpt lat="22.570844" lon="113.950543">
        <ele>11.4</ele>
        <time>2023-06-18T11:30:27Z</time>
      </trkpt>
      <trkpt lat="22.570884" lon="113.950528">
        <ele>11.4</ele>
        <time>2023-06-18T11:30:28Z</time>
      </trkpt>
      <trkpt lat="22.570929" lon="113.950505">
        <ele>11.4</ele>
        <time>2023-06-18T11:30:29Z</time>
      </trkpt>
      <trkpt lat="22.570974" lon="113.950483">
        <ele>11.4</ele>
        <time>2023-06-18T11:30:30Z</time>
      </trkpt>
      <trkpt lat="22.57101" lon="113.950468">
        <ele>11.4</ele>
        <time>2023-06-18T11:30:31Z</time>
      </trkpt>
      <trkpt lat="22.571052" lon="113.950455">
        <ele>11.4</ele>
        <time>2023-06-18T11:30:32Z</time>
      </trkpt>
      <trkpt lat="22.571103" lon="113.950457">
        <ele>11.4</ele>
        <time>2023-06-18T11:30:33Z</time>
      </trkpt>
      <trkpt lat="22.571152" lon="113.950473">
        <ele>11.4</ele>
        <time>2023-06-18T11:30:34Z</time>
      </trkpt>
      <trkpt lat="22.571191" lon="113.950496">
        <ele>11.4</ele>
        <time>2023-06-18T11:30:35Z</time>
      </trkpt>
      <trkpt lat="22.571222" lon="113.95052">
        <ele>11.4</ele>
        <time>2023-06-18T11:30:36Z</time>
      </trkpt>
      <trkpt lat="22.571244" lon="113.950552">
        <ele>11.4</ele>
        <time>2023-06-18T11:30:37Z</time>
      </trkpt>
      <trkpt lat="22.57126" lon="113.950589">
        <ele>11.4</ele>
        <time>2023-06-18T11:30:38Z</time>
      </trkpt>
      <trkpt lat="22.571269" lon="113.950621">
        <ele>11.4</ele>
        <time>2023-06-18T11:30:39Z</time>
      </trkpt>
      <trkpt lat="22.571272" lon="113.950651">
        <ele>11.4</ele>
        <time>2023-06-18T11:30:40Z</time>
      </trkpt>
      <trkpt lat="22.571276" lon="113.950688">
        <ele>11.5</ele>
        <time>2023-06-18T11:30:41Z</time>
      </trkpt>
      <trkpt lat="22.57128" lon="113.950719">
        <ele>11.5</ele>
        <time>2023-06-18T11:30:42Z</time>
      </trkpt>
      <trkpt lat="22.571281" lon="113.95075">
        <ele>11.5</ele>
        <time>2023-06-18T11:30:43Z</time>
      </trkpt>
      <trkpt lat="22.571278" lon="113.950788">
        <ele>11.5</ele>
        <time>2023-06-18T11:30:44Z</time>
      </trkpt>
      <trkpt lat="22.571269" lon="113.950828">
        <ele>11.5</ele>
        <time>2023-06-18T11:30:45Z</time>
      </trkpt>
      <trkpt lat="22.571262" lon="113.950866">
        <ele>11.5</ele>
        <time>2023-06-18T11:30:46Z</time>
      </trkpt>
      <trkpt lat="22.571261" lon="113.950903">
        <ele>11.5</ele>
        <time>2023-06-18T11:30:47Z</time>
      </trkpt>
      <trkpt lat="22.571263" lon="113.950948">
        <ele>11.5</ele>
        <time>2023-06-18T11:30:48Z</time>
      </trkpt>
      <trkpt lat="22.571267" lon="113.950987">
        <ele>11.5</ele>
        <time>2023-06-18T11:30:49Z</time>
      </trkpt>
      <trkpt lat="22.571271" lon="113.951025">
        <ele>11.6</ele>
        <time>2023-06-18T11:30:50Z</time>
      </trkpt>
      <trkpt lat="22.571275" lon="113.951063">
        <ele>11.6</ele>
        <time>2023-06-18T11:30:51Z</time>
      </trkpt>
      <trkpt lat="22.57128" lon="113.951102">
        <ele>11.6</ele>
        <time>2023-06-18T11:30:52Z</time>
      </trkpt>
      <trkpt lat="22.571283" lon="113.951147">
        <ele>11.6</ele>
        <time>2023-06-18T11:30:53Z</time>
      </trkpt>
      <trkpt lat="22.571281" lon="113.951185">
        <ele>11.6</ele>
        <time>2023-06-18T11:30:54Z</time>
      </trkpt>
      <trkpt lat="22.57128" lon="113.951224">
        <ele>11.6</ele>
        <time>2023-06-18T11:30:55Z</time>
      </trkpt>
      <trkpt lat="22.571282" lon="113.951269">
        <ele>11.6</ele>
        <time>2023-06-18T11:30:56Z</time>
      </trkpt>
      <trkpt lat="22.571284" lon="113.951307">
        <ele>11.6</ele>
        <time>2023-06-18T11:30:57Z</time>
      </trkpt>
      <trkpt lat="22.571289" lon="113.951345">
        <ele>11.7</ele>
        <time>2023-06-18T11:30:58Z</time>
      </trkpt>
      <trkpt lat="22.571284" lon="113.951381">
        <ele>11.7</ele>
        <time>2023-06-18T11:30:59Z</time>
      </trkpt>
      <trkpt lat="22.571276" lon="113.951413">
        <ele>11.7</ele>
        <time>2023-06-18T11:31:00Z</time>
      </trkpt>
      <trkpt lat="22.571266" lon="113.951451">
        <ele>11.7</ele>
        <time>2023-06-18T11:31:01Z</time>
      </trkpt>
      <trkpt lat="22.571262" lon="113.951489">
        <ele>11.7</ele>
        <time>2023-06-18T11:31:02Z</time>
      </trkpt>
      <trkpt lat="22.571262" lon="113.95152">
        <ele>11.7</ele>
        <time>2023-06-18T11:31:03Z</time>
      </trkpt>
      <trkpt lat="22.571262" lon="113.951551">
        <ele>11.7</ele>
        <time>2023-06-18T11:31:04Z</time>
      </trkpt>
      <trkpt lat="22.571263" lon="113.951588">
        <ele>11.7</ele>
        <time>2023-06-18T11:31:05Z</time>
      </trkpt>
      <trkpt lat="22.571264" lon="113.951618">
        <ele>11.7</ele>
        <time>2023-06-18T11:31:06Z</time>
      </trkpt>
      <trkpt lat="22.57126" lon="113.95165">
        <ele>11.8</ele>
        <time>2023-06-18T11:31:07Z</time>
      </trkpt>
      <trkpt lat="22.57126" lon="113.951697">
        <ele>11.8</ele>
        <time>2023-06-18T11:31:08Z</time>
      </trkpt>
      <trkpt lat="22.571261" lon="113.951741">
        <ele>11.8</ele>
        <time>2023-06-18T11:31:09Z</time>
      </trkpt>
      <trkpt lat="22.571262" lon="113.951779">
        <ele>11.8</ele>
        <time>2023-06-18T11:31:10Z</time>
      </trkpt>
      <trkpt lat="22.571262" lon="113.951809">
        <ele>11.8</ele>
        <time>2023-06-18T11:31:11Z</time>
      </trkpt>
      <trkpt lat="22.57126" lon="113.951839">
        <ele>11.8</ele>
        <time>2023-06-18T11:31:12Z</time>
      </trkpt>
      <trkpt lat="22.571259" lon="113.951863">
        <ele>11.8</ele>
        <time>2023-06-18T11:31:13Z</time>
      </trkpt>
      <trkpt lat="22.571259" lon="113.951893">
        <ele>11.8</ele>
        <time>2023-06-18T11:31:14Z</time>
      </trkpt>
      <trkpt lat="22.571258" lon="113.951925">
        <ele>11.8</ele>
        <time>2023-06-18T11:31:15Z</time>
      </trkpt>
      <trkpt lat="22.571255" lon="113.951962">
        <ele>11.8</ele>
        <time>2023-06-18T11:31:16Z</time>
      </trkpt>
      <trkpt lat="22.571239" lon="113.951993">
        <ele>11.9</ele>
        <time>2023-06-18T11:31:17Z</time>
      </trkpt>
      <trkpt lat="22.571218" lon="113.952029">
        <ele>11.9</ele>
        <time>2023-06-18T11:31:18Z</time>
      </trkpt>
      <trkpt lat="22.571197" lon="113.952053">
        <ele>11.9</ele>
        <time>2023-06-18T11:31:19Z</time>
      </trkpt>
      <trkpt lat="22.571175" lon="113.952083">
        <ele>11.9</ele>
        <time>2023-06-18T11:31:20Z</time>
      </trkpt>
      <trkpt lat="22.571167" lon="113.952107">
        <ele>11.9</ele>
        <time>2023-06-18T11:31:21Z</time>
      </trkpt>
      <trkpt lat="22.571166" lon="113.952137">
        <ele>11.9</ele>
        <time>2023-06-18T11:31:22Z</time>
      </trkpt>
      <trkpt lat="22.571155" lon="113.952168">
        <ele>11.9</ele>
        <time>2023-06-18T11:31:23Z</time>
      </trkpt>
      <trkpt lat="22.571133" lon="113.952196">
        <ele>11.9</ele>
        <time>2023-06-18T11:31:24Z</time>
      </trkpt>
      <trkpt lat="22.571109" lon="113.952212">
        <ele>11.9</ele>
        <time>2023-06-18T11:31:25Z</time>
      </trkpt>
      <trkpt lat="22.571093" lon="113.952229">
        <ele>11.9</ele>
        <time>2023-06-18T11:31:26Z</time>
      </trkpt>
      <trkpt lat="22.571083" lon="113.952252">
        <ele>12</ele>
        <time>2023-06-18T11:31:27Z</time>
      </trkpt>
      <trkpt lat="22.571072" lon="113.952283">
        <ele>11.9</ele>
        <time>2023-06-18T11:31:28Z</time>
      </trkpt>
      <trkpt lat="22.571054" lon="113.952331">
        <ele>11.9</ele>
        <time>2023-06-18T11:31:29Z</time>
      </trkpt>
      <trkpt lat="22.571027" lon="113.952365">
        <ele>11.9</ele>
        <time>2023-06-18T11:31:30Z</time>
      </trkpt>
      <trkpt lat="22.570981" lon="113.952379">
        <ele>11.9</ele>
        <time>2023-06-18T11:31:31Z</time>
      </trkpt>
      <trkpt lat="22.570931" lon="113.952385">
        <ele>11.9</ele>
        <time>2023-06-18T11:31:32Z</time>
      </trkpt>
      <trkpt lat="22.570887" lon="113.952388">
        <ele>11.9</ele>
        <time>2023-06-18T11:31:33Z</time>
      </trkpt>
      <trkpt lat="22.570857" lon="113.952403">
        <ele>11.9</ele>
        <time>2023-06-18T11:31:34Z</time>
      </trkpt>
      <trkpt lat="22.570826" lon="113.952427">
        <ele>11.9</ele>
        <time>2023-06-18T11:31:35Z</time>
      </trkpt>
      <trkpt lat="22.570801" lon="113.952455">
        <ele>11.9</ele>
        <time>2023-06-18T11:31:36Z</time>
      </trkpt>
      <trkpt lat="22.570776" lon="113.952464">
        <ele>11.9</ele>
        <time>2023-06-18T11:31:37Z</time>
      </trkpt>
      <trkpt lat="22.570746" lon="113.952479">
        <ele>11.9</ele>
        <time>2023-06-18T11:31:38Z</time>
      </trkpt>
      <trkpt lat="22.570706" lon="113.952495">
        <ele>11.9</ele>
        <time>2023-06-18T11:31:39Z</time>
      </trkpt>
      <trkpt lat="22.57067" lon="113.952517">
        <ele>11.9</ele>
        <time>2023-06-18T11:31:40Z</time>
      </trkpt>
      <trkpt lat="22.570633" lon="113.952534">
        <ele>11.9</ele>
        <time>2023-06-18T11:31:41Z</time>
      </trkpt>
      <trkpt lat="22.570595" lon="113.952555">
        <ele>11.9</ele>
        <time>2023-06-18T11:31:42Z</time>
      </trkpt>
      <trkpt lat="22.570554" lon="113.952572">
        <ele>11.8</ele>
        <time>2023-06-18T11:31:43Z</time>
      </trkpt>
      <trkpt lat="22.570512" lon="113.952594">
        <ele>11.8</ele>
        <time>2023-06-18T11:31:44Z</time>
      </trkpt>
      <trkpt lat="22.57047" lon="113.952617">
        <ele>11.8</ele>
        <time>2023-06-18T11:31:45Z</time>
      </trkpt>
      <trkpt lat="22.570435" lon="113.952639">
        <ele>11.8</ele>
        <time>2023-06-18T11:31:46Z</time>
      </trkpt>
      <trkpt lat="22.570398" lon="113.952655">
        <ele>11.8</ele>
        <time>2023-06-18T11:31:47Z</time>
      </trkpt>
      <trkpt lat="22.570354" lon="113.952678">
        <ele>11.8</ele>
        <time>2023-06-18T11:31:48Z</time>
      </trkpt>
      <trkpt lat="22.570311" lon="113.952701">
        <ele>11.8</ele>
        <time>2023-06-18T11:31:49Z</time>
      </trkpt>
      <trkpt lat="22.570269" lon="113.952717">
        <ele>11.8</ele>
        <time>2023-06-18T11:31:50Z</time>
      </trkpt>
      <trkpt lat="22.570229" lon="113.952738">
        <ele>11.8</ele>
        <time>2023-06-18T11:31:51Z</time>
      </trkpt>
      <trkpt lat="22.570191" lon="113.952754">
        <ele>11.8</ele>
        <time>2023-06-18T11:31:52Z</time>
      </trkpt>
      <trkpt lat="22.570152" lon="113.952776">
        <ele>11.8</ele>
        <time>2023-06-18T11:31:53Z</time>
      </trkpt>
      <trkpt lat="22.570109" lon="113.952793">
        <ele>11.8</ele>
        <time>2023-06-18T11:31:54Z</time>
      </trkpt>
      <trkpt lat="22.570059" lon="113.952815">
        <ele>11.8</ele>
        <time>2023-06-18T11:31:55Z</time>
      </trkpt>
      <trkpt lat="22.570021" lon="113.952838">
        <ele>11.8</ele>
        <time>2023-06-18T11:31:56Z</time>
      </trkpt>
      <trkpt lat="22.569982" lon="113.952861">
        <ele>11.7</ele>
        <time>2023-06-18T11:31:57Z</time>
      </trkpt>
      <trkpt lat="22.569943" lon="113.952883">
        <ele>11.7</ele>
        <time>2023-06-18T11:31:58Z</time>
      </trkpt>
      <trkpt lat="22.569905" lon="113.952898">
        <ele>11.7</ele>
        <time>2023-06-18T11:31:59Z</time>
      </trkpt>
      <trkpt lat="22.569868" lon="113.952914">
        <ele>11.7</ele>
        <time>2023-06-18T11:32:00Z</time>
      </trkpt>
      <trkpt lat="22.569826" lon="113.952937">
        <ele>11.7</ele>
        <time>2023-06-18T11:32:01Z</time>
      </trkpt>
      <trkpt lat="22.569786" lon="113.952952">
        <ele>11.7</ele>
        <time>2023-06-18T11:32:02Z</time>
      </trkpt>
      <trkpt lat="22.569746" lon="113.952967">
        <ele>11.7</ele>
        <time>2023-06-18T11:32:03Z</time>
      </trkpt>
      <trkpt lat="22.569707" lon="113.952983">
        <ele>11.7</ele>
        <time>2023-06-18T11:32:04Z</time>
      </trkpt>
      <trkpt lat="22.569666" lon="113.953005">
        <ele>11.7</ele>
        <time>2023-06-18T11:32:05Z</time>
      </trkpt>
      <trkpt lat="22.569626" lon="113.953022">
        <ele>11.7</ele>
        <time>2023-06-18T11:32:06Z</time>
      </trkpt>
      <trkpt lat="22.56959" lon="113.953043">
        <ele>11.7</ele>
        <time>2023-06-18T11:32:07Z</time>
      </trkpt>
      <trkpt lat="22.569549" lon="113.953059">
        <ele>11.7</ele>
        <time>2023-06-18T11:32:08Z</time>
      </trkpt>
      <trkpt lat="22.569504" lon="113.953082">
        <ele>11.7</ele>
        <time>2023-06-18T11:32:09Z</time>
      </trkpt>
      <trkpt lat="22.569459" lon="113.953104">
        <ele>11.6</ele>
        <time>2023-06-18T11:32:10Z</time>
      </trkpt>
      <trkpt lat="22.569418" lon="113.953122">
        <ele>11.6</ele>
        <time>2023-06-18T11:32:11Z</time>
      </trkpt>
      <trkpt lat="22.569377" lon="113.953151">
        <ele>11.6</ele>
        <time>2023-06-18T11:32:12Z</time>
      </trkpt>
      <trkpt lat="22.569331" lon="113.953174">
        <ele>11.6</ele>
        <time>2023-06-18T11:32:13Z</time>
      </trkpt>
      <trkpt lat="22.569287" lon="113.953196">
        <ele>11.6</ele>
        <time>2023-06-18T11:32:14Z</time>
      </trkpt>
      <trkpt lat="22.569244" lon="113.953212">
        <ele>11.6</ele>
        <time>2023-06-18T11:32:15Z</time>
      </trkpt>
      <trkpt lat="22.569199" lon="113.953235">
        <ele>11.6</ele>
        <time>2023-06-18T11:32:16Z</time>
      </trkpt>
      <trkpt lat="22.569146" lon="113.953257">
        <ele>11.6</ele>
        <time>2023-06-18T11:32:17Z</time>
      </trkpt>
      <trkpt lat="22.569091" lon="113.953272">
        <ele>11.5</ele>
        <time>2023-06-18T11:32:18Z</time>
      </trkpt>
      <trkpt lat="22.569044" lon="113.953288">
        <ele>11.5</ele>
        <time>2023-06-18T11:32:19Z</time>
      </trkpt>
      <trkpt lat="22.569002" lon="113.953304">
        <ele>11.5</ele>
        <time>2023-06-18T11:32:20Z</time>
      </trkpt>
      <trkpt lat="22.568957" lon="113.953327">
        <ele>11.5</ele>
        <time>2023-06-18T11:32:21Z</time>
      </trkpt>
      <trkpt lat="22.568913" lon="113.95335">
        <ele>11.5</ele>
        <time>2023-06-18T11:32:22Z</time>
      </trkpt>
      <trkpt lat="22.568869" lon="113.953379">
        <ele>11.5</ele>
        <time>2023-06-18T11:32:23Z</time>
      </trkpt>
      <trkpt lat="22.568821" lon="113.953394">
        <ele>11.5</ele>
        <time>2023-06-18T11:32:24Z</time>
      </trkpt>
      <trkpt lat="22.56878" lon="113.953409">
        <ele>11.5</ele>
        <time>2023-06-18T11:32:25Z</time>
      </trkpt>
      <trkpt lat="22.56874" lon="113.953426">
        <ele>11.5</ele>
        <time>2023-06-18T11:32:26Z</time>
      </trkpt>
      <trkpt lat="22.568704" lon="113.953448">
        <ele>11.4</ele>
        <time>2023-06-18T11:32:27Z</time>
      </trkpt>
      <trkpt lat="22.568666" lon="113.953471">
        <ele>11.4</ele>
        <time>2023-06-18T11:32:28Z</time>
      </trkpt>
      <trkpt lat="22.568632" lon="113.953493">
        <ele>11.4</ele>
        <time>2023-06-18T11:32:29Z</time>
      </trkpt>
      <trkpt lat="22.568589" lon="113.953509">
        <ele>11.4</ele>
        <time>2023-06-18T11:32:30Z</time>
      </trkpt>
      <trkpt lat="22.568553" lon="113.953531">
        <ele>11.4</ele>
        <time>2023-06-18T11:32:31Z</time>
      </trkpt>
      <trkpt lat="22.568513" lon="113.953547">
        <ele>11.4</ele>
        <time>2023-06-18T11:32:32Z</time>
      </trkpt>
      <trkpt lat="22.568474" lon="113.953563">
        <ele>11.4</ele>
        <time>2023-06-18T11:32:33Z</time>
      </trkpt>
      <trkpt lat="22.568432" lon="113.953586">
        <ele>11.4</ele>
        <time>2023-06-18T11:32:34Z</time>
      </trkpt>
      <trkpt lat="22.568391" lon="113.953608">
        <ele>11.4</ele>
        <time>2023-06-18T11:32:35Z</time>
      </trkpt>
      <trkpt lat="22.56835" lon="113.953623">
        <ele>11.3</ele>
        <time>2023-06-18T11:32:36Z</time>
      </trkpt>
      <trkpt lat="22.568311" lon="113.953639">
        <ele>11.3</ele>
        <time>2023-06-18T11:32:37Z</time>
      </trkpt>
      <trkpt lat="22.568275" lon="113.953661">
        <ele>11.3</ele>
        <time>2023-06-18T11:32:38Z</time>
      </trkpt>
      <trkpt lat="22.568234" lon="113.953677">
        <ele>11.3</ele>
        <time>2023-06-18T11:32:39Z</time>
      </trkpt>
      <trkpt lat="22.568183" lon="113.9537">
        <ele>11.3</ele>
        <time>2023-06-18T11:32:40Z</time>
      </trkpt>
      <trkpt lat="22.568137" lon="113.953722">
        <ele>11.3</ele>
        <time>2023-06-18T11:32:41Z</time>
      </trkpt>
      <trkpt lat="22.568102" lon="113.953738">
        <ele>11.3</ele>
        <time>2023-06-18T11:32:42Z</time>
      </trkpt>
      <trkpt lat="22.568073" lon="113.95376">
        <ele>11.3</ele>
        <time>2023-06-18T11:32:43Z</time>
      </trkpt>
      <trkpt lat="22.56804" lon="113.953776">
        <ele>11.3</ele>
        <time>2023-06-18T11:32:44Z</time>
      </trkpt>
      <trkpt lat="22.568008" lon="113.953793">
        <ele>11.2</ele>
        <time>2023-06-18T11:32:45Z</time>
      </trkpt>
      <trkpt lat="22.567975" lon="113.953822">
        <ele>11.2</ele>
        <time>2023-06-18T11:32:46Z</time>
      </trkpt>
      <trkpt lat="22.567937" lon="113.953844">
        <ele>11.2</ele>
        <time>2023-06-18T11:32:47Z</time>
      </trkpt>
      <trkpt lat="22.567898" lon="113.953859">
        <ele>11.2</ele>
        <time>2023-06-18T11:32:48Z</time>
      </trkpt>
      <trkpt lat="22.567859" lon="113.953875">
        <ele>11.2</ele>
        <time>2023-06-18T11:32:49Z</time>
      </trkpt>
      <trkpt lat="22.567822" lon="113.953891">
        <ele>11.2</ele>
        <time>2023-06-18T11:32:50Z</time>
      </trkpt>
      <trkpt lat="22.567783" lon="113.953913">
        <ele>11.2</ele>
        <time>2023-06-18T11:32:51Z</time>
      </trkpt>
      <trkpt lat="22.567742" lon="113.953928">
        <ele>11.2</ele>
        <time>2023-06-18T11:32:52Z</time>
      </trkpt>
      <trkpt lat="22.567704" lon="113.953944">
        <ele>11.1</ele>
        <time>2023-06-18T11:32:53Z</time>
      </trkpt>
      <trkpt lat="22.567667" lon="113.953966">
        <ele>11.1</ele>
        <time>2023-06-18T11:32:54Z</time>
      </trkpt>
      <trkpt lat="22.567634" lon="113.953982">
        <ele>11.1</ele>
        <time>2023-06-18T11:32:55Z</time>
      </trkpt>
      <trkpt lat="22.567599" lon="113.953998">
        <ele>11.1</ele>
        <time>2023-06-18T11:32:56Z</time>
      </trkpt>
      <trkpt lat="22.567561" lon="113.95402">
        <ele>11.1</ele>
        <time>2023-06-18T11:32:57Z</time>
      </trkpt>
      <trkpt lat="22.567518" lon="113.954036">
        <ele>11.1</ele>
        <time>2023-06-18T11:32:58Z</time>
      </trkpt>
      <trkpt lat="22.567476" lon="113.954059">
        <ele>11.1</ele>
        <time>2023-06-18T11:32:59Z</time>
      </trkpt>
      <trkpt lat="22.567436" lon="113.954081">
        <ele>11</ele>
        <time>2023-06-18T11:33:00Z</time>
      </trkpt>
      <trkpt lat="22.567391" lon="113.954097">
        <ele>11</ele>
        <time>2023-06-18T11:33:01Z</time>
      </trkpt>
      <trkpt lat="22.567342" lon="113.95412">
        <ele>11</ele>
        <time>2023-06-18T11:33:02Z</time>
      </trkpt>
      <trkpt lat="22.567295" lon="113.954142">
        <ele>11</ele>
        <time>2023-06-18T11:33:03Z</time>
      </trkpt>
      <trkpt lat="22.567252" lon="113.954158">
        <ele>11</ele>
        <time>2023-06-18T11:33:04Z</time>
      </trkpt>
      <trkpt lat="22.567215" lon="113.95418">
        <ele>11</ele>
        <time>2023-06-18T11:33:05Z</time>
      </trkpt>
      <trkpt lat="22.567173" lon="113.954196">
        <ele>10.9</ele>
        <time>2023-06-18T11:33:06Z</time>
      </trkpt>
      <trkpt lat="22.56713" lon="113.95422">
        <ele>10.9</ele>
        <time>2023-06-18T11:33:07Z</time>
      </trkpt>
      <trkpt lat="22.567085" lon="113.95425">
        <ele>10.9</ele>
        <time>2023-06-18T11:33:08Z</time>
      </trkpt>
      <trkpt lat="22.567036" lon="113.954274">
        <ele>10.9</ele>
        <time>2023-06-18T11:33:09Z</time>
      </trkpt>
      <trkpt lat="22.566992" lon="113.954297">
        <ele>10.9</ele>
        <time>2023-06-18T11:33:10Z</time>
      </trkpt>
      <trkpt lat="22.566949" lon="113.954325">
        <ele>10.9</ele>
        <time>2023-06-18T11:33:11Z</time>
      </trkpt>
      <trkpt lat="22.566909" lon="113.954341">
        <ele>10.8</ele>
        <time>2023-06-18T11:33:12Z</time>
      </trkpt>
      <trkpt lat="22.566869" lon="113.954364">
        <ele>10.8</ele>
        <time>2023-06-18T11:33:13Z</time>
      </trkpt>
      <trkpt lat="22.566829" lon="113.954387">
        <ele>10.8</ele>
        <time>2023-06-18T11:33:14Z</time>
      </trkpt>
      <trkpt lat="22.566795" lon="113.95441">
        <ele>10.8</ele>
        <time>2023-06-18T11:33:15Z</time>
      </trkpt>
      <trkpt lat="22.566758" lon="113.954441">
        <ele>10.8</ele>
        <time>2023-06-18T11:33:16Z</time>
      </trkpt>
      <trkpt lat="22.566721" lon="113.954472">
        <ele>10.8</ele>
        <time>2023-06-18T11:33:17Z</time>
      </trkpt>
      <trkpt lat="22.566684" lon="113.954502">
        <ele>10.7</ele>
        <time>2023-06-18T11:33:18Z</time>
      </trkpt>
      <trkpt lat="22.566649" lon="113.954533">
        <ele>10.7</ele>
        <time>2023-06-18T11:33:19Z</time>
      </trkpt>
      <trkpt lat="22.566615" lon="113.954564">
        <ele>10.7</ele>
        <time>2023-06-18T11:33:20Z</time>
      </trkpt>
      <trkpt lat="22.566583" lon="113.954594">
        <ele>10.7</ele>
        <time>2023-06-18T11:33:21Z</time>
      </trkpt>
      <trkpt lat="22.566553" lon="113.954624">
        <ele>10.7</ele>
        <time>2023-06-18T11:33:22Z</time>
      </trkpt>
      <trkpt lat="22.566523" lon="113.954655">
        <ele>10.7</ele>
        <time>2023-06-18T11:33:23Z</time>
      </trkpt>
      <trkpt lat="22.566496" lon="113.954685">
        <ele>10.7</ele>
        <time>2023-06-18T11:33:24Z</time>
      </trkpt>
      <trkpt lat="22.566472" lon="113.954714">
        <ele>10.6</ele>
        <time>2023-06-18T11:33:25Z</time>
      </trkpt>
      <trkpt lat="22.566446" lon="113.954731">
        <ele>10.6</ele>
        <time>2023-06-18T11:33:26Z</time>
      </trkpt>
      <trkpt lat="22.566422" lon="113.954752">
        <ele>10.6</ele>
        <time>2023-06-18T11:33:27Z</time>
      </trkpt>
      <trkpt lat="22.566402" lon="113.954768">
        <ele>10.6</ele>
        <time>2023-06-18T11:33:28Z</time>
      </trkpt>
      <trkpt lat="22.566381" lon="113.954793">
        <ele>10.6</ele>
        <time>2023-06-18T11:33:29Z</time>
      </trkpt>
      <trkpt lat="22.566353" lon="113.954824">
        <ele>10.6</ele>
        <time>2023-06-18T11:33:30Z</time>
      </trkpt>
      <trkpt lat="22.566329" lon="113.954861">
        <ele>10.6</ele>
        <time>2023-06-18T11:33:31Z</time>
      </trkpt>
      <trkpt lat="22.566307" lon="113.954892">
        <ele>10.6</ele>
        <time>2023-06-18T11:33:32Z</time>
      </trkpt>
      <trkpt lat="22.566276" lon="113.954922">
        <ele>10.6</ele>
        <time>2023-06-18T11:33:33Z</time>
      </trkpt>
      <trkpt lat="22.566245" lon="113.954952">
        <ele>10.6</ele>
        <time>2023-06-18T11:33:34Z</time>
      </trkpt>
      <trkpt lat="22.566221" lon="113.954983">
        <ele>10.6</ele>
        <time>2023-06-18T11:33:35Z</time>
      </trkpt>
      <trkpt lat="22.566202" lon="113.955011">
        <ele>10.6</ele>
        <time>2023-06-18T11:33:36Z</time>
      </trkpt>
      <trkpt lat="22.566187" lon="113.955027">
        <ele>10.6</ele>
        <time>2023-06-18T11:33:37Z</time>
      </trkpt>
      <trkpt lat="22.566178" lon="113.955043">
        <ele>10.6</ele>
        <time>2023-06-18T11:33:38Z</time>
      </trkpt>
      <trkpt lat="22.566165" lon="113.955066">
        <ele>10.6</ele>
        <time>2023-06-18T11:33:39Z</time>
      </trkpt>
      <trkpt lat="22.566148" lon="113.955089">
        <ele>10.6</ele>
        <time>2023-06-18T11:33:40Z</time>
      </trkpt>
      <trkpt lat="22.566126" lon="113.955113">
        <ele>10.7</ele>
        <time>2023-06-18T11:33:41Z</time>
      </trkpt>
      <trkpt lat="22.566104" lon="113.955144">
        <ele>10.7</ele>
        <time>2023-06-18T11:33:42Z</time>
      </trkpt>
      <trkpt lat="22.566085" lon="113.955174">
        <ele>10.7</ele>
        <time>2023-06-18T11:33:43Z</time>
      </trkpt>
      <trkpt lat="22.566064" lon="113.955205">
        <ele>10.7</ele>
        <time>2023-06-18T11:33:44Z</time>
      </trkpt>
      <trkpt lat="22.566043" lon="113.955235">
        <ele>10.7</ele>
        <time>2023-06-18T11:33:45Z</time>
      </trkpt>
      <trkpt lat="22.566025" lon="113.955265">
        <ele>10.7</ele>
        <time>2023-06-18T11:33:46Z</time>
      </trkpt>
      <trkpt lat="22.566008" lon="113.955296">
        <ele>10.7</ele>
        <time>2023-06-18T11:33:47Z</time>
      </trkpt>
      <trkpt lat="22.565984" lon="113.955328">
        <ele>10.7</ele>
        <time>2023-06-18T11:33:48Z</time>
      </trkpt>
      <trkpt lat="22.565952" lon="113.955365">
        <ele>10.7</ele>
        <time>2023-06-18T11:33:49Z</time>
      </trkpt>
      <trkpt lat="22.565928" lon="113.955397">
        <ele>10.7</ele>
        <time>2023-06-18T11:33:50Z</time>
      </trkpt>
      <trkpt lat="22.565908" lon="113.955434">
        <ele>10.7</ele>
        <time>2023-06-18T11:33:51Z</time>
      </trkpt>
      <trkpt lat="22.565891" lon="113.955472">
        <ele>10.7</ele>
        <time>2023-06-18T11:33:52Z</time>
      </trkpt>
      <trkpt lat="22.565874" lon="113.955511">
        <ele>10.7</ele>
        <time>2023-06-18T11:33:53Z</time>
      </trkpt>
      <trkpt lat="22.565863" lon="113.955548">
        <ele>10.7</ele>
        <time>2023-06-18T11:33:54Z</time>
      </trkpt>
      <trkpt lat="22.56585" lon="113.955588">
        <ele>10.8</ele>
        <time>2023-06-18T11:33:55Z</time>
      </trkpt>
      <trkpt lat="22.565838" lon="113.955632">
        <ele>10.8</ele>
        <time>2023-06-18T11:33:56Z</time>
      </trkpt>
      <trkpt lat="22.565829" lon="113.955662">
        <ele>10.8</ele>
        <time>2023-06-18T11:33:57Z</time>
      </trkpt>
      <trkpt lat="22.565824" lon="113.95569">
        <ele>10.8</ele>
        <time>2023-06-18T11:33:58Z</time>
      </trkpt>
      <trkpt lat="22.56582" lon="113.955708">
        <ele>10.8</ele>
        <time>2023-06-18T11:33:59Z</time>
      </trkpt>
      <trkpt lat="22.565807" lon="113.955732">
        <ele>10.8</ele>
        <time>2023-06-18T11:34:00Z</time>
      </trkpt>
      <trkpt lat="22.565788" lon="113.955768">
        <ele>10.8</ele>
        <time>2023-06-18T11:34:01Z</time>
      </trkpt>
      <trkpt lat="22.565777" lon="113.95579">
        <ele>10.8</ele>
        <time>2023-06-18T11:34:02Z</time>
      </trkpt>
      <trkpt lat="22.565775" lon="113.955814">
        <ele>10.8</ele>
        <time>2023-06-18T11:34:03Z</time>
      </trkpt>
      <trkpt lat="22.565774" lon="113.955833">
        <ele>10.8</ele>
        <time>2023-06-18T11:34:04Z</time>
      </trkpt>
      <trkpt lat="22.565777" lon="113.955832">
        <ele>10.8</ele>
        <time>2023-06-18T11:34:05Z</time>
      </trkpt>
      <trkpt lat="22.565779" lon="113.955825">
        <ele>10.8</ele>
        <time>2023-06-18T11:34:06Z</time>
      </trkpt>
      <trkpt lat="22.565779" lon="113.955818">
        <ele>10.8</ele>
        <time>2023-06-18T11:34:07Z</time>
      </trkpt>
      <trkpt lat="22.565778" lon="113.955818">
        <ele>10.8</ele>
        <time>2023-06-18T11:34:08Z</time>
      </trkpt>
      <trkpt lat="22.565774" lon="113.955819">
        <ele>10.8</ele>
        <time>2023-06-18T11:34:09Z</time>
      </trkpt>
      <trkpt lat="22.565769" lon="113.955828">
        <ele>10.8</ele>
        <time>2023-06-18T11:34:10Z</time>
      </trkpt>
      <trkpt lat="22.565758" lon="113.955842">
        <ele>10.8</ele>
        <time>2023-06-18T11:34:11Z</time>
      </trkpt>
      <trkpt lat="22.565752" lon="113.955851">
        <ele>10.8</ele>
        <time>2023-06-18T11:34:12Z</time>
      </trkpt>
      <trkpt lat="22.565749" lon="113.955865">
        <ele>10.8</ele>
        <time>2023-06-18T11:34:13Z</time>
      </trkpt>
      <trkpt lat="22.565744" lon="113.955874">
        <ele>10.8</ele>
        <time>2023-06-18T11:34:14Z</time>
      </trkpt>
      <trkpt lat="22.565738" lon="113.95589">
        <ele>10.8</ele>
        <time>2023-06-18T11:34:15Z</time>
      </trkpt>
      <trkpt lat="22.56573" lon="113.955914">
        <ele>10.8</ele>
        <time>2023-06-18T11:34:16Z</time>
      </trkpt>
      <trkpt lat="22.565722" lon="113.955945">
        <ele>10.8</ele>
        <time>2023-06-18T11:34:17Z</time>
      </trkpt>
      <trkpt lat="22.565713" lon="113.955976">
        <ele>10.8</ele>
        <time>2023-06-18T11:34:18Z</time>
      </trkpt>
      <trkpt lat="22.565702" lon="113.956014">
        <ele>10.8</ele>
        <time>2023-06-18T11:34:19Z</time>
      </trkpt>
      <trkpt lat="22.56569" lon="113.956045">
        <ele>10.8</ele>
        <time>2023-06-18T11:34:20Z</time>
      </trkpt>
      <trkpt lat="22.56568" lon="113.956083">
        <ele>10.9</ele>
        <time>2023-06-18T11:34:21Z</time>
      </trkpt>
      <trkpt lat="22.56567" lon="113.95612">
        <ele>10.9</ele>
        <time>2023-06-18T11:34:22Z</time>
      </trkpt>
      <trkpt lat="22.565655" lon="113.956151">
        <ele>10.9</ele>
        <time>2023-06-18T11:34:23Z</time>
      </trkpt>
      <trkpt lat="22.565646" lon="113.95619">
        <ele>10.9</ele>
        <time>2023-06-18T11:34:24Z</time>
      </trkpt>
      <trkpt lat="22.565636" lon="113.95623">
        <ele>10.9</ele>
        <time>2023-06-18T11:34:25Z</time>
      </trkpt>
      <trkpt lat="22.565628" lon="113.956275">
        <ele>10.9</ele>
        <time>2023-06-18T11:34:26Z</time>
      </trkpt>
      <trkpt lat="22.565617" lon="113.956319">
        <ele>10.9</ele>
        <time>2023-06-18T11:34:27Z</time>
      </trkpt>
      <trkpt lat="22.565606" lon="113.956359">
        <ele>10.9</ele>
        <time>2023-06-18T11:34:28Z</time>
      </trkpt>
      <trkpt lat="22.565596" lon="113.956403">
        <ele>10.9</ele>
        <time>2023-06-18T11:34:29Z</time>
      </trkpt>
      <trkpt lat="22.565587" lon="113.956441">
        <ele>10.9</ele>
        <time>2023-06-18T11:34:30Z</time>
      </trkpt>
      <trkpt lat="22.565575" lon="113.956489">
        <ele>10.9</ele>
        <time>2023-06-18T11:34:31Z</time>
      </trkpt>
      <trkpt lat="22.565564" lon="113.956534">
        <ele>10.9</ele>
        <time>2023-06-18T11:34:32Z</time>
      </trkpt>
      <trkpt lat="22.565553" lon="113.95658">
        <ele>11</ele>
        <time>2023-06-18T11:34:33Z</time>
      </trkpt>
      <trkpt lat="22.565541" lon="113.956617">
        <ele>11</ele>
        <time>2023-06-18T11:34:34Z</time>
      </trkpt>
      <trkpt lat="22.565529" lon="113.956656">
        <ele>11</ele>
        <time>2023-06-18T11:34:35Z</time>
      </trkpt>
      <trkpt lat="22.565516" lon="113.956701">
        <ele>11</ele>
        <time>2023-06-18T11:34:36Z</time>
      </trkpt>
      <trkpt lat="22.565508" lon="113.956738">
        <ele>11</ele>
        <time>2023-06-18T11:34:37Z</time>
      </trkpt>
      <trkpt lat="22.565497" lon="113.956778">
        <ele>11</ele>
        <time>2023-06-18T11:34:38Z</time>
      </trkpt>
      <trkpt lat="22.565489" lon="113.956823">
        <ele>11.1</ele>
        <time>2023-06-18T11:34:39Z</time>
      </trkpt>
      <trkpt lat="22.56548" lon="113.956861">
        <ele>11.1</ele>
        <time>2023-06-18T11:34:40Z</time>
      </trkpt>
      <trkpt lat="22.56547" lon="113.956897">
        <ele>11.1</ele>
        <time>2023-06-18T11:34:41Z</time>
      </trkpt>
      <trkpt lat="22.565464" lon="113.956923">
        <ele>11.1</ele>
        <time>2023-06-18T11:34:42Z</time>
      </trkpt>
      <trkpt lat="22.565459" lon="113.956968">
        <ele>11.1</ele>
        <time>2023-06-18T11:34:43Z</time>
      </trkpt>
      <trkpt lat="22.56545" lon="113.957006">
        <ele>11.1</ele>
        <time>2023-06-18T11:34:44Z</time>
      </trkpt>
      <trkpt lat="22.565442" lon="113.957044">
        <ele>11.1</ele>
        <time>2023-06-18T11:34:45Z</time>
      </trkpt>
      <trkpt lat="22.565432" lon="113.957082">
        <ele>11.1</ele>
        <time>2023-06-18T11:34:46Z</time>
      </trkpt>
      <trkpt lat="22.56542" lon="113.95712">
        <ele>11.2</ele>
        <time>2023-06-18T11:34:47Z</time>
      </trkpt>
      <trkpt lat="22.565407" lon="113.957158">
        <ele>11.2</ele>
        <time>2023-06-18T11:34:48Z</time>
      </trkpt>
      <trkpt lat="22.565395" lon="113.957199">
        <ele>11.2</ele>
        <time>2023-06-18T11:34:49Z</time>
      </trkpt>
      <trkpt lat="22.565384" lon="113.957235">
        <ele>11.2</ele>
        <time>2023-06-18T11:34:50Z</time>
      </trkpt>
      <trkpt lat="22.565371" lon="113.957281">
        <ele>11.2</ele>
        <time>2023-06-18T11:34:51Z</time>
      </trkpt>
      <trkpt lat="22.565359" lon="113.957319">
        <ele>11.2</ele>
        <time>2023-06-18T11:34:52Z</time>
      </trkpt>
      <trkpt lat="22.565344" lon="113.957357">
        <ele>11.3</ele>
        <time>2023-06-18T11:34:53Z</time>
      </trkpt>
      <trkpt lat="22.565333" lon="113.957397">
        <ele>11.3</ele>
        <time>2023-06-18T11:34:54Z</time>
      </trkpt>
      <trkpt lat="22.565321" lon="113.957449">
        <ele>11.3</ele>
        <time>2023-06-18T11:34:55Z</time>
      </trkpt>
      <trkpt lat="22.565308" lon="113.957495">
        <ele>11.3</ele>
        <time>2023-06-18T11:34:56Z</time>
      </trkpt>
      <trkpt lat="22.565297" lon="113.95754">
        <ele>11.3</ele>
        <time>2023-06-18T11:34:57Z</time>
      </trkpt>
      <trkpt lat="22.565291" lon="113.957587">
        <ele>11.3</ele>
        <time>2023-06-18T11:34:58Z</time>
      </trkpt>
      <trkpt lat="22.565284" lon="113.957633">
        <ele>11.4</ele>
        <time>2023-06-18T11:34:59Z</time>
      </trkpt>
      <trkpt lat="22.565275" lon="113.957679">
        <ele>11.4</ele>
        <time>2023-06-18T11:35:00Z</time>
      </trkpt>
      <trkpt lat="22.565264" lon="113.957723">
        <ele>11.4</ele>
        <time>2023-06-18T11:35:01Z</time>
      </trkpt>
      <trkpt lat="22.565253" lon="113.957761">
        <ele>11.4</ele>
        <time>2023-06-18T11:35:02Z</time>
      </trkpt>
      <trkpt lat="22.565241" lon="113.957801">
        <ele>11.4</ele>
        <time>2023-06-18T11:35:03Z</time>
      </trkpt>
      <trkpt lat="22.565232" lon="113.957846">
        <ele>11.4</ele>
        <time>2023-06-18T11:35:04Z</time>
      </trkpt>
      <trkpt lat="22.565222" lon="113.957892">
        <ele>11.5</ele>
        <time>2023-06-18T11:35:05Z</time>
      </trkpt>
      <trkpt lat="22.565209" lon="113.957937">
        <ele>11.5</ele>
        <time>2023-06-18T11:35:06Z</time>
      </trkpt>
      <trkpt lat="22.565195" lon="113.957984">
        <ele>11.5</ele>
        <time>2023-06-18T11:35:07Z</time>
      </trkpt>
      <trkpt lat="22.565182" lon="113.958029">
        <ele>11.5</ele>
        <time>2023-06-18T11:35:08Z</time>
      </trkpt>
      <trkpt lat="22.565167" lon="113.958074">
        <ele>11.5</ele>
        <time>2023-06-18T11:35:09Z</time>
      </trkpt>
      <trkpt lat="22.565154" lon="113.95812">
        <ele>11.5</ele>
        <time>2023-06-18T11:35:10Z</time>
      </trkpt>
      <trkpt lat="22.565142" lon="113.958164">
        <ele>11.6</ele>
        <time>2023-06-18T11:35:11Z</time>
      </trkpt>
      <trkpt lat="22.565133" lon="113.958195">
        <ele>11.6</ele>
        <time>2023-06-18T11:35:12Z</time>
      </trkpt>
      <trkpt lat="22.565121" lon="113.958234">
        <ele>11.6</ele>
        <time>2023-06-18T11:35:13Z</time>
      </trkpt>
      <trkpt lat="22.565108" lon="113.958265">
        <ele>11.6</ele>
        <time>2023-06-18T11:35:14Z</time>
      </trkpt>
      <trkpt lat="22.565097" lon="113.958304">
        <ele>11.6</ele>
        <time>2023-06-18T11:35:15Z</time>
      </trkpt>
      <trkpt lat="22.565088" lon="113.958349">
        <ele>11.6</ele>
        <time>2023-06-18T11:35:16Z</time>
      </trkpt>
      <trkpt lat="22.565075" lon="113.958387">
        <ele>11.6</ele>
        <time>2023-06-18T11:35:17Z</time>
      </trkpt>
      <trkpt lat="22.56506" lon="113.958425">
        <ele>11.7</ele>
        <time>2023-06-18T11:35:18Z</time>
      </trkpt>
      <trkpt lat="22.565046" lon="113.958463">
        <ele>11.8</ele>
        <time>2023-06-18T11:35:19Z</time>
      </trkpt>
      <trkpt lat="22.565033" lon="113.9585">
        <ele>11.8</ele>
        <time>2023-06-18T11:35:20Z</time>
      </trkpt>
      <trkpt lat="22.565022" lon="113.958523">
        <ele>11.8</ele>
        <time>2023-06-18T11:35:21Z</time>
      </trkpt>
      <trkpt lat="22.565015" lon="113.958554">
        <ele>11.9</ele>
        <time>2023-06-18T11:35:22Z</time>
      </trkpt>
      <trkpt lat="22.565012" lon="113.958584">
        <ele>11.9</ele>
        <time>2023-06-18T11:35:23Z</time>
      </trkpt>
      <trkpt lat="22.565009" lon="113.958615">
        <ele>12</ele>
        <time>2023-06-18T11:35:24Z</time>
      </trkpt>
      <trkpt lat="22.565004" lon="113.958644">
        <ele>12</ele>
        <time>2023-06-18T11:35:25Z</time>
      </trkpt>
      <trkpt lat="22.564998" lon="113.958668">
        <ele>12</ele>
        <time>2023-06-18T11:35:26Z</time>
      </trkpt>
      <trkpt lat="22.564995" lon="113.9587">
        <ele>12.1</ele>
        <time>2023-06-18T11:35:27Z</time>
      </trkpt>
      <trkpt lat="22.564986" lon="113.958746">
        <ele>12.1</ele>
        <time>2023-06-18T11:35:28Z</time>
      </trkpt>
      <trkpt lat="22.564978" lon="113.958783">
        <ele>12.2</ele>
        <time>2023-06-18T11:35:29Z</time>
      </trkpt>
      <trkpt lat="22.564966" lon="113.958821">
        <ele>12.2</ele>
        <time>2023-06-18T11:35:30Z</time>
      </trkpt>
      <trkpt lat="22.564952" lon="113.95886">
        <ele>12.3</ele>
        <time>2023-06-18T11:35:31Z</time>
      </trkpt>
      <trkpt lat="22.564934" lon="113.958897">
        <ele>12.3</ele>
        <time>2023-06-18T11:35:32Z</time>
      </trkpt>
      <trkpt lat="22.564919" lon="113.958928">
        <ele>12.4</ele>
        <time>2023-06-18T11:35:33Z</time>
      </trkpt>
      <trkpt lat="22.564908" lon="113.958966">
        <ele>12.4</ele>
        <time>2023-06-18T11:35:34Z</time>
      </trkpt>
      <trkpt lat="22.564896" lon="113.959004">
        <ele>12.5</ele>
        <time>2023-06-18T11:35:35Z</time>
      </trkpt>
      <trkpt lat="22.564889" lon="113.959034">
        <ele>12.5</ele>
        <time>2023-06-18T11:35:36Z</time>
      </trkpt>
      <trkpt lat="22.564883" lon="113.959065">
        <ele>12.6</ele>
        <time>2023-06-18T11:35:37Z</time>
      </trkpt>
      <trkpt lat="22.564871" lon="113.959096">
        <ele>12.6</ele>
        <time>2023-06-18T11:35:38Z</time>
      </trkpt>
      <trkpt lat="22.56486" lon="113.959128">
        <ele>12.7</ele>
        <time>2023-06-18T11:35:39Z</time>
      </trkpt>
      <trkpt lat="22.564851" lon="113.959157">
        <ele>12.7</ele>
        <time>2023-06-18T11:35:40Z</time>
      </trkpt>
      <trkpt lat="22.564838" lon="113.95918">
        <ele>12.7</ele>
        <time>2023-06-18T11:35:41Z</time>
      </trkpt>
      <trkpt lat="22.564823" lon="113.95921">
        <ele>12.8</ele>
        <time>2023-06-18T11:35:42Z</time>
      </trkpt>
      <trkpt lat="22.564812" lon="113.959241">
        <ele>12.8</ele>
        <time>2023-06-18T11:35:43Z</time>
      </trkpt>
      <trkpt lat="22.5648" lon="113.95928">
        <ele>12.9</ele>
        <time>2023-06-18T11:35:44Z</time>
      </trkpt>
      <trkpt lat="22.56479" lon="113.959318">
        <ele>12.9</ele>
        <time>2023-06-18T11:35:45Z</time>
      </trkpt>
      <trkpt lat="22.564782" lon="113.959355">
        <ele>13</ele>
        <time>2023-06-18T11:35:46Z</time>
      </trkpt>
      <trkpt lat="22.564774" lon="113.959386">
        <ele>13</ele>
        <time>2023-06-18T11:35:47Z</time>
      </trkpt>
      <trkpt lat="22.564764" lon="113.959424">
        <ele>13.1</ele>
        <time>2023-06-18T11:35:48Z</time>
      </trkpt>
      <trkpt lat="22.564747" lon="113.959463">
        <ele>13.1</ele>
        <time>2023-06-18T11:35:49Z</time>
      </trkpt>
      <trkpt lat="22.564732" lon="113.959502">
        <ele>13.2</ele>
        <time>2023-06-18T11:35:50Z</time>
      </trkpt>
      <trkpt lat="22.564721" lon="113.959545">
        <ele>13.3</ele>
        <time>2023-06-18T11:35:51Z</time>
      </trkpt>
      <trkpt lat="22.564716" lon="113.959578">
        <ele>13.3</ele>
        <time>2023-06-18T11:35:52Z</time>
      </trkpt>
      <trkpt lat="22.564708" lon="113.959617">
        <ele>13.4</ele>
        <time>2023-06-18T11:35:53Z</time>
      </trkpt>
      <trkpt lat="22.564698" lon="113.959657">
        <ele>13.4</ele>
        <time>2023-06-18T11:35:54Z</time>
      </trkpt>
      <trkpt lat="22.564691" lon="113.9597">
        <ele>13.5</ele>
        <time>2023-06-18T11:35:55Z</time>
      </trkpt>
      <trkpt lat="22.564685" lon="113.959745">
        <ele>13.5</ele>
        <time>2023-06-18T11:35:56Z</time>
      </trkpt>
      <trkpt lat="22.564677" lon="113.959785">
        <ele>13.6</ele>
        <time>2023-06-18T11:35:57Z</time>
      </trkpt>
      <trkpt lat="22.564669" lon="113.959829">
        <ele>13.6</ele>
        <time>2023-06-18T11:35:58Z</time>
      </trkpt>
      <trkpt lat="22.564657" lon="113.95987">
        <ele>13.7</ele>
        <time>2023-06-18T11:35:59Z</time>
      </trkpt>
      <trkpt lat="22.564646" lon="113.959913">
        <ele>13.8</ele>
        <time>2023-06-18T11:36:00Z</time>
      </trkpt>
      <trkpt lat="22.564633" lon="113.959959">
        <ele>13.8</ele>
        <time>2023-06-18T11:36:01Z</time>
      </trkpt>
      <trkpt lat="22.564621" lon="113.959997">
        <ele>13.9</ele>
        <time>2023-06-18T11:36:02Z</time>
      </trkpt>
      <trkpt lat="22.564612" lon="113.960035">
        <ele>13.9</ele>
        <time>2023-06-18T11:36:03Z</time>
      </trkpt>
      <trkpt lat="22.564602" lon="113.960075">
        <ele>14</ele>
        <time>2023-06-18T11:36:04Z</time>
      </trkpt>
      <trkpt lat="22.564591" lon="113.960119">
        <ele>14</ele>
        <time>2023-06-18T11:36:05Z</time>
      </trkpt>
      <trkpt lat="22.564581" lon="113.960158">
        <ele>14.1</ele>
        <time>2023-06-18T11:36:06Z</time>
      </trkpt>
      <trkpt lat="22.564567" lon="113.960203">
        <ele>14.2</ele>
        <time>2023-06-18T11:36:07Z</time>
      </trkpt>
      <trkpt lat="22.564547" lon="113.960242">
        <ele>14.2</ele>
        <time>2023-06-18T11:36:08Z</time>
      </trkpt>
      <trkpt lat="22.564524" lon="113.960278">
        <ele>14.3</ele>
        <time>2023-06-18T11:36:09Z</time>
      </trkpt>
      <trkpt lat="22.564502" lon="113.960312">
        <ele>14.3</ele>
        <time>2023-06-18T11:36:10Z</time>
      </trkpt>
      <trkpt lat="22.564486" lon="113.960347">
        <ele>14.4</ele>
        <time>2023-06-18T11:36:11Z</time>
      </trkpt>
      <trkpt lat="22.564468" lon="113.960378">
        <ele>14.4</ele>
        <time>2023-06-18T11:36:12Z</time>
      </trkpt>
      <trkpt lat="22.564452" lon="113.960415">
        <ele>14.5</ele>
        <time>2023-06-18T11:36:13Z</time>
      </trkpt>
      <trkpt lat="22.56444" lon="113.960446">
        <ele>14.5</ele>
        <time>2023-06-18T11:36:14Z</time>
      </trkpt>
      <trkpt lat="22.564431" lon="113.96047">
        <ele>14.5</ele>
        <time>2023-06-18T11:36:15Z</time>
      </trkpt>
      <trkpt lat="22.564426" lon="113.960498">
        <ele>14.6</ele>
        <time>2023-06-18T11:36:16Z</time>
      </trkpt>
      <trkpt lat="22.56442" lon="113.96052">
        <ele>14.6</ele>
        <time>2023-06-18T11:36:17Z</time>
      </trkpt>
      <trkpt lat="22.564414" lon="113.960536">
        <ele>14.6</ele>
        <time>2023-06-18T11:36:18Z</time>
      </trkpt>
      <trkpt lat="22.564407" lon="113.96056">
        <ele>14.6</ele>
        <time>2023-06-18T11:36:19Z</time>
      </trkpt>
      <trkpt lat="22.564405" lon="113.960583">
        <ele>14.7</ele>
        <time>2023-06-18T11:36:20Z</time>
      </trkpt>
      <trkpt lat="22.564405" lon="113.960604">
        <ele>14.7</ele>
        <time>2023-06-18T11:36:21Z</time>
      </trkpt>
      <trkpt lat="22.564405" lon="113.96062">
        <ele>14.7</ele>
        <time>2023-06-18T11:36:22Z</time>
      </trkpt>
      <trkpt lat="22.564399" lon="113.960645">
        <ele>14.7</ele>
        <time>2023-06-18T11:36:23Z</time>
      </trkpt>
      <trkpt lat="22.564386" lon="113.960672">
        <ele>14.8</ele>
        <time>2023-06-18T11:36:24Z</time>
      </trkpt>
      <trkpt lat="22.564367" lon="113.96069">
        <ele>14.8</ele>
        <time>2023-06-18T11:36:25Z</time>
      </trkpt>
      <trkpt lat="22.564354" lon="113.960721">
        <ele>14.8</ele>
        <time>2023-06-18T11:36:26Z</time>
      </trkpt>
      <trkpt lat="22.564344" lon="113.960753">
        <ele>14.9</ele>
        <time>2023-06-18T11:36:27Z</time>
      </trkpt>
      <trkpt lat="22.564344" lon="113.960788">
        <ele>14.9</ele>
        <time>2023-06-18T11:36:28Z</time>
      </trkpt>
      <trkpt lat="22.564352" lon="113.960812">
        <ele>14.9</ele>
        <time>2023-06-18T11:36:29Z</time>
      </trkpt>
      <trkpt lat="22.56436" lon="113.960834">
        <ele>15</ele>
        <time>2023-06-18T11:36:30Z</time>
      </trkpt>
      <trkpt lat="22.564363" lon="113.960859">
        <ele>15</ele>
        <time>2023-06-18T11:36:31Z</time>
      </trkpt>
      <trkpt lat="22.564358" lon="113.960899">
        <ele>15.1</ele>
        <time>2023-06-18T11:36:32Z</time>
      </trkpt>
      <trkpt lat="22.564351" lon="113.960936">
        <ele>15.1</ele>
        <time>2023-06-18T11:36:33Z</time>
      </trkpt>
      <trkpt lat="22.564341" lon="113.960974">
        <ele>15.1</ele>
        <time>2023-06-18T11:36:34Z</time>
      </trkpt>
      <trkpt lat="22.564333" lon="113.961011">
        <ele>15.2</ele>
        <time>2023-06-18T11:36:35Z</time>
      </trkpt>
      <trkpt lat="22.564324" lon="113.961042">
        <ele>15.2</ele>
        <time>2023-06-18T11:36:36Z</time>
      </trkpt>
      <trkpt lat="22.56431" lon="113.961079">
        <ele>15.3</ele>
        <time>2023-06-18T11:36:37Z</time>
      </trkpt>
      <trkpt lat="22.564296" lon="113.961112">
        <ele>15.3</ele>
        <time>2023-06-18T11:36:38Z</time>
      </trkpt>
      <trkpt lat="22.564283" lon="113.96115">
        <ele>15.4</ele>
        <time>2023-06-18T11:36:39Z</time>
      </trkpt>
      <trkpt lat="22.564269" lon="113.961195">
        <ele>15.4</ele>
        <time>2023-06-18T11:36:40Z</time>
      </trkpt>
      <trkpt lat="22.564259" lon="113.961241">
        <ele>15.5</ele>
        <time>2023-06-18T11:36:41Z</time>
      </trkpt>
      <trkpt lat="22.564252" lon="113.961279">
        <ele>15.5</ele>
        <time>2023-06-18T11:36:42Z</time>
      </trkpt>
      <trkpt lat="22.564244" lon="113.961324">
        <ele>15.6</ele>
        <time>2023-06-18T11:36:43Z</time>
      </trkpt>
      <trkpt lat="22.564239" lon="113.961363">
        <ele>15.6</ele>
        <time>2023-06-18T11:36:44Z</time>
      </trkpt>
      <trkpt lat="22.564233" lon="113.961401">
        <ele>15.7</ele>
        <time>2023-06-18T11:36:45Z</time>
      </trkpt>
      <trkpt lat="22.564227" lon="113.961439">
        <ele>15.7</ele>
        <time>2023-06-18T11:36:46Z</time>
      </trkpt>
      <trkpt lat="22.564217" lon="113.961477">
        <ele>15.8</ele>
        <time>2023-06-18T11:36:47Z</time>
      </trkpt>
      <trkpt lat="22.56421" lon="113.961508">
        <ele>15.8</ele>
        <time>2023-06-18T11:36:48Z</time>
      </trkpt>
      <trkpt lat="22.564202" lon="113.961547">
        <ele>15.8</ele>
        <time>2023-06-18T11:36:49Z</time>
      </trkpt>
      <trkpt lat="22.56419" lon="113.961592">
        <ele>15.9</ele>
        <time>2023-06-18T11:36:50Z</time>
      </trkpt>
      <trkpt lat="22.564181" lon="113.961632">
        <ele>15.9</ele>
        <time>2023-06-18T11:36:51Z</time>
      </trkpt>
      <trkpt lat="22.564173" lon="113.961676">
        <ele>16</ele>
        <time>2023-06-18T11:36:52Z</time>
      </trkpt>
      <trkpt lat="22.564161" lon="113.961714">
        <ele>16</ele>
        <time>2023-06-18T11:36:53Z</time>
      </trkpt>
      <trkpt lat="22.564148" lon="113.961752">
        <ele>16.1</ele>
        <time>2023-06-18T11:36:54Z</time>
      </trkpt>
      <trkpt lat="22.564133" lon="113.961791">
        <ele>16.1</ele>
        <time>2023-06-18T11:36:55Z</time>
      </trkpt>
      <trkpt lat="22.564123" lon="113.961836">
        <ele>16.2</ele>
        <time>2023-06-18T11:36:56Z</time>
      </trkpt>
      <trkpt lat="22.56411" lon="113.961874">
        <ele>16.2</ele>
        <time>2023-06-18T11:36:57Z</time>
      </trkpt>
      <trkpt lat="22.564101" lon="113.961913">
        <ele>16.3</ele>
        <time>2023-06-18T11:36:58Z</time>
      </trkpt>
      <trkpt lat="22.56409" lon="113.961958">
        <ele>16.3</ele>
        <time>2023-06-18T11:36:59Z</time>
      </trkpt>
      <trkpt lat="22.564081" lon="113.961996">
        <ele>16.4</ele>
        <time>2023-06-18T11:37:00Z</time>
      </trkpt>
      <trkpt lat="22.56407" lon="113.962028">
        <ele>16.4</ele>
        <time>2023-06-18T11:37:01Z</time>
      </trkpt>
      <trkpt lat="22.564061" lon="113.962073">
        <ele>16.5</ele>
        <time>2023-06-18T11:37:02Z</time>
      </trkpt>
      <trkpt lat="22.564051" lon="113.962118">
        <ele>16.5</ele>
        <time>2023-06-18T11:37:03Z</time>
      </trkpt>
      <trkpt lat="22.564042" lon="113.962163">
        <ele>16.6</ele>
        <time>2023-06-18T11:37:04Z</time>
      </trkpt>
      <trkpt lat="22.564032" lon="113.962202">
        <ele>16.6</ele>
        <time>2023-06-18T11:37:05Z</time>
      </trkpt>
      <trkpt lat="22.564021" lon="113.962241">
        <ele>16.6</ele>
        <time>2023-06-18T11:37:06Z</time>
      </trkpt>
      <trkpt lat="22.564011" lon="113.962285">
        <ele>16.7</ele>
        <time>2023-06-18T11:37:07Z</time>
      </trkpt>
      <trkpt lat="22.564002" lon="113.962316">
        <ele>16.7</ele>
        <time>2023-06-18T11:37:08Z</time>
      </trkpt>
      <trkpt lat="22.563992" lon="113.962354">
        <ele>16.7</ele>
        <time>2023-06-18T11:37:09Z</time>
      </trkpt>
      <trkpt lat="22.563982" lon="113.962392">
        <ele>16.8</ele>
        <time>2023-06-18T11:37:10Z</time>
      </trkpt>
      <trkpt lat="22.563971" lon="113.962423">
        <ele>16.8</ele>
        <time>2023-06-18T11:37:11Z</time>
      </trkpt>
      <trkpt lat="22.563962" lon="113.962462">
        <ele>16.8</ele>
        <time>2023-06-18T11:37:12Z</time>
      </trkpt>
      <trkpt lat="22.563955" lon="113.962506">
        <ele>16.9</ele>
        <time>2023-06-18T11:37:13Z</time>
      </trkpt>
      <trkpt lat="22.563953" lon="113.962546">
        <ele>16.9</ele>
        <time>2023-06-18T11:37:14Z</time>
      </trkpt>
      <trkpt lat="22.563951" lon="113.962592">
        <ele>16.9</ele>
        <time>2023-06-18T11:37:15Z</time>
      </trkpt>
      <trkpt lat="22.563945" lon="113.962638">
        <ele>17</ele>
        <time>2023-06-18T11:37:16Z</time>
      </trkpt>
      <trkpt lat="22.563939" lon="113.962681">
        <ele>17</ele>
        <time>2023-06-18T11:37:17Z</time>
      </trkpt>
      <trkpt lat="22.563932" lon="113.962712">
        <ele>17</ele>
        <time>2023-06-18T11:37:18Z</time>
      </trkpt>
      <trkpt lat="22.563926" lon="113.962743">
        <ele>17</ele>
        <time>2023-06-18T11:37:19Z</time>
      </trkpt>
      <trkpt lat="22.56392" lon="113.962772">
        <ele>17.1</ele>
        <time>2023-06-18T11:37:20Z</time>
      </trkpt>
      <trkpt lat="22.563909" lon="113.962802">
        <ele>17.1</ele>
        <time>2023-06-18T11:37:21Z</time>
      </trkpt>
      <trkpt lat="22.5639" lon="113.962827">
        <ele>17.1</ele>
        <time>2023-06-18T11:37:22Z</time>
      </trkpt>
      <trkpt lat="22.563881" lon="113.962872">
        <ele>17.2</ele>
        <time>2023-06-18T11:37:23Z</time>
      </trkpt>
      <trkpt lat="22.563862" lon="113.962917">
        <ele>17.2</ele>
        <time>2023-06-18T11:37:24Z</time>
      </trkpt>
      <trkpt lat="22.563846" lon="113.962957">
        <ele>17.2</ele>
        <time>2023-06-18T11:37:25Z</time>
      </trkpt>
      <trkpt lat="22.563825" lon="113.963002">
        <ele>17.3</ele>
        <time>2023-06-18T11:37:26Z</time>
      </trkpt>
      <trkpt lat="22.563799" lon="113.963048">
        <ele>17.3</ele>
        <time>2023-06-18T11:37:27Z</time>
      </trkpt>
      <trkpt lat="22.563774" lon="113.963078">
        <ele>17.4</ele>
        <time>2023-06-18T11:37:28Z</time>
      </trkpt>
      <trkpt lat="22.563749" lon="113.963125">
        <ele>17.4</ele>
        <time>2023-06-18T11:37:29Z</time>
      </trkpt>
      <trkpt lat="22.563735" lon="113.963172">
        <ele>17.4</ele>
        <time>2023-06-18T11:37:30Z</time>
      </trkpt>
      <trkpt lat="22.563728" lon="113.963217">
        <ele>17.5</ele>
        <time>2023-06-18T11:37:31Z</time>
      </trkpt>
      <trkpt lat="22.563734" lon="113.963254">
        <ele>17.5</ele>
        <time>2023-06-18T11:37:32Z</time>
      </trkpt>
      <trkpt lat="22.56373" lon="113.963292">
        <ele>17.5</ele>
        <time>2023-06-18T11:37:33Z</time>
      </trkpt>
      <trkpt lat="22.56373" lon="113.963324">
        <ele>17.6</ele>
        <time>2023-06-18T11:37:34Z</time>
      </trkpt>
      <trkpt lat="22.56373" lon="113.963364">
        <ele>17.6</ele>
        <time>2023-06-18T11:37:35Z</time>
      </trkpt>
      <trkpt lat="22.563725" lon="113.963407">
        <ele>17.6</ele>
        <time>2023-06-18T11:37:36Z</time>
      </trkpt>
      <trkpt lat="22.563713" lon="113.963445">
        <ele>17.7</ele>
        <time>2023-06-18T11:37:37Z</time>
      </trkpt>
      <trkpt lat="22.563698" lon="113.963483">
        <ele>17.7</ele>
        <time>2023-06-18T11:37:38Z</time>
      </trkpt>
      <trkpt lat="22.563686" lon="113.963522">
        <ele>17.7</ele>
        <time>2023-06-18T11:37:39Z</time>
      </trkpt>
      <trkpt lat="22.56367" lon="113.96356">
        <ele>17.8</ele>
        <time>2023-06-18T11:37:40Z</time>
      </trkpt>
      <trkpt lat="22.563654" lon="113.963598">
        <ele>17.8</ele>
        <time>2023-06-18T11:37:41Z</time>
      </trkpt>
      <trkpt lat="22.563641" lon="113.963637">
        <ele>17.8</ele>
        <time>2023-06-18T11:37:42Z</time>
      </trkpt>
      <trkpt lat="22.563633" lon="113.963674">
        <ele>17.9</ele>
        <time>2023-06-18T11:37:43Z</time>
      </trkpt>
      <trkpt lat="22.563622" lon="113.963711">
        <ele>17.9</ele>
        <time>2023-06-18T11:37:44Z</time>
      </trkpt>
      <trkpt lat="22.563614" lon="113.963743">
        <ele>17.9</ele>
        <time>2023-06-18T11:37:45Z</time>
      </trkpt>
      <trkpt lat="22.563602" lon="113.96378">
        <ele>18</ele>
        <time>2023-06-18T11:37:46Z</time>
      </trkpt>
      <trkpt lat="22.563585" lon="113.963812">
        <ele>18</ele>
        <time>2023-06-18T11:37:47Z</time>
      </trkpt>
      <trkpt lat="22.563572" lon="113.963851">
        <ele>18</ele>
        <time>2023-06-18T11:37:48Z</time>
      </trkpt>
      <trkpt lat="22.563561" lon="113.963887">
        <ele>18.1</ele>
        <time>2023-06-18T11:37:49Z</time>
      </trkpt>
      <trkpt lat="22.563547" lon="113.963926">
        <ele>18.1</ele>
        <time>2023-06-18T11:37:50Z</time>
      </trkpt>
      <trkpt lat="22.563534" lon="113.963964">
        <ele>18.1</ele>
        <time>2023-06-18T11:37:51Z</time>
      </trkpt>
      <trkpt lat="22.563521" lon="113.964004">
        <ele>18.1</ele>
        <time>2023-06-18T11:37:52Z</time>
      </trkpt>
      <trkpt lat="22.56351" lon="113.964048">
        <ele>18.2</ele>
        <time>2023-06-18T11:37:53Z</time>
      </trkpt>
      <trkpt lat="22.563502" lon="113.964086">
        <ele>18.2</ele>
        <time>2023-06-18T11:37:54Z</time>
      </trkpt>
      <trkpt lat="22.563495" lon="113.964124">
        <ele>18.2</ele>
        <time>2023-06-18T11:37:55Z</time>
      </trkpt>
      <trkpt lat="22.563487" lon="113.964162">
        <ele>18.2</ele>
        <time>2023-06-18T11:37:56Z</time>
      </trkpt>
      <trkpt lat="22.563479" lon="113.964202">
        <ele>18.3</ele>
        <time>2023-06-18T11:37:57Z</time>
      </trkpt>
      <trkpt lat="22.56347" lon="113.964247">
        <ele>18.3</ele>
        <time>2023-06-18T11:37:58Z</time>
      </trkpt>
      <trkpt lat="22.563459" lon="113.964293">
        <ele>18.3</ele>
        <time>2023-06-18T11:37:59Z</time>
      </trkpt>
      <trkpt lat="22.563446" lon="113.964338">
        <ele>18.4</ele>
        <time>2023-06-18T11:38:00Z</time>
      </trkpt>
      <trkpt lat="22.563433" lon="113.964376">
        <ele>18.4</ele>
        <time>2023-06-18T11:38:01Z</time>
      </trkpt>
      <trkpt lat="22.563422" lon="113.964415">
        <ele>18.4</ele>
        <time>2023-06-18T11:38:02Z</time>
      </trkpt>
      <trkpt lat="22.563409" lon="113.964461">
        <ele>18.4</ele>
        <time>2023-06-18T11:38:03Z</time>
      </trkpt>
      <trkpt lat="22.563395" lon="113.964498">
        <ele>18.5</ele>
        <time>2023-06-18T11:38:04Z</time>
      </trkpt>
      <trkpt lat="22.563387" lon="113.964537">
        <ele>18.5</ele>
        <time>2023-06-18T11:38:05Z</time>
      </trkpt>
      <trkpt lat="22.563387" lon="113.964584">
        <ele>18.5</ele>
        <time>2023-06-18T11:38:06Z</time>
      </trkpt>
      <trkpt lat="22.563387" lon="113.964628">
        <ele>18.5</ele>
        <time>2023-06-18T11:38:07Z</time>
      </trkpt>
      <trkpt lat="22.563383" lon="113.964666">
        <ele>18.6</ele>
        <time>2023-06-18T11:38:08Z</time>
      </trkpt>
      <trkpt lat="22.563372" lon="113.964705">
        <ele>18.6</ele>
        <time>2023-06-18T11:38:09Z</time>
      </trkpt>
      <trkpt lat="22.563359" lon="113.964744">
        <ele>18.6</ele>
        <time>2023-06-18T11:38:10Z</time>
      </trkpt>
      <trkpt lat="22.563343" lon="113.964788">
        <ele>18.6</ele>
        <time>2023-06-18T11:38:11Z</time>
      </trkpt>
      <trkpt lat="22.563328" lon="113.964829">
        <ele>18.7</ele>
        <time>2023-06-18T11:38:12Z</time>
      </trkpt>
      <trkpt lat="22.563319" lon="113.964872">
        <ele>18.7</ele>
        <time>2023-06-18T11:38:13Z</time>
      </trkpt>
      <trkpt lat="22.56331" lon="113.964913">
        <ele>18.7</ele>
        <time>2023-06-18T11:38:14Z</time>
      </trkpt>
      <trkpt lat="22.563305" lon="113.964966">
        <ele>18.8</ele>
        <time>2023-06-18T11:38:15Z</time>
      </trkpt>
      <trkpt lat="22.563297" lon="113.96501">
        <ele>18.8</ele>
        <time>2023-06-18T11:38:16Z</time>
      </trkpt>
      <trkpt lat="22.563284" lon="113.965058">
        <ele>18.8</ele>
        <time>2023-06-18T11:38:17Z</time>
      </trkpt>
      <trkpt lat="22.563272" lon="113.96511">
        <ele>18.9</ele>
        <time>2023-06-18T11:38:18Z</time>
      </trkpt>
      <trkpt lat="22.563257" lon="113.965146">
        <ele>18.9</ele>
        <time>2023-06-18T11:38:19Z</time>
      </trkpt>
      <trkpt lat="22.563238" lon="113.965186">
        <ele>18.9</ele>
        <time>2023-06-18T11:38:20Z</time>
      </trkpt>
      <trkpt lat="22.563222" lon="113.965234">
        <ele>18.9</ele>
        <time>2023-06-18T11:38:21Z</time>
      </trkpt>
      <trkpt lat="22.563208" lon="113.965278">
        <ele>19</ele>
        <time>2023-06-18T11:38:22Z</time>
      </trkpt>
      <trkpt lat="22.563194" lon="113.965322">
        <ele>19</ele>
        <time>2023-06-18T11:38:23Z</time>
      </trkpt>
      <trkpt lat="22.563181" lon="113.965363">
        <ele>19</ele>
        <time>2023-06-18T11:38:24Z</time>
      </trkpt>
      <trkpt lat="22.56317" lon="113.965407">
        <ele>19</ele>
        <time>2023-06-18T11:38:25Z</time>
      </trkpt>
      <trkpt lat="22.563159" lon="113.965453">
        <ele>19.1</ele>
        <time>2023-06-18T11:38:26Z</time>
      </trkpt>
      <trkpt lat="22.563148" lon="113.965498">
        <ele>19.1</ele>
        <time>2023-06-18T11:38:27Z</time>
      </trkpt>
      <trkpt lat="22.563135" lon="113.965535">
        <ele>19.1</ele>
        <time>2023-06-18T11:38:28Z</time>
      </trkpt>
      <trkpt lat="22.563122" lon="113.965576">
        <ele>19.2</ele>
        <time>2023-06-18T11:38:29Z</time>
      </trkpt>
      <trkpt lat="22.563108" lon="113.965629">
        <ele>19.2</ele>
        <time>2023-06-18T11:38:30Z</time>
      </trkpt>
      <trkpt lat="22.563097" lon="113.965667">
        <ele>19.2</ele>
        <time>2023-06-18T11:38:31Z</time>
      </trkpt>
      <trkpt lat="22.563084" lon="113.96571">
        <ele>19.2</ele>
        <time>2023-06-18T11:38:32Z</time>
      </trkpt>
      <trkpt lat="22.563068" lon="113.965752">
        <ele>19.3</ele>
        <time>2023-06-18T11:38:33Z</time>
      </trkpt>
      <trkpt lat="22.563055" lon="113.965795">
        <ele>19.3</ele>
        <time>2023-06-18T11:38:34Z</time>
      </trkpt>
      <trkpt lat="22.563042" lon="113.965834">
        <ele>19.3</ele>
        <time>2023-06-18T11:38:35Z</time>
      </trkpt>
      <trkpt lat="22.563028" lon="113.965874">
        <ele>19.4</ele>
        <time>2023-06-18T11:38:36Z</time>
      </trkpt>
      <trkpt lat="22.563017" lon="113.965918">
        <ele>19.4</ele>
        <time>2023-06-18T11:38:37Z</time>
      </trkpt>
      <trkpt lat="22.563001" lon="113.965964">
        <ele>19.4</ele>
        <time>2023-06-18T11:38:38Z</time>
      </trkpt>
      <trkpt lat="22.562984" lon="113.966011">
        <ele>19.5</ele>
        <time>2023-06-18T11:38:39Z</time>
      </trkpt>
      <trkpt lat="22.562967" lon="113.966056">
        <ele>19.5</ele>
        <time>2023-06-18T11:38:40Z</time>
      </trkpt>
      <trkpt lat="22.562952" lon="113.9661">
        <ele>19.6</ele>
        <time>2023-06-18T11:38:41Z</time>
      </trkpt>
      <trkpt lat="22.562939" lon="113.96614">
        <ele>19.6</ele>
        <time>2023-06-18T11:38:42Z</time>
      </trkpt>
      <trkpt lat="22.562929" lon="113.966184">
        <ele>19.6</ele>
        <time>2023-06-18T11:38:43Z</time>
      </trkpt>
      <trkpt lat="22.562916" lon="113.966223">
        <ele>19.7</ele>
        <time>2023-06-18T11:38:44Z</time>
      </trkpt>
      <trkpt lat="22.562904" lon="113.966269">
        <ele>19.7</ele>
        <time>2023-06-18T11:38:45Z</time>
      </trkpt>
      <trkpt lat="22.56289" lon="113.966316">
        <ele>19.7</ele>
        <time>2023-06-18T11:38:46Z</time>
      </trkpt>
      <trkpt lat="22.56288" lon="113.96636">
        <ele>19.8</ele>
        <time>2023-06-18T11:38:47Z</time>
      </trkpt>
      <trkpt lat="22.56287" lon="113.966405">
        <ele>19.8</ele>
        <time>2023-06-18T11:38:48Z</time>
      </trkpt>
      <trkpt lat="22.562856" lon="113.966443">
        <ele>19.8</ele>
        <time>2023-06-18T11:38:49Z</time>
      </trkpt>
      <trkpt lat="22.562841" lon="113.966478">
        <ele>19.9</ele>
        <time>2023-06-18T11:38:50Z</time>
      </trkpt>
      <trkpt lat="22.562828" lon="113.96652">
        <ele>19.9</ele>
        <time>2023-06-18T11:38:51Z</time>
      </trkpt>
      <trkpt lat="22.562811" lon="113.966559">
        <ele>19.9</ele>
        <time>2023-06-18T11:38:52Z</time>
      </trkpt>
      <trkpt lat="22.562787" lon="113.966602">
        <ele>20</ele>
        <time>2023-06-18T11:38:53Z</time>
      </trkpt>
      <trkpt lat="22.562759" lon="113.966632">
        <ele>20</ele>
        <time>2023-06-18T11:38:54Z</time>
      </trkpt>
      <trkpt lat="22.56273" lon="113.966654">
        <ele>20</ele>
        <time>2023-06-18T11:38:55Z</time>
      </trkpt>
      <trkpt lat="22.562713" lon="113.966671">
        <ele>20</ele>
        <time>2023-06-18T11:38:56Z</time>
      </trkpt>
      <trkpt lat="22.562707" lon="113.966701">
        <ele>20.1</ele>
        <time>2023-06-18T11:38:57Z</time>
      </trkpt>
      <trkpt lat="22.562713" lon="113.966723">
        <ele>20.1</ele>
        <time>2023-06-18T11:38:58Z</time>
      </trkpt>
      <trkpt lat="22.562722" lon="113.966745">
        <ele>20.1</ele>
        <time>2023-06-18T11:38:59Z</time>
      </trkpt>
      <trkpt lat="22.562723" lon="113.966761">
        <ele>20.1</ele>
        <time>2023-06-18T11:39:00Z</time>
      </trkpt>
      <trkpt lat="22.562721" lon="113.966775">
        <ele>20.1</ele>
        <time>2023-06-18T11:39:01Z</time>
      </trkpt>
      <trkpt lat="22.562717" lon="113.966782">
        <ele>20.1</ele>
        <time>2023-06-18T11:39:02Z</time>
      </trkpt>
      <trkpt lat="22.562717" lon="113.966782">
        <ele>20.1</ele>
        <time>2023-06-18T11:39:03Z</time>
      </trkpt>
      <trkpt lat="22.562717" lon="113.966782">
        <ele>20.1</ele>
        <time>2023-06-18T11:39:04Z</time>
      </trkpt>
      <trkpt lat="22.562717" lon="113.966782">
        <ele>20.1</ele>
        <time>2023-06-18T11:39:05Z</time>
      </trkpt>
      <trkpt lat="22.562717" lon="113.966782">
        <ele>20.1</ele>
        <time>2023-06-18T11:39:07Z</time>
      </trkpt>
      <trkpt lat="22.562717" lon="113.966781">
        <ele>20.1</ele>
        <time>2023-06-18T11:39:14Z</time>
      </trkpt>
      <trkpt lat="22.562715" lon="113.966776">
        <ele>20.1</ele>
        <time>2023-06-18T11:39:15Z</time>
      </trkpt>
      <trkpt lat="22.562709" lon="113.96679">
        <ele>20.2</ele>
        <time>2023-06-18T11:39:16Z</time>
      </trkpt>
      <trkpt lat="22.562704" lon="113.9668">
        <ele>20.2</ele>
        <time>2023-06-18T11:39:17Z</time>
      </trkpt>
      <trkpt lat="22.5627" lon="113.966823">
        <ele>20.2</ele>
        <time>2023-06-18T11:39:18Z</time>
      </trkpt>
      <trkpt lat="22.562695" lon="113.966846">
        <ele>20.2</ele>
        <time>2023-06-18T11:39:19Z</time>
      </trkpt>
      <trkpt lat="22.562687" lon="113.966869">
        <ele>20.2</ele>
        <time>2023-06-18T11:39:20Z</time>
      </trkpt>
      <trkpt lat="22.562678" lon="113.966891">
        <ele>20.2</ele>
        <time>2023-06-18T11:39:21Z</time>
      </trkpt>
      <trkpt lat="22.562669" lon="113.966915">
        <ele>20.3</ele>
        <time>2023-06-18T11:39:22Z</time>
      </trkpt>
      <trkpt lat="22.56266" lon="113.966945">
        <ele>20.3</ele>
        <time>2023-06-18T11:39:23Z</time>
      </trkpt>
      <trkpt lat="22.562655" lon="113.966969">
        <ele>20.3</ele>
        <time>2023-06-18T11:39:24Z</time>
      </trkpt>
      <trkpt lat="22.562648" lon="113.966999">
        <ele>20.3</ele>
        <time>2023-06-18T11:39:25Z</time>
      </trkpt>
      <trkpt lat="22.56264" lon="113.96703">
        <ele>20.4</ele>
        <time>2023-06-18T11:39:26Z</time>
      </trkpt>
      <trkpt lat="22.562631" lon="113.96706">
        <ele>20.4</ele>
        <time>2023-06-18T11:39:27Z</time>
      </trkpt>
      <trkpt lat="22.562627" lon="113.967082">
        <ele>20.4</ele>
        <time>2023-06-18T11:39:28Z</time>
      </trkpt>
      <trkpt lat="22.562623" lon="113.967104">
        <ele>20.4</ele>
        <time>2023-06-18T11:39:29Z</time>
      </trkpt>
      <trkpt lat="22.562614" lon="113.967119">
        <ele>20.4</ele>
        <time>2023-06-18T11:39:30Z</time>
      </trkpt>
      <trkpt lat="22.5626" lon="113.967134">
        <ele>20.4</ele>
        <time>2023-06-18T11:39:31Z</time>
      </trkpt>
      <trkpt lat="22.562583" lon="113.967141">
        <ele>20.5</ele>
        <time>2023-06-18T11:39:32Z</time>
      </trkpt>
      <trkpt lat="22.562566" lon="113.967151">
        <ele>20.5</ele>
        <time>2023-06-18T11:39:33Z</time>
      </trkpt>
      <trkpt lat="22.56256" lon="113.967175">
        <ele>20.5</ele>
        <time>2023-06-18T11:39:34Z</time>
      </trkpt>
      <trkpt lat="22.562565" lon="113.967205">
        <ele>20.5</ele>
        <time>2023-06-18T11:39:35Z</time>
      </trkpt>
      <trkpt lat="22.56257" lon="113.967244">
        <ele>20.5</ele>
        <time>2023-06-18T11:39:36Z</time>
      </trkpt>
      <trkpt lat="22.562566" lon="113.967283">
        <ele>20.6</ele>
        <time>2023-06-18T11:39:37Z</time>
      </trkpt>
      <trkpt lat="22.562558" lon="113.96732">
        <ele>20.6</ele>
        <time>2023-06-18T11:39:38Z</time>
      </trkpt>
      <trkpt lat="22.562546" lon="113.967354">
        <ele>20.6</ele>
        <time>2023-06-18T11:39:39Z</time>
      </trkpt>
      <trkpt lat="22.562532" lon="113.967396">
        <ele>20.7</ele>
        <time>2023-06-18T11:39:40Z</time>
      </trkpt>
      <trkpt lat="22.562514" lon="113.967428">
        <ele>20.7</ele>
        <time>2023-06-18T11:39:41Z</time>
      </trkpt>
      <trkpt lat="22.562503" lon="113.967473">
        <ele>20.7</ele>
        <time>2023-06-18T11:39:42Z</time>
      </trkpt>
      <trkpt lat="22.562494" lon="113.967512">
        <ele>20.8</ele>
        <time>2023-06-18T11:39:43Z</time>
      </trkpt>
      <trkpt lat="22.562475" lon="113.967557">
        <ele>20.8</ele>
        <time>2023-06-18T11:39:44Z</time>
      </trkpt>
      <trkpt lat="22.562456" lon="113.967597">
        <ele>20.8</ele>
        <time>2023-06-18T11:39:45Z</time>
      </trkpt>
      <trkpt lat="22.56244" lon="113.967641">
        <ele>20.8</ele>
        <time>2023-06-18T11:39:46Z</time>
      </trkpt>
      <trkpt lat="22.562424" lon="113.967682">
        <ele>20.8</ele>
        <time>2023-06-18T11:39:47Z</time>
      </trkpt>
      <trkpt lat="22.562412" lon="113.967721">
        <ele>20.8</ele>
        <time>2023-06-18T11:39:48Z</time>
      </trkpt>
      <trkpt lat="22.562391" lon="113.967765">
        <ele>20.8</ele>
        <time>2023-06-18T11:39:49Z</time>
      </trkpt>
      <trkpt lat="22.562372" lon="113.967803">
        <ele>20.8</ele>
        <time>2023-06-18T11:39:50Z</time>
      </trkpt>
      <trkpt lat="22.562357" lon="113.967848">
        <ele>20.8</ele>
        <time>2023-06-18T11:39:51Z</time>
      </trkpt>
      <trkpt lat="22.562344" lon="113.967895">
        <ele>20.8</ele>
        <time>2023-06-18T11:39:52Z</time>
      </trkpt>
      <trkpt lat="22.562332" lon="113.967939">
        <ele>20.8</ele>
        <time>2023-06-18T11:39:53Z</time>
      </trkpt>
      <trkpt lat="22.562322" lon="113.967976">
        <ele>20.8</ele>
        <time>2023-06-18T11:39:54Z</time>
      </trkpt>
      <trkpt lat="22.562314" lon="113.968005">
        <ele>20.8</ele>
        <time>2023-06-18T11:39:55Z</time>
      </trkpt>
      <trkpt lat="22.562309" lon="113.968025">
        <ele>20.8</ele>
        <time>2023-06-18T11:39:56Z</time>
      </trkpt>
      <trkpt lat="22.562304" lon="113.968026">
        <ele>20.8</ele>
        <time>2023-06-18T11:39:57Z</time>
      </trkpt>
      <trkpt lat="22.562298" lon="113.968034">
        <ele>20.8</ele>
        <time>2023-06-18T11:39:58Z</time>
      </trkpt>
      <trkpt lat="22.562295" lon="113.968044">
        <ele>20.8</ele>
        <time>2023-06-18T11:39:59Z</time>
      </trkpt>
      <trkpt lat="22.56229" lon="113.968065">
        <ele>20.8</ele>
        <time>2023-06-18T11:40:00Z</time>
      </trkpt>
      <trkpt lat="22.562291" lon="113.968082">
        <ele>20.8</ele>
        <time>2023-06-18T11:40:01Z</time>
      </trkpt>
      <trkpt lat="22.562285" lon="113.968106">
        <ele>20.8</ele>
        <time>2023-06-18T11:40:02Z</time>
      </trkpt>
      <trkpt lat="22.56227" lon="113.968137">
        <ele>20.8</ele>
        <time>2023-06-18T11:40:03Z</time>
      </trkpt>
      <trkpt lat="22.56225" lon="113.968166">
        <ele>20.8</ele>
        <time>2023-06-18T11:40:04Z</time>
      </trkpt>
      <trkpt lat="22.562237" lon="113.968198">
        <ele>20.9</ele>
        <time>2023-06-18T11:40:05Z</time>
      </trkpt>
      <trkpt lat="22.562226" lon="113.968236">
        <ele>20.9</ele>
        <time>2023-06-18T11:40:06Z</time>
      </trkpt>
      <trkpt lat="22.562217" lon="113.968267">
        <ele>20.9</ele>
        <time>2023-06-18T11:40:07Z</time>
      </trkpt>
      <trkpt lat="22.562209" lon="113.968303">
        <ele>20.9</ele>
        <time>2023-06-18T11:40:08Z</time>
      </trkpt>
      <trkpt lat="22.562201" lon="113.968326">
        <ele>20.9</ele>
        <time>2023-06-18T11:40:09Z</time>
      </trkpt>
      <trkpt lat="22.56219" lon="113.96835">
        <ele>20.9</ele>
        <time>2023-06-18T11:40:10Z</time>
      </trkpt>
      <trkpt lat="22.562178" lon="113.968381">
        <ele>20.9</ele>
        <time>2023-06-18T11:40:11Z</time>
      </trkpt>
      <trkpt lat="22.562169" lon="113.968418">
        <ele>20.9</ele>
        <time>2023-06-18T11:40:12Z</time>
      </trkpt>
      <trkpt lat="22.562161" lon="113.968448">
        <ele>20.9</ele>
        <time>2023-06-18T11:40:13Z</time>
      </trkpt>
      <trkpt lat="22.562147" lon="113.968471">
        <ele>20.9</ele>
        <time>2023-06-18T11:40:14Z</time>
      </trkpt>
      <trkpt lat="22.562133" lon="113.968494">
        <ele>20.9</ele>
        <time>2023-06-18T11:40:15Z</time>
      </trkpt>
      <trkpt lat="22.562119" lon="113.968517">
        <ele>20.9</ele>
        <time>2023-06-18T11:40:16Z</time>
      </trkpt>
      <trkpt lat="22.562107" lon="113.968549">
        <ele>20.9</ele>
        <time>2023-06-18T11:40:17Z</time>
      </trkpt>
      <trkpt lat="22.562096" lon="113.968587">
        <ele>20.9</ele>
        <time>2023-06-18T11:40:18Z</time>
      </trkpt>
      <trkpt lat="22.562086" lon="113.968624">
        <ele>20.9</ele>
        <time>2023-06-18T11:40:19Z</time>
      </trkpt>
      <trkpt lat="22.562067" lon="113.968655">
        <ele>20.9</ele>
        <time>2023-06-18T11:40:20Z</time>
      </trkpt>
      <trkpt lat="22.562052" lon="113.968692">
        <ele>20.9</ele>
        <time>2023-06-18T11:40:21Z</time>
      </trkpt>
      <trkpt lat="22.562034" lon="113.968718">
        <ele>20.9</ele>
        <time>2023-06-18T11:40:22Z</time>
      </trkpt>
      <trkpt lat="22.562017" lon="113.968754">
        <ele>20.9</ele>
        <time>2023-06-18T11:40:23Z</time>
      </trkpt>
      <trkpt lat="22.562005" lon="113.968785">
        <ele>20.9</ele>
        <time>2023-06-18T11:40:24Z</time>
      </trkpt>
      <trkpt lat="22.561992" lon="113.968826">
        <ele>20.9</ele>
        <time>2023-06-18T11:40:25Z</time>
      </trkpt>
      <trkpt lat="22.561982" lon="113.968862">
        <ele>20.9</ele>
        <time>2023-06-18T11:40:26Z</time>
      </trkpt>
      <trkpt lat="22.561975" lon="113.968899">
        <ele>20.9</ele>
        <time>2023-06-18T11:40:27Z</time>
      </trkpt>
      <trkpt lat="22.561966" lon="113.968932">
        <ele>20.9</ele>
        <time>2023-06-18T11:40:28Z</time>
      </trkpt>
      <trkpt lat="22.56195" lon="113.968979">
        <ele>20.9</ele>
        <time>2023-06-18T11:40:29Z</time>
      </trkpt>
      <trkpt lat="22.561938" lon="113.969016">
        <ele>20.9</ele>
        <time>2023-06-18T11:40:30Z</time>
      </trkpt>
      <trkpt lat="22.561928" lon="113.96906">
        <ele>20.9</ele>
        <time>2023-06-18T11:40:31Z</time>
      </trkpt>
      <trkpt lat="22.561914" lon="113.969099">
        <ele>20.9</ele>
        <time>2023-06-18T11:40:32Z</time>
      </trkpt>
      <trkpt lat="22.561897" lon="113.969137">
        <ele>20.9</ele>
        <time>2023-06-18T11:40:33Z</time>
      </trkpt>
      <trkpt lat="22.561878" lon="113.969175">
        <ele>20.9</ele>
        <time>2023-06-18T11:40:34Z</time>
      </trkpt>
      <trkpt lat="22.561863" lon="113.969212">
        <ele>20.9</ele>
        <time>2023-06-18T11:40:35Z</time>
      </trkpt>
      <trkpt lat="22.561851" lon="113.969242">
        <ele>20.9</ele>
        <time>2023-06-18T11:40:36Z</time>
      </trkpt>
      <trkpt lat="22.561836" lon="113.969275">
        <ele>20.9</ele>
        <time>2023-06-18T11:40:37Z</time>
      </trkpt>
      <trkpt lat="22.561823" lon="113.969311">
        <ele>20.9</ele>
        <time>2023-06-18T11:40:38Z</time>
      </trkpt>
      <trkpt lat="22.561812" lon="113.969343">
        <ele>20.9</ele>
        <time>2023-06-18T11:40:39Z</time>
      </trkpt>
      <trkpt lat="22.561797" lon="113.969382">
        <ele>21</ele>
        <time>2023-06-18T11:40:40Z</time>
      </trkpt>
      <trkpt lat="22.561783" lon="113.96942">
        <ele>21</ele>
        <time>2023-06-18T11:40:41Z</time>
      </trkpt>
      <trkpt lat="22.561769" lon="113.96946">
        <ele>21</ele>
        <time>2023-06-18T11:40:42Z</time>
      </trkpt>
      <trkpt lat="22.561756" lon="113.969504">
        <ele>21</ele>
        <time>2023-06-18T11:40:43Z</time>
      </trkpt>
      <trkpt lat="22.561744" lon="113.969543">
        <ele>21.1</ele>
        <time>2023-06-18T11:40:44Z</time>
      </trkpt>
      <trkpt lat="22.561731" lon="113.969589">
        <ele>21.1</ele>
        <time>2023-06-18T11:40:45Z</time>
      </trkpt>
      <trkpt lat="22.561718" lon="113.969625">
        <ele>21.1</ele>
        <time>2023-06-18T11:40:46Z</time>
      </trkpt>
      <trkpt lat="22.561704" lon="113.969655">
        <ele>21.1</ele>
        <time>2023-06-18T11:40:47Z</time>
      </trkpt>
      <trkpt lat="22.561692" lon="113.969684">
        <ele>21.2</ele>
        <time>2023-06-18T11:40:48Z</time>
      </trkpt>
      <trkpt lat="22.561685" lon="113.969706">
        <ele>21.2</ele>
        <time>2023-06-18T11:40:49Z</time>
      </trkpt>
      <trkpt lat="22.561681" lon="113.96972">
        <ele>21.2</ele>
        <time>2023-06-18T11:40:50Z</time>
      </trkpt>
      <trkpt lat="22.561677" lon="113.969729">
        <ele>21.2</ele>
        <time>2023-06-18T11:40:51Z</time>
      </trkpt>
      <trkpt lat="22.561671" lon="113.969745">
        <ele>21.2</ele>
        <time>2023-06-18T11:40:52Z</time>
      </trkpt>
      <trkpt lat="22.561661" lon="113.969766">
        <ele>21.2</ele>
        <time>2023-06-18T11:40:53Z</time>
      </trkpt>
      <trkpt lat="22.561649" lon="113.969775">
        <ele>21.2</ele>
        <time>2023-06-18T11:40:54Z</time>
      </trkpt>
      <trkpt lat="22.561632" lon="113.969789">
        <ele>21.3</ele>
        <time>2023-06-18T11:40:55Z</time>
      </trkpt>
      <trkpt lat="22.56162" lon="113.969798">
        <ele>21.3</ele>
        <time>2023-06-18T11:40:56Z</time>
      </trkpt>
      <trkpt lat="22.561619" lon="113.969813">
        <ele>21.3</ele>
        <time>2023-06-18T11:40:57Z</time>
      </trkpt>
      <trkpt lat="22.561621" lon="113.96983">
        <ele>21.3</ele>
        <time>2023-06-18T11:40:58Z</time>
      </trkpt>
      <trkpt lat="22.56162" lon="113.969852">
        <ele>21.3</ele>
        <time>2023-06-18T11:40:59Z</time>
      </trkpt>
      <trkpt lat="22.561613" lon="113.969875">
        <ele>21.3</ele>
        <time>2023-06-18T11:41:00Z</time>
      </trkpt>
      <trkpt lat="22.561604" lon="113.969898">
        <ele>21.3</ele>
        <time>2023-06-18T11:41:01Z</time>
      </trkpt>
      <trkpt lat="22.561599" lon="113.969921">
        <ele>21.3</ele>
        <time>2023-06-18T11:41:02Z</time>
      </trkpt>
      <trkpt lat="22.561592" lon="113.969944">
        <ele>21.4</ele>
        <time>2023-06-18T11:41:03Z</time>
      </trkpt>
      <trkpt lat="22.561583" lon="113.969967">
        <ele>21.4</ele>
        <time>2023-06-18T11:41:04Z</time>
      </trkpt>
      <trkpt lat="22.561573" lon="113.96999">
        <ele>21.4</ele>
        <time>2023-06-18T11:41:05Z</time>
      </trkpt>
      <trkpt lat="22.561564" lon="113.970014">
        <ele>21.4</ele>
        <time>2023-06-18T11:41:06Z</time>
      </trkpt>
      <trkpt lat="22.561556" lon="113.970044">
        <ele>21.4</ele>
        <time>2023-06-18T11:41:07Z</time>
      </trkpt>
      <trkpt lat="22.561543" lon="113.970074">
        <ele>21.4</ele>
        <time>2023-06-18T11:41:08Z</time>
      </trkpt>
      <trkpt lat="22.561531" lon="113.970105">
        <ele>21.5</ele>
        <time>2023-06-18T11:41:09Z</time>
      </trkpt>
      <trkpt lat="22.561518" lon="113.970135">
        <ele>21.5</ele>
        <time>2023-06-18T11:41:10Z</time>
      </trkpt>
      <trkpt lat="22.561505" lon="113.970166">
        <ele>21.5</ele>
        <time>2023-06-18T11:41:11Z</time>
      </trkpt>
      <trkpt lat="22.561493" lon="113.970197">
        <ele>21.5</ele>
        <time>2023-06-18T11:41:12Z</time>
      </trkpt>
      <trkpt lat="22.56148" lon="113.970234">
        <ele>21.6</ele>
        <time>2023-06-18T11:41:13Z</time>
      </trkpt>
      <trkpt lat="22.561471" lon="113.970266">
        <ele>21.6</ele>
        <time>2023-06-18T11:41:14Z</time>
      </trkpt>
      <trkpt lat="22.561463" lon="113.970303">
        <ele>21.6</ele>
        <time>2023-06-18T11:41:15Z</time>
      </trkpt>
      <trkpt lat="22.561454" lon="113.970333">
        <ele>21.6</ele>
        <time>2023-06-18T11:41:16Z</time>
      </trkpt>
      <trkpt lat="22.561447" lon="113.970365">
        <ele>21.6</ele>
        <time>2023-06-18T11:41:17Z</time>
      </trkpt>
      <trkpt lat="22.561444" lon="113.970402">
        <ele>21.7</ele>
        <time>2023-06-18T11:41:18Z</time>
      </trkpt>
      <trkpt lat="22.561439" lon="113.970434">
        <ele>21.7</ele>
        <time>2023-06-18T11:41:19Z</time>
      </trkpt>
      <trkpt lat="22.561433" lon="113.97047">
        <ele>21.7</ele>
        <time>2023-06-18T11:41:20Z</time>
      </trkpt>
      <trkpt lat="22.561423" lon="113.9705">
        <ele>21.7</ele>
        <time>2023-06-18T11:41:21Z</time>
      </trkpt>
      <trkpt lat="22.56141" lon="113.970524">
        <ele>21.8</ele>
        <time>2023-06-18T11:41:22Z</time>
      </trkpt>
      <trkpt lat="22.561388" lon="113.970554">
        <ele>21.8</ele>
        <time>2023-06-18T11:41:23Z</time>
      </trkpt>
      <trkpt lat="22.561373" lon="113.970586">
        <ele>21.8</ele>
        <time>2023-06-18T11:41:24Z</time>
      </trkpt>
      <trkpt lat="22.561363" lon="113.970623">
        <ele>21.8</ele>
        <time>2023-06-18T11:41:25Z</time>
      </trkpt>
      <trkpt lat="22.561347" lon="113.970655">
        <ele>21.8</ele>
        <time>2023-06-18T11:41:26Z</time>
      </trkpt>
      <trkpt lat="22.561332" lon="113.970688">
        <ele>21.9</ele>
        <time>2023-06-18T11:41:27Z</time>
      </trkpt>
      <trkpt lat="22.561312" lon="113.970726">
        <ele>21.9</ele>
        <time>2023-06-18T11:41:28Z</time>
      </trkpt>
      <trkpt lat="22.561296" lon="113.970762">
        <ele>21.9</ele>
        <time>2023-06-18T11:41:29Z</time>
      </trkpt>
      <trkpt lat="22.56128" lon="113.970798">
        <ele>21.9</ele>
        <time>2023-06-18T11:41:30Z</time>
      </trkpt>
      <trkpt lat="22.561266" lon="113.97083">
        <ele>22</ele>
        <time>2023-06-18T11:41:31Z</time>
      </trkpt>
      <trkpt lat="22.561253" lon="113.970868">
        <ele>22</ele>
        <time>2023-06-18T11:41:32Z</time>
      </trkpt>
      <trkpt lat="22.561243" lon="113.970899">
        <ele>22</ele>
        <time>2023-06-18T11:41:33Z</time>
      </trkpt>
      <trkpt lat="22.561232" lon="113.970935">
        <ele>22</ele>
        <time>2023-06-18T11:41:34Z</time>
      </trkpt>
      <trkpt lat="22.561222" lon="113.970958">
        <ele>22.1</ele>
        <time>2023-06-18T11:41:35Z</time>
      </trkpt>
      <trkpt lat="22.561207" lon="113.97098">
        <ele>22.1</ele>
        <time>2023-06-18T11:41:36Z</time>
      </trkpt>
      <trkpt lat="22.561189" lon="113.970994">
        <ele>22.1</ele>
        <time>2023-06-18T11:41:37Z</time>
      </trkpt>
      <trkpt lat="22.561182" lon="113.971003">
        <ele>22.1</ele>
        <time>2023-06-18T11:41:38Z</time>
      </trkpt>
      <trkpt lat="22.561183" lon="113.971018">
        <ele>22.1</ele>
        <time>2023-06-18T11:41:39Z</time>
      </trkpt>
      <trkpt lat="22.561187" lon="113.971034">
        <ele>22.1</ele>
        <time>2023-06-18T11:41:40Z</time>
      </trkpt>
      <trkpt lat="22.561177" lon="113.971055">
        <ele>22.1</ele>
        <time>2023-06-18T11:41:41Z</time>
      </trkpt>
      <trkpt lat="22.56117" lon="113.971064">
        <ele>22.1</ele>
        <time>2023-06-18T11:41:42Z</time>
      </trkpt>
      <trkpt lat="22.561162" lon="113.971078">
        <ele>22.2</ele>
        <time>2023-06-18T11:41:43Z</time>
      </trkpt>
      <trkpt lat="22.561157" lon="113.971087">
        <ele>22.2</ele>
        <time>2023-06-18T11:41:44Z</time>
      </trkpt>
      <trkpt lat="22.561154" lon="113.971101">
        <ele>22.2</ele>
        <time>2023-06-18T11:41:45Z</time>
      </trkpt>
      <trkpt lat="22.56115" lon="113.971109">
        <ele>22.2</ele>
        <time>2023-06-18T11:41:46Z</time>
      </trkpt>
      <trkpt lat="22.56115" lon="113.971125">
        <ele>22.2</ele>
        <time>2023-06-18T11:41:47Z</time>
      </trkpt>
      <trkpt lat="22.561153" lon="113.971141">
        <ele>22.2</ele>
        <time>2023-06-18T11:41:48Z</time>
      </trkpt>
      <trkpt lat="22.561151" lon="113.971163">
        <ele>22.3</ele>
        <time>2023-06-18T11:41:49Z</time>
      </trkpt>
      <trkpt lat="22.561147" lon="113.97118">
        <ele>22.3</ele>
        <time>2023-06-18T11:41:50Z</time>
      </trkpt>
      <trkpt lat="22.561142" lon="113.971209">
        <ele>22.4</ele>
        <time>2023-06-18T11:41:51Z</time>
      </trkpt>
      <trkpt lat="22.56114" lon="113.971225">
        <ele>22.4</ele>
        <time>2023-06-18T11:41:52Z</time>
      </trkpt>
      <trkpt lat="22.561141" lon="113.971248">
        <ele>22.4</ele>
        <time>2023-06-18T11:41:53Z</time>
      </trkpt>
      <trkpt lat="22.561151" lon="113.97127">
        <ele>22.5</ele>
        <time>2023-06-18T11:41:54Z</time>
      </trkpt>
      <trkpt lat="22.561162" lon="113.971284">
        <ele>22.5</ele>
        <time>2023-06-18T11:41:55Z</time>
      </trkpt>
      <trkpt lat="22.561168" lon="113.971294">
        <ele>22.5</ele>
        <time>2023-06-18T11:41:56Z</time>
      </trkpt>
      <trkpt lat="22.561165" lon="113.971325">
        <ele>22.6</ele>
        <time>2023-06-18T11:41:57Z</time>
      </trkpt>
      <trkpt lat="22.561147" lon="113.971357">
        <ele>22.7</ele>
        <time>2023-06-18T11:41:58Z</time>
      </trkpt>
      <trkpt lat="22.56113" lon="113.971385">
        <ele>22.7</ele>
        <time>2023-06-18T11:41:59Z</time>
      </trkpt>
      <trkpt lat="22.561116" lon="113.971409">
        <ele>22.8</ele>
        <time>2023-06-18T11:42:00Z</time>
      </trkpt>
      <trkpt lat="22.561107" lon="113.971439">
        <ele>22.9</ele>
        <time>2023-06-18T11:42:01Z</time>
      </trkpt>
      <trkpt lat="22.561097" lon="113.971469">
        <ele>22.9</ele>
        <time>2023-06-18T11:42:02Z</time>
      </trkpt>
      <trkpt lat="22.561089" lon="113.971493">
        <ele>23</ele>
        <time>2023-06-18T11:42:03Z</time>
      </trkpt>
      <trkpt lat="22.561082" lon="113.971523">
        <ele>23</ele>
        <time>2023-06-18T11:42:04Z</time>
      </trkpt>
      <trkpt lat="22.561072" lon="113.971554">
        <ele>23.1</ele>
        <time>2023-06-18T11:42:05Z</time>
      </trkpt>
      <trkpt lat="22.561062" lon="113.971586">
        <ele>23.2</ele>
        <time>2023-06-18T11:42:06Z</time>
      </trkpt>
      <trkpt lat="22.561054" lon="113.971615">
        <ele>23.2</ele>
        <time>2023-06-18T11:42:07Z</time>
      </trkpt>
      <trkpt lat="22.56105" lon="113.971645">
        <ele>23.3</ele>
        <time>2023-06-18T11:42:08Z</time>
      </trkpt>
      <trkpt lat="22.561041" lon="113.971676">
        <ele>23.4</ele>
        <time>2023-06-18T11:42:09Z</time>
      </trkpt>
      <trkpt lat="22.561032" lon="113.971706">
        <ele>23.4</ele>
        <time>2023-06-18T11:42:10Z</time>
      </trkpt>
      <trkpt lat="22.561024" lon="113.971731">
        <ele>23.5</ele>
        <time>2023-06-18T11:42:11Z</time>
      </trkpt>
      <trkpt lat="22.561013" lon="113.971768">
        <ele>23.6</ele>
        <time>2023-06-18T11:42:12Z</time>
      </trkpt>
      <trkpt lat="22.561003" lon="113.971798">
        <ele>23.6</ele>
        <time>2023-06-18T11:42:13Z</time>
      </trkpt>
      <trkpt lat="22.560989" lon="113.971829">
        <ele>23.7</ele>
        <time>2023-06-18T11:42:14Z</time>
      </trkpt>
      <trkpt lat="22.560979" lon="113.971859">
        <ele>23.8</ele>
        <time>2023-06-18T11:42:15Z</time>
      </trkpt>
      <trkpt lat="22.560969" lon="113.97189">
        <ele>23.8</ele>
        <time>2023-06-18T11:42:16Z</time>
      </trkpt>
      <trkpt lat="22.560963" lon="113.971923">
        <ele>23.9</ele>
        <time>2023-06-18T11:42:17Z</time>
      </trkpt>
      <trkpt lat="22.560955" lon="113.97196">
        <ele>24</ele>
        <time>2023-06-18T11:42:18Z</time>
      </trkpt>
      <trkpt lat="22.560946" lon="113.97199">
        <ele>24</ele>
        <time>2023-06-18T11:42:19Z</time>
      </trkpt>
      <trkpt lat="22.560935" lon="113.972019">
        <ele>24.1</ele>
        <time>2023-06-18T11:42:20Z</time>
      </trkpt>
      <trkpt lat="22.560925" lon="113.97205">
        <ele>24.2</ele>
        <time>2023-06-18T11:42:21Z</time>
      </trkpt>
      <trkpt lat="22.560913" lon="113.97208">
        <ele>24.2</ele>
        <time>2023-06-18T11:42:22Z</time>
      </trkpt>
      <trkpt lat="22.560901" lon="113.972103">
        <ele>24.3</ele>
        <time>2023-06-18T11:42:23Z</time>
      </trkpt>
      <trkpt lat="22.560892" lon="113.972134">
        <ele>24.3</ele>
        <time>2023-06-18T11:42:24Z</time>
      </trkpt>
      <trkpt lat="22.560878" lon="113.972165">
        <ele>24.4</ele>
        <time>2023-06-18T11:42:25Z</time>
      </trkpt>
      <trkpt lat="22.560862" lon="113.972196">
        <ele>24.5</ele>
        <time>2023-06-18T11:42:26Z</time>
      </trkpt>
      <trkpt lat="22.560848" lon="113.972233">
        <ele>24.6</ele>
        <time>2023-06-18T11:42:27Z</time>
      </trkpt>
      <trkpt lat="22.560835" lon="113.972264">
        <ele>24.6</ele>
        <time>2023-06-18T11:42:28Z</time>
      </trkpt>
      <trkpt lat="22.560822" lon="113.972294">
        <ele>24.7</ele>
        <time>2023-06-18T11:42:29Z</time>
      </trkpt>
      <trkpt lat="22.560811" lon="113.972332">
        <ele>24.8</ele>
        <time>2023-06-18T11:42:30Z</time>
      </trkpt>
      <trkpt lat="22.560801" lon="113.972363">
        <ele>24.8</ele>
        <time>2023-06-18T11:42:31Z</time>
      </trkpt>
      <trkpt lat="22.56079" lon="113.972393">
        <ele>24.9</ele>
        <time>2023-06-18T11:42:32Z</time>
      </trkpt>
      <trkpt lat="22.560778" lon="113.972424">
        <ele>25</ele>
        <time>2023-06-18T11:42:33Z</time>
      </trkpt>
      <trkpt lat="22.560765" lon="113.972453">
        <ele>25</ele>
        <time>2023-06-18T11:42:34Z</time>
      </trkpt>
      <trkpt lat="22.560753" lon="113.972477">
        <ele>25.1</ele>
        <time>2023-06-18T11:42:35Z</time>
      </trkpt>
      <trkpt lat="22.560744" lon="113.972508">
        <ele>25.1</ele>
        <time>2023-06-18T11:42:36Z</time>
      </trkpt>
      <trkpt lat="22.560735" lon="113.972538">
        <ele>25.2</ele>
        <time>2023-06-18T11:42:37Z</time>
      </trkpt>
      <trkpt lat="22.560727" lon="113.972569">
        <ele>25.3</ele>
        <time>2023-06-18T11:42:38Z</time>
      </trkpt>
      <trkpt lat="22.560715" lon="113.9726">
        <ele>25.3</ele>
        <time>2023-06-18T11:42:39Z</time>
      </trkpt>
      <trkpt lat="22.560704" lon="113.972637">
        <ele>25.4</ele>
        <time>2023-06-18T11:42:40Z</time>
      </trkpt>
      <trkpt lat="22.560695" lon="113.972667">
        <ele>25.5</ele>
        <time>2023-06-18T11:42:41Z</time>
      </trkpt>
      <trkpt lat="22.560685" lon="113.972698">
        <ele>25.5</ele>
        <time>2023-06-18T11:42:42Z</time>
      </trkpt>
      <trkpt lat="22.560675" lon="113.972729">
        <ele>25.6</ele>
        <time>2023-06-18T11:42:43Z</time>
      </trkpt>
      <trkpt lat="22.560661" lon="113.972759">
        <ele>25.7</ele>
        <time>2023-06-18T11:42:44Z</time>
      </trkpt>
      <trkpt lat="22.560648" lon="113.97279">
        <ele>25.7</ele>
        <time>2023-06-18T11:42:45Z</time>
      </trkpt>
      <trkpt lat="22.560632" lon="113.97282">
        <ele>25.8</ele>
        <time>2023-06-18T11:42:46Z</time>
      </trkpt>
      <trkpt lat="22.560622" lon="113.972851">
        <ele>25.9</ele>
        <time>2023-06-18T11:42:47Z</time>
      </trkpt>
      <trkpt lat="22.560613" lon="113.972882">
        <ele>25.9</ele>
        <time>2023-06-18T11:42:48Z</time>
      </trkpt>
      <trkpt lat="22.560606" lon="113.972912">
        <ele>26</ele>
        <time>2023-06-18T11:42:49Z</time>
      </trkpt>
      <trkpt lat="22.560591" lon="113.972942">
        <ele>26.1</ele>
        <time>2023-06-18T11:42:50Z</time>
      </trkpt>
      <trkpt lat="22.560579" lon="113.972972">
        <ele>26.1</ele>
        <time>2023-06-18T11:42:51Z</time>
      </trkpt>
      <trkpt lat="22.560564" lon="113.972996">
        <ele>26.2</ele>
        <time>2023-06-18T11:42:52Z</time>
      </trkpt>
      <trkpt lat="22.560551" lon="113.973027">
        <ele>26.2</ele>
        <time>2023-06-18T11:42:53Z</time>
      </trkpt>
      <trkpt lat="22.56054" lon="113.973056">
        <ele>26.3</ele>
        <time>2023-06-18T11:42:54Z</time>
      </trkpt>
      <trkpt lat="22.560527" lon="113.973087">
        <ele>26.3</ele>
        <time>2023-06-18T11:42:55Z</time>
      </trkpt>
      <trkpt lat="22.560518" lon="113.973119">
        <ele>26.4</ele>
        <time>2023-06-18T11:42:56Z</time>
      </trkpt>
      <trkpt lat="22.560511" lon="113.973157">
        <ele>26.4</ele>
        <time>2023-06-18T11:42:57Z</time>
      </trkpt>
      <trkpt lat="22.560502" lon="113.973186">
        <ele>26.4</ele>
        <time>2023-06-18T11:42:58Z</time>
      </trkpt>
      <trkpt lat="22.56049" lon="113.973217">
        <ele>26.5</ele>
        <time>2023-06-18T11:42:59Z</time>
      </trkpt>
      <trkpt lat="22.560479" lon="113.973247">
        <ele>26.5</ele>
        <time>2023-06-18T11:43:00Z</time>
      </trkpt>
      <trkpt lat="22.560467" lon="113.973278">
        <ele>26.6</ele>
        <time>2023-06-18T11:43:01Z</time>
      </trkpt>
      <trkpt lat="22.560456" lon="113.973309">
        <ele>26.6</ele>
        <time>2023-06-18T11:43:02Z</time>
      </trkpt>
      <trkpt lat="22.560444" lon="113.97334">
        <ele>26.7</ele>
        <time>2023-06-18T11:43:03Z</time>
      </trkpt>
      <trkpt lat="22.56043" lon="113.97337">
        <ele>26.7</ele>
        <time>2023-06-18T11:43:04Z</time>
      </trkpt>
      <trkpt lat="22.560413" lon="113.973402">
        <ele>26.8</ele>
        <time>2023-06-18T11:43:05Z</time>
      </trkpt>
      <trkpt lat="22.560401" lon="113.973437">
        <ele>26.8</ele>
        <time>2023-06-18T11:43:06Z</time>
      </trkpt>
      <trkpt lat="22.560389" lon="113.973469">
        <ele>26.9</ele>
        <time>2023-06-18T11:43:07Z</time>
      </trkpt>
      <trkpt lat="22.560379" lon="113.973494">
        <ele>26.9</ele>
        <time>2023-06-18T11:43:08Z</time>
      </trkpt>
      <trkpt lat="22.560369" lon="113.973526">
        <ele>27</ele>
        <time>2023-06-18T11:43:09Z</time>
      </trkpt>
      <trkpt lat="22.560362" lon="113.973568">
        <ele>27</ele>
        <time>2023-06-18T11:43:10Z</time>
      </trkpt>
      <trkpt lat="22.560351" lon="113.973599">
        <ele>27.1</ele>
        <time>2023-06-18T11:43:11Z</time>
      </trkpt>
      <trkpt lat="22.56034" lon="113.973637">
        <ele>27.1</ele>
        <time>2023-06-18T11:43:12Z</time>
      </trkpt>
      <trkpt lat="22.560334" lon="113.973675">
        <ele>27.2</ele>
        <time>2023-06-18T11:43:13Z</time>
      </trkpt>
      <trkpt lat="22.560323" lon="113.973704">
        <ele>27.2</ele>
        <time>2023-06-18T11:43:14Z</time>
      </trkpt>
      <trkpt lat="22.560313" lon="113.973728">
        <ele>27.3</ele>
        <time>2023-06-18T11:43:15Z</time>
      </trkpt>
      <trkpt lat="22.560303" lon="113.973759">
        <ele>27.3</ele>
        <time>2023-06-18T11:43:16Z</time>
      </trkpt>
      <trkpt lat="22.560293" lon="113.973789">
        <ele>27.4</ele>
        <time>2023-06-18T11:43:17Z</time>
      </trkpt>
      <trkpt lat="22.56028" lon="113.97382">
        <ele>27.4</ele>
        <time>2023-06-18T11:43:18Z</time>
      </trkpt>
      <trkpt lat="22.560265" lon="113.97385">
        <ele>27.5</ele>
        <time>2023-06-18T11:43:19Z</time>
      </trkpt>
      <trkpt lat="22.56025" lon="113.97388">
        <ele>27.5</ele>
        <time>2023-06-18T11:43:20Z</time>
      </trkpt>
      <trkpt lat="22.560243" lon="113.973904">
        <ele>27.5</ele>
        <time>2023-06-18T11:43:21Z</time>
      </trkpt>
      <trkpt lat="22.56024" lon="113.973934">
        <ele>27.6</ele>
        <time>2023-06-18T11:43:22Z</time>
      </trkpt>
      <trkpt lat="22.560242" lon="113.973966">
        <ele>27.6</ele>
        <time>2023-06-18T11:43:23Z</time>
      </trkpt>
      <trkpt lat="22.560243" lon="113.974004">
        <ele>27.7</ele>
        <time>2023-06-18T11:43:24Z</time>
      </trkpt>
      <trkpt lat="22.560241" lon="113.974041">
        <ele>27.7</ele>
        <time>2023-06-18T11:43:25Z</time>
      </trkpt>
      <trkpt lat="22.560237" lon="113.974072">
        <ele>27.8</ele>
        <time>2023-06-18T11:43:26Z</time>
      </trkpt>
      <trkpt lat="22.560234" lon="113.9741">
        <ele>27.8</ele>
        <time>2023-06-18T11:43:27Z</time>
      </trkpt>
      <trkpt lat="22.560237" lon="113.974117">
        <ele>27.8</ele>
        <time>2023-06-18T11:43:28Z</time>
      </trkpt>
      <trkpt lat="22.560247" lon="113.974137">
        <ele>27.9</ele>
        <time>2023-06-18T11:43:29Z</time>
      </trkpt>
      <trkpt lat="22.560261" lon="113.974146">
        <ele>27.9</ele>
        <time>2023-06-18T11:43:30Z</time>
      </trkpt>
      <trkpt lat="22.560274" lon="113.974161">
        <ele>27.9</ele>
        <time>2023-06-18T11:43:31Z</time>
      </trkpt>
      <trkpt lat="22.560286" lon="113.974176">
        <ele>28</ele>
        <time>2023-06-18T11:43:32Z</time>
      </trkpt>
      <trkpt lat="22.560312" lon="113.97419">
        <ele>28</ele>
        <time>2023-06-18T11:43:33Z</time>
      </trkpt>
      <trkpt lat="22.560343" lon="113.974191">
        <ele>28.1</ele>
        <time>2023-06-18T11:43:34Z</time>
      </trkpt>
      <trkpt lat="22.560371" lon="113.974198">
        <ele>28.1</ele>
        <time>2023-06-18T11:43:35Z</time>
      </trkpt>
      <trkpt lat="22.560396" lon="113.974206">
        <ele>28.1</ele>
        <time>2023-06-18T11:43:36Z</time>
      </trkpt>
      <trkpt lat="22.560424" lon="113.974214">
        <ele>28.2</ele>
        <time>2023-06-18T11:43:37Z</time>
      </trkpt>
      <trkpt lat="22.560447" lon="113.974222">
        <ele>28.2</ele>
        <time>2023-06-18T11:43:38Z</time>
      </trkpt>
      <trkpt lat="22.560474" lon="113.974236">
        <ele>28.3</ele>
        <time>2023-06-18T11:43:39Z</time>
      </trkpt>
      <trkpt lat="22.560501" lon="113.974245">
        <ele>28.3</ele>
        <time>2023-06-18T11:43:40Z</time>
      </trkpt>
      <trkpt lat="22.560534" lon="113.97426">
        <ele>28.4</ele>
        <time>2023-06-18T11:43:41Z</time>
      </trkpt>
      <trkpt lat="22.560567" lon="113.974271">
        <ele>28.4</ele>
        <time>2023-06-18T11:43:42Z</time>
      </trkpt>
      <trkpt lat="22.560599" lon="113.974285">
        <ele>28.5</ele>
        <time>2023-06-18T11:43:43Z</time>
      </trkpt>
      <trkpt lat="22.560627" lon="113.974306">
        <ele>28.5</ele>
        <time>2023-06-18T11:43:44Z</time>
      </trkpt>
      <trkpt lat="22.560653" lon="113.974321">
        <ele>28.6</ele>
        <time>2023-06-18T11:43:45Z</time>
      </trkpt>
      <trkpt lat="22.560682" lon="113.974333">
        <ele>28.6</ele>
        <time>2023-06-18T11:43:46Z</time>
      </trkpt>
      <trkpt lat="22.56071" lon="113.974346">
        <ele>28.7</ele>
        <time>2023-06-18T11:43:47Z</time>
      </trkpt>
      <trkpt lat="22.56074" lon="113.974367">
        <ele>28.7</ele>
        <time>2023-06-18T11:43:48Z</time>
      </trkpt>
      <trkpt lat="22.560768" lon="113.974378">
        <ele>28.8</ele>
        <time>2023-06-18T11:43:49Z</time>
      </trkpt>
      <trkpt lat="22.560796" lon="113.974392">
        <ele>28.8</ele>
        <time>2023-06-18T11:43:50Z</time>
      </trkpt>
      <trkpt lat="22.560825" lon="113.974415">
        <ele>28.9</ele>
        <time>2023-06-18T11:43:51Z</time>
      </trkpt>
      <trkpt lat="22.560856" lon="113.974436">
        <ele>28.9</ele>
        <time>2023-06-18T11:43:52Z</time>
      </trkpt>
      <trkpt lat="22.560884" lon="113.974451">
        <ele>28.9</ele>
        <time>2023-06-18T11:43:53Z</time>
      </trkpt>
      <trkpt lat="22.560913" lon="113.974466">
        <ele>29</ele>
        <time>2023-06-18T11:43:54Z</time>
      </trkpt>
      <trkpt lat="22.560941" lon="113.974478">
        <ele>29</ele>
        <time>2023-06-18T11:43:55Z</time>
      </trkpt>
      <trkpt lat="22.560969" lon="113.97449">
        <ele>29</ele>
        <time>2023-06-18T11:43:56Z</time>
      </trkpt>
      <trkpt lat="22.560999" lon="113.974506">
        <ele>29.1</ele>
        <time>2023-06-18T11:43:57Z</time>
      </trkpt>
      <trkpt lat="22.561033" lon="113.974524">
        <ele>29.1</ele>
        <time>2023-06-18T11:43:58Z</time>
      </trkpt>
      <trkpt lat="22.561067" lon="113.974543">
        <ele>29.2</ele>
        <time>2023-06-18T11:43:59Z</time>
      </trkpt>
      <trkpt lat="22.561101" lon="113.974558">
        <ele>29.2</ele>
        <time>2023-06-18T11:44:00Z</time>
      </trkpt>
      <trkpt lat="22.561134" lon="113.974574">
        <ele>29.3</ele>
        <time>2023-06-18T11:44:01Z</time>
      </trkpt>
      <trkpt lat="22.561162" lon="113.974588">
        <ele>29.3</ele>
        <time>2023-06-18T11:44:02Z</time>
      </trkpt>
      <trkpt lat="22.561189" lon="113.974597">
        <ele>29.3</ele>
        <time>2023-06-18T11:44:03Z</time>
      </trkpt>
      <trkpt lat="22.56122" lon="113.974612">
        <ele>29.4</ele>
        <time>2023-06-18T11:44:04Z</time>
      </trkpt>
      <trkpt lat="22.561254" lon="113.974627">
        <ele>29.4</ele>
        <time>2023-06-18T11:44:05Z</time>
      </trkpt>
      <trkpt lat="22.561286" lon="113.974642">
        <ele>29.5</ele>
        <time>2023-06-18T11:44:06Z</time>
      </trkpt>
      <trkpt lat="22.561318" lon="113.974657">
        <ele>29.5</ele>
        <time>2023-06-18T11:44:07Z</time>
      </trkpt>
      <trkpt lat="22.561347" lon="113.974673">
        <ele>29.5</ele>
        <time>2023-06-18T11:44:08Z</time>
      </trkpt>
      <trkpt lat="22.561379" lon="113.974688">
        <ele>29.6</ele>
        <time>2023-06-18T11:44:09Z</time>
      </trkpt>
      <trkpt lat="22.561412" lon="113.974703">
        <ele>29.6</ele>
        <time>2023-06-18T11:44:10Z</time>
      </trkpt>
      <trkpt lat="22.561445" lon="113.974718">
        <ele>29.7</ele>
        <time>2023-06-18T11:44:11Z</time>
      </trkpt>
      <trkpt lat="22.56148" lon="113.974734">
        <ele>29.7</ele>
        <time>2023-06-18T11:44:12Z</time>
      </trkpt>
      <trkpt lat="22.561512" lon="113.974749">
        <ele>29.8</ele>
        <time>2023-06-18T11:44:13Z</time>
      </trkpt>
      <trkpt lat="22.561542" lon="113.974764">
        <ele>29.8</ele>
        <time>2023-06-18T11:44:14Z</time>
      </trkpt>
      <trkpt lat="22.561571" lon="113.974778">
        <ele>29.8</ele>
        <time>2023-06-18T11:44:15Z</time>
      </trkpt>
      <trkpt lat="22.561597" lon="113.974787">
        <ele>29.9</ele>
        <time>2023-06-18T11:44:16Z</time>
      </trkpt>
      <trkpt lat="22.56163" lon="113.974804">
        <ele>29.9</ele>
        <time>2023-06-18T11:44:17Z</time>
      </trkpt>
      <trkpt lat="22.561661" lon="113.974825">
        <ele>30</ele>
        <time>2023-06-18T11:44:18Z</time>
      </trkpt>
      <trkpt lat="22.561683" lon="113.974842">
        <ele>30</ele>
        <time>2023-06-18T11:44:19Z</time>
      </trkpt>
      <trkpt lat="22.561701" lon="113.974863">
        <ele>30</ele>
        <time>2023-06-18T11:44:20Z</time>
      </trkpt>
      <trkpt lat="22.561718" lon="113.974874">
        <ele>30</ele>
        <time>2023-06-18T11:44:21Z</time>
      </trkpt>
      <trkpt lat="22.561734" lon="113.974885">
        <ele>30.1</ele>
        <time>2023-06-18T11:44:22Z</time>
      </trkpt>
      <trkpt lat="22.56174" lon="113.974888">
        <ele>30.1</ele>
        <time>2023-06-18T11:44:23Z</time>
      </trkpt>
      <trkpt lat="22.561746" lon="113.974892">
        <ele>30.1</ele>
        <time>2023-06-18T11:44:24Z</time>
      </trkpt>
      <trkpt lat="22.561759" lon="113.974892">
        <ele>30.1</ele>
        <time>2023-06-18T11:44:25Z</time>
      </trkpt>
      <trkpt lat="22.561779" lon="113.974892">
        <ele>30.1</ele>
        <time>2023-06-18T11:44:26Z</time>
      </trkpt>
      <trkpt lat="22.561804" lon="113.974893">
        <ele>30.1</ele>
        <time>2023-06-18T11:44:27Z</time>
      </trkpt>
      <trkpt lat="22.561834" lon="113.9749">
        <ele>30.2</ele>
        <time>2023-06-18T11:44:28Z</time>
      </trkpt>
      <trkpt lat="22.561867" lon="113.97491">
        <ele>30.2</ele>
        <time>2023-06-18T11:44:29Z</time>
      </trkpt>
      <trkpt lat="22.561897" lon="113.974933">
        <ele>30.3</ele>
        <time>2023-06-18T11:44:30Z</time>
      </trkpt>
      <trkpt lat="22.561923" lon="113.974955">
        <ele>30.3</ele>
        <time>2023-06-18T11:44:31Z</time>
      </trkpt>
      <trkpt lat="22.561951" lon="113.97497">
        <ele>30.3</ele>
        <time>2023-06-18T11:44:32Z</time>
      </trkpt>
      <trkpt lat="22.561977" lon="113.974984">
        <ele>30.4</ele>
        <time>2023-06-18T11:44:33Z</time>
      </trkpt>
      <trkpt lat="22.562004" lon="113.974993">
        <ele>30.4</ele>
        <time>2023-06-18T11:44:34Z</time>
      </trkpt>
      <trkpt lat="22.562035" lon="113.975008">
        <ele>30.5</ele>
        <time>2023-06-18T11:44:35Z</time>
      </trkpt>
      <trkpt lat="22.562065" lon="113.975024">
        <ele>30.5</ele>
        <time>2023-06-18T11:44:36Z</time>
      </trkpt>
      <trkpt lat="22.562095" lon="113.975039">
        <ele>30.5</ele>
        <time>2023-06-18T11:44:37Z</time>
      </trkpt>
      <trkpt lat="22.562128" lon="113.975053">
        <ele>30.6</ele>
        <time>2023-06-18T11:44:38Z</time>
      </trkpt>
      <trkpt lat="22.562157" lon="113.975065">
        <ele>30.6</ele>
        <time>2023-06-18T11:44:39Z</time>
      </trkpt>
      <trkpt lat="22.562186" lon="113.975077">
        <ele>30.7</ele>
        <time>2023-06-18T11:44:40Z</time>
      </trkpt>
      <trkpt lat="22.562211" lon="113.975091">
        <ele>30.7</ele>
        <time>2023-06-18T11:44:41Z</time>
      </trkpt>
      <trkpt lat="22.562235" lon="113.975103">
        <ele>30.7</ele>
        <time>2023-06-18T11:44:42Z</time>
      </trkpt>
      <trkpt lat="22.562257" lon="113.975114">
        <ele>30.7</ele>
        <time>2023-06-18T11:44:43Z</time>
      </trkpt>
      <trkpt lat="22.562273" lon="113.975121">
        <ele>30.8</ele>
        <time>2023-06-18T11:44:44Z</time>
      </trkpt>
      <trkpt lat="22.562286" lon="113.975122">
        <ele>30.8</ele>
        <time>2023-06-18T11:44:45Z</time>
      </trkpt>
      <trkpt lat="22.562297" lon="113.97513">
        <ele>30.8</ele>
        <time>2023-06-18T11:44:46Z</time>
      </trkpt>
      <trkpt lat="22.562303" lon="113.97514">
        <ele>30.8</ele>
        <time>2023-06-18T11:44:47Z</time>
      </trkpt>
      <trkpt lat="22.562301" lon="113.975162">
        <ele>30.8</ele>
        <time>2023-06-18T11:44:48Z</time>
      </trkpt>
      <trkpt lat="22.562293" lon="113.975187">
        <ele>30.9</ele>
        <time>2023-06-18T11:44:49Z</time>
      </trkpt>
      <trkpt lat="22.562279" lon="113.975216">
        <ele>30.9</ele>
        <time>2023-06-18T11:44:50Z</time>
      </trkpt>
      <trkpt lat="22.562268" lon="113.975246">
        <ele>30.9</ele>
        <time>2023-06-18T11:44:51Z</time>
      </trkpt>
      <trkpt lat="22.562261" lon="113.975269">
        <ele>31</ele>
        <time>2023-06-18T11:44:52Z</time>
      </trkpt>
      <trkpt lat="22.562258" lon="113.975292">
        <ele>31</ele>
        <time>2023-06-18T11:44:53Z</time>
      </trkpt>
      <trkpt lat="22.562255" lon="113.975314">
        <ele>31</ele>
        <time>2023-06-18T11:44:54Z</time>
      </trkpt>
      <trkpt lat="22.562251" lon="113.975337">
        <ele>31</ele>
        <time>2023-06-18T11:44:55Z</time>
      </trkpt>
      <trkpt lat="22.562246" lon="113.97535">
        <ele>31</ele>
        <time>2023-06-18T11:44:56Z</time>
      </trkpt>
      <trkpt lat="22.562244" lon="113.975359">
        <ele>31</ele>
        <time>2023-06-18T11:44:57Z</time>
      </trkpt>
      <trkpt lat="22.562251" lon="113.975375">
        <ele>31</ele>
        <time>2023-06-18T11:44:58Z</time>
      </trkpt>
      <trkpt lat="22.562258" lon="113.975391">
        <ele>31</ele>
        <time>2023-06-18T11:44:59Z</time>
      </trkpt>
      <trkpt lat="22.562258" lon="113.975414">
        <ele>31</ele>
        <time>2023-06-18T11:45:00Z</time>
      </trkpt>
      <trkpt lat="22.562258" lon="113.975437">
        <ele>31</ele>
        <time>2023-06-18T11:45:01Z</time>
      </trkpt>
      <trkpt lat="22.562262" lon="113.975459">
        <ele>31</ele>
        <time>2023-06-18T11:45:02Z</time>
      </trkpt>
      <trkpt lat="22.562265" lon="113.975483">
        <ele>31</ele>
        <time>2023-06-18T11:45:03Z</time>
      </trkpt>
      <trkpt lat="22.562259" lon="113.975506">
        <ele>31</ele>
        <time>2023-06-18T11:45:04Z</time>
      </trkpt>
      <trkpt lat="22.562253" lon="113.975528">
        <ele>31</ele>
        <time>2023-06-18T11:45:05Z</time>
      </trkpt>
      <trkpt lat="22.562241" lon="113.975553">
        <ele>31</ele>
        <time>2023-06-18T11:45:06Z</time>
      </trkpt>
      <trkpt lat="22.562232" lon="113.975582">
        <ele>31</ele>
        <time>2023-06-18T11:45:07Z</time>
      </trkpt>
      <trkpt lat="22.562226" lon="113.975604">
        <ele>31</ele>
        <time>2023-06-18T11:45:08Z</time>
      </trkpt>
      <trkpt lat="22.562221" lon="113.975627">
        <ele>31</ele>
        <time>2023-06-18T11:45:09Z</time>
      </trkpt>
      <trkpt lat="22.562215" lon="113.975651">
        <ele>31</ele>
        <time>2023-06-18T11:45:10Z</time>
      </trkpt>
      <trkpt lat="22.56221" lon="113.97568">
        <ele>31</ele>
        <time>2023-06-18T11:45:11Z</time>
      </trkpt>
      <trkpt lat="22.562206" lon="113.975704">
        <ele>31</ele>
        <time>2023-06-18T11:45:12Z</time>
      </trkpt>
      <trkpt lat="22.562202" lon="113.975734">
        <ele>31</ele>
        <time>2023-06-18T11:45:13Z</time>
      </trkpt>
      <trkpt lat="22.562198" lon="113.975766">
        <ele>31</ele>
        <time>2023-06-18T11:45:14Z</time>
      </trkpt>
      <trkpt lat="22.562194" lon="113.975796">
        <ele>31</ele>
        <time>2023-06-18T11:45:15Z</time>
      </trkpt>
      <trkpt lat="22.562188" lon="113.975826">
        <ele>31</ele>
        <time>2023-06-18T11:45:16Z</time>
      </trkpt>
      <trkpt lat="22.562182" lon="113.975857">
        <ele>31</ele>
        <time>2023-06-18T11:45:17Z</time>
      </trkpt>
      <trkpt lat="22.562175" lon="113.975894">
        <ele>31</ele>
        <time>2023-06-18T11:45:18Z</time>
      </trkpt>
      <trkpt lat="22.562168" lon="113.975918">
        <ele>31</ele>
        <time>2023-06-18T11:45:19Z</time>
      </trkpt>
      <trkpt lat="22.562164" lon="113.975948">
        <ele>31</ele>
        <time>2023-06-18T11:45:20Z</time>
      </trkpt>
      <trkpt lat="22.562161" lon="113.975972">
        <ele>31</ele>
        <time>2023-06-18T11:45:21Z</time>
      </trkpt>
      <trkpt lat="22.56216" lon="113.976002">
        <ele>31</ele>
        <time>2023-06-18T11:45:22Z</time>
      </trkpt>
      <trkpt lat="22.562158" lon="113.976034">
        <ele>31</ele>
        <time>2023-06-18T11:45:23Z</time>
      </trkpt>
      <trkpt lat="22.562153" lon="113.976064">
        <ele>31</ele>
        <time>2023-06-18T11:45:24Z</time>
      </trkpt>
      <trkpt lat="22.562145" lon="113.976093">
        <ele>31</ele>
        <time>2023-06-18T11:45:25Z</time>
      </trkpt>
      <trkpt lat="22.562147" lon="113.976124">
        <ele>31</ele>
        <time>2023-06-18T11:45:26Z</time>
      </trkpt>
      <trkpt lat="22.562145" lon="113.976155">
        <ele>31</ele>
        <time>2023-06-18T11:45:27Z</time>
      </trkpt>
      <trkpt lat="22.562141" lon="113.976193">
        <ele>31</ele>
        <time>2023-06-18T11:45:28Z</time>
      </trkpt>
      <trkpt lat="22.562134" lon="113.976223">
        <ele>31</ele>
        <time>2023-06-18T11:45:29Z</time>
      </trkpt>
      <trkpt lat="22.562122" lon="113.976255">
        <ele>31</ele>
        <time>2023-06-18T11:45:30Z</time>
      </trkpt>
      <trkpt lat="22.562109" lon="113.976291">
        <ele>31</ele>
        <time>2023-06-18T11:45:31Z</time>
      </trkpt>
      <trkpt lat="22.562096" lon="113.976322">
        <ele>31</ele>
        <time>2023-06-18T11:45:32Z</time>
      </trkpt>
      <trkpt lat="22.562082" lon="113.976352">
        <ele>31</ele>
        <time>2023-06-18T11:45:33Z</time>
      </trkpt>
      <trkpt lat="22.562068" lon="113.976374">
        <ele>31</ele>
        <time>2023-06-18T11:45:34Z</time>
      </trkpt>
      <trkpt lat="22.562059" lon="113.976396">
        <ele>31</ele>
        <time>2023-06-18T11:45:35Z</time>
      </trkpt>
      <trkpt lat="22.562052" lon="113.976412">
        <ele>31</ele>
        <time>2023-06-18T11:45:36Z</time>
      </trkpt>
      <trkpt lat="22.562032" lon="113.976435">
        <ele>31</ele>
        <time>2023-06-18T11:45:37Z</time>
      </trkpt>
      <trkpt lat="22.562013" lon="113.976449">
        <ele>31</ele>
        <time>2023-06-18T11:45:38Z</time>
      </trkpt>
      <trkpt lat="22.562007" lon="113.976457">
        <ele>31</ele>
        <time>2023-06-18T11:45:39Z</time>
      </trkpt>
      <trkpt lat="22.562" lon="113.976463">
        <ele>31</ele>
        <time>2023-06-18T11:45:40Z</time>
      </trkpt>
      <trkpt lat="22.561998" lon="113.976464">
        <ele>31</ele>
        <time>2023-06-18T11:45:41Z</time>
      </trkpt>
      <trkpt lat="22.561998" lon="113.976471">
        <ele>31</ele>
        <time>2023-06-18T11:45:42Z</time>
      </trkpt>
      <trkpt lat="22.561998" lon="113.976473">
        <ele>31</ele>
        <time>2023-06-18T11:45:43Z</time>
      </trkpt>
      <trkpt lat="22.561995" lon="113.976488">
        <ele>31</ele>
        <time>2023-06-18T11:45:44Z</time>
      </trkpt>
      <trkpt lat="22.561986" lon="113.976503">
        <ele>31</ele>
        <time>2023-06-18T11:45:45Z</time>
      </trkpt>
      <trkpt lat="22.561976" lon="113.976519">
        <ele>31</ele>
        <time>2023-06-18T11:45:46Z</time>
      </trkpt>
      <trkpt lat="22.561966" lon="113.976542">
        <ele>31</ele>
        <time>2023-06-18T11:45:47Z</time>
      </trkpt>
      <trkpt lat="22.561952" lon="113.976567">
        <ele>31</ele>
        <time>2023-06-18T11:45:48Z</time>
      </trkpt>
      <trkpt lat="22.561937" lon="113.976599">
        <ele>31</ele>
        <time>2023-06-18T11:45:49Z</time>
      </trkpt>
      <trkpt lat="22.561924" lon="113.976627">
        <ele>31</ele>
        <time>2023-06-18T11:45:50Z</time>
      </trkpt>
      <trkpt lat="22.561911" lon="113.976657">
        <ele>31</ele>
        <time>2023-06-18T11:45:51Z</time>
      </trkpt>
      <trkpt lat="22.561898" lon="113.976681">
        <ele>31</ele>
        <time>2023-06-18T11:45:52Z</time>
      </trkpt>
      <trkpt lat="22.561884" lon="113.976711">
        <ele>31</ele>
        <time>2023-06-18T11:45:53Z</time>
      </trkpt>
      <trkpt lat="22.561871" lon="113.976733">
        <ele>31</ele>
        <time>2023-06-18T11:45:54Z</time>
      </trkpt>
      <trkpt lat="22.561858" lon="113.976754">
        <ele>31</ele>
        <time>2023-06-18T11:45:55Z</time>
      </trkpt>
      <trkpt lat="22.561846" lon="113.976758">
        <ele>31</ele>
        <time>2023-06-18T11:45:56Z</time>
      </trkpt>
      <trkpt lat="22.561839" lon="113.976742">
        <ele>31</ele>
        <time>2023-06-18T11:45:57Z</time>
      </trkpt>
      <trkpt lat="22.56183" lon="113.976721">
        <ele>31</ele>
        <time>2023-06-18T11:45:58Z</time>
      </trkpt>
      <trkpt lat="22.561822" lon="113.976706">
        <ele>31</ele>
        <time>2023-06-18T11:45:59Z</time>
      </trkpt>
      <trkpt lat="22.561812" lon="113.97669">
        <ele>31</ele>
        <time>2023-06-18T11:46:00Z</time>
      </trkpt>
      <trkpt lat="22.561798" lon="113.976675">
        <ele>31</ele>
        <time>2023-06-18T11:46:01Z</time>
      </trkpt>
      <trkpt lat="22.56178" lon="113.97666">
        <ele>31</ele>
        <time>2023-06-18T11:46:02Z</time>
      </trkpt>
      <trkpt lat="22.561759" lon="113.976643">
        <ele>31</ele>
        <time>2023-06-18T11:46:03Z</time>
      </trkpt>
      <trkpt lat="22.561741" lon="113.976621">
        <ele>31</ele>
        <time>2023-06-18T11:46:04Z</time>
      </trkpt>
      <trkpt lat="22.561726" lon="113.976606">
        <ele>31</ele>
        <time>2023-06-18T11:46:05Z</time>
      </trkpt>
      <trkpt lat="22.561711" lon="113.976591">
        <ele>31</ele>
        <time>2023-06-18T11:46:06Z</time>
      </trkpt>
      <trkpt lat="22.561699" lon="113.976577">
        <ele>31</ele>
        <time>2023-06-18T11:46:07Z</time>
      </trkpt>
      <trkpt lat="22.561684" lon="113.976568">
        <ele>31</ele>
        <time>2023-06-18T11:46:08Z</time>
      </trkpt>
      <trkpt lat="22.561665" lon="113.976553">
        <ele>31</ele>
        <time>2023-06-18T11:46:09Z</time>
      </trkpt>
      <trkpt lat="22.561654" lon="113.976539">
        <ele>31</ele>
        <time>2023-06-18T11:46:10Z</time>
      </trkpt>
      <trkpt lat="22.561643" lon="113.976529">
        <ele>31</ele>
        <time>2023-06-18T11:46:11Z</time>
      </trkpt>
      <trkpt lat="22.561635" lon="113.976507">
        <ele>31</ele>
        <time>2023-06-18T11:46:12Z</time>
      </trkpt>
      <trkpt lat="22.561626" lon="113.976491">
        <ele>31</ele>
        <time>2023-06-18T11:46:13Z</time>
      </trkpt>
      <trkpt lat="22.561619" lon="113.976467">
        <ele>31</ele>
        <time>2023-06-18T11:46:14Z</time>
      </trkpt>
      <trkpt lat="22.561617" lon="113.976446">
        <ele>31</ele>
        <time>2023-06-18T11:46:15Z</time>
      </trkpt>
      <trkpt lat="22.561615" lon="113.97643">
        <ele>31</ele>
        <time>2023-06-18T11:46:16Z</time>
      </trkpt>
      <trkpt lat="22.561619" lon="113.976408">
        <ele>31</ele>
        <time>2023-06-18T11:46:17Z</time>
      </trkpt>
      <trkpt lat="22.561621" lon="113.976394">
        <ele>31</ele>
        <time>2023-06-18T11:46:18Z</time>
      </trkpt>
      <trkpt lat="22.56162" lon="113.976386">
        <ele>31</ele>
        <time>2023-06-18T11:46:19Z</time>
      </trkpt>
      <trkpt lat="22.561617" lon="113.976379">
        <ele>31</ele>
        <time>2023-06-18T11:46:20Z</time>
      </trkpt>
      <trkpt lat="22.56161" lon="113.976379">
        <ele>31</ele>
        <time>2023-06-18T11:46:21Z</time>
      </trkpt>
      <trkpt lat="22.561602" lon="113.97638">
        <ele>31</ele>
        <time>2023-06-18T11:46:22Z</time>
      </trkpt>
      <trkpt lat="22.561589" lon="113.976389">
        <ele>31</ele>
        <time>2023-06-18T11:46:23Z</time>
      </trkpt>
      <trkpt lat="22.561571" lon="113.976404">
        <ele>31</ele>
        <time>2023-06-18T11:46:24Z</time>
      </trkpt>
      <trkpt lat="22.561558" lon="113.976419">
        <ele>31</ele>
        <time>2023-06-18T11:46:25Z</time>
      </trkpt>
      <trkpt lat="22.561547" lon="113.976435">
        <ele>31</ele>
        <time>2023-06-18T11:46:26Z</time>
      </trkpt>
      <trkpt lat="22.56154" lon="113.976449">
        <ele>31</ele>
        <time>2023-06-18T11:46:27Z</time>
      </trkpt>
    </trkseg>
  </trk>
</gpx>