<?xml version="1.0" encoding="UTF-8"?>
<gpx xmlns="http://www.topografix.com/GPX/1/1" xmlns:xsi="http://www.w3.org/2001/XMLSchema-instance" xsi:schemaLocation="http://www.topografix.com/GPX/1/1 http://www.topografix.com/GPX/1/1/gpx.xsd" version="1.1" creator="鹏">
  <metadata>
    <name>XC (Completed)</name>
    <desc>Distance: 7.842km, Estimated duration: 0.44h, Elevation up: 16.0m, Elevation down: 24.0m</desc>
    <author>
      <name>鹏</name>
      <link href="https://www.komoot.de/user/3342641231843">
        <text>View 鹏's Profile on Komoot</text>
      </link>
    </author>
    <link href="https://www.komoot.de/tour/1262724729">
      <text>View tour on Komoot</text>
    </link>
  </metadata>
  <trk>
    <name>XC (Completed)</name>
    <desc>Distance: 7.842km, Estimated duration: 0.44h, Elevation up: 16.0m, Elevation down: 24.0m</desc>
    <link href="https://www.komoot.de/tour/1262724729">
      <text>View tour on Komoot</text>
    </link>
    <trkseg>
      <trkpt lat="22.559587" lon="113.970428">
        <ele>20.2</ele>
        <time>2023-08-16T00:25:21Z</time>
      </trkpt>
      <trkpt lat="22.559566" lon="113.97046">
        <ele>20.2</ele>
        <time>2023-08-16T00:25:23Z</time>
      </trkpt>
      <trkpt lat="22.559552" lon="113.970481">
        <ele>20.2</ele>
        <time>2023-08-16T00:25:24Z</time>
      </trkpt>
      <trkpt lat="22.559269" lon="113.970428">
        <ele>20.2</ele>
        <time>2023-08-16T00:26:22Z</time>
      </trkpt>
      <trkpt lat="22.559231" lon="113.97042">
        <ele>20.2</ele>
        <time>2023-08-16T00:26:23Z</time>
      </trkpt>
      <trkpt lat="22.559195" lon="113.970405">
        <ele>20.2</ele>
        <time>2023-08-16T00:26:24Z</time>
      </trkpt>
      <trkpt lat="22.55916" lon="113.97039">
        <ele>20.2</ele>
        <time>2023-08-16T00:26:25Z</time>
      </trkpt>
      <trkpt lat="22.559125" lon="113.970375">
        <ele>20.2</ele>
        <time>2023-08-16T00:26:26Z</time>
      </trkpt>
      <trkpt lat="22.559085" lon="113.97036">
        <ele>20.2</ele>
        <time>2023-08-16T00:26:27Z</time>
      </trkpt>
      <trkpt lat="22.559046" lon="113.970352">
        <ele>20.2</ele>
        <time>2023-08-16T00:26:28Z</time>
      </trkpt>
      <trkpt lat="22.559015" lon="113.970352">
        <ele>20.2</ele>
        <time>2023-08-16T00:26:29Z</time>
      </trkpt>
      <trkpt lat="22.55898" lon="113.970344">
        <ele>20.2</ele>
        <time>2023-08-16T00:26:30Z</time>
      </trkpt>
      <trkpt lat="22.558942" lon="113.970337">
        <ele>20.2</ele>
        <time>2023-08-16T00:26:31Z</time>
      </trkpt>
      <trkpt lat="22.558904" lon="113.970321">
        <ele>20.2</ele>
        <time>2023-08-16T00:26:32Z</time>
      </trkpt>
      <trkpt lat="22.558864" lon="113.970306">
        <ele>20.2</ele>
        <time>2023-08-16T00:26:33Z</time>
      </trkpt>
      <trkpt lat="22.558828" lon="113.97029">
        <ele>20.2</ele>
        <time>2023-08-16T00:26:34Z</time>
      </trkpt>
      <trkpt lat="22.558796" lon="113.970252">
        <ele>20.2</ele>
        <time>2023-08-16T00:26:35Z</time>
      </trkpt>
      <trkpt lat="22.558764" lon="113.970229">
        <ele>20.2</ele>
        <time>2023-08-16T00:26:36Z</time>
      </trkpt>
      <trkpt lat="22.558728" lon="113.970207">
        <ele>20.2</ele>
        <time>2023-08-16T00:26:37Z</time>
      </trkpt>
      <trkpt lat="22.55868" lon="113.970192">
        <ele>20.2</ele>
        <time>2023-08-16T00:26:38Z</time>
      </trkpt>
      <trkpt lat="22.558634" lon="113.970184">
        <ele>20.2</ele>
        <time>2023-08-16T00:26:39Z</time>
      </trkpt>
      <trkpt lat="22.55859" lon="113.970184">
        <ele>20.2</ele>
        <time>2023-08-16T00:26:40Z</time>
      </trkpt>
      <trkpt lat="22.558547" lon="113.970184">
        <ele>20.2</ele>
        <time>2023-08-16T00:26:41Z</time>
      </trkpt>
      <trkpt lat="22.558507" lon="113.970176">
        <ele>20.2</ele>
        <time>2023-08-16T00:26:42Z</time>
      </trkpt>
      <trkpt lat="22.558465" lon="113.970161">
        <ele>20.2</ele>
        <time>2023-08-16T00:26:43Z</time>
      </trkpt>
      <trkpt lat="22.55842" lon="113.970146">
        <ele>20.2</ele>
        <time>2023-08-16T00:26:44Z</time>
      </trkpt>
      <trkpt lat="22.558373" lon="113.970131">
        <ele>20.1</ele>
        <time>2023-08-16T00:26:45Z</time>
      </trkpt>
      <trkpt lat="22.558325" lon="113.970115">
        <ele>20.1</ele>
        <time>2023-08-16T00:26:46Z</time>
      </trkpt>
      <trkpt lat="22.558279" lon="113.9701">
        <ele>20.1</ele>
        <time>2023-08-16T00:26:47Z</time>
      </trkpt>
      <trkpt lat="22.558236" lon="113.970085">
        <ele>20.1</ele>
        <time>2023-08-16T00:26:48Z</time>
      </trkpt>
      <trkpt lat="22.558194" lon="113.970077">
        <ele>20.1</ele>
        <time>2023-08-16T00:26:49Z</time>
      </trkpt>
      <trkpt lat="22.558155" lon="113.970062">
        <ele>20.1</ele>
        <time>2023-08-16T00:26:50Z</time>
      </trkpt>
      <trkpt lat="22.558124" lon="113.970046">
        <ele>20.1</ele>
        <time>2023-08-16T00:26:51Z</time>
      </trkpt>
      <trkpt lat="22.55809" lon="113.970031">
        <ele>20.1</ele>
        <time>2023-08-16T00:26:52Z</time>
      </trkpt>
      <trkpt lat="22.558055" lon="113.970024">
        <ele>20.1</ele>
        <time>2023-08-16T00:26:53Z</time>
      </trkpt>
      <trkpt lat="22.558013" lon="113.970016">
        <ele>20.1</ele>
        <time>2023-08-16T00:26:54Z</time>
      </trkpt>
      <trkpt lat="22.557976" lon="113.970001">
        <ele>20.1</ele>
        <time>2023-08-16T00:26:55Z</time>
      </trkpt>
      <trkpt lat="22.557953" lon="113.969962">
        <ele>20.1</ele>
        <time>2023-08-16T00:26:56Z</time>
      </trkpt>
      <trkpt lat="22.557954" lon="113.969922">
        <ele>20.1</ele>
        <time>2023-08-16T00:26:57Z</time>
      </trkpt>
      <trkpt lat="22.557969" lon="113.969886">
        <ele>20.1</ele>
        <time>2023-08-16T00:26:58Z</time>
      </trkpt>
      <trkpt lat="22.55798" lon="113.969855">
        <ele>20.1</ele>
        <time>2023-08-16T00:26:59Z</time>
      </trkpt>
      <trkpt lat="22.557991" lon="113.969825">
        <ele>20.1</ele>
        <time>2023-08-16T00:27:00Z</time>
      </trkpt>
      <trkpt lat="22.558003" lon="113.969794">
        <ele>20.1</ele>
        <time>2023-08-16T00:27:01Z</time>
      </trkpt>
      <trkpt lat="22.55801" lon="113.969755">
        <ele>20.1</ele>
        <time>2023-08-16T00:27:02Z</time>
      </trkpt>
      <trkpt lat="22.558012" lon="113.96971">
        <ele>20.1</ele>
        <time>2023-08-16T00:27:03Z</time>
      </trkpt>
      <trkpt lat="22.558008" lon="113.969664">
        <ele>20</ele>
        <time>2023-08-16T00:27:04Z</time>
      </trkpt>
      <trkpt lat="22.558004" lon="113.969619">
        <ele>20</ele>
        <time>2023-08-16T00:27:05Z</time>
      </trkpt>
      <trkpt lat="22.55801" lon="113.969573">
        <ele>20</ele>
        <time>2023-08-16T00:27:06Z</time>
      </trkpt>
      <trkpt lat="22.558014" lon="113.969535">
        <ele>20</ele>
        <time>2023-08-16T00:27:07Z</time>
      </trkpt>
      <trkpt lat="22.558012" lon="113.969505">
        <ele>20</ele>
        <time>2023-08-16T00:27:08Z</time>
      </trkpt>
      <trkpt lat="22.55801" lon="113.969464">
        <ele>20</ele>
        <time>2023-08-16T00:27:09Z</time>
      </trkpt>
      <trkpt lat="22.55801" lon="113.969412">
        <ele>20</ele>
        <time>2023-08-16T00:27:10Z</time>
      </trkpt>
      <trkpt lat="22.558012" lon="113.969358">
        <ele>20</ele>
        <time>2023-08-16T00:27:11Z</time>
      </trkpt>
      <trkpt lat="22.558018" lon="113.969296">
        <ele>20</ele>
        <time>2023-08-16T00:27:12Z</time>
      </trkpt>
      <trkpt lat="22.558022" lon="113.969236">
        <ele>20</ele>
        <time>2023-08-16T00:27:13Z</time>
      </trkpt>
      <trkpt lat="22.558024" lon="113.969175">
        <ele>20</ele>
        <time>2023-08-16T00:27:14Z</time>
      </trkpt>
      <trkpt lat="22.558029" lon="113.969106">
        <ele>20</ele>
        <time>2023-08-16T00:27:15Z</time>
      </trkpt>
      <trkpt lat="22.558031" lon="113.969036">
        <ele>20</ele>
        <time>2023-08-16T00:27:16Z</time>
      </trkpt>
      <trkpt lat="22.558033" lon="113.968969">
        <ele>20</ele>
        <time>2023-08-16T00:27:17Z</time>
      </trkpt>
      <trkpt lat="22.558037" lon="113.968908">
        <ele>19.9</ele>
        <time>2023-08-16T00:27:18Z</time>
      </trkpt>
      <trkpt lat="22.558043" lon="113.968837">
        <ele>19.9</ele>
        <time>2023-08-16T00:27:19Z</time>
      </trkpt>
      <trkpt lat="22.558056" lon="113.96878">
        <ele>19.8</ele>
        <time>2023-08-16T00:27:20Z</time>
      </trkpt>
      <trkpt lat="22.558066" lon="113.968726">
        <ele>19.8</ele>
        <time>2023-08-16T00:27:21Z</time>
      </trkpt>
      <trkpt lat="22.558073" lon="113.968665">
        <ele>19.7</ele>
        <time>2023-08-16T00:27:22Z</time>
      </trkpt>
      <trkpt lat="22.558077" lon="113.96861">
        <ele>19.7</ele>
        <time>2023-08-16T00:27:23Z</time>
      </trkpt>
      <trkpt lat="22.558081" lon="113.968551">
        <ele>19.6</ele>
        <time>2023-08-16T00:27:24Z</time>
      </trkpt>
      <trkpt lat="22.558087" lon="113.968504">
        <ele>19.6</ele>
        <time>2023-08-16T00:27:25Z</time>
      </trkpt>
      <trkpt lat="22.558092" lon="113.968451">
        <ele>19.6</ele>
        <time>2023-08-16T00:27:26Z</time>
      </trkpt>
      <trkpt lat="22.5581" lon="113.968397">
        <ele>19.5</ele>
        <time>2023-08-16T00:27:27Z</time>
      </trkpt>
      <trkpt lat="22.558108" lon="113.968351">
        <ele>19.5</ele>
        <time>2023-08-16T00:27:28Z</time>
      </trkpt>
      <trkpt lat="22.558119" lon="113.968306">
        <ele>19.5</ele>
        <time>2023-08-16T00:27:29Z</time>
      </trkpt>
      <trkpt lat="22.558127" lon="113.96826">
        <ele>19.4</ele>
        <time>2023-08-16T00:27:30Z</time>
      </trkpt>
      <trkpt lat="22.55813" lon="113.968214">
        <ele>19.4</ele>
        <time>2023-08-16T00:27:31Z</time>
      </trkpt>
      <trkpt lat="22.558126" lon="113.968169">
        <ele>19.3</ele>
        <time>2023-08-16T00:27:32Z</time>
      </trkpt>
      <trkpt lat="22.558117" lon="113.968122">
        <ele>19.3</ele>
        <time>2023-08-16T00:27:33Z</time>
      </trkpt>
      <trkpt lat="22.558117" lon="113.968077">
        <ele>19.3</ele>
        <time>2023-08-16T00:27:34Z</time>
      </trkpt>
      <trkpt lat="22.558113" lon="113.968031">
        <ele>19.2</ele>
        <time>2023-08-16T00:27:35Z</time>
      </trkpt>
      <trkpt lat="22.558107" lon="113.967978">
        <ele>19.2</ele>
        <time>2023-08-16T00:27:36Z</time>
      </trkpt>
      <trkpt lat="22.5581" lon="113.967939">
        <ele>19.2</ele>
        <time>2023-08-16T00:27:37Z</time>
      </trkpt>
      <trkpt lat="22.558098" lon="113.96788">
        <ele>19.1</ele>
        <time>2023-08-16T00:27:38Z</time>
      </trkpt>
      <trkpt lat="22.558096" lon="113.967818">
        <ele>19.1</ele>
        <time>2023-08-16T00:27:39Z</time>
      </trkpt>
      <trkpt lat="22.558094" lon="113.967773">
        <ele>19</ele>
        <time>2023-08-16T00:27:40Z</time>
      </trkpt>
      <trkpt lat="22.558092" lon="113.967717">
        <ele>19</ele>
        <time>2023-08-16T00:27:41Z</time>
      </trkpt>
      <trkpt lat="22.558096" lon="113.967665">
        <ele>19</ele>
        <time>2023-08-16T00:27:42Z</time>
      </trkpt>
      <trkpt lat="22.558098" lon="113.967619">
        <ele>18.9</ele>
        <time>2023-08-16T00:27:43Z</time>
      </trkpt>
      <trkpt lat="22.558092" lon="113.967574">
        <ele>18.9</ele>
        <time>2023-08-16T00:27:44Z</time>
      </trkpt>
      <trkpt lat="22.558096" lon="113.967527">
        <ele>18.9</ele>
        <time>2023-08-16T00:27:45Z</time>
      </trkpt>
      <trkpt lat="22.558104" lon="113.967474">
        <ele>18.8</ele>
        <time>2023-08-16T00:27:46Z</time>
      </trkpt>
      <trkpt lat="22.558108" lon="113.967421">
        <ele>18.8</ele>
        <time>2023-08-16T00:27:47Z</time>
      </trkpt>
      <trkpt lat="22.558117" lon="113.967359">
        <ele>18.7</ele>
        <time>2023-08-16T00:27:48Z</time>
      </trkpt>
      <trkpt lat="22.558121" lon="113.967314">
        <ele>18.7</ele>
        <time>2023-08-16T00:27:49Z</time>
      </trkpt>
      <trkpt lat="22.558119" lon="113.967269">
        <ele>18.7</ele>
        <time>2023-08-16T00:27:50Z</time>
      </trkpt>
      <trkpt lat="22.558129" lon="113.967215">
        <ele>18.6</ele>
        <time>2023-08-16T00:27:51Z</time>
      </trkpt>
      <trkpt lat="22.558142" lon="113.967146">
        <ele>18.6</ele>
        <time>2023-08-16T00:27:52Z</time>
      </trkpt>
      <trkpt lat="22.558159" lon="113.967086">
        <ele>18.5</ele>
        <time>2023-08-16T00:27:53Z</time>
      </trkpt>
      <trkpt lat="22.558165" lon="113.967024">
        <ele>18.5</ele>
        <time>2023-08-16T00:27:54Z</time>
      </trkpt>
      <trkpt lat="22.558167" lon="113.966964">
        <ele>18.4</ele>
        <time>2023-08-16T00:27:55Z</time>
      </trkpt>
      <trkpt lat="22.558168" lon="113.966902">
        <ele>18.4</ele>
        <time>2023-08-16T00:27:56Z</time>
      </trkpt>
      <trkpt lat="22.55817" lon="113.966849">
        <ele>18.4</ele>
        <time>2023-08-16T00:27:57Z</time>
      </trkpt>
      <trkpt lat="22.558175" lon="113.966793">
        <ele>18.4</ele>
        <time>2023-08-16T00:27:58Z</time>
      </trkpt>
      <trkpt lat="22.558186" lon="113.966734">
        <ele>18.3</ele>
        <time>2023-08-16T00:27:59Z</time>
      </trkpt>
      <trkpt lat="22.558201" lon="113.966689">
        <ele>18.3</ele>
        <time>2023-08-16T00:28:00Z</time>
      </trkpt>
      <trkpt lat="22.558206" lon="113.966651">
        <ele>18.3</ele>
        <time>2023-08-16T00:28:01Z</time>
      </trkpt>
      <trkpt lat="22.558193" lon="113.966629">
        <ele>18.3</ele>
        <time>2023-08-16T00:28:02Z</time>
      </trkpt>
      <trkpt lat="22.558176" lon="113.966614">
        <ele>18.3</ele>
        <time>2023-08-16T00:28:03Z</time>
      </trkpt>
      <trkpt lat="22.558162" lon="113.966613">
        <ele>18.3</ele>
        <time>2023-08-16T00:28:04Z</time>
      </trkpt>
      <trkpt lat="22.558144" lon="113.966591">
        <ele>18.3</ele>
        <time>2023-08-16T00:28:05Z</time>
      </trkpt>
      <trkpt lat="22.558128" lon="113.966552">
        <ele>18.3</ele>
        <time>2023-08-16T00:28:06Z</time>
      </trkpt>
      <trkpt lat="22.558116" lon="113.96652">
        <ele>18.2</ele>
        <time>2023-08-16T00:28:07Z</time>
      </trkpt>
      <trkpt lat="22.558108" lon="113.966491">
        <ele>18.2</ele>
        <time>2023-08-16T00:28:08Z</time>
      </trkpt>
      <trkpt lat="22.558111" lon="113.966476">
        <ele>18.2</ele>
        <time>2023-08-16T00:28:09Z</time>
      </trkpt>
      <trkpt lat="22.55813" lon="113.966369">
        <ele>18.2</ele>
        <time>2023-08-16T00:28:25Z</time>
      </trkpt>
      <trkpt lat="22.558136" lon="113.966323">
        <ele>18.2</ele>
        <time>2023-08-16T00:28:26Z</time>
      </trkpt>
      <trkpt lat="22.55814" lon="113.9663">
        <ele>18.2</ele>
        <time>2023-08-16T00:28:27Z</time>
      </trkpt>
      <trkpt lat="22.558141" lon="113.966261">
        <ele>18.1</ele>
        <time>2023-08-16T00:28:28Z</time>
      </trkpt>
      <trkpt lat="22.558134" lon="113.966216">
        <ele>18.1</ele>
        <time>2023-08-16T00:28:29Z</time>
      </trkpt>
      <trkpt lat="22.558119" lon="113.966178">
        <ele>18.1</ele>
        <time>2023-08-16T00:28:30Z</time>
      </trkpt>
      <trkpt lat="22.558105" lon="113.966125">
        <ele>18.1</ele>
        <time>2023-08-16T00:28:31Z</time>
      </trkpt>
      <trkpt lat="22.558102" lon="113.966086">
        <ele>18.1</ele>
        <time>2023-08-16T00:28:32Z</time>
      </trkpt>
      <trkpt lat="22.558098" lon="113.966033">
        <ele>18.1</ele>
        <time>2023-08-16T00:28:33Z</time>
      </trkpt>
      <trkpt lat="22.558097" lon="113.965986">
        <ele>18</ele>
        <time>2023-08-16T00:28:34Z</time>
      </trkpt>
      <trkpt lat="22.55809" lon="113.965933">
        <ele>18</ele>
        <time>2023-08-16T00:28:35Z</time>
      </trkpt>
      <trkpt lat="22.55808" lon="113.965888">
        <ele>18</ele>
        <time>2023-08-16T00:28:36Z</time>
      </trkpt>
      <trkpt lat="22.558073" lon="113.965842">
        <ele>18</ele>
        <time>2023-08-16T00:28:37Z</time>
      </trkpt>
      <trkpt lat="22.558065" lon="113.965778">
        <ele>17.9</ele>
        <time>2023-08-16T00:28:38Z</time>
      </trkpt>
      <trkpt lat="22.558062" lon="113.965719">
        <ele>17.9</ele>
        <time>2023-08-16T00:28:39Z</time>
      </trkpt>
      <trkpt lat="22.55806" lon="113.965666">
        <ele>17.9</ele>
        <time>2023-08-16T00:28:40Z</time>
      </trkpt>
      <trkpt lat="22.558053" lon="113.965604">
        <ele>17.9</ele>
        <time>2023-08-16T00:28:41Z</time>
      </trkpt>
      <trkpt lat="22.558042" lon="113.965551">
        <ele>17.9</ele>
        <time>2023-08-16T00:28:42Z</time>
      </trkpt>
      <trkpt lat="22.558031" lon="113.965482">
        <ele>17.8</ele>
        <time>2023-08-16T00:28:43Z</time>
      </trkpt>
      <trkpt lat="22.558021" lon="113.965406">
        <ele>17.8</ele>
        <time>2023-08-16T00:28:44Z</time>
      </trkpt>
      <trkpt lat="22.558008" lon="113.965338">
        <ele>17.8</ele>
        <time>2023-08-16T00:28:45Z</time>
      </trkpt>
      <trkpt lat="22.55799" lon="113.965261">
        <ele>17.7</ele>
        <time>2023-08-16T00:28:46Z</time>
      </trkpt>
      <trkpt lat="22.557973" lon="113.965193">
        <ele>17.7</ele>
        <time>2023-08-16T00:28:47Z</time>
      </trkpt>
      <trkpt lat="22.55796" lon="113.965131">
        <ele>17.7</ele>
        <time>2023-08-16T00:28:48Z</time>
      </trkpt>
      <trkpt lat="22.557949" lon="113.965063">
        <ele>17.7</ele>
        <time>2023-08-16T00:28:49Z</time>
      </trkpt>
      <trkpt lat="22.557937" lon="113.965003">
        <ele>17.7</ele>
        <time>2023-08-16T00:28:50Z</time>
      </trkpt>
      <trkpt lat="22.557922" lon="113.964933">
        <ele>17.6</ele>
        <time>2023-08-16T00:28:51Z</time>
      </trkpt>
      <trkpt lat="22.557902" lon="113.964864">
        <ele>17.6</ele>
        <time>2023-08-16T00:28:52Z</time>
      </trkpt>
      <trkpt lat="22.55788" lon="113.964796">
        <ele>17.6</ele>
        <time>2023-08-16T00:28:53Z</time>
      </trkpt>
      <trkpt lat="22.557863" lon="113.964728">
        <ele>17.6</ele>
        <time>2023-08-16T00:28:54Z</time>
      </trkpt>
      <trkpt lat="22.557849" lon="113.964666">
        <ele>17.5</ele>
        <time>2023-08-16T00:28:55Z</time>
      </trkpt>
      <trkpt lat="22.557834" lon="113.964598">
        <ele>17.5</ele>
        <time>2023-08-16T00:28:56Z</time>
      </trkpt>
      <trkpt lat="22.557819" lon="113.964536">
        <ele>17.5</ele>
        <time>2023-08-16T00:28:57Z</time>
      </trkpt>
      <trkpt lat="22.557803" lon="113.964474">
        <ele>17.5</ele>
        <time>2023-08-16T00:28:58Z</time>
      </trkpt>
      <trkpt lat="22.557789" lon="113.964407">
        <ele>17.5</ele>
        <time>2023-08-16T00:28:59Z</time>
      </trkpt>
      <trkpt lat="22.557777" lon="113.964346">
        <ele>17.5</ele>
        <time>2023-08-16T00:29:00Z</time>
      </trkpt>
      <trkpt lat="22.557764" lon="113.964285">
        <ele>17.4</ele>
        <time>2023-08-16T00:29:01Z</time>
      </trkpt>
      <trkpt lat="22.557748" lon="113.964224">
        <ele>17.4</ele>
        <time>2023-08-16T00:29:02Z</time>
      </trkpt>
      <trkpt lat="22.557733" lon="113.964162">
        <ele>17.4</ele>
        <time>2023-08-16T00:29:03Z</time>
      </trkpt>
      <trkpt lat="22.557718" lon="113.964095">
        <ele>17.4</ele>
        <time>2023-08-16T00:29:04Z</time>
      </trkpt>
      <trkpt lat="22.557707" lon="113.964026">
        <ele>17.4</ele>
        <time>2023-08-16T00:29:05Z</time>
      </trkpt>
      <trkpt lat="22.557701" lon="113.963964">
        <ele>17.3</ele>
        <time>2023-08-16T00:29:06Z</time>
      </trkpt>
      <trkpt lat="22.5577" lon="113.963909">
        <ele>17.3</ele>
        <time>2023-08-16T00:29:07Z</time>
      </trkpt>
      <trkpt lat="22.557705" lon="113.963858">
        <ele>17.3</ele>
        <time>2023-08-16T00:29:08Z</time>
      </trkpt>
      <trkpt lat="22.557725" lon="113.963812">
        <ele>17.3</ele>
        <time>2023-08-16T00:29:09Z</time>
      </trkpt>
      <trkpt lat="22.557758" lon="113.963767">
        <ele>17.3</ele>
        <time>2023-08-16T00:29:10Z</time>
      </trkpt>
      <trkpt lat="22.557805" lon="113.963737">
        <ele>17.3</ele>
        <time>2023-08-16T00:29:11Z</time>
      </trkpt>
      <trkpt lat="22.557843" lon="113.963714">
        <ele>17.2</ele>
        <time>2023-08-16T00:29:12Z</time>
      </trkpt>
      <trkpt lat="22.557877" lon="113.963691">
        <ele>17.2</ele>
        <time>2023-08-16T00:29:13Z</time>
      </trkpt>
      <trkpt lat="22.557898" lon="113.963659">
        <ele>17.2</ele>
        <time>2023-08-16T00:29:14Z</time>
      </trkpt>
      <trkpt lat="22.557909" lon="113.963614">
        <ele>17.2</ele>
        <time>2023-08-16T00:29:15Z</time>
      </trkpt>
      <trkpt lat="22.557921" lon="113.963561">
        <ele>17.2</ele>
        <time>2023-08-16T00:29:16Z</time>
      </trkpt>
      <trkpt lat="22.557924" lon="113.963514">
        <ele>17.2</ele>
        <time>2023-08-16T00:29:17Z</time>
      </trkpt>
      <trkpt lat="22.557924" lon="113.963469">
        <ele>17.2</ele>
        <time>2023-08-16T00:29:18Z</time>
      </trkpt>
      <trkpt lat="22.557924" lon="113.963423">
        <ele>17.1</ele>
        <time>2023-08-16T00:29:19Z</time>
      </trkpt>
      <trkpt lat="22.55792" lon="113.963384">
        <ele>17.1</ele>
        <time>2023-08-16T00:29:20Z</time>
      </trkpt>
      <trkpt lat="22.55792" lon="113.96334">
        <ele>17.1</ele>
        <time>2023-08-16T00:29:21Z</time>
      </trkpt>
      <trkpt lat="22.557921" lon="113.9633">
        <ele>17.1</ele>
        <time>2023-08-16T00:29:22Z</time>
      </trkpt>
      <trkpt lat="22.557922" lon="113.963263">
        <ele>17.1</ele>
        <time>2023-08-16T00:29:23Z</time>
      </trkpt>
      <trkpt lat="22.55792" lon="113.963226">
        <ele>17.1</ele>
        <time>2023-08-16T00:29:24Z</time>
      </trkpt>
      <trkpt lat="22.557911" lon="113.963195">
        <ele>17</ele>
        <time>2023-08-16T00:29:25Z</time>
      </trkpt>
      <trkpt lat="22.557906" lon="113.963155">
        <ele>17</ele>
        <time>2023-08-16T00:29:26Z</time>
      </trkpt>
      <trkpt lat="22.557918" lon="113.96311">
        <ele>17</ele>
        <time>2023-08-16T00:29:27Z</time>
      </trkpt>
      <trkpt lat="22.557937" lon="113.963079">
        <ele>17</ele>
        <time>2023-08-16T00:29:28Z</time>
      </trkpt>
      <trkpt lat="22.557966" lon="113.963041">
        <ele>16.9</ele>
        <time>2023-08-16T00:29:29Z</time>
      </trkpt>
      <trkpt lat="22.55799" lon="113.963011">
        <ele>16.9</ele>
        <time>2023-08-16T00:29:30Z</time>
      </trkpt>
      <trkpt lat="22.558003" lon="113.962981">
        <ele>16.9</ele>
        <time>2023-08-16T00:29:31Z</time>
      </trkpt>
      <trkpt lat="22.558006" lon="113.962943">
        <ele>16.9</ele>
        <time>2023-08-16T00:29:32Z</time>
      </trkpt>
      <trkpt lat="22.558015" lon="113.962897">
        <ele>16.8</ele>
        <time>2023-08-16T00:29:33Z</time>
      </trkpt>
      <trkpt lat="22.558036" lon="113.962851">
        <ele>16.8</ele>
        <time>2023-08-16T00:29:34Z</time>
      </trkpt>
      <trkpt lat="22.55807" lon="113.962821">
        <ele>16.8</ele>
        <time>2023-08-16T00:29:35Z</time>
      </trkpt>
      <trkpt lat="22.558109" lon="113.962797">
        <ele>16.8</ele>
        <time>2023-08-16T00:29:36Z</time>
      </trkpt>
      <trkpt lat="22.558141" lon="113.962767">
        <ele>16.7</ele>
        <time>2023-08-16T00:29:37Z</time>
      </trkpt>
      <trkpt lat="22.558167" lon="113.962737">
        <ele>16.7</ele>
        <time>2023-08-16T00:29:38Z</time>
      </trkpt>
      <trkpt lat="22.558184" lon="113.962707">
        <ele>16.7</ele>
        <time>2023-08-16T00:29:39Z</time>
      </trkpt>
      <trkpt lat="22.5582" lon="113.962668">
        <ele>16.7</ele>
        <time>2023-08-16T00:29:40Z</time>
      </trkpt>
      <trkpt lat="22.558216" lon="113.962623">
        <ele>16.6</ele>
        <time>2023-08-16T00:29:41Z</time>
      </trkpt>
      <trkpt lat="22.558223" lon="113.962583">
        <ele>16.6</ele>
        <time>2023-08-16T00:29:42Z</time>
      </trkpt>
      <trkpt lat="22.558214" lon="113.962546">
        <ele>16.6</ele>
        <time>2023-08-16T00:29:43Z</time>
      </trkpt>
      <trkpt lat="22.558202" lon="113.9625">
        <ele>16.6</ele>
        <time>2023-08-16T00:29:44Z</time>
      </trkpt>
      <trkpt lat="22.558191" lon="113.962463">
        <ele>16.5</ele>
        <time>2023-08-16T00:29:45Z</time>
      </trkpt>
      <trkpt lat="22.558165" lon="113.962408">
        <ele>16.5</ele>
        <time>2023-08-16T00:29:46Z</time>
      </trkpt>
      <trkpt lat="22.558143" lon="113.962363">
        <ele>16.5</ele>
        <time>2023-08-16T00:29:47Z</time>
      </trkpt>
      <trkpt lat="22.558114" lon="113.962333">
        <ele>16.4</ele>
        <time>2023-08-16T00:29:48Z</time>
      </trkpt>
      <trkpt lat="22.558073" lon="113.962294">
        <ele>16.4</ele>
        <time>2023-08-16T00:29:49Z</time>
      </trkpt>
      <trkpt lat="22.55803" lon="113.962257">
        <ele>16.4</ele>
        <time>2023-08-16T00:29:50Z</time>
      </trkpt>
      <trkpt lat="22.557981" lon="113.962234">
        <ele>16.3</ele>
        <time>2023-08-16T00:29:51Z</time>
      </trkpt>
      <trkpt lat="22.557937" lon="113.962204">
        <ele>16.3</ele>
        <time>2023-08-16T00:29:52Z</time>
      </trkpt>
      <trkpt lat="22.557904" lon="113.962187">
        <ele>16.3</ele>
        <time>2023-08-16T00:29:53Z</time>
      </trkpt>
      <trkpt lat="22.557882" lon="113.962158">
        <ele>16.3</ele>
        <time>2023-08-16T00:29:54Z</time>
      </trkpt>
      <trkpt lat="22.557859" lon="113.962126">
        <ele>16.2</ele>
        <time>2023-08-16T00:29:55Z</time>
      </trkpt>
      <trkpt lat="22.557835" lon="113.962094">
        <ele>16.2</ele>
        <time>2023-08-16T00:29:56Z</time>
      </trkpt>
      <trkpt lat="22.557812" lon="113.962062">
        <ele>16.2</ele>
        <time>2023-08-16T00:29:57Z</time>
      </trkpt>
      <trkpt lat="22.557789" lon="113.96203">
        <ele>16.2</ele>
        <time>2023-08-16T00:29:58Z</time>
      </trkpt>
      <trkpt lat="22.557765" lon="113.961999">
        <ele>16.1</ele>
        <time>2023-08-16T00:29:59Z</time>
      </trkpt>
      <trkpt lat="22.557742" lon="113.961967">
        <ele>16.1</ele>
        <time>2023-08-16T00:30:00Z</time>
      </trkpt>
      <trkpt lat="22.557718" lon="113.961935">
        <ele>16.1</ele>
        <time>2023-08-16T00:30:01Z</time>
      </trkpt>
      <trkpt lat="22.557695" lon="113.961903">
        <ele>16.1</ele>
        <time>2023-08-16T00:30:02Z</time>
      </trkpt>
      <trkpt lat="22.557672" lon="113.961871">
        <ele>16</ele>
        <time>2023-08-16T00:30:03Z</time>
      </trkpt>
      <trkpt lat="22.557648" lon="113.961839">
        <ele>16</ele>
        <time>2023-08-16T00:30:04Z</time>
      </trkpt>
      <trkpt lat="22.557625" lon="113.961807">
        <ele>16</ele>
        <time>2023-08-16T00:30:05Z</time>
      </trkpt>
      <trkpt lat="22.557642" lon="113.961792">
        <ele>16</ele>
        <time>2023-08-16T00:30:06Z</time>
      </trkpt>
      <trkpt lat="22.557663" lon="113.961777">
        <ele>16</ele>
        <time>2023-08-16T00:30:07Z</time>
      </trkpt>
      <trkpt lat="22.557672" lon="113.961732">
        <ele>15.9</ele>
        <time>2023-08-16T00:30:08Z</time>
      </trkpt>
      <trkpt lat="22.557629" lon="113.961701">
        <ele>15.8</ele>
        <time>2023-08-16T00:30:09Z</time>
      </trkpt>
      <trkpt lat="22.557581" lon="113.96167">
        <ele>15.8</ele>
        <time>2023-08-16T00:30:10Z</time>
      </trkpt>
      <trkpt lat="22.557529" lon="113.961618">
        <ele>15.7</ele>
        <time>2023-08-16T00:30:11Z</time>
      </trkpt>
      <trkpt lat="22.557484" lon="113.961586">
        <ele>15.6</ele>
        <time>2023-08-16T00:30:12Z</time>
      </trkpt>
      <trkpt lat="22.557451" lon="113.961548">
        <ele>15.6</ele>
        <time>2023-08-16T00:30:13Z</time>
      </trkpt>
      <trkpt lat="22.55742" lon="113.961516">
        <ele>15.5</ele>
        <time>2023-08-16T00:30:14Z</time>
      </trkpt>
      <trkpt lat="22.557393" lon="113.961486">
        <ele>15.5</ele>
        <time>2023-08-16T00:30:15Z</time>
      </trkpt>
      <trkpt lat="22.557366" lon="113.961447">
        <ele>15.4</ele>
        <time>2023-08-16T00:30:16Z</time>
      </trkpt>
      <trkpt lat="22.55734" lon="113.961417">
        <ele>15.4</ele>
        <time>2023-08-16T00:30:17Z</time>
      </trkpt>
      <trkpt lat="22.557317" lon="113.96137">
        <ele>15.3</ele>
        <time>2023-08-16T00:30:18Z</time>
      </trkpt>
      <trkpt lat="22.557296" lon="113.961325">
        <ele>15.3</ele>
        <time>2023-08-16T00:30:19Z</time>
      </trkpt>
      <trkpt lat="22.557277" lon="113.961264">
        <ele>15.2</ele>
        <time>2023-08-16T00:30:20Z</time>
      </trkpt>
      <trkpt lat="22.55726" lon="113.961218">
        <ele>15.1</ele>
        <time>2023-08-16T00:30:21Z</time>
      </trkpt>
      <trkpt lat="22.557243" lon="113.961155">
        <ele>15.1</ele>
        <time>2023-08-16T00:30:22Z</time>
      </trkpt>
      <trkpt lat="22.557233" lon="113.961096">
        <ele>15</ele>
        <time>2023-08-16T00:30:23Z</time>
      </trkpt>
      <trkpt lat="22.557222" lon="113.961043">
        <ele>14.9</ele>
        <time>2023-08-16T00:30:24Z</time>
      </trkpt>
      <trkpt lat="22.557216" lon="113.960989">
        <ele>14.9</ele>
        <time>2023-08-16T00:30:25Z</time>
      </trkpt>
      <trkpt lat="22.557211" lon="113.960929">
        <ele>14.8</ele>
        <time>2023-08-16T00:30:26Z</time>
      </trkpt>
      <trkpt lat="22.557209" lon="113.960881">
        <ele>14.8</ele>
        <time>2023-08-16T00:30:27Z</time>
      </trkpt>
      <trkpt lat="22.557201" lon="113.960829">
        <ele>14.7</ele>
        <time>2023-08-16T00:30:28Z</time>
      </trkpt>
      <trkpt lat="22.557193" lon="113.960775">
        <ele>14.7</ele>
        <time>2023-08-16T00:30:29Z</time>
      </trkpt>
      <trkpt lat="22.557186" lon="113.960722">
        <ele>14.6</ele>
        <time>2023-08-16T00:30:30Z</time>
      </trkpt>
      <trkpt lat="22.557174" lon="113.960667">
        <ele>14.5</ele>
        <time>2023-08-16T00:30:31Z</time>
      </trkpt>
      <trkpt lat="22.557167" lon="113.960607">
        <ele>14.5</ele>
        <time>2023-08-16T00:30:32Z</time>
      </trkpt>
      <trkpt lat="22.557161" lon="113.960554">
        <ele>14.4</ele>
        <time>2023-08-16T00:30:33Z</time>
      </trkpt>
      <trkpt lat="22.557154" lon="113.960501">
        <ele>14.4</ele>
        <time>2023-08-16T00:30:34Z</time>
      </trkpt>
      <trkpt lat="22.557148" lon="113.960447">
        <ele>14.3</ele>
        <time>2023-08-16T00:30:35Z</time>
      </trkpt>
      <trkpt lat="22.557144" lon="113.960401">
        <ele>14.2</ele>
        <time>2023-08-16T00:30:36Z</time>
      </trkpt>
      <trkpt lat="22.55714" lon="113.960348">
        <ele>14.2</ele>
        <time>2023-08-16T00:30:37Z</time>
      </trkpt>
      <trkpt lat="22.557136" lon="113.960295">
        <ele>14.1</ele>
        <time>2023-08-16T00:30:38Z</time>
      </trkpt>
      <trkpt lat="22.557133" lon="113.960242">
        <ele>14.1</ele>
        <time>2023-08-16T00:30:39Z</time>
      </trkpt>
      <trkpt lat="22.557129" lon="113.960188">
        <ele>14</ele>
        <time>2023-08-16T00:30:40Z</time>
      </trkpt>
      <trkpt lat="22.557125" lon="113.960143">
        <ele>14</ele>
        <time>2023-08-16T00:30:41Z</time>
      </trkpt>
      <trkpt lat="22.557131" lon="113.960097">
        <ele>13.9</ele>
        <time>2023-08-16T00:30:42Z</time>
      </trkpt>
      <trkpt lat="22.557147" lon="113.960051">
        <ele>13.9</ele>
        <time>2023-08-16T00:30:43Z</time>
      </trkpt>
      <trkpt lat="22.557163" lon="113.95999">
        <ele>13.8</ele>
        <time>2023-08-16T00:30:44Z</time>
      </trkpt>
      <trkpt lat="22.557167" lon="113.959929">
        <ele>13.7</ele>
        <time>2023-08-16T00:30:45Z</time>
      </trkpt>
      <trkpt lat="22.557157" lon="113.959874">
        <ele>13.6</ele>
        <time>2023-08-16T00:30:46Z</time>
      </trkpt>
      <trkpt lat="22.557148" lon="113.959815">
        <ele>13.6</ele>
        <time>2023-08-16T00:30:47Z</time>
      </trkpt>
      <trkpt lat="22.557142" lon="113.959769">
        <ele>13.5</ele>
        <time>2023-08-16T00:30:48Z</time>
      </trkpt>
      <trkpt lat="22.557138" lon="113.959731">
        <ele>13.5</ele>
        <time>2023-08-16T00:30:49Z</time>
      </trkpt>
      <trkpt lat="22.557132" lon="113.959685">
        <ele>13.4</ele>
        <time>2023-08-16T00:30:50Z</time>
      </trkpt>
      <trkpt lat="22.557126" lon="113.959647">
        <ele>13.4</ele>
        <time>2023-08-16T00:30:51Z</time>
      </trkpt>
      <trkpt lat="22.557113" lon="113.95961">
        <ele>13.3</ele>
        <time>2023-08-16T00:30:52Z</time>
      </trkpt>
      <trkpt lat="22.5571" lon="113.959586">
        <ele>13.3</ele>
        <time>2023-08-16T00:30:53Z</time>
      </trkpt>
      <trkpt lat="22.557085" lon="113.959556">
        <ele>13.2</ele>
        <time>2023-08-16T00:30:54Z</time>
      </trkpt>
      <trkpt lat="22.557075" lon="113.959518">
        <ele>13.2</ele>
        <time>2023-08-16T00:30:55Z</time>
      </trkpt>
      <trkpt lat="22.55707" lon="113.959471">
        <ele>13.1</ele>
        <time>2023-08-16T00:30:56Z</time>
      </trkpt>
      <trkpt lat="22.557072" lon="113.959418">
        <ele>13.1</ele>
        <time>2023-08-16T00:30:57Z</time>
      </trkpt>
      <trkpt lat="22.557075" lon="113.959362">
        <ele>13</ele>
        <time>2023-08-16T00:30:58Z</time>
      </trkpt>
      <trkpt lat="22.557076" lon="113.959318">
        <ele>12.9</ele>
        <time>2023-08-16T00:30:59Z</time>
      </trkpt>
      <trkpt lat="22.557078" lon="113.959263">
        <ele>12.9</ele>
        <time>2023-08-16T00:31:00Z</time>
      </trkpt>
      <trkpt lat="22.557079" lon="113.959219">
        <ele>12.8</ele>
        <time>2023-08-16T00:31:01Z</time>
      </trkpt>
      <trkpt lat="22.557073" lon="113.959165">
        <ele>12.7</ele>
        <time>2023-08-16T00:31:02Z</time>
      </trkpt>
      <trkpt lat="22.557068" lon="113.95912">
        <ele>12.7</ele>
        <time>2023-08-16T00:31:03Z</time>
      </trkpt>
      <trkpt lat="22.557066" lon="113.959075">
        <ele>12.6</ele>
        <time>2023-08-16T00:31:04Z</time>
      </trkpt>
      <trkpt lat="22.557064" lon="113.959036">
        <ele>12.6</ele>
        <time>2023-08-16T00:31:05Z</time>
      </trkpt>
      <trkpt lat="22.557064" lon="113.958998">
        <ele>12.5</ele>
        <time>2023-08-16T00:31:06Z</time>
      </trkpt>
      <trkpt lat="22.557062" lon="113.958951">
        <ele>12.5</ele>
        <time>2023-08-16T00:31:07Z</time>
      </trkpt>
      <trkpt lat="22.557062" lon="113.958899">
        <ele>12.4</ele>
        <time>2023-08-16T00:31:08Z</time>
      </trkpt>
      <trkpt lat="22.557058" lon="113.958845">
        <ele>12.3</ele>
        <time>2023-08-16T00:31:09Z</time>
      </trkpt>
      <trkpt lat="22.557054" lon="113.958792">
        <ele>12.3</ele>
        <time>2023-08-16T00:31:10Z</time>
      </trkpt>
      <trkpt lat="22.557049" lon="113.958738">
        <ele>12.2</ele>
        <time>2023-08-16T00:31:11Z</time>
      </trkpt>
      <trkpt lat="22.557041" lon="113.958685">
        <ele>12.1</ele>
        <time>2023-08-16T00:31:12Z</time>
      </trkpt>
      <trkpt lat="22.557033" lon="113.95864">
        <ele>12.1</ele>
        <time>2023-08-16T00:31:13Z</time>
      </trkpt>
      <trkpt lat="22.557026" lon="113.958602">
        <ele>12</ele>
        <time>2023-08-16T00:31:14Z</time>
      </trkpt>
      <trkpt lat="22.557018" lon="113.958564">
        <ele>12</ele>
        <time>2023-08-16T00:31:15Z</time>
      </trkpt>
      <trkpt lat="22.557012" lon="113.958541">
        <ele>12</ele>
        <time>2023-08-16T00:31:16Z</time>
      </trkpt>
      <trkpt lat="22.557005" lon="113.958511">
        <ele>11.9</ele>
        <time>2023-08-16T00:31:17Z</time>
      </trkpt>
      <trkpt lat="22.556999" lon="113.958488">
        <ele>11.9</ele>
        <time>2023-08-16T00:31:18Z</time>
      </trkpt>
      <trkpt lat="22.55699" lon="113.958457">
        <ele>11.9</ele>
        <time>2023-08-16T00:31:19Z</time>
      </trkpt>
      <trkpt lat="22.556984" lon="113.958434">
        <ele>11.8</ele>
        <time>2023-08-16T00:31:20Z</time>
      </trkpt>
      <trkpt lat="22.55698" lon="113.958403">
        <ele>11.8</ele>
        <time>2023-08-16T00:31:21Z</time>
      </trkpt>
      <trkpt lat="22.55698" lon="113.958365">
        <ele>11.7</ele>
        <time>2023-08-16T00:31:22Z</time>
      </trkpt>
      <trkpt lat="22.556988" lon="113.958327">
        <ele>11.7</ele>
        <time>2023-08-16T00:31:23Z</time>
      </trkpt>
      <trkpt lat="22.556992" lon="113.958297">
        <ele>11.7</ele>
        <time>2023-08-16T00:31:24Z</time>
      </trkpt>
      <trkpt lat="22.556993" lon="113.958266">
        <ele>11.6</ele>
        <time>2023-08-16T00:31:25Z</time>
      </trkpt>
      <trkpt lat="22.556988" lon="113.958228">
        <ele>11.6</ele>
        <time>2023-08-16T00:31:26Z</time>
      </trkpt>
      <trkpt lat="22.55698" lon="113.958182">
        <ele>11.5</ele>
        <time>2023-08-16T00:31:27Z</time>
      </trkpt>
      <trkpt lat="22.55697" lon="113.958144">
        <ele>11.5</ele>
        <time>2023-08-16T00:31:28Z</time>
      </trkpt>
      <trkpt lat="22.556959" lon="113.958106">
        <ele>11.5</ele>
        <time>2023-08-16T00:31:29Z</time>
      </trkpt>
      <trkpt lat="22.556949" lon="113.958068">
        <ele>11.5</ele>
        <time>2023-08-16T00:31:30Z</time>
      </trkpt>
      <trkpt lat="22.556944" lon="113.95803">
        <ele>11.5</ele>
        <time>2023-08-16T00:31:31Z</time>
      </trkpt>
      <trkpt lat="22.556936" lon="113.957999">
        <ele>11.5</ele>
        <time>2023-08-16T00:31:32Z</time>
      </trkpt>
      <trkpt lat="22.55693" lon="113.95796">
        <ele>11.5</ele>
        <time>2023-08-16T00:31:33Z</time>
      </trkpt>
      <trkpt lat="22.556928" lon="113.957915">
        <ele>11.5</ele>
        <time>2023-08-16T00:31:34Z</time>
      </trkpt>
      <trkpt lat="22.556923" lon="113.957884">
        <ele>11.5</ele>
        <time>2023-08-16T00:31:35Z</time>
      </trkpt>
      <trkpt lat="22.556923" lon="113.957839">
        <ele>11.5</ele>
        <time>2023-08-16T00:31:36Z</time>
      </trkpt>
      <trkpt lat="22.556919" lon="113.957793">
        <ele>11.6</ele>
        <time>2023-08-16T00:31:37Z</time>
      </trkpt>
      <trkpt lat="22.556915" lon="113.957747">
        <ele>11.6</ele>
        <time>2023-08-16T00:31:38Z</time>
      </trkpt>
      <trkpt lat="22.556904" lon="113.957694">
        <ele>11.6</ele>
        <time>2023-08-16T00:31:39Z</time>
      </trkpt>
      <trkpt lat="22.55689" lon="113.957641">
        <ele>11.6</ele>
        <time>2023-08-16T00:31:40Z</time>
      </trkpt>
      <trkpt lat="22.556877" lon="113.957603">
        <ele>11.6</ele>
        <time>2023-08-16T00:31:41Z</time>
      </trkpt>
      <trkpt lat="22.556863" lon="113.957565">
        <ele>11.6</ele>
        <time>2023-08-16T00:31:42Z</time>
      </trkpt>
      <trkpt lat="22.556842" lon="113.957535">
        <ele>11.6</ele>
        <time>2023-08-16T00:31:43Z</time>
      </trkpt>
      <trkpt lat="22.556817" lon="113.957511">
        <ele>11.6</ele>
        <time>2023-08-16T00:31:44Z</time>
      </trkpt>
      <trkpt lat="22.556793" lon="113.957488">
        <ele>11.7</ele>
        <time>2023-08-16T00:31:45Z</time>
      </trkpt>
      <trkpt lat="22.556788" lon="113.957457">
        <ele>11.7</ele>
        <time>2023-08-16T00:31:46Z</time>
      </trkpt>
      <trkpt lat="22.556797" lon="113.957419">
        <ele>11.7</ele>
        <time>2023-08-16T00:31:47Z</time>
      </trkpt>
      <trkpt lat="22.556805" lon="113.957389">
        <ele>11.7</ele>
        <time>2023-08-16T00:31:48Z</time>
      </trkpt>
      <trkpt lat="22.556809" lon="113.957355">
        <ele>11.7</ele>
        <time>2023-08-16T00:31:49Z</time>
      </trkpt>
      <trkpt lat="22.556811" lon="113.957317">
        <ele>11.7</ele>
        <time>2023-08-16T00:31:50Z</time>
      </trkpt>
      <trkpt lat="22.556812" lon="113.957281">
        <ele>11.7</ele>
        <time>2023-08-16T00:31:51Z</time>
      </trkpt>
      <trkpt lat="22.556812" lon="113.957243">
        <ele>11.7</ele>
        <time>2023-08-16T00:31:52Z</time>
      </trkpt>
      <trkpt lat="22.556812" lon="113.957197">
        <ele>11.7</ele>
        <time>2023-08-16T00:31:53Z</time>
      </trkpt>
      <trkpt lat="22.55681" lon="113.957153">
        <ele>11.8</ele>
        <time>2023-08-16T00:31:54Z</time>
      </trkpt>
      <trkpt lat="22.55681" lon="113.957106">
        <ele>11.8</ele>
        <time>2023-08-16T00:31:55Z</time>
      </trkpt>
      <trkpt lat="22.556812" lon="113.957062">
        <ele>11.8</ele>
        <time>2023-08-16T00:31:56Z</time>
      </trkpt>
      <trkpt lat="22.556814" lon="113.957014">
        <ele>11.8</ele>
        <time>2023-08-16T00:31:57Z</time>
      </trkpt>
      <trkpt lat="22.556816" lon="113.956967">
        <ele>11.8</ele>
        <time>2023-08-16T00:31:58Z</time>
      </trkpt>
      <trkpt lat="22.556812" lon="113.956913">
        <ele>11.8</ele>
        <time>2023-08-16T00:31:59Z</time>
      </trkpt>
      <trkpt lat="22.556807" lon="113.956861">
        <ele>11.8</ele>
        <time>2023-08-16T00:32:00Z</time>
      </trkpt>
      <trkpt lat="22.556805" lon="113.956808">
        <ele>11.8</ele>
        <time>2023-08-16T00:32:01Z</time>
      </trkpt>
      <trkpt lat="22.556803" lon="113.956755">
        <ele>11.9</ele>
        <time>2023-08-16T00:32:02Z</time>
      </trkpt>
      <trkpt lat="22.556799" lon="113.956702">
        <ele>11.9</ele>
        <time>2023-08-16T00:32:03Z</time>
      </trkpt>
      <trkpt lat="22.556795" lon="113.956647">
        <ele>11.9</ele>
        <time>2023-08-16T00:32:04Z</time>
      </trkpt>
      <trkpt lat="22.556791" lon="113.956595">
        <ele>11.9</ele>
        <time>2023-08-16T00:32:05Z</time>
      </trkpt>
      <trkpt lat="22.556791" lon="113.95654">
        <ele>11.9</ele>
        <time>2023-08-16T00:32:06Z</time>
      </trkpt>
      <trkpt lat="22.556791" lon="113.956486">
        <ele>11.9</ele>
        <time>2023-08-16T00:32:07Z</time>
      </trkpt>
      <trkpt lat="22.556793" lon="113.956435">
        <ele>12</ele>
        <time>2023-08-16T00:32:08Z</time>
      </trkpt>
      <trkpt lat="22.556793" lon="113.956381">
        <ele>12</ele>
        <time>2023-08-16T00:32:09Z</time>
      </trkpt>
      <trkpt lat="22.556789" lon="113.956336">
        <ele>12</ele>
        <time>2023-08-16T00:32:10Z</time>
      </trkpt>
      <trkpt lat="22.556785" lon="113.956281">
        <ele>12</ele>
        <time>2023-08-16T00:32:11Z</time>
      </trkpt>
      <trkpt lat="22.556778" lon="113.956218">
        <ele>12</ele>
        <time>2023-08-16T00:32:12Z</time>
      </trkpt>
      <trkpt lat="22.556772" lon="113.95616">
        <ele>12</ele>
        <time>2023-08-16T00:32:13Z</time>
      </trkpt>
      <trkpt lat="22.556768" lon="113.9561">
        <ele>12</ele>
        <time>2023-08-16T00:32:14Z</time>
      </trkpt>
      <trkpt lat="22.556766" lon="113.956045">
        <ele>12</ele>
        <time>2023-08-16T00:32:15Z</time>
      </trkpt>
      <trkpt lat="22.556765" lon="113.955992">
        <ele>12</ele>
        <time>2023-08-16T00:32:16Z</time>
      </trkpt>
      <trkpt lat="22.556763" lon="113.955931">
        <ele>12</ele>
        <time>2023-08-16T00:32:17Z</time>
      </trkpt>
      <trkpt lat="22.556761" lon="113.955878">
        <ele>12</ele>
        <time>2023-08-16T00:32:18Z</time>
      </trkpt>
      <trkpt lat="22.556757" lon="113.955815">
        <ele>12</ele>
        <time>2023-08-16T00:32:19Z</time>
      </trkpt>
      <trkpt lat="22.556753" lon="113.955755">
        <ele>12</ele>
        <time>2023-08-16T00:32:20Z</time>
      </trkpt>
      <trkpt lat="22.556747" lon="113.955695">
        <ele>12</ele>
        <time>2023-08-16T00:32:21Z</time>
      </trkpt>
      <trkpt lat="22.556743" lon="113.955633">
        <ele>12</ele>
        <time>2023-08-16T00:32:22Z</time>
      </trkpt>
      <trkpt lat="22.55674" lon="113.95558">
        <ele>12</ele>
        <time>2023-08-16T00:32:23Z</time>
      </trkpt>
      <trkpt lat="22.556738" lon="113.955528">
        <ele>12</ele>
        <time>2023-08-16T00:32:24Z</time>
      </trkpt>
      <trkpt lat="22.556738" lon="113.955466">
        <ele>12</ele>
        <time>2023-08-16T00:32:25Z</time>
      </trkpt>
      <trkpt lat="22.556736" lon="113.955412">
        <ele>12</ele>
        <time>2023-08-16T00:32:26Z</time>
      </trkpt>
      <trkpt lat="22.556732" lon="113.955358">
        <ele>12</ele>
        <time>2023-08-16T00:32:27Z</time>
      </trkpt>
      <trkpt lat="22.556732" lon="113.955314">
        <ele>12</ele>
        <time>2023-08-16T00:32:28Z</time>
      </trkpt>
      <trkpt lat="22.556732" lon="113.955268">
        <ele>12</ele>
        <time>2023-08-16T00:32:29Z</time>
      </trkpt>
      <trkpt lat="22.556732" lon="113.955222">
        <ele>12</ele>
        <time>2023-08-16T00:32:30Z</time>
      </trkpt>
      <trkpt lat="22.556734" lon="113.955183">
        <ele>12</ele>
        <time>2023-08-16T00:32:31Z</time>
      </trkpt>
      <trkpt lat="22.556738" lon="113.955137">
        <ele>12</ele>
        <time>2023-08-16T00:32:32Z</time>
      </trkpt>
      <trkpt lat="22.556746" lon="113.955084">
        <ele>12</ele>
        <time>2023-08-16T00:32:33Z</time>
      </trkpt>
      <trkpt lat="22.556761" lon="113.95504">
        <ele>12</ele>
        <time>2023-08-16T00:32:34Z</time>
      </trkpt>
      <trkpt lat="22.556779" lon="113.954993">
        <ele>12</ele>
        <time>2023-08-16T00:32:35Z</time>
      </trkpt>
      <trkpt lat="22.556803" lon="113.954939">
        <ele>12</ele>
        <time>2023-08-16T00:32:36Z</time>
      </trkpt>
      <trkpt lat="22.556846" lon="113.954888">
        <ele>12</ele>
        <time>2023-08-16T00:32:37Z</time>
      </trkpt>
      <trkpt lat="22.556885" lon="113.954841">
        <ele>12</ele>
        <time>2023-08-16T00:32:38Z</time>
      </trkpt>
      <trkpt lat="22.556918" lon="113.954794">
        <ele>12</ele>
        <time>2023-08-16T00:32:39Z</time>
      </trkpt>
      <trkpt lat="22.556951" lon="113.954757">
        <ele>12</ele>
        <time>2023-08-16T00:32:40Z</time>
      </trkpt>
      <trkpt lat="22.556987" lon="113.954711">
        <ele>12</ele>
        <time>2023-08-16T00:32:41Z</time>
      </trkpt>
      <trkpt lat="22.557023" lon="113.954671">
        <ele>12</ele>
        <time>2023-08-16T00:32:42Z</time>
      </trkpt>
      <trkpt lat="22.55706" lon="113.954634">
        <ele>12</ele>
        <time>2023-08-16T00:32:43Z</time>
      </trkpt>
      <trkpt lat="22.557092" lon="113.954596">
        <ele>12</ele>
        <time>2023-08-16T00:32:44Z</time>
      </trkpt>
      <trkpt lat="22.557128" lon="113.954558">
        <ele>12</ele>
        <time>2023-08-16T00:32:45Z</time>
      </trkpt>
      <trkpt lat="22.557166" lon="113.95452">
        <ele>11.9</ele>
        <time>2023-08-16T00:32:46Z</time>
      </trkpt>
      <trkpt lat="22.557202" lon="113.954482">
        <ele>11.9</ele>
        <time>2023-08-16T00:32:47Z</time>
      </trkpt>
      <trkpt lat="22.55724" lon="113.954444">
        <ele>11.9</ele>
        <time>2023-08-16T00:32:48Z</time>
      </trkpt>
      <trkpt lat="22.557267" lon="113.954405">
        <ele>11.9</ele>
        <time>2023-08-16T00:32:49Z</time>
      </trkpt>
      <trkpt lat="22.557293" lon="113.95436">
        <ele>11.9</ele>
        <time>2023-08-16T00:32:50Z</time>
      </trkpt>
      <trkpt lat="22.557311" lon="113.954321">
        <ele>11.9</ele>
        <time>2023-08-16T00:32:51Z</time>
      </trkpt>
      <trkpt lat="22.557322" lon="113.954283">
        <ele>11.9</ele>
        <time>2023-08-16T00:32:52Z</time>
      </trkpt>
      <trkpt lat="22.557331" lon="113.954246">
        <ele>11.9</ele>
        <time>2023-08-16T00:32:53Z</time>
      </trkpt>
      <trkpt lat="22.557337" lon="113.954208">
        <ele>11.9</ele>
        <time>2023-08-16T00:32:54Z</time>
      </trkpt>
      <trkpt lat="22.557339" lon="113.954169">
        <ele>11.9</ele>
        <time>2023-08-16T00:32:55Z</time>
      </trkpt>
      <trkpt lat="22.557337" lon="113.954131">
        <ele>11.9</ele>
        <time>2023-08-16T00:32:56Z</time>
      </trkpt>
      <trkpt lat="22.557335" lon="113.954077">
        <ele>11.9</ele>
        <time>2023-08-16T00:32:57Z</time>
      </trkpt>
      <trkpt lat="22.557333" lon="113.954031">
        <ele>11.9</ele>
        <time>2023-08-16T00:32:58Z</time>
      </trkpt>
      <trkpt lat="22.557333" lon="113.953994">
        <ele>11.9</ele>
        <time>2023-08-16T00:32:59Z</time>
      </trkpt>
      <trkpt lat="22.55735" lon="113.953835">
        <ele>11.9</ele>
        <time>2023-08-16T00:33:47Z</time>
      </trkpt>
      <trkpt lat="22.557308" lon="113.953827">
        <ele>11.9</ele>
        <time>2023-08-16T00:33:48Z</time>
      </trkpt>
      <trkpt lat="22.557265" lon="113.953819">
        <ele>11.9</ele>
        <time>2023-08-16T00:33:49Z</time>
      </trkpt>
      <trkpt lat="22.557231" lon="113.953819">
        <ele>11.9</ele>
        <time>2023-08-16T00:33:50Z</time>
      </trkpt>
      <trkpt lat="22.557193" lon="113.953812">
        <ele>11.9</ele>
        <time>2023-08-16T00:33:51Z</time>
      </trkpt>
      <trkpt lat="22.557131" lon="113.953819">
        <ele>11.9</ele>
        <time>2023-08-16T00:33:52Z</time>
      </trkpt>
      <trkpt lat="22.557053" lon="113.953827">
        <ele>11.9</ele>
        <time>2023-08-16T00:33:53Z</time>
      </trkpt>
      <trkpt lat="22.556995" lon="113.953827">
        <ele>11.9</ele>
        <time>2023-08-16T00:33:54Z</time>
      </trkpt>
      <trkpt lat="22.556939" lon="113.953827">
        <ele>11.8</ele>
        <time>2023-08-16T00:33:55Z</time>
      </trkpt>
      <trkpt lat="22.556893" lon="113.953835">
        <ele>11.8</ele>
        <time>2023-08-16T00:33:56Z</time>
      </trkpt>
      <trkpt lat="22.55684" lon="113.953835">
        <ele>11.8</ele>
        <time>2023-08-16T00:33:57Z</time>
      </trkpt>
      <trkpt lat="22.55679" lon="113.953835">
        <ele>11.8</ele>
        <time>2023-08-16T00:33:58Z</time>
      </trkpt>
      <trkpt lat="22.556735" lon="113.953835">
        <ele>11.8</ele>
        <time>2023-08-16T00:33:59Z</time>
      </trkpt>
      <trkpt lat="22.556681" lon="113.953835">
        <ele>11.8</ele>
        <time>2023-08-16T00:34:00Z</time>
      </trkpt>
      <trkpt lat="22.55664" lon="113.953834">
        <ele>11.8</ele>
        <time>2023-08-16T00:34:01Z</time>
      </trkpt>
      <trkpt lat="22.556601" lon="113.953819">
        <ele>11.8</ele>
        <time>2023-08-16T00:34:02Z</time>
      </trkpt>
      <trkpt lat="22.556557" lon="113.953804">
        <ele>11.8</ele>
        <time>2023-08-16T00:34:03Z</time>
      </trkpt>
      <trkpt lat="22.556511" lon="113.953789">
        <ele>11.8</ele>
        <time>2023-08-16T00:34:04Z</time>
      </trkpt>
      <trkpt lat="22.556473" lon="113.953773">
        <ele>11.8</ele>
        <time>2023-08-16T00:34:05Z</time>
      </trkpt>
      <trkpt lat="22.556436" lon="113.953758">
        <ele>11.8</ele>
        <time>2023-08-16T00:34:06Z</time>
      </trkpt>
      <trkpt lat="22.556398" lon="113.953743">
        <ele>11.8</ele>
        <time>2023-08-16T00:34:07Z</time>
      </trkpt>
      <trkpt lat="22.556368" lon="113.95372">
        <ele>11.8</ele>
        <time>2023-08-16T00:34:08Z</time>
      </trkpt>
      <trkpt lat="22.556336" lon="113.953709">
        <ele>11.8</ele>
        <time>2023-08-16T00:34:09Z</time>
      </trkpt>
      <trkpt lat="22.556304" lon="113.953698">
        <ele>11.8</ele>
        <time>2023-08-16T00:34:10Z</time>
      </trkpt>
      <trkpt lat="22.55626" lon="113.953682">
        <ele>11.8</ele>
        <time>2023-08-16T00:34:11Z</time>
      </trkpt>
      <trkpt lat="22.556184" lon="113.953683">
        <ele>11.8</ele>
        <time>2023-08-16T00:34:12Z</time>
      </trkpt>
      <trkpt lat="22.556096" lon="113.953704">
        <ele>11.8</ele>
        <time>2023-08-16T00:34:13Z</time>
      </trkpt>
      <trkpt lat="22.55595" lon="113.953712">
        <ele>11.7</ele>
        <time>2023-08-16T00:34:14Z</time>
      </trkpt>
      <trkpt lat="22.555895" lon="113.953771">
        <ele>11.7</ele>
        <time>2023-08-16T00:34:15Z</time>
      </trkpt>
      <trkpt lat="22.555823" lon="113.953804">
        <ele>11.7</ele>
        <time>2023-08-16T00:34:16Z</time>
      </trkpt>
      <trkpt lat="22.555763" lon="113.953812">
        <ele>11.7</ele>
        <time>2023-08-16T00:34:17Z</time>
      </trkpt>
      <trkpt lat="22.555706" lon="113.95382">
        <ele>11.7</ele>
        <time>2023-08-16T00:34:18Z</time>
      </trkpt>
      <trkpt lat="22.555659" lon="113.953835">
        <ele>11.7</ele>
        <time>2023-08-16T00:34:19Z</time>
      </trkpt>
      <trkpt lat="22.555609" lon="113.953858">
        <ele>11.7</ele>
        <time>2023-08-16T00:34:20Z</time>
      </trkpt>
      <trkpt lat="22.55556" lon="113.953873">
        <ele>11.7</ele>
        <time>2023-08-16T00:34:21Z</time>
      </trkpt>
      <trkpt lat="22.555507" lon="113.953893">
        <ele>11.7</ele>
        <time>2023-08-16T00:34:22Z</time>
      </trkpt>
      <trkpt lat="22.555454" lon="113.953911">
        <ele>11.7</ele>
        <time>2023-08-16T00:34:23Z</time>
      </trkpt>
      <trkpt lat="22.555401" lon="113.953919">
        <ele>11.7</ele>
        <time>2023-08-16T00:34:24Z</time>
      </trkpt>
      <trkpt lat="22.555341" lon="113.953942">
        <ele>11.7</ele>
        <time>2023-08-16T00:34:25Z</time>
      </trkpt>
      <trkpt lat="22.555286" lon="113.953964">
        <ele>11.7</ele>
        <time>2023-08-16T00:34:26Z</time>
      </trkpt>
      <trkpt lat="22.555227" lon="113.953987">
        <ele>11.7</ele>
        <time>2023-08-16T00:34:27Z</time>
      </trkpt>
      <trkpt lat="22.555163" lon="113.95401">
        <ele>11.7</ele>
        <time>2023-08-16T00:34:28Z</time>
      </trkpt>
      <trkpt lat="22.555086" lon="113.954041">
        <ele>11.6</ele>
        <time>2023-08-16T00:34:29Z</time>
      </trkpt>
      <trkpt lat="22.55501" lon="113.954072">
        <ele>11.6</ele>
        <time>2023-08-16T00:34:30Z</time>
      </trkpt>
      <trkpt lat="22.554952" lon="113.954087">
        <ele>11.6</ele>
        <time>2023-08-16T00:34:31Z</time>
      </trkpt>
      <trkpt lat="22.554895" lon="113.95411">
        <ele>11.6</ele>
        <time>2023-08-16T00:34:32Z</time>
      </trkpt>
      <trkpt lat="22.554839" lon="113.954125">
        <ele>11.6</ele>
        <time>2023-08-16T00:34:33Z</time>
      </trkpt>
      <trkpt lat="22.554781" lon="113.954148">
        <ele>11.6</ele>
        <time>2023-08-16T00:34:34Z</time>
      </trkpt>
      <trkpt lat="22.554726" lon="113.954171">
        <ele>11.6</ele>
        <time>2023-08-16T00:34:35Z</time>
      </trkpt>
      <trkpt lat="22.554673" lon="113.954195">
        <ele>11.6</ele>
        <time>2023-08-16T00:34:36Z</time>
      </trkpt>
      <trkpt lat="22.554617" lon="113.954239">
        <ele>11.6</ele>
        <time>2023-08-16T00:34:37Z</time>
      </trkpt>
      <trkpt lat="22.554561" lon="113.954286">
        <ele>11.6</ele>
        <time>2023-08-16T00:34:38Z</time>
      </trkpt>
      <trkpt lat="22.554504" lon="113.954316">
        <ele>11.6</ele>
        <time>2023-08-16T00:34:39Z</time>
      </trkpt>
      <trkpt lat="22.554449" lon="113.954344">
        <ele>11.6</ele>
        <time>2023-08-16T00:34:40Z</time>
      </trkpt>
      <trkpt lat="22.554395" lon="113.954371">
        <ele>11.6</ele>
        <time>2023-08-16T00:34:41Z</time>
      </trkpt>
      <trkpt lat="22.554345" lon="113.954401">
        <ele>11.6</ele>
        <time>2023-08-16T00:34:42Z</time>
      </trkpt>
      <trkpt lat="22.554297" lon="113.954438">
        <ele>11.6</ele>
        <time>2023-08-16T00:34:43Z</time>
      </trkpt>
      <trkpt lat="22.554248" lon="113.954477">
        <ele>11.6</ele>
        <time>2023-08-16T00:34:44Z</time>
      </trkpt>
      <trkpt lat="22.5542" lon="113.954522">
        <ele>11.6</ele>
        <time>2023-08-16T00:34:45Z</time>
      </trkpt>
      <trkpt lat="22.554153" lon="113.954569">
        <ele>11.6</ele>
        <time>2023-08-16T00:34:46Z</time>
      </trkpt>
      <trkpt lat="22.554108" lon="113.954614">
        <ele>11.6</ele>
        <time>2023-08-16T00:34:47Z</time>
      </trkpt>
      <trkpt lat="22.55406" lon="113.954652">
        <ele>11.6</ele>
        <time>2023-08-16T00:34:48Z</time>
      </trkpt>
      <trkpt lat="22.554013" lon="113.95469">
        <ele>11.6</ele>
        <time>2023-08-16T00:34:49Z</time>
      </trkpt>
      <trkpt lat="22.553968" lon="113.954728">
        <ele>11.6</ele>
        <time>2023-08-16T00:34:50Z</time>
      </trkpt>
      <trkpt lat="22.553925" lon="113.954767">
        <ele>11.6</ele>
        <time>2023-08-16T00:34:51Z</time>
      </trkpt>
      <trkpt lat="22.553881" lon="113.954813">
        <ele>11.6</ele>
        <time>2023-08-16T00:34:52Z</time>
      </trkpt>
      <trkpt lat="22.553838" lon="113.95486">
        <ele>11.6</ele>
        <time>2023-08-16T00:34:53Z</time>
      </trkpt>
      <trkpt lat="22.553794" lon="113.954904">
        <ele>11.6</ele>
        <time>2023-08-16T00:34:54Z</time>
      </trkpt>
      <trkpt lat="22.553743" lon="113.954942">
        <ele>11.6</ele>
        <time>2023-08-16T00:34:55Z</time>
      </trkpt>
      <trkpt lat="22.553694" lon="113.954988">
        <ele>11.6</ele>
        <time>2023-08-16T00:34:56Z</time>
      </trkpt>
      <trkpt lat="22.553644" lon="113.95503">
        <ele>11.6</ele>
        <time>2023-08-16T00:34:57Z</time>
      </trkpt>
      <trkpt lat="22.553594" lon="113.955073">
        <ele>11.6</ele>
        <time>2023-08-16T00:34:58Z</time>
      </trkpt>
      <trkpt lat="22.553548" lon="113.955117">
        <ele>11.6</ele>
        <time>2023-08-16T00:34:59Z</time>
      </trkpt>
      <trkpt lat="22.553508" lon="113.955163">
        <ele>11.5</ele>
        <time>2023-08-16T00:35:00Z</time>
      </trkpt>
      <trkpt lat="22.553465" lon="113.955201">
        <ele>11.5</ele>
        <time>2023-08-16T00:35:01Z</time>
      </trkpt>
      <trkpt lat="22.553418" lon="113.955247">
        <ele>11.5</ele>
        <time>2023-08-16T00:35:02Z</time>
      </trkpt>
      <trkpt lat="22.553366" lon="113.955285">
        <ele>11.5</ele>
        <time>2023-08-16T00:35:03Z</time>
      </trkpt>
      <trkpt lat="22.553315" lon="113.955331">
        <ele>11.5</ele>
        <time>2023-08-16T00:35:04Z</time>
      </trkpt>
      <trkpt lat="22.553263" lon="113.955378">
        <ele>11.5</ele>
        <time>2023-08-16T00:35:05Z</time>
      </trkpt>
      <trkpt lat="22.553211" lon="113.955424">
        <ele>11.5</ele>
        <time>2023-08-16T00:35:06Z</time>
      </trkpt>
      <trkpt lat="22.55316" lon="113.955466">
        <ele>11.5</ele>
        <time>2023-08-16T00:35:07Z</time>
      </trkpt>
      <trkpt lat="22.553109" lon="113.955508">
        <ele>11.5</ele>
        <time>2023-08-16T00:35:08Z</time>
      </trkpt>
      <trkpt lat="22.553059" lon="113.955546">
        <ele>11.5</ele>
        <time>2023-08-16T00:35:09Z</time>
      </trkpt>
      <trkpt lat="22.553008" lon="113.955585">
        <ele>11.5</ele>
        <time>2023-08-16T00:35:10Z</time>
      </trkpt>
      <trkpt lat="22.552958" lon="113.95563">
        <ele>11.5</ele>
        <time>2023-08-16T00:35:11Z</time>
      </trkpt>
      <trkpt lat="22.552908" lon="113.955667">
        <ele>11.5</ele>
        <time>2023-08-16T00:35:12Z</time>
      </trkpt>
      <trkpt lat="22.552859" lon="113.955712">
        <ele>11.5</ele>
        <time>2023-08-16T00:35:13Z</time>
      </trkpt>
      <trkpt lat="22.552808" lon="113.95575">
        <ele>11.5</ele>
        <time>2023-08-16T00:35:14Z</time>
      </trkpt>
      <trkpt lat="22.552756" lon="113.955781">
        <ele>11.5</ele>
        <time>2023-08-16T00:35:15Z</time>
      </trkpt>
      <trkpt lat="22.552702" lon="113.95582">
        <ele>11.5</ele>
        <time>2023-08-16T00:35:16Z</time>
      </trkpt>
      <trkpt lat="22.552648" lon="113.955858">
        <ele>11.5</ele>
        <time>2023-08-16T00:35:17Z</time>
      </trkpt>
      <trkpt lat="22.552596" lon="113.955896">
        <ele>11.5</ele>
        <time>2023-08-16T00:35:18Z</time>
      </trkpt>
      <trkpt lat="22.552545" lon="113.955931">
        <ele>11.5</ele>
        <time>2023-08-16T00:35:19Z</time>
      </trkpt>
      <trkpt lat="22.552493" lon="113.955965">
        <ele>11.5</ele>
        <time>2023-08-16T00:35:20Z</time>
      </trkpt>
      <trkpt lat="22.552434" lon="113.955992">
        <ele>11.5</ele>
        <time>2023-08-16T00:35:21Z</time>
      </trkpt>
      <trkpt lat="22.552377" lon="113.956018">
        <ele>11.5</ele>
        <time>2023-08-16T00:35:22Z</time>
      </trkpt>
      <trkpt lat="22.552329" lon="113.956048">
        <ele>11.5</ele>
        <time>2023-08-16T00:35:23Z</time>
      </trkpt>
      <trkpt lat="22.552279" lon="113.956071">
        <ele>11.5</ele>
        <time>2023-08-16T00:35:24Z</time>
      </trkpt>
      <trkpt lat="22.552236" lon="113.956101">
        <ele>11.4</ele>
        <time>2023-08-16T00:35:25Z</time>
      </trkpt>
      <trkpt lat="22.552193" lon="113.956124">
        <ele>11.4</ele>
        <time>2023-08-16T00:35:26Z</time>
      </trkpt>
      <trkpt lat="22.552149" lon="113.956147">
        <ele>11.4</ele>
        <time>2023-08-16T00:35:27Z</time>
      </trkpt>
      <trkpt lat="22.5521" lon="113.95617">
        <ele>11.4</ele>
        <time>2023-08-16T00:35:28Z</time>
      </trkpt>
      <trkpt lat="22.552044" lon="113.956193">
        <ele>11.4</ele>
        <time>2023-08-16T00:35:29Z</time>
      </trkpt>
      <trkpt lat="22.551987" lon="113.956217">
        <ele>11.4</ele>
        <time>2023-08-16T00:35:30Z</time>
      </trkpt>
      <trkpt lat="22.551935" lon="113.956246">
        <ele>11.4</ele>
        <time>2023-08-16T00:35:31Z</time>
      </trkpt>
      <trkpt lat="22.55188" lon="113.956265">
        <ele>11.4</ele>
        <time>2023-08-16T00:35:32Z</time>
      </trkpt>
      <trkpt lat="22.551824" lon="113.956285">
        <ele>11.4</ele>
        <time>2023-08-16T00:35:33Z</time>
      </trkpt>
      <trkpt lat="22.551768" lon="113.956307">
        <ele>11.4</ele>
        <time>2023-08-16T00:35:34Z</time>
      </trkpt>
      <trkpt lat="22.551715" lon="113.956322">
        <ele>11.4</ele>
        <time>2023-08-16T00:35:35Z</time>
      </trkpt>
      <trkpt lat="22.551661" lon="113.956345">
        <ele>11.4</ele>
        <time>2023-08-16T00:35:36Z</time>
      </trkpt>
      <trkpt lat="22.551606" lon="113.956361">
        <ele>11.4</ele>
        <time>2023-08-16T00:35:37Z</time>
      </trkpt>
      <trkpt lat="22.55155" lon="113.956376">
        <ele>11.4</ele>
        <time>2023-08-16T00:35:38Z</time>
      </trkpt>
      <trkpt lat="22.551495" lon="113.956395">
        <ele>11.4</ele>
        <time>2023-08-16T00:35:39Z</time>
      </trkpt>
      <trkpt lat="22.551439" lon="113.956414">
        <ele>11.4</ele>
        <time>2023-08-16T00:35:40Z</time>
      </trkpt>
      <trkpt lat="22.551388" lon="113.956429">
        <ele>11.4</ele>
        <time>2023-08-16T00:35:41Z</time>
      </trkpt>
      <trkpt lat="22.551331" lon="113.956444">
        <ele>11.4</ele>
        <time>2023-08-16T00:35:42Z</time>
      </trkpt>
      <trkpt lat="22.551273" lon="113.956459">
        <ele>11.4</ele>
        <time>2023-08-16T00:35:43Z</time>
      </trkpt>
      <trkpt lat="22.551218" lon="113.956471">
        <ele>11.4</ele>
        <time>2023-08-16T00:35:44Z</time>
      </trkpt>
      <trkpt lat="22.551163" lon="113.956482">
        <ele>11.4</ele>
        <time>2023-08-16T00:35:45Z</time>
      </trkpt>
      <trkpt lat="22.551102" lon="113.956497">
        <ele>11.4</ele>
        <time>2023-08-16T00:35:46Z</time>
      </trkpt>
      <trkpt lat="22.551044" lon="113.956505">
        <ele>11.4</ele>
        <time>2023-08-16T00:35:47Z</time>
      </trkpt>
      <trkpt lat="22.550985" lon="113.956513">
        <ele>11.4</ele>
        <time>2023-08-16T00:35:48Z</time>
      </trkpt>
      <trkpt lat="22.550929" lon="113.956528">
        <ele>11.4</ele>
        <time>2023-08-16T00:35:49Z</time>
      </trkpt>
      <trkpt lat="22.550869" lon="113.956536">
        <ele>11.4</ele>
        <time>2023-08-16T00:35:50Z</time>
      </trkpt>
      <trkpt lat="22.550809" lon="113.956543">
        <ele>11.4</ele>
        <time>2023-08-16T00:35:51Z</time>
      </trkpt>
      <trkpt lat="22.550755" lon="113.956551">
        <ele>11.4</ele>
        <time>2023-08-16T00:35:52Z</time>
      </trkpt>
      <trkpt lat="22.550697" lon="113.956559">
        <ele>11.4</ele>
        <time>2023-08-16T00:35:53Z</time>
      </trkpt>
      <trkpt lat="22.550639" lon="113.956566">
        <ele>11.4</ele>
        <time>2023-08-16T00:35:54Z</time>
      </trkpt>
      <trkpt lat="22.550582" lon="113.956566">
        <ele>11.4</ele>
        <time>2023-08-16T00:35:55Z</time>
      </trkpt>
      <trkpt lat="22.55052" lon="113.956574">
        <ele>11.4</ele>
        <time>2023-08-16T00:35:56Z</time>
      </trkpt>
      <trkpt lat="22.550458" lon="113.956581">
        <ele>11.4</ele>
        <time>2023-08-16T00:35:57Z</time>
      </trkpt>
      <trkpt lat="22.550395" lon="113.956589">
        <ele>11.4</ele>
        <time>2023-08-16T00:35:58Z</time>
      </trkpt>
      <trkpt lat="22.550335" lon="113.956589">
        <ele>11.4</ele>
        <time>2023-08-16T00:35:59Z</time>
      </trkpt>
      <trkpt lat="22.550273" lon="113.956596">
        <ele>11.4</ele>
        <time>2023-08-16T00:36:00Z</time>
      </trkpt>
      <trkpt lat="22.550215" lon="113.956596">
        <ele>11.4</ele>
        <time>2023-08-16T00:36:01Z</time>
      </trkpt>
      <trkpt lat="22.550155" lon="113.956596">
        <ele>11.4</ele>
        <time>2023-08-16T00:36:02Z</time>
      </trkpt>
      <trkpt lat="22.550095" lon="113.956596">
        <ele>11.4</ele>
        <time>2023-08-16T00:36:03Z</time>
      </trkpt>
      <trkpt lat="22.550035" lon="113.956596">
        <ele>11.4</ele>
        <time>2023-08-16T00:36:04Z</time>
      </trkpt>
      <trkpt lat="22.549974" lon="113.956596">
        <ele>11.4</ele>
        <time>2023-08-16T00:36:05Z</time>
      </trkpt>
      <trkpt lat="22.549912" lon="113.956596">
        <ele>11.4</ele>
        <time>2023-08-16T00:36:06Z</time>
      </trkpt>
      <trkpt lat="22.549848" lon="113.956596">
        <ele>11.4</ele>
        <time>2023-08-16T00:36:07Z</time>
      </trkpt>
      <trkpt lat="22.54979" lon="113.956589">
        <ele>11.4</ele>
        <time>2023-08-16T00:36:08Z</time>
      </trkpt>
      <trkpt lat="22.549729" lon="113.956588">
        <ele>11.4</ele>
        <time>2023-08-16T00:36:09Z</time>
      </trkpt>
      <trkpt lat="22.549669" lon="113.956581">
        <ele>11.4</ele>
        <time>2023-08-16T00:36:10Z</time>
      </trkpt>
      <trkpt lat="22.549611" lon="113.956573">
        <ele>11.4</ele>
        <time>2023-08-16T00:36:11Z</time>
      </trkpt>
      <trkpt lat="22.549551" lon="113.956566">
        <ele>11.4</ele>
        <time>2023-08-16T00:36:12Z</time>
      </trkpt>
      <trkpt lat="22.549492" lon="113.956558">
        <ele>11.5</ele>
        <time>2023-08-16T00:36:13Z</time>
      </trkpt>
      <trkpt lat="22.549431" lon="113.956558">
        <ele>11.5</ele>
        <time>2023-08-16T00:36:14Z</time>
      </trkpt>
      <trkpt lat="22.54937" lon="113.956551">
        <ele>11.5</ele>
        <time>2023-08-16T00:36:15Z</time>
      </trkpt>
      <trkpt lat="22.549309" lon="113.95655">
        <ele>11.5</ele>
        <time>2023-08-16T00:36:16Z</time>
      </trkpt>
      <trkpt lat="22.549252" lon="113.956543">
        <ele>11.5</ele>
        <time>2023-08-16T00:36:17Z</time>
      </trkpt>
      <trkpt lat="22.549197" lon="113.956535">
        <ele>11.5</ele>
        <time>2023-08-16T00:36:18Z</time>
      </trkpt>
      <trkpt lat="22.549136" lon="113.95652">
        <ele>11.5</ele>
        <time>2023-08-16T00:36:19Z</time>
      </trkpt>
      <trkpt lat="22.549077" lon="113.956504">
        <ele>11.5</ele>
        <time>2023-08-16T00:36:20Z</time>
      </trkpt>
      <trkpt lat="22.549019" lon="113.956482">
        <ele>11.5</ele>
        <time>2023-08-16T00:36:21Z</time>
      </trkpt>
      <trkpt lat="22.548961" lon="113.956466">
        <ele>11.5</ele>
        <time>2023-08-16T00:36:22Z</time>
      </trkpt>
      <trkpt lat="22.548903" lon="113.956451">
        <ele>11.5</ele>
        <time>2023-08-16T00:36:23Z</time>
      </trkpt>
      <trkpt lat="22.548844" lon="113.956436">
        <ele>11.5</ele>
        <time>2023-08-16T00:36:24Z</time>
      </trkpt>
      <trkpt lat="22.548787" lon="113.95642">
        <ele>11.5</ele>
        <time>2023-08-16T00:36:25Z</time>
      </trkpt>
      <trkpt lat="22.548733" lon="113.956398">
        <ele>11.5</ele>
        <time>2023-08-16T00:36:26Z</time>
      </trkpt>
      <trkpt lat="22.54868" lon="113.95639">
        <ele>11.5</ele>
        <time>2023-08-16T00:36:27Z</time>
      </trkpt>
      <trkpt lat="22.54863" lon="113.956382">
        <ele>11.5</ele>
        <time>2023-08-16T00:36:28Z</time>
      </trkpt>
      <trkpt lat="22.548569" lon="113.956367">
        <ele>11.5</ele>
        <time>2023-08-16T00:36:29Z</time>
      </trkpt>
      <trkpt lat="22.54851" lon="113.956344">
        <ele>11.5</ele>
        <time>2023-08-16T00:36:30Z</time>
      </trkpt>
      <trkpt lat="22.548458" lon="113.956329">
        <ele>11.5</ele>
        <time>2023-08-16T00:36:31Z</time>
      </trkpt>
      <trkpt lat="22.548409" lon="113.956314">
        <ele>11.5</ele>
        <time>2023-08-16T00:36:32Z</time>
      </trkpt>
      <trkpt lat="22.548354" lon="113.956306">
        <ele>11.5</ele>
        <time>2023-08-16T00:36:33Z</time>
      </trkpt>
      <trkpt lat="22.548296" lon="113.956289">
        <ele>11.5</ele>
        <time>2023-08-16T00:36:34Z</time>
      </trkpt>
      <trkpt lat="22.548247" lon="113.956268">
        <ele>11.5</ele>
        <time>2023-08-16T00:36:35Z</time>
      </trkpt>
      <trkpt lat="22.54819" lon="113.956251">
        <ele>11.5</ele>
        <time>2023-08-16T00:36:36Z</time>
      </trkpt>
      <trkpt lat="22.548135" lon="113.956229">
        <ele>11.5</ele>
        <time>2023-08-16T00:36:37Z</time>
      </trkpt>
      <trkpt lat="22.548085" lon="113.956215">
        <ele>11.5</ele>
        <time>2023-08-16T00:36:38Z</time>
      </trkpt>
      <trkpt lat="22.548023" lon="113.956199">
        <ele>11.6</ele>
        <time>2023-08-16T00:36:39Z</time>
      </trkpt>
      <trkpt lat="22.547962" lon="113.956176">
        <ele>11.5</ele>
        <time>2023-08-16T00:36:40Z</time>
      </trkpt>
      <trkpt lat="22.547901" lon="113.956168">
        <ele>11.5</ele>
        <time>2023-08-16T00:36:41Z</time>
      </trkpt>
      <trkpt lat="22.547845" lon="113.956153">
        <ele>11.5</ele>
        <time>2023-08-16T00:36:42Z</time>
      </trkpt>
      <trkpt lat="22.547787" lon="113.956131">
        <ele>11.5</ele>
        <time>2023-08-16T00:36:43Z</time>
      </trkpt>
      <trkpt lat="22.547733" lon="113.956115">
        <ele>11.5</ele>
        <time>2023-08-16T00:36:44Z</time>
      </trkpt>
      <trkpt lat="22.547673" lon="113.9561">
        <ele>11.5</ele>
        <time>2023-08-16T00:36:45Z</time>
      </trkpt>
      <trkpt lat="22.547614" lon="113.956084">
        <ele>11.5</ele>
        <time>2023-08-16T00:36:46Z</time>
      </trkpt>
      <trkpt lat="22.547551" lon="113.956062">
        <ele>11.5</ele>
        <time>2023-08-16T00:36:47Z</time>
      </trkpt>
      <trkpt lat="22.547489" lon="113.956054">
        <ele>11.4</ele>
        <time>2023-08-16T00:36:48Z</time>
      </trkpt>
      <trkpt lat="22.547428" lon="113.956039">
        <ele>11.4</ele>
        <time>2023-08-16T00:36:49Z</time>
      </trkpt>
      <trkpt lat="22.54737" lon="113.956016">
        <ele>11.4</ele>
        <time>2023-08-16T00:36:50Z</time>
      </trkpt>
      <trkpt lat="22.547314" lon="113.956001">
        <ele>11.4</ele>
        <time>2023-08-16T00:36:51Z</time>
      </trkpt>
      <trkpt lat="22.547253" lon="113.955978">
        <ele>11.4</ele>
        <time>2023-08-16T00:36:52Z</time>
      </trkpt>
      <trkpt lat="22.547197" lon="113.955955">
        <ele>11.4</ele>
        <time>2023-08-16T00:36:53Z</time>
      </trkpt>
      <trkpt lat="22.547139" lon="113.95594">
        <ele>11.4</ele>
        <time>2023-08-16T00:36:54Z</time>
      </trkpt>
      <trkpt lat="22.547066" lon="113.955917">
        <ele>11.4</ele>
        <time>2023-08-16T00:36:55Z</time>
      </trkpt>
      <trkpt lat="22.547011" lon="113.955909">
        <ele>11.4</ele>
        <time>2023-08-16T00:36:56Z</time>
      </trkpt>
      <trkpt lat="22.546955" lon="113.955893">
        <ele>11.3</ele>
        <time>2023-08-16T00:36:57Z</time>
      </trkpt>
      <trkpt lat="22.546897" lon="113.95587">
        <ele>11.3</ele>
        <time>2023-08-16T00:36:58Z</time>
      </trkpt>
      <trkpt lat="22.546841" lon="113.955856">
        <ele>11.3</ele>
        <time>2023-08-16T00:36:59Z</time>
      </trkpt>
      <trkpt lat="22.546781" lon="113.95584">
        <ele>11.3</ele>
        <time>2023-08-16T00:37:00Z</time>
      </trkpt>
      <trkpt lat="22.546725" lon="113.955826">
        <ele>11.3</ele>
        <time>2023-08-16T00:37:01Z</time>
      </trkpt>
      <trkpt lat="22.546665" lon="113.95581">
        <ele>11.3</ele>
        <time>2023-08-16T00:37:02Z</time>
      </trkpt>
      <trkpt lat="22.546615" lon="113.955795">
        <ele>11.3</ele>
        <time>2023-08-16T00:37:03Z</time>
      </trkpt>
      <trkpt lat="22.546556" lon="113.955779">
        <ele>11.3</ele>
        <time>2023-08-16T00:37:04Z</time>
      </trkpt>
      <trkpt lat="22.546499" lon="113.955764">
        <ele>11.3</ele>
        <time>2023-08-16T00:37:05Z</time>
      </trkpt>
      <trkpt lat="22.546442" lon="113.955741">
        <ele>11.2</ele>
        <time>2023-08-16T00:37:06Z</time>
      </trkpt>
      <trkpt lat="22.546383" lon="113.955726">
        <ele>11.2</ele>
        <time>2023-08-16T00:37:07Z</time>
      </trkpt>
      <trkpt lat="22.546327" lon="113.955704">
        <ele>11.2</ele>
        <time>2023-08-16T00:37:08Z</time>
      </trkpt>
      <trkpt lat="22.546267" lon="113.955688">
        <ele>11.2</ele>
        <time>2023-08-16T00:37:09Z</time>
      </trkpt>
      <trkpt lat="22.546207" lon="113.955666">
        <ele>11.2</ele>
        <time>2023-08-16T00:37:10Z</time>
      </trkpt>
      <trkpt lat="22.546148" lon="113.95565">
        <ele>11.2</ele>
        <time>2023-08-16T00:37:11Z</time>
      </trkpt>
      <trkpt lat="22.546084" lon="113.955634">
        <ele>11.2</ele>
        <time>2023-08-16T00:37:12Z</time>
      </trkpt>
      <trkpt lat="22.546024" lon="113.955619">
        <ele>11.2</ele>
        <time>2023-08-16T00:37:13Z</time>
      </trkpt>
      <trkpt lat="22.545968" lon="113.955604">
        <ele>11.2</ele>
        <time>2023-08-16T00:37:14Z</time>
      </trkpt>
      <trkpt lat="22.545912" lon="113.955589">
        <ele>11.1</ele>
        <time>2023-08-16T00:37:15Z</time>
      </trkpt>
      <trkpt lat="22.545858" lon="113.955566">
        <ele>11.1</ele>
        <time>2023-08-16T00:37:16Z</time>
      </trkpt>
      <trkpt lat="22.545796" lon="113.955551">
        <ele>11.1</ele>
        <time>2023-08-16T00:37:17Z</time>
      </trkpt>
      <trkpt lat="22.545735" lon="113.955536">
        <ele>11.1</ele>
        <time>2023-08-16T00:37:18Z</time>
      </trkpt>
      <trkpt lat="22.545669" lon="113.955528">
        <ele>11.1</ele>
        <time>2023-08-16T00:37:19Z</time>
      </trkpt>
      <trkpt lat="22.545607" lon="113.955513">
        <ele>11.1</ele>
        <time>2023-08-16T00:37:20Z</time>
      </trkpt>
      <trkpt lat="22.545546" lon="113.955489">
        <ele>11.1</ele>
        <time>2023-08-16T00:37:21Z</time>
      </trkpt>
      <trkpt lat="22.545491" lon="113.955466">
        <ele>11.1</ele>
        <time>2023-08-16T00:37:22Z</time>
      </trkpt>
      <trkpt lat="22.545435" lon="113.955451">
        <ele>11.1</ele>
        <time>2023-08-16T00:37:23Z</time>
      </trkpt>
      <trkpt lat="22.545381" lon="113.955437">
        <ele>11.1</ele>
        <time>2023-08-16T00:37:24Z</time>
      </trkpt>
      <trkpt lat="22.545325" lon="113.955421">
        <ele>11</ele>
        <time>2023-08-16T00:37:25Z</time>
      </trkpt>
      <trkpt lat="22.545264" lon="113.955414">
        <ele>11</ele>
        <time>2023-08-16T00:37:26Z</time>
      </trkpt>
      <trkpt lat="22.545206" lon="113.955406">
        <ele>11</ele>
        <time>2023-08-16T00:37:27Z</time>
      </trkpt>
      <trkpt lat="22.545144" lon="113.955398">
        <ele>11</ele>
        <time>2023-08-16T00:37:28Z</time>
      </trkpt>
      <trkpt lat="22.545084" lon="113.955383">
        <ele>11</ele>
        <time>2023-08-16T00:37:29Z</time>
      </trkpt>
      <trkpt lat="22.545028" lon="113.955375">
        <ele>11</ele>
        <time>2023-08-16T00:37:30Z</time>
      </trkpt>
      <trkpt lat="22.544973" lon="113.95536">
        <ele>11</ele>
        <time>2023-08-16T00:37:31Z</time>
      </trkpt>
      <trkpt lat="22.544918" lon="113.955352">
        <ele>11</ele>
        <time>2023-08-16T00:37:32Z</time>
      </trkpt>
      <trkpt lat="22.544859" lon="113.955337">
        <ele>11</ele>
        <time>2023-08-16T00:37:33Z</time>
      </trkpt>
      <trkpt lat="22.544799" lon="113.95533">
        <ele>11</ele>
        <time>2023-08-16T00:37:34Z</time>
      </trkpt>
      <trkpt lat="22.544742" lon="113.955322">
        <ele>10.9</ele>
        <time>2023-08-16T00:37:35Z</time>
      </trkpt>
      <trkpt lat="22.544677" lon="113.955315">
        <ele>10.9</ele>
        <time>2023-08-16T00:37:36Z</time>
      </trkpt>
      <trkpt lat="22.544602" lon="113.955315">
        <ele>10.9</ele>
        <time>2023-08-16T00:37:37Z</time>
      </trkpt>
      <trkpt lat="22.544541" lon="113.955322">
        <ele>10.9</ele>
        <time>2023-08-16T00:37:38Z</time>
      </trkpt>
      <trkpt lat="22.544488" lon="113.95533">
        <ele>10.9</ele>
        <time>2023-08-16T00:37:39Z</time>
      </trkpt>
      <trkpt lat="22.544425" lon="113.955322">
        <ele>10.8</ele>
        <time>2023-08-16T00:37:40Z</time>
      </trkpt>
      <trkpt lat="22.544364" lon="113.955315">
        <ele>10.7</ele>
        <time>2023-08-16T00:37:41Z</time>
      </trkpt>
      <trkpt lat="22.54432" lon="113.955314">
        <ele>10.7</ele>
        <time>2023-08-16T00:37:42Z</time>
      </trkpt>
      <trkpt lat="22.544267" lon="113.955307">
        <ele>10.6</ele>
        <time>2023-08-16T00:37:43Z</time>
      </trkpt>
      <trkpt lat="22.544219" lon="113.955299">
        <ele>10.6</ele>
        <time>2023-08-16T00:37:44Z</time>
      </trkpt>
      <trkpt lat="22.544167" lon="113.955292">
        <ele>10.5</ele>
        <time>2023-08-16T00:37:45Z</time>
      </trkpt>
      <trkpt lat="22.544104" lon="113.955284">
        <ele>10.4</ele>
        <time>2023-08-16T00:37:46Z</time>
      </trkpt>
      <trkpt lat="22.544049" lon="113.955276">
        <ele>10.4</ele>
        <time>2023-08-16T00:37:47Z</time>
      </trkpt>
      <trkpt lat="22.543998" lon="113.955269">
        <ele>10.3</ele>
        <time>2023-08-16T00:37:48Z</time>
      </trkpt>
      <trkpt lat="22.54395" lon="113.955261">
        <ele>10.2</ele>
        <time>2023-08-16T00:37:49Z</time>
      </trkpt>
      <trkpt lat="22.543906" lon="113.955253">
        <ele>10.2</ele>
        <time>2023-08-16T00:37:50Z</time>
      </trkpt>
      <trkpt lat="22.543871" lon="113.955238">
        <ele>10.2</ele>
        <time>2023-08-16T00:37:51Z</time>
      </trkpt>
      <trkpt lat="22.543842" lon="113.955231">
        <ele>10.1</ele>
        <time>2023-08-16T00:37:52Z</time>
      </trkpt>
      <trkpt lat="22.543815" lon="113.955215">
        <ele>10.1</ele>
        <time>2023-08-16T00:37:53Z</time>
      </trkpt>
      <trkpt lat="22.543792" lon="113.955192">
        <ele>10</ele>
        <time>2023-08-16T00:37:54Z</time>
      </trkpt>
      <trkpt lat="22.543764" lon="113.955169">
        <ele>10</ele>
        <time>2023-08-16T00:37:55Z</time>
      </trkpt>
      <trkpt lat="22.543729" lon="113.955154">
        <ele>10</ele>
        <time>2023-08-16T00:37:56Z</time>
      </trkpt>
      <trkpt lat="22.543683" lon="113.955139">
        <ele>9.9</ele>
        <time>2023-08-16T00:37:57Z</time>
      </trkpt>
      <trkpt lat="22.543638" lon="113.955132">
        <ele>9.9</ele>
        <time>2023-08-16T00:37:58Z</time>
      </trkpt>
      <trkpt lat="22.543565" lon="113.955131">
        <ele>9.8</ele>
        <time>2023-08-16T00:37:59Z</time>
      </trkpt>
      <trkpt lat="22.54347" lon="113.955131">
        <ele>9.7</ele>
        <time>2023-08-16T00:38:00Z</time>
      </trkpt>
      <trkpt lat="22.543403" lon="113.955131">
        <ele>9.6</ele>
        <time>2023-08-16T00:38:01Z</time>
      </trkpt>
      <trkpt lat="22.543351" lon="113.955124">
        <ele>9.5</ele>
        <time>2023-08-16T00:38:02Z</time>
      </trkpt>
      <trkpt lat="22.543293" lon="113.955131">
        <ele>9.5</ele>
        <time>2023-08-16T00:38:03Z</time>
      </trkpt>
      <trkpt lat="22.543236" lon="113.955131">
        <ele>9.4</ele>
        <time>2023-08-16T00:38:04Z</time>
      </trkpt>
      <trkpt lat="22.543171" lon="113.955132">
        <ele>9.3</ele>
        <time>2023-08-16T00:38:05Z</time>
      </trkpt>
      <trkpt lat="22.543114" lon="113.955139">
        <ele>9.3</ele>
        <time>2023-08-16T00:38:06Z</time>
      </trkpt>
      <trkpt lat="22.543057" lon="113.955163">
        <ele>9.2</ele>
        <time>2023-08-16T00:38:07Z</time>
      </trkpt>
      <trkpt lat="22.543019" lon="113.955185">
        <ele>9.2</ele>
        <time>2023-08-16T00:38:08Z</time>
      </trkpt>
      <trkpt lat="22.542982" lon="113.955201">
        <ele>9.1</ele>
        <time>2023-08-16T00:38:09Z</time>
      </trkpt>
      <trkpt lat="22.542956" lon="113.955231">
        <ele>9.1</ele>
        <time>2023-08-16T00:38:10Z</time>
      </trkpt>
      <trkpt lat="22.542918" lon="113.95523">
        <ele>9</ele>
        <time>2023-08-16T00:38:11Z</time>
      </trkpt>
      <trkpt lat="22.542878" lon="113.955223">
        <ele>9</ele>
        <time>2023-08-16T00:38:12Z</time>
      </trkpt>
      <trkpt lat="22.54284" lon="113.9552">
        <ele>8.9</ele>
        <time>2023-08-16T00:38:13Z</time>
      </trkpt>
      <trkpt lat="22.542802" lon="113.955177">
        <ele>8.9</ele>
        <time>2023-08-16T00:38:14Z</time>
      </trkpt>
      <trkpt lat="22.542761" lon="113.955162">
        <ele>8.9</ele>
        <time>2023-08-16T00:38:15Z</time>
      </trkpt>
      <trkpt lat="22.542717" lon="113.955146">
        <ele>8.9</ele>
        <time>2023-08-16T00:38:16Z</time>
      </trkpt>
      <trkpt lat="22.54267" lon="113.955131">
        <ele>8.9</ele>
        <time>2023-08-16T00:38:17Z</time>
      </trkpt>
      <trkpt lat="22.542621" lon="113.955124">
        <ele>8.9</ele>
        <time>2023-08-16T00:38:18Z</time>
      </trkpt>
      <trkpt lat="22.542574" lon="113.955124">
        <ele>8.9</ele>
        <time>2023-08-16T00:38:19Z</time>
      </trkpt>
      <trkpt lat="22.542523" lon="113.955124">
        <ele>8.9</ele>
        <time>2023-08-16T00:38:20Z</time>
      </trkpt>
      <trkpt lat="22.542472" lon="113.955116">
        <ele>8.9</ele>
        <time>2023-08-16T00:38:21Z</time>
      </trkpt>
      <trkpt lat="22.542421" lon="113.955116">
        <ele>8.9</ele>
        <time>2023-08-16T00:38:22Z</time>
      </trkpt>
      <trkpt lat="22.542369" lon="113.955108">
        <ele>8.9</ele>
        <time>2023-08-16T00:38:23Z</time>
      </trkpt>
      <trkpt lat="22.542317" lon="113.955101">
        <ele>8.9</ele>
        <time>2023-08-16T00:38:24Z</time>
      </trkpt>
      <trkpt lat="22.542263" lon="113.955093">
        <ele>8.9</ele>
        <time>2023-08-16T00:38:25Z</time>
      </trkpt>
      <trkpt lat="22.542213" lon="113.955086">
        <ele>8.9</ele>
        <time>2023-08-16T00:38:26Z</time>
      </trkpt>
      <trkpt lat="22.54216" lon="113.955078">
        <ele>8.9</ele>
        <time>2023-08-16T00:38:27Z</time>
      </trkpt>
      <trkpt lat="22.54211" lon="113.95507">
        <ele>8.9</ele>
        <time>2023-08-16T00:38:28Z</time>
      </trkpt>
      <trkpt lat="22.542058" lon="113.955063">
        <ele>8.9</ele>
        <time>2023-08-16T00:38:29Z</time>
      </trkpt>
      <trkpt lat="22.542005" lon="113.955055">
        <ele>9</ele>
        <time>2023-08-16T00:38:30Z</time>
      </trkpt>
      <trkpt lat="22.541957" lon="113.955047">
        <ele>9</ele>
        <time>2023-08-16T00:38:31Z</time>
      </trkpt>
      <trkpt lat="22.541906" lon="113.955032">
        <ele>9</ele>
        <time>2023-08-16T00:38:32Z</time>
      </trkpt>
      <trkpt lat="22.541858" lon="113.955024">
        <ele>9</ele>
        <time>2023-08-16T00:38:33Z</time>
      </trkpt>
      <trkpt lat="22.541814" lon="113.955009">
        <ele>9</ele>
        <time>2023-08-16T00:38:34Z</time>
      </trkpt>
      <trkpt lat="22.541768" lon="113.955002">
        <ele>9</ele>
        <time>2023-08-16T00:38:35Z</time>
      </trkpt>
      <trkpt lat="22.541726" lon="113.954994">
        <ele>9</ele>
        <time>2023-08-16T00:38:36Z</time>
      </trkpt>
      <trkpt lat="22.541678" lon="113.954979">
        <ele>9</ele>
        <time>2023-08-16T00:38:37Z</time>
      </trkpt>
      <trkpt lat="22.541632" lon="113.954963">
        <ele>9</ele>
        <time>2023-08-16T00:38:38Z</time>
      </trkpt>
      <trkpt lat="22.541587" lon="113.954948">
        <ele>9</ele>
        <time>2023-08-16T00:38:39Z</time>
      </trkpt>
      <trkpt lat="22.541538" lon="113.954932">
        <ele>9</ele>
        <time>2023-08-16T00:38:40Z</time>
      </trkpt>
      <trkpt lat="22.541491" lon="113.954917">
        <ele>9</ele>
        <time>2023-08-16T00:38:41Z</time>
      </trkpt>
      <trkpt lat="22.541443" lon="113.954894">
        <ele>9</ele>
        <time>2023-08-16T00:38:42Z</time>
      </trkpt>
      <trkpt lat="22.541397" lon="113.954879">
        <ele>9</ele>
        <time>2023-08-16T00:38:43Z</time>
      </trkpt>
      <trkpt lat="22.541348" lon="113.954864">
        <ele>9</ele>
        <time>2023-08-16T00:38:44Z</time>
      </trkpt>
      <trkpt lat="22.541295" lon="113.954856">
        <ele>9</ele>
        <time>2023-08-16T00:38:45Z</time>
      </trkpt>
      <trkpt lat="22.541245" lon="113.954841">
        <ele>9</ele>
        <time>2023-08-16T00:38:46Z</time>
      </trkpt>
      <trkpt lat="22.541193" lon="113.954826">
        <ele>9</ele>
        <time>2023-08-16T00:38:47Z</time>
      </trkpt>
      <trkpt lat="22.541142" lon="113.954803">
        <ele>9</ele>
        <time>2023-08-16T00:38:48Z</time>
      </trkpt>
      <trkpt lat="22.541094" lon="113.95478">
        <ele>9</ele>
        <time>2023-08-16T00:38:49Z</time>
      </trkpt>
      <trkpt lat="22.541044" lon="113.954756">
        <ele>9</ele>
        <time>2023-08-16T00:38:50Z</time>
      </trkpt>
      <trkpt lat="22.540997" lon="113.954734">
        <ele>9</ele>
        <time>2023-08-16T00:38:51Z</time>
      </trkpt>
      <trkpt lat="22.54095" lon="113.954711">
        <ele>9</ele>
        <time>2023-08-16T00:38:52Z</time>
      </trkpt>
      <trkpt lat="22.5409" lon="113.954689">
        <ele>9</ele>
        <time>2023-08-16T00:38:53Z</time>
      </trkpt>
      <trkpt lat="22.540851" lon="113.954666">
        <ele>9</ele>
        <time>2023-08-16T00:38:54Z</time>
      </trkpt>
      <trkpt lat="22.540801" lon="113.954635">
        <ele>9</ele>
        <time>2023-08-16T00:38:55Z</time>
      </trkpt>
      <trkpt lat="22.540754" lon="113.954612">
        <ele>9</ele>
        <time>2023-08-16T00:38:56Z</time>
      </trkpt>
      <trkpt lat="22.540706" lon="113.954582">
        <ele>9</ele>
        <time>2023-08-16T00:38:57Z</time>
      </trkpt>
      <trkpt lat="22.540659" lon="113.954558">
        <ele>9</ele>
        <time>2023-08-16T00:38:58Z</time>
      </trkpt>
      <trkpt lat="22.540608" lon="113.954528">
        <ele>9</ele>
        <time>2023-08-16T00:38:59Z</time>
      </trkpt>
      <trkpt lat="22.540562" lon="113.954505">
        <ele>9</ele>
        <time>2023-08-16T00:39:00Z</time>
      </trkpt>
      <trkpt lat="22.540514" lon="113.954475">
        <ele>9</ele>
        <time>2023-08-16T00:39:01Z</time>
      </trkpt>
      <trkpt lat="22.540466" lon="113.954452">
        <ele>9</ele>
        <time>2023-08-16T00:39:02Z</time>
      </trkpt>
      <trkpt lat="22.540418" lon="113.954428">
        <ele>9</ele>
        <time>2023-08-16T00:39:03Z</time>
      </trkpt>
      <trkpt lat="22.540368" lon="113.954399">
        <ele>9</ele>
        <time>2023-08-16T00:39:04Z</time>
      </trkpt>
      <trkpt lat="22.540318" lon="113.954375">
        <ele>9</ele>
        <time>2023-08-16T00:39:05Z</time>
      </trkpt>
      <trkpt lat="22.540277" lon="113.954345">
        <ele>9</ele>
        <time>2023-08-16T00:39:06Z</time>
      </trkpt>
      <trkpt lat="22.540227" lon="113.954322">
        <ele>9</ele>
        <time>2023-08-16T00:39:07Z</time>
      </trkpt>
      <trkpt lat="22.540179" lon="113.954292">
        <ele>9</ele>
        <time>2023-08-16T00:39:08Z</time>
      </trkpt>
      <trkpt lat="22.540131" lon="113.954269">
        <ele>9</ele>
        <time>2023-08-16T00:39:09Z</time>
      </trkpt>
      <trkpt lat="22.540084" lon="113.954238">
        <ele>9</ele>
        <time>2023-08-16T00:39:10Z</time>
      </trkpt>
      <trkpt lat="22.540037" lon="113.954208">
        <ele>9</ele>
        <time>2023-08-16T00:39:11Z</time>
      </trkpt>
      <trkpt lat="22.539986" lon="113.954177">
        <ele>9</ele>
        <time>2023-08-16T00:39:12Z</time>
      </trkpt>
      <trkpt lat="22.539923" lon="113.954139">
        <ele>9</ele>
        <time>2023-08-16T00:39:13Z</time>
      </trkpt>
      <trkpt lat="22.53987" lon="113.954109">
        <ele>8.9</ele>
        <time>2023-08-16T00:39:14Z</time>
      </trkpt>
      <trkpt lat="22.539822" lon="113.954086">
        <ele>8.9</ele>
        <time>2023-08-16T00:39:15Z</time>
      </trkpt>
      <trkpt lat="22.539775" lon="113.954063">
        <ele>8.9</ele>
        <time>2023-08-16T00:39:16Z</time>
      </trkpt>
      <trkpt lat="22.539723" lon="113.954032">
        <ele>8.9</ele>
        <time>2023-08-16T00:39:17Z</time>
      </trkpt>
      <trkpt lat="22.539679" lon="113.954009">
        <ele>8.9</ele>
        <time>2023-08-16T00:39:18Z</time>
      </trkpt>
      <trkpt lat="22.539631" lon="113.953978">
        <ele>8.9</ele>
        <time>2023-08-16T00:39:19Z</time>
      </trkpt>
      <trkpt lat="22.539583" lon="113.953948">
        <ele>8.9</ele>
        <time>2023-08-16T00:39:20Z</time>
      </trkpt>
      <trkpt lat="22.539532" lon="113.953918">
        <ele>8.9</ele>
        <time>2023-08-16T00:39:21Z</time>
      </trkpt>
      <trkpt lat="22.539486" lon="113.953895">
        <ele>8.9</ele>
        <time>2023-08-16T00:39:22Z</time>
      </trkpt>
      <trkpt lat="22.539438" lon="113.953872">
        <ele>8.9</ele>
        <time>2023-08-16T00:39:23Z</time>
      </trkpt>
      <trkpt lat="22.539391" lon="113.953849">
        <ele>8.9</ele>
        <time>2023-08-16T00:39:24Z</time>
      </trkpt>
      <trkpt lat="22.539339" lon="113.953818">
        <ele>8.9</ele>
        <time>2023-08-16T00:39:25Z</time>
      </trkpt>
      <trkpt lat="22.539289" lon="113.953789">
        <ele>8.9</ele>
        <time>2023-08-16T00:39:26Z</time>
      </trkpt>
      <trkpt lat="22.539237" lon="113.953758">
        <ele>8.9</ele>
        <time>2023-08-16T00:39:27Z</time>
      </trkpt>
      <trkpt lat="22.539189" lon="113.953727">
        <ele>8.9</ele>
        <time>2023-08-16T00:39:28Z</time>
      </trkpt>
      <trkpt lat="22.539145" lon="113.953696">
        <ele>8.9</ele>
        <time>2023-08-16T00:39:29Z</time>
      </trkpt>
      <trkpt lat="22.539105" lon="113.953674">
        <ele>8.9</ele>
        <time>2023-08-16T00:39:30Z</time>
      </trkpt>
      <trkpt lat="22.539065" lon="113.953651">
        <ele>8.9</ele>
        <time>2023-08-16T00:39:31Z</time>
      </trkpt>
      <trkpt lat="22.539033" lon="113.95362">
        <ele>8.9</ele>
        <time>2023-08-16T00:39:32Z</time>
      </trkpt>
      <trkpt lat="22.539006" lon="113.953597">
        <ele>8.9</ele>
        <time>2023-08-16T00:39:33Z</time>
      </trkpt>
      <trkpt lat="22.538978" lon="113.953575">
        <ele>8.9</ele>
        <time>2023-08-16T00:39:34Z</time>
      </trkpt>
      <trkpt lat="22.538941" lon="113.953552">
        <ele>8.9</ele>
        <time>2023-08-16T00:39:35Z</time>
      </trkpt>
      <trkpt lat="22.538904" lon="113.953522">
        <ele>8.9</ele>
        <time>2023-08-16T00:39:36Z</time>
      </trkpt>
      <trkpt lat="22.538859" lon="113.953498">
        <ele>8.9</ele>
        <time>2023-08-16T00:39:37Z</time>
      </trkpt>
      <trkpt lat="22.538808" lon="113.953475">
        <ele>8.9</ele>
        <time>2023-08-16T00:39:38Z</time>
      </trkpt>
      <trkpt lat="22.538758" lon="113.953453">
        <ele>8.9</ele>
        <time>2023-08-16T00:39:39Z</time>
      </trkpt>
      <trkpt lat="22.53871" lon="113.953437">
        <ele>8.9</ele>
        <time>2023-08-16T00:39:40Z</time>
      </trkpt>
      <trkpt lat="22.538662" lon="113.953422">
        <ele>8.9</ele>
        <time>2023-08-16T00:39:41Z</time>
      </trkpt>
      <trkpt lat="22.53861" lon="113.953407">
        <ele>8.9</ele>
        <time>2023-08-16T00:39:42Z</time>
      </trkpt>
      <trkpt lat="22.538564" lon="113.953392">
        <ele>8.9</ele>
        <time>2023-08-16T00:39:43Z</time>
      </trkpt>
      <trkpt lat="22.538514" lon="113.953368">
        <ele>8.9</ele>
        <time>2023-08-16T00:39:44Z</time>
      </trkpt>
      <trkpt lat="22.538464" lon="113.953344">
        <ele>8.9</ele>
        <time>2023-08-16T00:39:45Z</time>
      </trkpt>
      <trkpt lat="22.538416" lon="113.953313">
        <ele>8.9</ele>
        <time>2023-08-16T00:39:46Z</time>
      </trkpt>
      <trkpt lat="22.53837" lon="113.953284">
        <ele>8.8</ele>
        <time>2023-08-16T00:39:47Z</time>
      </trkpt>
      <trkpt lat="22.538317" lon="113.953253">
        <ele>8.8</ele>
        <time>2023-08-16T00:39:48Z</time>
      </trkpt>
      <trkpt lat="22.538266" lon="113.953216">
        <ele>8.8</ele>
        <time>2023-08-16T00:39:49Z</time>
      </trkpt>
      <trkpt lat="22.538218" lon="113.953185">
        <ele>8.8</ele>
        <time>2023-08-16T00:39:50Z</time>
      </trkpt>
      <trkpt lat="22.538169" lon="113.953147">
        <ele>8.8</ele>
        <time>2023-08-16T00:39:51Z</time>
      </trkpt>
      <trkpt lat="22.538118" lon="113.953117">
        <ele>8.8</ele>
        <time>2023-08-16T00:39:52Z</time>
      </trkpt>
      <trkpt lat="22.538066" lon="113.953086">
        <ele>8.8</ele>
        <time>2023-08-16T00:39:53Z</time>
      </trkpt>
      <trkpt lat="22.538016" lon="113.953064">
        <ele>8.8</ele>
        <time>2023-08-16T00:39:54Z</time>
      </trkpt>
      <trkpt lat="22.537963" lon="113.95304">
        <ele>8.8</ele>
        <time>2023-08-16T00:39:55Z</time>
      </trkpt>
      <trkpt lat="22.53791" lon="113.95301">
        <ele>8.8</ele>
        <time>2023-08-16T00:39:56Z</time>
      </trkpt>
      <trkpt lat="22.537854" lon="113.952979">
        <ele>8.8</ele>
        <time>2023-08-16T00:39:57Z</time>
      </trkpt>
      <trkpt lat="22.537803" lon="113.952948">
        <ele>8.8</ele>
        <time>2023-08-16T00:39:58Z</time>
      </trkpt>
      <trkpt lat="22.537751" lon="113.952918">
        <ele>8.8</ele>
        <time>2023-08-16T00:39:59Z</time>
      </trkpt>
      <trkpt lat="22.537697" lon="113.952888">
        <ele>8.8</ele>
        <time>2023-08-16T00:40:00Z</time>
      </trkpt>
      <trkpt lat="22.537645" lon="113.952858">
        <ele>8.8</ele>
        <time>2023-08-16T00:40:01Z</time>
      </trkpt>
      <trkpt lat="22.537598" lon="113.952827">
        <ele>8.8</ele>
        <time>2023-08-16T00:40:02Z</time>
      </trkpt>
      <trkpt lat="22.537548" lon="113.952803">
        <ele>8.8</ele>
        <time>2023-08-16T00:40:03Z</time>
      </trkpt>
      <trkpt lat="22.537501" lon="113.952773">
        <ele>8.8</ele>
        <time>2023-08-16T00:40:04Z</time>
      </trkpt>
      <trkpt lat="22.537451" lon="113.952743">
        <ele>8.8</ele>
        <time>2023-08-16T00:40:05Z</time>
      </trkpt>
      <trkpt lat="22.537404" lon="113.95272">
        <ele>8.8</ele>
        <time>2023-08-16T00:40:06Z</time>
      </trkpt>
      <trkpt lat="22.537353" lon="113.952681">
        <ele>8.7</ele>
        <time>2023-08-16T00:40:07Z</time>
      </trkpt>
      <trkpt lat="22.5373" lon="113.952643">
        <ele>8.7</ele>
        <time>2023-08-16T00:40:08Z</time>
      </trkpt>
      <trkpt lat="22.537249" lon="113.952613">
        <ele>8.7</ele>
        <time>2023-08-16T00:40:09Z</time>
      </trkpt>
      <trkpt lat="22.5372" lon="113.952582">
        <ele>8.7</ele>
        <time>2023-08-16T00:40:10Z</time>
      </trkpt>
      <trkpt lat="22.537153" lon="113.952552">
        <ele>8.7</ele>
        <time>2023-08-16T00:40:11Z</time>
      </trkpt>
      <trkpt lat="22.537099" lon="113.952513">
        <ele>8.7</ele>
        <time>2023-08-16T00:40:12Z</time>
      </trkpt>
      <trkpt lat="22.537051" lon="113.952483">
        <ele>8.7</ele>
        <time>2023-08-16T00:40:13Z</time>
      </trkpt>
      <trkpt lat="22.537003" lon="113.952452">
        <ele>8.7</ele>
        <time>2023-08-16T00:40:14Z</time>
      </trkpt>
      <trkpt lat="22.536954" lon="113.952422">
        <ele>8.7</ele>
        <time>2023-08-16T00:40:15Z</time>
      </trkpt>
      <trkpt lat="22.536903" lon="113.952392">
        <ele>8.7</ele>
        <time>2023-08-16T00:40:16Z</time>
      </trkpt>
      <trkpt lat="22.536856" lon="113.952369">
        <ele>8.7</ele>
        <time>2023-08-16T00:40:17Z</time>
      </trkpt>
      <trkpt lat="22.536813" lon="113.952339">
        <ele>8.7</ele>
        <time>2023-08-16T00:40:18Z</time>
      </trkpt>
      <trkpt lat="22.536771" lon="113.9523">
        <ele>8.7</ele>
        <time>2023-08-16T00:40:19Z</time>
      </trkpt>
      <trkpt lat="22.53673" lon="113.952261">
        <ele>8.7</ele>
        <time>2023-08-16T00:40:20Z</time>
      </trkpt>
      <trkpt lat="22.536687" lon="113.952224">
        <ele>8.6</ele>
        <time>2023-08-16T00:40:21Z</time>
      </trkpt>
      <trkpt lat="22.536644" lon="113.952185">
        <ele>8.6</ele>
        <time>2023-08-16T00:40:22Z</time>
      </trkpt>
      <trkpt lat="22.536595" lon="113.952155">
        <ele>8.6</ele>
        <time>2023-08-16T00:40:23Z</time>
      </trkpt>
      <trkpt lat="22.536543" lon="113.952126">
        <ele>8.6</ele>
        <time>2023-08-16T00:40:24Z</time>
      </trkpt>
      <trkpt lat="22.536491" lon="113.952102">
        <ele>8.6</ele>
        <time>2023-08-16T00:40:25Z</time>
      </trkpt>
      <trkpt lat="22.536444" lon="113.952072">
        <ele>8.6</ele>
        <time>2023-08-16T00:40:26Z</time>
      </trkpt>
      <trkpt lat="22.536394" lon="113.952056">
        <ele>8.6</ele>
        <time>2023-08-16T00:40:27Z</time>
      </trkpt>
      <trkpt lat="22.536345" lon="113.952041">
        <ele>8.6</ele>
        <time>2023-08-16T00:40:28Z</time>
      </trkpt>
      <trkpt lat="22.536295" lon="113.95201">
        <ele>8.6</ele>
        <time>2023-08-16T00:40:29Z</time>
      </trkpt>
      <trkpt lat="22.536244" lon="113.951978">
        <ele>8.6</ele>
        <time>2023-08-16T00:40:30Z</time>
      </trkpt>
      <trkpt lat="22.5362" lon="113.951948">
        <ele>8.7</ele>
        <time>2023-08-16T00:40:31Z</time>
      </trkpt>
      <trkpt lat="22.536157" lon="113.951911">
        <ele>8.7</ele>
        <time>2023-08-16T00:40:32Z</time>
      </trkpt>
      <trkpt lat="22.536116" lon="113.95188">
        <ele>8.7</ele>
        <time>2023-08-16T00:40:33Z</time>
      </trkpt>
      <trkpt lat="22.53607" lon="113.95185">
        <ele>8.7</ele>
        <time>2023-08-16T00:40:34Z</time>
      </trkpt>
      <trkpt lat="22.536025" lon="113.951828">
        <ele>8.7</ele>
        <time>2023-08-16T00:40:35Z</time>
      </trkpt>
      <trkpt lat="22.535972" lon="113.951804">
        <ele>8.8</ele>
        <time>2023-08-16T00:40:36Z</time>
      </trkpt>
      <trkpt lat="22.535919" lon="113.951774">
        <ele>8.8</ele>
        <time>2023-08-16T00:40:37Z</time>
      </trkpt>
      <trkpt lat="22.535873" lon="113.951742">
        <ele>8.8</ele>
        <time>2023-08-16T00:40:38Z</time>
      </trkpt>
      <trkpt lat="22.535832" lon="113.951714">
        <ele>8.8</ele>
        <time>2023-08-16T00:40:39Z</time>
      </trkpt>
      <trkpt lat="22.535784" lon="113.951691">
        <ele>8.9</ele>
        <time>2023-08-16T00:40:40Z</time>
      </trkpt>
      <trkpt lat="22.535741" lon="113.951661">
        <ele>8.9</ele>
        <time>2023-08-16T00:40:41Z</time>
      </trkpt>
      <trkpt lat="22.535689" lon="113.951626">
        <ele>8.9</ele>
        <time>2023-08-16T00:40:42Z</time>
      </trkpt>
      <trkpt lat="22.535638" lon="113.951592">
        <ele>8.9</ele>
        <time>2023-08-16T00:40:43Z</time>
      </trkpt>
      <trkpt lat="22.535578" lon="113.951562">
        <ele>9</ele>
        <time>2023-08-16T00:40:44Z</time>
      </trkpt>
      <trkpt lat="22.535492" lon="113.951515">
        <ele>9</ele>
        <time>2023-08-16T00:40:45Z</time>
      </trkpt>
      <trkpt lat="22.535417" lon="113.951469">
        <ele>9</ele>
        <time>2023-08-16T00:40:46Z</time>
      </trkpt>
      <trkpt lat="22.535382" lon="113.951447">
        <ele>9</ele>
        <time>2023-08-16T00:40:47Z</time>
      </trkpt>
      <trkpt lat="22.535333" lon="113.951424">
        <ele>9.1</ele>
        <time>2023-08-16T00:40:48Z</time>
      </trkpt>
      <trkpt lat="22.53528" lon="113.951409">
        <ele>9.1</ele>
        <time>2023-08-16T00:40:49Z</time>
      </trkpt>
      <trkpt lat="22.535228" lon="113.951386">
        <ele>9.1</ele>
        <time>2023-08-16T00:40:50Z</time>
      </trkpt>
      <trkpt lat="22.535176" lon="113.951362">
        <ele>9.1</ele>
        <time>2023-08-16T00:40:51Z</time>
      </trkpt>
      <trkpt lat="22.535123" lon="113.951339">
        <ele>9.2</ele>
        <time>2023-08-16T00:40:52Z</time>
      </trkpt>
      <trkpt lat="22.535068" lon="113.951324">
        <ele>9.2</ele>
        <time>2023-08-16T00:40:53Z</time>
      </trkpt>
      <trkpt lat="22.535017" lon="113.951309">
        <ele>9.2</ele>
        <time>2023-08-16T00:40:54Z</time>
      </trkpt>
      <trkpt lat="22.534964" lon="113.951302">
        <ele>9.2</ele>
        <time>2023-08-16T00:40:55Z</time>
      </trkpt>
      <trkpt lat="22.534913" lon="113.951302">
        <ele>9.2</ele>
        <time>2023-08-16T00:40:56Z</time>
      </trkpt>
      <trkpt lat="22.534865" lon="113.951309">
        <ele>9.3</ele>
        <time>2023-08-16T00:40:57Z</time>
      </trkpt>
      <trkpt lat="22.534819" lon="113.951309">
        <ele>9.3</ele>
        <time>2023-08-16T00:40:58Z</time>
      </trkpt>
      <trkpt lat="22.534773" lon="113.95131">
        <ele>9.3</ele>
        <time>2023-08-16T00:40:59Z</time>
      </trkpt>
      <trkpt lat="22.534731" lon="113.951317">
        <ele>9.3</ele>
        <time>2023-08-16T00:41:00Z</time>
      </trkpt>
      <trkpt lat="22.534692" lon="113.951324">
        <ele>9.3</ele>
        <time>2023-08-16T00:41:01Z</time>
      </trkpt>
      <trkpt lat="22.534652" lon="113.951317">
        <ele>9.4</ele>
        <time>2023-08-16T00:41:02Z</time>
      </trkpt>
      <trkpt lat="22.534611" lon="113.951301">
        <ele>9.4</ele>
        <time>2023-08-16T00:41:03Z</time>
      </trkpt>
      <trkpt lat="22.534567" lon="113.951278">
        <ele>9.4</ele>
        <time>2023-08-16T00:41:04Z</time>
      </trkpt>
      <trkpt lat="22.534525" lon="113.951255">
        <ele>9.4</ele>
        <time>2023-08-16T00:41:05Z</time>
      </trkpt>
      <trkpt lat="22.53448" lon="113.95124">
        <ele>9.4</ele>
        <time>2023-08-16T00:41:06Z</time>
      </trkpt>
      <trkpt lat="22.534436" lon="113.951233">
        <ele>9.4</ele>
        <time>2023-08-16T00:41:07Z</time>
      </trkpt>
      <trkpt lat="22.534385" lon="113.951225">
        <ele>9.4</ele>
        <time>2023-08-16T00:41:08Z</time>
      </trkpt>
      <trkpt lat="22.534331" lon="113.951225">
        <ele>9.4</ele>
        <time>2023-08-16T00:41:09Z</time>
      </trkpt>
      <trkpt lat="22.534281" lon="113.951225">
        <ele>9.4</ele>
        <time>2023-08-16T00:41:10Z</time>
      </trkpt>
      <trkpt lat="22.534232" lon="113.951225">
        <ele>9.4</ele>
        <time>2023-08-16T00:41:11Z</time>
      </trkpt>
      <trkpt lat="22.534184" lon="113.951225">
        <ele>9.4</ele>
        <time>2023-08-16T00:41:12Z</time>
      </trkpt>
      <trkpt lat="22.534136" lon="113.951225">
        <ele>9.4</ele>
        <time>2023-08-16T00:41:13Z</time>
      </trkpt>
      <trkpt lat="22.53409" lon="113.951225">
        <ele>9.4</ele>
        <time>2023-08-16T00:41:14Z</time>
      </trkpt>
      <trkpt lat="22.53404" lon="113.951225">
        <ele>9.4</ele>
        <time>2023-08-16T00:41:15Z</time>
      </trkpt>
      <trkpt lat="22.533988" lon="113.951225">
        <ele>9.4</ele>
        <time>2023-08-16T00:41:16Z</time>
      </trkpt>
      <trkpt lat="22.533939" lon="113.951225">
        <ele>9.5</ele>
        <time>2023-08-16T00:41:17Z</time>
      </trkpt>
      <trkpt lat="22.533892" lon="113.951225">
        <ele>9.5</ele>
        <time>2023-08-16T00:41:18Z</time>
      </trkpt>
      <trkpt lat="22.533841" lon="113.951225">
        <ele>9.5</ele>
        <time>2023-08-16T00:41:19Z</time>
      </trkpt>
      <trkpt lat="22.533793" lon="113.951218">
        <ele>9.5</ele>
        <time>2023-08-16T00:41:20Z</time>
      </trkpt>
      <trkpt lat="22.533741" lon="113.951218">
        <ele>9.5</ele>
        <time>2023-08-16T00:41:21Z</time>
      </trkpt>
      <trkpt lat="22.533693" lon="113.951225">
        <ele>9.5</ele>
        <time>2023-08-16T00:41:22Z</time>
      </trkpt>
      <trkpt lat="22.53364" lon="113.951218">
        <ele>9.5</ele>
        <time>2023-08-16T00:41:23Z</time>
      </trkpt>
      <trkpt lat="22.533593" lon="113.951225">
        <ele>9.5</ele>
        <time>2023-08-16T00:41:24Z</time>
      </trkpt>
      <trkpt lat="22.533544" lon="113.951225">
        <ele>9.5</ele>
        <time>2023-08-16T00:41:25Z</time>
      </trkpt>
      <trkpt lat="22.533497" lon="113.951218">
        <ele>9.5</ele>
        <time>2023-08-16T00:41:26Z</time>
      </trkpt>
      <trkpt lat="22.533447" lon="113.951217">
        <ele>9.5</ele>
        <time>2023-08-16T00:41:27Z</time>
      </trkpt>
      <trkpt lat="22.533396" lon="113.95121">
        <ele>9.5</ele>
        <time>2023-08-16T00:41:28Z</time>
      </trkpt>
      <trkpt lat="22.533346" lon="113.95121">
        <ele>9.5</ele>
        <time>2023-08-16T00:41:29Z</time>
      </trkpt>
      <trkpt lat="22.533295" lon="113.95121">
        <ele>9.5</ele>
        <time>2023-08-16T00:41:30Z</time>
      </trkpt>
      <trkpt lat="22.533246" lon="113.951202">
        <ele>9.6</ele>
        <time>2023-08-16T00:41:31Z</time>
      </trkpt>
      <trkpt lat="22.533195" lon="113.951202">
        <ele>9.6</ele>
        <time>2023-08-16T00:41:32Z</time>
      </trkpt>
      <trkpt lat="22.533144" lon="113.951195">
        <ele>9.6</ele>
        <time>2023-08-16T00:41:33Z</time>
      </trkpt>
      <trkpt lat="22.533093" lon="113.951187">
        <ele>9.6</ele>
        <time>2023-08-16T00:41:34Z</time>
      </trkpt>
      <trkpt lat="22.533041" lon="113.951187">
        <ele>9.6</ele>
        <time>2023-08-16T00:41:35Z</time>
      </trkpt>
      <trkpt lat="22.532991" lon="113.951187">
        <ele>9.6</ele>
        <time>2023-08-16T00:41:36Z</time>
      </trkpt>
      <trkpt lat="22.532941" lon="113.951187">
        <ele>9.6</ele>
        <time>2023-08-16T00:41:37Z</time>
      </trkpt>
      <trkpt lat="22.532887" lon="113.951187">
        <ele>9.6</ele>
        <time>2023-08-16T00:41:38Z</time>
      </trkpt>
      <trkpt lat="22.532832" lon="113.95118">
        <ele>9.6</ele>
        <time>2023-08-16T00:41:39Z</time>
      </trkpt>
      <trkpt lat="22.532781" lon="113.951179">
        <ele>9.6</ele>
        <time>2023-08-16T00:41:40Z</time>
      </trkpt>
      <trkpt lat="22.532728" lon="113.951172">
        <ele>9.6</ele>
        <time>2023-08-16T00:41:41Z</time>
      </trkpt>
      <trkpt lat="22.532676" lon="113.951164">
        <ele>9.6</ele>
        <time>2023-08-16T00:41:42Z</time>
      </trkpt>
      <trkpt lat="22.532622" lon="113.951164">
        <ele>9.6</ele>
        <time>2023-08-16T00:41:43Z</time>
      </trkpt>
      <trkpt lat="22.532573" lon="113.951157">
        <ele>9.5</ele>
        <time>2023-08-16T00:41:44Z</time>
      </trkpt>
      <trkpt lat="22.532519" lon="113.951156">
        <ele>9.5</ele>
        <time>2023-08-16T00:41:45Z</time>
      </trkpt>
      <trkpt lat="22.532467" lon="113.951149">
        <ele>9.5</ele>
        <time>2023-08-16T00:41:46Z</time>
      </trkpt>
      <trkpt lat="22.532417" lon="113.951149">
        <ele>9.5</ele>
        <time>2023-08-16T00:41:47Z</time>
      </trkpt>
      <trkpt lat="22.532367" lon="113.951149">
        <ele>9.5</ele>
        <time>2023-08-16T00:41:48Z</time>
      </trkpt>
      <trkpt lat="22.532314" lon="113.951149">
        <ele>9.5</ele>
        <time>2023-08-16T00:41:49Z</time>
      </trkpt>
      <trkpt lat="22.532266" lon="113.951141">
        <ele>9.5</ele>
        <time>2023-08-16T00:41:50Z</time>
      </trkpt>
      <trkpt lat="22.532214" lon="113.951141">
        <ele>9.5</ele>
        <time>2023-08-16T00:41:51Z</time>
      </trkpt>
      <trkpt lat="22.532161" lon="113.951141">
        <ele>9.5</ele>
        <time>2023-08-16T00:41:52Z</time>
      </trkpt>
      <trkpt lat="22.532111" lon="113.951134">
        <ele>9.5</ele>
        <time>2023-08-16T00:41:53Z</time>
      </trkpt>
      <trkpt lat="22.532062" lon="113.951134">
        <ele>9.5</ele>
        <time>2023-08-16T00:41:54Z</time>
      </trkpt>
      <trkpt lat="22.532008" lon="113.951133">
        <ele>9.5</ele>
        <time>2023-08-16T00:41:55Z</time>
      </trkpt>
      <trkpt lat="22.531956" lon="113.951126">
        <ele>9.4</ele>
        <time>2023-08-16T00:41:56Z</time>
      </trkpt>
      <trkpt lat="22.531904" lon="113.951126">
        <ele>9.4</ele>
        <time>2023-08-16T00:41:57Z</time>
      </trkpt>
      <trkpt lat="22.531851" lon="113.951126">
        <ele>9.4</ele>
        <time>2023-08-16T00:41:58Z</time>
      </trkpt>
      <trkpt lat="22.5318" lon="113.951118">
        <ele>9.4</ele>
        <time>2023-08-16T00:41:59Z</time>
      </trkpt>
      <trkpt lat="22.531747" lon="113.951118">
        <ele>9.4</ele>
        <time>2023-08-16T00:42:00Z</time>
      </trkpt>
      <trkpt lat="22.531693" lon="113.951118">
        <ele>9.4</ele>
        <time>2023-08-16T00:42:01Z</time>
      </trkpt>
      <trkpt lat="22.53164" lon="113.951111">
        <ele>9.4</ele>
        <time>2023-08-16T00:42:02Z</time>
      </trkpt>
      <trkpt lat="22.531584" lon="113.951103">
        <ele>9.4</ele>
        <time>2023-08-16T00:42:03Z</time>
      </trkpt>
      <trkpt lat="22.531526" lon="113.951103">
        <ele>9.4</ele>
        <time>2023-08-16T00:42:04Z</time>
      </trkpt>
      <trkpt lat="22.531466" lon="113.951103">
        <ele>9.4</ele>
        <time>2023-08-16T00:42:05Z</time>
      </trkpt>
      <trkpt lat="22.531412" lon="113.951096">
        <ele>9.3</ele>
        <time>2023-08-16T00:42:06Z</time>
      </trkpt>
      <trkpt lat="22.531356" lon="113.951095">
        <ele>9.3</ele>
        <time>2023-08-16T00:42:07Z</time>
      </trkpt>
      <trkpt lat="22.531306" lon="113.951088">
        <ele>9.3</ele>
        <time>2023-08-16T00:42:08Z</time>
      </trkpt>
      <trkpt lat="22.531251" lon="113.951087">
        <ele>9.3</ele>
        <time>2023-08-16T00:42:09Z</time>
      </trkpt>
      <trkpt lat="22.531199" lon="113.95108">
        <ele>9.3</ele>
        <time>2023-08-16T00:42:10Z</time>
      </trkpt>
      <trkpt lat="22.531148" lon="113.95108">
        <ele>9.3</ele>
        <time>2023-08-16T00:42:11Z</time>
      </trkpt>
      <trkpt lat="22.531096" lon="113.95108">
        <ele>9.3</ele>
        <time>2023-08-16T00:42:12Z</time>
      </trkpt>
      <trkpt lat="22.531045" lon="113.95108">
        <ele>9.3</ele>
        <time>2023-08-16T00:42:13Z</time>
      </trkpt>
      <trkpt lat="22.530991" lon="113.951072">
        <ele>9.3</ele>
        <time>2023-08-16T00:42:14Z</time>
      </trkpt>
      <trkpt lat="22.530935" lon="113.951065">
        <ele>9.3</ele>
        <time>2023-08-16T00:42:15Z</time>
      </trkpt>
      <trkpt lat="22.530883" lon="113.951065">
        <ele>9.3</ele>
        <time>2023-08-16T00:42:16Z</time>
      </trkpt>
      <trkpt lat="22.530827" lon="113.951057">
        <ele>9.3</ele>
        <time>2023-08-16T00:42:17Z</time>
      </trkpt>
      <trkpt lat="22.530771" lon="113.951057">
        <ele>9.3</ele>
        <time>2023-08-16T00:42:18Z</time>
      </trkpt>
      <trkpt lat="22.530717" lon="113.95105">
        <ele>9.3</ele>
        <time>2023-08-16T00:42:19Z</time>
      </trkpt>
      <trkpt lat="22.530661" lon="113.95105">
        <ele>9.3</ele>
        <time>2023-08-16T00:42:20Z</time>
      </trkpt>
      <trkpt lat="22.530606" lon="113.95105">
        <ele>9.3</ele>
        <time>2023-08-16T00:42:21Z</time>
      </trkpt>
      <trkpt lat="22.530555" lon="113.951042">
        <ele>9.2</ele>
        <time>2023-08-16T00:42:22Z</time>
      </trkpt>
      <trkpt lat="22.530502" lon="113.951035">
        <ele>9.2</ele>
        <time>2023-08-16T00:42:23Z</time>
      </trkpt>
      <trkpt lat="22.530444" lon="113.951035">
        <ele>9.2</ele>
        <time>2023-08-16T00:42:24Z</time>
      </trkpt>
      <trkpt lat="22.530385" lon="113.951035">
        <ele>9.2</ele>
        <time>2023-08-16T00:42:25Z</time>
      </trkpt>
      <trkpt lat="22.530327" lon="113.951035">
        <ele>9.2</ele>
        <time>2023-08-16T00:42:26Z</time>
      </trkpt>
      <trkpt lat="22.530268" lon="113.951035">
        <ele>9.2</ele>
        <time>2023-08-16T00:42:27Z</time>
      </trkpt>
      <trkpt lat="22.53021" lon="113.951034">
        <ele>9.2</ele>
        <time>2023-08-16T00:42:28Z</time>
      </trkpt>
      <trkpt lat="22.530155" lon="113.951027">
        <ele>9.2</ele>
        <time>2023-08-16T00:42:29Z</time>
      </trkpt>
      <trkpt lat="22.530097" lon="113.951027">
        <ele>9.2</ele>
        <time>2023-08-16T00:42:30Z</time>
      </trkpt>
      <trkpt lat="22.530042" lon="113.951019">
        <ele>9.2</ele>
        <time>2023-08-16T00:42:31Z</time>
      </trkpt>
      <trkpt lat="22.529987" lon="113.951004">
        <ele>9.2</ele>
        <time>2023-08-16T00:42:32Z</time>
      </trkpt>
      <trkpt lat="22.529936" lon="113.951004">
        <ele>9.2</ele>
        <time>2023-08-16T00:42:33Z</time>
      </trkpt>
      <trkpt lat="22.529879" lon="113.950996">
        <ele>9.2</ele>
        <time>2023-08-16T00:42:34Z</time>
      </trkpt>
      <trkpt lat="22.529822" lon="113.950996">
        <ele>9.2</ele>
        <time>2023-08-16T00:42:35Z</time>
      </trkpt>
      <trkpt lat="22.529763" lon="113.950996">
        <ele>9.2</ele>
        <time>2023-08-16T00:42:36Z</time>
      </trkpt>
      <trkpt lat="22.529706" lon="113.950996">
        <ele>9.2</ele>
        <time>2023-08-16T00:42:37Z</time>
      </trkpt>
      <trkpt lat="22.529651" lon="113.950989">
        <ele>9.2</ele>
        <time>2023-08-16T00:42:38Z</time>
      </trkpt>
      <trkpt lat="22.529603" lon="113.950989">
        <ele>9.2</ele>
        <time>2023-08-16T00:42:39Z</time>
      </trkpt>
      <trkpt lat="22.52955" lon="113.950981">
        <ele>9.2</ele>
        <time>2023-08-16T00:42:40Z</time>
      </trkpt>
      <trkpt lat="22.529493" lon="113.950981">
        <ele>9.2</ele>
        <time>2023-08-16T00:42:41Z</time>
      </trkpt>
      <trkpt lat="22.529441" lon="113.950973">
        <ele>9.1</ele>
        <time>2023-08-16T00:42:42Z</time>
      </trkpt>
      <trkpt lat="22.529384" lon="113.950973">
        <ele>9.1</ele>
        <time>2023-08-16T00:42:43Z</time>
      </trkpt>
      <trkpt lat="22.529326" lon="113.950966">
        <ele>9.1</ele>
        <time>2023-08-16T00:42:44Z</time>
      </trkpt>
      <trkpt lat="22.529271" lon="113.950966">
        <ele>9.1</ele>
        <time>2023-08-16T00:42:45Z</time>
      </trkpt>
      <trkpt lat="22.529218" lon="113.950958">
        <ele>9.1</ele>
        <time>2023-08-16T00:42:46Z</time>
      </trkpt>
      <trkpt lat="22.529161" lon="113.950958">
        <ele>9.1</ele>
        <time>2023-08-16T00:42:47Z</time>
      </trkpt>
      <trkpt lat="22.529104" lon="113.950951">
        <ele>9.1</ele>
        <time>2023-08-16T00:42:48Z</time>
      </trkpt>
      <trkpt lat="22.529046" lon="113.950951">
        <ele>9.1</ele>
        <time>2023-08-16T00:42:49Z</time>
      </trkpt>
      <trkpt lat="22.528988" lon="113.950951">
        <ele>9.1</ele>
        <time>2023-08-16T00:42:50Z</time>
      </trkpt>
      <trkpt lat="22.528935" lon="113.950951">
        <ele>9.1</ele>
        <time>2023-08-16T00:42:51Z</time>
      </trkpt>
      <trkpt lat="22.52888" lon="113.95095">
        <ele>9.1</ele>
        <time>2023-08-16T00:42:52Z</time>
      </trkpt>
      <trkpt lat="22.528822" lon="113.950943">
        <ele>9.1</ele>
        <time>2023-08-16T00:42:53Z</time>
      </trkpt>
      <trkpt lat="22.528769" lon="113.950943">
        <ele>9</ele>
        <time>2023-08-16T00:42:54Z</time>
      </trkpt>
      <trkpt lat="22.528713" lon="113.950943">
        <ele>9</ele>
        <time>2023-08-16T00:42:55Z</time>
      </trkpt>
      <trkpt lat="22.528656" lon="113.950935">
        <ele>9</ele>
        <time>2023-08-16T00:42:56Z</time>
      </trkpt>
      <trkpt lat="22.528603" lon="113.950928">
        <ele>9</ele>
        <time>2023-08-16T00:42:57Z</time>
      </trkpt>
      <trkpt lat="22.52855" lon="113.950928">
        <ele>9</ele>
        <time>2023-08-16T00:42:58Z</time>
      </trkpt>
      <trkpt lat="22.528499" lon="113.95092">
        <ele>9</ele>
        <time>2023-08-16T00:42:59Z</time>
      </trkpt>
      <trkpt lat="22.528447" lon="113.95092">
        <ele>9</ele>
        <time>2023-08-16T00:43:00Z</time>
      </trkpt>
      <trkpt lat="22.528393" lon="113.95092">
        <ele>9</ele>
        <time>2023-08-16T00:43:01Z</time>
      </trkpt>
      <trkpt lat="22.528338" lon="113.950912">
        <ele>9</ele>
        <time>2023-08-16T00:43:02Z</time>
      </trkpt>
      <trkpt lat="22.528286" lon="113.950912">
        <ele>9</ele>
        <time>2023-08-16T00:43:03Z</time>
      </trkpt>
      <trkpt lat="22.528234" lon="113.950913">
        <ele>9</ele>
        <time>2023-08-16T00:43:04Z</time>
      </trkpt>
      <trkpt lat="22.528181" lon="113.95092">
        <ele>9</ele>
        <time>2023-08-16T00:43:05Z</time>
      </trkpt>
      <trkpt lat="22.528123" lon="113.950912">
        <ele>8.9</ele>
        <time>2023-08-16T00:43:06Z</time>
      </trkpt>
      <trkpt lat="22.528067" lon="113.950912">
        <ele>8.9</ele>
        <time>2023-08-16T00:43:07Z</time>
      </trkpt>
      <trkpt lat="22.52801" lon="113.950905">
        <ele>8.9</ele>
        <time>2023-08-16T00:43:08Z</time>
      </trkpt>
      <trkpt lat="22.527953" lon="113.950905">
        <ele>8.9</ele>
        <time>2023-08-16T00:43:09Z</time>
      </trkpt>
      <trkpt lat="22.527896" lon="113.950897">
        <ele>8.9</ele>
        <time>2023-08-16T00:43:10Z</time>
      </trkpt>
      <trkpt lat="22.527834" lon="113.950897">
        <ele>8.9</ele>
        <time>2023-08-16T00:43:11Z</time>
      </trkpt>
      <trkpt lat="22.527772" lon="113.950889">
        <ele>8.9</ele>
        <time>2023-08-16T00:43:12Z</time>
      </trkpt>
      <trkpt lat="22.527712" lon="113.950882">
        <ele>8.9</ele>
        <time>2023-08-16T00:43:13Z</time>
      </trkpt>
      <trkpt lat="22.527653" lon="113.950882">
        <ele>8.9</ele>
        <time>2023-08-16T00:43:14Z</time>
      </trkpt>
      <trkpt lat="22.527592" lon="113.950882">
        <ele>8.9</ele>
        <time>2023-08-16T00:43:15Z</time>
      </trkpt>
      <trkpt lat="22.527532" lon="113.950882">
        <ele>8.9</ele>
        <time>2023-08-16T00:43:16Z</time>
      </trkpt>
      <trkpt lat="22.527471" lon="113.950874">
        <ele>8.8</ele>
        <time>2023-08-16T00:43:17Z</time>
      </trkpt>
      <trkpt lat="22.527411" lon="113.950867">
        <ele>8.8</ele>
        <time>2023-08-16T00:43:18Z</time>
      </trkpt>
      <trkpt lat="22.527354" lon="113.950859">
        <ele>8.8</ele>
        <time>2023-08-16T00:43:19Z</time>
      </trkpt>
      <trkpt lat="22.527297" lon="113.950851">
        <ele>8.8</ele>
        <time>2023-08-16T00:43:20Z</time>
      </trkpt>
      <trkpt lat="22.527241" lon="113.950851">
        <ele>8.8</ele>
        <time>2023-08-16T00:43:21Z</time>
      </trkpt>
      <trkpt lat="22.527185" lon="113.950844">
        <ele>8.8</ele>
        <time>2023-08-16T00:43:22Z</time>
      </trkpt>
      <trkpt lat="22.527131" lon="113.950821">
        <ele>8.8</ele>
        <time>2023-08-16T00:43:23Z</time>
      </trkpt>
      <trkpt lat="22.527075" lon="113.950798">
        <ele>8.8</ele>
        <time>2023-08-16T00:43:24Z</time>
      </trkpt>
      <trkpt lat="22.527017" lon="113.950798">
        <ele>8.8</ele>
        <time>2023-08-16T00:43:25Z</time>
      </trkpt>
      <trkpt lat="22.526957" lon="113.950798">
        <ele>8.8</ele>
        <time>2023-08-16T00:43:26Z</time>
      </trkpt>
      <trkpt lat="22.5269" lon="113.950798">
        <ele>8.8</ele>
        <time>2023-08-16T00:43:27Z</time>
      </trkpt>
      <trkpt lat="22.526843" lon="113.950798">
        <ele>8.8</ele>
        <time>2023-08-16T00:43:28Z</time>
      </trkpt>
      <trkpt lat="22.526789" lon="113.95079">
        <ele>8.8</ele>
        <time>2023-08-16T00:43:29Z</time>
      </trkpt>
      <trkpt lat="22.526736" lon="113.950783">
        <ele>8.8</ele>
        <time>2023-08-16T00:43:30Z</time>
      </trkpt>
      <trkpt lat="22.526679" lon="113.950783">
        <ele>8.7</ele>
        <time>2023-08-16T00:43:31Z</time>
      </trkpt>
      <trkpt lat="22.526624" lon="113.950775">
        <ele>8.7</ele>
        <time>2023-08-16T00:43:32Z</time>
      </trkpt>
      <trkpt lat="22.526564" lon="113.950768">
        <ele>8.7</ele>
        <time>2023-08-16T00:43:33Z</time>
      </trkpt>
      <trkpt lat="22.526507" lon="113.950768">
        <ele>8.7</ele>
        <time>2023-08-16T00:43:34Z</time>
      </trkpt>
      <trkpt lat="22.526451" lon="113.950767">
        <ele>8.7</ele>
        <time>2023-08-16T00:43:35Z</time>
      </trkpt>
      <trkpt lat="22.526398" lon="113.95076">
        <ele>8.7</ele>
        <time>2023-08-16T00:43:36Z</time>
      </trkpt>
      <trkpt lat="22.526347" lon="113.950752">
        <ele>8.7</ele>
        <time>2023-08-16T00:43:37Z</time>
      </trkpt>
      <trkpt lat="22.526286" lon="113.950752">
        <ele>8.7</ele>
        <time>2023-08-16T00:43:38Z</time>
      </trkpt>
      <trkpt lat="22.526227" lon="113.950745">
        <ele>8.7</ele>
        <time>2023-08-16T00:43:39Z</time>
      </trkpt>
      <trkpt lat="22.52617" lon="113.950745">
        <ele>8.7</ele>
        <time>2023-08-16T00:43:40Z</time>
      </trkpt>
      <trkpt lat="22.526116" lon="113.950744">
        <ele>8.7</ele>
        <time>2023-08-16T00:43:41Z</time>
      </trkpt>
      <trkpt lat="22.526055" lon="113.950737">
        <ele>8.7</ele>
        <time>2023-08-16T00:43:42Z</time>
      </trkpt>
      <trkpt lat="22.525999" lon="113.950729">
        <ele>8.7</ele>
        <time>2023-08-16T00:43:43Z</time>
      </trkpt>
      <trkpt lat="22.525946" lon="113.950729">
        <ele>8.7</ele>
        <time>2023-08-16T00:43:44Z</time>
      </trkpt>
      <trkpt lat="22.52589" lon="113.950729">
        <ele>8.6</ele>
        <time>2023-08-16T00:43:45Z</time>
      </trkpt>
      <trkpt lat="22.52583" lon="113.950722">
        <ele>8.6</ele>
        <time>2023-08-16T00:43:46Z</time>
      </trkpt>
      <trkpt lat="22.525771" lon="113.950721">
        <ele>8.6</ele>
        <time>2023-08-16T00:43:47Z</time>
      </trkpt>
      <trkpt lat="22.525716" lon="113.950714">
        <ele>8.6</ele>
        <time>2023-08-16T00:43:48Z</time>
      </trkpt>
      <trkpt lat="22.52566" lon="113.950706">
        <ele>8.6</ele>
        <time>2023-08-16T00:43:49Z</time>
      </trkpt>
      <trkpt lat="22.525603" lon="113.950706">
        <ele>8.6</ele>
        <time>2023-08-16T00:43:50Z</time>
      </trkpt>
      <trkpt lat="22.525548" lon="113.950691">
        <ele>8.6</ele>
        <time>2023-08-16T00:43:51Z</time>
      </trkpt>
      <trkpt lat="22.525493" lon="113.950683">
        <ele>8.6</ele>
        <time>2023-08-16T00:43:52Z</time>
      </trkpt>
      <trkpt lat="22.52544" lon="113.950676">
        <ele>8.6</ele>
        <time>2023-08-16T00:43:53Z</time>
      </trkpt>
      <trkpt lat="22.525384" lon="113.950668">
        <ele>8.6</ele>
        <time>2023-08-16T00:43:54Z</time>
      </trkpt>
      <trkpt lat="22.525328" lon="113.950668">
        <ele>8.6</ele>
        <time>2023-08-16T00:43:55Z</time>
      </trkpt>
      <trkpt lat="22.52527" lon="113.950661">
        <ele>8.6</ele>
        <time>2023-08-16T00:43:56Z</time>
      </trkpt>
      <trkpt lat="22.525215" lon="113.950668">
        <ele>8.6</ele>
        <time>2023-08-16T00:43:57Z</time>
      </trkpt>
      <trkpt lat="22.52516" lon="113.950669">
        <ele>8.6</ele>
        <time>2023-08-16T00:43:58Z</time>
      </trkpt>
      <trkpt lat="22.525106" lon="113.950676">
        <ele>8.6</ele>
        <time>2023-08-16T00:43:59Z</time>
      </trkpt>
      <trkpt lat="22.525054" lon="113.950683">
        <ele>8.6</ele>
        <time>2023-08-16T00:44:00Z</time>
      </trkpt>
      <trkpt lat="22.525003" lon="113.950676">
        <ele>8.6</ele>
        <time>2023-08-16T00:44:01Z</time>
      </trkpt>
      <trkpt lat="22.524951" lon="113.950668">
        <ele>8.6</ele>
        <time>2023-08-16T00:44:02Z</time>
      </trkpt>
      <trkpt lat="22.524901" lon="113.95066">
        <ele>8.5</ele>
        <time>2023-08-16T00:44:03Z</time>
      </trkpt>
      <trkpt lat="22.524857" lon="113.950645">
        <ele>8.5</ele>
        <time>2023-08-16T00:44:04Z</time>
      </trkpt>
      <trkpt lat="22.524814" lon="113.950645">
        <ele>8.5</ele>
        <time>2023-08-16T00:44:05Z</time>
      </trkpt>
      <trkpt lat="22.524764" lon="113.950645">
        <ele>8.5</ele>
        <time>2023-08-16T00:44:06Z</time>
      </trkpt>
      <trkpt lat="22.524713" lon="113.950645">
        <ele>8.5</ele>
        <time>2023-08-16T00:44:07Z</time>
      </trkpt>
      <trkpt lat="22.524658" lon="113.950638">
        <ele>8.5</ele>
        <time>2023-08-16T00:44:08Z</time>
      </trkpt>
      <trkpt lat="22.524607" lon="113.95063">
        <ele>8.5</ele>
        <time>2023-08-16T00:44:09Z</time>
      </trkpt>
      <trkpt lat="22.52456" lon="113.95063">
        <ele>8.5</ele>
        <time>2023-08-16T00:44:10Z</time>
      </trkpt>
      <trkpt lat="22.524509" lon="113.95063">
        <ele>8.5</ele>
        <time>2023-08-16T00:44:11Z</time>
      </trkpt>
      <trkpt lat="22.524461" lon="113.950638">
        <ele>8.5</ele>
        <time>2023-08-16T00:44:12Z</time>
      </trkpt>
      <trkpt lat="22.524408" lon="113.950638">
        <ele>8.5</ele>
        <time>2023-08-16T00:44:13Z</time>
      </trkpt>
      <trkpt lat="22.524356" lon="113.95063">
        <ele>8.5</ele>
        <time>2023-08-16T00:44:14Z</time>
      </trkpt>
      <trkpt lat="22.524308" lon="113.95063">
        <ele>8.5</ele>
        <time>2023-08-16T00:44:15Z</time>
      </trkpt>
      <trkpt lat="22.524263" lon="113.950638">
        <ele>8.5</ele>
        <time>2023-08-16T00:44:16Z</time>
      </trkpt>
      <trkpt lat="22.524217" lon="113.950645">
        <ele>8.5</ele>
        <time>2023-08-16T00:44:17Z</time>
      </trkpt>
      <trkpt lat="22.524136" lon="113.950645">
        <ele>8.5</ele>
        <time>2023-08-16T00:44:18Z</time>
      </trkpt>
      <trkpt lat="22.524069" lon="113.950645">
        <ele>8.5</ele>
        <time>2023-08-16T00:44:19Z</time>
      </trkpt>
      <trkpt lat="22.524008" lon="113.950646">
        <ele>8.5</ele>
        <time>2023-08-16T00:44:20Z</time>
      </trkpt>
      <trkpt lat="22.523964" lon="113.950653">
        <ele>8.5</ele>
        <time>2023-08-16T00:44:21Z</time>
      </trkpt>
      <trkpt lat="22.523917" lon="113.950661">
        <ele>8.4</ele>
        <time>2023-08-16T00:44:22Z</time>
      </trkpt>
      <trkpt lat="22.523865" lon="113.950653">
        <ele>8.4</ele>
        <time>2023-08-16T00:44:23Z</time>
      </trkpt>
      <trkpt lat="22.523803" lon="113.950661">
        <ele>8.4</ele>
        <time>2023-08-16T00:44:24Z</time>
      </trkpt>
      <trkpt lat="22.523748" lon="113.950661">
        <ele>8.4</ele>
        <time>2023-08-16T00:44:25Z</time>
      </trkpt>
      <trkpt lat="22.523711" lon="113.950653">
        <ele>8.4</ele>
        <time>2023-08-16T00:44:26Z</time>
      </trkpt>
      <trkpt lat="22.523666" lon="113.950653">
        <ele>8.4</ele>
        <time>2023-08-16T00:44:27Z</time>
      </trkpt>
      <trkpt lat="22.523601" lon="113.950646">
        <ele>8.4</ele>
        <time>2023-08-16T00:44:28Z</time>
      </trkpt>
      <trkpt lat="22.523538" lon="113.950637">
        <ele>8.4</ele>
        <time>2023-08-16T00:44:29Z</time>
      </trkpt>
      <trkpt lat="22.523491" lon="113.950623">
        <ele>8.3</ele>
        <time>2023-08-16T00:44:30Z</time>
      </trkpt>
      <trkpt lat="22.523459" lon="113.950622">
        <ele>8.3</ele>
        <time>2023-08-16T00:44:31Z</time>
      </trkpt>
      <trkpt lat="22.523416" lon="113.950614">
        <ele>8.3</ele>
        <time>2023-08-16T00:44:32Z</time>
      </trkpt>
      <trkpt lat="22.523371" lon="113.950607">
        <ele>8.3</ele>
        <time>2023-08-16T00:44:33Z</time>
      </trkpt>
      <trkpt lat="22.523319" lon="113.9506">
        <ele>8.3</ele>
        <time>2023-08-16T00:44:34Z</time>
      </trkpt>
      <trkpt lat="22.523253" lon="113.950592">
        <ele>8.3</ele>
        <time>2023-08-16T00:44:35Z</time>
      </trkpt>
      <trkpt lat="22.523201" lon="113.950592">
        <ele>8.3</ele>
        <time>2023-08-16T00:44:36Z</time>
      </trkpt>
      <trkpt lat="22.52315" lon="113.950592">
        <ele>8.3</ele>
        <time>2023-08-16T00:44:37Z</time>
      </trkpt>
      <trkpt lat="22.523102" lon="113.950599">
        <ele>8.3</ele>
        <time>2023-08-16T00:44:38Z</time>
      </trkpt>
      <trkpt lat="22.523053" lon="113.950607">
        <ele>8.3</ele>
        <time>2023-08-16T00:44:39Z</time>
      </trkpt>
      <trkpt lat="22.523005" lon="113.95063">
        <ele>8.2</ele>
        <time>2023-08-16T00:44:40Z</time>
      </trkpt>
      <trkpt lat="22.522957" lon="113.950645">
        <ele>8.2</ele>
        <time>2023-08-16T00:44:41Z</time>
      </trkpt>
      <trkpt lat="22.522907" lon="113.950668">
        <ele>8.2</ele>
        <time>2023-08-16T00:44:42Z</time>
      </trkpt>
      <trkpt lat="22.522859" lon="113.950698">
        <ele>8.2</ele>
        <time>2023-08-16T00:44:43Z</time>
      </trkpt>
      <trkpt lat="22.522813" lon="113.950721">
        <ele>8.2</ele>
        <time>2023-08-16T00:44:44Z</time>
      </trkpt>
      <trkpt lat="22.522765" lon="113.950744">
        <ele>8.2</ele>
        <time>2023-08-16T00:44:45Z</time>
      </trkpt>
      <trkpt lat="22.522724" lon="113.950782">
        <ele>8.2</ele>
        <time>2023-08-16T00:44:46Z</time>
      </trkpt>
      <trkpt lat="22.522683" lon="113.950813">
        <ele>8.2</ele>
        <time>2023-08-16T00:44:47Z</time>
      </trkpt>
      <trkpt lat="22.522647" lon="113.950843">
        <ele>8.2</ele>
        <time>2023-08-16T00:44:48Z</time>
      </trkpt>
      <trkpt lat="22.522606" lon="113.950874">
        <ele>8.1</ele>
        <time>2023-08-16T00:44:49Z</time>
      </trkpt>
      <trkpt lat="22.52257" lon="113.950899">
        <ele>8.1</ele>
        <time>2023-08-16T00:44:50Z</time>
      </trkpt>
      <trkpt lat="22.522535" lon="113.950936">
        <ele>8.1</ele>
        <time>2023-08-16T00:44:51Z</time>
      </trkpt>
      <trkpt lat="22.522506" lon="113.950959">
        <ele>8.1</ele>
        <time>2023-08-16T00:44:52Z</time>
      </trkpt>
      <trkpt lat="22.522478" lon="113.950989">
        <ele>8.1</ele>
        <time>2023-08-16T00:44:53Z</time>
      </trkpt>
      <trkpt lat="22.522445" lon="113.951012">
        <ele>8.1</ele>
        <time>2023-08-16T00:44:54Z</time>
      </trkpt>
      <trkpt lat="22.522417" lon="113.95105">
        <ele>8.1</ele>
        <time>2023-08-16T00:44:55Z</time>
      </trkpt>
      <trkpt lat="22.522389" lon="113.951082">
        <ele>8.1</ele>
        <time>2023-08-16T00:44:56Z</time>
      </trkpt>
      <trkpt lat="22.522365" lon="113.951111">
        <ele>8.1</ele>
        <time>2023-08-16T00:44:57Z</time>
      </trkpt>
      <trkpt lat="22.522336" lon="113.951126">
        <ele>8.1</ele>
        <time>2023-08-16T00:44:58Z</time>
      </trkpt>
      <trkpt lat="22.522316" lon="113.951118">
        <ele>8.1</ele>
        <time>2023-08-16T00:44:59Z</time>
      </trkpt>
      <trkpt lat="22.522309" lon="113.951087">
        <ele>8.1</ele>
        <time>2023-08-16T00:45:00Z</time>
      </trkpt>
      <trkpt lat="22.522318" lon="113.951057">
        <ele>8.1</ele>
        <time>2023-08-16T00:45:01Z</time>
      </trkpt>
      <trkpt lat="22.522324" lon="113.951034">
        <ele>8.1</ele>
        <time>2023-08-16T00:45:02Z</time>
      </trkpt>
      <trkpt lat="22.522328" lon="113.951003">
        <ele>8</ele>
        <time>2023-08-16T00:45:03Z</time>
      </trkpt>
      <trkpt lat="22.522339" lon="113.950972">
        <ele>8</ele>
        <time>2023-08-16T00:45:04Z</time>
      </trkpt>
      <trkpt lat="22.522349" lon="113.950934">
        <ele>8</ele>
        <time>2023-08-16T00:45:05Z</time>
      </trkpt>
      <trkpt lat="22.522356" lon="113.950889">
        <ele>8</ele>
        <time>2023-08-16T00:45:06Z</time>
      </trkpt>
      <trkpt lat="22.522362" lon="113.950851">
        <ele>8</ele>
        <time>2023-08-16T00:45:07Z</time>
      </trkpt>
      <trkpt lat="22.522362" lon="113.950804">
        <ele>8</ele>
        <time>2023-08-16T00:45:08Z</time>
      </trkpt>
      <trkpt lat="22.52236" lon="113.950751">
        <ele>8</ele>
        <time>2023-08-16T00:45:09Z</time>
      </trkpt>
      <trkpt lat="22.522358" lon="113.950695">
        <ele>8</ele>
        <time>2023-08-16T00:45:10Z</time>
      </trkpt>
      <trkpt lat="22.522356" lon="113.950644">
        <ele>8</ele>
        <time>2023-08-16T00:45:11Z</time>
      </trkpt>
      <trkpt lat="22.522354" lon="113.95059">
        <ele>8</ele>
        <time>2023-08-16T00:45:12Z</time>
      </trkpt>
      <trkpt lat="22.52235" lon="113.950537">
        <ele>8</ele>
        <time>2023-08-16T00:45:13Z</time>
      </trkpt>
      <trkpt lat="22.522344" lon="113.950483">
        <ele>8</ele>
        <time>2023-08-16T00:45:14Z</time>
      </trkpt>
      <trkpt lat="22.522335" lon="113.95043">
        <ele>8</ele>
        <time>2023-08-16T00:45:15Z</time>
      </trkpt>
      <trkpt lat="22.522323" lon="113.950378">
        <ele>8</ele>
        <time>2023-08-16T00:45:16Z</time>
      </trkpt>
      <trkpt lat="22.52231" lon="113.950324">
        <ele>8</ele>
        <time>2023-08-16T00:45:17Z</time>
      </trkpt>
      <trkpt lat="22.522297" lon="113.950271">
        <ele>8</ele>
        <time>2023-08-16T00:45:18Z</time>
      </trkpt>
      <trkpt lat="22.522283" lon="113.950218">
        <ele>8</ele>
        <time>2023-08-16T00:45:19Z</time>
      </trkpt>
      <trkpt lat="22.522268" lon="113.950172">
        <ele>7.9</ele>
        <time>2023-08-16T00:45:20Z</time>
      </trkpt>
      <trkpt lat="22.522243" lon="113.950126">
        <ele>7.9</ele>
        <time>2023-08-16T00:45:21Z</time>
      </trkpt>
      <trkpt lat="22.522217" lon="113.950086">
        <ele>7.9</ele>
        <time>2023-08-16T00:45:22Z</time>
      </trkpt>
      <trkpt lat="22.522191" lon="113.950041">
        <ele>7.9</ele>
        <time>2023-08-16T00:45:23Z</time>
      </trkpt>
      <trkpt lat="22.522167" lon="113.949995">
        <ele>7.9</ele>
        <time>2023-08-16T00:45:24Z</time>
      </trkpt>
      <trkpt lat="22.522146" lon="113.94995">
        <ele>7.9</ele>
        <time>2023-08-16T00:45:25Z</time>
      </trkpt>
      <trkpt lat="22.522119" lon="113.949905">
        <ele>7.9</ele>
        <time>2023-08-16T00:45:26Z</time>
      </trkpt>
      <trkpt lat="22.522096" lon="113.949875">
        <ele>7.9</ele>
        <time>2023-08-16T00:45:27Z</time>
      </trkpt>
      <trkpt lat="22.522069" lon="113.949844">
        <ele>7.9</ele>
        <time>2023-08-16T00:45:28Z</time>
      </trkpt>
      <trkpt lat="22.522045" lon="113.949813">
        <ele>7.9</ele>
        <time>2023-08-16T00:45:29Z</time>
      </trkpt>
      <trkpt lat="22.52202" lon="113.949783">
        <ele>7.9</ele>
        <time>2023-08-16T00:45:30Z</time>
      </trkpt>
      <trkpt lat="22.521999" lon="113.949761">
        <ele>7.9</ele>
        <time>2023-08-16T00:45:31Z</time>
      </trkpt>
      <trkpt lat="22.521988" lon="113.949729">
        <ele>7.9</ele>
        <time>2023-08-16T00:45:32Z</time>
      </trkpt>
      <trkpt lat="22.522" lon="113.949699">
        <ele>7.9</ele>
        <time>2023-08-16T00:45:33Z</time>
      </trkpt>
      <trkpt lat="22.522032" lon="113.949676">
        <ele>7.9</ele>
        <time>2023-08-16T00:45:34Z</time>
      </trkpt>
      <trkpt lat="22.52207" lon="113.949654">
        <ele>7.9</ele>
        <time>2023-08-16T00:45:35Z</time>
      </trkpt>
      <trkpt lat="22.522108" lon="113.949646">
        <ele>7.9</ele>
        <time>2023-08-16T00:45:36Z</time>
      </trkpt>
      <trkpt lat="22.522147" lon="113.949623">
        <ele>7.9</ele>
        <time>2023-08-16T00:45:37Z</time>
      </trkpt>
      <trkpt lat="22.522185" lon="113.949607">
        <ele>7.8</ele>
        <time>2023-08-16T00:45:38Z</time>
      </trkpt>
      <trkpt lat="22.522223" lon="113.949585">
        <ele>7.8</ele>
        <time>2023-08-16T00:45:39Z</time>
      </trkpt>
      <trkpt lat="22.522264" lon="113.94957">
        <ele>7.8</ele>
        <time>2023-08-16T00:45:40Z</time>
      </trkpt>
      <trkpt lat="22.522302" lon="113.949562">
        <ele>7.8</ele>
        <time>2023-08-16T00:45:41Z</time>
      </trkpt>
      <trkpt lat="22.522343" lon="113.949554">
        <ele>7.8</ele>
        <time>2023-08-16T00:45:42Z</time>
      </trkpt>
      <trkpt lat="22.522388" lon="113.949547">
        <ele>7.8</ele>
        <time>2023-08-16T00:45:43Z</time>
      </trkpt>
      <trkpt lat="22.52243" lon="113.949547">
        <ele>7.8</ele>
        <time>2023-08-16T00:45:44Z</time>
      </trkpt>
      <trkpt lat="22.522474" lon="113.949547">
        <ele>7.8</ele>
        <time>2023-08-16T00:45:45Z</time>
      </trkpt>
      <trkpt lat="22.522513" lon="113.949539">
        <ele>7.8</ele>
        <time>2023-08-16T00:45:46Z</time>
      </trkpt>
      <trkpt lat="22.522553" lon="113.949539">
        <ele>7.8</ele>
        <time>2023-08-16T00:45:47Z</time>
      </trkpt>
      <trkpt lat="22.522595" lon="113.949532">
        <ele>7.8</ele>
        <time>2023-08-16T00:45:48Z</time>
      </trkpt>
      <trkpt lat="22.522639" lon="113.949531">
        <ele>7.8</ele>
        <time>2023-08-16T00:45:49Z</time>
      </trkpt>
      <trkpt lat="22.522683" lon="113.949524">
        <ele>7.8</ele>
        <time>2023-08-16T00:45:50Z</time>
      </trkpt>
      <trkpt lat="22.522728" lon="113.949508">
        <ele>7.8</ele>
        <time>2023-08-16T00:45:51Z</time>
      </trkpt>
      <trkpt lat="22.522773" lon="113.949493">
        <ele>7.8</ele>
        <time>2023-08-16T00:45:52Z</time>
      </trkpt>
      <trkpt lat="22.522817" lon="113.949478">
        <ele>7.8</ele>
        <time>2023-08-16T00:45:53Z</time>
      </trkpt>
      <trkpt lat="22.522862" lon="113.949463">
        <ele>7.8</ele>
        <time>2023-08-16T00:45:54Z</time>
      </trkpt>
      <trkpt lat="22.522908" lon="113.949455">
        <ele>7.8</ele>
        <time>2023-08-16T00:45:55Z</time>
      </trkpt>
      <trkpt lat="22.522952" lon="113.949448">
        <ele>7.8</ele>
        <time>2023-08-16T00:45:56Z</time>
      </trkpt>
      <trkpt lat="22.522998" lon="113.949448">
        <ele>7.8</ele>
        <time>2023-08-16T00:45:57Z</time>
      </trkpt>
      <trkpt lat="22.523046" lon="113.949463">
        <ele>7.8</ele>
        <time>2023-08-16T00:45:58Z</time>
      </trkpt>
      <trkpt lat="22.523087" lon="113.949479">
        <ele>7.8</ele>
        <time>2023-08-16T00:45:59Z</time>
      </trkpt>
      <trkpt lat="22.523131" lon="113.949501">
        <ele>7.8</ele>
        <time>2023-08-16T00:46:00Z</time>
      </trkpt>
      <trkpt lat="22.523173" lon="113.949525">
        <ele>7.8</ele>
        <time>2023-08-16T00:46:01Z</time>
      </trkpt>
      <trkpt lat="22.523216" lon="113.949549">
        <ele>7.8</ele>
        <time>2023-08-16T00:46:02Z</time>
      </trkpt>
      <trkpt lat="22.523256" lon="113.94957">
        <ele>7.8</ele>
        <time>2023-08-16T00:46:03Z</time>
      </trkpt>
      <trkpt lat="22.523298" lon="113.949593">
        <ele>7.8</ele>
        <time>2023-08-16T00:46:04Z</time>
      </trkpt>
      <trkpt lat="22.523337" lon="113.9496">
        <ele>7.8</ele>
        <time>2023-08-16T00:46:05Z</time>
      </trkpt>
      <trkpt lat="22.523377" lon="113.9496">
        <ele>7.8</ele>
        <time>2023-08-16T00:46:06Z</time>
      </trkpt>
      <trkpt lat="22.523428" lon="113.9496">
        <ele>7.8</ele>
        <time>2023-08-16T00:46:07Z</time>
      </trkpt>
      <trkpt lat="22.523473" lon="113.949608">
        <ele>7.8</ele>
        <time>2023-08-16T00:46:08Z</time>
      </trkpt>
      <trkpt lat="22.523549" lon="113.9496">
        <ele>7.8</ele>
        <time>2023-08-16T00:46:09Z</time>
      </trkpt>
      <trkpt lat="22.523596" lon="113.949592">
        <ele>7.8</ele>
        <time>2023-08-16T00:46:10Z</time>
      </trkpt>
      <trkpt lat="22.523629" lon="113.949585">
        <ele>7.8</ele>
        <time>2023-08-16T00:46:11Z</time>
      </trkpt>
      <trkpt lat="22.523676" lon="113.949577">
        <ele>7.8</ele>
        <time>2023-08-16T00:46:12Z</time>
      </trkpt>
      <trkpt lat="22.523721" lon="113.949577">
        <ele>7.8</ele>
        <time>2023-08-16T00:46:13Z</time>
      </trkpt>
      <trkpt lat="22.523757" lon="113.949577">
        <ele>7.8</ele>
        <time>2023-08-16T00:46:14Z</time>
      </trkpt>
      <trkpt lat="22.523809" lon="113.949592">
        <ele>7.8</ele>
        <time>2023-08-16T00:46:15Z</time>
      </trkpt>
      <trkpt lat="22.523872" lon="113.949601">
        <ele>7.8</ele>
        <time>2023-08-16T00:46:16Z</time>
      </trkpt>
      <trkpt lat="22.523919" lon="113.949608">
        <ele>7.8</ele>
        <time>2023-08-16T00:46:17Z</time>
      </trkpt>
      <trkpt lat="22.523961" lon="113.949616">
        <ele>7.8</ele>
        <time>2023-08-16T00:46:18Z</time>
      </trkpt>
      <trkpt lat="22.524017" lon="113.949623">
        <ele>7.8</ele>
        <time>2023-08-16T00:46:19Z</time>
      </trkpt>
      <trkpt lat="22.524093" lon="113.949631">
        <ele>7.8</ele>
        <time>2023-08-16T00:46:20Z</time>
      </trkpt>
      <trkpt lat="22.524153" lon="113.949631">
        <ele>7.7</ele>
        <time>2023-08-16T00:46:21Z</time>
      </trkpt>
      <trkpt lat="22.52419" lon="113.949631">
        <ele>7.7</ele>
        <time>2023-08-16T00:46:22Z</time>
      </trkpt>
      <trkpt lat="22.524231" lon="113.949631">
        <ele>7.7</ele>
        <time>2023-08-16T00:46:23Z</time>
      </trkpt>
      <trkpt lat="22.524276" lon="113.949639">
        <ele>7.6</ele>
        <time>2023-08-16T00:46:24Z</time>
      </trkpt>
      <trkpt lat="22.524325" lon="113.949646">
        <ele>7.6</ele>
        <time>2023-08-16T00:46:25Z</time>
      </trkpt>
      <trkpt lat="22.524367" lon="113.94965">
        <ele>7.6</ele>
        <time>2023-08-16T00:46:26Z</time>
      </trkpt>
      <trkpt lat="22.524408" lon="113.949654">
        <ele>7.6</ele>
        <time>2023-08-16T00:46:27Z</time>
      </trkpt>
      <trkpt lat="22.524466" lon="113.949669">
        <ele>7.5</ele>
        <time>2023-08-16T00:46:28Z</time>
      </trkpt>
      <trkpt lat="22.524521" lon="113.949676">
        <ele>7.5</ele>
        <time>2023-08-16T00:46:29Z</time>
      </trkpt>
      <trkpt lat="22.524571" lon="113.949676">
        <ele>7.5</ele>
        <time>2023-08-16T00:46:30Z</time>
      </trkpt>
      <trkpt lat="22.524619" lon="113.949662">
        <ele>7.4</ele>
        <time>2023-08-16T00:46:31Z</time>
      </trkpt>
      <trkpt lat="22.524661" lon="113.949639">
        <ele>7.4</ele>
        <time>2023-08-16T00:46:32Z</time>
      </trkpt>
      <trkpt lat="22.524701" lon="113.949616">
        <ele>7.4</ele>
        <time>2023-08-16T00:46:33Z</time>
      </trkpt>
      <trkpt lat="22.524744" lon="113.949586">
        <ele>7.3</ele>
        <time>2023-08-16T00:46:34Z</time>
      </trkpt>
      <trkpt lat="22.524786" lon="113.949563">
        <ele>7.3</ele>
        <time>2023-08-16T00:46:35Z</time>
      </trkpt>
      <trkpt lat="22.524829" lon="113.94954">
        <ele>7.3</ele>
        <time>2023-08-16T00:46:36Z</time>
      </trkpt>
      <trkpt lat="22.524869" lon="113.949524">
        <ele>7.2</ele>
        <time>2023-08-16T00:46:37Z</time>
      </trkpt>
      <trkpt lat="22.524909" lon="113.949501">
        <ele>7.2</ele>
        <time>2023-08-16T00:46:38Z</time>
      </trkpt>
      <trkpt lat="22.524952" lon="113.949501">
        <ele>7.2</ele>
        <time>2023-08-16T00:46:39Z</time>
      </trkpt>
      <trkpt lat="22.524992" lon="113.949516">
        <ele>7.2</ele>
        <time>2023-08-16T00:46:40Z</time>
      </trkpt>
      <trkpt lat="22.52503" lon="113.949531">
        <ele>7.1</ele>
        <time>2023-08-16T00:46:41Z</time>
      </trkpt>
      <trkpt lat="22.525065" lon="113.949553">
        <ele>7.1</ele>
        <time>2023-08-16T00:46:42Z</time>
      </trkpt>
      <trkpt lat="22.525106" lon="113.949562">
        <ele>7.1</ele>
        <time>2023-08-16T00:46:43Z</time>
      </trkpt>
      <trkpt lat="22.525151" lon="113.94957">
        <ele>7.1</ele>
        <time>2023-08-16T00:46:44Z</time>
      </trkpt>
      <trkpt lat="22.525193" lon="113.949569">
        <ele>7</ele>
        <time>2023-08-16T00:46:45Z</time>
      </trkpt>
      <trkpt lat="22.525232" lon="113.949562">
        <ele>7</ele>
        <time>2023-08-16T00:46:46Z</time>
      </trkpt>
      <trkpt lat="22.525268" lon="113.949562">
        <ele>7</ele>
        <time>2023-08-16T00:46:47Z</time>
      </trkpt>
      <trkpt lat="22.525305" lon="113.949554">
        <ele>7</ele>
        <time>2023-08-16T00:46:48Z</time>
      </trkpt>
      <trkpt lat="22.52534" lon="113.949554">
        <ele>6.9</ele>
        <time>2023-08-16T00:46:49Z</time>
      </trkpt>
      <trkpt lat="22.525378" lon="113.949539">
        <ele>6.9</ele>
        <time>2023-08-16T00:46:50Z</time>
      </trkpt>
      <trkpt lat="22.525411" lon="113.949524">
        <ele>6.9</ele>
        <time>2023-08-16T00:46:51Z</time>
      </trkpt>
      <trkpt lat="22.525447" lon="113.949516">
        <ele>6.9</ele>
        <time>2023-08-16T00:46:52Z</time>
      </trkpt>
      <trkpt lat="22.525487" lon="113.949524">
        <ele>6.8</ele>
        <time>2023-08-16T00:46:53Z</time>
      </trkpt>
      <trkpt lat="22.525536" lon="113.949547">
        <ele>6.8</ele>
        <time>2023-08-16T00:46:54Z</time>
      </trkpt>
      <trkpt lat="22.525585" lon="113.949555">
        <ele>6.8</ele>
        <time>2023-08-16T00:46:55Z</time>
      </trkpt>
      <trkpt lat="22.525632" lon="113.949562">
        <ele>6.7</ele>
        <time>2023-08-16T00:46:56Z</time>
      </trkpt>
      <trkpt lat="22.525685" lon="113.94957">
        <ele>6.7</ele>
        <time>2023-08-16T00:46:57Z</time>
      </trkpt>
      <trkpt lat="22.525733" lon="113.949569">
        <ele>6.7</ele>
        <time>2023-08-16T00:46:58Z</time>
      </trkpt>
      <trkpt lat="22.525761" lon="113.949554">
        <ele>6.7</ele>
        <time>2023-08-16T00:46:59Z</time>
      </trkpt>
      <trkpt lat="22.525783" lon="113.949532">
        <ele>6.6</ele>
        <time>2023-08-16T00:47:00Z</time>
      </trkpt>
      <trkpt lat="22.525797" lon="113.949499">
        <ele>6.6</ele>
        <time>2023-08-16T00:47:01Z</time>
      </trkpt>
      <trkpt lat="22.52581" lon="113.949466">
        <ele>6.6</ele>
        <time>2023-08-16T00:47:02Z</time>
      </trkpt>
      <trkpt lat="22.525823" lon="113.949433">
        <ele>6.6</ele>
        <time>2023-08-16T00:47:03Z</time>
      </trkpt>
      <trkpt lat="22.525831" lon="113.949387">
        <ele>6.6</ele>
        <time>2023-08-16T00:47:04Z</time>
      </trkpt>
      <trkpt lat="22.525831" lon="113.94935">
        <ele>6.6</ele>
        <time>2023-08-16T00:47:05Z</time>
      </trkpt>
      <trkpt lat="22.525837" lon="113.949289">
        <ele>6.7</ele>
        <time>2023-08-16T00:47:06Z</time>
      </trkpt>
      <trkpt lat="22.525824" lon="113.949214">
        <ele>6.7</ele>
        <time>2023-08-16T00:47:07Z</time>
      </trkpt>
      <trkpt lat="22.525818" lon="113.949143">
        <ele>6.7</ele>
        <time>2023-08-16T00:47:08Z</time>
      </trkpt>
      <trkpt lat="22.52582" lon="113.94908">
        <ele>6.7</ele>
        <time>2023-08-16T00:47:09Z</time>
      </trkpt>
      <trkpt lat="22.52582" lon="113.949019">
        <ele>6.7</ele>
        <time>2023-08-16T00:47:10Z</time>
      </trkpt>
      <trkpt lat="22.525816" lon="113.948974">
        <ele>6.7</ele>
        <time>2023-08-16T00:47:11Z</time>
      </trkpt>
      <trkpt lat="22.525818" lon="113.948928">
        <ele>6.7</ele>
        <time>2023-08-16T00:47:12Z</time>
      </trkpt>
      <trkpt lat="22.52582" lon="113.94889">
        <ele>6.7</ele>
        <time>2023-08-16T00:47:13Z</time>
      </trkpt>
      <trkpt lat="22.525824" lon="113.948845">
        <ele>6.7</ele>
        <time>2023-08-16T00:47:14Z</time>
      </trkpt>
      <trkpt lat="22.525825" lon="113.948806">
        <ele>6.7</ele>
        <time>2023-08-16T00:47:15Z</time>
      </trkpt>
      <trkpt lat="22.525826" lon="113.948759">
        <ele>6.8</ele>
        <time>2023-08-16T00:47:16Z</time>
      </trkpt>
      <trkpt lat="22.525828" lon="113.948721">
        <ele>6.8</ele>
        <time>2023-08-16T00:47:17Z</time>
      </trkpt>
      <trkpt lat="22.525831" lon="113.948676">
        <ele>6.8</ele>
        <time>2023-08-16T00:47:18Z</time>
      </trkpt>
      <trkpt lat="22.525843" lon="113.948631">
        <ele>6.8</ele>
        <time>2023-08-16T00:47:19Z</time>
      </trkpt>
      <trkpt lat="22.52586" lon="113.948608">
        <ele>6.8</ele>
        <time>2023-08-16T00:47:20Z</time>
      </trkpt>
      <trkpt lat="22.525879" lon="113.948601">
        <ele>6.8</ele>
        <time>2023-08-16T00:47:21Z</time>
      </trkpt>
      <trkpt lat="22.525896" lon="113.948593">
        <ele>6.8</ele>
        <time>2023-08-16T00:47:22Z</time>
      </trkpt>
      <trkpt lat="22.52592" lon="113.948585">
        <ele>6.8</ele>
        <time>2023-08-16T00:47:23Z</time>
      </trkpt>
      <trkpt lat="22.525948" lon="113.94857">
        <ele>6.8</ele>
        <time>2023-08-16T00:47:24Z</time>
      </trkpt>
      <trkpt lat="22.525957" lon="113.948544">
        <ele>6.8</ele>
        <time>2023-08-16T00:47:25Z</time>
      </trkpt>
      <trkpt lat="22.525959" lon="113.948499">
        <ele>6.8</ele>
        <time>2023-08-16T00:47:26Z</time>
      </trkpt>
      <trkpt lat="22.525957" lon="113.948447">
        <ele>6.8</ele>
        <time>2023-08-16T00:47:27Z</time>
      </trkpt>
      <trkpt lat="22.525953" lon="113.948402">
        <ele>6.8</ele>
        <time>2023-08-16T00:47:28Z</time>
      </trkpt>
      <trkpt lat="22.525941" lon="113.948371">
        <ele>6.8</ele>
        <time>2023-08-16T00:47:29Z</time>
      </trkpt>
      <trkpt lat="22.525924" lon="113.948332">
        <ele>6.8</ele>
        <time>2023-08-16T00:47:30Z</time>
      </trkpt>
      <trkpt lat="22.525907" lon="113.948295">
        <ele>6.8</ele>
        <time>2023-08-16T00:47:31Z</time>
      </trkpt>
      <trkpt lat="22.525888" lon="113.948257">
        <ele>6.9</ele>
        <time>2023-08-16T00:47:32Z</time>
      </trkpt>
      <trkpt lat="22.525873" lon="113.948226">
        <ele>6.9</ele>
        <time>2023-08-16T00:47:33Z</time>
      </trkpt>
      <trkpt lat="22.52586" lon="113.948188">
        <ele>6.9</ele>
        <time>2023-08-16T00:47:34Z</time>
      </trkpt>
      <trkpt lat="22.525848" lon="113.94815">
        <ele>6.9</ele>
        <time>2023-08-16T00:47:35Z</time>
      </trkpt>
      <trkpt lat="22.525836" lon="113.948111">
        <ele>6.9</ele>
        <time>2023-08-16T00:47:36Z</time>
      </trkpt>
      <trkpt lat="22.525821" lon="113.948066">
        <ele>6.9</ele>
        <time>2023-08-16T00:47:37Z</time>
      </trkpt>
      <trkpt lat="22.525814" lon="113.948036">
        <ele>6.9</ele>
        <time>2023-08-16T00:47:38Z</time>
      </trkpt>
      <trkpt lat="22.525802" lon="113.94799">
        <ele>6.9</ele>
        <time>2023-08-16T00:47:39Z</time>
      </trkpt>
      <trkpt lat="22.52579" lon="113.94795">
        <ele>6.9</ele>
        <time>2023-08-16T00:47:40Z</time>
      </trkpt>
      <trkpt lat="22.52577" lon="113.947906">
        <ele>6.9</ele>
        <time>2023-08-16T00:47:41Z</time>
      </trkpt>
      <trkpt lat="22.525745" lon="113.94786">
        <ele>6.9</ele>
        <time>2023-08-16T00:47:42Z</time>
      </trkpt>
      <trkpt lat="22.525716" lon="113.947814">
        <ele>6.9</ele>
        <time>2023-08-16T00:47:43Z</time>
      </trkpt>
      <trkpt lat="22.525682" lon="113.947784">
        <ele>6.9</ele>
        <time>2023-08-16T00:47:44Z</time>
      </trkpt>
      <trkpt lat="22.525641" lon="113.947745">
        <ele>7</ele>
        <time>2023-08-16T00:47:45Z</time>
      </trkpt>
      <trkpt lat="22.525599" lon="113.947707">
        <ele>7</ele>
        <time>2023-08-16T00:47:46Z</time>
      </trkpt>
      <trkpt lat="22.525554" lon="113.947685">
        <ele>7</ele>
        <time>2023-08-16T00:47:47Z</time>
      </trkpt>
      <trkpt lat="22.525503" lon="113.947647">
        <ele>6.9</ele>
        <time>2023-08-16T00:47:48Z</time>
      </trkpt>
      <trkpt lat="22.525459" lon="113.947624">
        <ele>6.9</ele>
        <time>2023-08-16T00:47:49Z</time>
      </trkpt>
      <trkpt lat="22.525409" lon="113.947593">
        <ele>6.9</ele>
        <time>2023-08-16T00:47:50Z</time>
      </trkpt>
      <trkpt lat="22.525359" lon="113.947555">
        <ele>6.9</ele>
        <time>2023-08-16T00:47:51Z</time>
      </trkpt>
      <trkpt lat="22.525311" lon="113.947516">
        <ele>6.9</ele>
        <time>2023-08-16T00:47:52Z</time>
      </trkpt>
      <trkpt lat="22.525267" lon="113.947479">
        <ele>6.9</ele>
        <time>2023-08-16T00:47:53Z</time>
      </trkpt>
      <trkpt lat="22.52522" lon="113.947448">
        <ele>6.9</ele>
        <time>2023-08-16T00:47:54Z</time>
      </trkpt>
      <trkpt lat="22.525179" lon="113.947418">
        <ele>6.9</ele>
        <time>2023-08-16T00:47:55Z</time>
      </trkpt>
      <trkpt lat="22.525136" lon="113.947387">
        <ele>6.9</ele>
        <time>2023-08-16T00:47:56Z</time>
      </trkpt>
      <trkpt lat="22.525095" lon="113.947356">
        <ele>6.9</ele>
        <time>2023-08-16T00:47:57Z</time>
      </trkpt>
      <trkpt lat="22.525054" lon="113.947326">
        <ele>6.9</ele>
        <time>2023-08-16T00:47:58Z</time>
      </trkpt>
      <trkpt lat="22.525012" lon="113.947303">
        <ele>6.9</ele>
        <time>2023-08-16T00:47:59Z</time>
      </trkpt>
      <trkpt lat="22.524972" lon="113.947265">
        <ele>6.9</ele>
        <time>2023-08-16T00:48:00Z</time>
      </trkpt>
      <trkpt lat="22.524936" lon="113.947234">
        <ele>6.9</ele>
        <time>2023-08-16T00:48:01Z</time>
      </trkpt>
      <trkpt lat="22.524903" lon="113.947203">
        <ele>6.9</ele>
        <time>2023-08-16T00:48:02Z</time>
      </trkpt>
      <trkpt lat="22.524873" lon="113.947158">
        <ele>6.9</ele>
        <time>2023-08-16T00:48:03Z</time>
      </trkpt>
      <trkpt lat="22.524841" lon="113.947104">
        <ele>6.9</ele>
        <time>2023-08-16T00:48:04Z</time>
      </trkpt>
      <trkpt lat="22.524826" lon="113.947045">
        <ele>6.9</ele>
        <time>2023-08-16T00:48:05Z</time>
      </trkpt>
      <trkpt lat="22.524813" lon="113.94699">
        <ele>6.9</ele>
        <time>2023-08-16T00:48:06Z</time>
      </trkpt>
      <trkpt lat="22.524797" lon="113.946928">
        <ele>6.9</ele>
        <time>2023-08-16T00:48:07Z</time>
      </trkpt>
      <trkpt lat="22.524788" lon="113.946867">
        <ele>6.9</ele>
        <time>2023-08-16T00:48:08Z</time>
      </trkpt>
      <trkpt lat="22.524788" lon="113.946799">
        <ele>6.9</ele>
        <time>2023-08-16T00:48:09Z</time>
      </trkpt>
      <trkpt lat="22.524788" lon="113.946746">
        <ele>6.9</ele>
        <time>2023-08-16T00:48:10Z</time>
      </trkpt>
      <trkpt lat="22.52479" lon="113.946684">
        <ele>6.9</ele>
        <time>2023-08-16T00:48:11Z</time>
      </trkpt>
      <trkpt lat="22.524792" lon="113.946633">
        <ele>6.9</ele>
        <time>2023-08-16T00:48:12Z</time>
      </trkpt>
      <trkpt lat="22.524794" lon="113.946578">
        <ele>6.9</ele>
        <time>2023-08-16T00:48:13Z</time>
      </trkpt>
      <trkpt lat="22.524794" lon="113.946525">
        <ele>6.9</ele>
        <time>2023-08-16T00:48:14Z</time>
      </trkpt>
      <trkpt lat="22.524796" lon="113.946463">
        <ele>6.9</ele>
        <time>2023-08-16T00:48:15Z</time>
      </trkpt>
      <trkpt lat="22.524797" lon="113.946411">
        <ele>6.9</ele>
        <time>2023-08-16T00:48:16Z</time>
      </trkpt>
      <trkpt lat="22.524801" lon="113.946349">
        <ele>6.8</ele>
        <time>2023-08-16T00:48:17Z</time>
      </trkpt>
      <trkpt lat="22.524807" lon="113.946297">
        <ele>6.8</ele>
        <time>2023-08-16T00:48:18Z</time>
      </trkpt>
      <trkpt lat="22.524817" lon="113.946232">
        <ele>6.8</ele>
        <time>2023-08-16T00:48:19Z</time>
      </trkpt>
      <trkpt lat="22.52482" lon="113.94618">
        <ele>6.8</ele>
        <time>2023-08-16T00:48:20Z</time>
      </trkpt>
      <trkpt lat="22.524824" lon="113.946128">
        <ele>6.8</ele>
        <time>2023-08-16T00:48:21Z</time>
      </trkpt>
      <trkpt lat="22.52482" lon="113.946074">
        <ele>6.8</ele>
        <time>2023-08-16T00:48:22Z</time>
      </trkpt>
      <trkpt lat="22.524822" lon="113.946021">
        <ele>6.8</ele>
        <time>2023-08-16T00:48:23Z</time>
      </trkpt>
      <trkpt lat="22.524826" lon="113.945968">
        <ele>6.8</ele>
        <time>2023-08-16T00:48:24Z</time>
      </trkpt>
      <trkpt lat="22.524824" lon="113.945914">
        <ele>6.8</ele>
        <time>2023-08-16T00:48:25Z</time>
      </trkpt>
      <trkpt lat="22.524818" lon="113.945869">
        <ele>6.7</ele>
        <time>2023-08-16T00:48:26Z</time>
      </trkpt>
      <trkpt lat="22.524817" lon="113.945823">
        <ele>6.7</ele>
        <time>2023-08-16T00:48:27Z</time>
      </trkpt>
      <trkpt lat="22.524818" lon="113.945777">
        <ele>6.7</ele>
        <time>2023-08-16T00:48:28Z</time>
      </trkpt>
      <trkpt lat="22.52482" lon="113.945731">
        <ele>6.7</ele>
        <time>2023-08-16T00:48:29Z</time>
      </trkpt>
      <trkpt lat="22.524826" lon="113.945685">
        <ele>6.7</ele>
        <time>2023-08-16T00:48:30Z</time>
      </trkpt>
      <trkpt lat="22.524834" lon="113.945648">
        <ele>6.7</ele>
        <time>2023-08-16T00:48:31Z</time>
      </trkpt>
      <trkpt lat="22.524836" lon="113.945601">
        <ele>6.7</ele>
        <time>2023-08-16T00:48:32Z</time>
      </trkpt>
      <trkpt lat="22.524836" lon="113.945563">
        <ele>6.7</ele>
        <time>2023-08-16T00:48:33Z</time>
      </trkpt>
      <trkpt lat="22.524836" lon="113.945526">
        <ele>6.6</ele>
        <time>2023-08-16T00:48:34Z</time>
      </trkpt>
      <trkpt lat="22.524847" lon="113.945503">
        <ele>6.6</ele>
        <time>2023-08-16T00:48:35Z</time>
      </trkpt>
      <trkpt lat="22.524869" lon="113.945479">
        <ele>6.6</ele>
        <time>2023-08-16T00:48:36Z</time>
      </trkpt>
      <trkpt lat="22.524889" lon="113.945457">
        <ele>6.6</ele>
        <time>2023-08-16T00:48:37Z</time>
      </trkpt>
      <trkpt lat="22.524912" lon="113.945412">
        <ele>6.6</ele>
        <time>2023-08-16T00:48:38Z</time>
      </trkpt>
      <trkpt lat="22.524945" lon="113.945381">
        <ele>6.6</ele>
        <time>2023-08-16T00:48:39Z</time>
      </trkpt>
      <trkpt lat="22.52498" lon="113.945374">
        <ele>6.6</ele>
        <time>2023-08-16T00:48:40Z</time>
      </trkpt>
      <trkpt lat="22.525012" lon="113.945381">
        <ele>6.6</ele>
        <time>2023-08-16T00:48:41Z</time>
      </trkpt>
      <trkpt lat="22.525045" lon="113.945381">
        <ele>6.6</ele>
        <time>2023-08-16T00:48:42Z</time>
      </trkpt>
      <trkpt lat="22.525082" lon="113.945374">
        <ele>6.6</ele>
        <time>2023-08-16T00:48:43Z</time>
      </trkpt>
      <trkpt lat="22.52512" lon="113.945373">
        <ele>6.5</ele>
        <time>2023-08-16T00:48:44Z</time>
      </trkpt>
      <trkpt lat="22.525159" lon="113.945366">
        <ele>6.5</ele>
        <time>2023-08-16T00:48:45Z</time>
      </trkpt>
      <trkpt lat="22.525194" lon="113.945374">
        <ele>6.5</ele>
        <time>2023-08-16T00:48:46Z</time>
      </trkpt>
      <trkpt lat="22.525227" lon="113.945381">
        <ele>6.5</ele>
        <time>2023-08-16T00:48:47Z</time>
      </trkpt>
      <trkpt lat="22.525259" lon="113.945381">
        <ele>6.5</ele>
        <time>2023-08-16T00:48:48Z</time>
      </trkpt>
      <trkpt lat="22.525292" lon="113.945381">
        <ele>6.5</ele>
        <time>2023-08-16T00:48:49Z</time>
      </trkpt>
      <trkpt lat="22.525324" lon="113.945382">
        <ele>6.5</ele>
        <time>2023-08-16T00:48:50Z</time>
      </trkpt>
      <trkpt lat="22.525358" lon="113.945389">
        <ele>6.5</ele>
        <time>2023-08-16T00:48:51Z</time>
      </trkpt>
      <trkpt lat="22.525399" lon="113.945389">
        <ele>6.5</ele>
        <time>2023-08-16T00:48:52Z</time>
      </trkpt>
      <trkpt lat="22.525433" lon="113.945396">
        <ele>6.5</ele>
        <time>2023-08-16T00:48:53Z</time>
      </trkpt>
      <trkpt lat="22.525472" lon="113.945396">
        <ele>6.4</ele>
        <time>2023-08-16T00:48:54Z</time>
      </trkpt>
      <trkpt lat="22.525504" lon="113.945396">
        <ele>6.4</ele>
        <time>2023-08-16T00:48:55Z</time>
      </trkpt>
      <trkpt lat="22.525537" lon="113.945396">
        <ele>6.4</ele>
        <time>2023-08-16T00:48:56Z</time>
      </trkpt>
      <trkpt lat="22.525564" lon="113.945389">
        <ele>6.4</ele>
        <time>2023-08-16T00:48:57Z</time>
      </trkpt>
      <trkpt lat="22.525595" lon="113.945389">
        <ele>6.4</ele>
        <time>2023-08-16T00:48:58Z</time>
      </trkpt>
      <trkpt lat="22.525632" lon="113.945404">
        <ele>6.4</ele>
        <time>2023-08-16T00:48:59Z</time>
      </trkpt>
      <trkpt lat="22.525664" lon="113.945412">
        <ele>6.4</ele>
        <time>2023-08-16T00:49:00Z</time>
      </trkpt>
      <trkpt lat="22.525696" lon="113.945404">
        <ele>6.4</ele>
        <time>2023-08-16T00:49:01Z</time>
      </trkpt>
      <trkpt lat="22.525727" lon="113.945389">
        <ele>6.4</ele>
        <time>2023-08-16T00:49:02Z</time>
      </trkpt>
      <trkpt lat="22.525759" lon="113.945366">
        <ele>6.4</ele>
        <time>2023-08-16T00:49:03Z</time>
      </trkpt>
      <trkpt lat="22.52579" lon="113.945358">
        <ele>6.3</ele>
        <time>2023-08-16T00:49:04Z</time>
      </trkpt>
      <trkpt lat="22.525832" lon="113.945366">
        <ele>6.3</ele>
        <time>2023-08-16T00:49:05Z</time>
      </trkpt>
      <trkpt lat="22.525866" lon="113.945381">
        <ele>6.3</ele>
        <time>2023-08-16T00:49:06Z</time>
      </trkpt>
      <trkpt lat="22.525891" lon="113.945381">
        <ele>6.3</ele>
        <time>2023-08-16T00:49:07Z</time>
      </trkpt>
      <trkpt lat="22.525916" lon="113.945373">
        <ele>6.3</ele>
        <time>2023-08-16T00:49:08Z</time>
      </trkpt>
      <trkpt lat="22.525941" lon="113.945366">
        <ele>6.3</ele>
        <time>2023-08-16T00:49:09Z</time>
      </trkpt>
      <trkpt lat="22.525975" lon="113.945351">
        <ele>6.3</ele>
        <time>2023-08-16T00:49:10Z</time>
      </trkpt>
      <trkpt lat="22.526011" lon="113.945351">
        <ele>6.3</ele>
        <time>2023-08-16T00:49:11Z</time>
      </trkpt>
      <trkpt lat="22.526047" lon="113.945351">
        <ele>6.3</ele>
        <time>2023-08-16T00:49:12Z</time>
      </trkpt>
      <trkpt lat="22.526086" lon="113.94535">
        <ele>6.3</ele>
        <time>2023-08-16T00:49:13Z</time>
      </trkpt>
      <trkpt lat="22.526128" lon="113.945343">
        <ele>6.4</ele>
        <time>2023-08-16T00:49:14Z</time>
      </trkpt>
      <trkpt lat="22.526168" lon="113.945343">
        <ele>6.4</ele>
        <time>2023-08-16T00:49:15Z</time>
      </trkpt>
      <trkpt lat="22.526212" lon="113.945336">
        <ele>6.4</ele>
        <time>2023-08-16T00:49:16Z</time>
      </trkpt>
      <trkpt lat="22.526258" lon="113.945343">
        <ele>6.4</ele>
        <time>2023-08-16T00:49:17Z</time>
      </trkpt>
      <trkpt lat="22.526303" lon="113.945343">
        <ele>6.4</ele>
        <time>2023-08-16T00:49:18Z</time>
      </trkpt>
      <trkpt lat="22.526337" lon="113.945343">
        <ele>6.4</ele>
        <time>2023-08-16T00:49:19Z</time>
      </trkpt>
      <trkpt lat="22.526369" lon="113.945335">
        <ele>6.4</ele>
        <time>2023-08-16T00:49:20Z</time>
      </trkpt>
      <trkpt lat="22.526407" lon="113.945336">
        <ele>6.4</ele>
        <time>2023-08-16T00:49:21Z</time>
      </trkpt>
      <trkpt lat="22.526441" lon="113.945343">
        <ele>6.4</ele>
        <time>2023-08-16T00:49:22Z</time>
      </trkpt>
      <trkpt lat="22.526475" lon="113.945351">
        <ele>6.4</ele>
        <time>2023-08-16T00:49:23Z</time>
      </trkpt>
      <trkpt lat="22.526505" lon="113.945358">
        <ele>6.4</ele>
        <time>2023-08-16T00:49:24Z</time>
      </trkpt>
      <trkpt lat="22.526536" lon="113.945358">
        <ele>6.4</ele>
        <time>2023-08-16T00:49:25Z</time>
      </trkpt>
      <trkpt lat="22.526572" lon="113.945358">
        <ele>6.4</ele>
        <time>2023-08-16T00:49:26Z</time>
      </trkpt>
      <trkpt lat="22.52661" lon="113.945358">
        <ele>6.4</ele>
        <time>2023-08-16T00:49:27Z</time>
      </trkpt>
      <trkpt lat="22.52665" lon="113.945366">
        <ele>6.4</ele>
        <time>2023-08-16T00:49:28Z</time>
      </trkpt>
      <trkpt lat="22.526687" lon="113.945366">
        <ele>6.4</ele>
        <time>2023-08-16T00:49:29Z</time>
      </trkpt>
      <trkpt lat="22.526731" lon="113.945374">
        <ele>6.4</ele>
        <time>2023-08-16T00:49:30Z</time>
      </trkpt>
      <trkpt lat="22.526777" lon="113.945374">
        <ele>6.4</ele>
        <time>2023-08-16T00:49:31Z</time>
      </trkpt>
      <trkpt lat="22.526821" lon="113.945381">
        <ele>6.4</ele>
        <time>2023-08-16T00:49:32Z</time>
      </trkpt>
      <trkpt lat="22.52686" lon="113.945381">
        <ele>6.4</ele>
        <time>2023-08-16T00:49:33Z</time>
      </trkpt>
      <trkpt lat="22.526896" lon="113.945397">
        <ele>6.4</ele>
        <time>2023-08-16T00:49:34Z</time>
      </trkpt>
      <trkpt lat="22.526933" lon="113.945405">
        <ele>6.5</ele>
        <time>2023-08-16T00:49:35Z</time>
      </trkpt>
      <trkpt lat="22.526976" lon="113.945419">
        <ele>6.5</ele>
        <time>2023-08-16T00:49:36Z</time>
      </trkpt>
      <trkpt lat="22.52701" lon="113.945435">
        <ele>6.5</ele>
        <time>2023-08-16T00:49:37Z</time>
      </trkpt>
      <trkpt lat="22.527051" lon="113.945442">
        <ele>6.5</ele>
        <time>2023-08-16T00:49:38Z</time>
      </trkpt>
      <trkpt lat="22.527093" lon="113.94545">
        <ele>6.5</ele>
        <time>2023-08-16T00:49:39Z</time>
      </trkpt>
      <trkpt lat="22.527136" lon="113.945442">
        <ele>6.5</ele>
        <time>2023-08-16T00:49:40Z</time>
      </trkpt>
      <trkpt lat="22.527187" lon="113.945458">
        <ele>6.5</ele>
        <time>2023-08-16T00:49:41Z</time>
      </trkpt>
      <trkpt lat="22.527226" lon="113.945473">
        <ele>6.5</ele>
        <time>2023-08-16T00:49:42Z</time>
      </trkpt>
      <trkpt lat="22.527266" lon="113.945504">
        <ele>6.5</ele>
        <time>2023-08-16T00:49:43Z</time>
      </trkpt>
      <trkpt lat="22.527301" lon="113.945534">
        <ele>6.5</ele>
        <time>2023-08-16T00:49:44Z</time>
      </trkpt>
      <trkpt lat="22.527328" lon="113.945541">
        <ele>6.5</ele>
        <time>2023-08-16T00:49:45Z</time>
      </trkpt>
      <trkpt lat="22.527365" lon="113.945526">
        <ele>6.5</ele>
        <time>2023-08-16T00:49:46Z</time>
      </trkpt>
      <trkpt lat="22.527401" lon="113.945526">
        <ele>6.5</ele>
        <time>2023-08-16T00:49:47Z</time>
      </trkpt>
      <trkpt lat="22.527441" lon="113.945511">
        <ele>6.5</ele>
        <time>2023-08-16T00:49:48Z</time>
      </trkpt>
      <trkpt lat="22.527476" lon="113.945503">
        <ele>6.5</ele>
        <time>2023-08-16T00:49:49Z</time>
      </trkpt>
      <trkpt lat="22.52751" lon="113.945503">
        <ele>6.5</ele>
        <time>2023-08-16T00:49:50Z</time>
      </trkpt>
      <trkpt lat="22.527527" lon="113.945488">
        <ele>6.5</ele>
        <time>2023-08-16T00:49:51Z</time>
      </trkpt>
      <trkpt lat="22.52754" lon="113.945472">
        <ele>6.5</ele>
        <time>2023-08-16T00:49:52Z</time>
      </trkpt>
      <trkpt lat="22.527548" lon="113.94545">
        <ele>6.5</ele>
        <time>2023-08-16T00:49:53Z</time>
      </trkpt>
      <trkpt lat="22.527554" lon="113.945434">
        <ele>6.5</ele>
        <time>2023-08-16T00:49:54Z</time>
      </trkpt>
      <trkpt lat="22.527566" lon="113.945411">
        <ele>6.5</ele>
        <time>2023-08-16T00:49:55Z</time>
      </trkpt>
      <trkpt lat="22.527581" lon="113.945396">
        <ele>6.5</ele>
        <time>2023-08-16T00:49:56Z</time>
      </trkpt>
      <trkpt lat="22.527602" lon="113.945389">
        <ele>6.5</ele>
        <time>2023-08-16T00:49:57Z</time>
      </trkpt>
      <trkpt lat="22.527623" lon="113.945373">
        <ele>6.5</ele>
        <time>2023-08-16T00:49:58Z</time>
      </trkpt>
      <trkpt lat="22.527636" lon="113.945366">
        <ele>6.5</ele>
        <time>2023-08-16T00:49:59Z</time>
      </trkpt>
      <trkpt lat="22.527645" lon="113.94535">
        <ele>6.5</ele>
        <time>2023-08-16T00:50:01Z</time>
      </trkpt>
      <trkpt lat="22.527641" lon="113.945327">
        <ele>6.5</ele>
        <time>2023-08-16T00:50:02Z</time>
      </trkpt>
      <trkpt lat="22.527637" lon="113.945311">
        <ele>6.5</ele>
        <time>2023-08-16T00:50:03Z</time>
      </trkpt>
      <trkpt lat="22.527636" lon="113.945274">
        <ele>6.5</ele>
        <time>2023-08-16T00:50:04Z</time>
      </trkpt>
      <trkpt lat="22.527634" lon="113.945244">
        <ele>6.5</ele>
        <time>2023-08-16T00:50:05Z</time>
      </trkpt>
      <trkpt lat="22.52763" lon="113.945213">
        <ele>6.5</ele>
        <time>2023-08-16T00:50:06Z</time>
      </trkpt>
      <trkpt lat="22.527626" lon="113.945182">
        <ele>6.5</ele>
        <time>2023-08-16T00:50:07Z</time>
      </trkpt>
      <trkpt lat="22.527628" lon="113.945136">
        <ele>6.5</ele>
        <time>2023-08-16T00:50:08Z</time>
      </trkpt>
      <trkpt lat="22.527634" lon="113.945098">
        <ele>6.5</ele>
        <time>2023-08-16T00:50:09Z</time>
      </trkpt>
      <trkpt lat="22.527632" lon="113.94506">
        <ele>6.5</ele>
        <time>2023-08-16T00:50:10Z</time>
      </trkpt>
      <trkpt lat="22.527624" lon="113.945038">
        <ele>6.5</ele>
        <time>2023-08-16T00:50:11Z</time>
      </trkpt>
      <trkpt lat="22.527609" lon="113.945007">
        <ele>6.5</ele>
        <time>2023-08-16T00:50:12Z</time>
      </trkpt>
      <trkpt lat="22.527585" lon="113.944984">
        <ele>6.5</ele>
        <time>2023-08-16T00:50:13Z</time>
      </trkpt>
      <trkpt lat="22.527558" lon="113.94496">
        <ele>6.5</ele>
        <time>2023-08-16T00:50:14Z</time>
      </trkpt>
      <trkpt lat="22.52754" lon="113.94493">
        <ele>6.5</ele>
        <time>2023-08-16T00:50:15Z</time>
      </trkpt>
      <trkpt lat="22.527525" lon="113.944908">
        <ele>6.5</ele>
        <time>2023-08-16T00:50:16Z</time>
      </trkpt>
      <trkpt lat="22.527513" lon="113.944877">
        <ele>6.5</ele>
        <time>2023-08-16T00:50:17Z</time>
      </trkpt>
      <trkpt lat="22.52751" lon="113.944831">
        <ele>6.5</ele>
        <time>2023-08-16T00:50:18Z</time>
      </trkpt>
      <trkpt lat="22.52751" lon="113.944793">
        <ele>6.5</ele>
        <time>2023-08-16T00:50:19Z</time>
      </trkpt>
      <trkpt lat="22.52751" lon="113.944747">
        <ele>6.5</ele>
        <time>2023-08-16T00:50:20Z</time>
      </trkpt>
      <trkpt lat="22.52751" lon="113.944709">
        <ele>6.5</ele>
        <time>2023-08-16T00:50:21Z</time>
      </trkpt>
      <trkpt lat="22.527512" lon="113.944664">
        <ele>6.5</ele>
        <time>2023-08-16T00:50:22Z</time>
      </trkpt>
      <trkpt lat="22.527514" lon="113.944626">
        <ele>6.5</ele>
        <time>2023-08-16T00:50:23Z</time>
      </trkpt>
      <trkpt lat="22.527515" lon="113.944579">
        <ele>6.5</ele>
        <time>2023-08-16T00:50:24Z</time>
      </trkpt>
      <trkpt lat="22.527517" lon="113.944534">
        <ele>6.5</ele>
        <time>2023-08-16T00:50:25Z</time>
      </trkpt>
      <trkpt lat="22.527515" lon="113.944488">
        <ele>6.5</ele>
        <time>2023-08-16T00:50:26Z</time>
      </trkpt>
      <trkpt lat="22.527512" lon="113.944449">
        <ele>6.5</ele>
        <time>2023-08-16T00:50:27Z</time>
      </trkpt>
      <trkpt lat="22.527508" lon="113.944396">
        <ele>6.5</ele>
        <time>2023-08-16T00:50:28Z</time>
      </trkpt>
      <trkpt lat="22.527504" lon="113.94435">
        <ele>6.5</ele>
        <time>2023-08-16T00:50:29Z</time>
      </trkpt>
      <trkpt lat="22.527494" lon="113.944297">
        <ele>6.5</ele>
        <time>2023-08-16T00:50:30Z</time>
      </trkpt>
      <trkpt lat="22.527493" lon="113.944251">
        <ele>6.5</ele>
        <time>2023-08-16T00:50:31Z</time>
      </trkpt>
      <trkpt lat="22.527496" lon="113.944213">
        <ele>6.5</ele>
        <time>2023-08-16T00:50:32Z</time>
      </trkpt>
      <trkpt lat="22.527498" lon="113.944183">
        <ele>6.5</ele>
        <time>2023-08-16T00:50:33Z</time>
      </trkpt>
      <trkpt lat="22.527496" lon="113.944152">
        <ele>6.5</ele>
        <time>2023-08-16T00:50:34Z</time>
      </trkpt>
      <trkpt lat="22.527494" lon="113.944121">
        <ele>6.5</ele>
        <time>2023-08-16T00:50:35Z</time>
      </trkpt>
      <trkpt lat="22.527487" lon="113.944076">
        <ele>6.5</ele>
        <time>2023-08-16T00:50:36Z</time>
      </trkpt>
      <trkpt lat="22.527475" lon="113.944038">
        <ele>6.5</ele>
        <time>2023-08-16T00:50:37Z</time>
      </trkpt>
      <trkpt lat="22.527468" lon="113.944008">
        <ele>6.5</ele>
        <time>2023-08-16T00:50:38Z</time>
      </trkpt>
      <trkpt lat="22.527464" lon="113.943969">
        <ele>6.5</ele>
        <time>2023-08-16T00:50:39Z</time>
      </trkpt>
      <trkpt lat="22.527464" lon="113.943915">
        <ele>6.5</ele>
        <time>2023-08-16T00:50:40Z</time>
      </trkpt>
      <trkpt lat="22.527462" lon="113.943871">
        <ele>6.5</ele>
        <time>2023-08-16T00:50:41Z</time>
      </trkpt>
      <trkpt lat="22.52746" lon="113.943816">
        <ele>6.5</ele>
        <time>2023-08-16T00:50:42Z</time>
      </trkpt>
      <trkpt lat="22.527454" lon="113.943762">
        <ele>6.5</ele>
        <time>2023-08-16T00:50:43Z</time>
      </trkpt>
      <trkpt lat="22.527456" lon="113.943702">
        <ele>6.5</ele>
        <time>2023-08-16T00:50:44Z</time>
      </trkpt>
      <trkpt lat="22.52746" lon="113.943655">
        <ele>6.5</ele>
        <time>2023-08-16T00:50:45Z</time>
      </trkpt>
      <trkpt lat="22.527464" lon="113.94361">
        <ele>6.5</ele>
        <time>2023-08-16T00:50:46Z</time>
      </trkpt>
      <trkpt lat="22.527464" lon="113.943579">
        <ele>6.5</ele>
        <time>2023-08-16T00:50:47Z</time>
      </trkpt>
      <trkpt lat="22.527468" lon="113.943534">
        <ele>6.5</ele>
        <time>2023-08-16T00:50:48Z</time>
      </trkpt>
      <trkpt lat="22.527473" lon="113.943489">
        <ele>6.5</ele>
        <time>2023-08-16T00:50:49Z</time>
      </trkpt>
      <trkpt lat="22.527479" lon="113.94345">
        <ele>6.5</ele>
        <time>2023-08-16T00:50:50Z</time>
      </trkpt>
      <trkpt lat="22.527479" lon="113.943405">
        <ele>6.5</ele>
        <time>2023-08-16T00:50:51Z</time>
      </trkpt>
      <trkpt lat="22.527483" lon="113.943358">
        <ele>6.5</ele>
        <time>2023-08-16T00:50:52Z</time>
      </trkpt>
      <trkpt lat="22.527485" lon="113.943314">
        <ele>6.5</ele>
        <time>2023-08-16T00:50:53Z</time>
      </trkpt>
      <trkpt lat="22.527495" lon="113.943275">
        <ele>6.5</ele>
        <time>2023-08-16T00:50:54Z</time>
      </trkpt>
      <trkpt lat="22.527514" lon="113.943252">
        <ele>6.5</ele>
        <time>2023-08-16T00:50:55Z</time>
      </trkpt>
      <trkpt lat="22.527525" lon="113.94323">
        <ele>6.5</ele>
        <time>2023-08-16T00:50:56Z</time>
      </trkpt>
      <trkpt lat="22.527533" lon="113.943206">
        <ele>6.5</ele>
        <time>2023-08-16T00:50:57Z</time>
      </trkpt>
      <trkpt lat="22.527546" lon="113.943183">
        <ele>6.5</ele>
        <time>2023-08-16T00:50:58Z</time>
      </trkpt>
      <trkpt lat="22.527556" lon="113.943161">
        <ele>6.5</ele>
        <time>2023-08-16T00:50:59Z</time>
      </trkpt>
      <trkpt lat="22.527557" lon="113.943123">
        <ele>6.5</ele>
        <time>2023-08-16T00:51:00Z</time>
      </trkpt>
      <trkpt lat="22.527554" lon="113.943084">
        <ele>6.5</ele>
        <time>2023-08-16T00:51:01Z</time>
      </trkpt>
      <trkpt lat="22.527552" lon="113.943045">
        <ele>6.5</ele>
        <time>2023-08-16T00:51:02Z</time>
      </trkpt>
      <trkpt lat="22.52755" lon="113.943007">
        <ele>6.5</ele>
        <time>2023-08-16T00:51:03Z</time>
      </trkpt>
      <trkpt lat="22.527552" lon="113.94297">
        <ele>6.5</ele>
        <time>2023-08-16T00:51:04Z</time>
      </trkpt>
      <trkpt lat="22.527548" lon="113.942931">
        <ele>6.5</ele>
        <time>2023-08-16T00:51:05Z</time>
      </trkpt>
      <trkpt lat="22.527544" lon="113.942893">
        <ele>6.5</ele>
        <time>2023-08-16T00:51:06Z</time>
      </trkpt>
      <trkpt lat="22.527536" lon="113.942856">
        <ele>6.5</ele>
        <time>2023-08-16T00:51:07Z</time>
      </trkpt>
      <trkpt lat="22.527529" lon="113.942825">
        <ele>6.5</ele>
        <time>2023-08-16T00:51:08Z</time>
      </trkpt>
      <trkpt lat="22.527523" lon="113.94278">
        <ele>6.5</ele>
        <time>2023-08-16T00:51:09Z</time>
      </trkpt>
      <trkpt lat="22.527519" lon="113.942741">
        <ele>6.5</ele>
        <time>2023-08-16T00:51:10Z</time>
      </trkpt>
      <trkpt lat="22.527523" lon="113.942701">
        <ele>6.5</ele>
        <time>2023-08-16T00:51:11Z</time>
      </trkpt>
      <trkpt lat="22.527523" lon="113.942664">
        <ele>6.5</ele>
        <time>2023-08-16T00:51:12Z</time>
      </trkpt>
      <trkpt lat="22.527523" lon="113.942626">
        <ele>6.5</ele>
        <time>2023-08-16T00:51:13Z</time>
      </trkpt>
      <trkpt lat="22.527523" lon="113.942589">
        <ele>6.5</ele>
        <time>2023-08-16T00:51:14Z</time>
      </trkpt>
      <trkpt lat="22.527521" lon="113.942558">
        <ele>6.5</ele>
        <time>2023-08-16T00:51:15Z</time>
      </trkpt>
      <trkpt lat="22.527515" lon="113.94252">
        <ele>6.5</ele>
        <time>2023-08-16T00:51:16Z</time>
      </trkpt>
      <trkpt lat="22.52751" lon="113.942482">
        <ele>6.5</ele>
        <time>2023-08-16T00:51:17Z</time>
      </trkpt>
      <trkpt lat="22.527504" lon="113.942451">
        <ele>6.5</ele>
        <time>2023-08-16T00:51:18Z</time>
      </trkpt>
      <trkpt lat="22.5275" lon="113.942413">
        <ele>6.5</ele>
        <time>2023-08-16T00:51:19Z</time>
      </trkpt>
      <trkpt lat="22.527502" lon="113.942367">
        <ele>6.5</ele>
        <time>2023-08-16T00:51:20Z</time>
      </trkpt>
      <trkpt lat="22.527502" lon="113.942337">
        <ele>6.5</ele>
        <time>2023-08-16T00:51:21Z</time>
      </trkpt>
      <trkpt lat="22.527506" lon="113.942306">
        <ele>6.5</ele>
        <time>2023-08-16T00:51:22Z</time>
      </trkpt>
      <trkpt lat="22.527502" lon="113.942276">
        <ele>6.5</ele>
        <time>2023-08-16T00:51:23Z</time>
      </trkpt>
      <trkpt lat="22.527498" lon="113.942238">
        <ele>6.5</ele>
        <time>2023-08-16T00:51:24Z</time>
      </trkpt>
      <trkpt lat="22.527494" lon="113.942199">
        <ele>6.5</ele>
        <time>2023-08-16T00:51:25Z</time>
      </trkpt>
      <trkpt lat="22.527493" lon="113.942153">
        <ele>6.5</ele>
        <time>2023-08-16T00:51:26Z</time>
      </trkpt>
      <trkpt lat="22.527498" lon="113.942108">
        <ele>6.5</ele>
        <time>2023-08-16T00:51:27Z</time>
      </trkpt>
      <trkpt lat="22.527502" lon="113.942062">
        <ele>6.5</ele>
        <time>2023-08-16T00:51:28Z</time>
      </trkpt>
      <trkpt lat="22.527498" lon="113.942024">
        <ele>6.5</ele>
        <time>2023-08-16T00:51:29Z</time>
      </trkpt>
      <trkpt lat="22.527489" lon="113.941986">
        <ele>6.5</ele>
        <time>2023-08-16T00:51:30Z</time>
      </trkpt>
      <trkpt lat="22.527496" lon="113.941948">
        <ele>6.5</ele>
        <time>2023-08-16T00:51:31Z</time>
      </trkpt>
      <trkpt lat="22.527508" lon="113.941902">
        <ele>6.5</ele>
        <time>2023-08-16T00:51:32Z</time>
      </trkpt>
      <trkpt lat="22.527515" lon="113.941879">
        <ele>6.5</ele>
        <time>2023-08-16T00:51:33Z</time>
      </trkpt>
      <trkpt lat="22.527511" lon="113.941848">
        <ele>6.5</ele>
        <time>2023-08-16T00:51:34Z</time>
      </trkpt>
      <trkpt lat="22.527504" lon="113.94181">
        <ele>6.5</ele>
        <time>2023-08-16T00:51:35Z</time>
      </trkpt>
      <trkpt lat="22.527494" lon="113.941779">
        <ele>6.5</ele>
        <time>2023-08-16T00:51:36Z</time>
      </trkpt>
      <trkpt lat="22.527493" lon="113.941749">
        <ele>6.5</ele>
        <time>2023-08-16T00:51:37Z</time>
      </trkpt>
      <trkpt lat="22.527493" lon="113.941711">
        <ele>6.5</ele>
        <time>2023-08-16T00:51:38Z</time>
      </trkpt>
      <trkpt lat="22.527494" lon="113.941673">
        <ele>6.5</ele>
        <time>2023-08-16T00:51:39Z</time>
      </trkpt>
      <trkpt lat="22.527491" lon="113.941642">
        <ele>6.5</ele>
        <time>2023-08-16T00:51:40Z</time>
      </trkpt>
      <trkpt lat="22.527485" lon="113.941604">
        <ele>6.5</ele>
        <time>2023-08-16T00:51:41Z</time>
      </trkpt>
      <trkpt lat="22.527487" lon="113.941574">
        <ele>6.5</ele>
        <time>2023-08-16T00:51:42Z</time>
      </trkpt>
      <trkpt lat="22.527491" lon="113.941543">
        <ele>6.5</ele>
        <time>2023-08-16T00:51:43Z</time>
      </trkpt>
      <trkpt lat="22.527495" lon="113.941513">
        <ele>6.5</ele>
        <time>2023-08-16T00:51:44Z</time>
      </trkpt>
      <trkpt lat="22.527504" lon="113.941498">
        <ele>6.5</ele>
        <time>2023-08-16T00:51:45Z</time>
      </trkpt>
      <trkpt lat="22.527517" lon="113.941482">
        <ele>6.5</ele>
        <time>2023-08-16T00:51:46Z</time>
      </trkpt>
      <trkpt lat="22.527527" lon="113.941467">
        <ele>6.5</ele>
        <time>2023-08-16T00:51:47Z</time>
      </trkpt>
      <trkpt lat="22.527533" lon="113.941452">
        <ele>6.5</ele>
        <time>2023-08-16T00:51:48Z</time>
      </trkpt>
      <trkpt lat="22.527531" lon="113.941429">
        <ele>6.5</ele>
        <time>2023-08-16T00:51:49Z</time>
      </trkpt>
      <trkpt lat="22.527529" lon="113.941414">
        <ele>6.5</ele>
        <time>2023-08-16T00:51:50Z</time>
      </trkpt>
      <trkpt lat="22.527529" lon="113.941391">
        <ele>6.5</ele>
        <time>2023-08-16T00:51:51Z</time>
      </trkpt>
      <trkpt lat="22.527537" lon="113.941375">
        <ele>6.5</ele>
        <time>2023-08-16T00:51:52Z</time>
      </trkpt>
      <trkpt lat="22.527542" lon="113.941353">
        <ele>6.5</ele>
        <time>2023-08-16T00:51:53Z</time>
      </trkpt>
      <trkpt lat="22.527542" lon="113.941345">
        <ele>6.5</ele>
        <time>2023-08-16T00:51:54Z</time>
      </trkpt>
      <trkpt lat="22.527534" lon="113.941337">
        <ele>6.5</ele>
        <time>2023-08-16T00:51:55Z</time>
      </trkpt>
      <trkpt lat="22.527529" lon="113.94133">
        <ele>6.5</ele>
        <time>2023-08-16T00:51:56Z</time>
      </trkpt>
      <trkpt lat="22.527523" lon="113.941322">
        <ele>6.5</ele>
        <time>2023-08-16T00:51:57Z</time>
      </trkpt>
    </trkseg>
  </trk>
</gpx>