<?xml version="1.0" encoding="UTF-8"?>
<gpx xmlns="http://www.topografix.com/GPX/1/1" xmlns:xsi="http://www.w3.org/2001/XMLSchema-instance" xsi:schemaLocation="http://www.topografix.com/GPX/1/1 http://www.topografix.com/GPX/1/1/gpx.xsd" version="1.1" creator="鹏">
  <metadata>
    <name>XC 🚴（XTC800） (Completed)</name>
    <desc>Distance: 10.571km, Estimated duration: 0.96h, Elevation up: 73.0m, Elevation down: 75.0m</desc>
    <author>
      <name>鹏</name>
      <link href="https://www.komoot.de/user/3342641231843">
        <text>View 鹏's Profile on Komoot</text>
      </link>
    </author>
    <link href="https://www.komoot.de/tour/1354334159">
      <text>View tour on Komoot</text>
    </link>
  </metadata>
  <trk>
    <name>XC 🚴（XTC800） (Completed)</name>
    <desc>Distance: 10.571km, Estimated duration: 0.96h, Elevation up: 73.0m, Elevation down: 75.0m</desc>
    <link href="https://www.komoot.de/tour/1354334159">
      <text>View tour on Komoot</text>
    </link>
    <trkseg>
      <trkpt lat="22.559265" lon="113.970422">
        <ele>26.4</ele>
        <time>2023-10-19T08:14:35Z</time>
      </trkpt>
      <trkpt lat="22.55923" lon="113.970414">
        <ele>26.4</ele>
        <time>2023-10-19T08:15:03Z</time>
      </trkpt>
      <trkpt lat="22.5592" lon="113.970407">
        <ele>26.4</ele>
        <time>2023-10-19T08:15:04Z</time>
      </trkpt>
      <trkpt lat="22.55917" lon="113.970399">
        <ele>26.4</ele>
        <time>2023-10-19T08:15:05Z</time>
      </trkpt>
      <trkpt lat="22.559139" lon="113.970385">
        <ele>26.4</ele>
        <time>2023-10-19T08:15:06Z</time>
      </trkpt>
      <trkpt lat="22.559109" lon="113.970376">
        <ele>26.4</ele>
        <time>2023-10-19T08:15:07Z</time>
      </trkpt>
      <trkpt lat="22.559079" lon="113.970362">
        <ele>26.4</ele>
        <time>2023-10-19T08:15:08Z</time>
      </trkpt>
      <trkpt lat="22.559055" lon="113.970353">
        <ele>26.4</ele>
        <time>2023-10-19T08:15:09Z</time>
      </trkpt>
      <trkpt lat="22.559034" lon="113.970346">
        <ele>26.4</ele>
        <time>2023-10-19T08:15:10Z</time>
      </trkpt>
      <trkpt lat="22.559013" lon="113.970338">
        <ele>26.4</ele>
        <time>2023-10-19T08:15:11Z</time>
      </trkpt>
      <trkpt lat="22.558987" lon="113.97033">
        <ele>26.4</ele>
        <time>2023-10-19T08:15:12Z</time>
      </trkpt>
      <trkpt lat="22.558961" lon="113.970322">
        <ele>26.4</ele>
        <time>2023-10-19T08:15:13Z</time>
      </trkpt>
      <trkpt lat="22.558937" lon="113.970322">
        <ele>26.4</ele>
        <time>2023-10-19T08:15:14Z</time>
      </trkpt>
      <trkpt lat="22.558923" lon="113.970315">
        <ele>26.4</ele>
        <time>2023-10-19T08:15:15Z</time>
      </trkpt>
      <trkpt lat="22.558915" lon="113.970321">
        <ele>26.4</ele>
        <time>2023-10-19T08:15:16Z</time>
      </trkpt>
      <trkpt lat="22.558909" lon="113.970329">
        <ele>26.4</ele>
        <time>2023-10-19T08:15:17Z</time>
      </trkpt>
      <trkpt lat="22.558901" lon="113.970343">
        <ele>26.4</ele>
        <time>2023-10-19T08:15:18Z</time>
      </trkpt>
      <trkpt lat="22.558896" lon="113.970359">
        <ele>26.4</ele>
        <time>2023-10-19T08:15:19Z</time>
      </trkpt>
      <trkpt lat="22.558893" lon="113.970381">
        <ele>26.4</ele>
        <time>2023-10-19T08:15:20Z</time>
      </trkpt>
      <trkpt lat="22.558902" lon="113.97041">
        <ele>26.4</ele>
        <time>2023-10-19T08:15:21Z</time>
      </trkpt>
      <trkpt lat="22.558904" lon="113.970441">
        <ele>26.4</ele>
        <time>2023-10-19T08:15:22Z</time>
      </trkpt>
      <trkpt lat="22.558894" lon="113.970472">
        <ele>26.4</ele>
        <time>2023-10-19T08:15:23Z</time>
      </trkpt>
      <trkpt lat="22.558879" lon="113.970502">
        <ele>26.4</ele>
        <time>2023-10-19T08:15:24Z</time>
      </trkpt>
      <trkpt lat="22.558864" lon="113.970533">
        <ele>26.4</ele>
        <time>2023-10-19T08:15:25Z</time>
      </trkpt>
      <trkpt lat="22.558854" lon="113.970564">
        <ele>26.4</ele>
        <time>2023-10-19T08:15:26Z</time>
      </trkpt>
      <trkpt lat="22.558844" lon="113.970594">
        <ele>26.4</ele>
        <time>2023-10-19T08:15:27Z</time>
      </trkpt>
      <trkpt lat="22.558835" lon="113.970624">
        <ele>26.4</ele>
        <time>2023-10-19T08:15:28Z</time>
      </trkpt>
      <trkpt lat="22.558825" lon="113.970648">
        <ele>26.4</ele>
        <time>2023-10-19T08:15:29Z</time>
      </trkpt>
      <trkpt lat="22.558821" lon="113.970678">
        <ele>26.4</ele>
        <time>2023-10-19T08:15:30Z</time>
      </trkpt>
      <trkpt lat="22.558807" lon="113.970708">
        <ele>26.4</ele>
        <time>2023-10-19T08:15:31Z</time>
      </trkpt>
      <trkpt lat="22.558795" lon="113.970739">
        <ele>26.4</ele>
        <time>2023-10-19T08:15:32Z</time>
      </trkpt>
      <trkpt lat="22.558785" lon="113.970777">
        <ele>26.4</ele>
        <time>2023-10-19T08:15:33Z</time>
      </trkpt>
      <trkpt lat="22.558775" lon="113.970808">
        <ele>26.4</ele>
        <time>2023-10-19T08:15:34Z</time>
      </trkpt>
      <trkpt lat="22.558768" lon="113.970845">
        <ele>26.4</ele>
        <time>2023-10-19T08:15:35Z</time>
      </trkpt>
      <trkpt lat="22.558758" lon="113.970878">
        <ele>26.4</ele>
        <time>2023-10-19T08:15:36Z</time>
      </trkpt>
      <trkpt lat="22.558751" lon="113.970914">
        <ele>26.4</ele>
        <time>2023-10-19T08:15:37Z</time>
      </trkpt>
      <trkpt lat="22.558741" lon="113.970938">
        <ele>26.4</ele>
        <time>2023-10-19T08:15:38Z</time>
      </trkpt>
      <trkpt lat="22.558726" lon="113.970961">
        <ele>26.4</ele>
        <time>2023-10-19T08:15:39Z</time>
      </trkpt>
      <trkpt lat="22.558711" lon="113.970984">
        <ele>26.4</ele>
        <time>2023-10-19T08:15:40Z</time>
      </trkpt>
      <trkpt lat="22.558696" lon="113.971014">
        <ele>26.4</ele>
        <time>2023-10-19T08:15:41Z</time>
      </trkpt>
      <trkpt lat="22.558681" lon="113.971044">
        <ele>26.4</ele>
        <time>2023-10-19T08:15:42Z</time>
      </trkpt>
      <trkpt lat="22.558667" lon="113.971075">
        <ele>26.4</ele>
        <time>2023-10-19T08:15:43Z</time>
      </trkpt>
      <trkpt lat="22.558656" lon="113.971112">
        <ele>26.4</ele>
        <time>2023-10-19T08:15:44Z</time>
      </trkpt>
      <trkpt lat="22.558644" lon="113.971143">
        <ele>26.4</ele>
        <time>2023-10-19T08:15:45Z</time>
      </trkpt>
      <trkpt lat="22.55864" lon="113.971174">
        <ele>26.5</ele>
        <time>2023-10-19T08:15:46Z</time>
      </trkpt>
      <trkpt lat="22.558632" lon="113.971205">
        <ele>26.5</ele>
        <time>2023-10-19T08:15:47Z</time>
      </trkpt>
      <trkpt lat="22.558618" lon="113.971242">
        <ele>26.5</ele>
        <time>2023-10-19T08:15:48Z</time>
      </trkpt>
      <trkpt lat="22.558606" lon="113.97128">
        <ele>26.5</ele>
        <time>2023-10-19T08:15:49Z</time>
      </trkpt>
      <trkpt lat="22.558596" lon="113.971318">
        <ele>26.5</ele>
        <time>2023-10-19T08:15:50Z</time>
      </trkpt>
      <trkpt lat="22.558585" lon="113.971357">
        <ele>26.5</ele>
        <time>2023-10-19T08:15:51Z</time>
      </trkpt>
      <trkpt lat="22.558571" lon="113.971387">
        <ele>26.5</ele>
        <time>2023-10-19T08:15:52Z</time>
      </trkpt>
      <trkpt lat="22.558551" lon="113.971411">
        <ele>26.5</ele>
        <time>2023-10-19T08:15:53Z</time>
      </trkpt>
      <trkpt lat="22.558534" lon="113.971434">
        <ele>26.5</ele>
        <time>2023-10-19T08:15:54Z</time>
      </trkpt>
      <trkpt lat="22.558512" lon="113.97145">
        <ele>26.5</ele>
        <time>2023-10-19T08:15:55Z</time>
      </trkpt>
      <trkpt lat="22.558486" lon="113.971458">
        <ele>26.5</ele>
        <time>2023-10-19T08:15:56Z</time>
      </trkpt>
      <trkpt lat="22.558453" lon="113.971465">
        <ele>26.5</ele>
        <time>2023-10-19T08:15:57Z</time>
      </trkpt>
      <trkpt lat="22.558418" lon="113.971452">
        <ele>26.5</ele>
        <time>2023-10-19T08:15:58Z</time>
      </trkpt>
      <trkpt lat="22.558386" lon="113.971437">
        <ele>26.5</ele>
        <time>2023-10-19T08:15:59Z</time>
      </trkpt>
      <trkpt lat="22.558358" lon="113.971414">
        <ele>26.5</ele>
        <time>2023-10-19T08:16:00Z</time>
      </trkpt>
      <trkpt lat="22.55833" lon="113.971405">
        <ele>26.5</ele>
        <time>2023-10-19T08:16:01Z</time>
      </trkpt>
      <trkpt lat="22.558297" lon="113.971405">
        <ele>26.5</ele>
        <time>2023-10-19T08:16:02Z</time>
      </trkpt>
      <trkpt lat="22.558264" lon="113.971398">
        <ele>26.5</ele>
        <time>2023-10-19T08:16:03Z</time>
      </trkpt>
      <trkpt lat="22.558232" lon="113.971397">
        <ele>26.5</ele>
        <time>2023-10-19T08:16:04Z</time>
      </trkpt>
      <trkpt lat="22.558198" lon="113.971397">
        <ele>26.6</ele>
        <time>2023-10-19T08:16:05Z</time>
      </trkpt>
      <trkpt lat="22.558168" lon="113.971404">
        <ele>26.6</ele>
        <time>2023-10-19T08:16:06Z</time>
      </trkpt>
      <trkpt lat="22.558139" lon="113.971419">
        <ele>26.6</ele>
        <time>2023-10-19T08:16:07Z</time>
      </trkpt>
      <trkpt lat="22.558113" lon="113.971434">
        <ele>26.6</ele>
        <time>2023-10-19T08:16:08Z</time>
      </trkpt>
      <trkpt lat="22.55809" lon="113.971456">
        <ele>26.6</ele>
        <time>2023-10-19T08:16:09Z</time>
      </trkpt>
      <trkpt lat="22.558074" lon="113.971486">
        <ele>26.6</ele>
        <time>2023-10-19T08:16:10Z</time>
      </trkpt>
      <trkpt lat="22.558064" lon="113.971517">
        <ele>26.6</ele>
        <time>2023-10-19T08:16:11Z</time>
      </trkpt>
      <trkpt lat="22.558055" lon="113.971555">
        <ele>26.6</ele>
        <time>2023-10-19T08:16:12Z</time>
      </trkpt>
      <trkpt lat="22.558047" lon="113.9716">
        <ele>26.6</ele>
        <time>2023-10-19T08:16:13Z</time>
      </trkpt>
      <trkpt lat="22.558041" lon="113.971638">
        <ele>26.6</ele>
        <time>2023-10-19T08:16:14Z</time>
      </trkpt>
      <trkpt lat="22.558032" lon="113.97167">
        <ele>26.6</ele>
        <time>2023-10-19T08:16:15Z</time>
      </trkpt>
      <trkpt lat="22.558021" lon="113.971707">
        <ele>26.6</ele>
        <time>2023-10-19T08:16:16Z</time>
      </trkpt>
      <trkpt lat="22.557991" lon="113.971746">
        <ele>26.6</ele>
        <time>2023-10-19T08:16:17Z</time>
      </trkpt>
      <trkpt lat="22.557975" lon="113.971777">
        <ele>26.6</ele>
        <time>2023-10-19T08:16:18Z</time>
      </trkpt>
      <trkpt lat="22.55796" lon="113.971815">
        <ele>26.6</ele>
        <time>2023-10-19T08:16:19Z</time>
      </trkpt>
      <trkpt lat="22.557948" lon="113.971845">
        <ele>26.6</ele>
        <time>2023-10-19T08:16:20Z</time>
      </trkpt>
      <trkpt lat="22.557944" lon="113.971876">
        <ele>26.6</ele>
        <time>2023-10-19T08:16:21Z</time>
      </trkpt>
      <trkpt lat="22.55794" lon="113.971899">
        <ele>26.6</ele>
        <time>2023-10-19T08:16:22Z</time>
      </trkpt>
      <trkpt lat="22.557934" lon="113.971936">
        <ele>26.6</ele>
        <time>2023-10-19T08:16:23Z</time>
      </trkpt>
      <trkpt lat="22.55793" lon="113.971974">
        <ele>26.7</ele>
        <time>2023-10-19T08:16:24Z</time>
      </trkpt>
      <trkpt lat="22.557932" lon="113.972019">
        <ele>26.7</ele>
        <time>2023-10-19T08:16:25Z</time>
      </trkpt>
      <trkpt lat="22.557928" lon="113.972058">
        <ele>26.7</ele>
        <time>2023-10-19T08:16:26Z</time>
      </trkpt>
      <trkpt lat="22.557923" lon="113.972097">
        <ele>26.7</ele>
        <time>2023-10-19T08:16:27Z</time>
      </trkpt>
      <trkpt lat="22.557915" lon="113.972134">
        <ele>26.7</ele>
        <time>2023-10-19T08:16:28Z</time>
      </trkpt>
      <trkpt lat="22.557904" lon="113.972172">
        <ele>26.7</ele>
        <time>2023-10-19T08:16:29Z</time>
      </trkpt>
      <trkpt lat="22.557893" lon="113.972217">
        <ele>26.7</ele>
        <time>2023-10-19T08:16:30Z</time>
      </trkpt>
      <trkpt lat="22.557883" lon="113.972256">
        <ele>26.7</ele>
        <time>2023-10-19T08:16:31Z</time>
      </trkpt>
      <trkpt lat="22.557874" lon="113.972301">
        <ele>26.7</ele>
        <time>2023-10-19T08:16:32Z</time>
      </trkpt>
      <trkpt lat="22.557862" lon="113.972333">
        <ele>26.7</ele>
        <time>2023-10-19T08:16:33Z</time>
      </trkpt>
      <trkpt lat="22.557854" lon="113.972371">
        <ele>26.7</ele>
        <time>2023-10-19T08:16:34Z</time>
      </trkpt>
      <trkpt lat="22.557841" lon="113.972409">
        <ele>26.7</ele>
        <time>2023-10-19T08:16:35Z</time>
      </trkpt>
      <trkpt lat="22.55783" lon="113.972447">
        <ele>26.7</ele>
        <time>2023-10-19T08:16:36Z</time>
      </trkpt>
      <trkpt lat="22.557817" lon="113.972485">
        <ele>26.7</ele>
        <time>2023-10-19T08:16:37Z</time>
      </trkpt>
      <trkpt lat="22.557805" lon="113.972524">
        <ele>26.7</ele>
        <time>2023-10-19T08:16:38Z</time>
      </trkpt>
      <trkpt lat="22.557794" lon="113.972561">
        <ele>26.7</ele>
        <time>2023-10-19T08:16:39Z</time>
      </trkpt>
      <trkpt lat="22.557781" lon="113.972599">
        <ele>26.7</ele>
        <time>2023-10-19T08:16:40Z</time>
      </trkpt>
      <trkpt lat="22.557767" lon="113.972631">
        <ele>26.7</ele>
        <time>2023-10-19T08:16:41Z</time>
      </trkpt>
      <trkpt lat="22.557757" lon="113.972668">
        <ele>26.7</ele>
        <time>2023-10-19T08:16:42Z</time>
      </trkpt>
      <trkpt lat="22.557743" lon="113.972699">
        <ele>26.7</ele>
        <time>2023-10-19T08:16:43Z</time>
      </trkpt>
      <trkpt lat="22.557727" lon="113.972731">
        <ele>26.7</ele>
        <time>2023-10-19T08:16:44Z</time>
      </trkpt>
      <trkpt lat="22.557712" lon="113.972761">
        <ele>26.7</ele>
        <time>2023-10-19T08:16:45Z</time>
      </trkpt>
      <trkpt lat="22.557695" lon="113.972798">
        <ele>26.7</ele>
        <time>2023-10-19T08:16:46Z</time>
      </trkpt>
      <trkpt lat="22.557678" lon="113.972829">
        <ele>26.7</ele>
        <time>2023-10-19T08:16:47Z</time>
      </trkpt>
      <trkpt lat="22.557675" lon="113.972859">
        <ele>26.7</ele>
        <time>2023-10-19T08:16:48Z</time>
      </trkpt>
      <trkpt lat="22.557673" lon="113.97289">
        <ele>26.7</ele>
        <time>2023-10-19T08:16:49Z</time>
      </trkpt>
      <trkpt lat="22.557666" lon="113.972914">
        <ele>26.7</ele>
        <time>2023-10-19T08:16:50Z</time>
      </trkpt>
      <trkpt lat="22.557649" lon="113.972923">
        <ele>26.7</ele>
        <time>2023-10-19T08:16:51Z</time>
      </trkpt>
      <trkpt lat="22.557631" lon="113.972923">
        <ele>26.7</ele>
        <time>2023-10-19T08:16:52Z</time>
      </trkpt>
      <trkpt lat="22.557609" lon="113.972909">
        <ele>26.7</ele>
        <time>2023-10-19T08:16:53Z</time>
      </trkpt>
      <trkpt lat="22.557578" lon="113.972894">
        <ele>26.7</ele>
        <time>2023-10-19T08:16:54Z</time>
      </trkpt>
      <trkpt lat="22.55754" lon="113.972879">
        <ele>26.7</ele>
        <time>2023-10-19T08:16:55Z</time>
      </trkpt>
      <trkpt lat="22.557503" lon="113.97287">
        <ele>26.7</ele>
        <time>2023-10-19T08:16:56Z</time>
      </trkpt>
      <trkpt lat="22.557469" lon="113.972856">
        <ele>26.7</ele>
        <time>2023-10-19T08:16:57Z</time>
      </trkpt>
      <trkpt lat="22.557439" lon="113.972847">
        <ele>26.7</ele>
        <time>2023-10-19T08:16:58Z</time>
      </trkpt>
      <trkpt lat="22.557414" lon="113.97284">
        <ele>26.7</ele>
        <time>2023-10-19T08:16:59Z</time>
      </trkpt>
      <trkpt lat="22.557389" lon="113.972832">
        <ele>26.7</ele>
        <time>2023-10-19T08:17:00Z</time>
      </trkpt>
      <trkpt lat="22.557364" lon="113.972825">
        <ele>26.7</ele>
        <time>2023-10-19T08:17:01Z</time>
      </trkpt>
      <trkpt lat="22.557346" lon="113.972824">
        <ele>26.7</ele>
        <time>2023-10-19T08:17:02Z</time>
      </trkpt>
      <trkpt lat="22.55733" lon="113.972824">
        <ele>26.7</ele>
        <time>2023-10-19T08:17:03Z</time>
      </trkpt>
      <trkpt lat="22.557265" lon="113.972817">
        <ele>26.7</ele>
        <time>2023-10-19T08:17:08Z</time>
      </trkpt>
      <trkpt lat="22.557233" lon="113.972816">
        <ele>26.7</ele>
        <time>2023-10-19T08:17:09Z</time>
      </trkpt>
      <trkpt lat="22.557203" lon="113.972824">
        <ele>26.7</ele>
        <time>2023-10-19T08:17:10Z</time>
      </trkpt>
      <trkpt lat="22.557187" lon="113.972839">
        <ele>26.7</ele>
        <time>2023-10-19T08:17:11Z</time>
      </trkpt>
      <trkpt lat="22.557179" lon="113.972867">
        <ele>26.7</ele>
        <time>2023-10-19T08:17:12Z</time>
      </trkpt>
      <trkpt lat="22.557177" lon="113.972891">
        <ele>26.7</ele>
        <time>2023-10-19T08:17:13Z</time>
      </trkpt>
      <trkpt lat="22.55717" lon="113.972921">
        <ele>26.8</ele>
        <time>2023-10-19T08:17:14Z</time>
      </trkpt>
      <trkpt lat="22.557159" lon="113.972951">
        <ele>26.8</ele>
        <time>2023-10-19T08:17:15Z</time>
      </trkpt>
      <trkpt lat="22.55715" lon="113.972989">
        <ele>26.8</ele>
        <time>2023-10-19T08:17:16Z</time>
      </trkpt>
      <trkpt lat="22.557143" lon="113.973027">
        <ele>26.8</ele>
        <time>2023-10-19T08:17:17Z</time>
      </trkpt>
      <trkpt lat="22.557135" lon="113.973058">
        <ele>26.8</ele>
        <time>2023-10-19T08:17:18Z</time>
      </trkpt>
      <trkpt lat="22.557126" lon="113.973095">
        <ele>26.8</ele>
        <time>2023-10-19T08:17:19Z</time>
      </trkpt>
      <trkpt lat="22.557118" lon="113.973128">
        <ele>26.8</ele>
        <time>2023-10-19T08:17:20Z</time>
      </trkpt>
      <trkpt lat="22.557109" lon="113.973164">
        <ele>26.8</ele>
        <time>2023-10-19T08:17:21Z</time>
      </trkpt>
      <trkpt lat="22.557106" lon="113.973196">
        <ele>26.8</ele>
        <time>2023-10-19T08:17:22Z</time>
      </trkpt>
      <trkpt lat="22.557106" lon="113.973227">
        <ele>26.8</ele>
        <time>2023-10-19T08:17:23Z</time>
      </trkpt>
      <trkpt lat="22.557099" lon="113.973257">
        <ele>26.8</ele>
        <time>2023-10-19T08:17:24Z</time>
      </trkpt>
      <trkpt lat="22.557088" lon="113.973295">
        <ele>26.8</ele>
        <time>2023-10-19T08:17:25Z</time>
      </trkpt>
      <trkpt lat="22.557075" lon="113.973332">
        <ele>26.8</ele>
        <time>2023-10-19T08:17:26Z</time>
      </trkpt>
      <trkpt lat="22.557061" lon="113.973377">
        <ele>26.8</ele>
        <time>2023-10-19T08:17:27Z</time>
      </trkpt>
      <trkpt lat="22.557053" lon="113.973409">
        <ele>26.8</ele>
        <time>2023-10-19T08:17:28Z</time>
      </trkpt>
      <trkpt lat="22.557042" lon="113.973447">
        <ele>26.8</ele>
        <time>2023-10-19T08:17:29Z</time>
      </trkpt>
      <trkpt lat="22.557032" lon="113.973485">
        <ele>26.8</ele>
        <time>2023-10-19T08:17:30Z</time>
      </trkpt>
      <trkpt lat="22.55702" lon="113.973522">
        <ele>26.8</ele>
        <time>2023-10-19T08:17:31Z</time>
      </trkpt>
      <trkpt lat="22.557001" lon="113.973568">
        <ele>26.8</ele>
        <time>2023-10-19T08:17:32Z</time>
      </trkpt>
      <trkpt lat="22.556985" lon="113.973615">
        <ele>26.8</ele>
        <time>2023-10-19T08:17:33Z</time>
      </trkpt>
      <trkpt lat="22.556973" lon="113.973647">
        <ele>26.8</ele>
        <time>2023-10-19T08:17:34Z</time>
      </trkpt>
      <trkpt lat="22.556964" lon="113.973683">
        <ele>26.8</ele>
        <time>2023-10-19T08:17:35Z</time>
      </trkpt>
      <trkpt lat="22.556958" lon="113.973729">
        <ele>26.8</ele>
        <time>2023-10-19T08:17:36Z</time>
      </trkpt>
      <trkpt lat="22.556957" lon="113.973767">
        <ele>26.8</ele>
        <time>2023-10-19T08:17:37Z</time>
      </trkpt>
      <trkpt lat="22.556952" lon="113.973813">
        <ele>26.7</ele>
        <time>2023-10-19T08:17:38Z</time>
      </trkpt>
      <trkpt lat="22.556945" lon="113.97385">
        <ele>26.7</ele>
        <time>2023-10-19T08:17:39Z</time>
      </trkpt>
      <trkpt lat="22.556942" lon="113.973889">
        <ele>26.7</ele>
        <time>2023-10-19T08:17:40Z</time>
      </trkpt>
      <trkpt lat="22.556923" lon="113.97392">
        <ele>26.7</ele>
        <time>2023-10-19T08:17:41Z</time>
      </trkpt>
      <trkpt lat="22.556909" lon="113.973951">
        <ele>26.7</ele>
        <time>2023-10-19T08:17:42Z</time>
      </trkpt>
      <trkpt lat="22.556904" lon="113.973988">
        <ele>26.7</ele>
        <time>2023-10-19T08:17:43Z</time>
      </trkpt>
      <trkpt lat="22.556918" lon="113.974026">
        <ele>26.7</ele>
        <time>2023-10-19T08:17:44Z</time>
      </trkpt>
      <trkpt lat="22.556952" lon="113.97405">
        <ele>26.7</ele>
        <time>2023-10-19T08:17:45Z</time>
      </trkpt>
      <trkpt lat="22.556971" lon="113.97408">
        <ele>26.7</ele>
        <time>2023-10-19T08:17:46Z</time>
      </trkpt>
      <trkpt lat="22.556966" lon="113.974104">
        <ele>26.7</ele>
        <time>2023-10-19T08:17:47Z</time>
      </trkpt>
      <trkpt lat="22.556958" lon="113.974134">
        <ele>26.7</ele>
        <time>2023-10-19T08:17:48Z</time>
      </trkpt>
      <trkpt lat="22.556944" lon="113.97417">
        <ele>26.7</ele>
        <time>2023-10-19T08:17:49Z</time>
      </trkpt>
      <trkpt lat="22.556931" lon="113.974203">
        <ele>26.7</ele>
        <time>2023-10-19T08:17:50Z</time>
      </trkpt>
      <trkpt lat="22.556931" lon="113.974228">
        <ele>26.7</ele>
        <time>2023-10-19T08:17:51Z</time>
      </trkpt>
      <trkpt lat="22.556931" lon="113.974257">
        <ele>26.7</ele>
        <time>2023-10-19T08:17:52Z</time>
      </trkpt>
      <trkpt lat="22.556931" lon="113.97428">
        <ele>26.7</ele>
        <time>2023-10-19T08:17:53Z</time>
      </trkpt>
      <trkpt lat="22.556931" lon="113.974323">
        <ele>26.7</ele>
        <time>2023-10-19T08:17:54Z</time>
      </trkpt>
      <trkpt lat="22.556931" lon="113.974362">
        <ele>26.7</ele>
        <time>2023-10-19T08:17:55Z</time>
      </trkpt>
      <trkpt lat="22.556931" lon="113.974399">
        <ele>26.7</ele>
        <time>2023-10-19T08:17:56Z</time>
      </trkpt>
      <trkpt lat="22.556934" lon="113.974438">
        <ele>26.7</ele>
        <time>2023-10-19T08:17:57Z</time>
      </trkpt>
      <trkpt lat="22.556935" lon="113.974479">
        <ele>26.7</ele>
        <time>2023-10-19T08:17:58Z</time>
      </trkpt>
      <trkpt lat="22.556936" lon="113.97452">
        <ele>26.7</ele>
        <time>2023-10-19T08:17:59Z</time>
      </trkpt>
      <trkpt lat="22.556936" lon="113.974558">
        <ele>26.7</ele>
        <time>2023-10-19T08:18:00Z</time>
      </trkpt>
      <trkpt lat="22.556938" lon="113.974603">
        <ele>26.7</ele>
        <time>2023-10-19T08:18:01Z</time>
      </trkpt>
      <trkpt lat="22.556943" lon="113.974643">
        <ele>26.7</ele>
        <time>2023-10-19T08:18:02Z</time>
      </trkpt>
      <trkpt lat="22.556946" lon="113.974687">
        <ele>26.7</ele>
        <time>2023-10-19T08:18:03Z</time>
      </trkpt>
      <trkpt lat="22.556947" lon="113.974727">
        <ele>26.7</ele>
        <time>2023-10-19T08:18:04Z</time>
      </trkpt>
      <trkpt lat="22.556949" lon="113.974771">
        <ele>26.7</ele>
        <time>2023-10-19T08:18:05Z</time>
      </trkpt>
      <trkpt lat="22.556951" lon="113.974816">
        <ele>26.7</ele>
        <time>2023-10-19T08:18:06Z</time>
      </trkpt>
      <trkpt lat="22.556955" lon="113.974856">
        <ele>26.7</ele>
        <time>2023-10-19T08:18:07Z</time>
      </trkpt>
      <trkpt lat="22.556957" lon="113.974901">
        <ele>26.7</ele>
        <time>2023-10-19T08:18:08Z</time>
      </trkpt>
      <trkpt lat="22.556962" lon="113.974941">
        <ele>26.7</ele>
        <time>2023-10-19T08:18:09Z</time>
      </trkpt>
      <trkpt lat="22.55697" lon="113.974985">
        <ele>26.7</ele>
        <time>2023-10-19T08:18:10Z</time>
      </trkpt>
      <trkpt lat="22.556977" lon="113.975024">
        <ele>26.7</ele>
        <time>2023-10-19T08:18:11Z</time>
      </trkpt>
      <trkpt lat="22.556985" lon="113.975062">
        <ele>26.7</ele>
        <time>2023-10-19T08:18:12Z</time>
      </trkpt>
      <trkpt lat="22.556993" lon="113.975101">
        <ele>26.7</ele>
        <time>2023-10-19T08:18:13Z</time>
      </trkpt>
      <trkpt lat="22.557" lon="113.975132">
        <ele>26.6</ele>
        <time>2023-10-19T08:18:14Z</time>
      </trkpt>
      <trkpt lat="22.556998" lon="113.975169">
        <ele>26.6</ele>
        <time>2023-10-19T08:18:15Z</time>
      </trkpt>
      <trkpt lat="22.556997" lon="113.975214">
        <ele>26.6</ele>
        <time>2023-10-19T08:18:16Z</time>
      </trkpt>
      <trkpt lat="22.557002" lon="113.975253">
        <ele>26.6</ele>
        <time>2023-10-19T08:18:17Z</time>
      </trkpt>
      <trkpt lat="22.557005" lon="113.97529">
        <ele>26.6</ele>
        <time>2023-10-19T08:18:18Z</time>
      </trkpt>
      <trkpt lat="22.55701" lon="113.975323">
        <ele>26.6</ele>
        <time>2023-10-19T08:18:19Z</time>
      </trkpt>
      <trkpt lat="22.557016" lon="113.97536">
        <ele>26.6</ele>
        <time>2023-10-19T08:18:20Z</time>
      </trkpt>
      <trkpt lat="22.557025" lon="113.975391">
        <ele>26.7</ele>
        <time>2023-10-19T08:18:21Z</time>
      </trkpt>
      <trkpt lat="22.557029" lon="113.975428">
        <ele>26.7</ele>
        <time>2023-10-19T08:18:22Z</time>
      </trkpt>
      <trkpt lat="22.557036" lon="113.975466">
        <ele>26.7</ele>
        <time>2023-10-19T08:18:23Z</time>
      </trkpt>
      <trkpt lat="22.557042" lon="113.975505">
        <ele>26.8</ele>
        <time>2023-10-19T08:18:24Z</time>
      </trkpt>
      <trkpt lat="22.55705" lon="113.975545">
        <ele>26.8</ele>
        <time>2023-10-19T08:18:25Z</time>
      </trkpt>
      <trkpt lat="22.557059" lon="113.975587">
        <ele>26.8</ele>
        <time>2023-10-19T08:18:26Z</time>
      </trkpt>
      <trkpt lat="22.557065" lon="113.975627">
        <ele>26.8</ele>
        <time>2023-10-19T08:18:27Z</time>
      </trkpt>
      <trkpt lat="22.557073" lon="113.975665">
        <ele>26.9</ele>
        <time>2023-10-19T08:18:28Z</time>
      </trkpt>
      <trkpt lat="22.557079" lon="113.975697">
        <ele>26.9</ele>
        <time>2023-10-19T08:18:29Z</time>
      </trkpt>
      <trkpt lat="22.557083" lon="113.975728">
        <ele>26.9</ele>
        <time>2023-10-19T08:18:30Z</time>
      </trkpt>
      <trkpt lat="22.557087" lon="113.975758">
        <ele>26.9</ele>
        <time>2023-10-19T08:18:31Z</time>
      </trkpt>
      <trkpt lat="22.557094" lon="113.975796">
        <ele>27</ele>
        <time>2023-10-19T08:18:32Z</time>
      </trkpt>
      <trkpt lat="22.557102" lon="113.975828">
        <ele>27</ele>
        <time>2023-10-19T08:18:33Z</time>
      </trkpt>
      <trkpt lat="22.557111" lon="113.975866">
        <ele>27</ele>
        <time>2023-10-19T08:18:34Z</time>
      </trkpt>
      <trkpt lat="22.557122" lon="113.975903">
        <ele>27</ele>
        <time>2023-10-19T08:18:35Z</time>
      </trkpt>
      <trkpt lat="22.557125" lon="113.97592">
        <ele>27.1</ele>
        <time>2023-10-19T08:18:36Z</time>
      </trkpt>
      <trkpt lat="22.557129" lon="113.975936">
        <ele>27.1</ele>
        <time>2023-10-19T08:18:37Z</time>
      </trkpt>
      <trkpt lat="22.557129" lon="113.975951">
        <ele>27.1</ele>
        <time>2023-10-19T08:18:38Z</time>
      </trkpt>
      <trkpt lat="22.557127" lon="113.975959">
        <ele>27.1</ele>
        <time>2023-10-19T08:18:39Z</time>
      </trkpt>
      <trkpt lat="22.557094" lon="113.976103">
        <ele>27.2</ele>
        <time>2023-10-19T08:18:52Z</time>
      </trkpt>
      <trkpt lat="22.557096" lon="113.976125">
        <ele>27.2</ele>
        <time>2023-10-19T08:18:53Z</time>
      </trkpt>
      <trkpt lat="22.557097" lon="113.976161">
        <ele>27.2</ele>
        <time>2023-10-19T08:18:54Z</time>
      </trkpt>
      <trkpt lat="22.557098" lon="113.976193">
        <ele>27.3</ele>
        <time>2023-10-19T08:18:55Z</time>
      </trkpt>
      <trkpt lat="22.557102" lon="113.976238">
        <ele>27.3</ele>
        <time>2023-10-19T08:18:56Z</time>
      </trkpt>
      <trkpt lat="22.557106" lon="113.976283">
        <ele>27.3</ele>
        <time>2023-10-19T08:18:57Z</time>
      </trkpt>
      <trkpt lat="22.557126" lon="113.976328">
        <ele>27.4</ele>
        <time>2023-10-19T08:18:58Z</time>
      </trkpt>
      <trkpt lat="22.557139" lon="113.976416">
        <ele>27.4</ele>
        <time>2023-10-19T08:18:59Z</time>
      </trkpt>
      <trkpt lat="22.55716" lon="113.976438">
        <ele>27.5</ele>
        <time>2023-10-19T08:19:00Z</time>
      </trkpt>
      <trkpt lat="22.557197" lon="113.97646">
        <ele>27.5</ele>
        <time>2023-10-19T08:19:01Z</time>
      </trkpt>
      <trkpt lat="22.557236" lon="113.976503">
        <ele>27.5</ele>
        <time>2023-10-19T08:19:02Z</time>
      </trkpt>
      <trkpt lat="22.557258" lon="113.976549">
        <ele>27.6</ele>
        <time>2023-10-19T08:19:03Z</time>
      </trkpt>
      <trkpt lat="22.557275" lon="113.976595">
        <ele>27.6</ele>
        <time>2023-10-19T08:19:04Z</time>
      </trkpt>
      <trkpt lat="22.557286" lon="113.976627">
        <ele>27.6</ele>
        <time>2023-10-19T08:19:05Z</time>
      </trkpt>
      <trkpt lat="22.557294" lon="113.976664">
        <ele>27.7</ele>
        <time>2023-10-19T08:19:06Z</time>
      </trkpt>
      <trkpt lat="22.557305" lon="113.976702">
        <ele>27.7</ele>
        <time>2023-10-19T08:19:07Z</time>
      </trkpt>
      <trkpt lat="22.557313" lon="113.97674">
        <ele>27.7</ele>
        <time>2023-10-19T08:19:08Z</time>
      </trkpt>
      <trkpt lat="22.557324" lon="113.976778">
        <ele>27.7</ele>
        <time>2023-10-19T08:19:09Z</time>
      </trkpt>
      <trkpt lat="22.557334" lon="113.976817">
        <ele>27.8</ele>
        <time>2023-10-19T08:19:10Z</time>
      </trkpt>
      <trkpt lat="22.557342" lon="113.976849">
        <ele>27.8</ele>
        <time>2023-10-19T08:19:11Z</time>
      </trkpt>
      <trkpt lat="22.557351" lon="113.976885">
        <ele>27.8</ele>
        <time>2023-10-19T08:19:12Z</time>
      </trkpt>
      <trkpt lat="22.557357" lon="113.976924">
        <ele>27.8</ele>
        <time>2023-10-19T08:19:13Z</time>
      </trkpt>
      <trkpt lat="22.557364" lon="113.976955">
        <ele>27.9</ele>
        <time>2023-10-19T08:19:14Z</time>
      </trkpt>
      <trkpt lat="22.557372" lon="113.976992">
        <ele>27.9</ele>
        <time>2023-10-19T08:19:15Z</time>
      </trkpt>
      <trkpt lat="22.557378" lon="113.977024">
        <ele>27.9</ele>
        <time>2023-10-19T08:19:16Z</time>
      </trkpt>
      <trkpt lat="22.557385" lon="113.97706">
        <ele>28</ele>
        <time>2023-10-19T08:19:17Z</time>
      </trkpt>
      <trkpt lat="22.557393" lon="113.977099">
        <ele>28</ele>
        <time>2023-10-19T08:19:18Z</time>
      </trkpt>
      <trkpt lat="22.557399" lon="113.977138">
        <ele>28</ele>
        <time>2023-10-19T08:19:19Z</time>
      </trkpt>
      <trkpt lat="22.55741" lon="113.977175">
        <ele>28</ele>
        <time>2023-10-19T08:19:20Z</time>
      </trkpt>
      <trkpt lat="22.557419" lon="113.977214">
        <ele>28.1</ele>
        <time>2023-10-19T08:19:21Z</time>
      </trkpt>
      <trkpt lat="22.557428" lon="113.977253">
        <ele>28.1</ele>
        <time>2023-10-19T08:19:22Z</time>
      </trkpt>
      <trkpt lat="22.557437" lon="113.97729">
        <ele>28.2</ele>
        <time>2023-10-19T08:19:23Z</time>
      </trkpt>
      <trkpt lat="22.557449" lon="113.977321">
        <ele>28.2</ele>
        <time>2023-10-19T08:19:24Z</time>
      </trkpt>
      <trkpt lat="22.557458" lon="113.977359">
        <ele>28.3</ele>
        <time>2023-10-19T08:19:25Z</time>
      </trkpt>
      <trkpt lat="22.557467" lon="113.977396">
        <ele>28.3</ele>
        <time>2023-10-19T08:19:26Z</time>
      </trkpt>
      <trkpt lat="22.557477" lon="113.977435">
        <ele>28.4</ele>
        <time>2023-10-19T08:19:27Z</time>
      </trkpt>
      <trkpt lat="22.557485" lon="113.977466">
        <ele>28.4</ele>
        <time>2023-10-19T08:19:28Z</time>
      </trkpt>
      <trkpt lat="22.557496" lon="113.977504">
        <ele>28.5</ele>
        <time>2023-10-19T08:19:29Z</time>
      </trkpt>
      <trkpt lat="22.557509" lon="113.977535">
        <ele>28.5</ele>
        <time>2023-10-19T08:19:30Z</time>
      </trkpt>
      <trkpt lat="22.557517" lon="113.977567">
        <ele>28.6</ele>
        <time>2023-10-19T08:19:31Z</time>
      </trkpt>
      <trkpt lat="22.557529" lon="113.977598">
        <ele>28.6</ele>
        <time>2023-10-19T08:19:32Z</time>
      </trkpt>
      <trkpt lat="22.557541" lon="113.97763">
        <ele>28.7</ele>
        <time>2023-10-19T08:19:33Z</time>
      </trkpt>
      <trkpt lat="22.557551" lon="113.977652">
        <ele>28.7</ele>
        <time>2023-10-19T08:19:34Z</time>
      </trkpt>
      <trkpt lat="22.557567" lon="113.97769">
        <ele>28.7</ele>
        <time>2023-10-19T08:19:35Z</time>
      </trkpt>
      <trkpt lat="22.55758" lon="113.977719">
        <ele>28.8</ele>
        <time>2023-10-19T08:19:36Z</time>
      </trkpt>
      <trkpt lat="22.557591" lon="113.97775">
        <ele>28.8</ele>
        <time>2023-10-19T08:19:37Z</time>
      </trkpt>
      <trkpt lat="22.557603" lon="113.97778">
        <ele>28.9</ele>
        <time>2023-10-19T08:19:38Z</time>
      </trkpt>
      <trkpt lat="22.557611" lon="113.977812">
        <ele>28.9</ele>
        <time>2023-10-19T08:19:39Z</time>
      </trkpt>
      <trkpt lat="22.557622" lon="113.977843">
        <ele>29</ele>
        <time>2023-10-19T08:19:40Z</time>
      </trkpt>
      <trkpt lat="22.557637" lon="113.97788">
        <ele>29</ele>
        <time>2023-10-19T08:19:41Z</time>
      </trkpt>
      <trkpt lat="22.557655" lon="113.97791">
        <ele>29.1</ele>
        <time>2023-10-19T08:19:42Z</time>
      </trkpt>
      <trkpt lat="22.557673" lon="113.977941">
        <ele>29.1</ele>
        <time>2023-10-19T08:19:43Z</time>
      </trkpt>
      <trkpt lat="22.557688" lon="113.977964">
        <ele>29.1</ele>
        <time>2023-10-19T08:19:44Z</time>
      </trkpt>
      <trkpt lat="22.5577" lon="113.977995">
        <ele>29.2</ele>
        <time>2023-10-19T08:19:45Z</time>
      </trkpt>
      <trkpt lat="22.557715" lon="113.978025">
        <ele>29.2</ele>
        <time>2023-10-19T08:19:46Z</time>
      </trkpt>
      <trkpt lat="22.557731" lon="113.978063">
        <ele>29.3</ele>
        <time>2023-10-19T08:19:47Z</time>
      </trkpt>
      <trkpt lat="22.557747" lon="113.978107">
        <ele>29.4</ele>
        <time>2023-10-19T08:19:48Z</time>
      </trkpt>
      <trkpt lat="22.557765" lon="113.978154">
        <ele>29.4</ele>
        <time>2023-10-19T08:19:49Z</time>
      </trkpt>
      <trkpt lat="22.557782" lon="113.978192">
        <ele>29.5</ele>
        <time>2023-10-19T08:19:50Z</time>
      </trkpt>
      <trkpt lat="22.557795" lon="113.978237">
        <ele>29.5</ele>
        <time>2023-10-19T08:19:51Z</time>
      </trkpt>
      <trkpt lat="22.557811" lon="113.978284">
        <ele>29.6</ele>
        <time>2023-10-19T08:19:52Z</time>
      </trkpt>
      <trkpt lat="22.557822" lon="113.978322">
        <ele>29.7</ele>
        <time>2023-10-19T08:19:53Z</time>
      </trkpt>
      <trkpt lat="22.557834" lon="113.97836">
        <ele>29.7</ele>
        <time>2023-10-19T08:19:54Z</time>
      </trkpt>
      <trkpt lat="22.557842" lon="113.978399">
        <ele>29.8</ele>
        <time>2023-10-19T08:19:55Z</time>
      </trkpt>
      <trkpt lat="22.557849" lon="113.978442">
        <ele>29.8</ele>
        <time>2023-10-19T08:19:56Z</time>
      </trkpt>
      <trkpt lat="22.557859" lon="113.978468">
        <ele>29.9</ele>
        <time>2023-10-19T08:19:57Z</time>
      </trkpt>
      <trkpt lat="22.55787" lon="113.978512">
        <ele>29.9</ele>
        <time>2023-10-19T08:19:58Z</time>
      </trkpt>
      <trkpt lat="22.557874" lon="113.978537">
        <ele>29.9</ele>
        <time>2023-10-19T08:19:59Z</time>
      </trkpt>
      <trkpt lat="22.557875" lon="113.978564">
        <ele>30</ele>
        <time>2023-10-19T08:20:00Z</time>
      </trkpt>
      <trkpt lat="22.557875" lon="113.978591">
        <ele>30</ele>
        <time>2023-10-19T08:20:01Z</time>
      </trkpt>
      <trkpt lat="22.55787" lon="113.978612">
        <ele>30</ele>
        <time>2023-10-19T08:20:02Z</time>
      </trkpt>
      <trkpt lat="22.557871" lon="113.978643">
        <ele>30.1</ele>
        <time>2023-10-19T08:20:03Z</time>
      </trkpt>
      <trkpt lat="22.557878" lon="113.978667">
        <ele>30.1</ele>
        <time>2023-10-19T08:20:04Z</time>
      </trkpt>
      <trkpt lat="22.557892" lon="113.978696">
        <ele>30.2</ele>
        <time>2023-10-19T08:20:05Z</time>
      </trkpt>
      <trkpt lat="22.557901" lon="113.978734">
        <ele>30.2</ele>
        <time>2023-10-19T08:20:06Z</time>
      </trkpt>
      <trkpt lat="22.55791" lon="113.978766">
        <ele>30.3</ele>
        <time>2023-10-19T08:20:07Z</time>
      </trkpt>
      <trkpt lat="22.55792" lon="113.978802">
        <ele>30.3</ele>
        <time>2023-10-19T08:20:08Z</time>
      </trkpt>
      <trkpt lat="22.557928" lon="113.978827">
        <ele>30.3</ele>
        <time>2023-10-19T08:20:09Z</time>
      </trkpt>
      <trkpt lat="22.557938" lon="113.97886">
        <ele>30.4</ele>
        <time>2023-10-19T08:20:10Z</time>
      </trkpt>
      <trkpt lat="22.557949" lon="113.978895">
        <ele>30.4</ele>
        <time>2023-10-19T08:20:11Z</time>
      </trkpt>
      <trkpt lat="22.557956" lon="113.978925">
        <ele>30.5</ele>
        <time>2023-10-19T08:20:12Z</time>
      </trkpt>
      <trkpt lat="22.557957" lon="113.978956">
        <ele>30.5</ele>
        <time>2023-10-19T08:20:13Z</time>
      </trkpt>
      <trkpt lat="22.557957" lon="113.978988">
        <ele>30.6</ele>
        <time>2023-10-19T08:20:14Z</time>
      </trkpt>
      <trkpt lat="22.557965" lon="113.979024">
        <ele>30.6</ele>
        <time>2023-10-19T08:20:15Z</time>
      </trkpt>
      <trkpt lat="22.557973" lon="113.979062">
        <ele>30.7</ele>
        <time>2023-10-19T08:20:16Z</time>
      </trkpt>
      <trkpt lat="22.557979" lon="113.979093">
        <ele>30.7</ele>
        <time>2023-10-19T08:20:17Z</time>
      </trkpt>
      <trkpt lat="22.557983" lon="113.979123">
        <ele>30.7</ele>
        <time>2023-10-19T08:20:18Z</time>
      </trkpt>
      <trkpt lat="22.557987" lon="113.979146">
        <ele>30.8</ele>
        <time>2023-10-19T08:20:19Z</time>
      </trkpt>
      <trkpt lat="22.557991" lon="113.979177">
        <ele>30.8</ele>
        <time>2023-10-19T08:20:20Z</time>
      </trkpt>
      <trkpt lat="22.558001" lon="113.9792">
        <ele>30.9</ele>
        <time>2023-10-19T08:20:21Z</time>
      </trkpt>
      <trkpt lat="22.558006" lon="113.979223">
        <ele>30.9</ele>
        <time>2023-10-19T08:20:22Z</time>
      </trkpt>
      <trkpt lat="22.55801" lon="113.979246">
        <ele>30.9</ele>
        <time>2023-10-19T08:20:23Z</time>
      </trkpt>
      <trkpt lat="22.55801" lon="113.979269">
        <ele>30.9</ele>
        <time>2023-10-19T08:20:24Z</time>
      </trkpt>
      <trkpt lat="22.55801" lon="113.979292">
        <ele>31</ele>
        <time>2023-10-19T08:20:25Z</time>
      </trkpt>
      <trkpt lat="22.558013" lon="113.979312">
        <ele>31</ele>
        <time>2023-10-19T08:20:26Z</time>
      </trkpt>
      <trkpt lat="22.558016" lon="113.979331">
        <ele>31</ele>
        <time>2023-10-19T08:20:27Z</time>
      </trkpt>
      <trkpt lat="22.558035" lon="113.979381">
        <ele>31.1</ele>
        <time>2023-10-19T08:20:28Z</time>
      </trkpt>
      <trkpt lat="22.558054" lon="113.979434">
        <ele>31.2</ele>
        <time>2023-10-19T08:20:29Z</time>
      </trkpt>
      <trkpt lat="22.558064" lon="113.979473">
        <ele>31.2</ele>
        <time>2023-10-19T08:20:30Z</time>
      </trkpt>
      <trkpt lat="22.558069" lon="113.979497">
        <ele>31.3</ele>
        <time>2023-10-19T08:20:31Z</time>
      </trkpt>
      <trkpt lat="22.558075" lon="113.979528">
        <ele>31.3</ele>
        <time>2023-10-19T08:20:32Z</time>
      </trkpt>
      <trkpt lat="22.558084" lon="113.979558">
        <ele>31.4</ele>
        <time>2023-10-19T08:20:33Z</time>
      </trkpt>
      <trkpt lat="22.558093" lon="113.979589">
        <ele>31.4</ele>
        <time>2023-10-19T08:20:34Z</time>
      </trkpt>
      <trkpt lat="22.558109" lon="113.979619">
        <ele>31.4</ele>
        <time>2023-10-19T08:20:35Z</time>
      </trkpt>
      <trkpt lat="22.558127" lon="113.979657">
        <ele>31.5</ele>
        <time>2023-10-19T08:20:36Z</time>
      </trkpt>
      <trkpt lat="22.558142" lon="113.979681">
        <ele>31.5</ele>
        <time>2023-10-19T08:20:37Z</time>
      </trkpt>
      <trkpt lat="22.558153" lon="113.979711">
        <ele>31.6</ele>
        <time>2023-10-19T08:20:38Z</time>
      </trkpt>
      <trkpt lat="22.558157" lon="113.979741">
        <ele>31.6</ele>
        <time>2023-10-19T08:20:39Z</time>
      </trkpt>
      <trkpt lat="22.55816" lon="113.979772">
        <ele>31.7</ele>
        <time>2023-10-19T08:20:40Z</time>
      </trkpt>
      <trkpt lat="22.558167" lon="113.97981">
        <ele>31.7</ele>
        <time>2023-10-19T08:20:41Z</time>
      </trkpt>
      <trkpt lat="22.558174" lon="113.979848">
        <ele>31.8</ele>
        <time>2023-10-19T08:20:42Z</time>
      </trkpt>
      <trkpt lat="22.558179" lon="113.979886">
        <ele>31.8</ele>
        <time>2023-10-19T08:20:43Z</time>
      </trkpt>
      <trkpt lat="22.558182" lon="113.979917">
        <ele>31.9</ele>
        <time>2023-10-19T08:20:44Z</time>
      </trkpt>
      <trkpt lat="22.558185" lon="113.979955">
        <ele>31.9</ele>
        <time>2023-10-19T08:20:45Z</time>
      </trkpt>
      <trkpt lat="22.558187" lon="113.979985">
        <ele>32</ele>
        <time>2023-10-19T08:20:46Z</time>
      </trkpt>
      <trkpt lat="22.558191" lon="113.980023">
        <ele>32</ele>
        <time>2023-10-19T08:20:47Z</time>
      </trkpt>
      <trkpt lat="22.558195" lon="113.980061">
        <ele>32.1</ele>
        <time>2023-10-19T08:20:48Z</time>
      </trkpt>
      <trkpt lat="22.5582" lon="113.980106">
        <ele>32.1</ele>
        <time>2023-10-19T08:20:49Z</time>
      </trkpt>
      <trkpt lat="22.558208" lon="113.980145">
        <ele>32.2</ele>
        <time>2023-10-19T08:20:50Z</time>
      </trkpt>
      <trkpt lat="22.558215" lon="113.980176">
        <ele>32.2</ele>
        <time>2023-10-19T08:20:51Z</time>
      </trkpt>
      <trkpt lat="22.558225" lon="113.98022">
        <ele>32.3</ele>
        <time>2023-10-19T08:20:52Z</time>
      </trkpt>
      <trkpt lat="22.558233" lon="113.98026">
        <ele>32.3</ele>
        <time>2023-10-19T08:20:53Z</time>
      </trkpt>
      <trkpt lat="22.55824" lon="113.980298">
        <ele>32.4</ele>
        <time>2023-10-19T08:20:54Z</time>
      </trkpt>
      <trkpt lat="22.55825" lon="113.980336">
        <ele>32.4</ele>
        <time>2023-10-19T08:20:55Z</time>
      </trkpt>
      <trkpt lat="22.558257" lon="113.980374">
        <ele>32.5</ele>
        <time>2023-10-19T08:20:56Z</time>
      </trkpt>
      <trkpt lat="22.558267" lon="113.980412">
        <ele>32.5</ele>
        <time>2023-10-19T08:20:57Z</time>
      </trkpt>
      <trkpt lat="22.558271" lon="113.980436">
        <ele>32.6</ele>
        <time>2023-10-19T08:20:58Z</time>
      </trkpt>
      <trkpt lat="22.55828" lon="113.980466">
        <ele>32.6</ele>
        <time>2023-10-19T08:20:59Z</time>
      </trkpt>
      <trkpt lat="22.55829" lon="113.980503">
        <ele>32.7</ele>
        <time>2023-10-19T08:21:00Z</time>
      </trkpt>
      <trkpt lat="22.558296" lon="113.980535">
        <ele>32.7</ele>
        <time>2023-10-19T08:21:01Z</time>
      </trkpt>
      <trkpt lat="22.5583" lon="113.980572">
        <ele>32.8</ele>
        <time>2023-10-19T08:21:02Z</time>
      </trkpt>
      <trkpt lat="22.558307" lon="113.980603">
        <ele>32.8</ele>
        <time>2023-10-19T08:21:03Z</time>
      </trkpt>
      <trkpt lat="22.558313" lon="113.980641">
        <ele>32.9</ele>
        <time>2023-10-19T08:21:04Z</time>
      </trkpt>
      <trkpt lat="22.558319" lon="113.980672">
        <ele>32.9</ele>
        <time>2023-10-19T08:21:05Z</time>
      </trkpt>
      <trkpt lat="22.558325" lon="113.980703">
        <ele>32.9</ele>
        <time>2023-10-19T08:21:06Z</time>
      </trkpt>
      <trkpt lat="22.558332" lon="113.980734">
        <ele>33</ele>
        <time>2023-10-19T08:21:07Z</time>
      </trkpt>
      <trkpt lat="22.558341" lon="113.980764">
        <ele>33</ele>
        <time>2023-10-19T08:21:08Z</time>
      </trkpt>
      <trkpt lat="22.558349" lon="113.980787">
        <ele>33.1</ele>
        <time>2023-10-19T08:21:09Z</time>
      </trkpt>
      <trkpt lat="22.558357" lon="113.980803">
        <ele>33.1</ele>
        <time>2023-10-19T08:21:10Z</time>
      </trkpt>
      <trkpt lat="22.558356" lon="113.980818">
        <ele>33.1</ele>
        <time>2023-10-19T08:21:11Z</time>
      </trkpt>
      <trkpt lat="22.558355" lon="113.98084">
        <ele>33.1</ele>
        <time>2023-10-19T08:21:12Z</time>
      </trkpt>
      <trkpt lat="22.558362" lon="113.980864">
        <ele>33.2</ele>
        <time>2023-10-19T08:21:13Z</time>
      </trkpt>
      <trkpt lat="22.558368" lon="113.980886">
        <ele>33.2</ele>
        <time>2023-10-19T08:21:14Z</time>
      </trkpt>
      <trkpt lat="22.55837" lon="113.980909">
        <ele>33.2</ele>
        <time>2023-10-19T08:21:15Z</time>
      </trkpt>
      <trkpt lat="22.558376" lon="113.980939">
        <ele>33.3</ele>
        <time>2023-10-19T08:21:16Z</time>
      </trkpt>
      <trkpt lat="22.558382" lon="113.980967">
        <ele>33.3</ele>
        <time>2023-10-19T08:21:17Z</time>
      </trkpt>
      <trkpt lat="22.558387" lon="113.980993">
        <ele>33.3</ele>
        <time>2023-10-19T08:21:18Z</time>
      </trkpt>
      <trkpt lat="22.558395" lon="113.981032">
        <ele>33.4</ele>
        <time>2023-10-19T08:21:19Z</time>
      </trkpt>
      <trkpt lat="22.558403" lon="113.981062">
        <ele>33.4</ele>
        <time>2023-10-19T08:21:20Z</time>
      </trkpt>
      <trkpt lat="22.558408" lon="113.981085">
        <ele>33.5</ele>
        <time>2023-10-19T08:21:21Z</time>
      </trkpt>
      <trkpt lat="22.558412" lon="113.981114">
        <ele>33.5</ele>
        <time>2023-10-19T08:21:22Z</time>
      </trkpt>
      <trkpt lat="22.558418" lon="113.981145">
        <ele>33.5</ele>
        <time>2023-10-19T08:21:23Z</time>
      </trkpt>
      <trkpt lat="22.558427" lon="113.981168">
        <ele>33.6</ele>
        <time>2023-10-19T08:21:24Z</time>
      </trkpt>
      <trkpt lat="22.558437" lon="113.981199">
        <ele>33.6</ele>
        <time>2023-10-19T08:21:25Z</time>
      </trkpt>
      <trkpt lat="22.558444" lon="113.981226">
        <ele>33.6</ele>
        <time>2023-10-19T08:21:26Z</time>
      </trkpt>
      <trkpt lat="22.558452" lon="113.981253">
        <ele>33.7</ele>
        <time>2023-10-19T08:21:27Z</time>
      </trkpt>
      <trkpt lat="22.558458" lon="113.981276">
        <ele>33.7</ele>
        <time>2023-10-19T08:21:28Z</time>
      </trkpt>
      <trkpt lat="22.558465" lon="113.981305">
        <ele>33.7</ele>
        <time>2023-10-19T08:21:29Z</time>
      </trkpt>
      <trkpt lat="22.558471" lon="113.981329">
        <ele>33.8</ele>
        <time>2023-10-19T08:21:30Z</time>
      </trkpt>
      <trkpt lat="22.558477" lon="113.981359">
        <ele>33.8</ele>
        <time>2023-10-19T08:21:31Z</time>
      </trkpt>
      <trkpt lat="22.558483" lon="113.981382">
        <ele>33.8</ele>
        <time>2023-10-19T08:21:32Z</time>
      </trkpt>
      <trkpt lat="22.558488" lon="113.981405">
        <ele>33.9</ele>
        <time>2023-10-19T08:21:33Z</time>
      </trkpt>
      <trkpt lat="22.558494" lon="113.981421">
        <ele>33.9</ele>
        <time>2023-10-19T08:21:34Z</time>
      </trkpt>
      <trkpt lat="22.558503" lon="113.981443">
        <ele>33.9</ele>
        <time>2023-10-19T08:21:35Z</time>
      </trkpt>
      <trkpt lat="22.558513" lon="113.981466">
        <ele>34</ele>
        <time>2023-10-19T08:21:36Z</time>
      </trkpt>
      <trkpt lat="22.558517" lon="113.981489">
        <ele>34</ele>
        <time>2023-10-19T08:21:37Z</time>
      </trkpt>
      <trkpt lat="22.55852" lon="113.981512">
        <ele>34</ele>
        <time>2023-10-19T08:21:38Z</time>
      </trkpt>
      <trkpt lat="22.558523" lon="113.981536">
        <ele>34</ele>
        <time>2023-10-19T08:21:39Z</time>
      </trkpt>
      <trkpt lat="22.55853" lon="113.981573">
        <ele>34.1</ele>
        <time>2023-10-19T08:21:40Z</time>
      </trkpt>
      <trkpt lat="22.558533" lon="113.981604">
        <ele>34.1</ele>
        <time>2023-10-19T08:21:41Z</time>
      </trkpt>
      <trkpt lat="22.558536" lon="113.981634">
        <ele>34.2</ele>
        <time>2023-10-19T08:21:42Z</time>
      </trkpt>
      <trkpt lat="22.558542" lon="113.981657">
        <ele>34.2</ele>
        <time>2023-10-19T08:21:43Z</time>
      </trkpt>
      <trkpt lat="22.558547" lon="113.981693">
        <ele>34.2</ele>
        <time>2023-10-19T08:21:44Z</time>
      </trkpt>
      <trkpt lat="22.558557" lon="113.981725">
        <ele>34.3</ele>
        <time>2023-10-19T08:21:45Z</time>
      </trkpt>
      <trkpt lat="22.558569" lon="113.981755">
        <ele>34.3</ele>
        <time>2023-10-19T08:21:46Z</time>
      </trkpt>
      <trkpt lat="22.55858" lon="113.981786">
        <ele>34.4</ele>
        <time>2023-10-19T08:21:47Z</time>
      </trkpt>
      <trkpt lat="22.558591" lon="113.981823">
        <ele>34.4</ele>
        <time>2023-10-19T08:21:48Z</time>
      </trkpt>
      <trkpt lat="22.558599" lon="113.981868">
        <ele>34.5</ele>
        <time>2023-10-19T08:21:49Z</time>
      </trkpt>
      <trkpt lat="22.558603" lon="113.981907">
        <ele>34.5</ele>
        <time>2023-10-19T08:21:50Z</time>
      </trkpt>
      <trkpt lat="22.558612" lon="113.981939">
        <ele>34.6</ele>
        <time>2023-10-19T08:21:51Z</time>
      </trkpt>
      <trkpt lat="22.558621" lon="113.981976">
        <ele>34.6</ele>
        <time>2023-10-19T08:21:52Z</time>
      </trkpt>
      <trkpt lat="22.558629" lon="113.982015">
        <ele>34.7</ele>
        <time>2023-10-19T08:21:53Z</time>
      </trkpt>
      <trkpt lat="22.558633" lon="113.982045">
        <ele>34.7</ele>
        <time>2023-10-19T08:21:54Z</time>
      </trkpt>
      <trkpt lat="22.558643" lon="113.98208">
        <ele>34.7</ele>
        <time>2023-10-19T08:21:55Z</time>
      </trkpt>
      <trkpt lat="22.558652" lon="113.982115">
        <ele>34.8</ele>
        <time>2023-10-19T08:21:56Z</time>
      </trkpt>
      <trkpt lat="22.558662" lon="113.982158">
        <ele>34.9</ele>
        <time>2023-10-19T08:21:57Z</time>
      </trkpt>
      <trkpt lat="22.558671" lon="113.982197">
        <ele>34.9</ele>
        <time>2023-10-19T08:21:58Z</time>
      </trkpt>
      <trkpt lat="22.558681" lon="113.982236">
        <ele>35</ele>
        <time>2023-10-19T08:21:59Z</time>
      </trkpt>
      <trkpt lat="22.558687" lon="113.982266">
        <ele>35</ele>
        <time>2023-10-19T08:22:00Z</time>
      </trkpt>
      <trkpt lat="22.558696" lon="113.982289">
        <ele>35</ele>
        <time>2023-10-19T08:22:01Z</time>
      </trkpt>
      <trkpt lat="22.5587" lon="113.982327">
        <ele>35.1</ele>
        <time>2023-10-19T08:22:02Z</time>
      </trkpt>
      <trkpt lat="22.558708" lon="113.982362">
        <ele>35.1</ele>
        <time>2023-10-19T08:22:03Z</time>
      </trkpt>
      <trkpt lat="22.558717" lon="113.982396">
        <ele>35.2</ele>
        <time>2023-10-19T08:22:04Z</time>
      </trkpt>
      <trkpt lat="22.558725" lon="113.982434">
        <ele>35.2</ele>
        <time>2023-10-19T08:22:05Z</time>
      </trkpt>
      <trkpt lat="22.55873" lon="113.982465">
        <ele>35.2</ele>
        <time>2023-10-19T08:22:06Z</time>
      </trkpt>
      <trkpt lat="22.558738" lon="113.982496">
        <ele>35.3</ele>
        <time>2023-10-19T08:22:07Z</time>
      </trkpt>
      <trkpt lat="22.558742" lon="113.982539">
        <ele>35.3</ele>
        <time>2023-10-19T08:22:08Z</time>
      </trkpt>
      <trkpt lat="22.558741" lon="113.982579">
        <ele>35.4</ele>
        <time>2023-10-19T08:22:09Z</time>
      </trkpt>
      <trkpt lat="22.558739" lon="113.982618">
        <ele>35.4</ele>
        <time>2023-10-19T08:22:10Z</time>
      </trkpt>
      <trkpt lat="22.55873" lon="113.982649">
        <ele>35.5</ele>
        <time>2023-10-19T08:22:11Z</time>
      </trkpt>
      <trkpt lat="22.558727" lon="113.982679">
        <ele>35.5</ele>
        <time>2023-10-19T08:22:12Z</time>
      </trkpt>
      <trkpt lat="22.558745" lon="113.982723">
        <ele>35.6</ele>
        <time>2023-10-19T08:22:13Z</time>
      </trkpt>
      <trkpt lat="22.55876" lon="113.982755">
        <ele>35.6</ele>
        <time>2023-10-19T08:22:14Z</time>
      </trkpt>
      <trkpt lat="22.558779" lon="113.982789">
        <ele>35.7</ele>
        <time>2023-10-19T08:22:15Z</time>
      </trkpt>
      <trkpt lat="22.558798" lon="113.982824">
        <ele>35.7</ele>
        <time>2023-10-19T08:22:16Z</time>
      </trkpt>
      <trkpt lat="22.55881" lon="113.982847">
        <ele>35.7</ele>
        <time>2023-10-19T08:22:17Z</time>
      </trkpt>
      <trkpt lat="22.558816" lon="113.982877">
        <ele>35.7</ele>
        <time>2023-10-19T08:22:18Z</time>
      </trkpt>
      <trkpt lat="22.558818" lon="113.982912">
        <ele>35.8</ele>
        <time>2023-10-19T08:22:19Z</time>
      </trkpt>
      <trkpt lat="22.558819" lon="113.982947">
        <ele>35.8</ele>
        <time>2023-10-19T08:22:20Z</time>
      </trkpt>
      <trkpt lat="22.558826" lon="113.982969">
        <ele>35.8</ele>
        <time>2023-10-19T08:22:21Z</time>
      </trkpt>
      <trkpt lat="22.558839" lon="113.982993">
        <ele>35.8</ele>
        <time>2023-10-19T08:22:22Z</time>
      </trkpt>
      <trkpt lat="22.558859" lon="113.983008">
        <ele>35.8</ele>
        <time>2023-10-19T08:22:23Z</time>
      </trkpt>
      <trkpt lat="22.558874" lon="113.983016">
        <ele>35.8</ele>
        <time>2023-10-19T08:22:24Z</time>
      </trkpt>
      <trkpt lat="22.558891" lon="113.983024">
        <ele>35.9</ele>
        <time>2023-10-19T08:22:25Z</time>
      </trkpt>
      <trkpt lat="22.558907" lon="113.983032">
        <ele>35.9</ele>
        <time>2023-10-19T08:22:26Z</time>
      </trkpt>
      <trkpt lat="22.558917" lon="113.983046">
        <ele>35.9</ele>
        <time>2023-10-19T08:22:27Z</time>
      </trkpt>
      <trkpt lat="22.558927" lon="113.983062">
        <ele>35.9</ele>
        <time>2023-10-19T08:22:28Z</time>
      </trkpt>
      <trkpt lat="22.558933" lon="113.983084">
        <ele>35.9</ele>
        <time>2023-10-19T08:22:29Z</time>
      </trkpt>
      <trkpt lat="22.558939" lon="113.983107">
        <ele>35.9</ele>
        <time>2023-10-19T08:22:30Z</time>
      </trkpt>
      <trkpt lat="22.558942" lon="113.98313">
        <ele>35.9</ele>
        <time>2023-10-19T08:22:31Z</time>
      </trkpt>
      <trkpt lat="22.558943" lon="113.983138">
        <ele>35.9</ele>
        <time>2023-10-19T08:22:32Z</time>
      </trkpt>
      <trkpt lat="22.558944" lon="113.983142">
        <ele>35.9</ele>
        <time>2023-10-19T08:22:33Z</time>
      </trkpt>
      <trkpt lat="22.558945" lon="113.983146">
        <ele>36</ele>
        <time>2023-10-19T08:22:34Z</time>
      </trkpt>
      <trkpt lat="22.558946" lon="113.983153">
        <ele>36</ele>
        <time>2023-10-19T08:22:35Z</time>
      </trkpt>
      <trkpt lat="22.558946" lon="113.983168">
        <ele>36</ele>
        <time>2023-10-19T08:22:36Z</time>
      </trkpt>
      <trkpt lat="22.558945" lon="113.983183">
        <ele>36</ele>
        <time>2023-10-19T08:22:37Z</time>
      </trkpt>
      <trkpt lat="22.558941" lon="113.983211">
        <ele>36</ele>
        <time>2023-10-19T08:22:38Z</time>
      </trkpt>
      <trkpt lat="22.558939" lon="113.983228">
        <ele>36</ele>
        <time>2023-10-19T08:22:39Z</time>
      </trkpt>
      <trkpt lat="22.558932" lon="113.983257">
        <ele>36</ele>
        <time>2023-10-19T08:22:40Z</time>
      </trkpt>
      <trkpt lat="22.558923" lon="113.983281">
        <ele>36</ele>
        <time>2023-10-19T08:22:41Z</time>
      </trkpt>
      <trkpt lat="22.558917" lon="113.983311">
        <ele>36.1</ele>
        <time>2023-10-19T08:22:42Z</time>
      </trkpt>
      <trkpt lat="22.558916" lon="113.983361">
        <ele>36.1</ele>
        <time>2023-10-19T08:22:43Z</time>
      </trkpt>
      <trkpt lat="22.558934" lon="113.983453">
        <ele>36.2</ele>
        <time>2023-10-19T08:22:44Z</time>
      </trkpt>
      <trkpt lat="22.558958" lon="113.983513">
        <ele>36.2</ele>
        <time>2023-10-19T08:22:45Z</time>
      </trkpt>
      <trkpt lat="22.558973" lon="113.983559">
        <ele>36.2</ele>
        <time>2023-10-19T08:22:46Z</time>
      </trkpt>
      <trkpt lat="22.558982" lon="113.983599">
        <ele>36.3</ele>
        <time>2023-10-19T08:22:47Z</time>
      </trkpt>
      <trkpt lat="22.55899" lon="113.983639">
        <ele>36.3</ele>
        <time>2023-10-19T08:22:48Z</time>
      </trkpt>
      <trkpt lat="22.558998" lon="113.983672">
        <ele>36.3</ele>
        <time>2023-10-19T08:22:49Z</time>
      </trkpt>
      <trkpt lat="22.559005" lon="113.983702">
        <ele>36.3</ele>
        <time>2023-10-19T08:22:50Z</time>
      </trkpt>
      <trkpt lat="22.559013" lon="113.983725">
        <ele>36.3</ele>
        <time>2023-10-19T08:22:51Z</time>
      </trkpt>
      <trkpt lat="22.559021" lon="113.983748">
        <ele>36.4</ele>
        <time>2023-10-19T08:22:52Z</time>
      </trkpt>
      <trkpt lat="22.559026" lon="113.983764">
        <ele>36.4</ele>
        <time>2023-10-19T08:22:53Z</time>
      </trkpt>
      <trkpt lat="22.55903" lon="113.983787">
        <ele>36.4</ele>
        <time>2023-10-19T08:22:54Z</time>
      </trkpt>
      <trkpt lat="22.559037" lon="113.983801">
        <ele>36.4</ele>
        <time>2023-10-19T08:22:55Z</time>
      </trkpt>
      <trkpt lat="22.559045" lon="113.983817">
        <ele>36.4</ele>
        <time>2023-10-19T08:22:56Z</time>
      </trkpt>
      <trkpt lat="22.559053" lon="113.983832">
        <ele>36.4</ele>
        <time>2023-10-19T08:22:57Z</time>
      </trkpt>
      <trkpt lat="22.559064" lon="113.98384">
        <ele>36.4</ele>
        <time>2023-10-19T08:22:58Z</time>
      </trkpt>
      <trkpt lat="22.55907" lon="113.983855">
        <ele>36.4</ele>
        <time>2023-10-19T08:22:59Z</time>
      </trkpt>
      <trkpt lat="22.559072" lon="113.98387">
        <ele>36.5</ele>
        <time>2023-10-19T08:23:00Z</time>
      </trkpt>
      <trkpt lat="22.559074" lon="113.983886">
        <ele>36.5</ele>
        <time>2023-10-19T08:23:01Z</time>
      </trkpt>
      <trkpt lat="22.559076" lon="113.983901">
        <ele>36.5</ele>
        <time>2023-10-19T08:23:02Z</time>
      </trkpt>
      <trkpt lat="22.559075" lon="113.983913">
        <ele>36.5</ele>
        <time>2023-10-19T08:23:03Z</time>
      </trkpt>
      <trkpt lat="22.559074" lon="113.983924">
        <ele>36.5</ele>
        <time>2023-10-19T08:23:04Z</time>
      </trkpt>
      <trkpt lat="22.559076" lon="113.983939">
        <ele>36.5</ele>
        <time>2023-10-19T08:23:05Z</time>
      </trkpt>
      <trkpt lat="22.559078" lon="113.983947">
        <ele>36.5</ele>
        <time>2023-10-19T08:23:06Z</time>
      </trkpt>
      <trkpt lat="22.55908" lon="113.983969">
        <ele>36.5</ele>
        <time>2023-10-19T08:23:07Z</time>
      </trkpt>
      <trkpt lat="22.559078" lon="113.983984">
        <ele>36.5</ele>
        <time>2023-10-19T08:23:08Z</time>
      </trkpt>
      <trkpt lat="22.559076" lon="113.984008">
        <ele>36.5</ele>
        <time>2023-10-19T08:23:09Z</time>
      </trkpt>
      <trkpt lat="22.559076" lon="113.984037">
        <ele>36.6</ele>
        <time>2023-10-19T08:23:10Z</time>
      </trkpt>
      <trkpt lat="22.559073" lon="113.98406">
        <ele>36.6</ele>
        <time>2023-10-19T08:23:11Z</time>
      </trkpt>
      <trkpt lat="22.559074" lon="113.98409">
        <ele>36.6</ele>
        <time>2023-10-19T08:23:12Z</time>
      </trkpt>
      <trkpt lat="22.559078" lon="113.984113">
        <ele>36.6</ele>
        <time>2023-10-19T08:23:13Z</time>
      </trkpt>
      <trkpt lat="22.559085" lon="113.984137">
        <ele>36.6</ele>
        <time>2023-10-19T08:23:14Z</time>
      </trkpt>
      <trkpt lat="22.559091" lon="113.984163">
        <ele>36.6</ele>
        <time>2023-10-19T08:23:15Z</time>
      </trkpt>
      <trkpt lat="22.559097" lon="113.984189">
        <ele>36.7</ele>
        <time>2023-10-19T08:23:16Z</time>
      </trkpt>
      <trkpt lat="22.559102" lon="113.984206">
        <ele>36.7</ele>
        <time>2023-10-19T08:23:17Z</time>
      </trkpt>
      <trkpt lat="22.559106" lon="113.984231">
        <ele>36.7</ele>
        <time>2023-10-19T08:23:18Z</time>
      </trkpt>
      <trkpt lat="22.55911" lon="113.984258">
        <ele>36.7</ele>
        <time>2023-10-19T08:23:19Z</time>
      </trkpt>
      <trkpt lat="22.559118" lon="113.984281">
        <ele>36.7</ele>
        <time>2023-10-19T08:23:20Z</time>
      </trkpt>
      <trkpt lat="22.559125" lon="113.984304">
        <ele>36.7</ele>
        <time>2023-10-19T08:23:21Z</time>
      </trkpt>
      <trkpt lat="22.559133" lon="113.984324">
        <ele>36.8</ele>
        <time>2023-10-19T08:23:22Z</time>
      </trkpt>
      <trkpt lat="22.559141" lon="113.984343">
        <ele>36.8</ele>
        <time>2023-10-19T08:23:23Z</time>
      </trkpt>
      <trkpt lat="22.559148" lon="113.984358">
        <ele>36.8</ele>
        <time>2023-10-19T08:23:24Z</time>
      </trkpt>
      <trkpt lat="22.559152" lon="113.98438">
        <ele>36.8</ele>
        <time>2023-10-19T08:23:25Z</time>
      </trkpt>
      <trkpt lat="22.559156" lon="113.984403">
        <ele>36.8</ele>
        <time>2023-10-19T08:23:26Z</time>
      </trkpt>
      <trkpt lat="22.559158" lon="113.984427">
        <ele>36.8</ele>
        <time>2023-10-19T08:23:27Z</time>
      </trkpt>
      <trkpt lat="22.559164" lon="113.984443">
        <ele>36.8</ele>
        <time>2023-10-19T08:23:28Z</time>
      </trkpt>
      <trkpt lat="22.559171" lon="113.984464">
        <ele>36.9</ele>
        <time>2023-10-19T08:23:29Z</time>
      </trkpt>
      <trkpt lat="22.559177" lon="113.984488">
        <ele>36.9</ele>
        <time>2023-10-19T08:23:30Z</time>
      </trkpt>
      <trkpt lat="22.559177" lon="113.984504">
        <ele>36.9</ele>
        <time>2023-10-19T08:23:31Z</time>
      </trkpt>
      <trkpt lat="22.559179" lon="113.984526">
        <ele>36.9</ele>
        <time>2023-10-19T08:23:32Z</time>
      </trkpt>
      <trkpt lat="22.559184" lon="113.984541">
        <ele>36.9</ele>
        <time>2023-10-19T08:23:33Z</time>
      </trkpt>
      <trkpt lat="22.55919" lon="113.984557">
        <ele>36.9</ele>
        <time>2023-10-19T08:23:34Z</time>
      </trkpt>
      <trkpt lat="22.559196" lon="113.984565">
        <ele>36.9</ele>
        <time>2023-10-19T08:23:35Z</time>
      </trkpt>
      <trkpt lat="22.5592" lon="113.98458">
        <ele>36.9</ele>
        <time>2023-10-19T08:23:36Z</time>
      </trkpt>
      <trkpt lat="22.559202" lon="113.984595">
        <ele>36.9</ele>
        <time>2023-10-19T08:23:37Z</time>
      </trkpt>
      <trkpt lat="22.559206" lon="113.98461">
        <ele>37</ele>
        <time>2023-10-19T08:23:38Z</time>
      </trkpt>
      <trkpt lat="22.55921" lon="113.984626">
        <ele>37</ele>
        <time>2023-10-19T08:23:39Z</time>
      </trkpt>
      <trkpt lat="22.559217" lon="113.984648">
        <ele>37</ele>
        <time>2023-10-19T08:23:40Z</time>
      </trkpt>
      <trkpt lat="22.559219" lon="113.984671">
        <ele>37</ele>
        <time>2023-10-19T08:23:41Z</time>
      </trkpt>
      <trkpt lat="22.559221" lon="113.984686">
        <ele>37</ele>
        <time>2023-10-19T08:23:42Z</time>
      </trkpt>
      <trkpt lat="22.559218" lon="113.984695">
        <ele>37</ele>
        <time>2023-10-19T08:23:43Z</time>
      </trkpt>
      <trkpt lat="22.559217" lon="113.984709">
        <ele>37</ele>
        <time>2023-10-19T08:23:44Z</time>
      </trkpt>
      <trkpt lat="22.559221" lon="113.984731">
        <ele>37</ele>
        <time>2023-10-19T08:23:45Z</time>
      </trkpt>
      <trkpt lat="22.559226" lon="113.984747">
        <ele>37</ele>
        <time>2023-10-19T08:23:46Z</time>
      </trkpt>
      <trkpt lat="22.55923" lon="113.98477">
        <ele>37</ele>
        <time>2023-10-19T08:23:47Z</time>
      </trkpt>
      <trkpt lat="22.559227" lon="113.984793">
        <ele>37.1</ele>
        <time>2023-10-19T08:23:48Z</time>
      </trkpt>
      <trkpt lat="22.55922" lon="113.984822">
        <ele>37.1</ele>
        <time>2023-10-19T08:23:49Z</time>
      </trkpt>
      <trkpt lat="22.559216" lon="113.984846">
        <ele>37.1</ele>
        <time>2023-10-19T08:23:50Z</time>
      </trkpt>
      <trkpt lat="22.559219" lon="113.984876">
        <ele>37.1</ele>
        <time>2023-10-19T08:23:51Z</time>
      </trkpt>
      <trkpt lat="22.559226" lon="113.984906">
        <ele>37.1</ele>
        <time>2023-10-19T08:23:52Z</time>
      </trkpt>
      <trkpt lat="22.559232" lon="113.984936">
        <ele>37.1</ele>
        <time>2023-10-19T08:23:53Z</time>
      </trkpt>
      <trkpt lat="22.559238" lon="113.984961">
        <ele>37.2</ele>
        <time>2023-10-19T08:23:54Z</time>
      </trkpt>
      <trkpt lat="22.559254" lon="113.984976">
        <ele>37.2</ele>
        <time>2023-10-19T08:23:55Z</time>
      </trkpt>
      <trkpt lat="22.559266" lon="113.984992">
        <ele>37.2</ele>
        <time>2023-10-19T08:23:56Z</time>
      </trkpt>
      <trkpt lat="22.559276" lon="113.985007">
        <ele>37.2</ele>
        <time>2023-10-19T08:23:57Z</time>
      </trkpt>
      <trkpt lat="22.559287" lon="113.985029">
        <ele>37.2</ele>
        <time>2023-10-19T08:23:58Z</time>
      </trkpt>
      <trkpt lat="22.559291" lon="113.985052">
        <ele>37.2</ele>
        <time>2023-10-19T08:23:59Z</time>
      </trkpt>
      <trkpt lat="22.559295" lon="113.985068">
        <ele>37.2</ele>
        <time>2023-10-19T08:24:00Z</time>
      </trkpt>
      <trkpt lat="22.559299" lon="113.985091">
        <ele>37.2</ele>
        <time>2023-10-19T08:24:01Z</time>
      </trkpt>
      <trkpt lat="22.559303" lon="113.985106">
        <ele>37.3</ele>
        <time>2023-10-19T08:24:02Z</time>
      </trkpt>
      <trkpt lat="22.559308" lon="113.985128">
        <ele>37.3</ele>
        <time>2023-10-19T08:24:03Z</time>
      </trkpt>
      <trkpt lat="22.559314" lon="113.985151">
        <ele>37.3</ele>
        <time>2023-10-19T08:24:04Z</time>
      </trkpt>
      <trkpt lat="22.55932" lon="113.985167">
        <ele>37.3</ele>
        <time>2023-10-19T08:24:05Z</time>
      </trkpt>
      <trkpt lat="22.559322" lon="113.985183">
        <ele>37.3</ele>
        <time>2023-10-19T08:24:06Z</time>
      </trkpt>
      <trkpt lat="22.559326" lon="113.985205">
        <ele>37.3</ele>
        <time>2023-10-19T08:24:07Z</time>
      </trkpt>
      <trkpt lat="22.559335" lon="113.98522">
        <ele>37.3</ele>
        <time>2023-10-19T08:24:08Z</time>
      </trkpt>
      <trkpt lat="22.559345" lon="113.98525">
        <ele>37.3</ele>
        <time>2023-10-19T08:24:09Z</time>
      </trkpt>
      <trkpt lat="22.559354" lon="113.985266">
        <ele>37.3</ele>
        <time>2023-10-19T08:24:10Z</time>
      </trkpt>
      <trkpt lat="22.559362" lon="113.985289">
        <ele>37.4</ele>
        <time>2023-10-19T08:24:11Z</time>
      </trkpt>
      <trkpt lat="22.559372" lon="113.985305">
        <ele>37.4</ele>
        <time>2023-10-19T08:24:12Z</time>
      </trkpt>
      <trkpt lat="22.559377" lon="113.98532">
        <ele>37.4</ele>
        <time>2023-10-19T08:24:13Z</time>
      </trkpt>
      <trkpt lat="22.559383" lon="113.985335">
        <ele>37.4</ele>
        <time>2023-10-19T08:24:14Z</time>
      </trkpt>
      <trkpt lat="22.559382" lon="113.985351">
        <ele>37.4</ele>
        <time>2023-10-19T08:24:15Z</time>
      </trkpt>
      <trkpt lat="22.559383" lon="113.985366">
        <ele>37.4</ele>
        <time>2023-10-19T08:24:16Z</time>
      </trkpt>
      <trkpt lat="22.559387" lon="113.985381">
        <ele>37.4</ele>
        <time>2023-10-19T08:24:17Z</time>
      </trkpt>
      <trkpt lat="22.559389" lon="113.98541">
        <ele>37.4</ele>
        <time>2023-10-19T08:24:18Z</time>
      </trkpt>
      <trkpt lat="22.559391" lon="113.985434">
        <ele>37.4</ele>
        <time>2023-10-19T08:24:19Z</time>
      </trkpt>
      <trkpt lat="22.559389" lon="113.985456">
        <ele>37.5</ele>
        <time>2023-10-19T08:24:20Z</time>
      </trkpt>
      <trkpt lat="22.559389" lon="113.985479">
        <ele>37.5</ele>
        <time>2023-10-19T08:24:21Z</time>
      </trkpt>
      <trkpt lat="22.559387" lon="113.985502">
        <ele>37.5</ele>
        <time>2023-10-19T08:24:22Z</time>
      </trkpt>
      <trkpt lat="22.559387" lon="113.985518">
        <ele>37.5</ele>
        <time>2023-10-19T08:24:23Z</time>
      </trkpt>
      <trkpt lat="22.559385" lon="113.98554">
        <ele>37.5</ele>
        <time>2023-10-19T08:24:24Z</time>
      </trkpt>
      <trkpt lat="22.559384" lon="113.985563">
        <ele>37.5</ele>
        <time>2023-10-19T08:24:25Z</time>
      </trkpt>
      <trkpt lat="22.559383" lon="113.985579">
        <ele>37.5</ele>
        <time>2023-10-19T08:24:26Z</time>
      </trkpt>
      <trkpt lat="22.559395" lon="113.985608">
        <ele>37.5</ele>
        <time>2023-10-19T08:24:27Z</time>
      </trkpt>
      <trkpt lat="22.559405" lon="113.985638">
        <ele>37.6</ele>
        <time>2023-10-19T08:24:28Z</time>
      </trkpt>
      <trkpt lat="22.559418" lon="113.985662">
        <ele>37.6</ele>
        <time>2023-10-19T08:24:29Z</time>
      </trkpt>
      <trkpt lat="22.559418" lon="113.985692">
        <ele>37.6</ele>
        <time>2023-10-19T08:24:30Z</time>
      </trkpt>
      <trkpt lat="22.559421" lon="113.985723">
        <ele>37.6</ele>
        <time>2023-10-19T08:24:31Z</time>
      </trkpt>
      <trkpt lat="22.559427" lon="113.985753">
        <ele>37.6</ele>
        <time>2023-10-19T08:24:32Z</time>
      </trkpt>
      <trkpt lat="22.559434" lon="113.98579">
        <ele>37.6</ele>
        <time>2023-10-19T08:24:33Z</time>
      </trkpt>
      <trkpt lat="22.55944" lon="113.985815">
        <ele>37.7</ele>
        <time>2023-10-19T08:24:34Z</time>
      </trkpt>
      <trkpt lat="22.559446" lon="113.985845">
        <ele>37.7</ele>
        <time>2023-10-19T08:24:35Z</time>
      </trkpt>
      <trkpt lat="22.559451" lon="113.985875">
        <ele>37.7</ele>
        <time>2023-10-19T08:24:36Z</time>
      </trkpt>
      <trkpt lat="22.559464" lon="113.985905">
        <ele>37.7</ele>
        <time>2023-10-19T08:24:37Z</time>
      </trkpt>
      <trkpt lat="22.55949" lon="113.98593">
        <ele>37.7</ele>
        <time>2023-10-19T08:24:38Z</time>
      </trkpt>
      <trkpt lat="22.559505" lon="113.985953">
        <ele>37.8</ele>
        <time>2023-10-19T08:24:39Z</time>
      </trkpt>
      <trkpt lat="22.559507" lon="113.985975">
        <ele>37.8</ele>
        <time>2023-10-19T08:24:40Z</time>
      </trkpt>
      <trkpt lat="22.5595" lon="113.985998">
        <ele>37.8</ele>
        <time>2023-10-19T08:24:41Z</time>
      </trkpt>
      <trkpt lat="22.559493" lon="113.986028">
        <ele>37.8</ele>
        <time>2023-10-19T08:24:42Z</time>
      </trkpt>
      <trkpt lat="22.559492" lon="113.986044">
        <ele>37.8</ele>
        <time>2023-10-19T08:24:43Z</time>
      </trkpt>
      <trkpt lat="22.559494" lon="113.986066">
        <ele>37.8</ele>
        <time>2023-10-19T08:24:44Z</time>
      </trkpt>
      <trkpt lat="22.559501" lon="113.986083">
        <ele>37.8</ele>
        <time>2023-10-19T08:24:45Z</time>
      </trkpt>
      <trkpt lat="22.55951" lon="113.986084">
        <ele>37.8</ele>
        <time>2023-10-19T08:24:46Z</time>
      </trkpt>
      <trkpt lat="22.559511" lon="113.98607">
        <ele>37.8</ele>
        <time>2023-10-19T08:24:47Z</time>
      </trkpt>
      <trkpt lat="22.559508" lon="113.986055">
        <ele>37.8</ele>
        <time>2023-10-19T08:24:48Z</time>
      </trkpt>
      <trkpt lat="22.559499" lon="113.986033">
        <ele>37.9</ele>
        <time>2023-10-19T08:24:49Z</time>
      </trkpt>
      <trkpt lat="22.559488" lon="113.98601">
        <ele>37.9</ele>
        <time>2023-10-19T08:24:50Z</time>
      </trkpt>
      <trkpt lat="22.559481" lon="113.985987">
        <ele>37.9</ele>
        <time>2023-10-19T08:24:51Z</time>
      </trkpt>
      <trkpt lat="22.559481" lon="113.985964">
        <ele>37.9</ele>
        <time>2023-10-19T08:24:52Z</time>
      </trkpt>
      <trkpt lat="22.559476" lon="113.985942">
        <ele>37.9</ele>
        <time>2023-10-19T08:24:53Z</time>
      </trkpt>
      <trkpt lat="22.55947" lon="113.985925">
        <ele>37.9</ele>
        <time>2023-10-19T08:24:54Z</time>
      </trkpt>
      <trkpt lat="22.559459" lon="113.985896">
        <ele>37.9</ele>
        <time>2023-10-19T08:24:55Z</time>
      </trkpt>
      <trkpt lat="22.559444" lon="113.985865">
        <ele>38</ele>
        <time>2023-10-19T08:24:56Z</time>
      </trkpt>
      <trkpt lat="22.559432" lon="113.985842">
        <ele>38</ele>
        <time>2023-10-19T08:24:57Z</time>
      </trkpt>
      <trkpt lat="22.559424" lon="113.985804">
        <ele>38</ele>
        <time>2023-10-19T08:24:58Z</time>
      </trkpt>
      <trkpt lat="22.559417" lon="113.985774">
        <ele>38</ele>
        <time>2023-10-19T08:24:59Z</time>
      </trkpt>
      <trkpt lat="22.559402" lon="113.985737">
        <ele>38</ele>
        <time>2023-10-19T08:25:00Z</time>
      </trkpt>
      <trkpt lat="22.559389" lon="113.9857">
        <ele>38</ele>
        <time>2023-10-19T08:25:01Z</time>
      </trkpt>
      <trkpt lat="22.559377" lon="113.98566">
        <ele>38</ele>
        <time>2023-10-19T08:25:02Z</time>
      </trkpt>
      <trkpt lat="22.559367" lon="113.985635">
        <ele>38</ele>
        <time>2023-10-19T08:25:03Z</time>
      </trkpt>
      <trkpt lat="22.559356" lon="113.985593">
        <ele>37.9</ele>
        <time>2023-10-19T08:25:04Z</time>
      </trkpt>
      <trkpt lat="22.559343" lon="113.985554">
        <ele>37.9</ele>
        <time>2023-10-19T08:25:05Z</time>
      </trkpt>
      <trkpt lat="22.559328" lon="113.985515">
        <ele>37.9</ele>
        <time>2023-10-19T08:25:06Z</time>
      </trkpt>
      <trkpt lat="22.559311" lon="113.985477">
        <ele>37.8</ele>
        <time>2023-10-19T08:25:07Z</time>
      </trkpt>
      <trkpt lat="22.559304" lon="113.985439">
        <ele>37.8</ele>
        <time>2023-10-19T08:25:08Z</time>
      </trkpt>
      <trkpt lat="22.559305" lon="113.985393">
        <ele>37.8</ele>
        <time>2023-10-19T08:25:09Z</time>
      </trkpt>
      <trkpt lat="22.559317" lon="113.985355">
        <ele>37.7</ele>
        <time>2023-10-19T08:25:10Z</time>
      </trkpt>
      <trkpt lat="22.559327" lon="113.985317">
        <ele>37.7</ele>
        <time>2023-10-19T08:25:11Z</time>
      </trkpt>
      <trkpt lat="22.559325" lon="113.985279">
        <ele>37.7</ele>
        <time>2023-10-19T08:25:12Z</time>
      </trkpt>
      <trkpt lat="22.559317" lon="113.985248">
        <ele>37.6</ele>
        <time>2023-10-19T08:25:13Z</time>
      </trkpt>
      <trkpt lat="22.55931" lon="113.98521">
        <ele>37.6</ele>
        <time>2023-10-19T08:25:14Z</time>
      </trkpt>
      <trkpt lat="22.5593" lon="113.985165">
        <ele>37.6</ele>
        <time>2023-10-19T08:25:15Z</time>
      </trkpt>
      <trkpt lat="22.559289" lon="113.98512">
        <ele>37.5</ele>
        <time>2023-10-19T08:25:16Z</time>
      </trkpt>
      <trkpt lat="22.559274" lon="113.985073">
        <ele>37.5</ele>
        <time>2023-10-19T08:25:17Z</time>
      </trkpt>
      <trkpt lat="22.559253" lon="113.985033">
        <ele>37.5</ele>
        <time>2023-10-19T08:25:18Z</time>
      </trkpt>
      <trkpt lat="22.55924" lon="113.984989">
        <ele>37.4</ele>
        <time>2023-10-19T08:25:19Z</time>
      </trkpt>
      <trkpt lat="22.559228" lon="113.984944">
        <ele>37.4</ele>
        <time>2023-10-19T08:25:20Z</time>
      </trkpt>
      <trkpt lat="22.559215" lon="113.984898">
        <ele>37.3</ele>
        <time>2023-10-19T08:25:21Z</time>
      </trkpt>
      <trkpt lat="22.559203" lon="113.984844">
        <ele>37.3</ele>
        <time>2023-10-19T08:25:22Z</time>
      </trkpt>
      <trkpt lat="22.559207" lon="113.984792">
        <ele>37.3</ele>
        <time>2023-10-19T08:25:23Z</time>
      </trkpt>
      <trkpt lat="22.559217" lon="113.984752">
        <ele>37.2</ele>
        <time>2023-10-19T08:25:24Z</time>
      </trkpt>
      <trkpt lat="22.559221" lon="113.984714">
        <ele>37.2</ele>
        <time>2023-10-19T08:25:25Z</time>
      </trkpt>
      <trkpt lat="22.559211" lon="113.984676">
        <ele>37.2</ele>
        <time>2023-10-19T08:25:26Z</time>
      </trkpt>
      <trkpt lat="22.559199" lon="113.984638">
        <ele>37.1</ele>
        <time>2023-10-19T08:25:27Z</time>
      </trkpt>
      <trkpt lat="22.55919" lon="113.984599">
        <ele>37.1</ele>
        <time>2023-10-19T08:25:28Z</time>
      </trkpt>
      <trkpt lat="22.559178" lon="113.984562">
        <ele>37.1</ele>
        <time>2023-10-19T08:25:29Z</time>
      </trkpt>
      <trkpt lat="22.559167" lon="113.984524">
        <ele>37</ele>
        <time>2023-10-19T08:25:30Z</time>
      </trkpt>
      <trkpt lat="22.559159" lon="113.984485">
        <ele>37</ele>
        <time>2023-10-19T08:25:31Z</time>
      </trkpt>
      <trkpt lat="22.559151" lon="113.984447">
        <ele>37</ele>
        <time>2023-10-19T08:25:32Z</time>
      </trkpt>
      <trkpt lat="22.559142" lon="113.984403">
        <ele>37</ele>
        <time>2023-10-19T08:25:33Z</time>
      </trkpt>
      <trkpt lat="22.559131" lon="113.984364">
        <ele>36.9</ele>
        <time>2023-10-19T08:25:34Z</time>
      </trkpt>
      <trkpt lat="22.559123" lon="113.984332">
        <ele>36.9</ele>
        <time>2023-10-19T08:25:35Z</time>
      </trkpt>
      <trkpt lat="22.55911" lon="113.984294">
        <ele>36.9</ele>
        <time>2023-10-19T08:25:36Z</time>
      </trkpt>
      <trkpt lat="22.559093" lon="113.984263">
        <ele>36.8</ele>
        <time>2023-10-19T08:25:37Z</time>
      </trkpt>
      <trkpt lat="22.559079" lon="113.984225">
        <ele>36.8</ele>
        <time>2023-10-19T08:25:38Z</time>
      </trkpt>
      <trkpt lat="22.55907" lon="113.984188">
        <ele>36.8</ele>
        <time>2023-10-19T08:25:39Z</time>
      </trkpt>
      <trkpt lat="22.559065" lon="113.984157">
        <ele>36.7</ele>
        <time>2023-10-19T08:25:40Z</time>
      </trkpt>
      <trkpt lat="22.55906" lon="113.984118">
        <ele>36.7</ele>
        <time>2023-10-19T08:25:41Z</time>
      </trkpt>
      <trkpt lat="22.559052" lon="113.984088">
        <ele>36.7</ele>
        <time>2023-10-19T08:25:42Z</time>
      </trkpt>
      <trkpt lat="22.559045" lon="113.984051">
        <ele>36.7</ele>
        <time>2023-10-19T08:25:43Z</time>
      </trkpt>
      <trkpt lat="22.559039" lon="113.984019">
        <ele>36.6</ele>
        <time>2023-10-19T08:25:44Z</time>
      </trkpt>
      <trkpt lat="22.559031" lon="113.983988">
        <ele>36.6</ele>
        <time>2023-10-19T08:25:45Z</time>
      </trkpt>
      <trkpt lat="22.559025" lon="113.983951">
        <ele>36.6</ele>
        <time>2023-10-19T08:25:46Z</time>
      </trkpt>
      <trkpt lat="22.559018" lon="113.98392">
        <ele>36.6</ele>
        <time>2023-10-19T08:25:47Z</time>
      </trkpt>
      <trkpt lat="22.55901" lon="113.98389">
        <ele>36.5</ele>
        <time>2023-10-19T08:25:48Z</time>
      </trkpt>
      <trkpt lat="22.559003" lon="113.983859">
        <ele>36.5</ele>
        <time>2023-10-19T08:25:49Z</time>
      </trkpt>
      <trkpt lat="22.558999" lon="113.983836">
        <ele>36.5</ele>
        <time>2023-10-19T08:25:50Z</time>
      </trkpt>
      <trkpt lat="22.558995" lon="113.983812">
        <ele>36.5</ele>
        <time>2023-10-19T08:25:51Z</time>
      </trkpt>
      <trkpt lat="22.558993" lon="113.983782">
        <ele>36.6</ele>
        <time>2023-10-19T08:25:52Z</time>
      </trkpt>
      <trkpt lat="22.558991" lon="113.983752">
        <ele>36.6</ele>
        <time>2023-10-19T08:25:53Z</time>
      </trkpt>
      <trkpt lat="22.558989" lon="113.983721">
        <ele>36.6</ele>
        <time>2023-10-19T08:25:54Z</time>
      </trkpt>
      <trkpt lat="22.558985" lon="113.983691">
        <ele>36.6</ele>
        <time>2023-10-19T08:25:55Z</time>
      </trkpt>
      <trkpt lat="22.558978" lon="113.983661">
        <ele>36.6</ele>
        <time>2023-10-19T08:25:56Z</time>
      </trkpt>
      <trkpt lat="22.558968" lon="113.983636">
        <ele>36.6</ele>
        <time>2023-10-19T08:25:57Z</time>
      </trkpt>
      <trkpt lat="22.55896" lon="113.983614">
        <ele>36.6</ele>
        <time>2023-10-19T08:25:58Z</time>
      </trkpt>
      <trkpt lat="22.558951" lon="113.983584">
        <ele>36.6</ele>
        <time>2023-10-19T08:25:59Z</time>
      </trkpt>
      <trkpt lat="22.558943" lon="113.983568">
        <ele>36.7</ele>
        <time>2023-10-19T08:26:00Z</time>
      </trkpt>
      <trkpt lat="22.558932" lon="113.983544">
        <ele>36.7</ele>
        <time>2023-10-19T08:26:01Z</time>
      </trkpt>
      <trkpt lat="22.558924" lon="113.983522">
        <ele>36.7</ele>
        <time>2023-10-19T08:26:02Z</time>
      </trkpt>
      <trkpt lat="22.558924" lon="113.983506">
        <ele>36.7</ele>
        <time>2023-10-19T08:26:03Z</time>
      </trkpt>
      <trkpt lat="22.558926" lon="113.983491">
        <ele>36.7</ele>
        <time>2023-10-19T08:26:04Z</time>
      </trkpt>
      <trkpt lat="22.559284" lon="113.983583">
        <ele>36.8</ele>
        <time>2023-10-19T08:26:23Z</time>
      </trkpt>
      <trkpt lat="22.559309" lon="113.983574">
        <ele>36.9</ele>
        <time>2023-10-19T08:26:24Z</time>
      </trkpt>
      <trkpt lat="22.559333" lon="113.98356">
        <ele>36.9</ele>
        <time>2023-10-19T08:26:25Z</time>
      </trkpt>
      <trkpt lat="22.559358" lon="113.983552">
        <ele>36.9</ele>
        <time>2023-10-19T08:26:26Z</time>
      </trkpt>
      <trkpt lat="22.559375" lon="113.983537">
        <ele>36.9</ele>
        <time>2023-10-19T08:26:27Z</time>
      </trkpt>
      <trkpt lat="22.559376" lon="113.983522">
        <ele>36.9</ele>
        <time>2023-10-19T08:26:28Z</time>
      </trkpt>
      <trkpt lat="22.55936" lon="113.983507">
        <ele>36.9</ele>
        <time>2023-10-19T08:26:29Z</time>
      </trkpt>
      <trkpt lat="22.559348" lon="113.983498">
        <ele>36.9</ele>
        <time>2023-10-19T08:26:30Z</time>
      </trkpt>
      <trkpt lat="22.559344" lon="113.983498">
        <ele>36.9</ele>
        <time>2023-10-19T08:26:31Z</time>
      </trkpt>
      <trkpt lat="22.559331" lon="113.983498">
        <ele>36.9</ele>
        <time>2023-10-19T08:26:32Z</time>
      </trkpt>
      <trkpt lat="22.559316" lon="113.983498">
        <ele>36.9</ele>
        <time>2023-10-19T08:26:33Z</time>
      </trkpt>
      <trkpt lat="22.559304" lon="113.983498">
        <ele>36.9</ele>
        <time>2023-10-19T08:26:34Z</time>
      </trkpt>
      <trkpt lat="22.559284" lon="113.983498">
        <ele>36.9</ele>
        <time>2023-10-19T08:26:35Z</time>
      </trkpt>
      <trkpt lat="22.559265" lon="113.983491">
        <ele>37</ele>
        <time>2023-10-19T08:26:36Z</time>
      </trkpt>
      <trkpt lat="22.559244" lon="113.983483">
        <ele>37</ele>
        <time>2023-10-19T08:26:37Z</time>
      </trkpt>
      <trkpt lat="22.559218" lon="113.983475">
        <ele>37</ele>
        <time>2023-10-19T08:26:38Z</time>
      </trkpt>
      <trkpt lat="22.559197" lon="113.983468">
        <ele>37</ele>
        <time>2023-10-19T08:26:39Z</time>
      </trkpt>
      <trkpt lat="22.559184" lon="113.983467">
        <ele>37</ele>
        <time>2023-10-19T08:26:40Z</time>
      </trkpt>
      <trkpt lat="22.559166" lon="113.983452">
        <ele>37</ele>
        <time>2023-10-19T08:26:41Z</time>
      </trkpt>
      <trkpt lat="22.55915" lon="113.983452">
        <ele>37</ele>
        <time>2023-10-19T08:26:42Z</time>
      </trkpt>
      <trkpt lat="22.559133" lon="113.983445">
        <ele>37</ele>
        <time>2023-10-19T08:26:43Z</time>
      </trkpt>
      <trkpt lat="22.559132" lon="113.983444">
        <ele>37</ele>
        <time>2023-10-19T08:26:44Z</time>
      </trkpt>
      <trkpt lat="22.559132" lon="113.983444">
        <ele>37</ele>
        <time>2023-10-19T08:26:45Z</time>
      </trkpt>
      <trkpt lat="22.559104" lon="113.983459">
        <ele>37</ele>
        <time>2023-10-19T08:26:46Z</time>
      </trkpt>
      <trkpt lat="22.559096" lon="113.983467">
        <ele>37</ele>
        <time>2023-10-19T08:26:47Z</time>
      </trkpt>
      <trkpt lat="22.558704" lon="113.983422">
        <ele>37.2</ele>
        <time>2023-10-19T08:27:32Z</time>
      </trkpt>
      <trkpt lat="22.558672" lon="113.983414">
        <ele>37.2</ele>
        <time>2023-10-19T08:27:33Z</time>
      </trkpt>
      <trkpt lat="22.558647" lon="113.983414">
        <ele>37.2</ele>
        <time>2023-10-19T08:27:34Z</time>
      </trkpt>
      <trkpt lat="22.558614" lon="113.983407">
        <ele>37.3</ele>
        <time>2023-10-19T08:27:35Z</time>
      </trkpt>
      <trkpt lat="22.558584" lon="113.983399">
        <ele>37.3</ele>
        <time>2023-10-19T08:27:36Z</time>
      </trkpt>
      <trkpt lat="22.558558" lon="113.983398">
        <ele>37.3</ele>
        <time>2023-10-19T08:27:37Z</time>
      </trkpt>
      <trkpt lat="22.558529" lon="113.983398">
        <ele>37.3</ele>
        <time>2023-10-19T08:27:38Z</time>
      </trkpt>
      <trkpt lat="22.558504" lon="113.983392">
        <ele>37.3</ele>
        <time>2023-10-19T08:27:39Z</time>
      </trkpt>
      <trkpt lat="22.558476" lon="113.983391">
        <ele>37.3</ele>
        <time>2023-10-19T08:27:40Z</time>
      </trkpt>
      <trkpt lat="22.558447" lon="113.983384">
        <ele>37.3</ele>
        <time>2023-10-19T08:27:41Z</time>
      </trkpt>
      <trkpt lat="22.558419" lon="113.983383">
        <ele>37.2</ele>
        <time>2023-10-19T08:27:42Z</time>
      </trkpt>
      <trkpt lat="22.55839" lon="113.983376">
        <ele>37.2</ele>
        <time>2023-10-19T08:27:43Z</time>
      </trkpt>
      <trkpt lat="22.558363" lon="113.983376">
        <ele>37.1</ele>
        <time>2023-10-19T08:27:44Z</time>
      </trkpt>
      <trkpt lat="22.558344" lon="113.983376">
        <ele>37.1</ele>
        <time>2023-10-19T08:27:45Z</time>
      </trkpt>
      <trkpt lat="22.558324" lon="113.983376">
        <ele>37.1</ele>
        <time>2023-10-19T08:27:46Z</time>
      </trkpt>
      <trkpt lat="22.558302" lon="113.983376">
        <ele>37</ele>
        <time>2023-10-19T08:27:47Z</time>
      </trkpt>
      <trkpt lat="22.558273" lon="113.983376">
        <ele>37</ele>
        <time>2023-10-19T08:27:48Z</time>
      </trkpt>
      <trkpt lat="22.558248" lon="113.983376">
        <ele>36.9</ele>
        <time>2023-10-19T08:27:49Z</time>
      </trkpt>
      <trkpt lat="22.558221" lon="113.983376">
        <ele>36.9</ele>
        <time>2023-10-19T08:27:50Z</time>
      </trkpt>
      <trkpt lat="22.558199" lon="113.983369">
        <ele>36.8</ele>
        <time>2023-10-19T08:27:51Z</time>
      </trkpt>
      <trkpt lat="22.558178" lon="113.983368">
        <ele>36.8</ele>
        <time>2023-10-19T08:27:52Z</time>
      </trkpt>
      <trkpt lat="22.558155" lon="113.983375">
        <ele>36.7</ele>
        <time>2023-10-19T08:27:53Z</time>
      </trkpt>
      <trkpt lat="22.558137" lon="113.983368">
        <ele>36.7</ele>
        <time>2023-10-19T08:27:54Z</time>
      </trkpt>
      <trkpt lat="22.558121" lon="113.983368">
        <ele>36.6</ele>
        <time>2023-10-19T08:27:55Z</time>
      </trkpt>
      <trkpt lat="22.558102" lon="113.983368">
        <ele>36.6</ele>
        <time>2023-10-19T08:27:56Z</time>
      </trkpt>
      <trkpt lat="22.558083" lon="113.983368">
        <ele>36.6</ele>
        <time>2023-10-19T08:27:57Z</time>
      </trkpt>
      <trkpt lat="22.558067" lon="113.983368">
        <ele>36.5</ele>
        <time>2023-10-19T08:27:58Z</time>
      </trkpt>
      <trkpt lat="22.558046" lon="113.983368">
        <ele>36.5</ele>
        <time>2023-10-19T08:27:59Z</time>
      </trkpt>
      <trkpt lat="22.558029" lon="113.983368">
        <ele>36.5</ele>
        <time>2023-10-19T08:28:00Z</time>
      </trkpt>
      <trkpt lat="22.558015" lon="113.983361">
        <ele>36.4</ele>
        <time>2023-10-19T08:28:01Z</time>
      </trkpt>
      <trkpt lat="22.557998" lon="113.98336">
        <ele>36.4</ele>
        <time>2023-10-19T08:28:02Z</time>
      </trkpt>
      <trkpt lat="22.557983" lon="113.98336">
        <ele>36.4</ele>
        <time>2023-10-19T08:28:03Z</time>
      </trkpt>
      <trkpt lat="22.557968" lon="113.98336">
        <ele>36.3</ele>
        <time>2023-10-19T08:28:04Z</time>
      </trkpt>
      <trkpt lat="22.55795" lon="113.98336">
        <ele>36.3</ele>
        <time>2023-10-19T08:28:05Z</time>
      </trkpt>
      <trkpt lat="22.557926" lon="113.98336">
        <ele>36.3</ele>
        <time>2023-10-19T08:28:06Z</time>
      </trkpt>
      <trkpt lat="22.557902" lon="113.98336">
        <ele>36.2</ele>
        <time>2023-10-19T08:28:07Z</time>
      </trkpt>
      <trkpt lat="22.557873" lon="113.98336">
        <ele>36.2</ele>
        <time>2023-10-19T08:28:08Z</time>
      </trkpt>
      <trkpt lat="22.557846" lon="113.98336">
        <ele>36.1</ele>
        <time>2023-10-19T08:28:09Z</time>
      </trkpt>
      <trkpt lat="22.557802" lon="113.98336">
        <ele>36</ele>
        <time>2023-10-19T08:28:10Z</time>
      </trkpt>
      <trkpt lat="22.557751" lon="113.983353">
        <ele>35.9</ele>
        <time>2023-10-19T08:28:11Z</time>
      </trkpt>
      <trkpt lat="22.557703" lon="113.983346">
        <ele>35.8</ele>
        <time>2023-10-19T08:28:12Z</time>
      </trkpt>
      <trkpt lat="22.557658" lon="113.983345">
        <ele>35.7</ele>
        <time>2023-10-19T08:28:13Z</time>
      </trkpt>
      <trkpt lat="22.557614" lon="113.983352">
        <ele>35.6</ele>
        <time>2023-10-19T08:28:14Z</time>
      </trkpt>
      <trkpt lat="22.557568" lon="113.983353">
        <ele>35.5</ele>
        <time>2023-10-19T08:28:15Z</time>
      </trkpt>
      <trkpt lat="22.557533" lon="113.983359">
        <ele>35.5</ele>
        <time>2023-10-19T08:28:16Z</time>
      </trkpt>
      <trkpt lat="22.557505" lon="113.983374">
        <ele>35.4</ele>
        <time>2023-10-19T08:28:17Z</time>
      </trkpt>
      <trkpt lat="22.557493" lon="113.983376">
        <ele>35.4</ele>
        <time>2023-10-19T08:28:18Z</time>
      </trkpt>
      <trkpt lat="22.557483" lon="113.983382">
        <ele>35.4</ele>
        <time>2023-10-19T08:28:19Z</time>
      </trkpt>
      <trkpt lat="22.557464" lon="113.98339">
        <ele>35.3</ele>
        <time>2023-10-19T08:28:20Z</time>
      </trkpt>
      <trkpt lat="22.557445" lon="113.983398">
        <ele>35.3</ele>
        <time>2023-10-19T08:28:21Z</time>
      </trkpt>
      <trkpt lat="22.557426" lon="113.983412">
        <ele>35.2</ele>
        <time>2023-10-19T08:28:22Z</time>
      </trkpt>
      <trkpt lat="22.557409" lon="113.983421">
        <ele>35.2</ele>
        <time>2023-10-19T08:28:23Z</time>
      </trkpt>
      <trkpt lat="22.557394" lon="113.983435">
        <ele>35.2</ele>
        <time>2023-10-19T08:28:24Z</time>
      </trkpt>
      <trkpt lat="22.557378" lon="113.98345">
        <ele>35.1</ele>
        <time>2023-10-19T08:28:25Z</time>
      </trkpt>
      <trkpt lat="22.557365" lon="113.983466">
        <ele>35.1</ele>
        <time>2023-10-19T08:28:26Z</time>
      </trkpt>
      <trkpt lat="22.557349" lon="113.983474">
        <ele>35</ele>
        <time>2023-10-19T08:28:27Z</time>
      </trkpt>
      <trkpt lat="22.557334" lon="113.983482">
        <ele>35</ele>
        <time>2023-10-19T08:28:28Z</time>
      </trkpt>
      <trkpt lat="22.55733" lon="113.983475">
        <ele>35</ele>
        <time>2023-10-19T08:28:29Z</time>
      </trkpt>
      <trkpt lat="22.557312" lon="113.983461">
        <ele>35</ele>
        <time>2023-10-19T08:28:30Z</time>
      </trkpt>
      <trkpt lat="22.557287" lon="113.983416">
        <ele>34.9</ele>
        <time>2023-10-19T08:28:31Z</time>
      </trkpt>
      <trkpt lat="22.557256" lon="113.9834">
        <ele>34.8</ele>
        <time>2023-10-19T08:28:32Z</time>
      </trkpt>
      <trkpt lat="22.557225" lon="113.983384">
        <ele>34.7</ele>
        <time>2023-10-19T08:28:33Z</time>
      </trkpt>
      <trkpt lat="22.557207" lon="113.983383">
        <ele>34.7</ele>
        <time>2023-10-19T08:28:34Z</time>
      </trkpt>
      <trkpt lat="22.557187" lon="113.983383">
        <ele>34.6</ele>
        <time>2023-10-19T08:28:35Z</time>
      </trkpt>
      <trkpt lat="22.557169" lon="113.98339">
        <ele>34.6</ele>
        <time>2023-10-19T08:28:36Z</time>
      </trkpt>
      <trkpt lat="22.557146" lon="113.983391">
        <ele>34.6</ele>
        <time>2023-10-19T08:28:37Z</time>
      </trkpt>
      <trkpt lat="22.557118" lon="113.983391">
        <ele>34.5</ele>
        <time>2023-10-19T08:28:38Z</time>
      </trkpt>
      <trkpt lat="22.557083" lon="113.983384">
        <ele>34.4</ele>
        <time>2023-10-19T08:28:39Z</time>
      </trkpt>
      <trkpt lat="22.557045" lon="113.983376">
        <ele>34.4</ele>
        <time>2023-10-19T08:28:40Z</time>
      </trkpt>
      <trkpt lat="22.557002" lon="113.983368">
        <ele>34.3</ele>
        <time>2023-10-19T08:28:41Z</time>
      </trkpt>
      <trkpt lat="22.556963" lon="113.983368">
        <ele>34.2</ele>
        <time>2023-10-19T08:28:42Z</time>
      </trkpt>
      <trkpt lat="22.556931" lon="113.983368">
        <ele>34.1</ele>
        <time>2023-10-19T08:28:43Z</time>
      </trkpt>
      <trkpt lat="22.556902" lon="113.983361">
        <ele>34.1</ele>
        <time>2023-10-19T08:28:44Z</time>
      </trkpt>
      <trkpt lat="22.556884" lon="113.98336">
        <ele>34</ele>
        <time>2023-10-19T08:28:45Z</time>
      </trkpt>
      <trkpt lat="22.556872" lon="113.983374">
        <ele>34</ele>
        <time>2023-10-19T08:28:46Z</time>
      </trkpt>
      <trkpt lat="22.556856" lon="113.983376">
        <ele>34</ele>
        <time>2023-10-19T08:28:47Z</time>
      </trkpt>
      <trkpt lat="22.556832" lon="113.983382">
        <ele>33.9</ele>
        <time>2023-10-19T08:28:48Z</time>
      </trkpt>
      <trkpt lat="22.556823" lon="113.98339">
        <ele>33.9</ele>
        <time>2023-10-19T08:28:49Z</time>
      </trkpt>
      <trkpt lat="22.556824" lon="113.983411">
        <ele>33.9</ele>
        <time>2023-10-19T08:28:50Z</time>
      </trkpt>
      <trkpt lat="22.55684" lon="113.983435">
        <ele>33.8</ele>
        <time>2023-10-19T08:28:51Z</time>
      </trkpt>
      <trkpt lat="22.55686" lon="113.983472">
        <ele>33.7</ele>
        <time>2023-10-19T08:28:52Z</time>
      </trkpt>
      <trkpt lat="22.556876" lon="113.983502">
        <ele>33.7</ele>
        <time>2023-10-19T08:28:53Z</time>
      </trkpt>
      <trkpt lat="22.556893" lon="113.983533">
        <ele>33.7</ele>
        <time>2023-10-19T08:28:54Z</time>
      </trkpt>
      <trkpt lat="22.556908" lon="113.983563">
        <ele>33.7</ele>
        <time>2023-10-19T08:28:55Z</time>
      </trkpt>
      <trkpt lat="22.556924" lon="113.983587">
        <ele>33.7</ele>
        <time>2023-10-19T08:28:56Z</time>
      </trkpt>
      <trkpt lat="22.556937" lon="113.983616">
        <ele>33.7</ele>
        <time>2023-10-19T08:28:57Z</time>
      </trkpt>
      <trkpt lat="22.55695" lon="113.983647">
        <ele>33.7</ele>
        <time>2023-10-19T08:28:58Z</time>
      </trkpt>
      <trkpt lat="22.556963" lon="113.983671">
        <ele>33.7</ele>
        <time>2023-10-19T08:28:59Z</time>
      </trkpt>
      <trkpt lat="22.556975" lon="113.983701">
        <ele>33.7</ele>
        <time>2023-10-19T08:29:00Z</time>
      </trkpt>
      <trkpt lat="22.556985" lon="113.983725">
        <ele>33.7</ele>
        <time>2023-10-19T08:29:01Z</time>
      </trkpt>
      <trkpt lat="22.556995" lon="113.983755">
        <ele>33.7</ele>
        <time>2023-10-19T08:29:02Z</time>
      </trkpt>
      <trkpt lat="22.557002" lon="113.983785">
        <ele>33.7</ele>
        <time>2023-10-19T08:29:03Z</time>
      </trkpt>
      <trkpt lat="22.55701" lon="113.983808">
        <ele>33.7</ele>
        <time>2023-10-19T08:29:04Z</time>
      </trkpt>
      <trkpt lat="22.557016" lon="113.983838">
        <ele>33.7</ele>
        <time>2023-10-19T08:29:05Z</time>
      </trkpt>
      <trkpt lat="22.55702" lon="113.983862">
        <ele>33.7</ele>
        <time>2023-10-19T08:29:06Z</time>
      </trkpt>
      <trkpt lat="22.557027" lon="113.983885">
        <ele>33.7</ele>
        <time>2023-10-19T08:29:07Z</time>
      </trkpt>
      <trkpt lat="22.557038" lon="113.983914">
        <ele>33.7</ele>
        <time>2023-10-19T08:29:08Z</time>
      </trkpt>
      <trkpt lat="22.557046" lon="113.983938">
        <ele>33.7</ele>
        <time>2023-10-19T08:29:09Z</time>
      </trkpt>
      <trkpt lat="22.557052" lon="113.983968">
        <ele>33.7</ele>
        <time>2023-10-19T08:29:10Z</time>
      </trkpt>
      <trkpt lat="22.557058" lon="113.983991">
        <ele>33.7</ele>
        <time>2023-10-19T08:29:11Z</time>
      </trkpt>
      <trkpt lat="22.557065" lon="113.984014">
        <ele>33.7</ele>
        <time>2023-10-19T08:29:12Z</time>
      </trkpt>
      <trkpt lat="22.557073" lon="113.984036">
        <ele>33.7</ele>
        <time>2023-10-19T08:29:13Z</time>
      </trkpt>
      <trkpt lat="22.557082" lon="113.98406">
        <ele>33.7</ele>
        <time>2023-10-19T08:29:14Z</time>
      </trkpt>
      <trkpt lat="22.55709" lon="113.98409">
        <ele>33.7</ele>
        <time>2023-10-19T08:29:15Z</time>
      </trkpt>
      <trkpt lat="22.557101" lon="113.984121">
        <ele>33.7</ele>
        <time>2023-10-19T08:29:16Z</time>
      </trkpt>
      <trkpt lat="22.557116" lon="113.984151">
        <ele>33.7</ele>
        <time>2023-10-19T08:29:17Z</time>
      </trkpt>
      <trkpt lat="22.557131" lon="113.984174">
        <ele>33.7</ele>
        <time>2023-10-19T08:29:18Z</time>
      </trkpt>
      <trkpt lat="22.557147" lon="113.984197">
        <ele>33.7</ele>
        <time>2023-10-19T08:29:19Z</time>
      </trkpt>
      <trkpt lat="22.557163" lon="113.98422">
        <ele>33.7</ele>
        <time>2023-10-19T08:29:20Z</time>
      </trkpt>
      <trkpt lat="22.557181" lon="113.984251">
        <ele>33.7</ele>
        <time>2023-10-19T08:29:21Z</time>
      </trkpt>
      <trkpt lat="22.557198" lon="113.984274">
        <ele>33.7</ele>
        <time>2023-10-19T08:29:22Z</time>
      </trkpt>
      <trkpt lat="22.557215" lon="113.984303">
        <ele>33.7</ele>
        <time>2023-10-19T08:29:23Z</time>
      </trkpt>
      <trkpt lat="22.557231" lon="113.984327">
        <ele>33.7</ele>
        <time>2023-10-19T08:29:24Z</time>
      </trkpt>
      <trkpt lat="22.557247" lon="113.98435">
        <ele>33.7</ele>
        <time>2023-10-19T08:29:25Z</time>
      </trkpt>
      <trkpt lat="22.557268" lon="113.984373">
        <ele>33.7</ele>
        <time>2023-10-19T08:29:26Z</time>
      </trkpt>
      <trkpt lat="22.557294" lon="113.984389">
        <ele>33.7</ele>
        <time>2023-10-19T08:29:27Z</time>
      </trkpt>
      <trkpt lat="22.557324" lon="113.984412">
        <ele>33.7</ele>
        <time>2023-10-19T08:29:28Z</time>
      </trkpt>
      <trkpt lat="22.557352" lon="113.984433">
        <ele>33.7</ele>
        <time>2023-10-19T08:29:29Z</time>
      </trkpt>
      <trkpt lat="22.557383" lon="113.984456">
        <ele>33.7</ele>
        <time>2023-10-19T08:29:30Z</time>
      </trkpt>
      <trkpt lat="22.557423" lon="113.984473">
        <ele>33.7</ele>
        <time>2023-10-19T08:29:31Z</time>
      </trkpt>
      <trkpt lat="22.557463" lon="113.984481">
        <ele>33.7</ele>
        <time>2023-10-19T08:29:32Z</time>
      </trkpt>
      <trkpt lat="22.557503" lon="113.984496">
        <ele>33.7</ele>
        <time>2023-10-19T08:29:33Z</time>
      </trkpt>
      <trkpt lat="22.557546" lon="113.984504">
        <ele>33.7</ele>
        <time>2023-10-19T08:29:34Z</time>
      </trkpt>
      <trkpt lat="22.557589" lon="113.984505">
        <ele>33.7</ele>
        <time>2023-10-19T08:29:35Z</time>
      </trkpt>
      <trkpt lat="22.557628" lon="113.984512">
        <ele>33.7</ele>
        <time>2023-10-19T08:29:36Z</time>
      </trkpt>
      <trkpt lat="22.557677" lon="113.984519">
        <ele>33.7</ele>
        <time>2023-10-19T08:29:37Z</time>
      </trkpt>
      <trkpt lat="22.557728" lon="113.984527">
        <ele>33.7</ele>
        <time>2023-10-19T08:29:38Z</time>
      </trkpt>
      <trkpt lat="22.557778" lon="113.984534">
        <ele>33.7</ele>
        <time>2023-10-19T08:29:39Z</time>
      </trkpt>
      <trkpt lat="22.557829" lon="113.984549">
        <ele>33.7</ele>
        <time>2023-10-19T08:29:40Z</time>
      </trkpt>
      <trkpt lat="22.557878" lon="113.984557">
        <ele>33.7</ele>
        <time>2023-10-19T08:29:41Z</time>
      </trkpt>
      <trkpt lat="22.557925" lon="113.984579">
        <ele>33.7</ele>
        <time>2023-10-19T08:29:42Z</time>
      </trkpt>
      <trkpt lat="22.557977" lon="113.984595">
        <ele>33.7</ele>
        <time>2023-10-19T08:29:43Z</time>
      </trkpt>
      <trkpt lat="22.558027" lon="113.984625">
        <ele>33.7</ele>
        <time>2023-10-19T08:29:44Z</time>
      </trkpt>
      <trkpt lat="22.558076" lon="113.984655">
        <ele>33.8</ele>
        <time>2023-10-19T08:29:45Z</time>
      </trkpt>
      <trkpt lat="22.558122" lon="113.984692">
        <ele>33.8</ele>
        <time>2023-10-19T08:29:46Z</time>
      </trkpt>
      <trkpt lat="22.55816" lon="113.984723">
        <ele>33.8</ele>
        <time>2023-10-19T08:29:47Z</time>
      </trkpt>
      <trkpt lat="22.558191" lon="113.984754">
        <ele>33.8</ele>
        <time>2023-10-19T08:29:48Z</time>
      </trkpt>
      <trkpt lat="22.558214" lon="113.984777">
        <ele>33.9</ele>
        <time>2023-10-19T08:29:49Z</time>
      </trkpt>
      <trkpt lat="22.55823" lon="113.984807">
        <ele>33.9</ele>
        <time>2023-10-19T08:29:50Z</time>
      </trkpt>
      <trkpt lat="22.558247" lon="113.984831">
        <ele>33.9</ele>
        <time>2023-10-19T08:29:51Z</time>
      </trkpt>
      <trkpt lat="22.558264" lon="113.984861">
        <ele>33.9</ele>
        <time>2023-10-19T08:29:52Z</time>
      </trkpt>
      <trkpt lat="22.558274" lon="113.984897">
        <ele>33.9</ele>
        <time>2023-10-19T08:29:53Z</time>
      </trkpt>
      <trkpt lat="22.558279" lon="113.984928">
        <ele>33.9</ele>
        <time>2023-10-19T08:29:54Z</time>
      </trkpt>
      <trkpt lat="22.558284" lon="113.984966">
        <ele>34</ele>
        <time>2023-10-19T08:29:55Z</time>
      </trkpt>
      <trkpt lat="22.558292" lon="113.984997">
        <ele>34</ele>
        <time>2023-10-19T08:29:56Z</time>
      </trkpt>
      <trkpt lat="22.558301" lon="113.985028">
        <ele>34</ele>
        <time>2023-10-19T08:29:57Z</time>
      </trkpt>
      <trkpt lat="22.558305" lon="113.985058">
        <ele>34</ele>
        <time>2023-10-19T08:29:58Z</time>
      </trkpt>
      <trkpt lat="22.558307" lon="113.985089">
        <ele>34</ele>
        <time>2023-10-19T08:29:59Z</time>
      </trkpt>
      <trkpt lat="22.558309" lon="113.985121">
        <ele>34.1</ele>
        <time>2023-10-19T08:30:00Z</time>
      </trkpt>
      <trkpt lat="22.55831" lon="113.985153">
        <ele>34.1</ele>
        <time>2023-10-19T08:30:01Z</time>
      </trkpt>
      <trkpt lat="22.558315" lon="113.985183">
        <ele>34.1</ele>
        <time>2023-10-19T08:30:02Z</time>
      </trkpt>
      <trkpt lat="22.558324" lon="113.985205">
        <ele>34.1</ele>
        <time>2023-10-19T08:30:03Z</time>
      </trkpt>
      <trkpt lat="22.558334" lon="113.985228">
        <ele>34.1</ele>
        <time>2023-10-19T08:30:04Z</time>
      </trkpt>
      <trkpt lat="22.55834" lon="113.985258">
        <ele>34.1</ele>
        <time>2023-10-19T08:30:05Z</time>
      </trkpt>
      <trkpt lat="22.558349" lon="113.98528">
        <ele>34.1</ele>
        <time>2023-10-19T08:30:06Z</time>
      </trkpt>
      <trkpt lat="22.558353" lon="113.985304">
        <ele>34.2</ele>
        <time>2023-10-19T08:30:07Z</time>
      </trkpt>
      <trkpt lat="22.558359" lon="113.985326">
        <ele>34.2</ele>
        <time>2023-10-19T08:30:08Z</time>
      </trkpt>
      <trkpt lat="22.558366" lon="113.985357">
        <ele>34.2</ele>
        <time>2023-10-19T08:30:09Z</time>
      </trkpt>
      <trkpt lat="22.558377" lon="113.985387">
        <ele>34.2</ele>
        <time>2023-10-19T08:30:10Z</time>
      </trkpt>
      <trkpt lat="22.558387" lon="113.985418">
        <ele>34.2</ele>
        <time>2023-10-19T08:30:11Z</time>
      </trkpt>
      <trkpt lat="22.558396" lon="113.985448">
        <ele>34.2</ele>
        <time>2023-10-19T08:30:12Z</time>
      </trkpt>
      <trkpt lat="22.558406" lon="113.985479">
        <ele>34.3</ele>
        <time>2023-10-19T08:30:13Z</time>
      </trkpt>
      <trkpt lat="22.558414" lon="113.985509">
        <ele>34.3</ele>
        <time>2023-10-19T08:30:14Z</time>
      </trkpt>
      <trkpt lat="22.55842" lon="113.985539">
        <ele>34.3</ele>
        <time>2023-10-19T08:30:15Z</time>
      </trkpt>
      <trkpt lat="22.55842" lon="113.985563">
        <ele>34.3</ele>
        <time>2023-10-19T08:30:16Z</time>
      </trkpt>
      <trkpt lat="22.55842" lon="113.985586">
        <ele>34.3</ele>
        <time>2023-10-19T08:30:17Z</time>
      </trkpt>
      <trkpt lat="22.55842" lon="113.985602">
        <ele>34.3</ele>
        <time>2023-10-19T08:30:18Z</time>
      </trkpt>
      <trkpt lat="22.558418" lon="113.985617">
        <ele>34.3</ele>
        <time>2023-10-19T08:30:19Z</time>
      </trkpt>
      <trkpt lat="22.558413" lon="113.985632">
        <ele>34.3</ele>
        <time>2023-10-19T08:30:20Z</time>
      </trkpt>
      <trkpt lat="22.558407" lon="113.985648">
        <ele>34.4</ele>
        <time>2023-10-19T08:30:21Z</time>
      </trkpt>
      <trkpt lat="22.5584" lon="113.985663">
        <ele>34.4</ele>
        <time>2023-10-19T08:30:22Z</time>
      </trkpt>
      <trkpt lat="22.558387" lon="113.985706">
        <ele>34.4</ele>
        <time>2023-10-19T08:30:23Z</time>
      </trkpt>
      <trkpt lat="22.558376" lon="113.98573">
        <ele>34.4</ele>
        <time>2023-10-19T08:30:24Z</time>
      </trkpt>
      <trkpt lat="22.558366" lon="113.985753">
        <ele>34.4</ele>
        <time>2023-10-19T08:30:25Z</time>
      </trkpt>
      <trkpt lat="22.558367" lon="113.985783">
        <ele>34.4</ele>
        <time>2023-10-19T08:30:26Z</time>
      </trkpt>
      <trkpt lat="22.558375" lon="113.985807">
        <ele>34.4</ele>
        <time>2023-10-19T08:30:27Z</time>
      </trkpt>
      <trkpt lat="22.558392" lon="113.985824">
        <ele>34.5</ele>
        <time>2023-10-19T08:30:28Z</time>
      </trkpt>
      <trkpt lat="22.558404" lon="113.985852">
        <ele>34.5</ele>
        <time>2023-10-19T08:30:29Z</time>
      </trkpt>
      <trkpt lat="22.558413" lon="113.985869">
        <ele>34.5</ele>
        <time>2023-10-19T08:30:30Z</time>
      </trkpt>
      <trkpt lat="22.558428" lon="113.985906">
        <ele>34.5</ele>
        <time>2023-10-19T08:30:31Z</time>
      </trkpt>
      <trkpt lat="22.558449" lon="113.98595">
        <ele>34.5</ele>
        <time>2023-10-19T08:30:32Z</time>
      </trkpt>
      <trkpt lat="22.558478" lon="113.985988">
        <ele>34.6</ele>
        <time>2023-10-19T08:30:33Z</time>
      </trkpt>
      <trkpt lat="22.55851" lon="113.986027">
        <ele>34.6</ele>
        <time>2023-10-19T08:30:34Z</time>
      </trkpt>
      <trkpt lat="22.558536" lon="113.986065">
        <ele>34.6</ele>
        <time>2023-10-19T08:30:35Z</time>
      </trkpt>
      <trkpt lat="22.558552" lon="113.98609">
        <ele>34.6</ele>
        <time>2023-10-19T08:30:36Z</time>
      </trkpt>
      <trkpt lat="22.558562" lon="113.986112">
        <ele>34.7</ele>
        <time>2023-10-19T08:30:37Z</time>
      </trkpt>
      <trkpt lat="22.55857" lon="113.986135">
        <ele>34.7</ele>
        <time>2023-10-19T08:30:38Z</time>
      </trkpt>
      <trkpt lat="22.558576" lon="113.986152">
        <ele>34.7</ele>
        <time>2023-10-19T08:30:39Z</time>
      </trkpt>
      <trkpt lat="22.558577" lon="113.986174">
        <ele>34.7</ele>
        <time>2023-10-19T08:30:40Z</time>
      </trkpt>
      <trkpt lat="22.558573" lon="113.986196">
        <ele>34.7</ele>
        <time>2023-10-19T08:30:41Z</time>
      </trkpt>
      <trkpt lat="22.558568" lon="113.986219">
        <ele>34.7</ele>
        <time>2023-10-19T08:30:42Z</time>
      </trkpt>
      <trkpt lat="22.55856" lon="113.986242">
        <ele>34.7</ele>
        <time>2023-10-19T08:30:43Z</time>
      </trkpt>
      <trkpt lat="22.558561" lon="113.986266">
        <ele>34.7</ele>
        <time>2023-10-19T08:30:44Z</time>
      </trkpt>
      <trkpt lat="22.558558" lon="113.986288">
        <ele>34.8</ele>
        <time>2023-10-19T08:30:45Z</time>
      </trkpt>
      <trkpt lat="22.558557" lon="113.986311">
        <ele>34.8</ele>
        <time>2023-10-19T08:30:46Z</time>
      </trkpt>
      <trkpt lat="22.558564" lon="113.986333">
        <ele>34.8</ele>
        <time>2023-10-19T08:30:47Z</time>
      </trkpt>
      <trkpt lat="22.558563" lon="113.986356">
        <ele>34.8</ele>
        <time>2023-10-19T08:30:48Z</time>
      </trkpt>
      <trkpt lat="22.558563" lon="113.986379">
        <ele>34.8</ele>
        <time>2023-10-19T08:30:49Z</time>
      </trkpt>
      <trkpt lat="22.558563" lon="113.98641">
        <ele>34.9</ele>
        <time>2023-10-19T08:30:50Z</time>
      </trkpt>
      <trkpt lat="22.558565" lon="113.98644">
        <ele>35</ele>
        <time>2023-10-19T08:30:51Z</time>
      </trkpt>
      <trkpt lat="22.558575" lon="113.986463">
        <ele>35.1</ele>
        <time>2023-10-19T08:30:52Z</time>
      </trkpt>
      <trkpt lat="22.558583" lon="113.986486">
        <ele>35.1</ele>
        <time>2023-10-19T08:30:53Z</time>
      </trkpt>
      <trkpt lat="22.558588" lon="113.986517">
        <ele>35.2</ele>
        <time>2023-10-19T08:30:54Z</time>
      </trkpt>
      <trkpt lat="22.558592" lon="113.986547">
        <ele>35.3</ele>
        <time>2023-10-19T08:30:55Z</time>
      </trkpt>
      <trkpt lat="22.558595" lon="113.986577">
        <ele>35.4</ele>
        <time>2023-10-19T08:30:56Z</time>
      </trkpt>
      <trkpt lat="22.558597" lon="113.986607">
        <ele>35.5</ele>
        <time>2023-10-19T08:30:57Z</time>
      </trkpt>
      <trkpt lat="22.558599" lon="113.986638">
        <ele>35.6</ele>
        <time>2023-10-19T08:30:58Z</time>
      </trkpt>
      <trkpt lat="22.558601" lon="113.986668">
        <ele>35.7</ele>
        <time>2023-10-19T08:30:59Z</time>
      </trkpt>
      <trkpt lat="22.558603" lon="113.986685">
        <ele>35.8</ele>
        <time>2023-10-19T08:31:00Z</time>
      </trkpt>
      <trkpt lat="22.558605" lon="113.986713">
        <ele>35.9</ele>
        <time>2023-10-19T08:31:01Z</time>
      </trkpt>
      <trkpt lat="22.558598" lon="113.986746">
        <ele>36</ele>
        <time>2023-10-19T08:31:02Z</time>
      </trkpt>
      <trkpt lat="22.558598" lon="113.986776">
        <ele>36.1</ele>
        <time>2023-10-19T08:31:03Z</time>
      </trkpt>
      <trkpt lat="22.558598" lon="113.986799">
        <ele>36.2</ele>
        <time>2023-10-19T08:31:04Z</time>
      </trkpt>
      <trkpt lat="22.558601" lon="113.986835">
        <ele>36.3</ele>
        <time>2023-10-19T08:31:05Z</time>
      </trkpt>
      <trkpt lat="22.558608" lon="113.986866">
        <ele>36.4</ele>
        <time>2023-10-19T08:31:06Z</time>
      </trkpt>
      <trkpt lat="22.558613" lon="113.986906">
        <ele>36.5</ele>
        <time>2023-10-19T08:31:07Z</time>
      </trkpt>
      <trkpt lat="22.558618" lon="113.986943">
        <ele>36.7</ele>
        <time>2023-10-19T08:31:08Z</time>
      </trkpt>
      <trkpt lat="22.55862" lon="113.986975">
        <ele>36.8</ele>
        <time>2023-10-19T08:31:09Z</time>
      </trkpt>
      <trkpt lat="22.558624" lon="113.987004">
        <ele>36.9</ele>
        <time>2023-10-19T08:31:10Z</time>
      </trkpt>
      <trkpt lat="22.558628" lon="113.987043">
        <ele>37</ele>
        <time>2023-10-19T08:31:11Z</time>
      </trkpt>
      <trkpt lat="22.558632" lon="113.987073">
        <ele>37.1</ele>
        <time>2023-10-19T08:31:12Z</time>
      </trkpt>
      <trkpt lat="22.558634" lon="113.987103">
        <ele>37.2</ele>
        <time>2023-10-19T08:31:13Z</time>
      </trkpt>
      <trkpt lat="22.558637" lon="113.987127">
        <ele>37.3</ele>
        <time>2023-10-19T08:31:14Z</time>
      </trkpt>
      <trkpt lat="22.558643" lon="113.987157">
        <ele>37.4</ele>
        <time>2023-10-19T08:31:15Z</time>
      </trkpt>
      <trkpt lat="22.558647" lon="113.987194">
        <ele>37.5</ele>
        <time>2023-10-19T08:31:16Z</time>
      </trkpt>
      <trkpt lat="22.558651" lon="113.987225">
        <ele>37.6</ele>
        <time>2023-10-19T08:31:17Z</time>
      </trkpt>
      <trkpt lat="22.558653" lon="113.987256">
        <ele>37.7</ele>
        <time>2023-10-19T08:31:18Z</time>
      </trkpt>
      <trkpt lat="22.558653" lon="113.987287">
        <ele>37.8</ele>
        <time>2023-10-19T08:31:19Z</time>
      </trkpt>
      <trkpt lat="22.558653" lon="113.987324">
        <ele>37.9</ele>
        <time>2023-10-19T08:31:20Z</time>
      </trkpt>
      <trkpt lat="22.558649" lon="113.987356">
        <ele>38</ele>
        <time>2023-10-19T08:31:21Z</time>
      </trkpt>
      <trkpt lat="22.558649" lon="113.987386">
        <ele>38.1</ele>
        <time>2023-10-19T08:31:22Z</time>
      </trkpt>
      <trkpt lat="22.558649" lon="113.987417">
        <ele>38.2</ele>
        <time>2023-10-19T08:31:23Z</time>
      </trkpt>
      <trkpt lat="22.558651" lon="113.987454">
        <ele>38.4</ele>
        <time>2023-10-19T08:31:24Z</time>
      </trkpt>
      <trkpt lat="22.558653" lon="113.987486">
        <ele>38.5</ele>
        <time>2023-10-19T08:31:25Z</time>
      </trkpt>
      <trkpt lat="22.558653" lon="113.987523">
        <ele>38.6</ele>
        <time>2023-10-19T08:31:26Z</time>
      </trkpt>
      <trkpt lat="22.558649" lon="113.987554">
        <ele>38.7</ele>
        <time>2023-10-19T08:31:27Z</time>
      </trkpt>
      <trkpt lat="22.558647" lon="113.987584">
        <ele>38.8</ele>
        <time>2023-10-19T08:31:28Z</time>
      </trkpt>
      <trkpt lat="22.558645" lon="113.987622">
        <ele>38.9</ele>
        <time>2023-10-19T08:31:29Z</time>
      </trkpt>
      <trkpt lat="22.55864" lon="113.98766">
        <ele>39</ele>
        <time>2023-10-19T08:31:30Z</time>
      </trkpt>
      <trkpt lat="22.558629" lon="113.98769">
        <ele>39.2</ele>
        <time>2023-10-19T08:31:31Z</time>
      </trkpt>
      <trkpt lat="22.55862" lon="113.987728">
        <ele>39.3</ele>
        <time>2023-10-19T08:31:32Z</time>
      </trkpt>
      <trkpt lat="22.558613" lon="113.987767">
        <ele>39.4</ele>
        <time>2023-10-19T08:31:33Z</time>
      </trkpt>
      <trkpt lat="22.558613" lon="113.987798">
        <ele>39.5</ele>
        <time>2023-10-19T08:31:34Z</time>
      </trkpt>
      <trkpt lat="22.558607" lon="113.987836">
        <ele>39.6</ele>
        <time>2023-10-19T08:31:35Z</time>
      </trkpt>
      <trkpt lat="22.558599" lon="113.987866">
        <ele>39.7</ele>
        <time>2023-10-19T08:31:36Z</time>
      </trkpt>
      <trkpt lat="22.558596" lon="113.987904">
        <ele>39.9</ele>
        <time>2023-10-19T08:31:37Z</time>
      </trkpt>
      <trkpt lat="22.558594" lon="113.987935">
        <ele>40</ele>
        <time>2023-10-19T08:31:38Z</time>
      </trkpt>
      <trkpt lat="22.558589" lon="113.987965">
        <ele>40.1</ele>
        <time>2023-10-19T08:31:39Z</time>
      </trkpt>
      <trkpt lat="22.558581" lon="113.988003">
        <ele>40.2</ele>
        <time>2023-10-19T08:31:40Z</time>
      </trkpt>
      <trkpt lat="22.558577" lon="113.988041">
        <ele>40.3</ele>
        <time>2023-10-19T08:31:41Z</time>
      </trkpt>
      <trkpt lat="22.558573" lon="113.988072">
        <ele>40.4</ele>
        <time>2023-10-19T08:31:42Z</time>
      </trkpt>
      <trkpt lat="22.558567" lon="113.988104">
        <ele>40.5</ele>
        <time>2023-10-19T08:31:43Z</time>
      </trkpt>
      <trkpt lat="22.558569" lon="113.988134">
        <ele>40.6</ele>
        <time>2023-10-19T08:31:44Z</time>
      </trkpt>
      <trkpt lat="22.558578" lon="113.988171">
        <ele>40.8</ele>
        <time>2023-10-19T08:31:45Z</time>
      </trkpt>
      <trkpt lat="22.558582" lon="113.988202">
        <ele>40.9</ele>
        <time>2023-10-19T08:31:46Z</time>
      </trkpt>
      <trkpt lat="22.558581" lon="113.988226">
        <ele>41</ele>
        <time>2023-10-19T08:31:47Z</time>
      </trkpt>
      <trkpt lat="22.558582" lon="113.988255">
        <ele>41</ele>
        <time>2023-10-19T08:31:48Z</time>
      </trkpt>
      <trkpt lat="22.558582" lon="113.988287">
        <ele>41.2</ele>
        <time>2023-10-19T08:31:49Z</time>
      </trkpt>
      <trkpt lat="22.558582" lon="113.988317">
        <ele>41.2</ele>
        <time>2023-10-19T08:31:50Z</time>
      </trkpt>
      <trkpt lat="22.558575" lon="113.988354">
        <ele>41.3</ele>
        <time>2023-10-19T08:31:51Z</time>
      </trkpt>
      <trkpt lat="22.558573" lon="113.988385">
        <ele>41.3</ele>
        <time>2023-10-19T08:31:52Z</time>
      </trkpt>
      <trkpt lat="22.558578" lon="113.988422">
        <ele>41.3</ele>
        <time>2023-10-19T08:31:53Z</time>
      </trkpt>
      <trkpt lat="22.558585" lon="113.988467">
        <ele>41.3</ele>
        <time>2023-10-19T08:31:54Z</time>
      </trkpt>
      <trkpt lat="22.558584" lon="113.988506">
        <ele>41.3</ele>
        <time>2023-10-19T08:31:55Z</time>
      </trkpt>
      <trkpt lat="22.558576" lon="113.988545">
        <ele>41.3</ele>
        <time>2023-10-19T08:31:56Z</time>
      </trkpt>
      <trkpt lat="22.558561" lon="113.988583">
        <ele>41.3</ele>
        <time>2023-10-19T08:31:57Z</time>
      </trkpt>
      <trkpt lat="22.558546" lon="113.988613">
        <ele>41.3</ele>
        <time>2023-10-19T08:31:58Z</time>
      </trkpt>
      <trkpt lat="22.558539" lon="113.988651">
        <ele>41.3</ele>
        <time>2023-10-19T08:31:59Z</time>
      </trkpt>
      <trkpt lat="22.558535" lon="113.988683">
        <ele>41.3</ele>
        <time>2023-10-19T08:32:00Z</time>
      </trkpt>
      <trkpt lat="22.558529" lon="113.988706">
        <ele>41.3</ele>
        <time>2023-10-19T08:32:01Z</time>
      </trkpt>
      <trkpt lat="22.558525" lon="113.988736">
        <ele>41.4</ele>
        <time>2023-10-19T08:32:02Z</time>
      </trkpt>
      <trkpt lat="22.558522" lon="113.988766">
        <ele>41.4</ele>
        <time>2023-10-19T08:32:03Z</time>
      </trkpt>
      <trkpt lat="22.558518" lon="113.988797">
        <ele>41.4</ele>
        <time>2023-10-19T08:32:04Z</time>
      </trkpt>
      <trkpt lat="22.558512" lon="113.98882">
        <ele>41.4</ele>
        <time>2023-10-19T08:32:05Z</time>
      </trkpt>
      <trkpt lat="22.558507" lon="113.988843">
        <ele>41.4</ele>
        <time>2023-10-19T08:32:06Z</time>
      </trkpt>
      <trkpt lat="22.558504" lon="113.988866">
        <ele>41.4</ele>
        <time>2023-10-19T08:32:07Z</time>
      </trkpt>
      <trkpt lat="22.558506" lon="113.988889">
        <ele>41.4</ele>
        <time>2023-10-19T08:32:08Z</time>
      </trkpt>
      <trkpt lat="22.558504" lon="113.988918">
        <ele>41.4</ele>
        <time>2023-10-19T08:32:09Z</time>
      </trkpt>
      <trkpt lat="22.558499" lon="113.98895">
        <ele>41.4</ele>
        <time>2023-10-19T08:32:10Z</time>
      </trkpt>
      <trkpt lat="22.558488" lon="113.98898">
        <ele>41.4</ele>
        <time>2023-10-19T08:32:11Z</time>
      </trkpt>
      <trkpt lat="22.558482" lon="113.989018">
        <ele>41.4</ele>
        <time>2023-10-19T08:32:12Z</time>
      </trkpt>
      <trkpt lat="22.55848" lon="113.989056">
        <ele>41.4</ele>
        <time>2023-10-19T08:32:13Z</time>
      </trkpt>
      <trkpt lat="22.558472" lon="113.989087">
        <ele>41.4</ele>
        <time>2023-10-19T08:32:14Z</time>
      </trkpt>
      <trkpt lat="22.55846" lon="113.989117">
        <ele>41.4</ele>
        <time>2023-10-19T08:32:15Z</time>
      </trkpt>
      <trkpt lat="22.55845" lon="113.989147">
        <ele>41.5</ele>
        <time>2023-10-19T08:32:16Z</time>
      </trkpt>
      <trkpt lat="22.55844" lon="113.989179">
        <ele>41.5</ele>
        <time>2023-10-19T08:32:17Z</time>
      </trkpt>
      <trkpt lat="22.55842" lon="113.989209">
        <ele>41.5</ele>
        <time>2023-10-19T08:32:18Z</time>
      </trkpt>
      <trkpt lat="22.558398" lon="113.98924">
        <ele>41.5</ele>
        <time>2023-10-19T08:32:19Z</time>
      </trkpt>
      <trkpt lat="22.558379" lon="113.989264">
        <ele>41.5</ele>
        <time>2023-10-19T08:32:20Z</time>
      </trkpt>
      <trkpt lat="22.558364" lon="113.989286">
        <ele>41.5</ele>
        <time>2023-10-19T08:32:21Z</time>
      </trkpt>
      <trkpt lat="22.558352" lon="113.989309">
        <ele>41.5</ele>
        <time>2023-10-19T08:32:22Z</time>
      </trkpt>
      <trkpt lat="22.55834" lon="113.989338">
        <ele>41.5</ele>
        <time>2023-10-19T08:32:23Z</time>
      </trkpt>
      <trkpt lat="22.558333" lon="113.989363">
        <ele>41.5</ele>
        <time>2023-10-19T08:32:24Z</time>
      </trkpt>
      <trkpt lat="22.558324" lon="113.989386">
        <ele>41.5</ele>
        <time>2023-10-19T08:32:25Z</time>
      </trkpt>
      <trkpt lat="22.558313" lon="113.989408">
        <ele>41.5</ele>
        <time>2023-10-19T08:32:26Z</time>
      </trkpt>
      <trkpt lat="22.558299" lon="113.989438">
        <ele>41.5</ele>
        <time>2023-10-19T08:32:27Z</time>
      </trkpt>
      <trkpt lat="22.558289" lon="113.989483">
        <ele>41.6</ele>
        <time>2023-10-19T08:32:28Z</time>
      </trkpt>
      <trkpt lat="22.558278" lon="113.989521">
        <ele>41.6</ele>
        <time>2023-10-19T08:32:29Z</time>
      </trkpt>
      <trkpt lat="22.558267" lon="113.989566">
        <ele>41.6</ele>
        <time>2023-10-19T08:32:30Z</time>
      </trkpt>
      <trkpt lat="22.558259" lon="113.989612">
        <ele>41.6</ele>
        <time>2023-10-19T08:32:31Z</time>
      </trkpt>
      <trkpt lat="22.558265" lon="113.989637">
        <ele>41.6</ele>
        <time>2023-10-19T08:32:32Z</time>
      </trkpt>
      <trkpt lat="22.558273" lon="113.989654">
        <ele>41.6</ele>
        <time>2023-10-19T08:32:33Z</time>
      </trkpt>
      <trkpt lat="22.558285" lon="113.989676">
        <ele>41.6</ele>
        <time>2023-10-19T08:32:34Z</time>
      </trkpt>
      <trkpt lat="22.55829" lon="113.989705">
        <ele>41.6</ele>
        <time>2023-10-19T08:32:35Z</time>
      </trkpt>
      <trkpt lat="22.558287" lon="113.989736">
        <ele>41.6</ele>
        <time>2023-10-19T08:32:36Z</time>
      </trkpt>
      <trkpt lat="22.55828" lon="113.989766">
        <ele>41.6</ele>
        <time>2023-10-19T08:32:37Z</time>
      </trkpt>
      <trkpt lat="22.558274" lon="113.989798">
        <ele>41.6</ele>
        <time>2023-10-19T08:32:38Z</time>
      </trkpt>
      <trkpt lat="22.558275" lon="113.989834">
        <ele>41.6</ele>
        <time>2023-10-19T08:32:39Z</time>
      </trkpt>
      <trkpt lat="22.558281" lon="113.989866">
        <ele>41.6</ele>
        <time>2023-10-19T08:32:40Z</time>
      </trkpt>
      <trkpt lat="22.558281" lon="113.989895">
        <ele>41.7</ele>
        <time>2023-10-19T08:32:41Z</time>
      </trkpt>
      <trkpt lat="22.558276" lon="113.989932">
        <ele>41.7</ele>
        <time>2023-10-19T08:32:42Z</time>
      </trkpt>
      <trkpt lat="22.558269" lon="113.989964">
        <ele>41.7</ele>
        <time>2023-10-19T08:32:43Z</time>
      </trkpt>
      <trkpt lat="22.558268" lon="113.990002">
        <ele>41.7</ele>
        <time>2023-10-19T08:32:44Z</time>
      </trkpt>
      <trkpt lat="22.558264" lon="113.99004">
        <ele>41.7</ele>
        <time>2023-10-19T08:32:45Z</time>
      </trkpt>
      <trkpt lat="22.558255" lon="113.990071">
        <ele>41.7</ele>
        <time>2023-10-19T08:32:46Z</time>
      </trkpt>
      <trkpt lat="22.558242" lon="113.990101">
        <ele>41.7</ele>
        <time>2023-10-19T08:32:47Z</time>
      </trkpt>
      <trkpt lat="22.558226" lon="113.990132">
        <ele>41.7</ele>
        <time>2023-10-19T08:32:48Z</time>
      </trkpt>
      <trkpt lat="22.558203" lon="113.990163">
        <ele>41.7</ele>
        <time>2023-10-19T08:32:49Z</time>
      </trkpt>
      <trkpt lat="22.558177" lon="113.990193">
        <ele>41.8</ele>
        <time>2023-10-19T08:32:50Z</time>
      </trkpt>
      <trkpt lat="22.558152" lon="113.990224">
        <ele>41.9</ele>
        <time>2023-10-19T08:32:51Z</time>
      </trkpt>
      <trkpt lat="22.558137" lon="113.990254">
        <ele>41.9</ele>
        <time>2023-10-19T08:32:52Z</time>
      </trkpt>
      <trkpt lat="22.558126" lon="113.990277">
        <ele>42</ele>
        <time>2023-10-19T08:32:53Z</time>
      </trkpt>
      <trkpt lat="22.558114" lon="113.990308">
        <ele>42.1</ele>
        <time>2023-10-19T08:32:54Z</time>
      </trkpt>
      <trkpt lat="22.558106" lon="113.990337">
        <ele>42.1</ele>
        <time>2023-10-19T08:32:55Z</time>
      </trkpt>
      <trkpt lat="22.558105" lon="113.990369">
        <ele>42.2</ele>
        <time>2023-10-19T08:32:56Z</time>
      </trkpt>
      <trkpt lat="22.5581" lon="113.990392">
        <ele>42.2</ele>
        <time>2023-10-19T08:32:57Z</time>
      </trkpt>
      <trkpt lat="22.558091" lon="113.990422">
        <ele>42.3</ele>
        <time>2023-10-19T08:32:58Z</time>
      </trkpt>
      <trkpt lat="22.558078" lon="113.990459">
        <ele>42.3</ele>
        <time>2023-10-19T08:32:59Z</time>
      </trkpt>
      <trkpt lat="22.558068" lon="113.99049">
        <ele>42.4</ele>
        <time>2023-10-19T08:33:00Z</time>
      </trkpt>
      <trkpt lat="22.558062" lon="113.990514">
        <ele>42.5</ele>
        <time>2023-10-19T08:33:01Z</time>
      </trkpt>
      <trkpt lat="22.558047" lon="113.990545">
        <ele>42.5</ele>
        <time>2023-10-19T08:33:02Z</time>
      </trkpt>
      <trkpt lat="22.558031" lon="113.990575">
        <ele>42.6</ele>
        <time>2023-10-19T08:33:03Z</time>
      </trkpt>
      <trkpt lat="22.558016" lon="113.990598">
        <ele>42.6</ele>
        <time>2023-10-19T08:33:04Z</time>
      </trkpt>
      <trkpt lat="22.558005" lon="113.990628">
        <ele>42.7</ele>
        <time>2023-10-19T08:33:05Z</time>
      </trkpt>
      <trkpt lat="22.557992" lon="113.990659">
        <ele>42.8</ele>
        <time>2023-10-19T08:33:06Z</time>
      </trkpt>
      <trkpt lat="22.557982" lon="113.99069">
        <ele>42.8</ele>
        <time>2023-10-19T08:33:07Z</time>
      </trkpt>
      <trkpt lat="22.557975" lon="113.990713">
        <ele>42.9</ele>
        <time>2023-10-19T08:33:08Z</time>
      </trkpt>
      <trkpt lat="22.557962" lon="113.990743">
        <ele>42.9</ele>
        <time>2023-10-19T08:33:09Z</time>
      </trkpt>
      <trkpt lat="22.557955" lon="113.990766">
        <ele>43</ele>
        <time>2023-10-19T08:33:10Z</time>
      </trkpt>
      <trkpt lat="22.557937" lon="113.990804">
        <ele>43</ele>
        <time>2023-10-19T08:33:11Z</time>
      </trkpt>
      <trkpt lat="22.557922" lon="113.990834">
        <ele>43.1</ele>
        <time>2023-10-19T08:33:12Z</time>
      </trkpt>
      <trkpt lat="22.557908" lon="113.990858">
        <ele>43.2</ele>
        <time>2023-10-19T08:33:13Z</time>
      </trkpt>
      <trkpt lat="22.557885" lon="113.990894">
        <ele>43.2</ele>
        <time>2023-10-19T08:33:14Z</time>
      </trkpt>
      <trkpt lat="22.557872" lon="113.990919">
        <ele>43.3</ele>
        <time>2023-10-19T08:33:15Z</time>
      </trkpt>
      <trkpt lat="22.557857" lon="113.990948">
        <ele>43.4</ele>
        <time>2023-10-19T08:33:16Z</time>
      </trkpt>
      <trkpt lat="22.557842" lon="113.990972">
        <ele>43.4</ele>
        <time>2023-10-19T08:33:17Z</time>
      </trkpt>
      <trkpt lat="22.557832" lon="113.990995">
        <ele>43.5</ele>
        <time>2023-10-19T08:33:18Z</time>
      </trkpt>
      <trkpt lat="22.557826" lon="113.991025">
        <ele>43.5</ele>
        <time>2023-10-19T08:33:19Z</time>
      </trkpt>
      <trkpt lat="22.557816" lon="113.991049">
        <ele>43.6</ele>
        <time>2023-10-19T08:33:20Z</time>
      </trkpt>
      <trkpt lat="22.557807" lon="113.991072">
        <ele>43.6</ele>
        <time>2023-10-19T08:33:21Z</time>
      </trkpt>
      <trkpt lat="22.557792" lon="113.991101">
        <ele>43.7</ele>
        <time>2023-10-19T08:33:22Z</time>
      </trkpt>
      <trkpt lat="22.557779" lon="113.991125">
        <ele>43.7</ele>
        <time>2023-10-19T08:33:23Z</time>
      </trkpt>
      <trkpt lat="22.557765" lon="113.991148">
        <ele>43.8</ele>
        <time>2023-10-19T08:33:24Z</time>
      </trkpt>
      <trkpt lat="22.557752" lon="113.991171">
        <ele>43.8</ele>
        <time>2023-10-19T08:33:25Z</time>
      </trkpt>
      <trkpt lat="22.55773" lon="113.991187">
        <ele>43.9</ele>
        <time>2023-10-19T08:33:26Z</time>
      </trkpt>
      <trkpt lat="22.557699" lon="113.991188">
        <ele>43.9</ele>
        <time>2023-10-19T08:33:27Z</time>
      </trkpt>
      <trkpt lat="22.557669" lon="113.991188">
        <ele>44</ele>
        <time>2023-10-19T08:33:28Z</time>
      </trkpt>
      <trkpt lat="22.557642" lon="113.991188">
        <ele>44</ele>
        <time>2023-10-19T08:33:29Z</time>
      </trkpt>
      <trkpt lat="22.557618" lon="113.991209">
        <ele>44.1</ele>
        <time>2023-10-19T08:33:30Z</time>
      </trkpt>
      <trkpt lat="22.557598" lon="113.991224">
        <ele>44.2</ele>
        <time>2023-10-19T08:33:31Z</time>
      </trkpt>
      <trkpt lat="22.557574" lon="113.99124">
        <ele>44.2</ele>
        <time>2023-10-19T08:33:32Z</time>
      </trkpt>
      <trkpt lat="22.557556" lon="113.991241">
        <ele>44.2</ele>
        <time>2023-10-19T08:33:33Z</time>
      </trkpt>
      <trkpt lat="22.557547" lon="113.991255">
        <ele>44.3</ele>
        <time>2023-10-19T08:33:34Z</time>
      </trkpt>
      <trkpt lat="22.557545" lon="113.991277">
        <ele>44.3</ele>
        <time>2023-10-19T08:33:35Z</time>
      </trkpt>
      <trkpt lat="22.55754" lon="113.991307">
        <ele>44.4</ele>
        <time>2023-10-19T08:33:36Z</time>
      </trkpt>
      <trkpt lat="22.557539" lon="113.991351">
        <ele>44.5</ele>
        <time>2023-10-19T08:33:37Z</time>
      </trkpt>
      <trkpt lat="22.557549" lon="113.99139">
        <ele>44.5</ele>
        <time>2023-10-19T08:33:38Z</time>
      </trkpt>
      <trkpt lat="22.557557" lon="113.991428">
        <ele>44.6</ele>
        <time>2023-10-19T08:33:39Z</time>
      </trkpt>
      <trkpt lat="22.557555" lon="113.991453">
        <ele>44.7</ele>
        <time>2023-10-19T08:33:40Z</time>
      </trkpt>
      <trkpt lat="22.557547" lon="113.991483">
        <ele>44.7</ele>
        <time>2023-10-19T08:33:41Z</time>
      </trkpt>
      <trkpt lat="22.55754" lon="113.991499">
        <ele>44.7</ele>
        <time>2023-10-19T08:33:42Z</time>
      </trkpt>
      <trkpt lat="22.557527" lon="113.991528">
        <ele>44.8</ele>
        <time>2023-10-19T08:33:43Z</time>
      </trkpt>
      <trkpt lat="22.557516" lon="113.991552">
        <ele>44.9</ele>
        <time>2023-10-19T08:33:44Z</time>
      </trkpt>
      <trkpt lat="22.557502" lon="113.991575">
        <ele>44.9</ele>
        <time>2023-10-19T08:33:45Z</time>
      </trkpt>
      <trkpt lat="22.557495" lon="113.991599">
        <ele>44.9</ele>
        <time>2023-10-19T08:33:46Z</time>
      </trkpt>
      <trkpt lat="22.557495" lon="113.991621">
        <ele>45</ele>
        <time>2023-10-19T08:33:47Z</time>
      </trkpt>
      <trkpt lat="22.557493" lon="113.991644">
        <ele>45</ele>
        <time>2023-10-19T08:33:48Z</time>
      </trkpt>
      <trkpt lat="22.557479" lon="113.991682">
        <ele>45.1</ele>
        <time>2023-10-19T08:33:49Z</time>
      </trkpt>
      <trkpt lat="22.557452" lon="113.991726">
        <ele>45.2</ele>
        <time>2023-10-19T08:33:50Z</time>
      </trkpt>
      <trkpt lat="22.557424" lon="113.991784">
        <ele>45.3</ele>
        <time>2023-10-19T08:33:51Z</time>
      </trkpt>
      <trkpt lat="22.557431" lon="113.991818">
        <ele>45.4</ele>
        <time>2023-10-19T08:33:52Z</time>
      </trkpt>
      <trkpt lat="22.55742" lon="113.991856">
        <ele>45.5</ele>
        <time>2023-10-19T08:33:53Z</time>
      </trkpt>
      <trkpt lat="22.557403" lon="113.99188">
        <ele>45.6</ele>
        <time>2023-10-19T08:33:54Z</time>
      </trkpt>
      <trkpt lat="22.557383" lon="113.991903">
        <ele>45.6</ele>
        <time>2023-10-19T08:33:55Z</time>
      </trkpt>
      <trkpt lat="22.557357" lon="113.991933">
        <ele>45.7</ele>
        <time>2023-10-19T08:33:56Z</time>
      </trkpt>
      <trkpt lat="22.557328" lon="113.99195">
        <ele>45.8</ele>
        <time>2023-10-19T08:33:57Z</time>
      </trkpt>
      <trkpt lat="22.557301" lon="113.991972">
        <ele>45.9</ele>
        <time>2023-10-19T08:33:58Z</time>
      </trkpt>
      <trkpt lat="22.557274" lon="113.991995">
        <ele>46</ele>
        <time>2023-10-19T08:33:59Z</time>
      </trkpt>
      <trkpt lat="22.557267" lon="113.992025">
        <ele>46.1</ele>
        <time>2023-10-19T08:34:00Z</time>
      </trkpt>
      <trkpt lat="22.557271" lon="113.992055">
        <ele>46.1</ele>
        <time>2023-10-19T08:34:01Z</time>
      </trkpt>
      <trkpt lat="22.557275" lon="113.992085">
        <ele>46.2</ele>
        <time>2023-10-19T08:34:02Z</time>
      </trkpt>
      <trkpt lat="22.557274" lon="113.992123">
        <ele>46.3</ele>
        <time>2023-10-19T08:34:03Z</time>
      </trkpt>
      <trkpt lat="22.557269" lon="113.992161">
        <ele>46.4</ele>
        <time>2023-10-19T08:34:04Z</time>
      </trkpt>
      <trkpt lat="22.557258" lon="113.992192">
        <ele>46.5</ele>
        <time>2023-10-19T08:34:05Z</time>
      </trkpt>
      <trkpt lat="22.557246" lon="113.99223">
        <ele>46.6</ele>
        <time>2023-10-19T08:34:06Z</time>
      </trkpt>
      <trkpt lat="22.557231" lon="113.992268">
        <ele>46.7</ele>
        <time>2023-10-19T08:34:07Z</time>
      </trkpt>
      <trkpt lat="22.557213" lon="113.992306">
        <ele>46.8</ele>
        <time>2023-10-19T08:34:08Z</time>
      </trkpt>
      <trkpt lat="22.557196" lon="113.992344">
        <ele>46.9</ele>
        <time>2023-10-19T08:34:09Z</time>
      </trkpt>
      <trkpt lat="22.557178" lon="113.992375">
        <ele>46.9</ele>
        <time>2023-10-19T08:34:10Z</time>
      </trkpt>
      <trkpt lat="22.557162" lon="113.992414">
        <ele>47</ele>
        <time>2023-10-19T08:34:11Z</time>
      </trkpt>
      <trkpt lat="22.557148" lon="113.992437">
        <ele>47.1</ele>
        <time>2023-10-19T08:34:12Z</time>
      </trkpt>
      <trkpt lat="22.557129" lon="113.992466">
        <ele>47.2</ele>
        <time>2023-10-19T08:34:13Z</time>
      </trkpt>
      <trkpt lat="22.557113" lon="113.992504">
        <ele>47.3</ele>
        <time>2023-10-19T08:34:14Z</time>
      </trkpt>
      <trkpt lat="22.5571" lon="113.992535">
        <ele>47.4</ele>
        <time>2023-10-19T08:34:15Z</time>
      </trkpt>
      <trkpt lat="22.557086" lon="113.992559">
        <ele>47.4</ele>
        <time>2023-10-19T08:34:16Z</time>
      </trkpt>
      <trkpt lat="22.557073" lon="113.99259">
        <ele>47.5</ele>
        <time>2023-10-19T08:34:17Z</time>
      </trkpt>
      <trkpt lat="22.557057" lon="113.992619">
        <ele>47.6</ele>
        <time>2023-10-19T08:34:18Z</time>
      </trkpt>
      <trkpt lat="22.557039" lon="113.99265">
        <ele>47.7</ele>
        <time>2023-10-19T08:34:19Z</time>
      </trkpt>
      <trkpt lat="22.557022" lon="113.99268">
        <ele>47.8</ele>
        <time>2023-10-19T08:34:20Z</time>
      </trkpt>
      <trkpt lat="22.557005" lon="113.99271">
        <ele>47.8</ele>
        <time>2023-10-19T08:34:21Z</time>
      </trkpt>
      <trkpt lat="22.556988" lon="113.992741">
        <ele>47.9</ele>
        <time>2023-10-19T08:34:22Z</time>
      </trkpt>
      <trkpt lat="22.556971" lon="113.992785">
        <ele>48</ele>
        <time>2023-10-19T08:34:23Z</time>
      </trkpt>
      <trkpt lat="22.55696" lon="113.992811">
        <ele>48.1</ele>
        <time>2023-10-19T08:34:24Z</time>
      </trkpt>
      <trkpt lat="22.556946" lon="113.99284">
        <ele>48.2</ele>
        <time>2023-10-19T08:34:25Z</time>
      </trkpt>
      <trkpt lat="22.556928" lon="113.992865">
        <ele>48.2</ele>
        <time>2023-10-19T08:34:26Z</time>
      </trkpt>
      <trkpt lat="22.556916" lon="113.992894">
        <ele>48.3</ele>
        <time>2023-10-19T08:34:27Z</time>
      </trkpt>
      <trkpt lat="22.556906" lon="113.992927">
        <ele>48.4</ele>
        <time>2023-10-19T08:34:28Z</time>
      </trkpt>
      <trkpt lat="22.5569" lon="113.992956">
        <ele>48.5</ele>
        <time>2023-10-19T08:34:29Z</time>
      </trkpt>
      <trkpt lat="22.556884" lon="113.992987">
        <ele>48.6</ele>
        <time>2023-10-19T08:34:30Z</time>
      </trkpt>
      <trkpt lat="22.556868" lon="113.993016">
        <ele>48.6</ele>
        <time>2023-10-19T08:34:31Z</time>
      </trkpt>
      <trkpt lat="22.556854" lon="113.99304">
        <ele>48.7</ele>
        <time>2023-10-19T08:34:32Z</time>
      </trkpt>
      <trkpt lat="22.55684" lon="113.993069">
        <ele>48.8</ele>
        <time>2023-10-19T08:34:33Z</time>
      </trkpt>
      <trkpt lat="22.556825" lon="113.9931">
        <ele>48.9</ele>
        <time>2023-10-19T08:34:34Z</time>
      </trkpt>
      <trkpt lat="22.556811" lon="113.993124">
        <ele>48.9</ele>
        <time>2023-10-19T08:34:35Z</time>
      </trkpt>
      <trkpt lat="22.556794" lon="113.993155">
        <ele>49</ele>
        <time>2023-10-19T08:34:36Z</time>
      </trkpt>
      <trkpt lat="22.556781" lon="113.993184">
        <ele>49.1</ele>
        <time>2023-10-19T08:34:37Z</time>
      </trkpt>
      <trkpt lat="22.556768" lon="113.993215">
        <ele>49.2</ele>
        <time>2023-10-19T08:34:38Z</time>
      </trkpt>
      <trkpt lat="22.556753" lon="113.993252">
        <ele>49.3</ele>
        <time>2023-10-19T08:34:39Z</time>
      </trkpt>
      <trkpt lat="22.556739" lon="113.993283">
        <ele>49.3</ele>
        <time>2023-10-19T08:34:40Z</time>
      </trkpt>
      <trkpt lat="22.556723" lon="113.993313">
        <ele>49.4</ele>
        <time>2023-10-19T08:34:41Z</time>
      </trkpt>
      <trkpt lat="22.556706" lon="113.993344">
        <ele>49.5</ele>
        <time>2023-10-19T08:34:42Z</time>
      </trkpt>
      <trkpt lat="22.556688" lon="113.993375">
        <ele>49.6</ele>
        <time>2023-10-19T08:34:43Z</time>
      </trkpt>
      <trkpt lat="22.556673" lon="113.993405">
        <ele>49.7</ele>
        <time>2023-10-19T08:34:44Z</time>
      </trkpt>
      <trkpt lat="22.556661" lon="113.993429">
        <ele>49.7</ele>
        <time>2023-10-19T08:34:45Z</time>
      </trkpt>
      <trkpt lat="22.556646" lon="113.993465">
        <ele>49.8</ele>
        <time>2023-10-19T08:34:46Z</time>
      </trkpt>
      <trkpt lat="22.556632" lon="113.993498">
        <ele>49.9</ele>
        <time>2023-10-19T08:34:47Z</time>
      </trkpt>
      <trkpt lat="22.556621" lon="113.99352">
        <ele>49.9</ele>
        <time>2023-10-19T08:34:48Z</time>
      </trkpt>
      <trkpt lat="22.55661" lon="113.993549">
        <ele>50</ele>
        <time>2023-10-19T08:34:49Z</time>
      </trkpt>
      <trkpt lat="22.5566" lon="113.99358">
        <ele>50</ele>
        <time>2023-10-19T08:34:50Z</time>
      </trkpt>
      <trkpt lat="22.556585" lon="113.993604">
        <ele>50.1</ele>
        <time>2023-10-19T08:34:51Z</time>
      </trkpt>
      <trkpt lat="22.556565" lon="113.993628">
        <ele>50.2</ele>
        <time>2023-10-19T08:34:52Z</time>
      </trkpt>
      <trkpt lat="22.556549" lon="113.99365">
        <ele>50.2</ele>
        <time>2023-10-19T08:34:53Z</time>
      </trkpt>
      <trkpt lat="22.556537" lon="113.993673">
        <ele>50.2</ele>
        <time>2023-10-19T08:34:54Z</time>
      </trkpt>
      <trkpt lat="22.556529" lon="113.993702">
        <ele>50.3</ele>
        <time>2023-10-19T08:34:55Z</time>
      </trkpt>
      <trkpt lat="22.556525" lon="113.993727">
        <ele>50.3</ele>
        <time>2023-10-19T08:34:56Z</time>
      </trkpt>
      <trkpt lat="22.556523" lon="113.993742">
        <ele>50.4</ele>
        <time>2023-10-19T08:34:57Z</time>
      </trkpt>
      <trkpt lat="22.556526" lon="113.993764">
        <ele>50.4</ele>
        <time>2023-10-19T08:34:58Z</time>
      </trkpt>
      <trkpt lat="22.55653" lon="113.993774">
        <ele>50.4</ele>
        <time>2023-10-19T08:34:59Z</time>
      </trkpt>
      <trkpt lat="22.55654" lon="113.993788">
        <ele>50.5</ele>
        <time>2023-10-19T08:35:00Z</time>
      </trkpt>
      <trkpt lat="22.556559" lon="113.993797">
        <ele>50.5</ele>
        <time>2023-10-19T08:35:01Z</time>
      </trkpt>
      <trkpt lat="22.556579" lon="113.993797">
        <ele>50.5</ele>
        <time>2023-10-19T08:35:02Z</time>
      </trkpt>
      <trkpt lat="22.556597" lon="113.993804">
        <ele>50.6</ele>
        <time>2023-10-19T08:35:03Z</time>
      </trkpt>
      <trkpt lat="22.556609" lon="113.993819">
        <ele>50.6</ele>
        <time>2023-10-19T08:35:04Z</time>
      </trkpt>
      <trkpt lat="22.556615" lon="113.993847">
        <ele>50.7</ele>
        <time>2023-10-19T08:35:05Z</time>
      </trkpt>
      <trkpt lat="22.556612" lon="113.993871">
        <ele>50.7</ele>
        <time>2023-10-19T08:35:06Z</time>
      </trkpt>
      <trkpt lat="22.556603" lon="113.993901">
        <ele>50.8</ele>
        <time>2023-10-19T08:35:07Z</time>
      </trkpt>
      <trkpt lat="22.556594" lon="113.993938">
        <ele>50.8</ele>
        <time>2023-10-19T08:35:08Z</time>
      </trkpt>
      <trkpt lat="22.556583" lon="113.993977">
        <ele>50.9</ele>
        <time>2023-10-19T08:35:09Z</time>
      </trkpt>
      <trkpt lat="22.556568" lon="113.994015">
        <ele>51</ele>
        <time>2023-10-19T08:35:10Z</time>
      </trkpt>
      <trkpt lat="22.556552" lon="113.994054">
        <ele>51</ele>
        <time>2023-10-19T08:35:11Z</time>
      </trkpt>
      <trkpt lat="22.556541" lon="113.994091">
        <ele>51.1</ele>
        <time>2023-10-19T08:35:12Z</time>
      </trkpt>
      <trkpt lat="22.556528" lon="113.994142">
        <ele>51.2</ele>
        <time>2023-10-19T08:35:13Z</time>
      </trkpt>
      <trkpt lat="22.556514" lon="113.994189">
        <ele>51.3</ele>
        <time>2023-10-19T08:35:14Z</time>
      </trkpt>
      <trkpt lat="22.556499" lon="113.994242">
        <ele>51.4</ele>
        <time>2023-10-19T08:35:15Z</time>
      </trkpt>
      <trkpt lat="22.556484" lon="113.994289">
        <ele>51.5</ele>
        <time>2023-10-19T08:35:16Z</time>
      </trkpt>
      <trkpt lat="22.556472" lon="113.994334">
        <ele>51.5</ele>
        <time>2023-10-19T08:35:17Z</time>
      </trkpt>
      <trkpt lat="22.556461" lon="113.994379">
        <ele>51.6</ele>
        <time>2023-10-19T08:35:18Z</time>
      </trkpt>
      <trkpt lat="22.556449" lon="113.994412">
        <ele>51.7</ele>
        <time>2023-10-19T08:35:19Z</time>
      </trkpt>
      <trkpt lat="22.556439" lon="113.994443">
        <ele>51.7</ele>
        <time>2023-10-19T08:35:20Z</time>
      </trkpt>
      <trkpt lat="22.556433" lon="113.994481">
        <ele>51.8</ele>
        <time>2023-10-19T08:35:21Z</time>
      </trkpt>
      <trkpt lat="22.556424" lon="113.994511">
        <ele>51.9</ele>
        <time>2023-10-19T08:35:22Z</time>
      </trkpt>
      <trkpt lat="22.556418" lon="113.994549">
        <ele>51.9</ele>
        <time>2023-10-19T08:35:23Z</time>
      </trkpt>
      <trkpt lat="22.556409" lon="113.99458">
        <ele>52</ele>
        <time>2023-10-19T08:35:24Z</time>
      </trkpt>
      <trkpt lat="22.556401" lon="113.994618">
        <ele>52.1</ele>
        <time>2023-10-19T08:35:25Z</time>
      </trkpt>
      <trkpt lat="22.55639" lon="113.994649">
        <ele>52.1</ele>
        <time>2023-10-19T08:35:26Z</time>
      </trkpt>
      <trkpt lat="22.556378" lon="113.99468">
        <ele>52.2</ele>
        <time>2023-10-19T08:35:27Z</time>
      </trkpt>
      <trkpt lat="22.556367" lon="113.99471">
        <ele>52.2</ele>
        <time>2023-10-19T08:35:28Z</time>
      </trkpt>
      <trkpt lat="22.556352" lon="113.99474">
        <ele>52.3</ele>
        <time>2023-10-19T08:35:29Z</time>
      </trkpt>
      <trkpt lat="22.556337" lon="113.994771">
        <ele>52.4</ele>
        <time>2023-10-19T08:35:30Z</time>
      </trkpt>
      <trkpt lat="22.556323" lon="113.994801">
        <ele>52.4</ele>
        <time>2023-10-19T08:35:31Z</time>
      </trkpt>
      <trkpt lat="22.55631" lon="113.994831">
        <ele>52.5</ele>
        <time>2023-10-19T08:35:32Z</time>
      </trkpt>
      <trkpt lat="22.556295" lon="113.994862">
        <ele>52.5</ele>
        <time>2023-10-19T08:35:33Z</time>
      </trkpt>
      <trkpt lat="22.556281" lon="113.994893">
        <ele>52.6</ele>
        <time>2023-10-19T08:35:34Z</time>
      </trkpt>
      <trkpt lat="22.55627" lon="113.99493">
        <ele>52.7</ele>
        <time>2023-10-19T08:35:35Z</time>
      </trkpt>
      <trkpt lat="22.556258" lon="113.994962">
        <ele>52.7</ele>
        <time>2023-10-19T08:35:36Z</time>
      </trkpt>
      <trkpt lat="22.556245" lon="113.995">
        <ele>52.8</ele>
        <time>2023-10-19T08:35:37Z</time>
      </trkpt>
      <trkpt lat="22.55623" lon="113.995031">
        <ele>52.9</ele>
        <time>2023-10-19T08:35:38Z</time>
      </trkpt>
      <trkpt lat="22.556216" lon="113.995068">
        <ele>52.9</ele>
        <time>2023-10-19T08:35:39Z</time>
      </trkpt>
      <trkpt lat="22.556208" lon="113.995093">
        <ele>53</ele>
        <time>2023-10-19T08:35:40Z</time>
      </trkpt>
      <trkpt lat="22.556199" lon="113.995122">
        <ele>53</ele>
        <time>2023-10-19T08:35:41Z</time>
      </trkpt>
      <trkpt lat="22.556193" lon="113.995152">
        <ele>53.1</ele>
        <time>2023-10-19T08:35:42Z</time>
      </trkpt>
      <trkpt lat="22.556184" lon="113.995183">
        <ele>53.1</ele>
        <time>2023-10-19T08:35:43Z</time>
      </trkpt>
      <trkpt lat="22.556173" lon="113.995213">
        <ele>53.2</ele>
        <time>2023-10-19T08:35:44Z</time>
      </trkpt>
      <trkpt lat="22.556159" lon="113.995244">
        <ele>53.2</ele>
        <time>2023-10-19T08:35:45Z</time>
      </trkpt>
      <trkpt lat="22.556148" lon="113.99528">
        <ele>53.3</ele>
        <time>2023-10-19T08:35:46Z</time>
      </trkpt>
      <trkpt lat="22.55614" lon="113.995313">
        <ele>53.3</ele>
        <time>2023-10-19T08:35:47Z</time>
      </trkpt>
      <trkpt lat="22.556132" lon="113.995344">
        <ele>53.4</ele>
        <time>2023-10-19T08:35:48Z</time>
      </trkpt>
      <trkpt lat="22.556123" lon="113.995367">
        <ele>53.4</ele>
        <time>2023-10-19T08:35:49Z</time>
      </trkpt>
      <trkpt lat="22.556115" lon="113.99539">
        <ele>53.4</ele>
        <time>2023-10-19T08:35:50Z</time>
      </trkpt>
      <trkpt lat="22.556102" lon="113.995419">
        <ele>53.5</ele>
        <time>2023-10-19T08:35:51Z</time>
      </trkpt>
      <trkpt lat="22.556077" lon="113.99545">
        <ele>53.5</ele>
        <time>2023-10-19T08:35:52Z</time>
      </trkpt>
      <trkpt lat="22.556055" lon="113.995481">
        <ele>53.6</ele>
        <time>2023-10-19T08:35:53Z</time>
      </trkpt>
      <trkpt lat="22.556037" lon="113.995512">
        <ele>53.6</ele>
        <time>2023-10-19T08:35:54Z</time>
      </trkpt>
      <trkpt lat="22.556027" lon="113.995535">
        <ele>53.7</ele>
        <time>2023-10-19T08:35:55Z</time>
      </trkpt>
      <trkpt lat="22.556023" lon="113.995557">
        <ele>53.7</ele>
        <time>2023-10-19T08:35:56Z</time>
      </trkpt>
      <trkpt lat="22.556023" lon="113.995581">
        <ele>53.7</ele>
        <time>2023-10-19T08:35:57Z</time>
      </trkpt>
      <trkpt lat="22.556021" lon="113.995604">
        <ele>53.8</ele>
        <time>2023-10-19T08:35:58Z</time>
      </trkpt>
      <trkpt lat="22.556014" lon="113.995633">
        <ele>53.8</ele>
        <time>2023-10-19T08:35:59Z</time>
      </trkpt>
      <trkpt lat="22.556005" lon="113.99567">
        <ele>53.9</ele>
        <time>2023-10-19T08:36:00Z</time>
      </trkpt>
      <trkpt lat="22.555997" lon="113.995695">
        <ele>53.9</ele>
        <time>2023-10-19T08:36:01Z</time>
      </trkpt>
      <trkpt lat="22.555987" lon="113.995725">
        <ele>53.9</ele>
        <time>2023-10-19T08:36:02Z</time>
      </trkpt>
      <trkpt lat="22.55598" lon="113.995762">
        <ele>54</ele>
        <time>2023-10-19T08:36:03Z</time>
      </trkpt>
      <trkpt lat="22.555972" lon="113.9958">
        <ele>54</ele>
        <time>2023-10-19T08:36:04Z</time>
      </trkpt>
      <trkpt lat="22.555963" lon="113.995837">
        <ele>54.1</ele>
        <time>2023-10-19T08:36:05Z</time>
      </trkpt>
      <trkpt lat="22.555953" lon="113.995876">
        <ele>54.1</ele>
        <time>2023-10-19T08:36:06Z</time>
      </trkpt>
      <trkpt lat="22.55594" lon="113.995908">
        <ele>54.2</ele>
        <time>2023-10-19T08:36:07Z</time>
      </trkpt>
      <trkpt lat="22.555929" lon="113.995944">
        <ele>54.2</ele>
        <time>2023-10-19T08:36:08Z</time>
      </trkpt>
      <trkpt lat="22.555913" lon="113.995983">
        <ele>54.3</ele>
        <time>2023-10-19T08:36:09Z</time>
      </trkpt>
      <trkpt lat="22.555905" lon="113.996021">
        <ele>54.3</ele>
        <time>2023-10-19T08:36:10Z</time>
      </trkpt>
      <trkpt lat="22.555894" lon="113.99606">
        <ele>54.4</ele>
        <time>2023-10-19T08:36:11Z</time>
      </trkpt>
      <trkpt lat="22.555881" lon="113.996105">
        <ele>54.5</ele>
        <time>2023-10-19T08:36:12Z</time>
      </trkpt>
      <trkpt lat="22.555873" lon="113.996143">
        <ele>54.5</ele>
        <time>2023-10-19T08:36:13Z</time>
      </trkpt>
      <trkpt lat="22.555868" lon="113.996175">
        <ele>54.6</ele>
        <time>2023-10-19T08:36:14Z</time>
      </trkpt>
      <trkpt lat="22.555863" lon="113.996219">
        <ele>54.6</ele>
        <time>2023-10-19T08:36:15Z</time>
      </trkpt>
      <trkpt lat="22.555855" lon="113.996259">
        <ele>54.7</ele>
        <time>2023-10-19T08:36:16Z</time>
      </trkpt>
      <trkpt lat="22.55585" lon="113.996303">
        <ele>54.7</ele>
        <time>2023-10-19T08:36:17Z</time>
      </trkpt>
      <trkpt lat="22.555842" lon="113.996341">
        <ele>54.8</ele>
        <time>2023-10-19T08:36:18Z</time>
      </trkpt>
      <trkpt lat="22.555831" lon="113.99638">
        <ele>54.8</ele>
        <time>2023-10-19T08:36:19Z</time>
      </trkpt>
      <trkpt lat="22.55582" lon="113.996418">
        <ele>54.9</ele>
        <time>2023-10-19T08:36:20Z</time>
      </trkpt>
      <trkpt lat="22.555814" lon="113.996455">
        <ele>54.9</ele>
        <time>2023-10-19T08:36:21Z</time>
      </trkpt>
      <trkpt lat="22.555804" lon="113.996501">
        <ele>55</ele>
        <time>2023-10-19T08:36:22Z</time>
      </trkpt>
      <trkpt lat="22.555795" lon="113.996547">
        <ele>55.1</ele>
        <time>2023-10-19T08:36:23Z</time>
      </trkpt>
      <trkpt lat="22.555787" lon="113.996586">
        <ele>55.1</ele>
        <time>2023-10-19T08:36:24Z</time>
      </trkpt>
      <trkpt lat="22.555777" lon="113.996632">
        <ele>55.2</ele>
        <time>2023-10-19T08:36:25Z</time>
      </trkpt>
      <trkpt lat="22.55577" lon="113.996671">
        <ele>55.2</ele>
        <time>2023-10-19T08:36:26Z</time>
      </trkpt>
      <trkpt lat="22.555764" lon="113.996715">
        <ele>55.3</ele>
        <time>2023-10-19T08:36:27Z</time>
      </trkpt>
      <trkpt lat="22.555758" lon="113.996754">
        <ele>55.3</ele>
        <time>2023-10-19T08:36:28Z</time>
      </trkpt>
      <trkpt lat="22.555754" lon="113.996799">
        <ele>55.4</ele>
        <time>2023-10-19T08:36:29Z</time>
      </trkpt>
      <trkpt lat="22.555745" lon="113.996837">
        <ele>55.4</ele>
        <time>2023-10-19T08:36:30Z</time>
      </trkpt>
      <trkpt lat="22.555737" lon="113.996882">
        <ele>55.5</ele>
        <time>2023-10-19T08:36:31Z</time>
      </trkpt>
      <trkpt lat="22.555728" lon="113.996922">
        <ele>55.6</ele>
        <time>2023-10-19T08:36:32Z</time>
      </trkpt>
      <trkpt lat="22.555722" lon="113.996966">
        <ele>55.6</ele>
        <time>2023-10-19T08:36:33Z</time>
      </trkpt>
      <trkpt lat="22.555714" lon="113.997013">
        <ele>55.7</ele>
        <time>2023-10-19T08:36:34Z</time>
      </trkpt>
      <trkpt lat="22.555709" lon="113.997057">
        <ele>55.7</ele>
        <time>2023-10-19T08:36:35Z</time>
      </trkpt>
      <trkpt lat="22.555703" lon="113.99711">
        <ele>55.8</ele>
        <time>2023-10-19T08:36:36Z</time>
      </trkpt>
      <trkpt lat="22.555697" lon="113.997157">
        <ele>55.8</ele>
        <time>2023-10-19T08:36:37Z</time>
      </trkpt>
      <trkpt lat="22.555695" lon="113.997196">
        <ele>55.8</ele>
        <time>2023-10-19T08:36:38Z</time>
      </trkpt>
      <trkpt lat="22.555686" lon="113.997234">
        <ele>55.7</ele>
        <time>2023-10-19T08:36:39Z</time>
      </trkpt>
      <trkpt lat="22.555675" lon="113.997273">
        <ele>55.7</ele>
        <time>2023-10-19T08:36:40Z</time>
      </trkpt>
      <trkpt lat="22.555674" lon="113.997317">
        <ele>55.7</ele>
        <time>2023-10-19T08:36:41Z</time>
      </trkpt>
      <trkpt lat="22.555674" lon="113.997357">
        <ele>55.7</ele>
        <time>2023-10-19T08:36:42Z</time>
      </trkpt>
      <trkpt lat="22.555674" lon="113.997401">
        <ele>55.7</ele>
        <time>2023-10-19T08:36:43Z</time>
      </trkpt>
      <trkpt lat="22.555677" lon="113.997441">
        <ele>55.6</ele>
        <time>2023-10-19T08:36:44Z</time>
      </trkpt>
      <trkpt lat="22.555674" lon="113.997485">
        <ele>55.6</ele>
        <time>2023-10-19T08:36:45Z</time>
      </trkpt>
      <trkpt lat="22.555672" lon="113.997533">
        <ele>55.6</ele>
        <time>2023-10-19T08:36:46Z</time>
      </trkpt>
      <trkpt lat="22.555668" lon="113.99757">
        <ele>55.6</ele>
        <time>2023-10-19T08:36:47Z</time>
      </trkpt>
      <trkpt lat="22.555661" lon="113.997608">
        <ele>55.6</ele>
        <time>2023-10-19T08:36:48Z</time>
      </trkpt>
      <trkpt lat="22.55566" lon="113.997653">
        <ele>55.5</ele>
        <time>2023-10-19T08:36:49Z</time>
      </trkpt>
      <trkpt lat="22.555662" lon="113.997699">
        <ele>55.5</ele>
        <time>2023-10-19T08:36:50Z</time>
      </trkpt>
      <trkpt lat="22.555659" lon="113.997738">
        <ele>55.5</ele>
        <time>2023-10-19T08:36:51Z</time>
      </trkpt>
      <trkpt lat="22.555658" lon="113.997776">
        <ele>55.5</ele>
        <time>2023-10-19T08:36:52Z</time>
      </trkpt>
      <trkpt lat="22.555653" lon="113.997816">
        <ele>55.5</ele>
        <time>2023-10-19T08:36:53Z</time>
      </trkpt>
      <trkpt lat="22.555647" lon="113.99786">
        <ele>55.4</ele>
        <time>2023-10-19T08:36:54Z</time>
      </trkpt>
      <trkpt lat="22.555643" lon="113.997902">
        <ele>55.4</ele>
        <time>2023-10-19T08:36:55Z</time>
      </trkpt>
      <trkpt lat="22.55564" lon="113.997937">
        <ele>55.4</ele>
        <time>2023-10-19T08:36:56Z</time>
      </trkpt>
      <trkpt lat="22.555641" lon="113.997981">
        <ele>55.4</ele>
        <time>2023-10-19T08:36:57Z</time>
      </trkpt>
      <trkpt lat="22.555641" lon="113.998015">
        <ele>55.4</ele>
        <time>2023-10-19T08:36:58Z</time>
      </trkpt>
      <trkpt lat="22.555645" lon="113.998052">
        <ele>55.3</ele>
        <time>2023-10-19T08:36:59Z</time>
      </trkpt>
      <trkpt lat="22.555642" lon="113.998089">
        <ele>55.3</ele>
        <time>2023-10-19T08:37:00Z</time>
      </trkpt>
      <trkpt lat="22.555636" lon="113.998141">
        <ele>55.3</ele>
        <time>2023-10-19T08:37:01Z</time>
      </trkpt>
      <trkpt lat="22.555632" lon="113.998189">
        <ele>55.3</ele>
        <time>2023-10-19T08:37:02Z</time>
      </trkpt>
      <trkpt lat="22.55563" lon="113.998233">
        <ele>55.3</ele>
        <time>2023-10-19T08:37:03Z</time>
      </trkpt>
      <trkpt lat="22.555631" lon="113.998286">
        <ele>55.2</ele>
        <time>2023-10-19T08:37:04Z</time>
      </trkpt>
      <trkpt lat="22.555632" lon="113.998332">
        <ele>55.2</ele>
        <time>2023-10-19T08:37:05Z</time>
      </trkpt>
      <trkpt lat="22.555632" lon="113.998378">
        <ele>55.2</ele>
        <time>2023-10-19T08:37:06Z</time>
      </trkpt>
      <trkpt lat="22.55563" lon="113.998424">
        <ele>55.2</ele>
        <time>2023-10-19T08:37:07Z</time>
      </trkpt>
      <trkpt lat="22.55563" lon="113.998477">
        <ele>55.1</ele>
        <time>2023-10-19T08:37:08Z</time>
      </trkpt>
      <trkpt lat="22.555633" lon="113.998524">
        <ele>55.1</ele>
        <time>2023-10-19T08:37:09Z</time>
      </trkpt>
      <trkpt lat="22.555635" lon="113.998563">
        <ele>55.1</ele>
        <time>2023-10-19T08:37:10Z</time>
      </trkpt>
      <trkpt lat="22.555635" lon="113.998607">
        <ele>55.1</ele>
        <time>2023-10-19T08:37:11Z</time>
      </trkpt>
      <trkpt lat="22.555637" lon="113.99866">
        <ele>55</ele>
        <time>2023-10-19T08:37:12Z</time>
      </trkpt>
      <trkpt lat="22.555641" lon="113.998713">
        <ele>55</ele>
        <time>2023-10-19T08:37:13Z</time>
      </trkpt>
      <trkpt lat="22.555645" lon="113.998766">
        <ele>55</ele>
        <time>2023-10-19T08:37:14Z</time>
      </trkpt>
      <trkpt lat="22.555643" lon="113.998819">
        <ele>55</ele>
        <time>2023-10-19T08:37:15Z</time>
      </trkpt>
      <trkpt lat="22.555641" lon="113.998867">
        <ele>54.9</ele>
        <time>2023-10-19T08:37:16Z</time>
      </trkpt>
      <trkpt lat="22.555645" lon="113.998919">
        <ele>54.9</ele>
        <time>2023-10-19T08:37:17Z</time>
      </trkpt>
      <trkpt lat="22.555647" lon="113.998967">
        <ele>54.9</ele>
        <time>2023-10-19T08:37:18Z</time>
      </trkpt>
      <trkpt lat="22.555649" lon="113.999011">
        <ele>54.9</ele>
        <time>2023-10-19T08:37:19Z</time>
      </trkpt>
      <trkpt lat="22.555645" lon="113.999057">
        <ele>54.9</ele>
        <time>2023-10-19T08:37:20Z</time>
      </trkpt>
      <trkpt lat="22.555643" lon="113.999103">
        <ele>54.9</ele>
        <time>2023-10-19T08:37:21Z</time>
      </trkpt>
      <trkpt lat="22.555645" lon="113.999142">
        <ele>54.9</ele>
        <time>2023-10-19T08:37:22Z</time>
      </trkpt>
      <trkpt lat="22.555647" lon="113.99918">
        <ele>54.9</ele>
        <time>2023-10-19T08:37:23Z</time>
      </trkpt>
      <trkpt lat="22.555647" lon="113.999218">
        <ele>55</ele>
        <time>2023-10-19T08:37:24Z</time>
      </trkpt>
      <trkpt lat="22.555649" lon="113.999264">
        <ele>55</ele>
        <time>2023-10-19T08:37:25Z</time>
      </trkpt>
      <trkpt lat="22.555649" lon="113.999308">
        <ele>55</ele>
        <time>2023-10-19T08:37:26Z</time>
      </trkpt>
      <trkpt lat="22.55565" lon="113.999361">
        <ele>55</ele>
        <time>2023-10-19T08:37:27Z</time>
      </trkpt>
      <trkpt lat="22.555651" lon="113.999418">
        <ele>55.1</ele>
        <time>2023-10-19T08:37:28Z</time>
      </trkpt>
      <trkpt lat="22.555654" lon="113.999469">
        <ele>55.1</ele>
        <time>2023-10-19T08:37:29Z</time>
      </trkpt>
      <trkpt lat="22.555656" lon="113.999515">
        <ele>55.1</ele>
        <time>2023-10-19T08:37:30Z</time>
      </trkpt>
      <trkpt lat="22.555658" lon="113.999567">
        <ele>55.2</ele>
        <time>2023-10-19T08:37:31Z</time>
      </trkpt>
      <trkpt lat="22.555658" lon="113.999622">
        <ele>55.2</ele>
        <time>2023-10-19T08:37:32Z</time>
      </trkpt>
      <trkpt lat="22.555657" lon="113.999668">
        <ele>55.2</ele>
        <time>2023-10-19T08:37:33Z</time>
      </trkpt>
      <trkpt lat="22.555655" lon="113.99972">
        <ele>55.2</ele>
        <time>2023-10-19T08:37:34Z</time>
      </trkpt>
      <trkpt lat="22.555654" lon="113.999766">
        <ele>55.3</ele>
        <time>2023-10-19T08:37:35Z</time>
      </trkpt>
      <trkpt lat="22.55566" lon="113.99982">
        <ele>55.3</ele>
        <time>2023-10-19T08:37:36Z</time>
      </trkpt>
      <trkpt lat="22.555664" lon="113.999872">
        <ele>55.3</ele>
        <time>2023-10-19T08:37:37Z</time>
      </trkpt>
      <trkpt lat="22.555669" lon="113.999926">
        <ele>55.4</ele>
        <time>2023-10-19T08:37:38Z</time>
      </trkpt>
      <trkpt lat="22.555671" lon="113.999978">
        <ele>55.4</ele>
        <time>2023-10-19T08:37:39Z</time>
      </trkpt>
      <trkpt lat="22.555672" lon="114.000034">
        <ele>55.4</ele>
        <time>2023-10-19T08:37:40Z</time>
      </trkpt>
      <trkpt lat="22.555672" lon="114.000087">
        <ele>55.4</ele>
        <time>2023-10-19T08:37:41Z</time>
      </trkpt>
      <trkpt lat="22.555673" lon="114.00014">
        <ele>55.5</ele>
        <time>2023-10-19T08:37:42Z</time>
      </trkpt>
      <trkpt lat="22.555675" lon="114.000186">
        <ele>55.5</ele>
        <time>2023-10-19T08:37:43Z</time>
      </trkpt>
      <trkpt lat="22.555674" lon="114.000239">
        <ele>55.5</ele>
        <time>2023-10-19T08:37:44Z</time>
      </trkpt>
      <trkpt lat="22.555672" lon="114.000292">
        <ele>55.6</ele>
        <time>2023-10-19T08:37:45Z</time>
      </trkpt>
      <trkpt lat="22.555675" lon="114.000347">
        <ele>55.6</ele>
        <time>2023-10-19T08:37:46Z</time>
      </trkpt>
      <trkpt lat="22.555677" lon="114.000398">
        <ele>55.6</ele>
        <time>2023-10-19T08:37:47Z</time>
      </trkpt>
      <trkpt lat="22.555681" lon="114.000454">
        <ele>55.7</ele>
        <time>2023-10-19T08:37:48Z</time>
      </trkpt>
      <trkpt lat="22.555679" lon="114.000506">
        <ele>55.7</ele>
        <time>2023-10-19T08:37:49Z</time>
      </trkpt>
      <trkpt lat="22.555678" lon="114.000552">
        <ele>55.7</ele>
        <time>2023-10-19T08:37:50Z</time>
      </trkpt>
      <trkpt lat="22.555677" lon="114.000605">
        <ele>55.7</ele>
        <time>2023-10-19T08:37:51Z</time>
      </trkpt>
      <trkpt lat="22.555677" lon="114.00066">
        <ele>55.8</ele>
        <time>2023-10-19T08:37:52Z</time>
      </trkpt>
      <trkpt lat="22.555674" lon="114.000712">
        <ele>55.8</ele>
        <time>2023-10-19T08:37:53Z</time>
      </trkpt>
      <trkpt lat="22.555672" lon="114.000759">
        <ele>55.8</ele>
        <time>2023-10-19T08:37:54Z</time>
      </trkpt>
      <trkpt lat="22.55567" lon="114.000813">
        <ele>55.9</ele>
        <time>2023-10-19T08:37:55Z</time>
      </trkpt>
      <trkpt lat="22.555671" lon="114.000863">
        <ele>55.9</ele>
        <time>2023-10-19T08:37:56Z</time>
      </trkpt>
      <trkpt lat="22.555677" lon="114.000917">
        <ele>55.9</ele>
        <time>2023-10-19T08:37:57Z</time>
      </trkpt>
      <trkpt lat="22.555677" lon="114.000964">
        <ele>55.9</ele>
        <time>2023-10-19T08:37:58Z</time>
      </trkpt>
      <trkpt lat="22.555677" lon="114.001018">
        <ele>56</ele>
        <time>2023-10-19T08:37:59Z</time>
      </trkpt>
      <trkpt lat="22.555676" lon="114.00107">
        <ele>56.1</ele>
        <time>2023-10-19T08:38:00Z</time>
      </trkpt>
      <trkpt lat="22.555674" lon="114.001117">
        <ele>56.2</ele>
        <time>2023-10-19T08:38:01Z</time>
      </trkpt>
      <trkpt lat="22.555672" lon="114.001169">
        <ele>56.3</ele>
        <time>2023-10-19T08:38:02Z</time>
      </trkpt>
      <trkpt lat="22.555673" lon="114.001224">
        <ele>56.4</ele>
        <time>2023-10-19T08:38:03Z</time>
      </trkpt>
      <trkpt lat="22.555677" lon="114.00127">
        <ele>56.5</ele>
        <time>2023-10-19T08:38:04Z</time>
      </trkpt>
      <trkpt lat="22.555679" lon="114.001316">
        <ele>56.6</ele>
        <time>2023-10-19T08:38:05Z</time>
      </trkpt>
      <trkpt lat="22.555681" lon="114.001361">
        <ele>56.6</ele>
        <time>2023-10-19T08:38:06Z</time>
      </trkpt>
      <trkpt lat="22.555683" lon="114.001407">
        <ele>56.7</ele>
        <time>2023-10-19T08:38:07Z</time>
      </trkpt>
      <trkpt lat="22.555687" lon="114.00146">
        <ele>56.8</ele>
        <time>2023-10-19T08:38:08Z</time>
      </trkpt>
      <trkpt lat="22.55569" lon="114.001507">
        <ele>56.9</ele>
        <time>2023-10-19T08:38:09Z</time>
      </trkpt>
      <trkpt lat="22.555691" lon="114.001559">
        <ele>57</ele>
        <time>2023-10-19T08:38:10Z</time>
      </trkpt>
      <trkpt lat="22.555692" lon="114.001604">
        <ele>57.1</ele>
        <time>2023-10-19T08:38:11Z</time>
      </trkpt>
      <trkpt lat="22.555694" lon="114.001658">
        <ele>57.2</ele>
        <time>2023-10-19T08:38:12Z</time>
      </trkpt>
      <trkpt lat="22.555698" lon="114.001705">
        <ele>57.3</ele>
        <time>2023-10-19T08:38:13Z</time>
      </trkpt>
      <trkpt lat="22.555698" lon="114.00175">
        <ele>57.4</ele>
        <time>2023-10-19T08:38:14Z</time>
      </trkpt>
      <trkpt lat="22.5557" lon="114.001795">
        <ele>57.5</ele>
        <time>2023-10-19T08:38:15Z</time>
      </trkpt>
      <trkpt lat="22.555702" lon="114.001851">
        <ele>57.6</ele>
        <time>2023-10-19T08:38:16Z</time>
      </trkpt>
      <trkpt lat="22.555702" lon="114.001895">
        <ele>57.6</ele>
        <time>2023-10-19T08:38:17Z</time>
      </trkpt>
      <trkpt lat="22.555707" lon="114.00194">
        <ele>57.7</ele>
        <time>2023-10-19T08:38:18Z</time>
      </trkpt>
      <trkpt lat="22.555713" lon="114.001993">
        <ele>57.8</ele>
        <time>2023-10-19T08:38:19Z</time>
      </trkpt>
      <trkpt lat="22.555715" lon="114.002033">
        <ele>57.9</ele>
        <time>2023-10-19T08:38:20Z</time>
      </trkpt>
      <trkpt lat="22.555714" lon="114.002079">
        <ele>58</ele>
        <time>2023-10-19T08:38:21Z</time>
      </trkpt>
      <trkpt lat="22.555714" lon="114.002111">
        <ele>58</ele>
        <time>2023-10-19T08:38:22Z</time>
      </trkpt>
      <trkpt lat="22.555712" lon="114.002155">
        <ele>58.1</ele>
        <time>2023-10-19T08:38:23Z</time>
      </trkpt>
      <trkpt lat="22.555705" lon="114.002201">
        <ele>58.2</ele>
        <time>2023-10-19T08:38:24Z</time>
      </trkpt>
      <trkpt lat="22.55569" lon="114.002239">
        <ele>58.3</ele>
        <time>2023-10-19T08:38:25Z</time>
      </trkpt>
      <trkpt lat="22.555689" lon="114.002284">
        <ele>58.4</ele>
        <time>2023-10-19T08:38:26Z</time>
      </trkpt>
      <trkpt lat="22.555687" lon="114.00233">
        <ele>58.5</ele>
        <time>2023-10-19T08:38:27Z</time>
      </trkpt>
      <trkpt lat="22.555689" lon="114.002375">
        <ele>58.5</ele>
        <time>2023-10-19T08:38:28Z</time>
      </trkpt>
      <trkpt lat="22.555687" lon="114.002423">
        <ele>58.6</ele>
        <time>2023-10-19T08:38:29Z</time>
      </trkpt>
      <trkpt lat="22.555691" lon="114.002469">
        <ele>58.7</ele>
        <time>2023-10-19T08:38:30Z</time>
      </trkpt>
      <trkpt lat="22.555694" lon="114.002506">
        <ele>58.8</ele>
        <time>2023-10-19T08:38:31Z</time>
      </trkpt>
      <trkpt lat="22.555698" lon="114.002544">
        <ele>58.9</ele>
        <time>2023-10-19T08:38:32Z</time>
      </trkpt>
      <trkpt lat="22.555703" lon="114.002595">
        <ele>59</ele>
        <time>2023-10-19T08:38:33Z</time>
      </trkpt>
      <trkpt lat="22.555709" lon="114.002644">
        <ele>59</ele>
        <time>2023-10-19T08:38:34Z</time>
      </trkpt>
      <trkpt lat="22.555715" lon="114.002682">
        <ele>59.1</ele>
        <time>2023-10-19T08:38:35Z</time>
      </trkpt>
      <trkpt lat="22.555719" lon="114.002728">
        <ele>59.2</ele>
        <time>2023-10-19T08:38:36Z</time>
      </trkpt>
      <trkpt lat="22.555723" lon="114.002773">
        <ele>59.3</ele>
        <time>2023-10-19T08:38:37Z</time>
      </trkpt>
      <trkpt lat="22.555727" lon="114.002818">
        <ele>59.4</ele>
        <time>2023-10-19T08:38:38Z</time>
      </trkpt>
      <trkpt lat="22.55573" lon="114.002864">
        <ele>59.5</ele>
        <time>2023-10-19T08:38:39Z</time>
      </trkpt>
      <trkpt lat="22.555734" lon="114.002918">
        <ele>59.6</ele>
        <time>2023-10-19T08:38:40Z</time>
      </trkpt>
      <trkpt lat="22.555738" lon="114.002965">
        <ele>59.5</ele>
        <time>2023-10-19T08:38:41Z</time>
      </trkpt>
      <trkpt lat="22.555737" lon="114.003009">
        <ele>59.5</ele>
        <time>2023-10-19T08:38:42Z</time>
      </trkpt>
      <trkpt lat="22.55574" lon="114.003062">
        <ele>59.4</ele>
        <time>2023-10-19T08:38:43Z</time>
      </trkpt>
      <trkpt lat="22.555744" lon="114.003108">
        <ele>59.4</ele>
        <time>2023-10-19T08:38:44Z</time>
      </trkpt>
      <trkpt lat="22.555747" lon="114.003159">
        <ele>59.3</ele>
        <time>2023-10-19T08:38:45Z</time>
      </trkpt>
      <trkpt lat="22.555755" lon="114.003215">
        <ele>59.3</ele>
        <time>2023-10-19T08:38:46Z</time>
      </trkpt>
      <trkpt lat="22.555764" lon="114.003261">
        <ele>59.2</ele>
        <time>2023-10-19T08:38:47Z</time>
      </trkpt>
      <trkpt lat="22.55577" lon="114.003306">
        <ele>59.2</ele>
        <time>2023-10-19T08:38:48Z</time>
      </trkpt>
      <trkpt lat="22.555783" lon="114.003359">
        <ele>59.1</ele>
        <time>2023-10-19T08:38:49Z</time>
      </trkpt>
      <trkpt lat="22.555794" lon="114.003405">
        <ele>59.1</ele>
        <time>2023-10-19T08:38:50Z</time>
      </trkpt>
      <trkpt lat="22.555803" lon="114.003439">
        <ele>59.1</ele>
        <time>2023-10-19T08:38:51Z</time>
      </trkpt>
      <trkpt lat="22.555808" lon="114.003482">
        <ele>59</ele>
        <time>2023-10-19T08:38:52Z</time>
      </trkpt>
      <trkpt lat="22.555818" lon="114.003528">
        <ele>59</ele>
        <time>2023-10-19T08:38:53Z</time>
      </trkpt>
      <trkpt lat="22.555827" lon="114.003573">
        <ele>58.9</ele>
        <time>2023-10-19T08:38:54Z</time>
      </trkpt>
      <trkpt lat="22.555839" lon="114.00362">
        <ele>58.9</ele>
        <time>2023-10-19T08:38:55Z</time>
      </trkpt>
      <trkpt lat="22.555843" lon="114.003659">
        <ele>58.8</ele>
        <time>2023-10-19T08:38:56Z</time>
      </trkpt>
      <trkpt lat="22.55585" lon="114.003704">
        <ele>58.8</ele>
        <time>2023-10-19T08:38:57Z</time>
      </trkpt>
      <trkpt lat="22.555858" lon="114.003749">
        <ele>58.7</ele>
        <time>2023-10-19T08:38:58Z</time>
      </trkpt>
      <trkpt lat="22.555871" lon="114.003796">
        <ele>58.7</ele>
        <time>2023-10-19T08:38:59Z</time>
      </trkpt>
      <trkpt lat="22.555884" lon="114.003841">
        <ele>58.6</ele>
        <time>2023-10-19T08:39:00Z</time>
      </trkpt>
      <trkpt lat="22.555898" lon="114.003887">
        <ele>58.6</ele>
        <time>2023-10-19T08:39:01Z</time>
      </trkpt>
      <trkpt lat="22.555909" lon="114.003932">
        <ele>58.5</ele>
        <time>2023-10-19T08:39:02Z</time>
      </trkpt>
      <trkpt lat="22.55592" lon="114.003978">
        <ele>58.5</ele>
        <time>2023-10-19T08:39:03Z</time>
      </trkpt>
      <trkpt lat="22.555931" lon="114.004022">
        <ele>58.4</ele>
        <time>2023-10-19T08:39:04Z</time>
      </trkpt>
      <trkpt lat="22.555947" lon="114.004069">
        <ele>58.4</ele>
        <time>2023-10-19T08:39:05Z</time>
      </trkpt>
      <trkpt lat="22.555959" lon="114.004115">
        <ele>58.3</ele>
        <time>2023-10-19T08:39:06Z</time>
      </trkpt>
      <trkpt lat="22.55597" lon="114.004167">
        <ele>58.3</ele>
        <time>2023-10-19T08:39:07Z</time>
      </trkpt>
      <trkpt lat="22.555983" lon="114.004214">
        <ele>58.2</ele>
        <time>2023-10-19T08:39:08Z</time>
      </trkpt>
      <trkpt lat="22.555998" lon="114.004259">
        <ele>58.2</ele>
        <time>2023-10-19T08:39:09Z</time>
      </trkpt>
      <trkpt lat="22.556014" lon="114.004307">
        <ele>58.1</ele>
        <time>2023-10-19T08:39:10Z</time>
      </trkpt>
      <trkpt lat="22.556031" lon="114.004353">
        <ele>58.1</ele>
        <time>2023-10-19T08:39:11Z</time>
      </trkpt>
      <trkpt lat="22.55605" lon="114.004405">
        <ele>58</ele>
        <time>2023-10-19T08:39:12Z</time>
      </trkpt>
      <trkpt lat="22.556067" lon="114.004451">
        <ele>58</ele>
        <time>2023-10-19T08:39:13Z</time>
      </trkpt>
      <trkpt lat="22.556084" lon="114.004505">
        <ele>57.9</ele>
        <time>2023-10-19T08:39:14Z</time>
      </trkpt>
      <trkpt lat="22.556101" lon="114.004549">
        <ele>57.9</ele>
        <time>2023-10-19T08:39:15Z</time>
      </trkpt>
      <trkpt lat="22.55612" lon="114.004602">
        <ele>57.8</ele>
        <time>2023-10-19T08:39:16Z</time>
      </trkpt>
      <trkpt lat="22.556141" lon="114.004656">
        <ele>57.7</ele>
        <time>2023-10-19T08:39:17Z</time>
      </trkpt>
      <trkpt lat="22.556163" lon="114.004709">
        <ele>57.7</ele>
        <time>2023-10-19T08:39:18Z</time>
      </trkpt>
      <trkpt lat="22.556184" lon="114.004763">
        <ele>57.6</ele>
        <time>2023-10-19T08:39:19Z</time>
      </trkpt>
      <trkpt lat="22.556204" lon="114.004816">
        <ele>57.5</ele>
        <time>2023-10-19T08:39:20Z</time>
      </trkpt>
      <trkpt lat="22.556221" lon="114.004849">
        <ele>57.4</ele>
        <time>2023-10-19T08:39:21Z</time>
      </trkpt>
      <trkpt lat="22.556235" lon="114.004879">
        <ele>57.4</ele>
        <time>2023-10-19T08:39:22Z</time>
      </trkpt>
      <trkpt lat="22.556245" lon="114.004903">
        <ele>57.3</ele>
        <time>2023-10-19T08:39:23Z</time>
      </trkpt>
      <trkpt lat="22.556258" lon="114.004919">
        <ele>57.2</ele>
        <time>2023-10-19T08:39:24Z</time>
      </trkpt>
      <trkpt lat="22.556268" lon="114.004942">
        <ele>57.2</ele>
        <time>2023-10-19T08:39:25Z</time>
      </trkpt>
      <trkpt lat="22.556279" lon="114.004972">
        <ele>57.1</ele>
        <time>2023-10-19T08:39:26Z</time>
      </trkpt>
      <trkpt lat="22.556292" lon="114.005002">
        <ele>57</ele>
        <time>2023-10-19T08:39:27Z</time>
      </trkpt>
      <trkpt lat="22.556302" lon="114.005033">
        <ele>56.9</ele>
        <time>2023-10-19T08:39:28Z</time>
      </trkpt>
      <trkpt lat="22.556315" lon="114.005056">
        <ele>56.8</ele>
        <time>2023-10-19T08:39:29Z</time>
      </trkpt>
      <trkpt lat="22.556323" lon="114.005079">
        <ele>56.8</ele>
        <time>2023-10-19T08:39:30Z</time>
      </trkpt>
      <trkpt lat="22.556333" lon="114.005109">
        <ele>56.7</ele>
        <time>2023-10-19T08:39:31Z</time>
      </trkpt>
      <trkpt lat="22.556346" lon="114.005139">
        <ele>56.6</ele>
        <time>2023-10-19T08:39:32Z</time>
      </trkpt>
      <trkpt lat="22.556359" lon="114.005163">
        <ele>56.5</ele>
        <time>2023-10-19T08:39:33Z</time>
      </trkpt>
      <trkpt lat="22.556369" lon="114.005192">
        <ele>56.4</ele>
        <time>2023-10-19T08:39:34Z</time>
      </trkpt>
      <trkpt lat="22.556383" lon="114.005223">
        <ele>56.4</ele>
        <time>2023-10-19T08:39:35Z</time>
      </trkpt>
      <trkpt lat="22.556397" lon="114.005253">
        <ele>56.3</ele>
        <time>2023-10-19T08:39:36Z</time>
      </trkpt>
      <trkpt lat="22.556409" lon="114.005284">
        <ele>56.2</ele>
        <time>2023-10-19T08:39:37Z</time>
      </trkpt>
      <trkpt lat="22.556422" lon="114.005315">
        <ele>56.1</ele>
        <time>2023-10-19T08:39:38Z</time>
      </trkpt>
      <trkpt lat="22.556437" lon="114.005345">
        <ele>56</ele>
        <time>2023-10-19T08:39:39Z</time>
      </trkpt>
      <trkpt lat="22.556447" lon="114.005369">
        <ele>55.9</ele>
        <time>2023-10-19T08:39:40Z</time>
      </trkpt>
      <trkpt lat="22.556455" lon="114.005399">
        <ele>55.9</ele>
        <time>2023-10-19T08:39:41Z</time>
      </trkpt>
      <trkpt lat="22.556468" lon="114.005422">
        <ele>55.8</ele>
        <time>2023-10-19T08:39:42Z</time>
      </trkpt>
      <trkpt lat="22.55648" lon="114.005453">
        <ele>55.7</ele>
        <time>2023-10-19T08:39:43Z</time>
      </trkpt>
      <trkpt lat="22.556491" lon="114.005483">
        <ele>55.6</ele>
        <time>2023-10-19T08:39:44Z</time>
      </trkpt>
      <trkpt lat="22.5565" lon="114.005506">
        <ele>55.5</ele>
        <time>2023-10-19T08:39:45Z</time>
      </trkpt>
      <trkpt lat="22.55651" lon="114.005536">
        <ele>55.5</ele>
        <time>2023-10-19T08:39:46Z</time>
      </trkpt>
      <trkpt lat="22.556523" lon="114.005567">
        <ele>55.4</ele>
        <time>2023-10-19T08:39:47Z</time>
      </trkpt>
      <trkpt lat="22.556535" lon="114.005598">
        <ele>55.3</ele>
        <time>2023-10-19T08:39:48Z</time>
      </trkpt>
      <trkpt lat="22.556545" lon="114.005621">
        <ele>55.2</ele>
        <time>2023-10-19T08:39:49Z</time>
      </trkpt>
      <trkpt lat="22.556556" lon="114.005651">
        <ele>55.1</ele>
        <time>2023-10-19T08:39:50Z</time>
      </trkpt>
      <trkpt lat="22.556571" lon="114.005681">
        <ele>55</ele>
        <time>2023-10-19T08:39:51Z</time>
      </trkpt>
      <trkpt lat="22.556581" lon="114.005711">
        <ele>55</ele>
        <time>2023-10-19T08:39:52Z</time>
      </trkpt>
      <trkpt lat="22.556595" lon="114.005742">
        <ele>54.9</ele>
        <time>2023-10-19T08:39:53Z</time>
      </trkpt>
      <trkpt lat="22.556609" lon="114.005773">
        <ele>54.8</ele>
        <time>2023-10-19T08:39:54Z</time>
      </trkpt>
      <trkpt lat="22.556622" lon="114.005803">
        <ele>54.7</ele>
        <time>2023-10-19T08:39:55Z</time>
      </trkpt>
      <trkpt lat="22.556637" lon="114.005833">
        <ele>54.6</ele>
        <time>2023-10-19T08:39:56Z</time>
      </trkpt>
      <trkpt lat="22.556651" lon="114.005871">
        <ele>54.5</ele>
        <time>2023-10-19T08:39:57Z</time>
      </trkpt>
      <trkpt lat="22.556664" lon="114.005902">
        <ele>54.4</ele>
        <time>2023-10-19T08:39:58Z</time>
      </trkpt>
      <trkpt lat="22.556677" lon="114.005926">
        <ele>54.3</ele>
        <time>2023-10-19T08:39:59Z</time>
      </trkpt>
      <trkpt lat="22.556693" lon="114.005956">
        <ele>54.2</ele>
        <time>2023-10-19T08:40:00Z</time>
      </trkpt>
      <trkpt lat="22.556706" lon="114.005979">
        <ele>54.2</ele>
        <time>2023-10-19T08:40:01Z</time>
      </trkpt>
      <trkpt lat="22.556714" lon="114.006002">
        <ele>54.1</ele>
        <time>2023-10-19T08:40:02Z</time>
      </trkpt>
      <trkpt lat="22.556725" lon="114.006032">
        <ele>54</ele>
        <time>2023-10-19T08:40:03Z</time>
      </trkpt>
      <trkpt lat="22.556744" lon="114.006077">
        <ele>53.9</ele>
        <time>2023-10-19T08:40:04Z</time>
      </trkpt>
      <trkpt lat="22.556761" lon="114.006123">
        <ele>53.8</ele>
        <time>2023-10-19T08:40:05Z</time>
      </trkpt>
      <trkpt lat="22.556776" lon="114.006161">
        <ele>53.7</ele>
        <time>2023-10-19T08:40:06Z</time>
      </trkpt>
      <trkpt lat="22.556792" lon="114.006206">
        <ele>53.5</ele>
        <time>2023-10-19T08:40:07Z</time>
      </trkpt>
      <trkpt lat="22.556807" lon="114.006245">
        <ele>53.4</ele>
        <time>2023-10-19T08:40:08Z</time>
      </trkpt>
      <trkpt lat="22.556826" lon="114.00629">
        <ele>53.3</ele>
        <time>2023-10-19T08:40:09Z</time>
      </trkpt>
      <trkpt lat="22.556841" lon="114.006328">
        <ele>53.2</ele>
        <time>2023-10-19T08:40:10Z</time>
      </trkpt>
      <trkpt lat="22.556853" lon="114.006354">
        <ele>53.1</ele>
        <time>2023-10-19T08:40:11Z</time>
      </trkpt>
      <trkpt lat="22.556868" lon="114.006383">
        <ele>53</ele>
        <time>2023-10-19T08:40:12Z</time>
      </trkpt>
      <trkpt lat="22.55688" lon="114.006414">
        <ele>52.9</ele>
        <time>2023-10-19T08:40:13Z</time>
      </trkpt>
      <trkpt lat="22.556895" lon="114.006444">
        <ele>52.8</ele>
        <time>2023-10-19T08:40:14Z</time>
      </trkpt>
      <trkpt lat="22.556915" lon="114.006489">
        <ele>52.7</ele>
        <time>2023-10-19T08:40:15Z</time>
      </trkpt>
      <trkpt lat="22.556936" lon="114.006527">
        <ele>52.6</ele>
        <time>2023-10-19T08:40:16Z</time>
      </trkpt>
      <trkpt lat="22.556955" lon="114.006578">
        <ele>52.5</ele>
        <time>2023-10-19T08:40:17Z</time>
      </trkpt>
      <trkpt lat="22.556983" lon="114.006625">
        <ele>52.3</ele>
        <time>2023-10-19T08:40:18Z</time>
      </trkpt>
      <trkpt lat="22.55701" lon="114.006679">
        <ele>52.2</ele>
        <time>2023-10-19T08:40:19Z</time>
      </trkpt>
      <trkpt lat="22.557035" lon="114.006718">
        <ele>52.1</ele>
        <time>2023-10-19T08:40:20Z</time>
      </trkpt>
      <trkpt lat="22.557053" lon="114.006764">
        <ele>52</ele>
        <time>2023-10-19T08:40:21Z</time>
      </trkpt>
      <trkpt lat="22.557065" lon="114.006802">
        <ele>51.9</ele>
        <time>2023-10-19T08:40:22Z</time>
      </trkpt>
      <trkpt lat="22.557075" lon="114.006848">
        <ele>51.8</ele>
        <time>2023-10-19T08:40:23Z</time>
      </trkpt>
      <trkpt lat="22.557094" lon="114.006895">
        <ele>51.7</ele>
        <time>2023-10-19T08:40:24Z</time>
      </trkpt>
      <trkpt lat="22.557114" lon="114.006933">
        <ele>51.6</ele>
        <time>2023-10-19T08:40:25Z</time>
      </trkpt>
      <trkpt lat="22.557135" lon="114.006977">
        <ele>51.4</ele>
        <time>2023-10-19T08:40:26Z</time>
      </trkpt>
      <trkpt lat="22.557154" lon="114.007023">
        <ele>51.3</ele>
        <time>2023-10-19T08:40:27Z</time>
      </trkpt>
      <trkpt lat="22.557173" lon="114.007069">
        <ele>51.2</ele>
        <time>2023-10-19T08:40:28Z</time>
      </trkpt>
      <trkpt lat="22.557189" lon="114.007123">
        <ele>51.1</ele>
        <time>2023-10-19T08:40:29Z</time>
      </trkpt>
      <trkpt lat="22.557209" lon="114.007168">
        <ele>51</ele>
        <time>2023-10-19T08:40:30Z</time>
      </trkpt>
      <trkpt lat="22.557231" lon="114.007208">
        <ele>50.9</ele>
        <time>2023-10-19T08:40:31Z</time>
      </trkpt>
      <trkpt lat="22.557249" lon="114.007251">
        <ele>50.8</ele>
        <time>2023-10-19T08:40:32Z</time>
      </trkpt>
      <trkpt lat="22.557265" lon="114.007283">
        <ele>50.7</ele>
        <time>2023-10-19T08:40:33Z</time>
      </trkpt>
      <trkpt lat="22.557278" lon="114.007314">
        <ele>50.6</ele>
        <time>2023-10-19T08:40:34Z</time>
      </trkpt>
      <trkpt lat="22.557288" lon="114.007344">
        <ele>50.5</ele>
        <time>2023-10-19T08:40:35Z</time>
      </trkpt>
      <trkpt lat="22.557301" lon="114.007375">
        <ele>50.5</ele>
        <time>2023-10-19T08:40:36Z</time>
      </trkpt>
      <trkpt lat="22.557318" lon="114.007406">
        <ele>50.4</ele>
        <time>2023-10-19T08:40:37Z</time>
      </trkpt>
      <trkpt lat="22.557336" lon="114.007437">
        <ele>50.3</ele>
        <time>2023-10-19T08:40:38Z</time>
      </trkpt>
      <trkpt lat="22.557351" lon="114.007473">
        <ele>50.2</ele>
        <time>2023-10-19T08:40:39Z</time>
      </trkpt>
      <trkpt lat="22.557364" lon="114.007512">
        <ele>50.1</ele>
        <time>2023-10-19T08:40:40Z</time>
      </trkpt>
      <trkpt lat="22.557378" lon="114.00755">
        <ele>50</ele>
        <time>2023-10-19T08:40:41Z</time>
      </trkpt>
      <trkpt lat="22.557394" lon="114.007587">
        <ele>49.9</ele>
        <time>2023-10-19T08:40:42Z</time>
      </trkpt>
      <trkpt lat="22.557411" lon="114.007632">
        <ele>49.8</ele>
        <time>2023-10-19T08:40:43Z</time>
      </trkpt>
      <trkpt lat="22.55743" lon="114.007671">
        <ele>49.7</ele>
        <time>2023-10-19T08:40:44Z</time>
      </trkpt>
      <trkpt lat="22.55745" lon="114.00771">
        <ele>49.6</ele>
        <time>2023-10-19T08:40:45Z</time>
      </trkpt>
      <trkpt lat="22.557463" lon="114.007741">
        <ele>49.5</ele>
        <time>2023-10-19T08:40:46Z</time>
      </trkpt>
      <trkpt lat="22.557475" lon="114.007772">
        <ele>49.5</ele>
        <time>2023-10-19T08:40:47Z</time>
      </trkpt>
      <trkpt lat="22.557485" lon="114.007795">
        <ele>49.4</ele>
        <time>2023-10-19T08:40:48Z</time>
      </trkpt>
      <trkpt lat="22.557496" lon="114.007825">
        <ele>49.3</ele>
        <time>2023-10-19T08:40:49Z</time>
      </trkpt>
      <trkpt lat="22.55751" lon="114.007854">
        <ele>49.2</ele>
        <time>2023-10-19T08:40:50Z</time>
      </trkpt>
      <trkpt lat="22.557528" lon="114.007893">
        <ele>49.1</ele>
        <time>2023-10-19T08:40:51Z</time>
      </trkpt>
      <trkpt lat="22.557543" lon="114.007932">
        <ele>49.1</ele>
        <time>2023-10-19T08:40:52Z</time>
      </trkpt>
      <trkpt lat="22.557562" lon="114.007969">
        <ele>49</ele>
        <time>2023-10-19T08:40:53Z</time>
      </trkpt>
      <trkpt lat="22.557576" lon="114.008007">
        <ele>48.9</ele>
        <time>2023-10-19T08:40:54Z</time>
      </trkpt>
      <trkpt lat="22.557586" lon="114.008038">
        <ele>48.8</ele>
        <time>2023-10-19T08:40:55Z</time>
      </trkpt>
      <trkpt lat="22.55758" lon="114.008055">
        <ele>48.7</ele>
        <time>2023-10-19T08:40:56Z</time>
      </trkpt>
      <trkpt lat="22.557557" lon="114.00807">
        <ele>48.7</ele>
        <time>2023-10-19T08:40:57Z</time>
      </trkpt>
      <trkpt lat="22.557531" lon="114.008079">
        <ele>48.6</ele>
        <time>2023-10-19T08:40:58Z</time>
      </trkpt>
      <trkpt lat="22.557508" lon="114.008086">
        <ele>48.6</ele>
        <time>2023-10-19T08:40:59Z</time>
      </trkpt>
      <trkpt lat="22.557491" lon="114.008101">
        <ele>48.5</ele>
        <time>2023-10-19T08:41:00Z</time>
      </trkpt>
      <trkpt lat="22.557495" lon="114.008123">
        <ele>48.5</ele>
        <time>2023-10-19T08:41:01Z</time>
      </trkpt>
      <trkpt lat="22.557505" lon="114.008152">
        <ele>48.4</ele>
        <time>2023-10-19T08:41:02Z</time>
      </trkpt>
      <trkpt lat="22.557524" lon="114.008176">
        <ele>48.3</ele>
        <time>2023-10-19T08:41:03Z</time>
      </trkpt>
      <trkpt lat="22.557538" lon="114.0082">
        <ele>48.2</ele>
        <time>2023-10-19T08:41:04Z</time>
      </trkpt>
      <trkpt lat="22.557553" lon="114.008229">
        <ele>48.2</ele>
        <time>2023-10-19T08:41:05Z</time>
      </trkpt>
      <trkpt lat="22.55757" lon="114.008253">
        <ele>48.1</ele>
        <time>2023-10-19T08:41:06Z</time>
      </trkpt>
      <trkpt lat="22.557585" lon="114.008276">
        <ele>48</ele>
        <time>2023-10-19T08:41:07Z</time>
      </trkpt>
      <trkpt lat="22.557597" lon="114.008306">
        <ele>48</ele>
        <time>2023-10-19T08:41:08Z</time>
      </trkpt>
      <trkpt lat="22.557607" lon="114.008337">
        <ele>47.9</ele>
        <time>2023-10-19T08:41:09Z</time>
      </trkpt>
      <trkpt lat="22.557615" lon="114.008367">
        <ele>47.8</ele>
        <time>2023-10-19T08:41:10Z</time>
      </trkpt>
      <trkpt lat="22.557626" lon="114.008404">
        <ele>47.7</ele>
        <time>2023-10-19T08:41:11Z</time>
      </trkpt>
      <trkpt lat="22.557642" lon="114.008435">
        <ele>47.6</ele>
        <time>2023-10-19T08:41:12Z</time>
      </trkpt>
      <trkpt lat="22.557657" lon="114.008472">
        <ele>47.5</ele>
        <time>2023-10-19T08:41:13Z</time>
      </trkpt>
      <trkpt lat="22.557675" lon="114.008511">
        <ele>47.4</ele>
        <time>2023-10-19T08:41:14Z</time>
      </trkpt>
      <trkpt lat="22.557692" lon="114.008542">
        <ele>47.3</ele>
        <time>2023-10-19T08:41:15Z</time>
      </trkpt>
      <trkpt lat="22.557709" lon="114.00858">
        <ele>47.2</ele>
        <time>2023-10-19T08:41:16Z</time>
      </trkpt>
      <trkpt lat="22.557728" lon="114.00861">
        <ele>47.1</ele>
        <time>2023-10-19T08:41:17Z</time>
      </trkpt>
      <trkpt lat="22.557748" lon="114.008648">
        <ele>47</ele>
        <time>2023-10-19T08:41:18Z</time>
      </trkpt>
      <trkpt lat="22.557763" lon="114.008686">
        <ele>46.9</ele>
        <time>2023-10-19T08:41:19Z</time>
      </trkpt>
      <trkpt lat="22.557774" lon="114.00873">
        <ele>46.8</ele>
        <time>2023-10-19T08:41:20Z</time>
      </trkpt>
      <trkpt lat="22.557784" lon="114.008771">
        <ele>46.7</ele>
        <time>2023-10-19T08:41:21Z</time>
      </trkpt>
      <trkpt lat="22.5578" lon="114.008818">
        <ele>46.6</ele>
        <time>2023-10-19T08:41:22Z</time>
      </trkpt>
      <trkpt lat="22.557816" lon="114.008854">
        <ele>46.5</ele>
        <time>2023-10-19T08:41:23Z</time>
      </trkpt>
      <trkpt lat="22.55783" lon="114.008885">
        <ele>46.4</ele>
        <time>2023-10-19T08:41:24Z</time>
      </trkpt>
      <trkpt lat="22.557839" lon="114.008909">
        <ele>46.4</ele>
        <time>2023-10-19T08:41:25Z</time>
      </trkpt>
      <trkpt lat="22.557851" lon="114.008939">
        <ele>46.3</ele>
        <time>2023-10-19T08:41:26Z</time>
      </trkpt>
      <trkpt lat="22.557862" lon="114.008968">
        <ele>46.2</ele>
        <time>2023-10-19T08:41:27Z</time>
      </trkpt>
      <trkpt lat="22.557877" lon="114.008993">
        <ele>46.1</ele>
        <time>2023-10-19T08:41:28Z</time>
      </trkpt>
      <trkpt lat="22.557892" lon="114.009016">
        <ele>46.1</ele>
        <time>2023-10-19T08:41:29Z</time>
      </trkpt>
      <trkpt lat="22.557904" lon="114.009038">
        <ele>46</ele>
        <time>2023-10-19T08:41:30Z</time>
      </trkpt>
      <trkpt lat="22.557914" lon="114.009068">
        <ele>45.9</ele>
        <time>2023-10-19T08:41:31Z</time>
      </trkpt>
      <trkpt lat="22.557925" lon="114.009106">
        <ele>45.8</ele>
        <time>2023-10-19T08:41:32Z</time>
      </trkpt>
      <trkpt lat="22.557936" lon="114.009144">
        <ele>45.7</ele>
        <time>2023-10-19T08:41:33Z</time>
      </trkpt>
      <trkpt lat="22.557952" lon="114.009183">
        <ele>45.6</ele>
        <time>2023-10-19T08:41:34Z</time>
      </trkpt>
      <trkpt lat="22.557969" lon="114.009221">
        <ele>45.5</ele>
        <time>2023-10-19T08:41:35Z</time>
      </trkpt>
      <trkpt lat="22.557984" lon="114.009258">
        <ele>45.4</ele>
        <time>2023-10-19T08:41:36Z</time>
      </trkpt>
      <trkpt lat="22.557995" lon="114.009302">
        <ele>45.3</ele>
        <time>2023-10-19T08:41:37Z</time>
      </trkpt>
      <trkpt lat="22.558012" lon="114.009342">
        <ele>45.2</ele>
        <time>2023-10-19T08:41:38Z</time>
      </trkpt>
      <trkpt lat="22.558031" lon="114.00938">
        <ele>45.1</ele>
        <time>2023-10-19T08:41:39Z</time>
      </trkpt>
      <trkpt lat="22.55805" lon="114.009425">
        <ele>45</ele>
        <time>2023-10-19T08:41:40Z</time>
      </trkpt>
      <trkpt lat="22.558069" lon="114.00947">
        <ele>44.9</ele>
        <time>2023-10-19T08:41:41Z</time>
      </trkpt>
      <trkpt lat="22.55809" lon="114.009516">
        <ele>44.8</ele>
        <time>2023-10-19T08:41:42Z</time>
      </trkpt>
      <trkpt lat="22.558113" lon="114.009563">
        <ele>44.6</ele>
        <time>2023-10-19T08:41:43Z</time>
      </trkpt>
      <trkpt lat="22.558131" lon="114.009609">
        <ele>44.5</ele>
        <time>2023-10-19T08:41:44Z</time>
      </trkpt>
      <trkpt lat="22.558151" lon="114.009653">
        <ele>44.4</ele>
        <time>2023-10-19T08:41:45Z</time>
      </trkpt>
      <trkpt lat="22.558168" lon="114.009699">
        <ele>44.3</ele>
        <time>2023-10-19T08:41:46Z</time>
      </trkpt>
      <trkpt lat="22.558184" lon="114.009752">
        <ele>44.1</ele>
        <time>2023-10-19T08:41:47Z</time>
      </trkpt>
      <trkpt lat="22.558202" lon="114.009805">
        <ele>44</ele>
        <time>2023-10-19T08:41:48Z</time>
      </trkpt>
      <trkpt lat="22.558223" lon="114.009851">
        <ele>43.9</ele>
        <time>2023-10-19T08:41:49Z</time>
      </trkpt>
      <trkpt lat="22.558244" lon="114.009898">
        <ele>43.8</ele>
        <time>2023-10-19T08:41:50Z</time>
      </trkpt>
      <trkpt lat="22.558267" lon="114.009943">
        <ele>43.6</ele>
        <time>2023-10-19T08:41:51Z</time>
      </trkpt>
      <trkpt lat="22.558288" lon="114.00999">
        <ele>43.5</ele>
        <time>2023-10-19T08:41:52Z</time>
      </trkpt>
      <trkpt lat="22.558311" lon="114.010043">
        <ele>43.4</ele>
        <time>2023-10-19T08:41:53Z</time>
      </trkpt>
      <trkpt lat="22.55833" lon="114.010094">
        <ele>43.2</ele>
        <time>2023-10-19T08:41:54Z</time>
      </trkpt>
      <trkpt lat="22.558348" lon="114.01015">
        <ele>43.1</ele>
        <time>2023-10-19T08:41:55Z</time>
      </trkpt>
      <trkpt lat="22.558368" lon="114.01021">
        <ele>42.9</ele>
        <time>2023-10-19T08:41:56Z</time>
      </trkpt>
      <trkpt lat="22.558388" lon="114.010265">
        <ele>42.8</ele>
        <time>2023-10-19T08:41:57Z</time>
      </trkpt>
      <trkpt lat="22.558405" lon="114.010309">
        <ele>42.7</ele>
        <time>2023-10-19T08:41:58Z</time>
      </trkpt>
      <trkpt lat="22.558425" lon="114.010369">
        <ele>42.5</ele>
        <time>2023-10-19T08:41:59Z</time>
      </trkpt>
      <trkpt lat="22.558448" lon="114.010423">
        <ele>42.4</ele>
        <time>2023-10-19T08:42:00Z</time>
      </trkpt>
      <trkpt lat="22.558471" lon="114.010484">
        <ele>42.2</ele>
        <time>2023-10-19T08:42:01Z</time>
      </trkpt>
      <trkpt lat="22.558492" lon="114.010544">
        <ele>42.1</ele>
        <time>2023-10-19T08:42:02Z</time>
      </trkpt>
      <trkpt lat="22.55851" lon="114.010599">
        <ele>41.9</ele>
        <time>2023-10-19T08:42:03Z</time>
      </trkpt>
      <trkpt lat="22.558531" lon="114.01066">
        <ele>41.8</ele>
        <time>2023-10-19T08:42:04Z</time>
      </trkpt>
      <trkpt lat="22.558545" lon="114.010714">
        <ele>41.6</ele>
        <time>2023-10-19T08:42:05Z</time>
      </trkpt>
      <trkpt lat="22.558558" lon="114.010761">
        <ele>41.5</ele>
        <time>2023-10-19T08:42:06Z</time>
      </trkpt>
      <trkpt lat="22.558571" lon="114.010806">
        <ele>41.4</ele>
        <time>2023-10-19T08:42:07Z</time>
      </trkpt>
      <trkpt lat="22.558586" lon="114.010851">
        <ele>41.3</ele>
        <time>2023-10-19T08:42:08Z</time>
      </trkpt>
      <trkpt lat="22.558601" lon="114.010897">
        <ele>41.2</ele>
        <time>2023-10-19T08:42:09Z</time>
      </trkpt>
      <trkpt lat="22.558622" lon="114.010942">
        <ele>41.1</ele>
        <time>2023-10-19T08:42:10Z</time>
      </trkpt>
      <trkpt lat="22.558638" lon="114.010989">
        <ele>40.9</ele>
        <time>2023-10-19T08:42:11Z</time>
      </trkpt>
      <trkpt lat="22.558655" lon="114.011042">
        <ele>40.8</ele>
        <time>2023-10-19T08:42:12Z</time>
      </trkpt>
      <trkpt lat="22.558672" lon="114.011096">
        <ele>40.7</ele>
        <time>2023-10-19T08:42:13Z</time>
      </trkpt>
      <trkpt lat="22.558691" lon="114.011149">
        <ele>40.5</ele>
        <time>2023-10-19T08:42:14Z</time>
      </trkpt>
      <trkpt lat="22.558711" lon="114.011201">
        <ele>40.4</ele>
        <time>2023-10-19T08:42:15Z</time>
      </trkpt>
      <trkpt lat="22.558734" lon="114.011254">
        <ele>40.2</ele>
        <time>2023-10-19T08:42:16Z</time>
      </trkpt>
      <trkpt lat="22.558756" lon="114.011303">
        <ele>40.1</ele>
        <time>2023-10-19T08:42:17Z</time>
      </trkpt>
      <trkpt lat="22.558777" lon="114.011341">
        <ele>40</ele>
        <time>2023-10-19T08:42:18Z</time>
      </trkpt>
      <trkpt lat="22.558794" lon="114.011373">
        <ele>39.9</ele>
        <time>2023-10-19T08:42:19Z</time>
      </trkpt>
      <trkpt lat="22.558808" lon="114.011409">
        <ele>39.8</ele>
        <time>2023-10-19T08:42:20Z</time>
      </trkpt>
      <trkpt lat="22.558826" lon="114.011455">
        <ele>39.7</ele>
        <time>2023-10-19T08:42:21Z</time>
      </trkpt>
      <trkpt lat="22.558846" lon="114.011502">
        <ele>39.6</ele>
        <time>2023-10-19T08:42:22Z</time>
      </trkpt>
      <trkpt lat="22.558863" lon="114.011547">
        <ele>39.5</ele>
        <time>2023-10-19T08:42:23Z</time>
      </trkpt>
      <trkpt lat="22.558882" lon="114.011592">
        <ele>39.3</ele>
        <time>2023-10-19T08:42:24Z</time>
      </trkpt>
      <trkpt lat="22.558898" lon="114.011646">
        <ele>39.2</ele>
        <time>2023-10-19T08:42:25Z</time>
      </trkpt>
      <trkpt lat="22.558916" lon="114.011691">
        <ele>39.1</ele>
        <time>2023-10-19T08:42:26Z</time>
      </trkpt>
      <trkpt lat="22.558935" lon="114.011744">
        <ele>39</ele>
        <time>2023-10-19T08:42:27Z</time>
      </trkpt>
      <trkpt lat="22.558954" lon="114.01179">
        <ele>38.8</ele>
        <time>2023-10-19T08:42:28Z</time>
      </trkpt>
      <trkpt lat="22.558976" lon="114.011835">
        <ele>38.7</ele>
        <time>2023-10-19T08:42:29Z</time>
      </trkpt>
      <trkpt lat="22.558998" lon="114.011882">
        <ele>38.7</ele>
        <time>2023-10-19T08:42:30Z</time>
      </trkpt>
      <trkpt lat="22.559014" lon="114.011921">
        <ele>38.6</ele>
        <time>2023-10-19T08:42:31Z</time>
      </trkpt>
      <trkpt lat="22.559024" lon="114.011952">
        <ele>38.6</ele>
        <time>2023-10-19T08:42:32Z</time>
      </trkpt>
      <trkpt lat="22.559038" lon="114.011995">
        <ele>38.6</ele>
        <time>2023-10-19T08:42:33Z</time>
      </trkpt>
      <trkpt lat="22.559054" lon="114.012042">
        <ele>38.5</ele>
        <time>2023-10-19T08:42:34Z</time>
      </trkpt>
      <trkpt lat="22.559073" lon="114.012097">
        <ele>38.5</ele>
        <time>2023-10-19T08:42:35Z</time>
      </trkpt>
      <trkpt lat="22.55909" lon="114.012142">
        <ele>38.4</ele>
        <time>2023-10-19T08:42:36Z</time>
      </trkpt>
      <trkpt lat="22.559102" lon="114.012194">
        <ele>38.4</ele>
        <time>2023-10-19T08:42:37Z</time>
      </trkpt>
      <trkpt lat="22.559117" lon="114.01224">
        <ele>38.4</ele>
        <time>2023-10-19T08:42:38Z</time>
      </trkpt>
      <trkpt lat="22.559127" lon="114.012287">
        <ele>38.3</ele>
        <time>2023-10-19T08:42:39Z</time>
      </trkpt>
      <trkpt lat="22.559133" lon="114.012318">
        <ele>38.3</ele>
        <time>2023-10-19T08:42:40Z</time>
      </trkpt>
      <trkpt lat="22.559135" lon="114.012342">
        <ele>38.3</ele>
        <time>2023-10-19T08:42:41Z</time>
      </trkpt>
      <trkpt lat="22.559129" lon="114.012351">
        <ele>38.3</ele>
        <time>2023-10-19T08:42:42Z</time>
      </trkpt>
      <trkpt lat="22.559128" lon="114.012359">
        <ele>38.3</ele>
        <time>2023-10-19T08:42:43Z</time>
      </trkpt>
      <trkpt lat="22.55907" lon="114.012316">
        <ele>38.2</ele>
        <time>2023-10-19T08:42:54Z</time>
      </trkpt>
      <trkpt lat="22.559064" lon="114.012293">
        <ele>38.2</ele>
        <time>2023-10-19T08:42:55Z</time>
      </trkpt>
      <trkpt lat="22.559054" lon="114.012263">
        <ele>38.2</ele>
        <time>2023-10-19T08:42:56Z</time>
      </trkpt>
      <trkpt lat="22.559038" lon="114.012233">
        <ele>38.1</ele>
        <time>2023-10-19T08:42:57Z</time>
      </trkpt>
      <trkpt lat="22.559026" lon="114.012203">
        <ele>38.1</ele>
        <time>2023-10-19T08:42:58Z</time>
      </trkpt>
      <trkpt lat="22.559014" lon="114.012172">
        <ele>38.1</ele>
        <time>2023-10-19T08:42:59Z</time>
      </trkpt>
      <trkpt lat="22.559003" lon="114.012141">
        <ele>38.1</ele>
        <time>2023-10-19T08:43:00Z</time>
      </trkpt>
      <trkpt lat="22.55899" lon="114.012118">
        <ele>38</ele>
        <time>2023-10-19T08:43:01Z</time>
      </trkpt>
      <trkpt lat="22.558977" lon="114.012095">
        <ele>38</ele>
        <time>2023-10-19T08:43:02Z</time>
      </trkpt>
      <trkpt lat="22.558962" lon="114.012066">
        <ele>38</ele>
        <time>2023-10-19T08:43:03Z</time>
      </trkpt>
      <trkpt lat="22.558948" lon="114.012035">
        <ele>38</ele>
        <time>2023-10-19T08:43:04Z</time>
      </trkpt>
      <trkpt lat="22.558938" lon="114.012003">
        <ele>37.9</ele>
        <time>2023-10-19T08:43:05Z</time>
      </trkpt>
      <trkpt lat="22.558928" lon="114.011987">
        <ele>37.9</ele>
        <time>2023-10-19T08:43:06Z</time>
      </trkpt>
      <trkpt lat="22.558922" lon="114.011965">
        <ele>37.9</ele>
        <time>2023-10-19T08:43:07Z</time>
      </trkpt>
      <trkpt lat="22.558915" lon="114.011949">
        <ele>37.9</ele>
        <time>2023-10-19T08:43:08Z</time>
      </trkpt>
      <trkpt lat="22.558913" lon="114.011941">
        <ele>37.9</ele>
        <time>2023-10-19T08:43:09Z</time>
      </trkpt>
      <trkpt lat="22.558912" lon="114.011947">
        <ele>37.9</ele>
        <time>2023-10-19T08:43:10Z</time>
      </trkpt>
      <trkpt lat="22.558914" lon="114.011955">
        <ele>37.9</ele>
        <time>2023-10-19T08:43:11Z</time>
      </trkpt>
      <trkpt lat="22.558914" lon="114.011955">
        <ele>37.9</ele>
        <time>2023-10-19T08:43:12Z</time>
      </trkpt>
      <trkpt lat="22.558848" lon="114.011934">
        <ele>37.8</ele>
        <time>2023-10-19T08:43:30Z</time>
      </trkpt>
      <trkpt lat="22.558823" lon="114.011918">
        <ele>37.8</ele>
        <time>2023-10-19T08:43:31Z</time>
      </trkpt>
      <trkpt lat="22.558807" lon="114.011892">
        <ele>37.8</ele>
        <time>2023-10-19T08:43:32Z</time>
      </trkpt>
      <trkpt lat="22.558793" lon="114.011866">
        <ele>37.7</ele>
        <time>2023-10-19T08:43:33Z</time>
      </trkpt>
      <trkpt lat="22.558774" lon="114.011846">
        <ele>37.7</ele>
        <time>2023-10-19T08:43:34Z</time>
      </trkpt>
      <trkpt lat="22.558756" lon="114.011827">
        <ele>37.7</ele>
        <time>2023-10-19T08:43:35Z</time>
      </trkpt>
      <trkpt lat="22.55874" lon="114.011811">
        <ele>37.7</ele>
        <time>2023-10-19T08:43:36Z</time>
      </trkpt>
      <trkpt lat="22.55873" lon="114.011796">
        <ele>37.7</ele>
        <time>2023-10-19T08:43:37Z</time>
      </trkpt>
      <trkpt lat="22.558724" lon="114.011774">
        <ele>37.6</ele>
        <time>2023-10-19T08:43:38Z</time>
      </trkpt>
      <trkpt lat="22.558717" lon="114.011738">
        <ele>37.6</ele>
        <time>2023-10-19T08:43:39Z</time>
      </trkpt>
      <trkpt lat="22.558705" lon="114.011713">
        <ele>37.6</ele>
        <time>2023-10-19T08:43:40Z</time>
      </trkpt>
      <trkpt lat="22.558694" lon="114.01169">
        <ele>37.6</ele>
        <time>2023-10-19T08:43:41Z</time>
      </trkpt>
      <trkpt lat="22.558679" lon="114.011661">
        <ele>37.5</ele>
        <time>2023-10-19T08:43:42Z</time>
      </trkpt>
      <trkpt lat="22.55866" lon="114.011617">
        <ele>37.5</ele>
        <time>2023-10-19T08:43:43Z</time>
      </trkpt>
      <trkpt lat="22.558645" lon="114.011592">
        <ele>37.5</ele>
        <time>2023-10-19T08:43:44Z</time>
      </trkpt>
      <trkpt lat="22.558631" lon="114.011562">
        <ele>37.5</ele>
        <time>2023-10-19T08:43:45Z</time>
      </trkpt>
      <trkpt lat="22.558621" lon="114.011538">
        <ele>37.4</ele>
        <time>2023-10-19T08:43:46Z</time>
      </trkpt>
      <trkpt lat="22.558612" lon="114.011515">
        <ele>37.4</ele>
        <time>2023-10-19T08:43:47Z</time>
      </trkpt>
      <trkpt lat="22.558602" lon="114.011492">
        <ele>37.4</ele>
        <time>2023-10-19T08:43:48Z</time>
      </trkpt>
      <trkpt lat="22.558588" lon="114.01147">
        <ele>37.4</ele>
        <time>2023-10-19T08:43:49Z</time>
      </trkpt>
      <trkpt lat="22.558573" lon="114.01144">
        <ele>37.3</ele>
        <time>2023-10-19T08:43:50Z</time>
      </trkpt>
      <trkpt lat="22.558559" lon="114.011402">
        <ele>37.3</ele>
        <time>2023-10-19T08:43:51Z</time>
      </trkpt>
      <trkpt lat="22.558547" lon="114.011378">
        <ele>37.3</ele>
        <time>2023-10-19T08:43:52Z</time>
      </trkpt>
      <trkpt lat="22.558537" lon="114.011355">
        <ele>37.3</ele>
        <time>2023-10-19T08:43:53Z</time>
      </trkpt>
      <trkpt lat="22.55853" lon="114.011332">
        <ele>37.3</ele>
        <time>2023-10-19T08:43:54Z</time>
      </trkpt>
      <trkpt lat="22.558513" lon="114.011302">
        <ele>37.2</ele>
        <time>2023-10-19T08:43:55Z</time>
      </trkpt>
      <trkpt lat="22.558494" lon="114.011271">
        <ele>37.2</ele>
        <time>2023-10-19T08:43:56Z</time>
      </trkpt>
      <trkpt lat="22.558475" lon="114.011241">
        <ele>37.2</ele>
        <time>2023-10-19T08:43:57Z</time>
      </trkpt>
      <trkpt lat="22.558459" lon="114.011205">
        <ele>37.2</ele>
        <time>2023-10-19T08:43:58Z</time>
      </trkpt>
      <trkpt lat="22.558445" lon="114.011166">
        <ele>37.2</ele>
        <time>2023-10-19T08:43:59Z</time>
      </trkpt>
      <trkpt lat="22.558428" lon="114.011131">
        <ele>37.2</ele>
        <time>2023-10-19T08:44:00Z</time>
      </trkpt>
      <trkpt lat="22.558412" lon="114.011096">
        <ele>37.2</ele>
        <time>2023-10-19T08:44:01Z</time>
      </trkpt>
      <trkpt lat="22.558405" lon="114.011059">
        <ele>37.2</ele>
        <time>2023-10-19T08:44:02Z</time>
      </trkpt>
      <trkpt lat="22.558398" lon="114.011027">
        <ele>37.2</ele>
        <time>2023-10-19T08:44:03Z</time>
      </trkpt>
      <trkpt lat="22.558386" lon="114.010993">
        <ele>37.2</ele>
        <time>2023-10-19T08:44:04Z</time>
      </trkpt>
      <trkpt lat="22.558374" lon="114.010959">
        <ele>37.2</ele>
        <time>2023-10-19T08:44:05Z</time>
      </trkpt>
      <trkpt lat="22.558357" lon="114.010928">
        <ele>37.2</ele>
        <time>2023-10-19T08:44:06Z</time>
      </trkpt>
      <trkpt lat="22.558341" lon="114.010891">
        <ele>37.2</ele>
        <time>2023-10-19T08:44:07Z</time>
      </trkpt>
      <trkpt lat="22.558323" lon="114.010866">
        <ele>37.2</ele>
        <time>2023-10-19T08:44:08Z</time>
      </trkpt>
      <trkpt lat="22.558303" lon="114.010833">
        <ele>37.2</ele>
        <time>2023-10-19T08:44:09Z</time>
      </trkpt>
      <trkpt lat="22.558283" lon="114.010799">
        <ele>37.2</ele>
        <time>2023-10-19T08:44:10Z</time>
      </trkpt>
      <trkpt lat="22.558266" lon="114.010762">
        <ele>37.2</ele>
        <time>2023-10-19T08:44:11Z</time>
      </trkpt>
      <trkpt lat="22.558255" lon="114.01073">
        <ele>37.2</ele>
        <time>2023-10-19T08:44:12Z</time>
      </trkpt>
      <trkpt lat="22.558243" lon="114.010694">
        <ele>37.2</ele>
        <time>2023-10-19T08:44:13Z</time>
      </trkpt>
      <trkpt lat="22.558231" lon="114.010662">
        <ele>37.2</ele>
        <time>2023-10-19T08:44:14Z</time>
      </trkpt>
      <trkpt lat="22.558216" lon="114.010624">
        <ele>37.2</ele>
        <time>2023-10-19T08:44:15Z</time>
      </trkpt>
      <trkpt lat="22.558199" lon="114.010587">
        <ele>37.2</ele>
        <time>2023-10-19T08:44:16Z</time>
      </trkpt>
      <trkpt lat="22.558181" lon="114.01055">
        <ele>37.2</ele>
        <time>2023-10-19T08:44:17Z</time>
      </trkpt>
      <trkpt lat="22.558166" lon="114.010517">
        <ele>37.2</ele>
        <time>2023-10-19T08:44:18Z</time>
      </trkpt>
      <trkpt lat="22.55816" lon="114.0105">
        <ele>37.2</ele>
        <time>2023-10-19T08:44:19Z</time>
      </trkpt>
      <trkpt lat="22.557781" lon="114.009623">
        <ele>37.2</ele>
        <time>2023-10-19T08:46:39Z</time>
      </trkpt>
      <trkpt lat="22.557767" lon="114.009572">
        <ele>37.2</ele>
        <time>2023-10-19T08:46:40Z</time>
      </trkpt>
      <trkpt lat="22.557766" lon="114.009525">
        <ele>37.2</ele>
        <time>2023-10-19T08:46:41Z</time>
      </trkpt>
      <trkpt lat="22.557764" lon="114.00948">
        <ele>37.2</ele>
        <time>2023-10-19T08:46:42Z</time>
      </trkpt>
      <trkpt lat="22.557759" lon="114.009434">
        <ele>37.2</ele>
        <time>2023-10-19T08:46:43Z</time>
      </trkpt>
      <trkpt lat="22.557758" lon="114.00941">
        <ele>37.3</ele>
        <time>2023-10-19T08:46:44Z</time>
      </trkpt>
      <trkpt lat="22.557748" lon="114.009387">
        <ele>37.3</ele>
        <time>2023-10-19T08:46:45Z</time>
      </trkpt>
      <trkpt lat="22.557733" lon="114.009357">
        <ele>37.4</ele>
        <time>2023-10-19T08:46:46Z</time>
      </trkpt>
      <trkpt lat="22.557721" lon="114.009333">
        <ele>37.4</ele>
        <time>2023-10-19T08:46:47Z</time>
      </trkpt>
      <trkpt lat="22.557705" lon="114.009297">
        <ele>37.5</ele>
        <time>2023-10-19T08:46:48Z</time>
      </trkpt>
      <trkpt lat="22.557684" lon="114.009258">
        <ele>37.6</ele>
        <time>2023-10-19T08:46:49Z</time>
      </trkpt>
      <trkpt lat="22.557654" lon="114.009226">
        <ele>37.7</ele>
        <time>2023-10-19T08:46:50Z</time>
      </trkpt>
      <trkpt lat="22.557612" lon="114.009196">
        <ele>37.8</ele>
        <time>2023-10-19T08:46:51Z</time>
      </trkpt>
      <trkpt lat="22.557561" lon="114.009173">
        <ele>37.9</ele>
        <time>2023-10-19T08:46:52Z</time>
      </trkpt>
      <trkpt lat="22.557526" lon="114.00915">
        <ele>38</ele>
        <time>2023-10-19T08:46:53Z</time>
      </trkpt>
      <trkpt lat="22.557515" lon="114.009113">
        <ele>38.1</ele>
        <time>2023-10-19T08:46:54Z</time>
      </trkpt>
      <trkpt lat="22.557499" lon="114.009076">
        <ele>38.2</ele>
        <time>2023-10-19T08:46:55Z</time>
      </trkpt>
      <trkpt lat="22.557484" lon="114.009045">
        <ele>38.2</ele>
        <time>2023-10-19T08:46:56Z</time>
      </trkpt>
      <trkpt lat="22.557477" lon="114.009013">
        <ele>38.3</ele>
        <time>2023-10-19T08:46:57Z</time>
      </trkpt>
      <trkpt lat="22.557469" lon="114.008975">
        <ele>38.4</ele>
        <time>2023-10-19T08:46:58Z</time>
      </trkpt>
      <trkpt lat="22.557463" lon="114.008945">
        <ele>38.4</ele>
        <time>2023-10-19T08:46:59Z</time>
      </trkpt>
      <trkpt lat="22.557451" lon="114.008908">
        <ele>38.5</ele>
        <time>2023-10-19T08:47:00Z</time>
      </trkpt>
      <trkpt lat="22.557436" lon="114.008863">
        <ele>38.6</ele>
        <time>2023-10-19T08:47:01Z</time>
      </trkpt>
      <trkpt lat="22.557424" lon="114.008825">
        <ele>38.7</ele>
        <time>2023-10-19T08:47:02Z</time>
      </trkpt>
      <trkpt lat="22.557411" lon="114.008785">
        <ele>38.8</ele>
        <time>2023-10-19T08:47:03Z</time>
      </trkpt>
      <trkpt lat="22.557392" lon="114.008734">
        <ele>38.9</ele>
        <time>2023-10-19T08:47:04Z</time>
      </trkpt>
      <trkpt lat="22.55737" lon="114.008688">
        <ele>39</ele>
        <time>2023-10-19T08:47:05Z</time>
      </trkpt>
      <trkpt lat="22.55735" lon="114.008642">
        <ele>39.1</ele>
        <time>2023-10-19T08:47:06Z</time>
      </trkpt>
      <trkpt lat="22.557335" lon="114.008583">
        <ele>39.2</ele>
        <time>2023-10-19T08:47:07Z</time>
      </trkpt>
      <trkpt lat="22.557323" lon="114.008527">
        <ele>39.3</ele>
        <time>2023-10-19T08:47:08Z</time>
      </trkpt>
      <trkpt lat="22.557305" lon="114.008488">
        <ele>39.4</ele>
        <time>2023-10-19T08:47:09Z</time>
      </trkpt>
      <trkpt lat="22.557294" lon="114.008456">
        <ele>39.5</ele>
        <time>2023-10-19T08:47:10Z</time>
      </trkpt>
      <trkpt lat="22.55728" lon="114.008427">
        <ele>39.5</ele>
        <time>2023-10-19T08:47:11Z</time>
      </trkpt>
      <trkpt lat="22.557271" lon="114.008397">
        <ele>39.6</ele>
        <time>2023-10-19T08:47:12Z</time>
      </trkpt>
      <trkpt lat="22.557257" lon="114.008359">
        <ele>39.7</ele>
        <time>2023-10-19T08:47:13Z</time>
      </trkpt>
      <trkpt lat="22.557238" lon="114.00832">
        <ele>39.8</ele>
        <time>2023-10-19T08:47:14Z</time>
      </trkpt>
      <trkpt lat="22.557229" lon="114.008275">
        <ele>39.8</ele>
        <time>2023-10-19T08:47:15Z</time>
      </trkpt>
      <trkpt lat="22.557215" lon="114.008237">
        <ele>39.9</ele>
        <time>2023-10-19T08:47:16Z</time>
      </trkpt>
      <trkpt lat="22.557185" lon="114.008206">
        <ele>40</ele>
        <time>2023-10-19T08:47:17Z</time>
      </trkpt>
      <trkpt lat="22.557152" lon="114.008176">
        <ele>40.1</ele>
        <time>2023-10-19T08:47:18Z</time>
      </trkpt>
      <trkpt lat="22.55712" lon="114.008145">
        <ele>40.2</ele>
        <time>2023-10-19T08:47:19Z</time>
      </trkpt>
      <trkpt lat="22.557098" lon="114.008111">
        <ele>40.3</ele>
        <time>2023-10-19T08:47:20Z</time>
      </trkpt>
      <trkpt lat="22.557078" lon="114.008077">
        <ele>40.3</ele>
        <time>2023-10-19T08:47:21Z</time>
      </trkpt>
      <trkpt lat="22.557061" lon="114.00804">
        <ele>40.4</ele>
        <time>2023-10-19T08:47:22Z</time>
      </trkpt>
      <trkpt lat="22.557047" lon="114.008003">
        <ele>40.5</ele>
        <time>2023-10-19T08:47:23Z</time>
      </trkpt>
      <trkpt lat="22.557033" lon="114.007967">
        <ele>40.6</ele>
        <time>2023-10-19T08:47:24Z</time>
      </trkpt>
      <trkpt lat="22.557019" lon="114.007932">
        <ele>40.7</ele>
        <time>2023-10-19T08:47:25Z</time>
      </trkpt>
      <trkpt lat="22.557007" lon="114.007901">
        <ele>40.7</ele>
        <time>2023-10-19T08:47:26Z</time>
      </trkpt>
      <trkpt lat="22.556994" lon="114.007872">
        <ele>40.8</ele>
        <time>2023-10-19T08:47:27Z</time>
      </trkpt>
      <trkpt lat="22.556982" lon="114.007841">
        <ele>40.9</ele>
        <time>2023-10-19T08:47:28Z</time>
      </trkpt>
      <trkpt lat="22.556968" lon="114.007813">
        <ele>40.9</ele>
        <time>2023-10-19T08:47:29Z</time>
      </trkpt>
      <trkpt lat="22.556952" lon="114.007787">
        <ele>41</ele>
        <time>2023-10-19T08:47:30Z</time>
      </trkpt>
      <trkpt lat="22.556942" lon="114.007763">
        <ele>41</ele>
        <time>2023-10-19T08:47:31Z</time>
      </trkpt>
      <trkpt lat="22.556934" lon="114.00774">
        <ele>41</ele>
        <time>2023-10-19T08:47:32Z</time>
      </trkpt>
      <trkpt lat="22.556928" lon="114.007711">
        <ele>41</ele>
        <time>2023-10-19T08:47:33Z</time>
      </trkpt>
      <trkpt lat="22.556917" lon="114.007681">
        <ele>40.9</ele>
        <time>2023-10-19T08:47:34Z</time>
      </trkpt>
      <trkpt lat="22.556906" lon="114.00765">
        <ele>40.9</ele>
        <time>2023-10-19T08:47:35Z</time>
      </trkpt>
      <trkpt lat="22.556898" lon="114.007626">
        <ele>40.9</ele>
        <time>2023-10-19T08:47:36Z</time>
      </trkpt>
      <trkpt lat="22.556888" lon="114.007597">
        <ele>40.9</ele>
        <time>2023-10-19T08:47:37Z</time>
      </trkpt>
      <trkpt lat="22.55688" lon="114.007566">
        <ele>40.9</ele>
        <time>2023-10-19T08:47:38Z</time>
      </trkpt>
      <trkpt lat="22.55687" lon="114.007532">
        <ele>40.9</ele>
        <time>2023-10-19T08:47:39Z</time>
      </trkpt>
      <trkpt lat="22.556858" lon="114.007498">
        <ele>40.9</ele>
        <time>2023-10-19T08:47:40Z</time>
      </trkpt>
      <trkpt lat="22.556848" lon="114.007467">
        <ele>40.9</ele>
        <time>2023-10-19T08:47:41Z</time>
      </trkpt>
      <trkpt lat="22.556839" lon="114.007442">
        <ele>40.9</ele>
        <time>2023-10-19T08:47:42Z</time>
      </trkpt>
      <trkpt lat="22.556828" lon="114.007414">
        <ele>40.8</ele>
        <time>2023-10-19T08:47:43Z</time>
      </trkpt>
      <trkpt lat="22.556818" lon="114.007384">
        <ele>40.8</ele>
        <time>2023-10-19T08:47:44Z</time>
      </trkpt>
      <trkpt lat="22.556805" lon="114.007353">
        <ele>40.8</ele>
        <time>2023-10-19T08:47:45Z</time>
      </trkpt>
      <trkpt lat="22.556792" lon="114.007322">
        <ele>40.8</ele>
        <time>2023-10-19T08:47:46Z</time>
      </trkpt>
      <trkpt lat="22.55678" lon="114.007298">
        <ele>40.8</ele>
        <time>2023-10-19T08:47:47Z</time>
      </trkpt>
      <trkpt lat="22.556767" lon="114.007268">
        <ele>40.8</ele>
        <time>2023-10-19T08:47:48Z</time>
      </trkpt>
      <trkpt lat="22.556749" lon="114.007238">
        <ele>40.8</ele>
        <time>2023-10-19T08:47:49Z</time>
      </trkpt>
      <trkpt lat="22.556725" lon="114.007214">
        <ele>40.8</ele>
        <time>2023-10-19T08:47:50Z</time>
      </trkpt>
      <trkpt lat="22.556705" lon="114.007191">
        <ele>40.8</ele>
        <time>2023-10-19T08:47:51Z</time>
      </trkpt>
      <trkpt lat="22.556685" lon="114.007161">
        <ele>40.7</ele>
        <time>2023-10-19T08:47:52Z</time>
      </trkpt>
      <trkpt lat="22.556665" lon="114.007137">
        <ele>40.7</ele>
        <time>2023-10-19T08:47:53Z</time>
      </trkpt>
      <trkpt lat="22.556647" lon="114.007114">
        <ele>40.7</ele>
        <time>2023-10-19T08:47:54Z</time>
      </trkpt>
      <trkpt lat="22.556633" lon="114.007092">
        <ele>40.7</ele>
        <time>2023-10-19T08:47:55Z</time>
      </trkpt>
      <trkpt lat="22.556622" lon="114.007069">
        <ele>40.7</ele>
        <time>2023-10-19T08:47:56Z</time>
      </trkpt>
      <trkpt lat="22.556612" lon="114.007046">
        <ele>40.7</ele>
        <time>2023-10-19T08:47:57Z</time>
      </trkpt>
      <trkpt lat="22.556601" lon="114.007023">
        <ele>40.7</ele>
        <time>2023-10-19T08:47:58Z</time>
      </trkpt>
      <trkpt lat="22.556586" lon="114.006994">
        <ele>40.7</ele>
        <time>2023-10-19T08:47:59Z</time>
      </trkpt>
      <trkpt lat="22.556576" lon="114.006982">
        <ele>40.7</ele>
        <time>2023-10-19T08:48:00Z</time>
      </trkpt>
      <trkpt lat="22.556568" lon="114.006974">
        <ele>40.7</ele>
        <time>2023-10-19T08:48:01Z</time>
      </trkpt>
      <trkpt lat="22.55656" lon="114.006967">
        <ele>40.7</ele>
        <time>2023-10-19T08:48:02Z</time>
      </trkpt>
      <trkpt lat="22.556551" lon="114.006962">
        <ele>40.7</ele>
        <time>2023-10-19T08:48:03Z</time>
      </trkpt>
      <trkpt lat="22.556541" lon="114.006959">
        <ele>40.7</ele>
        <time>2023-10-19T08:48:04Z</time>
      </trkpt>
      <trkpt lat="22.556526" lon="114.006939">
        <ele>40.6</ele>
        <time>2023-10-19T08:48:05Z</time>
      </trkpt>
      <trkpt lat="22.55651" lon="114.006916">
        <ele>40.6</ele>
        <time>2023-10-19T08:48:06Z</time>
      </trkpt>
      <trkpt lat="22.556493" lon="114.006887">
        <ele>40.6</ele>
        <time>2023-10-19T08:48:07Z</time>
      </trkpt>
      <trkpt lat="22.556479" lon="114.00686">
        <ele>40.6</ele>
        <time>2023-10-19T08:48:08Z</time>
      </trkpt>
      <trkpt lat="22.556466" lon="114.006833">
        <ele>40.6</ele>
        <time>2023-10-19T08:48:09Z</time>
      </trkpt>
      <trkpt lat="22.556454" lon="114.006803">
        <ele>40.6</ele>
        <time>2023-10-19T08:48:10Z</time>
      </trkpt>
      <trkpt lat="22.556456" lon="114.006773">
        <ele>40.6</ele>
        <time>2023-10-19T08:48:11Z</time>
      </trkpt>
      <trkpt lat="22.556459" lon="114.006736">
        <ele>40.6</ele>
        <time>2023-10-19T08:48:12Z</time>
      </trkpt>
      <trkpt lat="22.556458" lon="114.006707">
        <ele>40.6</ele>
        <time>2023-10-19T08:48:13Z</time>
      </trkpt>
      <trkpt lat="22.556456" lon="114.006681">
        <ele>40.6</ele>
        <time>2023-10-19T08:48:14Z</time>
      </trkpt>
      <trkpt lat="22.556448" lon="114.006651">
        <ele>40.5</ele>
        <time>2023-10-19T08:48:15Z</time>
      </trkpt>
      <trkpt lat="22.556443" lon="114.00662">
        <ele>40.5</ele>
        <time>2023-10-19T08:48:16Z</time>
      </trkpt>
      <trkpt lat="22.556436" lon="114.006596">
        <ele>40.5</ele>
        <time>2023-10-19T08:48:17Z</time>
      </trkpt>
      <trkpt lat="22.556431" lon="114.006579">
        <ele>40.5</ele>
        <time>2023-10-19T08:48:18Z</time>
      </trkpt>
      <trkpt lat="22.556421" lon="114.006557">
        <ele>40.5</ele>
        <time>2023-10-19T08:48:19Z</time>
      </trkpt>
      <trkpt lat="22.556411" lon="114.006535">
        <ele>40.5</ele>
        <time>2023-10-19T08:48:20Z</time>
      </trkpt>
      <trkpt lat="22.556399" lon="114.006505">
        <ele>40.5</ele>
        <time>2023-10-19T08:48:21Z</time>
      </trkpt>
      <trkpt lat="22.556388" lon="114.006481">
        <ele>40.5</ele>
        <time>2023-10-19T08:48:22Z</time>
      </trkpt>
      <trkpt lat="22.556382" lon="114.006465">
        <ele>40.5</ele>
        <time>2023-10-19T08:48:23Z</time>
      </trkpt>
      <trkpt lat="22.556373" lon="114.00645">
        <ele>40.5</ele>
        <time>2023-10-19T08:48:24Z</time>
      </trkpt>
      <trkpt lat="22.556364" lon="114.006428">
        <ele>40.5</ele>
        <time>2023-10-19T08:48:25Z</time>
      </trkpt>
      <trkpt lat="22.556354" lon="114.006411">
        <ele>40.5</ele>
        <time>2023-10-19T08:48:26Z</time>
      </trkpt>
      <trkpt lat="22.556341" lon="114.00639">
        <ele>40.4</ele>
        <time>2023-10-19T08:48:27Z</time>
      </trkpt>
      <trkpt lat="22.55633" lon="114.006373">
        <ele>40.4</ele>
        <time>2023-10-19T08:48:28Z</time>
      </trkpt>
      <trkpt lat="22.556321" lon="114.006358">
        <ele>40.4</ele>
        <time>2023-10-19T08:48:29Z</time>
      </trkpt>
      <trkpt lat="22.556308" lon="114.006343">
        <ele>40.4</ele>
        <time>2023-10-19T08:48:30Z</time>
      </trkpt>
      <trkpt lat="22.556294" lon="114.006327">
        <ele>40.4</ele>
        <time>2023-10-19T08:48:31Z</time>
      </trkpt>
      <trkpt lat="22.556284" lon="114.006312">
        <ele>40.4</ele>
        <time>2023-10-19T08:48:32Z</time>
      </trkpt>
      <trkpt lat="22.556276" lon="114.006296">
        <ele>40.4</ele>
        <time>2023-10-19T08:48:33Z</time>
      </trkpt>
      <trkpt lat="22.556266" lon="114.006281">
        <ele>40.4</ele>
        <time>2023-10-19T08:48:34Z</time>
      </trkpt>
      <trkpt lat="22.556257" lon="114.006266">
        <ele>40.4</ele>
        <time>2023-10-19T08:48:35Z</time>
      </trkpt>
      <trkpt lat="22.556249" lon="114.006251">
        <ele>40.4</ele>
        <time>2023-10-19T08:48:36Z</time>
      </trkpt>
      <trkpt lat="22.55624" lon="114.006236">
        <ele>40.4</ele>
        <time>2023-10-19T08:48:37Z</time>
      </trkpt>
      <trkpt lat="22.556231" lon="114.006218">
        <ele>40.4</ele>
        <time>2023-10-19T08:48:38Z</time>
      </trkpt>
      <trkpt lat="22.556223" lon="114.006199">
        <ele>40.4</ele>
        <time>2023-10-19T08:48:39Z</time>
      </trkpt>
      <trkpt lat="22.556213" lon="114.006182">
        <ele>40.4</ele>
        <time>2023-10-19T08:48:40Z</time>
      </trkpt>
      <trkpt lat="22.556204" lon="114.006174">
        <ele>40.4</ele>
        <time>2023-10-19T08:48:41Z</time>
      </trkpt>
      <trkpt lat="22.556193" lon="114.00616">
        <ele>40.3</ele>
        <time>2023-10-19T08:48:42Z</time>
      </trkpt>
      <trkpt lat="22.556179" lon="114.006144">
        <ele>40.3</ele>
        <time>2023-10-19T08:48:43Z</time>
      </trkpt>
      <trkpt lat="22.556166" lon="114.006135">
        <ele>40.3</ele>
        <time>2023-10-19T08:48:44Z</time>
      </trkpt>
      <trkpt lat="22.556164" lon="114.006121">
        <ele>40.3</ele>
        <time>2023-10-19T08:48:45Z</time>
      </trkpt>
      <trkpt lat="22.556161" lon="114.0061">
        <ele>40.3</ele>
        <time>2023-10-19T08:48:46Z</time>
      </trkpt>
      <trkpt lat="22.556155" lon="114.006084">
        <ele>40.3</ele>
        <time>2023-10-19T08:48:47Z</time>
      </trkpt>
      <trkpt lat="22.55615" lon="114.006068">
        <ele>40.3</ele>
        <time>2023-10-19T08:48:48Z</time>
      </trkpt>
      <trkpt lat="22.556145" lon="114.006053">
        <ele>40.2</ele>
        <time>2023-10-19T08:48:49Z</time>
      </trkpt>
      <trkpt lat="22.55614" lon="114.006037">
        <ele>40.2</ele>
        <time>2023-10-19T08:48:50Z</time>
      </trkpt>
      <trkpt lat="22.556137" lon="114.006022">
        <ele>40.1</ele>
        <time>2023-10-19T08:48:51Z</time>
      </trkpt>
      <trkpt lat="22.556131" lon="114.006007">
        <ele>40.1</ele>
        <time>2023-10-19T08:48:52Z</time>
      </trkpt>
      <trkpt lat="22.556123" lon="114.005992">
        <ele>40</ele>
        <time>2023-10-19T08:48:53Z</time>
      </trkpt>
      <trkpt lat="22.556112" lon="114.005976">
        <ele>40</ele>
        <time>2023-10-19T08:48:54Z</time>
      </trkpt>
      <trkpt lat="22.556102" lon="114.005961">
        <ele>39.9</ele>
        <time>2023-10-19T08:48:55Z</time>
      </trkpt>
      <trkpt lat="22.55609" lon="114.005952">
        <ele>39.9</ele>
        <time>2023-10-19T08:48:56Z</time>
      </trkpt>
      <trkpt lat="22.556073" lon="114.005944">
        <ele>39.8</ele>
        <time>2023-10-19T08:48:57Z</time>
      </trkpt>
      <trkpt lat="22.556054" lon="114.005937">
        <ele>39.8</ele>
        <time>2023-10-19T08:48:58Z</time>
      </trkpt>
      <trkpt lat="22.556036" lon="114.005939">
        <ele>39.7</ele>
        <time>2023-10-19T08:48:59Z</time>
      </trkpt>
      <trkpt lat="22.556017" lon="114.005943">
        <ele>39.7</ele>
        <time>2023-10-19T08:49:00Z</time>
      </trkpt>
      <trkpt lat="22.556004" lon="114.005949">
        <ele>39.6</ele>
        <time>2023-10-19T08:49:01Z</time>
      </trkpt>
      <trkpt lat="22.555988" lon="114.005957">
        <ele>39.6</ele>
        <time>2023-10-19T08:49:02Z</time>
      </trkpt>
      <trkpt lat="22.555969" lon="114.005971">
        <ele>39.5</ele>
        <time>2023-10-19T08:49:03Z</time>
      </trkpt>
      <trkpt lat="22.555951" lon="114.00598">
        <ele>39.5</ele>
        <time>2023-10-19T08:49:04Z</time>
      </trkpt>
      <trkpt lat="22.555933" lon="114.005988">
        <ele>39.4</ele>
        <time>2023-10-19T08:49:05Z</time>
      </trkpt>
      <trkpt lat="22.555918" lon="114.005995">
        <ele>39.4</ele>
        <time>2023-10-19T08:49:06Z</time>
      </trkpt>
      <trkpt lat="22.555902" lon="114.006003">
        <ele>39.3</ele>
        <time>2023-10-19T08:49:07Z</time>
      </trkpt>
      <trkpt lat="22.55588" lon="114.006011">
        <ele>39.2</ele>
        <time>2023-10-19T08:49:08Z</time>
      </trkpt>
      <trkpt lat="22.555862" lon="114.006018">
        <ele>39.2</ele>
        <time>2023-10-19T08:49:09Z</time>
      </trkpt>
      <trkpt lat="22.555842" lon="114.006026">
        <ele>39.1</ele>
        <time>2023-10-19T08:49:10Z</time>
      </trkpt>
      <trkpt lat="22.555813" lon="114.006033">
        <ele>39</ele>
        <time>2023-10-19T08:49:11Z</time>
      </trkpt>
      <trkpt lat="22.555784" lon="114.006041">
        <ele>39</ele>
        <time>2023-10-19T08:49:12Z</time>
      </trkpt>
      <trkpt lat="22.555756" lon="114.006049">
        <ele>38.9</ele>
        <time>2023-10-19T08:49:13Z</time>
      </trkpt>
      <trkpt lat="22.55573" lon="114.006069">
        <ele>38.8</ele>
        <time>2023-10-19T08:49:14Z</time>
      </trkpt>
      <trkpt lat="22.555702" lon="114.006079">
        <ele>38.7</ele>
        <time>2023-10-19T08:49:15Z</time>
      </trkpt>
      <trkpt lat="22.555679" lon="114.006087">
        <ele>38.6</ele>
        <time>2023-10-19T08:49:16Z</time>
      </trkpt>
      <trkpt lat="22.555666" lon="114.006088">
        <ele>38.6</ele>
        <time>2023-10-19T08:49:17Z</time>
      </trkpt>
      <trkpt lat="22.555649" lon="114.006094">
        <ele>38.5</ele>
        <time>2023-10-19T08:49:18Z</time>
      </trkpt>
      <trkpt lat="22.555624" lon="114.006102">
        <ele>38.5</ele>
        <time>2023-10-19T08:49:19Z</time>
      </trkpt>
      <trkpt lat="22.555601" lon="114.006116">
        <ele>38.4</ele>
        <time>2023-10-19T08:49:20Z</time>
      </trkpt>
      <trkpt lat="22.555573" lon="114.006133">
        <ele>38.3</ele>
        <time>2023-10-19T08:49:21Z</time>
      </trkpt>
      <trkpt lat="22.555556" lon="114.00614">
        <ele>38.2</ele>
        <time>2023-10-19T08:49:22Z</time>
      </trkpt>
      <trkpt lat="22.555531" lon="114.006148">
        <ele>38.2</ele>
        <time>2023-10-19T08:49:23Z</time>
      </trkpt>
      <trkpt lat="22.555505" lon="114.006162">
        <ele>38.1</ele>
        <time>2023-10-19T08:49:24Z</time>
      </trkpt>
      <trkpt lat="22.555474" lon="114.006171">
        <ele>38</ele>
        <time>2023-10-19T08:49:25Z</time>
      </trkpt>
      <trkpt lat="22.555442" lon="114.006184">
        <ele>37.9</ele>
        <time>2023-10-19T08:49:26Z</time>
      </trkpt>
      <trkpt lat="22.555412" lon="114.0062">
        <ele>37.8</ele>
        <time>2023-10-19T08:49:27Z</time>
      </trkpt>
      <trkpt lat="22.555383" lon="114.006222">
        <ele>37.7</ele>
        <time>2023-10-19T08:49:28Z</time>
      </trkpt>
      <trkpt lat="22.555351" lon="114.006238">
        <ele>37.6</ele>
        <time>2023-10-19T08:49:29Z</time>
      </trkpt>
      <trkpt lat="22.555319" lon="114.006253">
        <ele>37.5</ele>
        <time>2023-10-19T08:49:30Z</time>
      </trkpt>
      <trkpt lat="22.555284" lon="114.006275">
        <ele>37.4</ele>
        <time>2023-10-19T08:49:31Z</time>
      </trkpt>
      <trkpt lat="22.555244" lon="114.006298">
        <ele>37.2</ele>
        <time>2023-10-19T08:49:32Z</time>
      </trkpt>
      <trkpt lat="22.555205" lon="114.006315">
        <ele>37.1</ele>
        <time>2023-10-19T08:49:33Z</time>
      </trkpt>
      <trkpt lat="22.555172" lon="114.006337">
        <ele>37</ele>
        <time>2023-10-19T08:49:34Z</time>
      </trkpt>
      <trkpt lat="22.555143" lon="114.006353">
        <ele>36.9</ele>
        <time>2023-10-19T08:49:35Z</time>
      </trkpt>
      <trkpt lat="22.555109" lon="114.006374">
        <ele>36.8</ele>
        <time>2023-10-19T08:49:36Z</time>
      </trkpt>
      <trkpt lat="22.555074" lon="114.006397">
        <ele>36.7</ele>
        <time>2023-10-19T08:49:37Z</time>
      </trkpt>
      <trkpt lat="22.555042" lon="114.00642">
        <ele>36.6</ele>
        <time>2023-10-19T08:49:38Z</time>
      </trkpt>
      <trkpt lat="22.555016" lon="114.006437">
        <ele>36.5</ele>
        <time>2023-10-19T08:49:39Z</time>
      </trkpt>
      <trkpt lat="22.554986" lon="114.00646">
        <ele>36.4</ele>
        <time>2023-10-19T08:49:40Z</time>
      </trkpt>
      <trkpt lat="22.554968" lon="114.006475">
        <ele>36.3</ele>
        <time>2023-10-19T08:49:41Z</time>
      </trkpt>
      <trkpt lat="22.554961" lon="114.006497">
        <ele>36.3</ele>
        <time>2023-10-19T08:49:42Z</time>
      </trkpt>
      <trkpt lat="22.554952" lon="114.006513">
        <ele>36.2</ele>
        <time>2023-10-19T08:49:43Z</time>
      </trkpt>
      <trkpt lat="22.554935" lon="114.006548">
        <ele>36.1</ele>
        <time>2023-10-19T08:49:44Z</time>
      </trkpt>
      <trkpt lat="22.554916" lon="114.006573">
        <ele>36</ele>
        <time>2023-10-19T08:49:45Z</time>
      </trkpt>
      <trkpt lat="22.554905" lon="114.006596">
        <ele>35.9</ele>
        <time>2023-10-19T08:49:46Z</time>
      </trkpt>
      <trkpt lat="22.554892" lon="114.006619">
        <ele>35.9</ele>
        <time>2023-10-19T08:49:47Z</time>
      </trkpt>
      <trkpt lat="22.55488" lon="114.006635">
        <ele>35.8</ele>
        <time>2023-10-19T08:49:48Z</time>
      </trkpt>
      <trkpt lat="22.554873" lon="114.00665">
        <ele>35.8</ele>
        <time>2023-10-19T08:49:49Z</time>
      </trkpt>
      <trkpt lat="22.554866" lon="114.006666">
        <ele>35.7</ele>
        <time>2023-10-19T08:49:50Z</time>
      </trkpt>
      <trkpt lat="22.55485" lon="114.006687">
        <ele>35.7</ele>
        <time>2023-10-19T08:49:51Z</time>
      </trkpt>
      <trkpt lat="22.554837" lon="114.006703">
        <ele>35.6</ele>
        <time>2023-10-19T08:49:52Z</time>
      </trkpt>
      <trkpt lat="22.55482" lon="114.006713">
        <ele>35.5</ele>
        <time>2023-10-19T08:49:53Z</time>
      </trkpt>
      <trkpt lat="22.554802" lon="114.006714">
        <ele>35.5</ele>
        <time>2023-10-19T08:49:54Z</time>
      </trkpt>
      <trkpt lat="22.554785" lon="114.006714">
        <ele>35.4</ele>
        <time>2023-10-19T08:49:55Z</time>
      </trkpt>
      <trkpt lat="22.554765" lon="114.006701">
        <ele>35.4</ele>
        <time>2023-10-19T08:49:56Z</time>
      </trkpt>
      <trkpt lat="22.554748" lon="114.006686">
        <ele>35.3</ele>
        <time>2023-10-19T08:49:57Z</time>
      </trkpt>
      <trkpt lat="22.554735" lon="114.006677">
        <ele>35.3</ele>
        <time>2023-10-19T08:49:58Z</time>
      </trkpt>
      <trkpt lat="22.554713" lon="114.006688">
        <ele>35.2</ele>
        <time>2023-10-19T08:49:59Z</time>
      </trkpt>
      <trkpt lat="22.554691" lon="114.006697">
        <ele>35.1</ele>
        <time>2023-10-19T08:50:00Z</time>
      </trkpt>
      <trkpt lat="22.554672" lon="114.006692">
        <ele>35.1</ele>
        <time>2023-10-19T08:50:01Z</time>
      </trkpt>
      <trkpt lat="22.554652" lon="114.006684">
        <ele>35</ele>
        <time>2023-10-19T08:50:02Z</time>
      </trkpt>
      <trkpt lat="22.55464" lon="114.006696">
        <ele>35</ele>
        <time>2023-10-19T08:50:03Z</time>
      </trkpt>
      <trkpt lat="22.554636" lon="114.006711">
        <ele>35</ele>
        <time>2023-10-19T08:50:04Z</time>
      </trkpt>
      <trkpt lat="22.554641" lon="114.006727">
        <ele>34.9</ele>
        <time>2023-10-19T08:50:05Z</time>
      </trkpt>
      <trkpt lat="22.554637" lon="114.00676">
        <ele>34.8</ele>
        <time>2023-10-19T08:50:06Z</time>
      </trkpt>
      <trkpt lat="22.554628" lon="114.006793">
        <ele>34.8</ele>
        <time>2023-10-19T08:50:07Z</time>
      </trkpt>
      <trkpt lat="22.554614" lon="114.006829">
        <ele>34.7</ele>
        <time>2023-10-19T08:50:08Z</time>
      </trkpt>
      <trkpt lat="22.554597" lon="114.006861">
        <ele>34.6</ele>
        <time>2023-10-19T08:50:09Z</time>
      </trkpt>
      <trkpt lat="22.554569" lon="114.006892">
        <ele>34.5</ele>
        <time>2023-10-19T08:50:10Z</time>
      </trkpt>
      <trkpt lat="22.554542" lon="114.006928">
        <ele>34.4</ele>
        <time>2023-10-19T08:50:11Z</time>
      </trkpt>
      <trkpt lat="22.554526" lon="114.006966">
        <ele>34.3</ele>
        <time>2023-10-19T08:50:12Z</time>
      </trkpt>
      <trkpt lat="22.554509" lon="114.007005">
        <ele>34.2</ele>
        <time>2023-10-19T08:50:13Z</time>
      </trkpt>
      <trkpt lat="22.554492" lon="114.007043">
        <ele>34.1</ele>
        <time>2023-10-19T08:50:14Z</time>
      </trkpt>
      <trkpt lat="22.554471" lon="114.007082">
        <ele>34</ele>
        <time>2023-10-19T08:50:15Z</time>
      </trkpt>
      <trkpt lat="22.554452" lon="114.00712">
        <ele>33.9</ele>
        <time>2023-10-19T08:50:16Z</time>
      </trkpt>
      <trkpt lat="22.554438" lon="114.007165">
        <ele>33.8</ele>
        <time>2023-10-19T08:50:17Z</time>
      </trkpt>
      <trkpt lat="22.554423" lon="114.007203">
        <ele>33.7</ele>
        <time>2023-10-19T08:50:18Z</time>
      </trkpt>
      <trkpt lat="22.554411" lon="114.007236">
        <ele>33.7</ele>
        <time>2023-10-19T08:50:19Z</time>
      </trkpt>
      <trkpt lat="22.554396" lon="114.007273">
        <ele>33.6</ele>
        <time>2023-10-19T08:50:20Z</time>
      </trkpt>
      <trkpt lat="22.554377" lon="114.007311">
        <ele>33.5</ele>
        <time>2023-10-19T08:50:21Z</time>
      </trkpt>
      <trkpt lat="22.554359" lon="114.007342">
        <ele>33.4</ele>
        <time>2023-10-19T08:50:22Z</time>
      </trkpt>
      <trkpt lat="22.554341" lon="114.007372">
        <ele>33.3</ele>
        <time>2023-10-19T08:50:23Z</time>
      </trkpt>
      <trkpt lat="22.554326" lon="114.00739">
        <ele>33.3</ele>
        <time>2023-10-19T08:50:24Z</time>
      </trkpt>
      <trkpt lat="22.554297" lon="114.007412">
        <ele>33.2</ele>
        <time>2023-10-19T08:50:25Z</time>
      </trkpt>
      <trkpt lat="22.554273" lon="114.007435">
        <ele>33.1</ele>
        <time>2023-10-19T08:50:26Z</time>
      </trkpt>
      <trkpt lat="22.55426" lon="114.007458">
        <ele>33</ele>
        <time>2023-10-19T08:50:27Z</time>
      </trkpt>
      <trkpt lat="22.55425" lon="114.007462">
        <ele>33</ele>
        <time>2023-10-19T08:50:28Z</time>
      </trkpt>
      <trkpt lat="22.554247" lon="114.007462">
        <ele>33</ele>
        <time>2023-10-19T08:50:29Z</time>
      </trkpt>
      <trkpt lat="22.554244" lon="114.007462">
        <ele>33</ele>
        <time>2023-10-19T08:50:30Z</time>
      </trkpt>
      <trkpt lat="22.554238" lon="114.007468">
        <ele>33</ele>
        <time>2023-10-19T08:50:31Z</time>
      </trkpt>
      <trkpt lat="22.554174" lon="114.007568">
        <ele>32.7</ele>
        <time>2023-10-19T08:50:42Z</time>
      </trkpt>
      <trkpt lat="22.554172" lon="114.007581">
        <ele>32.7</ele>
        <time>2023-10-19T08:50:43Z</time>
      </trkpt>
      <trkpt lat="22.554176" lon="114.00759">
        <ele>32.7</ele>
        <time>2023-10-19T08:50:44Z</time>
      </trkpt>
      <trkpt lat="22.554186" lon="114.007585">
        <ele>32.6</ele>
        <time>2023-10-19T08:50:45Z</time>
      </trkpt>
      <trkpt lat="22.554194" lon="114.007577">
        <ele>32.6</ele>
        <time>2023-10-19T08:50:46Z</time>
      </trkpt>
      <trkpt lat="22.554197" lon="114.007569">
        <ele>32.6</ele>
        <time>2023-10-19T08:50:47Z</time>
      </trkpt>
      <trkpt lat="22.554204" lon="114.007556">
        <ele>32.5</ele>
        <time>2023-10-19T08:50:48Z</time>
      </trkpt>
      <trkpt lat="22.554214" lon="114.007541">
        <ele>32.5</ele>
        <time>2023-10-19T08:50:49Z</time>
      </trkpt>
      <trkpt lat="22.554226" lon="114.007525">
        <ele>32.5</ele>
        <time>2023-10-19T08:50:50Z</time>
      </trkpt>
      <trkpt lat="22.554237" lon="114.007504">
        <ele>32.4</ele>
        <time>2023-10-19T08:50:51Z</time>
      </trkpt>
      <trkpt lat="22.554249" lon="114.007474">
        <ele>32.3</ele>
        <time>2023-10-19T08:50:52Z</time>
      </trkpt>
      <trkpt lat="22.554263" lon="114.007444">
        <ele>32.3</ele>
        <time>2023-10-19T08:50:53Z</time>
      </trkpt>
      <trkpt lat="22.554276" lon="114.007426">
        <ele>32.2</ele>
        <time>2023-10-19T08:50:54Z</time>
      </trkpt>
      <trkpt lat="22.554285" lon="114.007411">
        <ele>32.2</ele>
        <time>2023-10-19T08:50:55Z</time>
      </trkpt>
      <trkpt lat="22.554298" lon="114.007414">
        <ele>32.1</ele>
        <time>2023-10-19T08:50:56Z</time>
      </trkpt>
      <trkpt lat="22.554308" lon="114.007422">
        <ele>32.1</ele>
        <time>2023-10-19T08:50:57Z</time>
      </trkpt>
      <trkpt lat="22.554305" lon="114.007442">
        <ele>32.1</ele>
        <time>2023-10-19T08:50:58Z</time>
      </trkpt>
      <trkpt lat="22.554295" lon="114.007465">
        <ele>32</ele>
        <time>2023-10-19T08:50:59Z</time>
      </trkpt>
      <trkpt lat="22.554283" lon="114.007489">
        <ele>31.9</ele>
        <time>2023-10-19T08:51:00Z</time>
      </trkpt>
      <trkpt lat="22.554267" lon="114.007511">
        <ele>31.9</ele>
        <time>2023-10-19T08:51:01Z</time>
      </trkpt>
      <trkpt lat="22.554248" lon="114.007534">
        <ele>31.8</ele>
        <time>2023-10-19T08:51:02Z</time>
      </trkpt>
      <trkpt lat="22.554231" lon="114.007563">
        <ele>31.7</ele>
        <time>2023-10-19T08:51:03Z</time>
      </trkpt>
      <trkpt lat="22.554215" lon="114.007594">
        <ele>31.7</ele>
        <time>2023-10-19T08:51:04Z</time>
      </trkpt>
      <trkpt lat="22.554198" lon="114.007624">
        <ele>31.6</ele>
        <time>2023-10-19T08:51:05Z</time>
      </trkpt>
      <trkpt lat="22.554181" lon="114.007649">
        <ele>31.5</ele>
        <time>2023-10-19T08:51:06Z</time>
      </trkpt>
      <trkpt lat="22.554167" lon="114.007679">
        <ele>31.4</ele>
        <time>2023-10-19T08:51:07Z</time>
      </trkpt>
      <trkpt lat="22.554152" lon="114.007709">
        <ele>31.4</ele>
        <time>2023-10-19T08:51:08Z</time>
      </trkpt>
      <trkpt lat="22.554135" lon="114.007739">
        <ele>31.3</ele>
        <time>2023-10-19T08:51:09Z</time>
      </trkpt>
      <trkpt lat="22.554113" lon="114.007769">
        <ele>31.2</ele>
        <time>2023-10-19T08:51:10Z</time>
      </trkpt>
      <trkpt lat="22.554089" lon="114.007799">
        <ele>31.1</ele>
        <time>2023-10-19T08:51:11Z</time>
      </trkpt>
      <trkpt lat="22.554072" lon="114.007824">
        <ele>31</ele>
        <time>2023-10-19T08:51:12Z</time>
      </trkpt>
      <trkpt lat="22.554057" lon="114.007847">
        <ele>31</ele>
        <time>2023-10-19T08:51:13Z</time>
      </trkpt>
      <trkpt lat="22.55404" lon="114.007863">
        <ele>30.9</ele>
        <time>2023-10-19T08:51:14Z</time>
      </trkpt>
      <trkpt lat="22.554023" lon="114.007879">
        <ele>30.9</ele>
        <time>2023-10-19T08:51:15Z</time>
      </trkpt>
      <trkpt lat="22.554008" lon="114.007901">
        <ele>30.8</ele>
        <time>2023-10-19T08:51:16Z</time>
      </trkpt>
      <trkpt lat="22.554002" lon="114.00793">
        <ele>30.8</ele>
        <time>2023-10-19T08:51:17Z</time>
      </trkpt>
      <trkpt lat="22.553992" lon="114.007953">
        <ele>30.7</ele>
        <time>2023-10-19T08:51:18Z</time>
      </trkpt>
      <trkpt lat="22.553975" lon="114.00797">
        <ele>30.7</ele>
        <time>2023-10-19T08:51:19Z</time>
      </trkpt>
      <trkpt lat="22.55396" lon="114.007992">
        <ele>30.6</ele>
        <time>2023-10-19T08:51:20Z</time>
      </trkpt>
      <trkpt lat="22.553948" lon="114.008014">
        <ele>30.6</ele>
        <time>2023-10-19T08:51:21Z</time>
      </trkpt>
      <trkpt lat="22.553931" lon="114.008038">
        <ele>30.5</ele>
        <time>2023-10-19T08:51:22Z</time>
      </trkpt>
      <trkpt lat="22.553911" lon="114.00806">
        <ele>30.5</ele>
        <time>2023-10-19T08:51:23Z</time>
      </trkpt>
      <trkpt lat="22.55389" lon="114.00809">
        <ele>30.4</ele>
        <time>2023-10-19T08:51:24Z</time>
      </trkpt>
      <trkpt lat="22.553867" lon="114.00812">
        <ele>30.4</ele>
        <time>2023-10-19T08:51:25Z</time>
      </trkpt>
      <trkpt lat="22.553843" lon="114.008151">
        <ele>30.3</ele>
        <time>2023-10-19T08:51:26Z</time>
      </trkpt>
      <trkpt lat="22.553818" lon="114.008182">
        <ele>30.2</ele>
        <time>2023-10-19T08:51:27Z</time>
      </trkpt>
      <trkpt lat="22.55379" lon="114.008212">
        <ele>30.2</ele>
        <time>2023-10-19T08:51:28Z</time>
      </trkpt>
      <trkpt lat="22.553765" lon="114.008242">
        <ele>30.1</ele>
        <time>2023-10-19T08:51:29Z</time>
      </trkpt>
      <trkpt lat="22.55374" lon="114.008273">
        <ele>30</ele>
        <time>2023-10-19T08:51:30Z</time>
      </trkpt>
      <trkpt lat="22.553715" lon="114.008303">
        <ele>30</ele>
        <time>2023-10-19T08:51:31Z</time>
      </trkpt>
      <trkpt lat="22.553695" lon="114.008327">
        <ele>29.9</ele>
        <time>2023-10-19T08:51:32Z</time>
      </trkpt>
      <trkpt lat="22.553678" lon="114.008357">
        <ele>29.8</ele>
        <time>2023-10-19T08:51:33Z</time>
      </trkpt>
      <trkpt lat="22.553656" lon="114.008387">
        <ele>29.8</ele>
        <time>2023-10-19T08:51:34Z</time>
      </trkpt>
      <trkpt lat="22.553637" lon="114.008405">
        <ele>29.7</ele>
        <time>2023-10-19T08:51:35Z</time>
      </trkpt>
      <trkpt lat="22.553626" lon="114.008414">
        <ele>29.7</ele>
        <time>2023-10-19T08:51:36Z</time>
      </trkpt>
      <trkpt lat="22.553627" lon="114.008409">
        <ele>29.7</ele>
        <time>2023-10-19T08:51:37Z</time>
      </trkpt>
      <trkpt lat="22.553625" lon="114.008408">
        <ele>29.7</ele>
        <time>2023-10-19T08:51:38Z</time>
      </trkpt>
      <trkpt lat="22.553616" lon="114.008401">
        <ele>29.7</ele>
        <time>2023-10-19T08:51:39Z</time>
      </trkpt>
      <trkpt lat="22.553614" lon="114.0084">
        <ele>29.7</ele>
        <time>2023-10-19T08:51:40Z</time>
      </trkpt>
      <trkpt lat="22.553612" lon="114.0084">
        <ele>29.7</ele>
        <time>2023-10-19T08:51:41Z</time>
      </trkpt>
      <trkpt lat="22.553545" lon="114.008435">
        <ele>29.5</ele>
        <time>2023-10-19T08:51:49Z</time>
      </trkpt>
      <trkpt lat="22.553522" lon="114.008451">
        <ele>29.5</ele>
        <time>2023-10-19T08:51:50Z</time>
      </trkpt>
      <trkpt lat="22.553497" lon="114.008467">
        <ele>29.4</ele>
        <time>2023-10-19T08:51:51Z</time>
      </trkpt>
      <trkpt lat="22.553476" lon="114.008488">
        <ele>29.4</ele>
        <time>2023-10-19T08:51:52Z</time>
      </trkpt>
      <trkpt lat="22.553455" lon="114.008504">
        <ele>29.3</ele>
        <time>2023-10-19T08:51:53Z</time>
      </trkpt>
      <trkpt lat="22.553439" lon="114.008533">
        <ele>29.3</ele>
        <time>2023-10-19T08:51:54Z</time>
      </trkpt>
      <trkpt lat="22.553419" lon="114.008556">
        <ele>29.2</ele>
        <time>2023-10-19T08:51:55Z</time>
      </trkpt>
      <trkpt lat="22.553399" lon="114.008573">
        <ele>29.2</ele>
        <time>2023-10-19T08:51:56Z</time>
      </trkpt>
      <trkpt lat="22.55338" lon="114.008589">
        <ele>29.1</ele>
        <time>2023-10-19T08:51:57Z</time>
      </trkpt>
      <trkpt lat="22.553362" lon="114.00861">
        <ele>29.1</ele>
        <time>2023-10-19T08:51:58Z</time>
      </trkpt>
      <trkpt lat="22.553344" lon="114.008633">
        <ele>29</ele>
        <time>2023-10-19T08:51:59Z</time>
      </trkpt>
      <trkpt lat="22.553325" lon="114.008656">
        <ele>29</ele>
        <time>2023-10-19T08:52:00Z</time>
      </trkpt>
      <trkpt lat="22.553304" lon="114.008679">
        <ele>28.9</ele>
        <time>2023-10-19T08:52:01Z</time>
      </trkpt>
      <trkpt lat="22.553287" lon="114.008708">
        <ele>28.9</ele>
        <time>2023-10-19T08:52:02Z</time>
      </trkpt>
      <trkpt lat="22.553266" lon="114.008738">
        <ele>28.8</ele>
        <time>2023-10-19T08:52:03Z</time>
      </trkpt>
      <trkpt lat="22.553243" lon="114.008763">
        <ele>28.7</ele>
        <time>2023-10-19T08:52:04Z</time>
      </trkpt>
      <trkpt lat="22.553226" lon="114.008785">
        <ele>28.7</ele>
        <time>2023-10-19T08:52:05Z</time>
      </trkpt>
      <trkpt lat="22.553207" lon="114.008815">
        <ele>28.6</ele>
        <time>2023-10-19T08:52:06Z</time>
      </trkpt>
      <trkpt lat="22.553191" lon="114.008845">
        <ele>28.6</ele>
        <time>2023-10-19T08:52:07Z</time>
      </trkpt>
      <trkpt lat="22.553173" lon="114.008869">
        <ele>28.5</ele>
        <time>2023-10-19T08:52:08Z</time>
      </trkpt>
      <trkpt lat="22.553155" lon="114.008886">
        <ele>28.5</ele>
        <time>2023-10-19T08:52:09Z</time>
      </trkpt>
      <trkpt lat="22.553138" lon="114.008901">
        <ele>28.4</ele>
        <time>2023-10-19T08:52:10Z</time>
      </trkpt>
      <trkpt lat="22.553122" lon="114.008916">
        <ele>28.4</ele>
        <time>2023-10-19T08:52:11Z</time>
      </trkpt>
      <trkpt lat="22.553107" lon="114.008932">
        <ele>28.4</ele>
        <time>2023-10-19T08:52:12Z</time>
      </trkpt>
      <trkpt lat="22.553093" lon="114.00894">
        <ele>28.3</ele>
        <time>2023-10-19T08:52:13Z</time>
      </trkpt>
      <trkpt lat="22.553078" lon="114.008954">
        <ele>28.3</ele>
        <time>2023-10-19T08:52:14Z</time>
      </trkpt>
      <trkpt lat="22.553062" lon="114.008957">
        <ele>28.3</ele>
        <time>2023-10-19T08:52:15Z</time>
      </trkpt>
      <trkpt lat="22.553044" lon="114.008963">
        <ele>28.2</ele>
        <time>2023-10-19T08:52:16Z</time>
      </trkpt>
      <trkpt lat="22.553026" lon="114.008971">
        <ele>28.2</ele>
        <time>2023-10-19T08:52:17Z</time>
      </trkpt>
      <trkpt lat="22.553005" lon="114.008978">
        <ele>28.2</ele>
        <time>2023-10-19T08:52:18Z</time>
      </trkpt>
      <trkpt lat="22.552985" lon="114.008986">
        <ele>28.1</ele>
        <time>2023-10-19T08:52:19Z</time>
      </trkpt>
      <trkpt lat="22.552965" lon="114.008994">
        <ele>28.1</ele>
        <time>2023-10-19T08:52:20Z</time>
      </trkpt>
      <trkpt lat="22.552944" lon="114.008989">
        <ele>28</ele>
        <time>2023-10-19T08:52:21Z</time>
      </trkpt>
      <trkpt lat="22.55292" lon="114.008981">
        <ele>28</ele>
        <time>2023-10-19T08:52:22Z</time>
      </trkpt>
      <trkpt lat="22.552895" lon="114.008967">
        <ele>27.9</ele>
        <time>2023-10-19T08:52:23Z</time>
      </trkpt>
      <trkpt lat="22.552869" lon="114.008958">
        <ele>27.9</ele>
        <time>2023-10-19T08:52:24Z</time>
      </trkpt>
      <trkpt lat="22.552842" lon="114.008944">
        <ele>27.8</ele>
        <time>2023-10-19T08:52:25Z</time>
      </trkpt>
      <trkpt lat="22.552814" lon="114.008928">
        <ele>27.8</ele>
        <time>2023-10-19T08:52:26Z</time>
      </trkpt>
      <trkpt lat="22.552788" lon="114.008907">
        <ele>27.7</ele>
        <time>2023-10-19T08:52:27Z</time>
      </trkpt>
      <trkpt lat="22.55276" lon="114.008891">
        <ele>27.7</ele>
        <time>2023-10-19T08:52:28Z</time>
      </trkpt>
      <trkpt lat="22.55273" lon="114.008876">
        <ele>27.6</ele>
        <time>2023-10-19T08:52:29Z</time>
      </trkpt>
      <trkpt lat="22.5527" lon="114.008854">
        <ele>27.6</ele>
        <time>2023-10-19T08:52:30Z</time>
      </trkpt>
      <trkpt lat="22.552671" lon="114.008838">
        <ele>27.6</ele>
        <time>2023-10-19T08:52:31Z</time>
      </trkpt>
      <trkpt lat="22.552643" lon="114.008823">
        <ele>27.6</ele>
        <time>2023-10-19T08:52:32Z</time>
      </trkpt>
      <trkpt lat="22.552615" lon="114.0088">
        <ele>27.6</ele>
        <time>2023-10-19T08:52:33Z</time>
      </trkpt>
      <trkpt lat="22.552586" lon="114.008784">
        <ele>27.6</ele>
        <time>2023-10-19T08:52:34Z</time>
      </trkpt>
      <trkpt lat="22.552557" lon="114.008762">
        <ele>27.6</ele>
        <time>2023-10-19T08:52:35Z</time>
      </trkpt>
      <trkpt lat="22.552528" lon="114.008745">
        <ele>27.7</ele>
        <time>2023-10-19T08:52:36Z</time>
      </trkpt>
      <trkpt lat="22.5525" lon="114.008724">
        <ele>27.7</ele>
        <time>2023-10-19T08:52:37Z</time>
      </trkpt>
      <trkpt lat="22.55247" lon="114.008708">
        <ele>27.7</ele>
        <time>2023-10-19T08:52:38Z</time>
      </trkpt>
      <trkpt lat="22.55244" lon="114.008686">
        <ele>27.7</ele>
        <time>2023-10-19T08:52:39Z</time>
      </trkpt>
      <trkpt lat="22.552413" lon="114.00867">
        <ele>27.7</ele>
        <time>2023-10-19T08:52:40Z</time>
      </trkpt>
      <trkpt lat="22.552386" lon="114.008648">
        <ele>27.7</ele>
        <time>2023-10-19T08:52:41Z</time>
      </trkpt>
      <trkpt lat="22.552359" lon="114.008625">
        <ele>27.7</ele>
        <time>2023-10-19T08:52:42Z</time>
      </trkpt>
      <trkpt lat="22.552331" lon="114.008596">
        <ele>27.8</ele>
        <time>2023-10-19T08:52:43Z</time>
      </trkpt>
      <trkpt lat="22.552299" lon="114.008572">
        <ele>27.8</ele>
        <time>2023-10-19T08:52:44Z</time>
      </trkpt>
      <trkpt lat="22.552268" lon="114.008549">
        <ele>27.8</ele>
        <time>2023-10-19T08:52:45Z</time>
      </trkpt>
      <trkpt lat="22.552238" lon="114.008526">
        <ele>27.8</ele>
        <time>2023-10-19T08:52:46Z</time>
      </trkpt>
      <trkpt lat="22.552207" lon="114.008509">
        <ele>27.8</ele>
        <time>2023-10-19T08:52:47Z</time>
      </trkpt>
      <trkpt lat="22.552175" lon="114.008488">
        <ele>27.9</ele>
        <time>2023-10-19T08:52:48Z</time>
      </trkpt>
      <trkpt lat="22.552144" lon="114.008465">
        <ele>27.9</ele>
        <time>2023-10-19T08:52:49Z</time>
      </trkpt>
      <trkpt lat="22.552114" lon="114.008436">
        <ele>27.9</ele>
        <time>2023-10-19T08:52:50Z</time>
      </trkpt>
      <trkpt lat="22.552085" lon="114.008411">
        <ele>27.9</ele>
        <time>2023-10-19T08:52:51Z</time>
      </trkpt>
      <trkpt lat="22.55206" lon="114.008389">
        <ele>27.9</ele>
        <time>2023-10-19T08:52:52Z</time>
      </trkpt>
      <trkpt lat="22.552033" lon="114.008372">
        <ele>27.9</ele>
        <time>2023-10-19T08:52:53Z</time>
      </trkpt>
      <trkpt lat="22.55201" lon="114.008351">
        <ele>27.9</ele>
        <time>2023-10-19T08:52:54Z</time>
      </trkpt>
      <trkpt lat="22.551985" lon="114.008334">
        <ele>28</ele>
        <time>2023-10-19T08:52:55Z</time>
      </trkpt>
      <trkpt lat="22.551964" lon="114.008319">
        <ele>28</ele>
        <time>2023-10-19T08:52:56Z</time>
      </trkpt>
      <trkpt lat="22.551948" lon="114.008297">
        <ele>28</ele>
        <time>2023-10-19T08:52:57Z</time>
      </trkpt>
      <trkpt lat="22.551935" lon="114.008281">
        <ele>28</ele>
        <time>2023-10-19T08:52:58Z</time>
      </trkpt>
      <trkpt lat="22.551925" lon="114.008259">
        <ele>28</ele>
        <time>2023-10-19T08:52:59Z</time>
      </trkpt>
      <trkpt lat="22.551913" lon="114.008242">
        <ele>28</ele>
        <time>2023-10-19T08:53:00Z</time>
      </trkpt>
      <trkpt lat="22.551904" lon="114.008233">
        <ele>28</ele>
        <time>2023-10-19T08:53:01Z</time>
      </trkpt>
      <trkpt lat="22.551896" lon="114.008226">
        <ele>28</ele>
        <time>2023-10-19T08:53:02Z</time>
      </trkpt>
      <trkpt lat="22.551889" lon="114.008212">
        <ele>28</ele>
        <time>2023-10-19T08:53:03Z</time>
      </trkpt>
      <trkpt lat="22.551878" lon="114.008203">
        <ele>28</ele>
        <time>2023-10-19T08:53:04Z</time>
      </trkpt>
      <trkpt lat="22.551871" lon="114.008202">
        <ele>28</ele>
        <time>2023-10-19T08:53:05Z</time>
      </trkpt>
      <trkpt lat="22.551864" lon="114.008195">
        <ele>28</ele>
        <time>2023-10-19T08:53:06Z</time>
      </trkpt>
      <trkpt lat="22.551825" lon="114.008173">
        <ele>28.1</ele>
        <time>2023-10-19T08:53:12Z</time>
      </trkpt>
      <trkpt lat="22.551809" lon="114.008151">
        <ele>28.1</ele>
        <time>2023-10-19T08:53:13Z</time>
      </trkpt>
      <trkpt lat="22.551786" lon="114.008135">
        <ele>28.1</ele>
        <time>2023-10-19T08:53:14Z</time>
      </trkpt>
      <trkpt lat="22.551762" lon="114.00812">
        <ele>28.1</ele>
        <time>2023-10-19T08:53:15Z</time>
      </trkpt>
      <trkpt lat="22.551739" lon="114.008099">
        <ele>28.1</ele>
        <time>2023-10-19T08:53:16Z</time>
      </trkpt>
      <trkpt lat="22.551716" lon="114.008076">
        <ele>28.1</ele>
        <time>2023-10-19T08:53:17Z</time>
      </trkpt>
      <trkpt lat="22.551691" lon="114.008053">
        <ele>28.1</ele>
        <time>2023-10-19T08:53:18Z</time>
      </trkpt>
      <trkpt lat="22.551668" lon="114.008036">
        <ele>28.2</ele>
        <time>2023-10-19T08:53:19Z</time>
      </trkpt>
      <trkpt lat="22.551645" lon="114.008021">
        <ele>28.2</ele>
        <time>2023-10-19T08:53:20Z</time>
      </trkpt>
      <trkpt lat="22.551619" lon="114.008018">
        <ele>28.2</ele>
        <time>2023-10-19T08:53:21Z</time>
      </trkpt>
      <trkpt lat="22.551593" lon="114.008018">
        <ele>28.2</ele>
        <time>2023-10-19T08:53:22Z</time>
      </trkpt>
      <trkpt lat="22.551569" lon="114.008018">
        <ele>28.2</ele>
        <time>2023-10-19T08:53:23Z</time>
      </trkpt>
      <trkpt lat="22.551546" lon="114.008012">
        <ele>28.2</ele>
        <time>2023-10-19T08:53:24Z</time>
      </trkpt>
      <trkpt lat="22.551526" lon="114.008004">
        <ele>28.2</ele>
        <time>2023-10-19T08:53:25Z</time>
      </trkpt>
      <trkpt lat="22.551504" lon="114.007984">
        <ele>28.2</ele>
        <time>2023-10-19T08:53:26Z</time>
      </trkpt>
      <trkpt lat="22.551485" lon="114.007968">
        <ele>28.3</ele>
        <time>2023-10-19T08:53:27Z</time>
      </trkpt>
      <trkpt lat="22.551464" lon="114.007939">
        <ele>28.3</ele>
        <time>2023-10-19T08:53:28Z</time>
      </trkpt>
      <trkpt lat="22.551442" lon="114.007916">
        <ele>28.3</ele>
        <time>2023-10-19T08:53:29Z</time>
      </trkpt>
      <trkpt lat="22.551415" lon="114.007893">
        <ele>28.3</ele>
        <time>2023-10-19T08:53:30Z</time>
      </trkpt>
      <trkpt lat="22.551387" lon="114.00787">
        <ele>28.3</ele>
        <time>2023-10-19T08:53:31Z</time>
      </trkpt>
      <trkpt lat="22.551359" lon="114.007847">
        <ele>28.3</ele>
        <time>2023-10-19T08:53:32Z</time>
      </trkpt>
      <trkpt lat="22.551328" lon="114.007824">
        <ele>28.3</ele>
        <time>2023-10-19T08:53:33Z</time>
      </trkpt>
      <trkpt lat="22.551297" lon="114.007802">
        <ele>28.4</ele>
        <time>2023-10-19T08:53:34Z</time>
      </trkpt>
      <trkpt lat="22.551268" lon="114.007778">
        <ele>28.4</ele>
        <time>2023-10-19T08:53:35Z</time>
      </trkpt>
      <trkpt lat="22.551245" lon="114.007762">
        <ele>28.4</ele>
        <time>2023-10-19T08:53:36Z</time>
      </trkpt>
      <trkpt lat="22.551219" lon="114.00774">
        <ele>28.4</ele>
        <time>2023-10-19T08:53:37Z</time>
      </trkpt>
      <trkpt lat="22.551192" lon="114.007717">
        <ele>28.5</ele>
        <time>2023-10-19T08:53:38Z</time>
      </trkpt>
      <trkpt lat="22.551169" lon="114.007701">
        <ele>28.5</ele>
        <time>2023-10-19T08:53:39Z</time>
      </trkpt>
      <trkpt lat="22.551147" lon="114.007685">
        <ele>28.5</ele>
        <time>2023-10-19T08:53:40Z</time>
      </trkpt>
      <trkpt lat="22.551131" lon="114.007676">
        <ele>28.5</ele>
        <time>2023-10-19T08:53:41Z</time>
      </trkpt>
      <trkpt lat="22.551109" lon="114.007656">
        <ele>28.6</ele>
        <time>2023-10-19T08:53:42Z</time>
      </trkpt>
      <trkpt lat="22.551083" lon="114.00764">
        <ele>28.6</ele>
        <time>2023-10-19T08:53:43Z</time>
      </trkpt>
      <trkpt lat="22.551059" lon="114.007618">
        <ele>28.6</ele>
        <time>2023-10-19T08:53:44Z</time>
      </trkpt>
      <trkpt lat="22.551031" lon="114.007595">
        <ele>28.7</ele>
        <time>2023-10-19T08:53:45Z</time>
      </trkpt>
      <trkpt lat="22.551003" lon="114.007572">
        <ele>28.7</ele>
        <time>2023-10-19T08:53:46Z</time>
      </trkpt>
      <trkpt lat="22.550972" lon="114.007556">
        <ele>28.7</ele>
        <time>2023-10-19T08:53:47Z</time>
      </trkpt>
      <trkpt lat="22.550946" lon="114.007541">
        <ele>28.8</ele>
        <time>2023-10-19T08:53:48Z</time>
      </trkpt>
      <trkpt lat="22.550919" lon="114.00752">
        <ele>28.8</ele>
        <time>2023-10-19T08:53:49Z</time>
      </trkpt>
      <trkpt lat="22.550894" lon="114.007496">
        <ele>28.8</ele>
        <time>2023-10-19T08:53:50Z</time>
      </trkpt>
      <trkpt lat="22.55087" lon="114.007473">
        <ele>28.9</ele>
        <time>2023-10-19T08:53:51Z</time>
      </trkpt>
      <trkpt lat="22.550841" lon="114.00745">
        <ele>28.9</ele>
        <time>2023-10-19T08:53:52Z</time>
      </trkpt>
      <trkpt lat="22.550821" lon="114.007433">
        <ele>28.9</ele>
        <time>2023-10-19T08:53:53Z</time>
      </trkpt>
      <trkpt lat="22.550795" lon="114.007406">
        <ele>29</ele>
        <time>2023-10-19T08:53:54Z</time>
      </trkpt>
      <trkpt lat="22.550766" lon="114.007388">
        <ele>29</ele>
        <time>2023-10-19T08:53:55Z</time>
      </trkpt>
      <trkpt lat="22.550744" lon="114.007372">
        <ele>29</ele>
        <time>2023-10-19T08:53:56Z</time>
      </trkpt>
      <trkpt lat="22.55072" lon="114.007357">
        <ele>29.1</ele>
        <time>2023-10-19T08:53:57Z</time>
      </trkpt>
      <trkpt lat="22.550691" lon="114.007342">
        <ele>29.1</ele>
        <time>2023-10-19T08:53:58Z</time>
      </trkpt>
      <trkpt lat="22.550663" lon="114.00732">
        <ele>29.1</ele>
        <time>2023-10-19T08:53:59Z</time>
      </trkpt>
      <trkpt lat="22.550635" lon="114.007298">
        <ele>29.2</ele>
        <time>2023-10-19T08:54:00Z</time>
      </trkpt>
      <trkpt lat="22.550611" lon="114.007281">
        <ele>29.2</ele>
        <time>2023-10-19T08:54:01Z</time>
      </trkpt>
      <trkpt lat="22.550581" lon="114.007266">
        <ele>29.2</ele>
        <time>2023-10-19T08:54:02Z</time>
      </trkpt>
      <trkpt lat="22.550549" lon="114.007245">
        <ele>29.3</ele>
        <time>2023-10-19T08:54:03Z</time>
      </trkpt>
      <trkpt lat="22.550519" lon="114.007228">
        <ele>29.3</ele>
        <time>2023-10-19T08:54:04Z</time>
      </trkpt>
      <trkpt lat="22.550486" lon="114.007206">
        <ele>29.3</ele>
        <time>2023-10-19T08:54:05Z</time>
      </trkpt>
      <trkpt lat="22.550458" lon="114.007183">
        <ele>29.4</ele>
        <time>2023-10-19T08:54:06Z</time>
      </trkpt>
      <trkpt lat="22.550433" lon="114.007167">
        <ele>29.4</ele>
        <time>2023-10-19T08:54:07Z</time>
      </trkpt>
      <trkpt lat="22.550414" lon="114.007145">
        <ele>29.4</ele>
        <time>2023-10-19T08:54:08Z</time>
      </trkpt>
      <trkpt lat="22.550394" lon="114.007128">
        <ele>29.4</ele>
        <time>2023-10-19T08:54:09Z</time>
      </trkpt>
      <trkpt lat="22.550382" lon="114.007113">
        <ele>29.5</ele>
        <time>2023-10-19T08:54:10Z</time>
      </trkpt>
      <trkpt lat="22.550371" lon="114.007104">
        <ele>29.5</ele>
        <time>2023-10-19T08:54:11Z</time>
      </trkpt>
      <trkpt lat="22.550351" lon="114.007084">
        <ele>29.5</ele>
        <time>2023-10-19T08:54:12Z</time>
      </trkpt>
      <trkpt lat="22.550319" lon="114.007067">
        <ele>29.5</ele>
        <time>2023-10-19T08:54:13Z</time>
      </trkpt>
      <trkpt lat="22.550287" lon="114.007046">
        <ele>29.6</ele>
        <time>2023-10-19T08:54:14Z</time>
      </trkpt>
      <trkpt lat="22.550256" lon="114.007029">
        <ele>29.6</ele>
        <time>2023-10-19T08:54:15Z</time>
      </trkpt>
      <trkpt lat="22.550231" lon="114.007014">
        <ele>29.6</ele>
        <time>2023-10-19T08:54:16Z</time>
      </trkpt>
      <trkpt lat="22.550204" lon="114.006999">
        <ele>29.7</ele>
        <time>2023-10-19T08:54:17Z</time>
      </trkpt>
      <trkpt lat="22.550177" lon="114.006977">
        <ele>29.7</ele>
        <time>2023-10-19T08:54:18Z</time>
      </trkpt>
      <trkpt lat="22.550154" lon="114.006973">
        <ele>29.7</ele>
        <time>2023-10-19T08:54:19Z</time>
      </trkpt>
      <trkpt lat="22.550123" lon="114.006961">
        <ele>29.8</ele>
        <time>2023-10-19T08:54:20Z</time>
      </trkpt>
      <trkpt lat="22.550094" lon="114.006945">
        <ele>29.8</ele>
        <time>2023-10-19T08:54:21Z</time>
      </trkpt>
      <trkpt lat="22.550068" lon="114.006923">
        <ele>29.8</ele>
        <time>2023-10-19T08:54:22Z</time>
      </trkpt>
      <trkpt lat="22.550048" lon="114.006901">
        <ele>29.9</ele>
        <time>2023-10-19T08:54:23Z</time>
      </trkpt>
      <trkpt lat="22.550024" lon="114.006884">
        <ele>29.9</ele>
        <time>2023-10-19T08:54:24Z</time>
      </trkpt>
      <trkpt lat="22.549999" lon="114.006862">
        <ele>29.9</ele>
        <time>2023-10-19T08:54:25Z</time>
      </trkpt>
      <trkpt lat="22.549983" lon="114.006846">
        <ele>29.9</ele>
        <time>2023-10-19T08:54:26Z</time>
      </trkpt>
      <trkpt lat="22.549961" lon="114.006825">
        <ele>30</ele>
        <time>2023-10-19T08:54:27Z</time>
      </trkpt>
      <trkpt lat="22.549938" lon="114.006808">
        <ele>30</ele>
        <time>2023-10-19T08:54:28Z</time>
      </trkpt>
      <trkpt lat="22.549919" lon="114.006799">
        <ele>30</ele>
        <time>2023-10-19T08:54:29Z</time>
      </trkpt>
      <trkpt lat="22.5499" lon="114.006779">
        <ele>30</ele>
        <time>2023-10-19T08:54:30Z</time>
      </trkpt>
      <trkpt lat="22.549885" lon="114.00675">
        <ele>30.1</ele>
        <time>2023-10-19T08:54:31Z</time>
      </trkpt>
      <trkpt lat="22.54988" lon="114.006719">
        <ele>30.1</ele>
        <time>2023-10-19T08:54:32Z</time>
      </trkpt>
      <trkpt lat="22.549875" lon="114.006695">
        <ele>30.1</ele>
        <time>2023-10-19T08:54:33Z</time>
      </trkpt>
      <trkpt lat="22.549862" lon="114.006672">
        <ele>30.1</ele>
        <time>2023-10-19T08:54:34Z</time>
      </trkpt>
      <trkpt lat="22.549839" lon="114.006655">
        <ele>30.2</ele>
        <time>2023-10-19T08:54:35Z</time>
      </trkpt>
      <trkpt lat="22.549807" lon="114.00664">
        <ele>30.2</ele>
        <time>2023-10-19T08:54:36Z</time>
      </trkpt>
      <trkpt lat="22.549778" lon="114.006631">
        <ele>30.2</ele>
        <time>2023-10-19T08:54:37Z</time>
      </trkpt>
      <trkpt lat="22.549758" lon="114.006623">
        <ele>30.1</ele>
        <time>2023-10-19T08:54:38Z</time>
      </trkpt>
      <trkpt lat="22.549741" lon="114.006616">
        <ele>30.1</ele>
        <time>2023-10-19T08:54:39Z</time>
      </trkpt>
      <trkpt lat="22.549722" lon="114.006602">
        <ele>30.1</ele>
        <time>2023-10-19T08:54:40Z</time>
      </trkpt>
      <trkpt lat="22.5497" lon="114.006587">
        <ele>30.1</ele>
        <time>2023-10-19T08:54:41Z</time>
      </trkpt>
      <trkpt lat="22.54968" lon="114.006565">
        <ele>30.1</ele>
        <time>2023-10-19T08:54:42Z</time>
      </trkpt>
      <trkpt lat="22.549672" lon="114.006536">
        <ele>30.1</ele>
        <time>2023-10-19T08:54:43Z</time>
      </trkpt>
      <trkpt lat="22.549665" lon="114.006512">
        <ele>30</ele>
        <time>2023-10-19T08:54:44Z</time>
      </trkpt>
      <trkpt lat="22.549652" lon="114.006495">
        <ele>30</ele>
        <time>2023-10-19T08:54:45Z</time>
      </trkpt>
      <trkpt lat="22.549647" lon="114.006486">
        <ele>30</ele>
        <time>2023-10-19T08:54:46Z</time>
      </trkpt>
      <trkpt lat="22.549646" lon="114.006485">
        <ele>30</ele>
        <time>2023-10-19T08:54:47Z</time>
      </trkpt>
      <trkpt lat="22.549645" lon="114.006485">
        <ele>30</ele>
        <time>2023-10-19T08:54:50Z</time>
      </trkpt>
      <trkpt lat="22.549635" lon="114.006479">
        <ele>30</ele>
        <time>2023-10-19T08:54:51Z</time>
      </trkpt>
      <trkpt lat="22.549623" lon="114.006471">
        <ele>30</ele>
        <time>2023-10-19T08:54:52Z</time>
      </trkpt>
      <trkpt lat="22.549609" lon="114.006463">
        <ele>30</ele>
        <time>2023-10-19T08:54:53Z</time>
      </trkpt>
      <trkpt lat="22.549594" lon="114.006456">
        <ele>30</ele>
        <time>2023-10-19T08:54:54Z</time>
      </trkpt>
      <trkpt lat="22.549577" lon="114.006448">
        <ele>30</ele>
        <time>2023-10-19T08:54:55Z</time>
      </trkpt>
      <trkpt lat="22.54956" lon="114.00644">
        <ele>30</ele>
        <time>2023-10-19T08:54:56Z</time>
      </trkpt>
      <trkpt lat="22.549546" lon="114.006427">
        <ele>29.9</ele>
        <time>2023-10-19T08:54:57Z</time>
      </trkpt>
      <trkpt lat="22.549537" lon="114.006418">
        <ele>29.9</ele>
        <time>2023-10-19T08:54:58Z</time>
      </trkpt>
      <trkpt lat="22.549528" lon="114.00641">
        <ele>29.9</ele>
        <time>2023-10-19T08:54:59Z</time>
      </trkpt>
      <trkpt lat="22.54952" lon="114.006396">
        <ele>29.9</ele>
        <time>2023-10-19T08:55:00Z</time>
      </trkpt>
      <trkpt lat="22.549519" lon="114.006375">
        <ele>29.9</ele>
        <time>2023-10-19T08:55:01Z</time>
      </trkpt>
      <trkpt lat="22.549528" lon="114.006358">
        <ele>29.9</ele>
        <time>2023-10-19T08:55:02Z</time>
      </trkpt>
      <trkpt lat="22.549542" lon="114.006343">
        <ele>29.9</ele>
        <time>2023-10-19T08:55:03Z</time>
      </trkpt>
      <trkpt lat="22.549555" lon="114.006321">
        <ele>29.9</ele>
        <time>2023-10-19T08:55:04Z</time>
      </trkpt>
      <trkpt lat="22.549561" lon="114.006292">
        <ele>29.8</ele>
        <time>2023-10-19T08:55:05Z</time>
      </trkpt>
      <trkpt lat="22.54957" lon="114.006268">
        <ele>29.8</ele>
        <time>2023-10-19T08:55:06Z</time>
      </trkpt>
      <trkpt lat="22.549577" lon="114.006239">
        <ele>29.8</ele>
        <time>2023-10-19T08:55:07Z</time>
      </trkpt>
      <trkpt lat="22.549578" lon="114.006215">
        <ele>29.8</ele>
        <time>2023-10-19T08:55:08Z</time>
      </trkpt>
      <trkpt lat="22.549565" lon="114.006198">
        <ele>29.8</ele>
        <time>2023-10-19T08:55:09Z</time>
      </trkpt>
      <trkpt lat="22.549545" lon="114.006183">
        <ele>29.8</ele>
        <time>2023-10-19T08:55:10Z</time>
      </trkpt>
      <trkpt lat="22.549524" lon="114.006167">
        <ele>29.8</ele>
        <time>2023-10-19T08:55:11Z</time>
      </trkpt>
      <trkpt lat="22.549503" lon="114.006146">
        <ele>29.7</ele>
        <time>2023-10-19T08:55:12Z</time>
      </trkpt>
      <trkpt lat="22.549484" lon="114.006128">
        <ele>29.7</ele>
        <time>2023-10-19T08:55:13Z</time>
      </trkpt>
      <trkpt lat="22.549458" lon="114.006106">
        <ele>29.7</ele>
        <time>2023-10-19T08:55:14Z</time>
      </trkpt>
      <trkpt lat="22.549431" lon="114.006082">
        <ele>29.7</ele>
        <time>2023-10-19T08:55:15Z</time>
      </trkpt>
      <trkpt lat="22.549406" lon="114.006053">
        <ele>29.6</ele>
        <time>2023-10-19T08:55:16Z</time>
      </trkpt>
      <trkpt lat="22.549381" lon="114.006029">
        <ele>29.6</ele>
        <time>2023-10-19T08:55:17Z</time>
      </trkpt>
      <trkpt lat="22.549351" lon="114.005999">
        <ele>29.6</ele>
        <time>2023-10-19T08:55:18Z</time>
      </trkpt>
      <trkpt lat="22.549326" lon="114.005971">
        <ele>29.6</ele>
        <time>2023-10-19T08:55:19Z</time>
      </trkpt>
      <trkpt lat="22.549295" lon="114.00594">
        <ele>29.5</ele>
        <time>2023-10-19T08:55:20Z</time>
      </trkpt>
      <trkpt lat="22.549264" lon="114.00591">
        <ele>29.5</ele>
        <time>2023-10-19T08:55:21Z</time>
      </trkpt>
      <trkpt lat="22.549233" lon="114.005879">
        <ele>29.5</ele>
        <time>2023-10-19T08:55:22Z</time>
      </trkpt>
      <trkpt lat="22.549208" lon="114.005847">
        <ele>29.5</ele>
        <time>2023-10-19T08:55:23Z</time>
      </trkpt>
      <trkpt lat="22.549186" lon="114.005824">
        <ele>29.4</ele>
        <time>2023-10-19T08:55:24Z</time>
      </trkpt>
      <trkpt lat="22.549162" lon="114.005796">
        <ele>29.4</ele>
        <time>2023-10-19T08:55:25Z</time>
      </trkpt>
      <trkpt lat="22.549144" lon="114.005778">
        <ele>29.4</ele>
        <time>2023-10-19T08:55:26Z</time>
      </trkpt>
      <trkpt lat="22.54913" lon="114.005763">
        <ele>29.4</ele>
        <time>2023-10-19T08:55:27Z</time>
      </trkpt>
      <trkpt lat="22.549126" lon="114.00576">
        <ele>29.4</ele>
        <time>2023-10-19T08:55:28Z</time>
      </trkpt>
      <trkpt lat="22.549126" lon="114.00576">
        <ele>29.4</ele>
        <time>2023-10-19T08:55:29Z</time>
      </trkpt>
      <trkpt lat="22.549052" lon="114.005755">
        <ele>29.3</ele>
        <time>2023-10-19T08:55:58Z</time>
      </trkpt>
      <trkpt lat="22.549029" lon="114.005725">
        <ele>29.3</ele>
        <time>2023-10-19T08:55:59Z</time>
      </trkpt>
      <trkpt lat="22.549" lon="114.005694">
        <ele>29.3</ele>
        <time>2023-10-19T08:56:00Z</time>
      </trkpt>
      <trkpt lat="22.548974" lon="114.005666">
        <ele>29.3</ele>
        <time>2023-10-19T08:56:01Z</time>
      </trkpt>
      <trkpt lat="22.548952" lon="114.005642">
        <ele>29.2</ele>
        <time>2023-10-19T08:56:02Z</time>
      </trkpt>
      <trkpt lat="22.548919" lon="114.005612">
        <ele>29.2</ele>
        <time>2023-10-19T08:56:03Z</time>
      </trkpt>
      <trkpt lat="22.548887" lon="114.005594">
        <ele>29.2</ele>
        <time>2023-10-19T08:56:04Z</time>
      </trkpt>
      <trkpt lat="22.54886" lon="114.005586">
        <ele>29.2</ele>
        <time>2023-10-19T08:56:05Z</time>
      </trkpt>
      <trkpt lat="22.548834" lon="114.005553">
        <ele>29.1</ele>
        <time>2023-10-19T08:56:06Z</time>
      </trkpt>
      <trkpt lat="22.548808" lon="114.005526">
        <ele>29.1</ele>
        <time>2023-10-19T08:56:07Z</time>
      </trkpt>
      <trkpt lat="22.548765" lon="114.005492">
        <ele>29.1</ele>
        <time>2023-10-19T08:56:08Z</time>
      </trkpt>
      <trkpt lat="22.54873" lon="114.005459">
        <ele>29.1</ele>
        <time>2023-10-19T08:56:09Z</time>
      </trkpt>
      <trkpt lat="22.548708" lon="114.00543">
        <ele>29</ele>
        <time>2023-10-19T08:56:10Z</time>
      </trkpt>
      <trkpt lat="22.548682" lon="114.00538">
        <ele>29</ele>
        <time>2023-10-19T08:56:11Z</time>
      </trkpt>
      <trkpt lat="22.548652" lon="114.005352">
        <ele>29</ele>
        <time>2023-10-19T08:56:12Z</time>
      </trkpt>
      <trkpt lat="22.54862" lon="114.005323">
        <ele>28.9</ele>
        <time>2023-10-19T08:56:13Z</time>
      </trkpt>
      <trkpt lat="22.548596" lon="114.005299">
        <ele>28.9</ele>
        <time>2023-10-19T08:56:14Z</time>
      </trkpt>
      <trkpt lat="22.548569" lon="114.00527">
        <ele>28.9</ele>
        <time>2023-10-19T08:56:15Z</time>
      </trkpt>
      <trkpt lat="22.548546" lon="114.005245">
        <ele>28.8</ele>
        <time>2023-10-19T08:56:16Z</time>
      </trkpt>
      <trkpt lat="22.548522" lon="114.005217">
        <ele>28.8</ele>
        <time>2023-10-19T08:56:17Z</time>
      </trkpt>
      <trkpt lat="22.548497" lon="114.005192">
        <ele>28.8</ele>
        <time>2023-10-19T08:56:18Z</time>
      </trkpt>
      <trkpt lat="22.548474" lon="114.005164">
        <ele>28.8</ele>
        <time>2023-10-19T08:56:19Z</time>
      </trkpt>
      <trkpt lat="22.548459" lon="114.005139">
        <ele>28.7</ele>
        <time>2023-10-19T08:56:20Z</time>
      </trkpt>
      <trkpt lat="22.548433" lon="114.005116">
        <ele>28.7</ele>
        <time>2023-10-19T08:56:21Z</time>
      </trkpt>
      <trkpt lat="22.548417" lon="114.005087">
        <ele>28.7</ele>
        <time>2023-10-19T08:56:22Z</time>
      </trkpt>
      <trkpt lat="22.548397" lon="114.005069">
        <ele>28.7</ele>
        <time>2023-10-19T08:56:23Z</time>
      </trkpt>
      <trkpt lat="22.548377" lon="114.005048">
        <ele>28.6</ele>
        <time>2023-10-19T08:56:24Z</time>
      </trkpt>
      <trkpt lat="22.548355" lon="114.005024">
        <ele>28.6</ele>
        <time>2023-10-19T08:56:25Z</time>
      </trkpt>
      <trkpt lat="22.548342" lon="114.005008">
        <ele>28.6</ele>
        <time>2023-10-19T08:56:26Z</time>
      </trkpt>
      <trkpt lat="22.54832" lon="114.004986">
        <ele>28.6</ele>
        <time>2023-10-19T08:56:27Z</time>
      </trkpt>
      <trkpt lat="22.548294" lon="114.004969">
        <ele>28.5</ele>
        <time>2023-10-19T08:56:28Z</time>
      </trkpt>
      <trkpt lat="22.548267" lon="114.004948">
        <ele>28.5</ele>
        <time>2023-10-19T08:56:29Z</time>
      </trkpt>
      <trkpt lat="22.548245" lon="114.004919">
        <ele>28.5</ele>
        <time>2023-10-19T08:56:30Z</time>
      </trkpt>
      <trkpt lat="22.548238" lon="114.004895">
        <ele>28.5</ele>
        <time>2023-10-19T08:56:31Z</time>
      </trkpt>
      <trkpt lat="22.548231" lon="114.004872">
        <ele>28.5</ele>
        <time>2023-10-19T08:56:32Z</time>
      </trkpt>
      <trkpt lat="22.548215" lon="114.004849">
        <ele>28.4</ele>
        <time>2023-10-19T08:56:33Z</time>
      </trkpt>
      <trkpt lat="22.548198" lon="114.00482">
        <ele>28.4</ele>
        <time>2023-10-19T08:56:34Z</time>
      </trkpt>
      <trkpt lat="22.548179" lon="114.004795">
        <ele>28.4</ele>
        <time>2023-10-19T08:56:35Z</time>
      </trkpt>
      <trkpt lat="22.548159" lon="114.004766">
        <ele>28.4</ele>
        <time>2023-10-19T08:56:36Z</time>
      </trkpt>
      <trkpt lat="22.548141" lon="114.004754">
        <ele>28.3</ele>
        <time>2023-10-19T08:56:37Z</time>
      </trkpt>
      <trkpt lat="22.548114" lon="114.004734">
        <ele>28.3</ele>
        <time>2023-10-19T08:56:38Z</time>
      </trkpt>
      <trkpt lat="22.548084" lon="114.004706">
        <ele>28.3</ele>
        <time>2023-10-19T08:56:39Z</time>
      </trkpt>
      <trkpt lat="22.54806" lon="114.004681">
        <ele>28.2</ele>
        <time>2023-10-19T08:56:40Z</time>
      </trkpt>
      <trkpt lat="22.548039" lon="114.004652">
        <ele>28.2</ele>
        <time>2023-10-19T08:56:41Z</time>
      </trkpt>
      <trkpt lat="22.548022" lon="114.004628">
        <ele>28.2</ele>
        <time>2023-10-19T08:56:42Z</time>
      </trkpt>
      <trkpt lat="22.548004" lon="114.004599">
        <ele>28.2</ele>
        <time>2023-10-19T08:56:43Z</time>
      </trkpt>
      <trkpt lat="22.547976" lon="114.004568">
        <ele>28.1</ele>
        <time>2023-10-19T08:56:44Z</time>
      </trkpt>
      <trkpt lat="22.547957" lon="114.004544">
        <ele>28.1</ele>
        <time>2023-10-19T08:56:45Z</time>
      </trkpt>
      <trkpt lat="22.547929" lon="114.004508">
        <ele>28.1</ele>
        <time>2023-10-19T08:56:46Z</time>
      </trkpt>
      <trkpt lat="22.547904" lon="114.004483">
        <ele>28</ele>
        <time>2023-10-19T08:56:47Z</time>
      </trkpt>
      <trkpt lat="22.547877" lon="114.004454">
        <ele>28</ele>
        <time>2023-10-19T08:56:48Z</time>
      </trkpt>
      <trkpt lat="22.54786" lon="114.004429">
        <ele>28</ele>
        <time>2023-10-19T08:56:49Z</time>
      </trkpt>
      <trkpt lat="22.547851" lon="114.004388">
        <ele>28</ele>
        <time>2023-10-19T08:56:50Z</time>
      </trkpt>
      <trkpt lat="22.547842" lon="114.004349">
        <ele>27.9</ele>
        <time>2023-10-19T08:56:51Z</time>
      </trkpt>
      <trkpt lat="22.547826" lon="114.004304">
        <ele>27.9</ele>
        <time>2023-10-19T08:56:52Z</time>
      </trkpt>
      <trkpt lat="22.547807" lon="114.004264">
        <ele>27.9</ele>
        <time>2023-10-19T08:56:53Z</time>
      </trkpt>
      <trkpt lat="22.547787" lon="114.004232">
        <ele>27.8</ele>
        <time>2023-10-19T08:56:54Z</time>
      </trkpt>
      <trkpt lat="22.547768" lon="114.004196">
        <ele>27.8</ele>
        <time>2023-10-19T08:56:55Z</time>
      </trkpt>
      <trkpt lat="22.54775" lon="114.004163">
        <ele>27.8</ele>
        <time>2023-10-19T08:56:56Z</time>
      </trkpt>
      <trkpt lat="22.547739" lon="114.004127">
        <ele>27.7</ele>
        <time>2023-10-19T08:56:57Z</time>
      </trkpt>
      <trkpt lat="22.547742" lon="114.004096">
        <ele>27.7</ele>
        <time>2023-10-19T08:56:58Z</time>
      </trkpt>
      <trkpt lat="22.54774" lon="114.004071">
        <ele>27.7</ele>
        <time>2023-10-19T08:56:59Z</time>
      </trkpt>
      <trkpt lat="22.547724" lon="114.004048">
        <ele>27.7</ele>
        <time>2023-10-19T08:57:00Z</time>
      </trkpt>
      <trkpt lat="22.547702" lon="114.004019">
        <ele>27.6</ele>
        <time>2023-10-19T08:57:01Z</time>
      </trkpt>
      <trkpt lat="22.547688" lon="114.003994">
        <ele>27.6</ele>
        <time>2023-10-19T08:57:02Z</time>
      </trkpt>
      <trkpt lat="22.547683" lon="114.003972">
        <ele>27.6</ele>
        <time>2023-10-19T08:57:03Z</time>
      </trkpt>
      <trkpt lat="22.547677" lon="114.003943">
        <ele>27.6</ele>
        <time>2023-10-19T08:57:04Z</time>
      </trkpt>
      <trkpt lat="22.54767" lon="114.003918">
        <ele>27.6</ele>
        <time>2023-10-19T08:57:05Z</time>
      </trkpt>
      <trkpt lat="22.547655" lon="114.00389">
        <ele>27.5</ele>
        <time>2023-10-19T08:57:06Z</time>
      </trkpt>
      <trkpt lat="22.54763" lon="114.003859">
        <ele>27.5</ele>
        <time>2023-10-19T08:57:07Z</time>
      </trkpt>
      <trkpt lat="22.547607" lon="114.003829">
        <ele>27.6</ele>
        <time>2023-10-19T08:57:08Z</time>
      </trkpt>
      <trkpt lat="22.547584" lon="114.003791">
        <ele>27.6</ele>
        <time>2023-10-19T08:57:09Z</time>
      </trkpt>
      <trkpt lat="22.547565" lon="114.003753">
        <ele>27.7</ele>
        <time>2023-10-19T08:57:10Z</time>
      </trkpt>
      <trkpt lat="22.547543" lon="114.003709">
        <ele>27.7</ele>
        <time>2023-10-19T08:57:11Z</time>
      </trkpt>
      <trkpt lat="22.547524" lon="114.003668">
        <ele>27.8</ele>
        <time>2023-10-19T08:57:12Z</time>
      </trkpt>
      <trkpt lat="22.547509" lon="114.003631">
        <ele>27.8</ele>
        <time>2023-10-19T08:57:13Z</time>
      </trkpt>
      <trkpt lat="22.547495" lon="114.003593">
        <ele>27.9</ele>
        <time>2023-10-19T08:57:14Z</time>
      </trkpt>
      <trkpt lat="22.547482" lon="114.003555">
        <ele>27.9</ele>
        <time>2023-10-19T08:57:15Z</time>
      </trkpt>
      <trkpt lat="22.547465" lon="114.003516">
        <ele>28</ele>
        <time>2023-10-19T08:57:16Z</time>
      </trkpt>
      <trkpt lat="22.547458" lon="114.003478">
        <ele>28</ele>
        <time>2023-10-19T08:57:17Z</time>
      </trkpt>
      <trkpt lat="22.547447" lon="114.003447">
        <ele>28.1</ele>
        <time>2023-10-19T08:57:18Z</time>
      </trkpt>
      <trkpt lat="22.547433" lon="114.003411">
        <ele>28.1</ele>
        <time>2023-10-19T08:57:19Z</time>
      </trkpt>
      <trkpt lat="22.547419" lon="114.003372">
        <ele>28.2</ele>
        <time>2023-10-19T08:57:20Z</time>
      </trkpt>
      <trkpt lat="22.547411" lon="114.003334">
        <ele>28.2</ele>
        <time>2023-10-19T08:57:21Z</time>
      </trkpt>
      <trkpt lat="22.547401" lon="114.003296">
        <ele>28.3</ele>
        <time>2023-10-19T08:57:22Z</time>
      </trkpt>
      <trkpt lat="22.547392" lon="114.003263">
        <ele>28.3</ele>
        <time>2023-10-19T08:57:23Z</time>
      </trkpt>
      <trkpt lat="22.547384" lon="114.003228">
        <ele>28.4</ele>
        <time>2023-10-19T08:57:24Z</time>
      </trkpt>
      <trkpt lat="22.547376" lon="114.003195">
        <ele>28.4</ele>
        <time>2023-10-19T08:57:25Z</time>
      </trkpt>
      <trkpt lat="22.54737" lon="114.003165">
        <ele>28.5</ele>
        <time>2023-10-19T08:57:26Z</time>
      </trkpt>
      <trkpt lat="22.547364" lon="114.003134">
        <ele>28.5</ele>
        <time>2023-10-19T08:57:27Z</time>
      </trkpt>
      <trkpt lat="22.547357" lon="114.003103">
        <ele>28.5</ele>
        <time>2023-10-19T08:57:28Z</time>
      </trkpt>
      <trkpt lat="22.547348" lon="114.003073">
        <ele>28.6</ele>
        <time>2023-10-19T08:57:29Z</time>
      </trkpt>
      <trkpt lat="22.547338" lon="114.003034">
        <ele>28.6</ele>
        <time>2023-10-19T08:57:30Z</time>
      </trkpt>
      <trkpt lat="22.547329" lon="114.002997">
        <ele>28.7</ele>
        <time>2023-10-19T08:57:31Z</time>
      </trkpt>
      <trkpt lat="22.547324" lon="114.002966">
        <ele>28.7</ele>
        <time>2023-10-19T08:57:32Z</time>
      </trkpt>
      <trkpt lat="22.54732" lon="114.002941">
        <ele>28.8</ele>
        <time>2023-10-19T08:57:33Z</time>
      </trkpt>
      <trkpt lat="22.547318" lon="114.002919">
        <ele>28.8</ele>
        <time>2023-10-19T08:57:34Z</time>
      </trkpt>
      <trkpt lat="22.547313" lon="114.002896">
        <ele>28.8</ele>
        <time>2023-10-19T08:57:35Z</time>
      </trkpt>
      <trkpt lat="22.54731" lon="114.002859">
        <ele>28.9</ele>
        <time>2023-10-19T08:57:36Z</time>
      </trkpt>
      <trkpt lat="22.547308" lon="114.002835">
        <ele>28.9</ele>
        <time>2023-10-19T08:57:37Z</time>
      </trkpt>
      <trkpt lat="22.5473" lon="114.002794">
        <ele>28.9</ele>
        <time>2023-10-19T08:57:38Z</time>
      </trkpt>
      <trkpt lat="22.547294" lon="114.002753">
        <ele>29</ele>
        <time>2023-10-19T08:57:39Z</time>
      </trkpt>
      <trkpt lat="22.547291" lon="114.002716">
        <ele>29</ele>
        <time>2023-10-19T08:57:40Z</time>
      </trkpt>
      <trkpt lat="22.547289" lon="114.002678">
        <ele>29.1</ele>
        <time>2023-10-19T08:57:41Z</time>
      </trkpt>
      <trkpt lat="22.547289" lon="114.002639">
        <ele>29.1</ele>
        <time>2023-10-19T08:57:42Z</time>
      </trkpt>
      <trkpt lat="22.547284" lon="114.002595">
        <ele>29.2</ele>
        <time>2023-10-19T08:57:43Z</time>
      </trkpt>
      <trkpt lat="22.54728" lon="114.002549">
        <ele>29.3</ele>
        <time>2023-10-19T08:57:44Z</time>
      </trkpt>
      <trkpt lat="22.547276" lon="114.002515">
        <ele>29.3</ele>
        <time>2023-10-19T08:57:45Z</time>
      </trkpt>
      <trkpt lat="22.547269" lon="114.00248">
        <ele>29.3</ele>
        <time>2023-10-19T08:57:46Z</time>
      </trkpt>
      <trkpt lat="22.547262" lon="114.002446">
        <ele>29.4</ele>
        <time>2023-10-19T08:57:47Z</time>
      </trkpt>
      <trkpt lat="22.547259" lon="114.002423">
        <ele>29.4</ele>
        <time>2023-10-19T08:57:48Z</time>
      </trkpt>
      <trkpt lat="22.547254" lon="114.002394">
        <ele>29.5</ele>
        <time>2023-10-19T08:57:49Z</time>
      </trkpt>
      <trkpt lat="22.54725" lon="114.002357">
        <ele>29.5</ele>
        <time>2023-10-19T08:57:50Z</time>
      </trkpt>
      <trkpt lat="22.547238" lon="114.002325">
        <ele>29.5</ele>
        <time>2023-10-19T08:57:51Z</time>
      </trkpt>
      <trkpt lat="22.547225" lon="114.002301">
        <ele>29.6</ele>
        <time>2023-10-19T08:57:52Z</time>
      </trkpt>
      <trkpt lat="22.54721" lon="114.002278">
        <ele>29.6</ele>
        <time>2023-10-19T08:57:53Z</time>
      </trkpt>
      <trkpt lat="22.547196" lon="114.002255">
        <ele>29.7</ele>
        <time>2023-10-19T08:57:54Z</time>
      </trkpt>
      <trkpt lat="22.547175" lon="114.002232">
        <ele>29.7</ele>
        <time>2023-10-19T08:57:55Z</time>
      </trkpt>
      <trkpt lat="22.54716" lon="114.002203">
        <ele>29.7</ele>
        <time>2023-10-19T08:57:56Z</time>
      </trkpt>
      <trkpt lat="22.547146" lon="114.002178">
        <ele>29.8</ele>
        <time>2023-10-19T08:57:57Z</time>
      </trkpt>
      <trkpt lat="22.547142" lon="114.00215">
        <ele>29.8</ele>
        <time>2023-10-19T08:57:58Z</time>
      </trkpt>
      <trkpt lat="22.547144" lon="114.002126">
        <ele>29.8</ele>
        <time>2023-10-19T08:57:59Z</time>
      </trkpt>
      <trkpt lat="22.547138" lon="114.002096">
        <ele>29.9</ele>
        <time>2023-10-19T08:58:00Z</time>
      </trkpt>
      <trkpt lat="22.54713" lon="114.002072">
        <ele>29.9</ele>
        <time>2023-10-19T08:58:01Z</time>
      </trkpt>
      <trkpt lat="22.547124" lon="114.002043">
        <ele>30</ele>
        <time>2023-10-19T08:58:02Z</time>
      </trkpt>
      <trkpt lat="22.547121" lon="114.002013">
        <ele>30</ele>
        <time>2023-10-19T08:58:03Z</time>
      </trkpt>
      <trkpt lat="22.547121" lon="114.001988">
        <ele>30</ele>
        <time>2023-10-19T08:58:04Z</time>
      </trkpt>
      <trkpt lat="22.547124" lon="114.001959">
        <ele>30.1</ele>
        <time>2023-10-19T08:58:05Z</time>
      </trkpt>
      <trkpt lat="22.547125" lon="114.001928">
        <ele>30.1</ele>
        <time>2023-10-19T08:58:06Z</time>
      </trkpt>
      <trkpt lat="22.547123" lon="114.001892">
        <ele>30.1</ele>
        <time>2023-10-19T08:58:07Z</time>
      </trkpt>
      <trkpt lat="22.54712" lon="114.001852">
        <ele>30.2</ele>
        <time>2023-10-19T08:58:08Z</time>
      </trkpt>
      <trkpt lat="22.547118" lon="114.001815">
        <ele>30.2</ele>
        <time>2023-10-19T08:58:09Z</time>
      </trkpt>
      <trkpt lat="22.547116" lon="114.001776">
        <ele>30.3</ele>
        <time>2023-10-19T08:58:10Z</time>
      </trkpt>
      <trkpt lat="22.547114" lon="114.001739">
        <ele>30.3</ele>
        <time>2023-10-19T08:58:11Z</time>
      </trkpt>
      <trkpt lat="22.547112" lon="114.001707">
        <ele>30.4</ele>
        <time>2023-10-19T08:58:12Z</time>
      </trkpt>
      <trkpt lat="22.54711" lon="114.001667">
        <ele>30.4</ele>
        <time>2023-10-19T08:58:13Z</time>
      </trkpt>
      <trkpt lat="22.547106" lon="114.001635">
        <ele>30.5</ele>
        <time>2023-10-19T08:58:14Z</time>
      </trkpt>
      <trkpt lat="22.547101" lon="114.001605">
        <ele>30.5</ele>
        <time>2023-10-19T08:58:15Z</time>
      </trkpt>
      <trkpt lat="22.547098" lon="114.001574">
        <ele>30.6</ele>
        <time>2023-10-19T08:58:16Z</time>
      </trkpt>
      <trkpt lat="22.547091" lon="114.001544">
        <ele>30.6</ele>
        <time>2023-10-19T08:58:17Z</time>
      </trkpt>
      <trkpt lat="22.547087" lon="114.001513">
        <ele>30.6</ele>
        <time>2023-10-19T08:58:18Z</time>
      </trkpt>
      <trkpt lat="22.547083" lon="114.001483">
        <ele>30.7</ele>
        <time>2023-10-19T08:58:19Z</time>
      </trkpt>
      <trkpt lat="22.547085" lon="114.001461">
        <ele>30.7</ele>
        <time>2023-10-19T08:58:20Z</time>
      </trkpt>
      <trkpt lat="22.547085" lon="114.001432">
        <ele>30.7</ele>
        <time>2023-10-19T08:58:21Z</time>
      </trkpt>
      <trkpt lat="22.547083" lon="114.0014">
        <ele>30.8</ele>
        <time>2023-10-19T08:58:22Z</time>
      </trkpt>
      <trkpt lat="22.547081" lon="114.001371">
        <ele>30.8</ele>
        <time>2023-10-19T08:58:23Z</time>
      </trkpt>
      <trkpt lat="22.547083" lon="114.00134">
        <ele>30.9</ele>
        <time>2023-10-19T08:58:24Z</time>
      </trkpt>
      <trkpt lat="22.54708" lon="114.001302">
        <ele>30.9</ele>
        <time>2023-10-19T08:58:25Z</time>
      </trkpt>
      <trkpt lat="22.547073" lon="114.001264">
        <ele>31</ele>
        <time>2023-10-19T08:58:26Z</time>
      </trkpt>
      <trkpt lat="22.547067" lon="114.00124">
        <ele>31</ele>
        <time>2023-10-19T08:58:27Z</time>
      </trkpt>
      <trkpt lat="22.547058" lon="114.00121">
        <ele>31</ele>
        <time>2023-10-19T08:58:28Z</time>
      </trkpt>
      <trkpt lat="22.54705" lon="114.00118">
        <ele>31.1</ele>
        <time>2023-10-19T08:58:29Z</time>
      </trkpt>
      <trkpt lat="22.547044" lon="114.001156">
        <ele>31.1</ele>
        <time>2023-10-19T08:58:30Z</time>
      </trkpt>
      <trkpt lat="22.54704" lon="114.001139">
        <ele>31.1</ele>
        <time>2023-10-19T08:58:31Z</time>
      </trkpt>
      <trkpt lat="22.54703" lon="114.001125">
        <ele>31.2</ele>
        <time>2023-10-19T08:58:32Z</time>
      </trkpt>
      <trkpt lat="22.547023" lon="114.001109">
        <ele>31.2</ele>
        <time>2023-10-19T08:58:33Z</time>
      </trkpt>
      <trkpt lat="22.547017" lon="114.0011">
        <ele>31.2</ele>
        <time>2023-10-19T08:58:34Z</time>
      </trkpt>
      <trkpt lat="22.547016" lon="114.001093">
        <ele>31.2</ele>
        <time>2023-10-19T08:58:35Z</time>
      </trkpt>
      <trkpt lat="22.547018" lon="114.001084">
        <ele>31.2</ele>
        <time>2023-10-19T08:58:36Z</time>
      </trkpt>
      <trkpt lat="22.547021" lon="114.001071">
        <ele>31.2</ele>
        <time>2023-10-19T08:58:37Z</time>
      </trkpt>
      <trkpt lat="22.547025" lon="114.001055">
        <ele>31.3</ele>
        <time>2023-10-19T08:58:38Z</time>
      </trkpt>
      <trkpt lat="22.54703" lon="114.001034">
        <ele>31.3</ele>
        <time>2023-10-19T08:58:39Z</time>
      </trkpt>
      <trkpt lat="22.547033" lon="114.001023">
        <ele>31.3</ele>
        <time>2023-10-19T08:58:40Z</time>
      </trkpt>
      <trkpt lat="22.547028" lon="114.001003">
        <ele>31.3</ele>
        <time>2023-10-19T08:58:41Z</time>
      </trkpt>
      <trkpt lat="22.547017" lon="114.000974">
        <ele>31.4</ele>
        <time>2023-10-19T08:58:42Z</time>
      </trkpt>
      <trkpt lat="22.547003" lon="114.00095">
        <ele>31.4</ele>
        <time>2023-10-19T08:58:43Z</time>
      </trkpt>
      <trkpt lat="22.546994" lon="114.000921">
        <ele>31.4</ele>
        <time>2023-10-19T08:58:44Z</time>
      </trkpt>
      <trkpt lat="22.546985" lon="114.00089">
        <ele>31.5</ele>
        <time>2023-10-19T08:58:45Z</time>
      </trkpt>
      <trkpt lat="22.546978" lon="114.00086">
        <ele>31.5</ele>
        <time>2023-10-19T08:58:46Z</time>
      </trkpt>
      <trkpt lat="22.546975" lon="114.000842">
        <ele>31.6</ele>
        <time>2023-10-19T08:58:47Z</time>
      </trkpt>
      <trkpt lat="22.546973" lon="114.00082">
        <ele>31.6</ele>
        <time>2023-10-19T08:58:48Z</time>
      </trkpt>
      <trkpt lat="22.546969" lon="114.00081">
        <ele>31.6</ele>
        <time>2023-10-19T08:58:49Z</time>
      </trkpt>
      <trkpt lat="22.546967" lon="114.000802">
        <ele>31.6</ele>
        <time>2023-10-19T08:58:50Z</time>
      </trkpt>
      <trkpt lat="22.546965" lon="114.000788">
        <ele>31.6</ele>
        <time>2023-10-19T08:58:51Z</time>
      </trkpt>
      <trkpt lat="22.546969" lon="114.000773">
        <ele>31.6</ele>
        <time>2023-10-19T08:58:52Z</time>
      </trkpt>
      <trkpt lat="22.546977" lon="114.000745">
        <ele>31.7</ele>
        <time>2023-10-19T08:58:53Z</time>
      </trkpt>
      <trkpt lat="22.546983" lon="114.000721">
        <ele>31.7</ele>
        <time>2023-10-19T08:58:54Z</time>
      </trkpt>
      <trkpt lat="22.546982" lon="114.000691">
        <ele>31.8</ele>
        <time>2023-10-19T08:58:55Z</time>
      </trkpt>
      <trkpt lat="22.546979" lon="114.000661">
        <ele>31.8</ele>
        <time>2023-10-19T08:58:56Z</time>
      </trkpt>
      <trkpt lat="22.546975" lon="114.000629">
        <ele>31.8</ele>
        <time>2023-10-19T08:58:57Z</time>
      </trkpt>
      <trkpt lat="22.546973" lon="114.0006">
        <ele>31.9</ele>
        <time>2023-10-19T08:58:58Z</time>
      </trkpt>
      <trkpt lat="22.546969" lon="114.000563">
        <ele>31.9</ele>
        <time>2023-10-19T08:58:59Z</time>
      </trkpt>
      <trkpt lat="22.546967" lon="114.00053">
        <ele>32</ele>
        <time>2023-10-19T08:59:00Z</time>
      </trkpt>
      <trkpt lat="22.546962" lon="114.0005">
        <ele>32</ele>
        <time>2023-10-19T08:59:01Z</time>
      </trkpt>
      <trkpt lat="22.546959" lon="114.000458">
        <ele>32.1</ele>
        <time>2023-10-19T08:59:02Z</time>
      </trkpt>
      <trkpt lat="22.546955" lon="114.000422">
        <ele>32.1</ele>
        <time>2023-10-19T08:59:03Z</time>
      </trkpt>
      <trkpt lat="22.546953" lon="114.000387">
        <ele>32.2</ele>
        <time>2023-10-19T08:59:04Z</time>
      </trkpt>
      <trkpt lat="22.546955" lon="114.000356">
        <ele>32.2</ele>
        <time>2023-10-19T08:59:05Z</time>
      </trkpt>
      <trkpt lat="22.54696" lon="114.000332">
        <ele>32.2</ele>
        <time>2023-10-19T08:59:06Z</time>
      </trkpt>
      <trkpt lat="22.546962" lon="114.000295">
        <ele>32.3</ele>
        <time>2023-10-19T08:59:07Z</time>
      </trkpt>
      <trkpt lat="22.546959" lon="114.000257">
        <ele>32.3</ele>
        <time>2023-10-19T08:59:08Z</time>
      </trkpt>
      <trkpt lat="22.546948" lon="114.00022">
        <ele>32.4</ele>
        <time>2023-10-19T08:59:09Z</time>
      </trkpt>
      <trkpt lat="22.546932" lon="114.00018">
        <ele>32.4</ele>
        <time>2023-10-19T08:59:10Z</time>
      </trkpt>
      <trkpt lat="22.546927" lon="114.000147">
        <ele>32.5</ele>
        <time>2023-10-19T08:59:11Z</time>
      </trkpt>
      <trkpt lat="22.546931" lon="114.000125">
        <ele>32.5</ele>
        <time>2023-10-19T08:59:12Z</time>
      </trkpt>
      <trkpt lat="22.546937" lon="114.000097">
        <ele>32.5</ele>
        <time>2023-10-19T08:59:13Z</time>
      </trkpt>
      <trkpt lat="22.546941" lon="114.000073">
        <ele>32.5</ele>
        <time>2023-10-19T08:59:14Z</time>
      </trkpt>
      <trkpt lat="22.546942" lon="114.000044">
        <ele>32.4</ele>
        <time>2023-10-19T08:59:15Z</time>
      </trkpt>
      <trkpt lat="22.546942" lon="114.000019">
        <ele>32.4</ele>
        <time>2023-10-19T08:59:16Z</time>
      </trkpt>
      <trkpt lat="22.546935" lon="113.999996">
        <ele>32.4</ele>
        <time>2023-10-19T08:59:17Z</time>
      </trkpt>
      <trkpt lat="22.546931" lon="113.999973">
        <ele>32.4</ele>
        <time>2023-10-19T08:59:18Z</time>
      </trkpt>
      <trkpt lat="22.546927" lon="113.999944">
        <ele>32.3</ele>
        <time>2023-10-19T08:59:19Z</time>
      </trkpt>
      <trkpt lat="22.546927" lon="113.99992">
        <ele>32.3</ele>
        <time>2023-10-19T08:59:20Z</time>
      </trkpt>
      <trkpt lat="22.54692" lon="113.999896">
        <ele>32.3</ele>
        <time>2023-10-19T08:59:21Z</time>
      </trkpt>
      <trkpt lat="22.546917" lon="113.999874">
        <ele>32.2</ele>
        <time>2023-10-19T08:59:22Z</time>
      </trkpt>
      <trkpt lat="22.546912" lon="113.99984">
        <ele>32.2</ele>
        <time>2023-10-19T08:59:23Z</time>
      </trkpt>
      <trkpt lat="22.54691" lon="113.999801">
        <ele>32.2</ele>
        <time>2023-10-19T08:59:24Z</time>
      </trkpt>
      <trkpt lat="22.546908" lon="113.999757">
        <ele>32.1</ele>
        <time>2023-10-19T08:59:25Z</time>
      </trkpt>
      <trkpt lat="22.5469" lon="113.999724">
        <ele>32.1</ele>
        <time>2023-10-19T08:59:26Z</time>
      </trkpt>
      <trkpt lat="22.546896" lon="113.999686">
        <ele>32</ele>
        <time>2023-10-19T08:59:27Z</time>
      </trkpt>
      <trkpt lat="22.546896" lon="113.999661">
        <ele>32</ele>
        <time>2023-10-19T08:59:28Z</time>
      </trkpt>
      <trkpt lat="22.54689" lon="113.999637">
        <ele>32</ele>
        <time>2023-10-19T08:59:29Z</time>
      </trkpt>
      <trkpt lat="22.546887" lon="113.999615">
        <ele>32</ele>
        <time>2023-10-19T08:59:30Z</time>
      </trkpt>
      <trkpt lat="22.546891" lon="113.999584">
        <ele>31.9</ele>
        <time>2023-10-19T08:59:31Z</time>
      </trkpt>
      <trkpt lat="22.546889" lon="113.999541">
        <ele>31.9</ele>
        <time>2023-10-19T08:59:32Z</time>
      </trkpt>
      <trkpt lat="22.546887" lon="113.999497">
        <ele>31.8</ele>
        <time>2023-10-19T08:59:33Z</time>
      </trkpt>
      <trkpt lat="22.546886" lon="113.999463">
        <ele>31.8</ele>
        <time>2023-10-19T08:59:34Z</time>
      </trkpt>
      <trkpt lat="22.546883" lon="113.99942">
        <ele>31.8</ele>
        <time>2023-10-19T08:59:35Z</time>
      </trkpt>
      <trkpt lat="22.546878" lon="113.99938">
        <ele>31.7</ele>
        <time>2023-10-19T08:59:36Z</time>
      </trkpt>
      <trkpt lat="22.546875" lon="113.999349">
        <ele>31.7</ele>
        <time>2023-10-19T08:59:37Z</time>
      </trkpt>
      <trkpt lat="22.54687" lon="113.999318">
        <ele>31.7</ele>
        <time>2023-10-19T08:59:38Z</time>
      </trkpt>
      <trkpt lat="22.546863" lon="113.999281">
        <ele>31.6</ele>
        <time>2023-10-19T08:59:39Z</time>
      </trkpt>
      <trkpt lat="22.54686" lon="113.999249">
        <ele>31.6</ele>
        <time>2023-10-19T08:59:40Z</time>
      </trkpt>
      <trkpt lat="22.546855" lon="113.999212">
        <ele>31.5</ele>
        <time>2023-10-19T08:59:41Z</time>
      </trkpt>
      <trkpt lat="22.546852" lon="113.999175">
        <ele>31.5</ele>
        <time>2023-10-19T08:59:42Z</time>
      </trkpt>
      <trkpt lat="22.546855" lon="113.999137">
        <ele>31.5</ele>
        <time>2023-10-19T08:59:43Z</time>
      </trkpt>
      <trkpt lat="22.546854" lon="113.999105">
        <ele>31.4</ele>
        <time>2023-10-19T08:59:44Z</time>
      </trkpt>
      <trkpt lat="22.546852" lon="113.999075">
        <ele>31.4</ele>
        <time>2023-10-19T08:59:45Z</time>
      </trkpt>
      <trkpt lat="22.546848" lon="113.999039">
        <ele>31.4</ele>
        <time>2023-10-19T08:59:46Z</time>
      </trkpt>
      <trkpt lat="22.546842" lon="113.999">
        <ele>31.3</ele>
        <time>2023-10-19T08:59:47Z</time>
      </trkpt>
      <trkpt lat="22.546841" lon="113.99896">
        <ele>31.3</ele>
        <time>2023-10-19T08:59:48Z</time>
      </trkpt>
      <trkpt lat="22.546841" lon="113.998923">
        <ele>31.2</ele>
        <time>2023-10-19T08:59:49Z</time>
      </trkpt>
      <trkpt lat="22.546841" lon="113.998885">
        <ele>31.2</ele>
        <time>2023-10-19T08:59:50Z</time>
      </trkpt>
      <trkpt lat="22.546837" lon="113.99884">
        <ele>31.1</ele>
        <time>2023-10-19T08:59:51Z</time>
      </trkpt>
      <trkpt lat="22.546835" lon="113.998795">
        <ele>31.1</ele>
        <time>2023-10-19T08:59:52Z</time>
      </trkpt>
      <trkpt lat="22.546837" lon="113.998754">
        <ele>31.1</ele>
        <time>2023-10-19T08:59:53Z</time>
      </trkpt>
      <trkpt lat="22.546834" lon="113.998723">
        <ele>31</ele>
        <time>2023-10-19T08:59:54Z</time>
      </trkpt>
      <trkpt lat="22.54683" lon="113.998679">
        <ele>31</ele>
        <time>2023-10-19T08:59:55Z</time>
      </trkpt>
      <trkpt lat="22.546826" lon="113.998641">
        <ele>30.9</ele>
        <time>2023-10-19T08:59:56Z</time>
      </trkpt>
      <trkpt lat="22.546821" lon="113.998597">
        <ele>30.9</ele>
        <time>2023-10-19T08:59:57Z</time>
      </trkpt>
      <trkpt lat="22.546817" lon="113.998557">
        <ele>30.8</ele>
        <time>2023-10-19T08:59:58Z</time>
      </trkpt>
      <trkpt lat="22.546817" lon="113.998512">
        <ele>30.8</ele>
        <time>2023-10-19T08:59:59Z</time>
      </trkpt>
      <trkpt lat="22.546818" lon="113.998471">
        <ele>30.7</ele>
        <time>2023-10-19T09:00:00Z</time>
      </trkpt>
      <trkpt lat="22.546815" lon="113.998441">
        <ele>30.7</ele>
        <time>2023-10-19T09:00:01Z</time>
      </trkpt>
      <trkpt lat="22.546809" lon="113.998411">
        <ele>30.7</ele>
        <time>2023-10-19T09:00:02Z</time>
      </trkpt>
      <trkpt lat="22.546807" lon="113.998374">
        <ele>30.6</ele>
        <time>2023-10-19T09:00:03Z</time>
      </trkpt>
      <trkpt lat="22.546799" lon="113.998336">
        <ele>30.6</ele>
        <time>2023-10-19T09:00:04Z</time>
      </trkpt>
      <trkpt lat="22.546789" lon="113.998304">
        <ele>30.6</ele>
        <time>2023-10-19T09:00:05Z</time>
      </trkpt>
      <trkpt lat="22.546781" lon="113.998267">
        <ele>30.5</ele>
        <time>2023-10-19T09:00:06Z</time>
      </trkpt>
      <trkpt lat="22.546775" lon="113.99823">
        <ele>30.5</ele>
        <time>2023-10-19T09:00:07Z</time>
      </trkpt>
      <trkpt lat="22.546772" lon="113.998184">
        <ele>30.4</ele>
        <time>2023-10-19T09:00:08Z</time>
      </trkpt>
      <trkpt lat="22.546774" lon="113.998145">
        <ele>30.3</ele>
        <time>2023-10-19T09:00:09Z</time>
      </trkpt>
      <trkpt lat="22.546771" lon="113.998107">
        <ele>30.3</ele>
        <time>2023-10-19T09:00:10Z</time>
      </trkpt>
      <trkpt lat="22.546764" lon="113.998062">
        <ele>30.2</ele>
        <time>2023-10-19T09:00:11Z</time>
      </trkpt>
      <trkpt lat="22.546753" lon="113.998024">
        <ele>30.1</ele>
        <time>2023-10-19T09:00:12Z</time>
      </trkpt>
      <trkpt lat="22.546746" lon="113.997979">
        <ele>30</ele>
        <time>2023-10-19T09:00:13Z</time>
      </trkpt>
      <trkpt lat="22.546744" lon="113.997946">
        <ele>29.9</ele>
        <time>2023-10-19T09:00:14Z</time>
      </trkpt>
      <trkpt lat="22.546747" lon="113.997921">
        <ele>29.9</ele>
        <time>2023-10-19T09:00:15Z</time>
      </trkpt>
      <trkpt lat="22.54675" lon="113.997892">
        <ele>29.8</ele>
        <time>2023-10-19T09:00:16Z</time>
      </trkpt>
      <trkpt lat="22.546748" lon="113.997855">
        <ele>29.7</ele>
        <time>2023-10-19T09:00:17Z</time>
      </trkpt>
      <trkpt lat="22.546744" lon="113.997818">
        <ele>29.6</ele>
        <time>2023-10-19T09:00:18Z</time>
      </trkpt>
      <trkpt lat="22.54674" lon="113.997773">
        <ele>29.5</ele>
        <time>2023-10-19T09:00:19Z</time>
      </trkpt>
      <trkpt lat="22.546737" lon="113.997734">
        <ele>29.4</ele>
        <time>2023-10-19T09:00:20Z</time>
      </trkpt>
      <trkpt lat="22.546728" lon="113.997703">
        <ele>29.4</ele>
        <time>2023-10-19T09:00:21Z</time>
      </trkpt>
      <trkpt lat="22.546717" lon="113.997664">
        <ele>29.3</ele>
        <time>2023-10-19T09:00:22Z</time>
      </trkpt>
      <trkpt lat="22.5467" lon="113.997632">
        <ele>29.2</ele>
        <time>2023-10-19T09:00:23Z</time>
      </trkpt>
      <trkpt lat="22.54668" lon="113.997602">
        <ele>29.1</ele>
        <time>2023-10-19T09:00:24Z</time>
      </trkpt>
      <trkpt lat="22.546658" lon="113.997572">
        <ele>29</ele>
        <time>2023-10-19T09:00:25Z</time>
      </trkpt>
      <trkpt lat="22.546634" lon="113.997535">
        <ele>28.9</ele>
        <time>2023-10-19T09:00:26Z</time>
      </trkpt>
      <trkpt lat="22.54661" lon="113.997491">
        <ele>28.8</ele>
        <time>2023-10-19T09:00:27Z</time>
      </trkpt>
      <trkpt lat="22.546594" lon="113.997451">
        <ele>28.7</ele>
        <time>2023-10-19T09:00:28Z</time>
      </trkpt>
      <trkpt lat="22.546578" lon="113.997407">
        <ele>28.6</ele>
        <time>2023-10-19T09:00:29Z</time>
      </trkpt>
      <trkpt lat="22.54656" lon="113.997354">
        <ele>28.5</ele>
        <time>2023-10-19T09:00:30Z</time>
      </trkpt>
      <trkpt lat="22.546541" lon="113.997308">
        <ele>28.4</ele>
        <time>2023-10-19T09:00:31Z</time>
      </trkpt>
      <trkpt lat="22.546517" lon="113.997255">
        <ele>28.3</ele>
        <time>2023-10-19T09:00:32Z</time>
      </trkpt>
      <trkpt lat="22.546494" lon="113.997209">
        <ele>28.2</ele>
        <time>2023-10-19T09:00:33Z</time>
      </trkpt>
      <trkpt lat="22.546469" lon="113.997163">
        <ele>28</ele>
        <time>2023-10-19T09:00:34Z</time>
      </trkpt>
      <trkpt lat="22.54643" lon="113.997122">
        <ele>27.9</ele>
        <time>2023-10-19T09:00:35Z</time>
      </trkpt>
      <trkpt lat="22.54639" lon="113.997079">
        <ele>27.8</ele>
        <time>2023-10-19T09:00:36Z</time>
      </trkpt>
      <trkpt lat="22.546343" lon="113.997038">
        <ele>27.6</ele>
        <time>2023-10-19T09:00:37Z</time>
      </trkpt>
      <trkpt lat="22.546302" lon="113.997">
        <ele>27.5</ele>
        <time>2023-10-19T09:00:38Z</time>
      </trkpt>
      <trkpt lat="22.546252" lon="113.996955">
        <ele>27.4</ele>
        <time>2023-10-19T09:00:39Z</time>
      </trkpt>
      <trkpt lat="22.546209" lon="113.996923">
        <ele>27.2</ele>
        <time>2023-10-19T09:00:40Z</time>
      </trkpt>
      <trkpt lat="22.546178" lon="113.996892">
        <ele>27.1</ele>
        <time>2023-10-19T09:00:41Z</time>
      </trkpt>
      <trkpt lat="22.546151" lon="113.996862">
        <ele>27</ele>
        <time>2023-10-19T09:00:42Z</time>
      </trkpt>
      <trkpt lat="22.546128" lon="113.996832">
        <ele>27</ele>
        <time>2023-10-19T09:00:43Z</time>
      </trkpt>
      <trkpt lat="22.546105" lon="113.996801">
        <ele>26.9</ele>
        <time>2023-10-19T09:00:44Z</time>
      </trkpt>
      <trkpt lat="22.546101" lon="113.996789">
        <ele>26.8</ele>
        <time>2023-10-19T09:00:45Z</time>
      </trkpt>
      <trkpt lat="22.546096" lon="113.996775">
        <ele>26.8</ele>
        <time>2023-10-19T09:00:46Z</time>
      </trkpt>
      <trkpt lat="22.546088" lon="113.996754">
        <ele>26.8</ele>
        <time>2023-10-19T09:00:47Z</time>
      </trkpt>
      <trkpt lat="22.546076" lon="113.996723">
        <ele>26.7</ele>
        <time>2023-10-19T09:00:48Z</time>
      </trkpt>
      <trkpt lat="22.546069" lon="113.996706">
        <ele>26.6</ele>
        <time>2023-10-19T09:00:49Z</time>
      </trkpt>
      <trkpt lat="22.546067" lon="113.996685">
        <ele>26.6</ele>
        <time>2023-10-19T09:00:50Z</time>
      </trkpt>
      <trkpt lat="22.546056" lon="113.996648">
        <ele>26.5</ele>
        <time>2023-10-19T09:00:51Z</time>
      </trkpt>
      <trkpt lat="22.546027" lon="113.99659">
        <ele>26.4</ele>
        <time>2023-10-19T09:00:52Z</time>
      </trkpt>
      <trkpt lat="22.545978" lon="113.996512">
        <ele>26.2</ele>
        <time>2023-10-19T09:00:53Z</time>
      </trkpt>
      <trkpt lat="22.545939" lon="113.996479">
        <ele>26.1</ele>
        <time>2023-10-19T09:00:54Z</time>
      </trkpt>
      <trkpt lat="22.545917" lon="113.996431">
        <ele>26</ele>
        <time>2023-10-19T09:00:55Z</time>
      </trkpt>
      <trkpt lat="22.545907" lon="113.996371">
        <ele>25.9</ele>
        <time>2023-10-19T09:00:56Z</time>
      </trkpt>
      <trkpt lat="22.545892" lon="113.996312">
        <ele>25.8</ele>
        <time>2023-10-19T09:00:57Z</time>
      </trkpt>
      <trkpt lat="22.545873" lon="113.996255">
        <ele>25.7</ele>
        <time>2023-10-19T09:00:58Z</time>
      </trkpt>
      <trkpt lat="22.54586" lon="113.996209">
        <ele>25.6</ele>
        <time>2023-10-19T09:00:59Z</time>
      </trkpt>
      <trkpt lat="22.545835" lon="113.996157">
        <ele>25.5</ele>
        <time>2023-10-19T09:01:00Z</time>
      </trkpt>
      <trkpt lat="22.545814" lon="113.996115">
        <ele>25.5</ele>
        <time>2023-10-19T09:01:01Z</time>
      </trkpt>
      <trkpt lat="22.545801" lon="113.996072">
        <ele>25.4</ele>
        <time>2023-10-19T09:01:02Z</time>
      </trkpt>
      <trkpt lat="22.545786" lon="113.996024">
        <ele>25.3</ele>
        <time>2023-10-19T09:01:03Z</time>
      </trkpt>
      <trkpt lat="22.545786" lon="113.995979">
        <ele>25.2</ele>
        <time>2023-10-19T09:01:04Z</time>
      </trkpt>
      <trkpt lat="22.545794" lon="113.99592">
        <ele>25.1</ele>
        <time>2023-10-19T09:01:05Z</time>
      </trkpt>
      <trkpt lat="22.545803" lon="113.995879">
        <ele>25.1</ele>
        <time>2023-10-19T09:01:06Z</time>
      </trkpt>
      <trkpt lat="22.545818" lon="113.995828">
        <ele>25</ele>
        <time>2023-10-19T09:01:07Z</time>
      </trkpt>
      <trkpt lat="22.545828" lon="113.995788">
        <ele>24.9</ele>
        <time>2023-10-19T09:01:08Z</time>
      </trkpt>
      <trkpt lat="22.545837" lon="113.995775">
        <ele>24.9</ele>
        <time>2023-10-19T09:01:09Z</time>
      </trkpt>
      <trkpt lat="22.545846" lon="113.995728">
        <ele>24.8</ele>
        <time>2023-10-19T09:01:10Z</time>
      </trkpt>
      <trkpt lat="22.545853" lon="113.995688">
        <ele>24.8</ele>
        <time>2023-10-19T09:01:11Z</time>
      </trkpt>
      <trkpt lat="22.545858" lon="113.995638">
        <ele>24.7</ele>
        <time>2023-10-19T09:01:12Z</time>
      </trkpt>
      <trkpt lat="22.54586" lon="113.995586">
        <ele>24.6</ele>
        <time>2023-10-19T09:01:13Z</time>
      </trkpt>
      <trkpt lat="22.545859" lon="113.995539">
        <ele>24.5</ele>
        <time>2023-10-19T09:01:14Z</time>
      </trkpt>
      <trkpt lat="22.545851" lon="113.995492">
        <ele>24.5</ele>
        <time>2023-10-19T09:01:15Z</time>
      </trkpt>
      <trkpt lat="22.545838" lon="113.995447">
        <ele>24.4</ele>
        <time>2023-10-19T09:01:16Z</time>
      </trkpt>
      <trkpt lat="22.545822" lon="113.995401">
        <ele>24.3</ele>
        <time>2023-10-19T09:01:17Z</time>
      </trkpt>
      <trkpt lat="22.545804" lon="113.995347">
        <ele>24.2</ele>
        <time>2023-10-19T09:01:18Z</time>
      </trkpt>
      <trkpt lat="22.545785" lon="113.995288">
        <ele>24.1</ele>
        <time>2023-10-19T09:01:19Z</time>
      </trkpt>
      <trkpt lat="22.545767" lon="113.995234">
        <ele>24</ele>
        <time>2023-10-19T09:01:20Z</time>
      </trkpt>
      <trkpt lat="22.545749" lon="113.99518">
        <ele>23.9</ele>
        <time>2023-10-19T09:01:21Z</time>
      </trkpt>
      <trkpt lat="22.545732" lon="113.995133">
        <ele>23.8</ele>
        <time>2023-10-19T09:01:22Z</time>
      </trkpt>
      <trkpt lat="22.545713" lon="113.995082">
        <ele>23.8</ele>
        <time>2023-10-19T09:01:23Z</time>
      </trkpt>
      <trkpt lat="22.545694" lon="113.995027">
        <ele>23.7</ele>
        <time>2023-10-19T09:01:24Z</time>
      </trkpt>
      <trkpt lat="22.545673" lon="113.994973">
        <ele>23.6</ele>
        <time>2023-10-19T09:01:25Z</time>
      </trkpt>
      <trkpt lat="22.545654" lon="113.994928">
        <ele>23.5</ele>
        <time>2023-10-19T09:01:26Z</time>
      </trkpt>
      <trkpt lat="22.545636" lon="113.994875">
        <ele>23.4</ele>
        <time>2023-10-19T09:01:27Z</time>
      </trkpt>
      <trkpt lat="22.545616" lon="113.99482">
        <ele>23.3</ele>
        <time>2023-10-19T09:01:28Z</time>
      </trkpt>
      <trkpt lat="22.545594" lon="113.994766">
        <ele>23.2</ele>
        <time>2023-10-19T09:01:29Z</time>
      </trkpt>
      <trkpt lat="22.545577" lon="113.994727">
        <ele>23.1</ele>
        <time>2023-10-19T09:01:30Z</time>
      </trkpt>
      <trkpt lat="22.545559" lon="113.994681">
        <ele>23.1</ele>
        <time>2023-10-19T09:01:31Z</time>
      </trkpt>
      <trkpt lat="22.545546" lon="113.994643">
        <ele>23</ele>
        <time>2023-10-19T09:01:32Z</time>
      </trkpt>
      <trkpt lat="22.545535" lon="113.994606">
        <ele>23</ele>
        <time>2023-10-19T09:01:33Z</time>
      </trkpt>
      <trkpt lat="22.545517" lon="113.994561">
        <ele>23</ele>
        <time>2023-10-19T09:01:34Z</time>
      </trkpt>
      <trkpt lat="22.545499" lon="113.994521">
        <ele>22.9</ele>
        <time>2023-10-19T09:01:35Z</time>
      </trkpt>
      <trkpt lat="22.545482" lon="113.994478">
        <ele>22.9</ele>
        <time>2023-10-19T09:01:36Z</time>
      </trkpt>
      <trkpt lat="22.545462" lon="113.994431">
        <ele>22.8</ele>
        <time>2023-10-19T09:01:37Z</time>
      </trkpt>
      <trkpt lat="22.545442" lon="113.994391">
        <ele>22.8</ele>
        <time>2023-10-19T09:01:38Z</time>
      </trkpt>
      <trkpt lat="22.545425" lon="113.994341">
        <ele>22.7</ele>
        <time>2023-10-19T09:01:39Z</time>
      </trkpt>
      <trkpt lat="22.545409" lon="113.994299">
        <ele>22.7</ele>
        <time>2023-10-19T09:01:40Z</time>
      </trkpt>
      <trkpt lat="22.545394" lon="113.994262">
        <ele>22.7</ele>
        <time>2023-10-19T09:01:41Z</time>
      </trkpt>
      <trkpt lat="22.545372" lon="113.994223">
        <ele>22.6</ele>
        <time>2023-10-19T09:01:42Z</time>
      </trkpt>
      <trkpt lat="22.54535" lon="113.99418">
        <ele>22.6</ele>
        <time>2023-10-19T09:01:43Z</time>
      </trkpt>
      <trkpt lat="22.545333" lon="113.994139">
        <ele>22.5</ele>
        <time>2023-10-19T09:01:44Z</time>
      </trkpt>
      <trkpt lat="22.545316" lon="113.994101">
        <ele>22.5</ele>
        <time>2023-10-19T09:01:45Z</time>
      </trkpt>
      <trkpt lat="22.545302" lon="113.994057">
        <ele>22.4</ele>
        <time>2023-10-19T09:01:46Z</time>
      </trkpt>
      <trkpt lat="22.545287" lon="113.994018">
        <ele>22.4</ele>
        <time>2023-10-19T09:01:47Z</time>
      </trkpt>
      <trkpt lat="22.545275" lon="113.993972">
        <ele>22.4</ele>
        <time>2023-10-19T09:01:48Z</time>
      </trkpt>
      <trkpt lat="22.545263" lon="113.993934">
        <ele>22.3</ele>
        <time>2023-10-19T09:01:49Z</time>
      </trkpt>
      <trkpt lat="22.545244" lon="113.99389">
        <ele>22.3</ele>
        <time>2023-10-19T09:01:50Z</time>
      </trkpt>
      <trkpt lat="22.545224" lon="113.993855">
        <ele>22.2</ele>
        <time>2023-10-19T09:01:51Z</time>
      </trkpt>
      <trkpt lat="22.545211" lon="113.993819">
        <ele>22.2</ele>
        <time>2023-10-19T09:01:52Z</time>
      </trkpt>
      <trkpt lat="22.545199" lon="113.993775">
        <ele>22.1</ele>
        <time>2023-10-19T09:01:53Z</time>
      </trkpt>
      <trkpt lat="22.545187" lon="113.993742">
        <ele>22.1</ele>
        <time>2023-10-19T09:01:54Z</time>
      </trkpt>
      <trkpt lat="22.545179" lon="113.993704">
        <ele>22.1</ele>
        <time>2023-10-19T09:01:55Z</time>
      </trkpt>
      <trkpt lat="22.545173" lon="113.993679">
        <ele>22.1</ele>
        <time>2023-10-19T09:01:56Z</time>
      </trkpt>
      <trkpt lat="22.545162" lon="113.993644">
        <ele>22</ele>
        <time>2023-10-19T09:01:57Z</time>
      </trkpt>
      <trkpt lat="22.545148" lon="113.993605">
        <ele>22</ele>
        <time>2023-10-19T09:01:58Z</time>
      </trkpt>
      <trkpt lat="22.545136" lon="113.993574">
        <ele>21.9</ele>
        <time>2023-10-19T09:01:59Z</time>
      </trkpt>
      <trkpt lat="22.545121" lon="113.993543">
        <ele>21.9</ele>
        <time>2023-10-19T09:02:00Z</time>
      </trkpt>
      <trkpt lat="22.545112" lon="113.993501">
        <ele>21.9</ele>
        <time>2023-10-19T09:02:01Z</time>
      </trkpt>
      <trkpt lat="22.5451" lon="113.993467">
        <ele>21.8</ele>
        <time>2023-10-19T09:02:02Z</time>
      </trkpt>
      <trkpt lat="22.545083" lon="113.99343">
        <ele>21.8</ele>
        <time>2023-10-19T09:02:03Z</time>
      </trkpt>
      <trkpt lat="22.545063" lon="113.993399">
        <ele>21.8</ele>
        <time>2023-10-19T09:02:04Z</time>
      </trkpt>
      <trkpt lat="22.545041" lon="113.99336">
        <ele>21.7</ele>
        <time>2023-10-19T09:02:05Z</time>
      </trkpt>
      <trkpt lat="22.545024" lon="113.993309">
        <ele>21.7</ele>
        <time>2023-10-19T09:02:06Z</time>
      </trkpt>
      <trkpt lat="22.545008" lon="113.993263">
        <ele>21.6</ele>
        <time>2023-10-19T09:02:07Z</time>
      </trkpt>
      <trkpt lat="22.54499" lon="113.993224">
        <ele>21.6</ele>
        <time>2023-10-19T09:02:08Z</time>
      </trkpt>
      <trkpt lat="22.544969" lon="113.993179">
        <ele>21.5</ele>
        <time>2023-10-19T09:02:09Z</time>
      </trkpt>
      <trkpt lat="22.54495" lon="113.99314">
        <ele>21.5</ele>
        <time>2023-10-19T09:02:10Z</time>
      </trkpt>
      <trkpt lat="22.544928" lon="113.993096">
        <ele>21.4</ele>
        <time>2023-10-19T09:02:11Z</time>
      </trkpt>
      <trkpt lat="22.544911" lon="113.99305">
        <ele>21.4</ele>
        <time>2023-10-19T09:02:12Z</time>
      </trkpt>
      <trkpt lat="22.544895" lon="113.992999">
        <ele>21.3</ele>
        <time>2023-10-19T09:02:13Z</time>
      </trkpt>
      <trkpt lat="22.544877" lon="113.992949">
        <ele>21.3</ele>
        <time>2023-10-19T09:02:14Z</time>
      </trkpt>
      <trkpt lat="22.54486" lon="113.992911">
        <ele>21.3</ele>
        <time>2023-10-19T09:02:15Z</time>
      </trkpt>
      <trkpt lat="22.544843" lon="113.992867">
        <ele>21.3</ele>
        <time>2023-10-19T09:02:16Z</time>
      </trkpt>
      <trkpt lat="22.544826" lon="113.992827">
        <ele>21.2</ele>
        <time>2023-10-19T09:02:17Z</time>
      </trkpt>
      <trkpt lat="22.544807" lon="113.992783">
        <ele>21.2</ele>
        <time>2023-10-19T09:02:18Z</time>
      </trkpt>
      <trkpt lat="22.544796" lon="113.99275">
        <ele>21.2</ele>
        <time>2023-10-19T09:02:19Z</time>
      </trkpt>
      <trkpt lat="22.544781" lon="113.992719">
        <ele>21.2</ele>
        <time>2023-10-19T09:02:20Z</time>
      </trkpt>
      <trkpt lat="22.544772" lon="113.992675">
        <ele>21.2</ele>
        <time>2023-10-19T09:02:21Z</time>
      </trkpt>
      <trkpt lat="22.544754" lon="113.99263">
        <ele>21.2</ele>
        <time>2023-10-19T09:02:22Z</time>
      </trkpt>
      <trkpt lat="22.544735" lon="113.992583">
        <ele>21.2</ele>
        <time>2023-10-19T09:02:23Z</time>
      </trkpt>
      <trkpt lat="22.544719" lon="113.992539">
        <ele>21.2</ele>
        <time>2023-10-19T09:02:24Z</time>
      </trkpt>
      <trkpt lat="22.544708" lon="113.992493">
        <ele>21.2</ele>
        <time>2023-10-19T09:02:25Z</time>
      </trkpt>
      <trkpt lat="22.544694" lon="113.992448">
        <ele>21.2</ele>
        <time>2023-10-19T09:02:26Z</time>
      </trkpt>
      <trkpt lat="22.544678" lon="113.992408">
        <ele>21.2</ele>
        <time>2023-10-19T09:02:27Z</time>
      </trkpt>
      <trkpt lat="22.544662" lon="113.992358">
        <ele>21.2</ele>
        <time>2023-10-19T09:02:28Z</time>
      </trkpt>
      <trkpt lat="22.544648" lon="113.992316">
        <ele>21.1</ele>
        <time>2023-10-19T09:02:29Z</time>
      </trkpt>
      <trkpt lat="22.544636" lon="113.992272">
        <ele>21.1</ele>
        <time>2023-10-19T09:02:30Z</time>
      </trkpt>
      <trkpt lat="22.544621" lon="113.992232">
        <ele>21.1</ele>
        <time>2023-10-19T09:02:31Z</time>
      </trkpt>
      <trkpt lat="22.544596" lon="113.992174">
        <ele>21.1</ele>
        <time>2023-10-19T09:02:32Z</time>
      </trkpt>
      <trkpt lat="22.544573" lon="113.992127">
        <ele>21.1</ele>
        <time>2023-10-19T09:02:33Z</time>
      </trkpt>
      <trkpt lat="22.544561" lon="113.992094">
        <ele>21.1</ele>
        <time>2023-10-19T09:02:34Z</time>
      </trkpt>
      <trkpt lat="22.544541" lon="113.992051">
        <ele>21.1</ele>
        <time>2023-10-19T09:02:35Z</time>
      </trkpt>
      <trkpt lat="22.544515" lon="113.991999">
        <ele>21.1</ele>
        <time>2023-10-19T09:02:36Z</time>
      </trkpt>
      <trkpt lat="22.544498" lon="113.991952">
        <ele>21.1</ele>
        <time>2023-10-19T09:02:37Z</time>
      </trkpt>
      <trkpt lat="22.544485" lon="113.991906">
        <ele>21.1</ele>
        <time>2023-10-19T09:02:38Z</time>
      </trkpt>
      <trkpt lat="22.544474" lon="113.991867">
        <ele>21.1</ele>
        <time>2023-10-19T09:02:39Z</time>
      </trkpt>
      <trkpt lat="22.544461" lon="113.991835">
        <ele>21</ele>
        <time>2023-10-19T09:02:40Z</time>
      </trkpt>
      <trkpt lat="22.544447" lon="113.991798">
        <ele>21</ele>
        <time>2023-10-19T09:02:41Z</time>
      </trkpt>
      <trkpt lat="22.544436" lon="113.991759">
        <ele>21</ele>
        <time>2023-10-19T09:02:42Z</time>
      </trkpt>
      <trkpt lat="22.544426" lon="113.991728">
        <ele>21</ele>
        <time>2023-10-19T09:02:43Z</time>
      </trkpt>
      <trkpt lat="22.544418" lon="113.991704">
        <ele>21</ele>
        <time>2023-10-19T09:02:44Z</time>
      </trkpt>
      <trkpt lat="22.544416" lon="113.991674">
        <ele>21</ele>
        <time>2023-10-19T09:02:45Z</time>
      </trkpt>
      <trkpt lat="22.544416" lon="113.991656">
        <ele>21</ele>
        <time>2023-10-19T09:02:46Z</time>
      </trkpt>
      <trkpt lat="22.54441" lon="113.991622">
        <ele>21</ele>
        <time>2023-10-19T09:02:47Z</time>
      </trkpt>
      <trkpt lat="22.544401" lon="113.99159">
        <ele>21</ele>
        <time>2023-10-19T09:02:48Z</time>
      </trkpt>
      <trkpt lat="22.544398" lon="113.991572">
        <ele>21</ele>
        <time>2023-10-19T09:02:49Z</time>
      </trkpt>
      <trkpt lat="22.544397" lon="113.991556">
        <ele>21</ele>
        <time>2023-10-19T09:02:50Z</time>
      </trkpt>
      <trkpt lat="22.544394" lon="113.991535">
        <ele>21</ele>
        <time>2023-10-19T09:02:51Z</time>
      </trkpt>
      <trkpt lat="22.544394" lon="113.991506">
        <ele>21</ele>
        <time>2023-10-19T09:02:52Z</time>
      </trkpt>
      <trkpt lat="22.54439" lon="113.991476">
        <ele>21</ele>
        <time>2023-10-19T09:02:53Z</time>
      </trkpt>
      <trkpt lat="22.544387" lon="113.991446">
        <ele>21</ele>
        <time>2023-10-19T09:02:54Z</time>
      </trkpt>
      <trkpt lat="22.544381" lon="113.991408">
        <ele>21</ele>
        <time>2023-10-19T09:02:55Z</time>
      </trkpt>
      <trkpt lat="22.544375" lon="113.99137">
        <ele>21</ele>
        <time>2023-10-19T09:02:56Z</time>
      </trkpt>
      <trkpt lat="22.544376" lon="113.991326">
        <ele>20.9</ele>
        <time>2023-10-19T09:02:57Z</time>
      </trkpt>
      <trkpt lat="22.544368" lon="113.991292">
        <ele>20.9</ele>
        <time>2023-10-19T09:02:58Z</time>
      </trkpt>
      <trkpt lat="22.544356" lon="113.991262">
        <ele>20.9</ele>
        <time>2023-10-19T09:02:59Z</time>
      </trkpt>
      <trkpt lat="22.544344" lon="113.991232">
        <ele>20.9</ele>
        <time>2023-10-19T09:03:00Z</time>
      </trkpt>
      <trkpt lat="22.544331" lon="113.991195">
        <ele>20.9</ele>
        <time>2023-10-19T09:03:01Z</time>
      </trkpt>
      <trkpt lat="22.544324" lon="113.991169">
        <ele>20.9</ele>
        <time>2023-10-19T09:03:02Z</time>
      </trkpt>
      <trkpt lat="22.544325" lon="113.991146">
        <ele>20.9</ele>
        <time>2023-10-19T09:03:03Z</time>
      </trkpt>
      <trkpt lat="22.544326" lon="113.991117">
        <ele>20.9</ele>
        <time>2023-10-19T09:03:04Z</time>
      </trkpt>
      <trkpt lat="22.544325" lon="113.99108">
        <ele>20.9</ele>
        <time>2023-10-19T09:03:05Z</time>
      </trkpt>
      <trkpt lat="22.544325" lon="113.99103">
        <ele>20.9</ele>
        <time>2023-10-19T09:03:06Z</time>
      </trkpt>
      <trkpt lat="22.544328" lon="113.990983">
        <ele>20.9</ele>
        <time>2023-10-19T09:03:07Z</time>
      </trkpt>
      <trkpt lat="22.544332" lon="113.990936">
        <ele>20.9</ele>
        <time>2023-10-19T09:03:08Z</time>
      </trkpt>
      <trkpt lat="22.544336" lon="113.990897">
        <ele>21</ele>
        <time>2023-10-19T09:03:09Z</time>
      </trkpt>
      <trkpt lat="22.544344" lon="113.990852">
        <ele>21</ele>
        <time>2023-10-19T09:03:10Z</time>
      </trkpt>
      <trkpt lat="22.544347" lon="113.990813">
        <ele>21</ele>
        <time>2023-10-19T09:03:11Z</time>
      </trkpt>
      <trkpt lat="22.544349" lon="113.990768">
        <ele>21</ele>
        <time>2023-10-19T09:03:12Z</time>
      </trkpt>
      <trkpt lat="22.544354" lon="113.990716">
        <ele>21</ele>
        <time>2023-10-19T09:03:13Z</time>
      </trkpt>
      <trkpt lat="22.544357" lon="113.99067">
        <ele>21</ele>
        <time>2023-10-19T09:03:14Z</time>
      </trkpt>
      <trkpt lat="22.544362" lon="113.990611">
        <ele>21.1</ele>
        <time>2023-10-19T09:03:15Z</time>
      </trkpt>
      <trkpt lat="22.544369" lon="113.990556">
        <ele>21.1</ele>
        <time>2023-10-19T09:03:16Z</time>
      </trkpt>
      <trkpt lat="22.544375" lon="113.99051">
        <ele>21.1</ele>
        <time>2023-10-19T09:03:17Z</time>
      </trkpt>
      <trkpt lat="22.544383" lon="113.990464">
        <ele>21.1</ele>
        <time>2023-10-19T09:03:18Z</time>
      </trkpt>
      <trkpt lat="22.544386" lon="113.990412">
        <ele>21.1</ele>
        <time>2023-10-19T09:03:19Z</time>
      </trkpt>
      <trkpt lat="22.544392" lon="113.990358">
        <ele>21.1</ele>
        <time>2023-10-19T09:03:20Z</time>
      </trkpt>
      <trkpt lat="22.544398" lon="113.990304">
        <ele>21.2</ele>
        <time>2023-10-19T09:03:21Z</time>
      </trkpt>
      <trkpt lat="22.544405" lon="113.990252">
        <ele>21.2</ele>
        <time>2023-10-19T09:03:22Z</time>
      </trkpt>
      <trkpt lat="22.544412" lon="113.990204">
        <ele>21.2</ele>
        <time>2023-10-19T09:03:23Z</time>
      </trkpt>
      <trkpt lat="22.544419" lon="113.990159">
        <ele>21.2</ele>
        <time>2023-10-19T09:03:24Z</time>
      </trkpt>
      <trkpt lat="22.544427" lon="113.990112">
        <ele>21.2</ele>
        <time>2023-10-19T09:03:25Z</time>
      </trkpt>
      <trkpt lat="22.544431" lon="113.990067">
        <ele>21.2</ele>
        <time>2023-10-19T09:03:26Z</time>
      </trkpt>
      <trkpt lat="22.544436" lon="113.990022">
        <ele>21.2</ele>
        <time>2023-10-19T09:03:27Z</time>
      </trkpt>
      <trkpt lat="22.544439" lon="113.989976">
        <ele>21.3</ele>
        <time>2023-10-19T09:03:28Z</time>
      </trkpt>
      <trkpt lat="22.544447" lon="113.989929">
        <ele>21.3</ele>
        <time>2023-10-19T09:03:29Z</time>
      </trkpt>
      <trkpt lat="22.544452" lon="113.989878">
        <ele>21.3</ele>
        <time>2023-10-19T09:03:30Z</time>
      </trkpt>
      <trkpt lat="22.544457" lon="113.989842">
        <ele>21.3</ele>
        <time>2023-10-19T09:03:31Z</time>
      </trkpt>
      <trkpt lat="22.544458" lon="113.989813">
        <ele>21.3</ele>
        <time>2023-10-19T09:03:32Z</time>
      </trkpt>
      <trkpt lat="22.544461" lon="113.98977">
        <ele>21.3</ele>
        <time>2023-10-19T09:03:33Z</time>
      </trkpt>
      <trkpt lat="22.544465" lon="113.989729">
        <ele>21.3</ele>
        <time>2023-10-19T09:03:34Z</time>
      </trkpt>
      <trkpt lat="22.544468" lon="113.989685">
        <ele>21.4</ele>
        <time>2023-10-19T09:03:35Z</time>
      </trkpt>
      <trkpt lat="22.544473" lon="113.989632">
        <ele>21.4</ele>
        <time>2023-10-19T09:03:36Z</time>
      </trkpt>
      <trkpt lat="22.544474" lon="113.989579">
        <ele>21.4</ele>
        <time>2023-10-19T09:03:37Z</time>
      </trkpt>
      <trkpt lat="22.544478" lon="113.989539">
        <ele>21.4</ele>
        <time>2023-10-19T09:03:38Z</time>
      </trkpt>
      <trkpt lat="22.544479" lon="113.989489">
        <ele>21.4</ele>
        <time>2023-10-19T09:03:39Z</time>
      </trkpt>
      <trkpt lat="22.544479" lon="113.989441">
        <ele>21.4</ele>
        <time>2023-10-19T09:03:40Z</time>
      </trkpt>
      <trkpt lat="22.544483" lon="113.989389">
        <ele>21.4</ele>
        <time>2023-10-19T09:03:41Z</time>
      </trkpt>
      <trkpt lat="22.544486" lon="113.989349">
        <ele>21.5</ele>
        <time>2023-10-19T09:03:42Z</time>
      </trkpt>
      <trkpt lat="22.544492" lon="113.98931">
        <ele>21.5</ele>
        <time>2023-10-19T09:03:43Z</time>
      </trkpt>
      <trkpt lat="22.544496" lon="113.989265">
        <ele>21.5</ele>
        <time>2023-10-19T09:03:44Z</time>
      </trkpt>
      <trkpt lat="22.5445" lon="113.989226">
        <ele>21.5</ele>
        <time>2023-10-19T09:03:45Z</time>
      </trkpt>
      <trkpt lat="22.544508" lon="113.989182">
        <ele>21.5</ele>
        <time>2023-10-19T09:03:46Z</time>
      </trkpt>
      <trkpt lat="22.544518" lon="113.989131">
        <ele>21.5</ele>
        <time>2023-10-19T09:03:47Z</time>
      </trkpt>
      <trkpt lat="22.544524" lon="113.98909">
        <ele>21.5</ele>
        <time>2023-10-19T09:03:48Z</time>
      </trkpt>
      <trkpt lat="22.544527" lon="113.989038">
        <ele>21.5</ele>
        <time>2023-10-19T09:03:49Z</time>
      </trkpt>
      <trkpt lat="22.544533" lon="113.988978">
        <ele>21.5</ele>
        <time>2023-10-19T09:03:50Z</time>
      </trkpt>
      <trkpt lat="22.544538" lon="113.988935">
        <ele>21.4</ele>
        <time>2023-10-19T09:03:51Z</time>
      </trkpt>
      <trkpt lat="22.54454" lon="113.988886">
        <ele>21.4</ele>
        <time>2023-10-19T09:03:52Z</time>
      </trkpt>
      <trkpt lat="22.54454" lon="113.988838">
        <ele>21.4</ele>
        <time>2023-10-19T09:03:53Z</time>
      </trkpt>
      <trkpt lat="22.544544" lon="113.988805">
        <ele>21.4</ele>
        <time>2023-10-19T09:03:54Z</time>
      </trkpt>
      <trkpt lat="22.544557" lon="113.98875">
        <ele>21.4</ele>
        <time>2023-10-19T09:03:55Z</time>
      </trkpt>
      <trkpt lat="22.544574" lon="113.988682">
        <ele>21.3</ele>
        <time>2023-10-19T09:03:56Z</time>
      </trkpt>
      <trkpt lat="22.544583" lon="113.988614">
        <ele>21.3</ele>
        <time>2023-10-19T09:03:57Z</time>
      </trkpt>
      <trkpt lat="22.544586" lon="113.988564">
        <ele>21.3</ele>
        <time>2023-10-19T09:03:58Z</time>
      </trkpt>
      <trkpt lat="22.544586" lon="113.988517">
        <ele>21.3</ele>
        <time>2023-10-19T09:03:59Z</time>
      </trkpt>
      <trkpt lat="22.544588" lon="113.988472">
        <ele>21.2</ele>
        <time>2023-10-19T09:04:00Z</time>
      </trkpt>
      <trkpt lat="22.544593" lon="113.988433">
        <ele>21.2</ele>
        <time>2023-10-19T09:04:01Z</time>
      </trkpt>
      <trkpt lat="22.5446" lon="113.988401">
        <ele>21.2</ele>
        <time>2023-10-19T09:04:02Z</time>
      </trkpt>
      <trkpt lat="22.544605" lon="113.988365">
        <ele>21.2</ele>
        <time>2023-10-19T09:04:03Z</time>
      </trkpt>
      <trkpt lat="22.544613" lon="113.988333">
        <ele>21.2</ele>
        <time>2023-10-19T09:04:04Z</time>
      </trkpt>
      <trkpt lat="22.544623" lon="113.988308">
        <ele>21.2</ele>
        <time>2023-10-19T09:04:05Z</time>
      </trkpt>
      <trkpt lat="22.544629" lon="113.988279">
        <ele>21.1</ele>
        <time>2023-10-19T09:04:06Z</time>
      </trkpt>
      <trkpt lat="22.544633" lon="113.988241">
        <ele>21.1</ele>
        <time>2023-10-19T09:04:07Z</time>
      </trkpt>
      <trkpt lat="22.54464" lon="113.988216">
        <ele>21.1</ele>
        <time>2023-10-19T09:04:08Z</time>
      </trkpt>
      <trkpt lat="22.544645" lon="113.988193">
        <ele>21.1</ele>
        <time>2023-10-19T09:04:09Z</time>
      </trkpt>
      <trkpt lat="22.544653" lon="113.988164">
        <ele>21.1</ele>
        <time>2023-10-19T09:04:10Z</time>
      </trkpt>
      <trkpt lat="22.544663" lon="113.988134">
        <ele>21.1</ele>
        <time>2023-10-19T09:04:11Z</time>
      </trkpt>
      <trkpt lat="22.544672" lon="113.988104">
        <ele>21.1</ele>
        <time>2023-10-19T09:04:12Z</time>
      </trkpt>
      <trkpt lat="22.544679" lon="113.988067">
        <ele>21.1</ele>
        <time>2023-10-19T09:04:13Z</time>
      </trkpt>
      <trkpt lat="22.544691" lon="113.988028">
        <ele>21</ele>
        <time>2023-10-19T09:04:14Z</time>
      </trkpt>
      <trkpt lat="22.544704" lon="113.98799">
        <ele>21</ele>
        <time>2023-10-19T09:04:15Z</time>
      </trkpt>
      <trkpt lat="22.544714" lon="113.987952">
        <ele>21</ele>
        <time>2023-10-19T09:04:16Z</time>
      </trkpt>
      <trkpt lat="22.544728" lon="113.987921">
        <ele>21</ele>
        <time>2023-10-19T09:04:17Z</time>
      </trkpt>
      <trkpt lat="22.544744" lon="113.98789">
        <ele>21</ele>
        <time>2023-10-19T09:04:18Z</time>
      </trkpt>
      <trkpt lat="22.544759" lon="113.987859">
        <ele>21</ele>
        <time>2023-10-19T09:04:19Z</time>
      </trkpt>
      <trkpt lat="22.544777" lon="113.987824">
        <ele>20.9</ele>
        <time>2023-10-19T09:04:20Z</time>
      </trkpt>
      <trkpt lat="22.54479" lon="113.98778">
        <ele>20.9</ele>
        <time>2023-10-19T09:04:21Z</time>
      </trkpt>
      <trkpt lat="22.544803" lon="113.987739">
        <ele>20.9</ele>
        <time>2023-10-19T09:04:22Z</time>
      </trkpt>
      <trkpt lat="22.544819" lon="113.987713">
        <ele>20.9</ele>
        <time>2023-10-19T09:04:23Z</time>
      </trkpt>
      <trkpt lat="22.544841" lon="113.987672">
        <ele>20.9</ele>
        <time>2023-10-19T09:04:24Z</time>
      </trkpt>
      <trkpt lat="22.54486" lon="113.987632">
        <ele>20.8</ele>
        <time>2023-10-19T09:04:25Z</time>
      </trkpt>
      <trkpt lat="22.544874" lon="113.9876">
        <ele>20.8</ele>
        <time>2023-10-19T09:04:26Z</time>
      </trkpt>
      <trkpt lat="22.544887" lon="113.98757">
        <ele>20.8</ele>
        <time>2023-10-19T09:04:27Z</time>
      </trkpt>
      <trkpt lat="22.544905" lon="113.987545">
        <ele>20.8</ele>
        <time>2023-10-19T09:04:28Z</time>
      </trkpt>
      <trkpt lat="22.544921" lon="113.987522">
        <ele>20.8</ele>
        <time>2023-10-19T09:04:29Z</time>
      </trkpt>
      <trkpt lat="22.544937" lon="113.987493">
        <ele>20.8</ele>
        <time>2023-10-19T09:04:30Z</time>
      </trkpt>
      <trkpt lat="22.544955" lon="113.987462">
        <ele>20.8</ele>
        <time>2023-10-19T09:04:31Z</time>
      </trkpt>
      <trkpt lat="22.54497" lon="113.987439">
        <ele>20.7</ele>
        <time>2023-10-19T09:04:32Z</time>
      </trkpt>
      <trkpt lat="22.54498" lon="113.987421">
        <ele>20.7</ele>
        <time>2023-10-19T09:04:33Z</time>
      </trkpt>
      <trkpt lat="22.544999" lon="113.9874">
        <ele>20.7</ele>
        <time>2023-10-19T09:04:34Z</time>
      </trkpt>
      <trkpt lat="22.545019" lon="113.987378">
        <ele>20.7</ele>
        <time>2023-10-19T09:04:35Z</time>
      </trkpt>
      <trkpt lat="22.545039" lon="113.987354">
        <ele>20.7</ele>
        <time>2023-10-19T09:04:36Z</time>
      </trkpt>
      <trkpt lat="22.54506" lon="113.987331">
        <ele>20.7</ele>
        <time>2023-10-19T09:04:37Z</time>
      </trkpt>
      <trkpt lat="22.545076" lon="113.987315">
        <ele>20.7</ele>
        <time>2023-10-19T09:04:38Z</time>
      </trkpt>
      <trkpt lat="22.545091" lon="113.987293">
        <ele>20.7</ele>
        <time>2023-10-19T09:04:39Z</time>
      </trkpt>
      <trkpt lat="22.545108" lon="113.987264">
        <ele>20.6</ele>
        <time>2023-10-19T09:04:40Z</time>
      </trkpt>
      <trkpt lat="22.545131" lon="113.98724">
        <ele>20.6</ele>
        <time>2023-10-19T09:04:41Z</time>
      </trkpt>
      <trkpt lat="22.545157" lon="113.987212">
        <ele>20.6</ele>
        <time>2023-10-19T09:04:42Z</time>
      </trkpt>
      <trkpt lat="22.545182" lon="113.987186">
        <ele>20.6</ele>
        <time>2023-10-19T09:04:43Z</time>
      </trkpt>
      <trkpt lat="22.545199" lon="113.987158">
        <ele>20.6</ele>
        <time>2023-10-19T09:04:44Z</time>
      </trkpt>
      <trkpt lat="22.545218" lon="113.987127">
        <ele>20.6</ele>
        <time>2023-10-19T09:04:45Z</time>
      </trkpt>
      <trkpt lat="22.545239" lon="113.987096">
        <ele>20.6</ele>
        <time>2023-10-19T09:04:46Z</time>
      </trkpt>
      <trkpt lat="22.545261" lon="113.987066">
        <ele>20.6</ele>
        <time>2023-10-19T09:04:47Z</time>
      </trkpt>
      <trkpt lat="22.545287" lon="113.987036">
        <ele>20.5</ele>
        <time>2023-10-19T09:04:48Z</time>
      </trkpt>
      <trkpt lat="22.545312" lon="113.987005">
        <ele>20.5</ele>
        <time>2023-10-19T09:04:49Z</time>
      </trkpt>
      <trkpt lat="22.545334" lon="113.986981">
        <ele>20.5</ele>
        <time>2023-10-19T09:04:50Z</time>
      </trkpt>
      <trkpt lat="22.545357" lon="113.986952">
        <ele>20.5</ele>
        <time>2023-10-19T09:04:51Z</time>
      </trkpt>
      <trkpt lat="22.545383" lon="113.986927">
        <ele>20.5</ele>
        <time>2023-10-19T09:04:52Z</time>
      </trkpt>
      <trkpt lat="22.545404" lon="113.986904">
        <ele>20.5</ele>
        <time>2023-10-19T09:04:53Z</time>
      </trkpt>
      <trkpt lat="22.545429" lon="113.986875">
        <ele>20.4</ele>
        <time>2023-10-19T09:04:54Z</time>
      </trkpt>
      <trkpt lat="22.545447" lon="113.986851">
        <ele>20.4</ele>
        <time>2023-10-19T09:04:55Z</time>
      </trkpt>
      <trkpt lat="22.545467" lon="113.986829">
        <ele>20.4</ele>
        <time>2023-10-19T09:04:56Z</time>
      </trkpt>
      <trkpt lat="22.545489" lon="113.986811">
        <ele>20.4</ele>
        <time>2023-10-19T09:04:57Z</time>
      </trkpt>
      <trkpt lat="22.545509" lon="113.98679">
        <ele>20.4</ele>
        <time>2023-10-19T09:04:58Z</time>
      </trkpt>
      <trkpt lat="22.545535" lon="113.986755">
        <ele>20.4</ele>
        <time>2023-10-19T09:04:59Z</time>
      </trkpt>
      <trkpt lat="22.54556" lon="113.986729">
        <ele>20.4</ele>
        <time>2023-10-19T09:05:00Z</time>
      </trkpt>
      <trkpt lat="22.545584" lon="113.986705">
        <ele>20.4</ele>
        <time>2023-10-19T09:05:01Z</time>
      </trkpt>
      <trkpt lat="22.54561" lon="113.986677">
        <ele>20.3</ele>
        <time>2023-10-19T09:05:02Z</time>
      </trkpt>
      <trkpt lat="22.545636" lon="113.986647">
        <ele>20.3</ele>
        <time>2023-10-19T09:05:03Z</time>
      </trkpt>
      <trkpt lat="22.545661" lon="113.986616">
        <ele>20.3</ele>
        <time>2023-10-19T09:05:04Z</time>
      </trkpt>
      <trkpt lat="22.545686" lon="113.986592">
        <ele>20.3</ele>
        <time>2023-10-19T09:05:05Z</time>
      </trkpt>
      <trkpt lat="22.545708" lon="113.986563">
        <ele>20.3</ele>
        <time>2023-10-19T09:05:06Z</time>
      </trkpt>
      <trkpt lat="22.545733" lon="113.986539">
        <ele>20.3</ele>
        <time>2023-10-19T09:05:07Z</time>
      </trkpt>
      <trkpt lat="22.545749" lon="113.98651">
        <ele>20.3</ele>
        <time>2023-10-19T09:05:08Z</time>
      </trkpt>
      <trkpt lat="22.545755" lon="113.986491">
        <ele>20.2</ele>
        <time>2023-10-19T09:05:09Z</time>
      </trkpt>
      <trkpt lat="22.545768" lon="113.986464">
        <ele>20.2</ele>
        <time>2023-10-19T09:05:10Z</time>
      </trkpt>
      <trkpt lat="22.545786" lon="113.986433">
        <ele>20.2</ele>
        <time>2023-10-19T09:05:11Z</time>
      </trkpt>
      <trkpt lat="22.545808" lon="113.986403">
        <ele>20.2</ele>
        <time>2023-10-19T09:05:12Z</time>
      </trkpt>
      <trkpt lat="22.545833" lon="113.986372">
        <ele>20.2</ele>
        <time>2023-10-19T09:05:13Z</time>
      </trkpt>
      <trkpt lat="22.545859" lon="113.986348">
        <ele>20.2</ele>
        <time>2023-10-19T09:05:14Z</time>
      </trkpt>
      <trkpt lat="22.545882" lon="113.986319">
        <ele>20.2</ele>
        <time>2023-10-19T09:05:15Z</time>
      </trkpt>
      <trkpt lat="22.545905" lon="113.986288">
        <ele>20.1</ele>
        <time>2023-10-19T09:05:16Z</time>
      </trkpt>
      <trkpt lat="22.545928" lon="113.986258">
        <ele>20.1</ele>
        <time>2023-10-19T09:05:17Z</time>
      </trkpt>
      <trkpt lat="22.545954" lon="113.986233">
        <ele>20.1</ele>
        <time>2023-10-19T09:05:18Z</time>
      </trkpt>
      <trkpt lat="22.545981" lon="113.98621">
        <ele>20.1</ele>
        <time>2023-10-19T09:05:19Z</time>
      </trkpt>
      <trkpt lat="22.545995" lon="113.9862">
        <ele>20.1</ele>
        <time>2023-10-19T09:05:20Z</time>
      </trkpt>
      <trkpt lat="22.546008" lon="113.986186">
        <ele>20.1</ele>
        <time>2023-10-19T09:05:21Z</time>
      </trkpt>
      <trkpt lat="22.546029" lon="113.986159">
        <ele>20.1</ele>
        <time>2023-10-19T09:05:22Z</time>
      </trkpt>
      <trkpt lat="22.546054" lon="113.986122">
        <ele>20.1</ele>
        <time>2023-10-19T09:05:23Z</time>
      </trkpt>
      <trkpt lat="22.546074" lon="113.986096">
        <ele>20</ele>
        <time>2023-10-19T09:05:24Z</time>
      </trkpt>
      <trkpt lat="22.546101" lon="113.986061">
        <ele>20</ele>
        <time>2023-10-19T09:05:25Z</time>
      </trkpt>
      <trkpt lat="22.546129" lon="113.986029">
        <ele>20</ele>
        <time>2023-10-19T09:05:26Z</time>
      </trkpt>
      <trkpt lat="22.546162" lon="113.985991">
        <ele>20</ele>
        <time>2023-10-19T09:05:27Z</time>
      </trkpt>
      <trkpt lat="22.546189" lon="113.985966">
        <ele>20</ele>
        <time>2023-10-19T09:05:28Z</time>
      </trkpt>
      <trkpt lat="22.546212" lon="113.985937">
        <ele>20</ele>
        <time>2023-10-19T09:05:29Z</time>
      </trkpt>
      <trkpt lat="22.54624" lon="113.985901">
        <ele>19.9</ele>
        <time>2023-10-19T09:05:30Z</time>
      </trkpt>
      <trkpt lat="22.546273" lon="113.985862">
        <ele>20</ele>
        <time>2023-10-19T09:05:31Z</time>
      </trkpt>
      <trkpt lat="22.546303" lon="113.98583">
        <ele>20</ele>
        <time>2023-10-19T09:05:32Z</time>
      </trkpt>
      <trkpt lat="22.546334" lon="113.985786">
        <ele>20</ele>
        <time>2023-10-19T09:05:33Z</time>
      </trkpt>
      <trkpt lat="22.54636" lon="113.985747">
        <ele>20.1</ele>
        <time>2023-10-19T09:05:34Z</time>
      </trkpt>
      <trkpt lat="22.546386" lon="113.985716">
        <ele>20.1</ele>
        <time>2023-10-19T09:05:35Z</time>
      </trkpt>
      <trkpt lat="22.546414" lon="113.985685">
        <ele>20.1</ele>
        <time>2023-10-19T09:05:36Z</time>
      </trkpt>
      <trkpt lat="22.546438" lon="113.985661">
        <ele>20.2</ele>
        <time>2023-10-19T09:05:37Z</time>
      </trkpt>
      <trkpt lat="22.546455" lon="113.985631">
        <ele>20.2</ele>
        <time>2023-10-19T09:05:38Z</time>
      </trkpt>
      <trkpt lat="22.54647" lon="113.985614">
        <ele>20.2</ele>
        <time>2023-10-19T09:05:39Z</time>
      </trkpt>
      <trkpt lat="22.546488" lon="113.985592">
        <ele>20.2</ele>
        <time>2023-10-19T09:05:40Z</time>
      </trkpt>
      <trkpt lat="22.546502" lon="113.98557">
        <ele>20.2</ele>
        <time>2023-10-19T09:05:41Z</time>
      </trkpt>
      <trkpt lat="22.54652" lon="113.985547">
        <ele>20.3</ele>
        <time>2023-10-19T09:05:42Z</time>
      </trkpt>
      <trkpt lat="22.546543" lon="113.985524">
        <ele>20.3</ele>
        <time>2023-10-19T09:05:43Z</time>
      </trkpt>
      <trkpt lat="22.546569" lon="113.9855">
        <ele>20.3</ele>
        <time>2023-10-19T09:05:44Z</time>
      </trkpt>
      <trkpt lat="22.546591" lon="113.985478">
        <ele>20.3</ele>
        <time>2023-10-19T09:05:45Z</time>
      </trkpt>
      <trkpt lat="22.546607" lon="113.985455">
        <ele>20.4</ele>
        <time>2023-10-19T09:05:46Z</time>
      </trkpt>
      <trkpt lat="22.546629" lon="113.985426">
        <ele>20.4</ele>
        <time>2023-10-19T09:05:47Z</time>
      </trkpt>
      <trkpt lat="22.54665" lon="113.985396">
        <ele>20.4</ele>
        <time>2023-10-19T09:05:48Z</time>
      </trkpt>
      <trkpt lat="22.546675" lon="113.985365">
        <ele>20.4</ele>
        <time>2023-10-19T09:05:49Z</time>
      </trkpt>
      <trkpt lat="22.546697" lon="113.985335">
        <ele>20.5</ele>
        <time>2023-10-19T09:05:50Z</time>
      </trkpt>
      <trkpt lat="22.54672" lon="113.98531">
        <ele>20.5</ele>
        <time>2023-10-19T09:05:51Z</time>
      </trkpt>
      <trkpt lat="22.546743" lon="113.985281">
        <ele>20.5</ele>
        <time>2023-10-19T09:05:52Z</time>
      </trkpt>
      <trkpt lat="22.546761" lon="113.985263">
        <ele>20.5</ele>
        <time>2023-10-19T09:05:53Z</time>
      </trkpt>
      <trkpt lat="22.546781" lon="113.985242">
        <ele>20.6</ele>
        <time>2023-10-19T09:05:54Z</time>
      </trkpt>
      <trkpt lat="22.546799" lon="113.985219">
        <ele>20.6</ele>
        <time>2023-10-19T09:05:55Z</time>
      </trkpt>
      <trkpt lat="22.546816" lon="113.985202">
        <ele>20.6</ele>
        <time>2023-10-19T09:05:56Z</time>
      </trkpt>
      <trkpt lat="22.546833" lon="113.985181">
        <ele>20.6</ele>
        <time>2023-10-19T09:05:57Z</time>
      </trkpt>
      <trkpt lat="22.546851" lon="113.985158">
        <ele>20.6</ele>
        <time>2023-10-19T09:05:58Z</time>
      </trkpt>
      <trkpt lat="22.54687" lon="113.985128">
        <ele>20.7</ele>
        <time>2023-10-19T09:05:59Z</time>
      </trkpt>
      <trkpt lat="22.546882" lon="113.985105">
        <ele>20.7</ele>
        <time>2023-10-19T09:06:00Z</time>
      </trkpt>
      <trkpt lat="22.546895" lon="113.985087">
        <ele>20.7</ele>
        <time>2023-10-19T09:06:01Z</time>
      </trkpt>
      <trkpt lat="22.546915" lon="113.985066">
        <ele>20.7</ele>
        <time>2023-10-19T09:06:02Z</time>
      </trkpt>
      <trkpt lat="22.546942" lon="113.985037">
        <ele>20.7</ele>
        <time>2023-10-19T09:06:03Z</time>
      </trkpt>
      <trkpt lat="22.546966" lon="113.985012">
        <ele>20.8</ele>
        <time>2023-10-19T09:06:04Z</time>
      </trkpt>
      <trkpt lat="22.546997" lon="113.984983">
        <ele>20.8</ele>
        <time>2023-10-19T09:06:05Z</time>
      </trkpt>
      <trkpt lat="22.547018" lon="113.98496">
        <ele>20.8</ele>
        <time>2023-10-19T09:06:06Z</time>
      </trkpt>
      <trkpt lat="22.547036" lon="113.98493">
        <ele>20.8</ele>
        <time>2023-10-19T09:06:07Z</time>
      </trkpt>
      <trkpt lat="22.547056" lon="113.984906">
        <ele>20.9</ele>
        <time>2023-10-19T09:06:08Z</time>
      </trkpt>
      <trkpt lat="22.547078" lon="113.984883">
        <ele>20.9</ele>
        <time>2023-10-19T09:06:09Z</time>
      </trkpt>
      <trkpt lat="22.547099" lon="113.98486">
        <ele>20.9</ele>
        <time>2023-10-19T09:06:10Z</time>
      </trkpt>
      <trkpt lat="22.547124" lon="113.984849">
        <ele>20.9</ele>
        <time>2023-10-19T09:06:11Z</time>
      </trkpt>
      <trkpt lat="22.547153" lon="113.98483">
        <ele>21</ele>
        <time>2023-10-19T09:06:12Z</time>
      </trkpt>
      <trkpt lat="22.547182" lon="113.984807">
        <ele>21</ele>
        <time>2023-10-19T09:06:13Z</time>
      </trkpt>
      <trkpt lat="22.547208" lon="113.984784">
        <ele>21</ele>
        <time>2023-10-19T09:06:14Z</time>
      </trkpt>
      <trkpt lat="22.547236" lon="113.984755">
        <ele>21</ele>
        <time>2023-10-19T09:06:15Z</time>
      </trkpt>
      <trkpt lat="22.547263" lon="113.984718">
        <ele>21.1</ele>
        <time>2023-10-19T09:06:16Z</time>
      </trkpt>
      <trkpt lat="22.547288" lon="113.984692">
        <ele>21.1</ele>
        <time>2023-10-19T09:06:17Z</time>
      </trkpt>
      <trkpt lat="22.547314" lon="113.984663">
        <ele>21.1</ele>
        <time>2023-10-19T09:06:18Z</time>
      </trkpt>
      <trkpt lat="22.547335" lon="113.984638">
        <ele>21.2</ele>
        <time>2023-10-19T09:06:19Z</time>
      </trkpt>
      <trkpt lat="22.547357" lon="113.984616">
        <ele>21.2</ele>
        <time>2023-10-19T09:06:20Z</time>
      </trkpt>
      <trkpt lat="22.547388" lon="113.984586">
        <ele>21.2</ele>
        <time>2023-10-19T09:06:21Z</time>
      </trkpt>
      <trkpt lat="22.547417" lon="113.984556">
        <ele>21.2</ele>
        <time>2023-10-19T09:06:22Z</time>
      </trkpt>
      <trkpt lat="22.547442" lon="113.98452">
        <ele>21.3</ele>
        <time>2023-10-19T09:06:23Z</time>
      </trkpt>
      <trkpt lat="22.547474" lon="113.984474">
        <ele>21.3</ele>
        <time>2023-10-19T09:06:24Z</time>
      </trkpt>
      <trkpt lat="22.547502" lon="113.984441">
        <ele>21.4</ele>
        <time>2023-10-19T09:06:25Z</time>
      </trkpt>
      <trkpt lat="22.547532" lon="113.984404">
        <ele>21.4</ele>
        <time>2023-10-19T09:06:26Z</time>
      </trkpt>
      <trkpt lat="22.547559" lon="113.984373">
        <ele>21.5</ele>
        <time>2023-10-19T09:06:27Z</time>
      </trkpt>
      <trkpt lat="22.547583" lon="113.984337">
        <ele>21.6</ele>
        <time>2023-10-19T09:06:28Z</time>
      </trkpt>
      <trkpt lat="22.547615" lon="113.984304">
        <ele>21.6</ele>
        <time>2023-10-19T09:06:29Z</time>
      </trkpt>
      <trkpt lat="22.547644" lon="113.984268">
        <ele>21.7</ele>
        <time>2023-10-19T09:06:30Z</time>
      </trkpt>
      <trkpt lat="22.547671" lon="113.984223">
        <ele>21.8</ele>
        <time>2023-10-19T09:06:31Z</time>
      </trkpt>
      <trkpt lat="22.547701" lon="113.98419">
        <ele>21.8</ele>
        <time>2023-10-19T09:06:32Z</time>
      </trkpt>
      <trkpt lat="22.547726" lon="113.984154">
        <ele>21.9</ele>
        <time>2023-10-19T09:06:33Z</time>
      </trkpt>
      <trkpt lat="22.54775" lon="113.984121">
        <ele>22</ele>
        <time>2023-10-19T09:06:34Z</time>
      </trkpt>
      <trkpt lat="22.547776" lon="113.984091">
        <ele>22</ele>
        <time>2023-10-19T09:06:35Z</time>
      </trkpt>
      <trkpt lat="22.547797" lon="113.984059">
        <ele>22.1</ele>
        <time>2023-10-19T09:06:36Z</time>
      </trkpt>
      <trkpt lat="22.547811" lon="113.984036">
        <ele>22.1</ele>
        <time>2023-10-19T09:06:37Z</time>
      </trkpt>
      <trkpt lat="22.547832" lon="113.984013">
        <ele>22.1</ele>
        <time>2023-10-19T09:06:38Z</time>
      </trkpt>
      <trkpt lat="22.547852" lon="113.983991">
        <ele>22.2</ele>
        <time>2023-10-19T09:06:39Z</time>
      </trkpt>
      <trkpt lat="22.547866" lon="113.983968">
        <ele>22.2</ele>
        <time>2023-10-19T09:06:40Z</time>
      </trkpt>
      <trkpt lat="22.547892" lon="113.983944">
        <ele>22.3</ele>
        <time>2023-10-19T09:06:41Z</time>
      </trkpt>
      <trkpt lat="22.547925" lon="113.983914">
        <ele>22.3</ele>
        <time>2023-10-19T09:06:42Z</time>
      </trkpt>
      <trkpt lat="22.547951" lon="113.98389">
        <ele>22.4</ele>
        <time>2023-10-19T09:06:43Z</time>
      </trkpt>
      <trkpt lat="22.547974" lon="113.983867">
        <ele>22.4</ele>
        <time>2023-10-19T09:06:44Z</time>
      </trkpt>
      <trkpt lat="22.547994" lon="113.983846">
        <ele>22.5</ele>
        <time>2023-10-19T09:06:45Z</time>
      </trkpt>
      <trkpt lat="22.548016" lon="113.983822">
        <ele>22.5</ele>
        <time>2023-10-19T09:06:46Z</time>
      </trkpt>
      <trkpt lat="22.548035" lon="113.983793">
        <ele>22.6</ele>
        <time>2023-10-19T09:06:47Z</time>
      </trkpt>
      <trkpt lat="22.548055" lon="113.983763">
        <ele>22.6</ele>
        <time>2023-10-19T09:06:48Z</time>
      </trkpt>
      <trkpt lat="22.548075" lon="113.983745">
        <ele>22.7</ele>
        <time>2023-10-19T09:06:49Z</time>
      </trkpt>
      <trkpt lat="22.548092" lon="113.983723">
        <ele>22.7</ele>
        <time>2023-10-19T09:06:50Z</time>
      </trkpt>
      <trkpt lat="22.548102" lon="113.983719">
        <ele>22.7</ele>
        <time>2023-10-19T09:06:51Z</time>
      </trkpt>
      <trkpt lat="22.548111" lon="113.983706">
        <ele>22.7</ele>
        <time>2023-10-19T09:06:52Z</time>
      </trkpt>
      <trkpt lat="22.548121" lon="113.983697">
        <ele>22.8</ele>
        <time>2023-10-19T09:06:53Z</time>
      </trkpt>
      <trkpt lat="22.548129" lon="113.983683">
        <ele>22.8</ele>
        <time>2023-10-19T09:06:54Z</time>
      </trkpt>
      <trkpt lat="22.548143" lon="113.983668">
        <ele>22.8</ele>
        <time>2023-10-19T09:06:55Z</time>
      </trkpt>
      <trkpt lat="22.548155" lon="113.983659">
        <ele>22.8</ele>
        <time>2023-10-19T09:06:56Z</time>
      </trkpt>
      <trkpt lat="22.548169" lon="113.983652">
        <ele>22.9</ele>
        <time>2023-10-19T09:06:57Z</time>
      </trkpt>
      <trkpt lat="22.548182" lon="113.983631">
        <ele>22.9</ele>
        <time>2023-10-19T09:06:58Z</time>
      </trkpt>
      <trkpt lat="22.548203" lon="113.983609">
        <ele>22.9</ele>
        <time>2023-10-19T09:06:59Z</time>
      </trkpt>
      <trkpt lat="22.548224" lon="113.983586">
        <ele>23</ele>
        <time>2023-10-19T09:07:00Z</time>
      </trkpt>
      <trkpt lat="22.548243" lon="113.983562">
        <ele>23</ele>
        <time>2023-10-19T09:07:01Z</time>
      </trkpt>
      <trkpt lat="22.548257" lon="113.98354">
        <ele>23.1</ele>
        <time>2023-10-19T09:07:02Z</time>
      </trkpt>
      <trkpt lat="22.548266" lon="113.983523">
        <ele>23.1</ele>
        <time>2023-10-19T09:07:03Z</time>
      </trkpt>
      <trkpt lat="22.548291" lon="113.983508">
        <ele>23.1</ele>
        <time>2023-10-19T09:07:04Z</time>
      </trkpt>
      <trkpt lat="22.548316" lon="113.983493">
        <ele>23.2</ele>
        <time>2023-10-19T09:07:05Z</time>
      </trkpt>
      <trkpt lat="22.548336" lon="113.983471">
        <ele>23.2</ele>
        <time>2023-10-19T09:07:06Z</time>
      </trkpt>
      <trkpt lat="22.548357" lon="113.983449">
        <ele>23.3</ele>
        <time>2023-10-19T09:07:07Z</time>
      </trkpt>
      <trkpt lat="22.548384" lon="113.983413">
        <ele>23.3</ele>
        <time>2023-10-19T09:07:08Z</time>
      </trkpt>
      <trkpt lat="22.54841" lon="113.983387">
        <ele>23.4</ele>
        <time>2023-10-19T09:07:09Z</time>
      </trkpt>
      <trkpt lat="22.548441" lon="113.983358">
        <ele>23.4</ele>
        <time>2023-10-19T09:07:10Z</time>
      </trkpt>
      <trkpt lat="22.548462" lon="113.983334">
        <ele>23.5</ele>
        <time>2023-10-19T09:07:11Z</time>
      </trkpt>
      <trkpt lat="22.548475" lon="113.983311">
        <ele>23.5</ele>
        <time>2023-10-19T09:07:12Z</time>
      </trkpt>
      <trkpt lat="22.548499" lon="113.983282">
        <ele>23.6</ele>
        <time>2023-10-19T09:07:13Z</time>
      </trkpt>
      <trkpt lat="22.548533" lon="113.983246">
        <ele>23.6</ele>
        <time>2023-10-19T09:07:14Z</time>
      </trkpt>
      <trkpt lat="22.548562" lon="113.983201">
        <ele>23.7</ele>
        <time>2023-10-19T09:07:15Z</time>
      </trkpt>
      <trkpt lat="22.548593" lon="113.983161">
        <ele>23.8</ele>
        <time>2023-10-19T09:07:16Z</time>
      </trkpt>
      <trkpt lat="22.548625" lon="113.983122">
        <ele>23.9</ele>
        <time>2023-10-19T09:07:17Z</time>
      </trkpt>
      <trkpt lat="22.548659" lon="113.983084">
        <ele>23.9</ele>
        <time>2023-10-19T09:07:18Z</time>
      </trkpt>
      <trkpt lat="22.54869" lon="113.983045">
        <ele>24</ele>
        <time>2023-10-19T09:07:19Z</time>
      </trkpt>
      <trkpt lat="22.548721" lon="113.983007">
        <ele>24</ele>
        <time>2023-10-19T09:07:20Z</time>
      </trkpt>
      <trkpt lat="22.548749" lon="113.982972">
        <ele>24.1</ele>
        <time>2023-10-19T09:07:21Z</time>
      </trkpt>
      <trkpt lat="22.548776" lon="113.982938">
        <ele>24.1</ele>
        <time>2023-10-19T09:07:22Z</time>
      </trkpt>
      <trkpt lat="22.548796" lon="113.982913">
        <ele>24.2</ele>
        <time>2023-10-19T09:07:23Z</time>
      </trkpt>
      <trkpt lat="22.548814" lon="113.98289">
        <ele>24.2</ele>
        <time>2023-10-19T09:07:24Z</time>
      </trkpt>
      <trkpt lat="22.548829" lon="113.982875">
        <ele>24.2</ele>
        <time>2023-10-19T09:07:25Z</time>
      </trkpt>
      <trkpt lat="22.548845" lon="113.982859">
        <ele>24.2</ele>
        <time>2023-10-19T09:07:26Z</time>
      </trkpt>
      <trkpt lat="22.548858" lon="113.98285">
        <ele>24.2</ele>
        <time>2023-10-19T09:07:27Z</time>
      </trkpt>
      <trkpt lat="22.548868" lon="113.982836">
        <ele>24.2</ele>
        <time>2023-10-19T09:07:28Z</time>
      </trkpt>
      <trkpt lat="22.548878" lon="113.982822">
        <ele>24.3</ele>
        <time>2023-10-19T09:07:29Z</time>
      </trkpt>
      <trkpt lat="22.54889" lon="113.9828">
        <ele>24.3</ele>
        <time>2023-10-19T09:07:30Z</time>
      </trkpt>
      <trkpt lat="22.548915" lon="113.982762">
        <ele>24.3</ele>
        <time>2023-10-19T09:07:31Z</time>
      </trkpt>
      <trkpt lat="22.548944" lon="113.982719">
        <ele>24.4</ele>
        <time>2023-10-19T09:07:32Z</time>
      </trkpt>
      <trkpt lat="22.548965" lon="113.982693">
        <ele>24.4</ele>
        <time>2023-10-19T09:07:33Z</time>
      </trkpt>
      <trkpt lat="22.54899" lon="113.982665">
        <ele>24.4</ele>
        <time>2023-10-19T09:07:34Z</time>
      </trkpt>
      <trkpt lat="22.549007" lon="113.982646">
        <ele>24.5</ele>
        <time>2023-10-19T09:07:35Z</time>
      </trkpt>
      <trkpt lat="22.549019" lon="113.982631">
        <ele>24.5</ele>
        <time>2023-10-19T09:07:36Z</time>
      </trkpt>
      <trkpt lat="22.549041" lon="113.982603">
        <ele>24.5</ele>
        <time>2023-10-19T09:07:37Z</time>
      </trkpt>
      <trkpt lat="22.549065" lon="113.982567">
        <ele>24.5</ele>
        <time>2023-10-19T09:07:38Z</time>
      </trkpt>
      <trkpt lat="22.54909" lon="113.982534">
        <ele>24.6</ele>
        <time>2023-10-19T09:07:39Z</time>
      </trkpt>
      <trkpt lat="22.549114" lon="113.982498">
        <ele>24.6</ele>
        <time>2023-10-19T09:07:40Z</time>
      </trkpt>
      <trkpt lat="22.549135" lon="113.982466">
        <ele>24.6</ele>
        <time>2023-10-19T09:07:41Z</time>
      </trkpt>
      <trkpt lat="22.549161" lon="113.982423">
        <ele>24.7</ele>
        <time>2023-10-19T09:07:42Z</time>
      </trkpt>
      <trkpt lat="22.549184" lon="113.98239">
        <ele>24.7</ele>
        <time>2023-10-19T09:07:43Z</time>
      </trkpt>
      <trkpt lat="22.549209" lon="113.982353">
        <ele>24.8</ele>
        <time>2023-10-19T09:07:44Z</time>
      </trkpt>
      <trkpt lat="22.549232" lon="113.982314">
        <ele>24.8</ele>
        <time>2023-10-19T09:07:45Z</time>
      </trkpt>
      <trkpt lat="22.549255" lon="113.982282">
        <ele>24.8</ele>
        <time>2023-10-19T09:07:46Z</time>
      </trkpt>
      <trkpt lat="22.549274" lon="113.982246">
        <ele>24.9</ele>
        <time>2023-10-19T09:07:47Z</time>
      </trkpt>
      <trkpt lat="22.549287" lon="113.982215">
        <ele>24.9</ele>
        <time>2023-10-19T09:07:48Z</time>
      </trkpt>
      <trkpt lat="22.549303" lon="113.982184">
        <ele>24.9</ele>
        <time>2023-10-19T09:07:49Z</time>
      </trkpt>
      <trkpt lat="22.549321" lon="113.982147">
        <ele>25</ele>
        <time>2023-10-19T09:07:50Z</time>
      </trkpt>
      <trkpt lat="22.549337" lon="113.982118">
        <ele>25</ele>
        <time>2023-10-19T09:07:51Z</time>
      </trkpt>
      <trkpt lat="22.549352" lon="113.98209">
        <ele>25</ele>
        <time>2023-10-19T09:07:52Z</time>
      </trkpt>
      <trkpt lat="22.549376" lon="113.982064">
        <ele>25.1</ele>
        <time>2023-10-19T09:07:53Z</time>
      </trkpt>
      <trkpt lat="22.549402" lon="113.982037">
        <ele>25.1</ele>
        <time>2023-10-19T09:07:54Z</time>
      </trkpt>
      <trkpt lat="22.54942" lon="113.982014">
        <ele>25.1</ele>
        <time>2023-10-19T09:07:55Z</time>
      </trkpt>
      <trkpt lat="22.549437" lon="113.981985">
        <ele>25.1</ele>
        <time>2023-10-19T09:07:56Z</time>
      </trkpt>
      <trkpt lat="22.549458" lon="113.981951">
        <ele>25.2</ele>
        <time>2023-10-19T09:07:57Z</time>
      </trkpt>
      <trkpt lat="22.549481" lon="113.981916">
        <ele>25.2</ele>
        <time>2023-10-19T09:07:58Z</time>
      </trkpt>
      <trkpt lat="22.549495" lon="113.981892">
        <ele>25.2</ele>
        <time>2023-10-19T09:07:59Z</time>
      </trkpt>
      <trkpt lat="22.549514" lon="113.981857">
        <ele>25.3</ele>
        <time>2023-10-19T09:08:00Z</time>
      </trkpt>
      <trkpt lat="22.549532" lon="113.981831">
        <ele>25.3</ele>
        <time>2023-10-19T09:08:01Z</time>
      </trkpt>
      <trkpt lat="22.549548" lon="113.981808">
        <ele>25.3</ele>
        <time>2023-10-19T09:08:02Z</time>
      </trkpt>
      <trkpt lat="22.549565" lon="113.981785">
        <ele>25.4</ele>
        <time>2023-10-19T09:08:03Z</time>
      </trkpt>
      <trkpt lat="22.549583" lon="113.981761">
        <ele>25.4</ele>
        <time>2023-10-19T09:08:04Z</time>
      </trkpt>
      <trkpt lat="22.549597" lon="113.981745">
        <ele>25.4</ele>
        <time>2023-10-19T09:08:05Z</time>
      </trkpt>
      <trkpt lat="22.549612" lon="113.98173">
        <ele>25.4</ele>
        <time>2023-10-19T09:08:06Z</time>
      </trkpt>
      <trkpt lat="22.549624" lon="113.981708">
        <ele>25.4</ele>
        <time>2023-10-19T09:08:07Z</time>
      </trkpt>
      <trkpt lat="22.549635" lon="113.981686">
        <ele>25.5</ele>
        <time>2023-10-19T09:08:08Z</time>
      </trkpt>
      <trkpt lat="22.54965" lon="113.981663">
        <ele>25.5</ele>
        <time>2023-10-19T09:08:09Z</time>
      </trkpt>
      <trkpt lat="22.549663" lon="113.98164">
        <ele>25.5</ele>
        <time>2023-10-19T09:08:10Z</time>
      </trkpt>
      <trkpt lat="22.549675" lon="113.981623">
        <ele>25.5</ele>
        <time>2023-10-19T09:08:11Z</time>
      </trkpt>
      <trkpt lat="22.549694" lon="113.981602">
        <ele>25.6</ele>
        <time>2023-10-19T09:08:12Z</time>
      </trkpt>
      <trkpt lat="22.549714" lon="113.981576">
        <ele>25.6</ele>
        <time>2023-10-19T09:08:13Z</time>
      </trkpt>
      <trkpt lat="22.549735" lon="113.981549">
        <ele>25.6</ele>
        <time>2023-10-19T09:08:14Z</time>
      </trkpt>
      <trkpt lat="22.549747" lon="113.981525">
        <ele>25.6</ele>
        <time>2023-10-19T09:08:15Z</time>
      </trkpt>
      <trkpt lat="22.549757" lon="113.981496">
        <ele>25.6</ele>
        <time>2023-10-19T09:08:16Z</time>
      </trkpt>
      <trkpt lat="22.54977" lon="113.981466">
        <ele>25.6</ele>
        <time>2023-10-19T09:08:17Z</time>
      </trkpt>
      <trkpt lat="22.549788" lon="113.981448">
        <ele>25.6</ele>
        <time>2023-10-19T09:08:18Z</time>
      </trkpt>
      <trkpt lat="22.549813" lon="113.981433">
        <ele>25.6</ele>
        <time>2023-10-19T09:08:19Z</time>
      </trkpt>
      <trkpt lat="22.549835" lon="113.981414">
        <ele>25.6</ele>
        <time>2023-10-19T09:08:20Z</time>
      </trkpt>
      <trkpt lat="22.549856" lon="113.981394">
        <ele>25.5</ele>
        <time>2023-10-19T09:08:21Z</time>
      </trkpt>
      <trkpt lat="22.549874" lon="113.981366">
        <ele>25.5</ele>
        <time>2023-10-19T09:08:22Z</time>
      </trkpt>
      <trkpt lat="22.549888" lon="113.981342">
        <ele>25.5</ele>
        <time>2023-10-19T09:08:23Z</time>
      </trkpt>
      <trkpt lat="22.5499" lon="113.981319">
        <ele>25.5</ele>
        <time>2023-10-19T09:08:24Z</time>
      </trkpt>
      <trkpt lat="22.549912" lon="113.98129">
        <ele>25.5</ele>
        <time>2023-10-19T09:08:25Z</time>
      </trkpt>
      <trkpt lat="22.549925" lon="113.98126">
        <ele>25.4</ele>
        <time>2023-10-19T09:08:26Z</time>
      </trkpt>
      <trkpt lat="22.549938" lon="113.981236">
        <ele>25.4</ele>
        <time>2023-10-19T09:08:27Z</time>
      </trkpt>
      <trkpt lat="22.549959" lon="113.981201">
        <ele>25.4</ele>
        <time>2023-10-19T09:08:28Z</time>
      </trkpt>
      <trkpt lat="22.549981" lon="113.981165">
        <ele>25.4</ele>
        <time>2023-10-19T09:08:29Z</time>
      </trkpt>
      <trkpt lat="22.550003" lon="113.98113">
        <ele>25.3</ele>
        <time>2023-10-19T09:08:30Z</time>
      </trkpt>
      <trkpt lat="22.55002" lon="113.981102">
        <ele>25.3</ele>
        <time>2023-10-19T09:08:31Z</time>
      </trkpt>
      <trkpt lat="22.550035" lon="113.981076">
        <ele>25.3</ele>
        <time>2023-10-19T09:08:32Z</time>
      </trkpt>
      <trkpt lat="22.550042" lon="113.981041">
        <ele>25.3</ele>
        <time>2023-10-19T09:08:33Z</time>
      </trkpt>
      <trkpt lat="22.550049" lon="113.981002">
        <ele>25.2</ele>
        <time>2023-10-19T09:08:34Z</time>
      </trkpt>
      <trkpt lat="22.550075" lon="113.980965">
        <ele>25.2</ele>
        <time>2023-10-19T09:08:35Z</time>
      </trkpt>
      <trkpt lat="22.550099" lon="113.980942">
        <ele>25.2</ele>
        <time>2023-10-19T09:08:36Z</time>
      </trkpt>
      <trkpt lat="22.550121" lon="113.980922">
        <ele>25.2</ele>
        <time>2023-10-19T09:08:37Z</time>
      </trkpt>
      <trkpt lat="22.550134" lon="113.9809">
        <ele>25.2</ele>
        <time>2023-10-19T09:08:38Z</time>
      </trkpt>
      <trkpt lat="22.550147" lon="113.980884">
        <ele>25.1</ele>
        <time>2023-10-19T09:08:39Z</time>
      </trkpt>
      <trkpt lat="22.550159" lon="113.980868">
        <ele>25.1</ele>
        <time>2023-10-19T09:08:40Z</time>
      </trkpt>
      <trkpt lat="22.550168" lon="113.980853">
        <ele>25.1</ele>
        <time>2023-10-19T09:08:41Z</time>
      </trkpt>
      <trkpt lat="22.550179" lon="113.980832">
        <ele>25.1</ele>
        <time>2023-10-19T09:08:42Z</time>
      </trkpt>
      <trkpt lat="22.550192" lon="113.980809">
        <ele>25.1</ele>
        <time>2023-10-19T09:08:43Z</time>
      </trkpt>
      <trkpt lat="22.550202" lon="113.980785">
        <ele>25.1</ele>
        <time>2023-10-19T09:08:44Z</time>
      </trkpt>
      <trkpt lat="22.550215" lon="113.980768">
        <ele>25</ele>
        <time>2023-10-19T09:08:45Z</time>
      </trkpt>
      <trkpt lat="22.550223" lon="113.980753">
        <ele>25</ele>
        <time>2023-10-19T09:08:46Z</time>
      </trkpt>
      <trkpt lat="22.550231" lon="113.980738">
        <ele>25</ele>
        <time>2023-10-19T09:08:47Z</time>
      </trkpt>
      <trkpt lat="22.550238" lon="113.980723">
        <ele>25</ele>
        <time>2023-10-19T09:08:48Z</time>
      </trkpt>
      <trkpt lat="22.550252" lon="113.9807">
        <ele>25</ele>
        <time>2023-10-19T09:08:49Z</time>
      </trkpt>
      <trkpt lat="22.550259" lon="113.980685">
        <ele>25</ele>
        <time>2023-10-19T09:08:50Z</time>
      </trkpt>
      <trkpt lat="22.550264" lon="113.980663">
        <ele>25</ele>
        <time>2023-10-19T09:08:51Z</time>
      </trkpt>
      <trkpt lat="22.550261" lon="113.98066">
        <ele>25</ele>
        <time>2023-10-19T09:08:52Z</time>
      </trkpt>
      <trkpt lat="22.550259" lon="113.980641">
        <ele>25</ele>
        <time>2023-10-19T09:08:53Z</time>
      </trkpt>
      <trkpt lat="22.550265" lon="113.980618">
        <ele>24.9</ele>
        <time>2023-10-19T09:08:54Z</time>
      </trkpt>
      <trkpt lat="22.550275" lon="113.980593">
        <ele>24.9</ele>
        <time>2023-10-19T09:08:55Z</time>
      </trkpt>
      <trkpt lat="22.550298" lon="113.98054">
        <ele>24.9</ele>
        <time>2023-10-19T09:08:56Z</time>
      </trkpt>
      <trkpt lat="22.550309" lon="113.980504">
        <ele>24.9</ele>
        <time>2023-10-19T09:08:57Z</time>
      </trkpt>
      <trkpt lat="22.550316" lon="113.98048">
        <ele>24.8</ele>
        <time>2023-10-19T09:08:58Z</time>
      </trkpt>
      <trkpt lat="22.550323" lon="113.980464">
        <ele>24.8</ele>
        <time>2023-10-19T09:08:59Z</time>
      </trkpt>
      <trkpt lat="22.550336" lon="113.980448">
        <ele>24.8</ele>
        <time>2023-10-19T09:09:00Z</time>
      </trkpt>
      <trkpt lat="22.550351" lon="113.980433">
        <ele>24.8</ele>
        <time>2023-10-19T09:09:01Z</time>
      </trkpt>
      <trkpt lat="22.550372" lon="113.980427">
        <ele>24.8</ele>
        <time>2023-10-19T09:09:02Z</time>
      </trkpt>
      <trkpt lat="22.550393" lon="113.980424">
        <ele>24.8</ele>
        <time>2023-10-19T09:09:03Z</time>
      </trkpt>
      <trkpt lat="22.550407" lon="113.980416">
        <ele>24.8</ele>
        <time>2023-10-19T09:09:04Z</time>
      </trkpt>
      <trkpt lat="22.550416" lon="113.980409">
        <ele>24.7</ele>
        <time>2023-10-19T09:09:05Z</time>
      </trkpt>
      <trkpt lat="22.550419" lon="113.980401">
        <ele>24.7</ele>
        <time>2023-10-19T09:09:06Z</time>
      </trkpt>
      <trkpt lat="22.550425" lon="113.980394">
        <ele>24.7</ele>
        <time>2023-10-19T09:09:07Z</time>
      </trkpt>
      <trkpt lat="22.550426" lon="113.980392">
        <ele>24.7</ele>
        <time>2023-10-19T09:09:08Z</time>
      </trkpt>
      <trkpt lat="22.550433" lon="113.980392">
        <ele>24.7</ele>
        <time>2023-10-19T09:09:11Z</time>
      </trkpt>
      <trkpt lat="22.550436" lon="113.980371">
        <ele>24.7</ele>
        <time>2023-10-19T09:09:13Z</time>
      </trkpt>
      <trkpt lat="22.55043" lon="113.98035">
        <ele>24.7</ele>
        <time>2023-10-19T09:09:14Z</time>
      </trkpt>
      <trkpt lat="22.550414" lon="113.980324">
        <ele>24.7</ele>
        <time>2023-10-19T09:09:15Z</time>
      </trkpt>
      <trkpt lat="22.550397" lon="113.980298">
        <ele>24.7</ele>
        <time>2023-10-19T09:09:16Z</time>
      </trkpt>
      <trkpt lat="22.550379" lon="113.980268">
        <ele>24.6</ele>
        <time>2023-10-19T09:09:17Z</time>
      </trkpt>
      <trkpt lat="22.550362" lon="113.980244">
        <ele>24.6</ele>
        <time>2023-10-19T09:09:18Z</time>
      </trkpt>
      <trkpt lat="22.550345" lon="113.980221">
        <ele>24.6</ele>
        <time>2023-10-19T09:09:19Z</time>
      </trkpt>
      <trkpt lat="22.550328" lon="113.980179">
        <ele>24.6</ele>
        <time>2023-10-19T09:09:20Z</time>
      </trkpt>
      <trkpt lat="22.550319" lon="113.98014">
        <ele>24.5</ele>
        <time>2023-10-19T09:09:21Z</time>
      </trkpt>
      <trkpt lat="22.550316" lon="113.980102">
        <ele>24.5</ele>
        <time>2023-10-19T09:09:22Z</time>
      </trkpt>
      <trkpt lat="22.550318" lon="113.980082">
        <ele>24.5</ele>
        <time>2023-10-19T09:09:23Z</time>
      </trkpt>
      <trkpt lat="22.550321" lon="113.980067">
        <ele>24.5</ele>
        <time>2023-10-19T09:09:24Z</time>
      </trkpt>
      <trkpt lat="22.550325" lon="113.980058">
        <ele>24.5</ele>
        <time>2023-10-19T09:09:25Z</time>
      </trkpt>
      <trkpt lat="22.550327" lon="113.98005">
        <ele>24.5</ele>
        <time>2023-10-19T09:09:26Z</time>
      </trkpt>
      <trkpt lat="22.550326" lon="113.980049">
        <ele>24.5</ele>
        <time>2023-10-19T09:09:27Z</time>
      </trkpt>
      <trkpt lat="22.550325" lon="113.980049">
        <ele>24.5</ele>
        <time>2023-10-19T09:09:28Z</time>
      </trkpt>
      <trkpt lat="22.550283" lon="113.980048">
        <ele>24.4</ele>
        <time>2023-10-19T09:09:51Z</time>
      </trkpt>
      <trkpt lat="22.550286" lon="113.980076">
        <ele>24.4</ele>
        <time>2023-10-19T09:09:52Z</time>
      </trkpt>
      <trkpt lat="22.550289" lon="113.980113">
        <ele>24.4</ele>
        <time>2023-10-19T09:09:53Z</time>
      </trkpt>
      <trkpt lat="22.550298" lon="113.980151">
        <ele>24.4</ele>
        <time>2023-10-19T09:09:54Z</time>
      </trkpt>
      <trkpt lat="22.550318" lon="113.980182">
        <ele>24.4</ele>
        <time>2023-10-19T09:09:55Z</time>
      </trkpt>
      <trkpt lat="22.550348" lon="113.980219">
        <ele>24.4</ele>
        <time>2023-10-19T09:09:56Z</time>
      </trkpt>
      <trkpt lat="22.550377" lon="113.980251">
        <ele>24.4</ele>
        <time>2023-10-19T09:09:57Z</time>
      </trkpt>
      <trkpt lat="22.550402" lon="113.980282">
        <ele>24.4</ele>
        <time>2023-10-19T09:09:58Z</time>
      </trkpt>
      <trkpt lat="22.550419" lon="113.980318">
        <ele>24.4</ele>
        <time>2023-10-19T09:09:59Z</time>
      </trkpt>
      <trkpt lat="22.550424" lon="113.980351">
        <ele>24.4</ele>
        <time>2023-10-19T09:10:00Z</time>
      </trkpt>
      <trkpt lat="22.550421" lon="113.980381">
        <ele>24.4</ele>
        <time>2023-10-19T09:10:01Z</time>
      </trkpt>
      <trkpt lat="22.550417" lon="113.980405">
        <ele>24.4</ele>
        <time>2023-10-19T09:10:02Z</time>
      </trkpt>
      <trkpt lat="22.550407" lon="113.980421">
        <ele>24.4</ele>
        <time>2023-10-19T09:10:03Z</time>
      </trkpt>
      <trkpt lat="22.550389" lon="113.980436">
        <ele>24.4</ele>
        <time>2023-10-19T09:10:04Z</time>
      </trkpt>
      <trkpt lat="22.550372" lon="113.980451">
        <ele>24.4</ele>
        <time>2023-10-19T09:10:05Z</time>
      </trkpt>
      <trkpt lat="22.550359" lon="113.98048">
        <ele>24.4</ele>
        <time>2023-10-19T09:10:06Z</time>
      </trkpt>
      <trkpt lat="22.550345" lon="113.980516">
        <ele>24.4</ele>
        <time>2023-10-19T09:10:07Z</time>
      </trkpt>
      <trkpt lat="22.550331" lon="113.980548">
        <ele>24.4</ele>
        <time>2023-10-19T09:10:08Z</time>
      </trkpt>
      <trkpt lat="22.550314" lon="113.98058">
        <ele>24.4</ele>
        <time>2023-10-19T09:10:09Z</time>
      </trkpt>
      <trkpt lat="22.550304" lon="113.98059">
        <ele>24.4</ele>
        <time>2023-10-19T09:10:10Z</time>
      </trkpt>
      <trkpt lat="22.550288" lon="113.980611">
        <ele>24.4</ele>
        <time>2023-10-19T09:10:11Z</time>
      </trkpt>
      <trkpt lat="22.550262" lon="113.98064">
        <ele>24.4</ele>
        <time>2023-10-19T09:10:12Z</time>
      </trkpt>
      <trkpt lat="22.550239" lon="113.980678">
        <ele>24.4</ele>
        <time>2023-10-19T09:10:13Z</time>
      </trkpt>
      <trkpt lat="22.550216" lon="113.980696">
        <ele>24.4</ele>
        <time>2023-10-19T09:10:14Z</time>
      </trkpt>
      <trkpt lat="22.550196" lon="113.980711">
        <ele>24.4</ele>
        <time>2023-10-19T09:10:15Z</time>
      </trkpt>
      <trkpt lat="22.550182" lon="113.980739">
        <ele>24.4</ele>
        <time>2023-10-19T09:10:16Z</time>
      </trkpt>
      <trkpt lat="22.550172" lon="113.98077">
        <ele>24.4</ele>
        <time>2023-10-19T09:10:17Z</time>
      </trkpt>
      <trkpt lat="22.550174" lon="113.980787">
        <ele>24.4</ele>
        <time>2023-10-19T09:10:18Z</time>
      </trkpt>
      <trkpt lat="22.550168" lon="113.980809">
        <ele>24.4</ele>
        <time>2023-10-19T09:10:19Z</time>
      </trkpt>
      <trkpt lat="22.55016" lon="113.980832">
        <ele>24.4</ele>
        <time>2023-10-19T09:10:20Z</time>
      </trkpt>
      <trkpt lat="22.550151" lon="113.980848">
        <ele>24.4</ele>
        <time>2023-10-19T09:10:21Z</time>
      </trkpt>
      <trkpt lat="22.55014" lon="113.980863">
        <ele>24.4</ele>
        <time>2023-10-19T09:10:22Z</time>
      </trkpt>
      <trkpt lat="22.550134" lon="113.980872">
        <ele>24.4</ele>
        <time>2023-10-19T09:10:23Z</time>
      </trkpt>
      <trkpt lat="22.550121" lon="113.980886">
        <ele>24.4</ele>
        <time>2023-10-19T09:10:24Z</time>
      </trkpt>
      <trkpt lat="22.550105" lon="113.980915">
        <ele>24.4</ele>
        <time>2023-10-19T09:10:25Z</time>
      </trkpt>
      <trkpt lat="22.550079" lon="113.980939">
        <ele>24.4</ele>
        <time>2023-10-19T09:10:26Z</time>
      </trkpt>
      <trkpt lat="22.550064" lon="113.980968">
        <ele>24.4</ele>
        <time>2023-10-19T09:10:27Z</time>
      </trkpt>
      <trkpt lat="22.550046" lon="113.980992">
        <ele>24.4</ele>
        <time>2023-10-19T09:10:28Z</time>
      </trkpt>
      <trkpt lat="22.550033" lon="113.981028">
        <ele>24.4</ele>
        <time>2023-10-19T09:10:29Z</time>
      </trkpt>
      <trkpt lat="22.55002" lon="113.981059">
        <ele>24.4</ele>
        <time>2023-10-19T09:10:30Z</time>
      </trkpt>
      <trkpt lat="22.550012" lon="113.981077">
        <ele>24.4</ele>
        <time>2023-10-19T09:10:31Z</time>
      </trkpt>
      <trkpt lat="22.549999" lon="113.981105">
        <ele>24.4</ele>
        <time>2023-10-19T09:10:32Z</time>
      </trkpt>
      <trkpt lat="22.549986" lon="113.98113">
        <ele>24.4</ele>
        <time>2023-10-19T09:10:33Z</time>
      </trkpt>
      <trkpt lat="22.549968" lon="113.981171">
        <ele>24.4</ele>
        <time>2023-10-19T09:10:34Z</time>
      </trkpt>
      <trkpt lat="22.549955" lon="113.981211">
        <ele>24.4</ele>
        <time>2023-10-19T09:10:35Z</time>
      </trkpt>
      <trkpt lat="22.549944" lon="113.981243">
        <ele>24.4</ele>
        <time>2023-10-19T09:10:36Z</time>
      </trkpt>
      <trkpt lat="22.549932" lon="113.981266">
        <ele>24.4</ele>
        <time>2023-10-19T09:10:37Z</time>
      </trkpt>
      <trkpt lat="22.549921" lon="113.98129">
        <ele>24.4</ele>
        <time>2023-10-19T09:10:38Z</time>
      </trkpt>
      <trkpt lat="22.549904" lon="113.981319">
        <ele>24.4</ele>
        <time>2023-10-19T09:10:39Z</time>
      </trkpt>
      <trkpt lat="22.549889" lon="113.981343">
        <ele>24.4</ele>
        <time>2023-10-19T09:10:40Z</time>
      </trkpt>
      <trkpt lat="22.54988" lon="113.981346">
        <ele>24.4</ele>
        <time>2023-10-19T09:10:41Z</time>
      </trkpt>
      <trkpt lat="22.549879" lon="113.981346">
        <ele>24.4</ele>
        <time>2023-10-19T09:10:42Z</time>
      </trkpt>
      <trkpt lat="22.549871" lon="113.98134">
        <ele>24.4</ele>
        <time>2023-10-19T09:10:43Z</time>
      </trkpt>
      <trkpt lat="22.549865" lon="113.981339">
        <ele>24.4</ele>
        <time>2023-10-19T09:10:44Z</time>
      </trkpt>
      <trkpt lat="22.549864" lon="113.981339">
        <ele>24.4</ele>
        <time>2023-10-19T09:10:45Z</time>
      </trkpt>
      <trkpt lat="22.549856" lon="113.981332">
        <ele>24.4</ele>
        <time>2023-10-19T09:10:46Z</time>
      </trkpt>
      <trkpt lat="22.549848" lon="113.981331">
        <ele>24.4</ele>
        <time>2023-10-19T09:10:47Z</time>
      </trkpt>
      <trkpt lat="22.549838" lon="113.981331">
        <ele>24.4</ele>
        <time>2023-10-19T09:10:48Z</time>
      </trkpt>
      <trkpt lat="22.549837" lon="113.981331">
        <ele>24.4</ele>
        <time>2023-10-19T09:10:49Z</time>
      </trkpt>
      <trkpt lat="22.550185" lon="113.981071">
        <ele>24.4</ele>
        <time>2023-10-19T09:12:12Z</time>
      </trkpt>
      <trkpt lat="22.550209" lon="113.981065">
        <ele>24.4</ele>
        <time>2023-10-19T09:12:13Z</time>
      </trkpt>
      <trkpt lat="22.550232" lon="113.981064">
        <ele>24.4</ele>
        <time>2023-10-19T09:12:14Z</time>
      </trkpt>
      <trkpt lat="22.550253" lon="113.981057">
        <ele>24.4</ele>
        <time>2023-10-19T09:12:15Z</time>
      </trkpt>
      <trkpt lat="22.55027" lon="113.981056">
        <ele>24.4</ele>
        <time>2023-10-19T09:12:16Z</time>
      </trkpt>
      <trkpt lat="22.550289" lon="113.981063">
        <ele>24.4</ele>
        <time>2023-10-19T09:12:17Z</time>
      </trkpt>
      <trkpt lat="22.55031" lon="113.981071">
        <ele>24.4</ele>
        <time>2023-10-19T09:12:18Z</time>
      </trkpt>
      <trkpt lat="22.550324" lon="113.981071">
        <ele>24.4</ele>
        <time>2023-10-19T09:12:19Z</time>
      </trkpt>
    </trkseg>
  </trk>
</gpx>