<?xml version="1.0" encoding="UTF-8"?>
<gpx xmlns="http://www.topografix.com/GPX/1/1" xmlns:xsi="http://www.w3.org/2001/XMLSchema-instance" xsi:schemaLocation="http://www.topografix.com/GPX/1/1 http://www.topografix.com/GPX/1/1/gpx.xsd" version="1.1" creator="鹏">
  <metadata>
    <name>🚴XC (Completed)</name>
    <desc>Distance: 37.763km, Estimated duration: 2.35h, Elevation up: 170.63621242742335m, Elevation down: 168.22262286483326m</desc>
    <author>
      <name>鹏</name>
      <link href="https://www.komoot.de/user/3342641231843">
        <text>View 鹏's Profile on Komoot</text>
      </link>
    </author>
    <link href="https://www.komoot.de/tour/1534706427">
      <text>View tour on Komoot</text>
    </link>
  </metadata>
  <trk>
    <name>🚴XC (Completed)</name>
    <desc>Distance: 37.763km, Estimated duration: 2.35h, Elevation up: 170.63621242742335m, Elevation down: 168.22262286483326m</desc>
    <link href="https://www.komoot.de/tour/1534706427">
      <text>View tour on Komoot</text>
    </link>
    <trkseg>
      <trkpt lat="22.22806" lon="113.298538">
        <ele>5</ele>
        <time>2024-04-27T07:02:24Z</time>
      </trkpt>
      <trkpt lat="22.22805" lon="113.298518">
        <ele>5</ele>
        <time>2024-04-27T07:02:25Z</time>
      </trkpt>
      <trkpt lat="22.228036" lon="113.298493">
        <ele>5</ele>
        <time>2024-04-27T07:02:26Z</time>
      </trkpt>
      <trkpt lat="22.228021" lon="113.298463">
        <ele>5</ele>
        <time>2024-04-27T07:02:27Z</time>
      </trkpt>
      <trkpt lat="22.228009" lon="113.298432">
        <ele>5</ele>
        <time>2024-04-27T07:02:28Z</time>
      </trkpt>
      <trkpt lat="22.227997" lon="113.298402">
        <ele>5</ele>
        <time>2024-04-27T07:02:29Z</time>
      </trkpt>
      <trkpt lat="22.227986" lon="113.298371">
        <ele>5</ele>
        <time>2024-04-27T07:02:30Z</time>
      </trkpt>
      <trkpt lat="22.227974" lon="113.298341">
        <ele>5</ele>
        <time>2024-04-27T07:02:31Z</time>
      </trkpt>
      <trkpt lat="22.227962" lon="113.29831">
        <ele>5</ele>
        <time>2024-04-27T07:02:32Z</time>
      </trkpt>
      <trkpt lat="22.227948" lon="113.298283">
        <ele>5</ele>
        <time>2024-04-27T07:02:33Z</time>
      </trkpt>
      <trkpt lat="22.227932" lon="113.29826">
        <ele>5</ele>
        <time>2024-04-27T07:02:34Z</time>
      </trkpt>
      <trkpt lat="22.227919" lon="113.298234">
        <ele>5</ele>
        <time>2024-04-27T07:02:35Z</time>
      </trkpt>
      <trkpt lat="22.227909" lon="113.298204">
        <ele>5</ele>
        <time>2024-04-27T07:02:36Z</time>
      </trkpt>
      <trkpt lat="22.227899" lon="113.298173">
        <ele>5</ele>
        <time>2024-04-27T07:02:37Z</time>
      </trkpt>
      <trkpt lat="22.227887" lon="113.298143">
        <ele>5</ele>
        <time>2024-04-27T07:02:38Z</time>
      </trkpt>
      <trkpt lat="22.227872" lon="113.298112">
        <ele>5</ele>
        <time>2024-04-27T07:02:39Z</time>
      </trkpt>
      <trkpt lat="22.22786" lon="113.298082">
        <ele>5</ele>
        <time>2024-04-27T07:02:40Z</time>
      </trkpt>
      <trkpt lat="22.227847" lon="113.298048">
        <ele>5</ele>
        <time>2024-04-27T07:02:41Z</time>
      </trkpt>
      <trkpt lat="22.227831" lon="113.298009">
        <ele>5</ele>
        <time>2024-04-27T07:02:42Z</time>
      </trkpt>
      <trkpt lat="22.227814" lon="113.297971">
        <ele>5</ele>
        <time>2024-04-27T07:02:43Z</time>
      </trkpt>
      <trkpt lat="22.227798" lon="113.297933">
        <ele>5</ele>
        <time>2024-04-27T07:02:44Z</time>
      </trkpt>
      <trkpt lat="22.227783" lon="113.297891">
        <ele>5</ele>
        <time>2024-04-27T07:02:45Z</time>
      </trkpt>
      <trkpt lat="22.227768" lon="113.297849">
        <ele>5</ele>
        <time>2024-04-27T07:02:46Z</time>
      </trkpt>
      <trkpt lat="22.227751" lon="113.297811">
        <ele>5</ele>
        <time>2024-04-27T07:02:47Z</time>
      </trkpt>
      <trkpt lat="22.227732" lon="113.297773">
        <ele>5</ele>
        <time>2024-04-27T07:02:48Z</time>
      </trkpt>
      <trkpt lat="22.227713" lon="113.297732">
        <ele>5</ele>
        <time>2024-04-27T07:02:49Z</time>
      </trkpt>
      <trkpt lat="22.227692" lon="113.297689">
        <ele>5</ele>
        <time>2024-04-27T07:02:50Z</time>
      </trkpt>
      <trkpt lat="22.227673" lon="113.297648">
        <ele>5</ele>
        <time>2024-04-27T07:02:51Z</time>
      </trkpt>
      <trkpt lat="22.227652" lon="113.297602">
        <ele>4.9</ele>
        <time>2024-04-27T07:02:52Z</time>
      </trkpt>
      <trkpt lat="22.227633" lon="113.297555">
        <ele>4.8</ele>
        <time>2024-04-27T07:02:53Z</time>
      </trkpt>
      <trkpt lat="22.227614" lon="113.297513">
        <ele>4.7</ele>
        <time>2024-04-27T07:02:54Z</time>
      </trkpt>
      <trkpt lat="22.227596" lon="113.297472">
        <ele>4.6</ele>
        <time>2024-04-27T07:02:55Z</time>
      </trkpt>
      <trkpt lat="22.227577" lon="113.297426">
        <ele>4.5</ele>
        <time>2024-04-27T07:02:56Z</time>
      </trkpt>
      <trkpt lat="22.227555" lon="113.29738">
        <ele>4.4</ele>
        <time>2024-04-27T07:02:57Z</time>
      </trkpt>
      <trkpt lat="22.227533" lon="113.297331">
        <ele>4.4</ele>
        <time>2024-04-27T07:02:58Z</time>
      </trkpt>
      <trkpt lat="22.227513" lon="113.297281">
        <ele>4.3</ele>
        <time>2024-04-27T07:02:59Z</time>
      </trkpt>
      <trkpt lat="22.227495" lon="113.297232">
        <ele>4.2</ele>
        <time>2024-04-27T07:03:00Z</time>
      </trkpt>
      <trkpt lat="22.227478" lon="113.297183">
        <ele>4.1</ele>
        <time>2024-04-27T07:03:01Z</time>
      </trkpt>
      <trkpt lat="22.22746" lon="113.297138">
        <ele>4</ele>
        <time>2024-04-27T07:03:02Z</time>
      </trkpt>
      <trkpt lat="22.227438" lon="113.297091">
        <ele>3.9</ele>
        <time>2024-04-27T07:03:03Z</time>
      </trkpt>
      <trkpt lat="22.227411" lon="113.297045">
        <ele>3.8</ele>
        <time>2024-04-27T07:03:04Z</time>
      </trkpt>
      <trkpt lat="22.227387" lon="113.296995">
        <ele>3.7</ele>
        <time>2024-04-27T07:03:05Z</time>
      </trkpt>
      <trkpt lat="22.227366" lon="113.296946">
        <ele>3.6</ele>
        <time>2024-04-27T07:03:06Z</time>
      </trkpt>
      <trkpt lat="22.227345" lon="113.296897">
        <ele>3.5</ele>
        <time>2024-04-27T07:03:07Z</time>
      </trkpt>
      <trkpt lat="22.227323" lon="113.296843">
        <ele>3.4</ele>
        <time>2024-04-27T07:03:08Z</time>
      </trkpt>
      <trkpt lat="22.227301" lon="113.296793">
        <ele>3.3</ele>
        <time>2024-04-27T07:03:09Z</time>
      </trkpt>
      <trkpt lat="22.227279" lon="113.296744">
        <ele>3.2</ele>
        <time>2024-04-27T07:03:10Z</time>
      </trkpt>
      <trkpt lat="22.227255" lon="113.29669">
        <ele>3.1</ele>
        <time>2024-04-27T07:03:11Z</time>
      </trkpt>
      <trkpt lat="22.227232" lon="113.296637">
        <ele>3</ele>
        <time>2024-04-27T07:03:12Z</time>
      </trkpt>
      <trkpt lat="22.22721" lon="113.296583">
        <ele>2.9</ele>
        <time>2024-04-27T07:03:13Z</time>
      </trkpt>
      <trkpt lat="22.227186" lon="113.29653">
        <ele>2.8</ele>
        <time>2024-04-27T07:03:14Z</time>
      </trkpt>
      <trkpt lat="22.227163" lon="113.296481">
        <ele>2.7</ele>
        <time>2024-04-27T07:03:15Z</time>
      </trkpt>
      <trkpt lat="22.227139" lon="113.296431">
        <ele>2.6</ele>
        <time>2024-04-27T07:03:16Z</time>
      </trkpt>
      <trkpt lat="22.227115" lon="113.296378">
        <ele>2.5</ele>
        <time>2024-04-27T07:03:17Z</time>
      </trkpt>
      <trkpt lat="22.227094" lon="113.296324">
        <ele>2.4</ele>
        <time>2024-04-27T07:03:18Z</time>
      </trkpt>
      <trkpt lat="22.227079" lon="113.296274">
        <ele>2.3</ele>
        <time>2024-04-27T07:03:19Z</time>
      </trkpt>
      <trkpt lat="22.22707" lon="113.296233">
        <ele>2.3</ele>
        <time>2024-04-27T07:03:20Z</time>
      </trkpt>
      <trkpt lat="22.227072" lon="113.296198">
        <ele>2.2</ele>
        <time>2024-04-27T07:03:21Z</time>
      </trkpt>
      <trkpt lat="22.227088" lon="113.296174">
        <ele>2.2</ele>
        <time>2024-04-27T07:03:22Z</time>
      </trkpt>
      <trkpt lat="22.227114" lon="113.296162">
        <ele>2.1</ele>
        <time>2024-04-27T07:03:23Z</time>
      </trkpt>
      <trkpt lat="22.227138" lon="113.296144">
        <ele>2.1</ele>
        <time>2024-04-27T07:03:24Z</time>
      </trkpt>
      <trkpt lat="22.227158" lon="113.296114">
        <ele>2</ele>
        <time>2024-04-27T07:03:25Z</time>
      </trkpt>
      <trkpt lat="22.227179" lon="113.296084">
        <ele>1.9</ele>
        <time>2024-04-27T07:03:26Z</time>
      </trkpt>
      <trkpt lat="22.227208" lon="113.296052">
        <ele>1.8</ele>
        <time>2024-04-27T07:03:27Z</time>
      </trkpt>
      <trkpt lat="22.227241" lon="113.296023">
        <ele>1.8</ele>
        <time>2024-04-27T07:03:28Z</time>
      </trkpt>
      <trkpt lat="22.227277" lon="113.295993">
        <ele>1.7</ele>
        <time>2024-04-27T07:03:29Z</time>
      </trkpt>
      <trkpt lat="22.227315" lon="113.295962">
        <ele>1.6</ele>
        <time>2024-04-27T07:03:30Z</time>
      </trkpt>
      <trkpt lat="22.227355" lon="113.295929">
        <ele>1.6</ele>
        <time>2024-04-27T07:03:31Z</time>
      </trkpt>
      <trkpt lat="22.227394" lon="113.295893">
        <ele>1.6</ele>
        <time>2024-04-27T07:03:32Z</time>
      </trkpt>
      <trkpt lat="22.227432" lon="113.295863">
        <ele>1.6</ele>
        <time>2024-04-27T07:03:33Z</time>
      </trkpt>
      <trkpt lat="22.227471" lon="113.295832">
        <ele>1.5</ele>
        <time>2024-04-27T07:03:34Z</time>
      </trkpt>
      <trkpt lat="22.227508" lon="113.295803">
        <ele>1.5</ele>
        <time>2024-04-27T07:03:35Z</time>
      </trkpt>
      <trkpt lat="22.227546" lon="113.295769">
        <ele>1.5</ele>
        <time>2024-04-27T07:03:36Z</time>
      </trkpt>
      <trkpt lat="22.227588" lon="113.29573">
        <ele>1.5</ele>
        <time>2024-04-27T07:03:37Z</time>
      </trkpt>
      <trkpt lat="22.227629" lon="113.295694">
        <ele>1.5</ele>
        <time>2024-04-27T07:03:38Z</time>
      </trkpt>
      <trkpt lat="22.227667" lon="113.295661">
        <ele>1.5</ele>
        <time>2024-04-27T07:03:39Z</time>
      </trkpt>
      <trkpt lat="22.227704" lon="113.295627">
        <ele>1.4</ele>
        <time>2024-04-27T07:03:40Z</time>
      </trkpt>
      <trkpt lat="22.227745" lon="113.295596">
        <ele>1.4</ele>
        <time>2024-04-27T07:03:41Z</time>
      </trkpt>
      <trkpt lat="22.227784" lon="113.295562">
        <ele>1.4</ele>
        <time>2024-04-27T07:03:42Z</time>
      </trkpt>
      <trkpt lat="22.227825" lon="113.295527">
        <ele>1.4</ele>
        <time>2024-04-27T07:03:43Z</time>
      </trkpt>
      <trkpt lat="22.227864" lon="113.295497">
        <ele>1.4</ele>
        <time>2024-04-27T07:03:44Z</time>
      </trkpt>
      <trkpt lat="22.227904" lon="113.295464">
        <ele>1.3</ele>
        <time>2024-04-27T07:03:45Z</time>
      </trkpt>
      <trkpt lat="22.227944" lon="113.295429">
        <ele>1.3</ele>
        <time>2024-04-27T07:03:46Z</time>
      </trkpt>
      <trkpt lat="22.227983" lon="113.295395">
        <ele>1.3</ele>
        <time>2024-04-27T07:03:47Z</time>
      </trkpt>
      <trkpt lat="22.228022" lon="113.29536">
        <ele>1.3</ele>
        <time>2024-04-27T07:03:48Z</time>
      </trkpt>
      <trkpt lat="22.228061" lon="113.295326">
        <ele>1.3</ele>
        <time>2024-04-27T07:03:49Z</time>
      </trkpt>
      <trkpt lat="22.228099" lon="113.295291">
        <ele>1.2</ele>
        <time>2024-04-27T07:03:50Z</time>
      </trkpt>
      <trkpt lat="22.228138" lon="113.29526">
        <ele>1.2</ele>
        <time>2024-04-27T07:03:51Z</time>
      </trkpt>
      <trkpt lat="22.228178" lon="113.29523">
        <ele>1.2</ele>
        <time>2024-04-27T07:03:52Z</time>
      </trkpt>
      <trkpt lat="22.228221" lon="113.295199">
        <ele>1.2</ele>
        <time>2024-04-27T07:03:53Z</time>
      </trkpt>
      <trkpt lat="22.228261" lon="113.295166">
        <ele>1.2</ele>
        <time>2024-04-27T07:03:54Z</time>
      </trkpt>
      <trkpt lat="22.228302" lon="113.295131">
        <ele>1.1</ele>
        <time>2024-04-27T07:03:55Z</time>
      </trkpt>
      <trkpt lat="22.228344" lon="113.295097">
        <ele>1.1</ele>
        <time>2024-04-27T07:03:56Z</time>
      </trkpt>
      <trkpt lat="22.228385" lon="113.295059">
        <ele>1.1</ele>
        <time>2024-04-27T07:03:57Z</time>
      </trkpt>
      <trkpt lat="22.228424" lon="113.295025">
        <ele>1.1</ele>
        <time>2024-04-27T07:03:58Z</time>
      </trkpt>
      <trkpt lat="22.228468" lon="113.294991">
        <ele>1.1</ele>
        <time>2024-04-27T07:03:59Z</time>
      </trkpt>
      <trkpt lat="22.228512" lon="113.294953">
        <ele>1</ele>
        <time>2024-04-27T07:04:00Z</time>
      </trkpt>
      <trkpt lat="22.228556" lon="113.294913">
        <ele>1</ele>
        <time>2024-04-27T07:04:01Z</time>
      </trkpt>
      <trkpt lat="22.228604" lon="113.294874">
        <ele>1</ele>
        <time>2024-04-27T07:04:02Z</time>
      </trkpt>
      <trkpt lat="22.228655" lon="113.294839">
        <ele>1</ele>
        <time>2024-04-27T07:04:03Z</time>
      </trkpt>
      <trkpt lat="22.2287" lon="113.294806">
        <ele>0.9</ele>
        <time>2024-04-27T07:04:04Z</time>
      </trkpt>
      <trkpt lat="22.228744" lon="113.294768">
        <ele>0.9</ele>
        <time>2024-04-27T07:04:05Z</time>
      </trkpt>
      <trkpt lat="22.228786" lon="113.294729">
        <ele>1</ele>
        <time>2024-04-27T07:04:06Z</time>
      </trkpt>
      <trkpt lat="22.228826" lon="113.294694">
        <ele>1</ele>
        <time>2024-04-27T07:04:07Z</time>
      </trkpt>
      <trkpt lat="22.228867" lon="113.294663">
        <ele>1</ele>
        <time>2024-04-27T07:04:08Z</time>
      </trkpt>
      <trkpt lat="22.228908" lon="113.294629">
        <ele>1</ele>
        <time>2024-04-27T07:04:09Z</time>
      </trkpt>
      <trkpt lat="22.228946" lon="113.294598">
        <ele>1</ele>
        <time>2024-04-27T07:04:10Z</time>
      </trkpt>
      <trkpt lat="22.228983" lon="113.294572">
        <ele>1.1</ele>
        <time>2024-04-27T07:04:11Z</time>
      </trkpt>
      <trkpt lat="22.229018" lon="113.294542">
        <ele>1.1</ele>
        <time>2024-04-27T07:04:12Z</time>
      </trkpt>
      <trkpt lat="22.229055" lon="113.294511">
        <ele>1.1</ele>
        <time>2024-04-27T07:04:13Z</time>
      </trkpt>
      <trkpt lat="22.229093" lon="113.294481">
        <ele>1.1</ele>
        <time>2024-04-27T07:04:14Z</time>
      </trkpt>
      <trkpt lat="22.229131" lon="113.29445">
        <ele>1.1</ele>
        <time>2024-04-27T07:04:15Z</time>
      </trkpt>
      <trkpt lat="22.229165" lon="113.29442">
        <ele>1.2</ele>
        <time>2024-04-27T07:04:16Z</time>
      </trkpt>
      <trkpt lat="22.229199" lon="113.294389">
        <ele>1.2</ele>
        <time>2024-04-27T07:04:17Z</time>
      </trkpt>
      <trkpt lat="22.229234" lon="113.294359">
        <ele>1.2</ele>
        <time>2024-04-27T07:04:18Z</time>
      </trkpt>
      <trkpt lat="22.229272" lon="113.294328">
        <ele>1.2</ele>
        <time>2024-04-27T07:04:19Z</time>
      </trkpt>
      <trkpt lat="22.22931" lon="113.294301">
        <ele>1.2</ele>
        <time>2024-04-27T07:04:20Z</time>
      </trkpt>
      <trkpt lat="22.229343" lon="113.294275">
        <ele>1.2</ele>
        <time>2024-04-27T07:04:21Z</time>
      </trkpt>
      <trkpt lat="22.229374" lon="113.294248">
        <ele>1.3</ele>
        <time>2024-04-27T07:04:22Z</time>
      </trkpt>
      <trkpt lat="22.229407" lon="113.294225">
        <ele>1.3</ele>
        <time>2024-04-27T07:04:23Z</time>
      </trkpt>
      <trkpt lat="22.229448" lon="113.294205">
        <ele>1.3</ele>
        <time>2024-04-27T07:04:24Z</time>
      </trkpt>
      <trkpt lat="22.229481" lon="113.294186">
        <ele>1.3</ele>
        <time>2024-04-27T07:04:25Z</time>
      </trkpt>
      <trkpt lat="22.229499" lon="113.29416">
        <ele>1.3</ele>
        <time>2024-04-27T07:04:26Z</time>
      </trkpt>
      <trkpt lat="22.229509" lon="113.294126">
        <ele>1.3</ele>
        <time>2024-04-27T07:04:27Z</time>
      </trkpt>
      <trkpt lat="22.229511" lon="113.294089">
        <ele>1.3</ele>
        <time>2024-04-27T07:04:28Z</time>
      </trkpt>
      <trkpt lat="22.229497" lon="113.294057">
        <ele>1.4</ele>
        <time>2024-04-27T07:04:29Z</time>
      </trkpt>
      <trkpt lat="22.22947" lon="113.294034">
        <ele>1.4</ele>
        <time>2024-04-27T07:04:30Z</time>
      </trkpt>
      <trkpt lat="22.229444" lon="113.294007">
        <ele>1.4</ele>
        <time>2024-04-27T07:04:31Z</time>
      </trkpt>
      <trkpt lat="22.229419" lon="113.293977">
        <ele>1.4</ele>
        <time>2024-04-27T07:04:32Z</time>
      </trkpt>
      <trkpt lat="22.229396" lon="113.293946">
        <ele>1.4</ele>
        <time>2024-04-27T07:04:33Z</time>
      </trkpt>
      <trkpt lat="22.229374" lon="113.293919">
        <ele>1.4</ele>
        <time>2024-04-27T07:04:34Z</time>
      </trkpt>
      <trkpt lat="22.229352" lon="113.293893">
        <ele>1.4</ele>
        <time>2024-04-27T07:04:35Z</time>
      </trkpt>
      <trkpt lat="22.229334" lon="113.293859">
        <ele>1.4</ele>
        <time>2024-04-27T07:04:36Z</time>
      </trkpt>
      <trkpt lat="22.229325" lon="113.293821">
        <ele>1.5</ele>
        <time>2024-04-27T07:04:37Z</time>
      </trkpt>
      <trkpt lat="22.229333" lon="113.293786">
        <ele>1.5</ele>
        <time>2024-04-27T07:04:38Z</time>
      </trkpt>
      <trkpt lat="22.229362" lon="113.293756">
        <ele>1.5</ele>
        <time>2024-04-27T07:04:39Z</time>
      </trkpt>
      <trkpt lat="22.229393" lon="113.293729">
        <ele>1.5</ele>
        <time>2024-04-27T07:04:40Z</time>
      </trkpt>
      <trkpt lat="22.229424" lon="113.293702">
        <ele>1.5</ele>
        <time>2024-04-27T07:04:41Z</time>
      </trkpt>
      <trkpt lat="22.229458" lon="113.293672">
        <ele>1.5</ele>
        <time>2024-04-27T07:04:42Z</time>
      </trkpt>
      <trkpt lat="22.229493" lon="113.293641">
        <ele>1.6</ele>
        <time>2024-04-27T07:04:43Z</time>
      </trkpt>
      <trkpt lat="22.229534" lon="113.293607">
        <ele>1.6</ele>
        <time>2024-04-27T07:04:44Z</time>
      </trkpt>
      <trkpt lat="22.229574" lon="113.293572">
        <ele>1.6</ele>
        <time>2024-04-27T07:04:45Z</time>
      </trkpt>
      <trkpt lat="22.229608" lon="113.293542">
        <ele>1.6</ele>
        <time>2024-04-27T07:04:46Z</time>
      </trkpt>
      <trkpt lat="22.229641" lon="113.293512">
        <ele>1.6</ele>
        <time>2024-04-27T07:04:47Z</time>
      </trkpt>
      <trkpt lat="22.229673" lon="113.293481">
        <ele>1.6</ele>
        <time>2024-04-27T07:04:48Z</time>
      </trkpt>
      <trkpt lat="22.229706" lon="113.29345">
        <ele>1.6</ele>
        <time>2024-04-27T07:04:49Z</time>
      </trkpt>
      <trkpt lat="22.229739" lon="113.29342">
        <ele>1.6</ele>
        <time>2024-04-27T07:04:50Z</time>
      </trkpt>
      <trkpt lat="22.229775" lon="113.293393">
        <ele>1.5</ele>
        <time>2024-04-27T07:04:51Z</time>
      </trkpt>
      <trkpt lat="22.229813" lon="113.293367">
        <ele>1.5</ele>
        <time>2024-04-27T07:04:52Z</time>
      </trkpt>
      <trkpt lat="22.22985" lon="113.293336">
        <ele>1.5</ele>
        <time>2024-04-27T07:04:53Z</time>
      </trkpt>
      <trkpt lat="22.22989" lon="113.293309">
        <ele>1.5</ele>
        <time>2024-04-27T07:04:54Z</time>
      </trkpt>
      <trkpt lat="22.22993" lon="113.293283">
        <ele>1.4</ele>
        <time>2024-04-27T07:04:55Z</time>
      </trkpt>
      <trkpt lat="22.229971" lon="113.293256">
        <ele>1.4</ele>
        <time>2024-04-27T07:04:56Z</time>
      </trkpt>
      <trkpt lat="22.230013" lon="113.293233">
        <ele>1.4</ele>
        <time>2024-04-27T07:04:57Z</time>
      </trkpt>
      <trkpt lat="22.230055" lon="113.293207">
        <ele>1.3</ele>
        <time>2024-04-27T07:04:58Z</time>
      </trkpt>
      <trkpt lat="22.230092" lon="113.293172">
        <ele>1.3</ele>
        <time>2024-04-27T07:04:59Z</time>
      </trkpt>
      <trkpt lat="22.230128" lon="113.293135">
        <ele>1.3</ele>
        <time>2024-04-27T07:05:00Z</time>
      </trkpt>
      <trkpt lat="22.230168" lon="113.293099">
        <ele>1.3</ele>
        <time>2024-04-27T07:05:01Z</time>
      </trkpt>
      <trkpt lat="22.23021" lon="113.293068">
        <ele>1.2</ele>
        <time>2024-04-27T07:05:02Z</time>
      </trkpt>
      <trkpt lat="22.230251" lon="113.293034">
        <ele>1.2</ele>
        <time>2024-04-27T07:05:03Z</time>
      </trkpt>
      <trkpt lat="22.230292" lon="113.292996">
        <ele>1.2</ele>
        <time>2024-04-27T07:05:04Z</time>
      </trkpt>
      <trkpt lat="22.230335" lon="113.292958">
        <ele>1.1</ele>
        <time>2024-04-27T07:05:05Z</time>
      </trkpt>
      <trkpt lat="22.230378" lon="113.292921">
        <ele>1.1</ele>
        <time>2024-04-27T07:05:06Z</time>
      </trkpt>
      <trkpt lat="22.230423" lon="113.292886">
        <ele>1.1</ele>
        <time>2024-04-27T07:05:07Z</time>
      </trkpt>
      <trkpt lat="22.230469" lon="113.292859">
        <ele>1</ele>
        <time>2024-04-27T07:05:08Z</time>
      </trkpt>
      <trkpt lat="22.230516" lon="113.292832">
        <ele>1</ele>
        <time>2024-04-27T07:05:09Z</time>
      </trkpt>
      <trkpt lat="22.23056" lon="113.292803">
        <ele>1</ele>
        <time>2024-04-27T07:05:10Z</time>
      </trkpt>
      <trkpt lat="22.230602" lon="113.292769">
        <ele>0.9</ele>
        <time>2024-04-27T07:05:11Z</time>
      </trkpt>
      <trkpt lat="22.230645" lon="113.292734">
        <ele>0.9</ele>
        <time>2024-04-27T07:05:12Z</time>
      </trkpt>
      <trkpt lat="22.230689" lon="113.292707">
        <ele>0.9</ele>
        <time>2024-04-27T07:05:13Z</time>
      </trkpt>
      <trkpt lat="22.230733" lon="113.292677">
        <ele>0.9</ele>
        <time>2024-04-27T07:05:14Z</time>
      </trkpt>
      <trkpt lat="22.230769" lon="113.292643">
        <ele>0.8</ele>
        <time>2024-04-27T07:05:15Z</time>
      </trkpt>
      <trkpt lat="22.230805" lon="113.292609">
        <ele>0.8</ele>
        <time>2024-04-27T07:05:16Z</time>
      </trkpt>
      <trkpt lat="22.230851" lon="113.292571">
        <ele>0.8</ele>
        <time>2024-04-27T07:05:17Z</time>
      </trkpt>
      <trkpt lat="22.230899" lon="113.292533">
        <ele>0.7</ele>
        <time>2024-04-27T07:05:18Z</time>
      </trkpt>
      <trkpt lat="22.230942" lon="113.292494">
        <ele>0.7</ele>
        <time>2024-04-27T07:05:19Z</time>
      </trkpt>
      <trkpt lat="22.230981" lon="113.29246">
        <ele>0.7</ele>
        <time>2024-04-27T07:05:20Z</time>
      </trkpt>
      <trkpt lat="22.23102" lon="113.292429">
        <ele>0.6</ele>
        <time>2024-04-27T07:05:21Z</time>
      </trkpt>
      <trkpt lat="22.231058" lon="113.292398">
        <ele>0.6</ele>
        <time>2024-04-27T07:05:22Z</time>
      </trkpt>
      <trkpt lat="22.231096" lon="113.292368">
        <ele>0.6</ele>
        <time>2024-04-27T07:05:23Z</time>
      </trkpt>
      <trkpt lat="22.231136" lon="113.292341">
        <ele>0.6</ele>
        <time>2024-04-27T07:05:24Z</time>
      </trkpt>
      <trkpt lat="22.231177" lon="113.292317">
        <ele>0.5</ele>
        <time>2024-04-27T07:05:25Z</time>
      </trkpt>
      <trkpt lat="22.231209" lon="113.29229">
        <ele>0.5</ele>
        <time>2024-04-27T07:05:26Z</time>
      </trkpt>
      <trkpt lat="22.231227" lon="113.292257">
        <ele>0.5</ele>
        <time>2024-04-27T07:05:27Z</time>
      </trkpt>
      <trkpt lat="22.231224" lon="113.292215">
        <ele>0.5</ele>
        <time>2024-04-27T07:05:28Z</time>
      </trkpt>
      <trkpt lat="22.231197" lon="113.29217">
        <ele>0.5</ele>
        <time>2024-04-27T07:05:29Z</time>
      </trkpt>
      <trkpt lat="22.231158" lon="113.292117">
        <ele>0.4</ele>
        <time>2024-04-27T07:05:30Z</time>
      </trkpt>
      <trkpt lat="22.231121" lon="113.292059">
        <ele>0.4</ele>
        <time>2024-04-27T07:05:31Z</time>
      </trkpt>
      <trkpt lat="22.231087" lon="113.292006">
        <ele>0.4</ele>
        <time>2024-04-27T07:05:32Z</time>
      </trkpt>
      <trkpt lat="22.231055" lon="113.291956">
        <ele>0.4</ele>
        <time>2024-04-27T07:05:33Z</time>
      </trkpt>
      <trkpt lat="22.231023" lon="113.291907">
        <ele>0.3</ele>
        <time>2024-04-27T07:05:34Z</time>
      </trkpt>
      <trkpt lat="22.230994" lon="113.291853">
        <ele>0.3</ele>
        <time>2024-04-27T07:05:35Z</time>
      </trkpt>
      <trkpt lat="22.23097" lon="113.2918">
        <ele>0.3</ele>
        <time>2024-04-27T07:05:36Z</time>
      </trkpt>
      <trkpt lat="22.230953" lon="113.291747">
        <ele>0.3</ele>
        <time>2024-04-27T07:05:37Z</time>
      </trkpt>
      <trkpt lat="22.23094" lon="113.291697">
        <ele>0.3</ele>
        <time>2024-04-27T07:05:38Z</time>
      </trkpt>
      <trkpt lat="22.230929" lon="113.291645">
        <ele>0.2</ele>
        <time>2024-04-27T07:05:39Z</time>
      </trkpt>
      <trkpt lat="22.23092" lon="113.291587">
        <ele>0.2</ele>
        <time>2024-04-27T07:05:40Z</time>
      </trkpt>
      <trkpt lat="22.230917" lon="113.291534">
        <ele>0.2</ele>
        <time>2024-04-27T07:05:41Z</time>
      </trkpt>
      <trkpt lat="22.230915" lon="113.291484">
        <ele>0.2</ele>
        <time>2024-04-27T07:05:42Z</time>
      </trkpt>
      <trkpt lat="22.230907" lon="113.291438">
        <ele>0.2</ele>
        <time>2024-04-27T07:05:43Z</time>
      </trkpt>
      <trkpt lat="22.230886" lon="113.291391">
        <ele>0.1</ele>
        <time>2024-04-27T07:05:44Z</time>
      </trkpt>
      <trkpt lat="22.230854" lon="113.291347">
        <ele>0.1</ele>
        <time>2024-04-27T07:05:45Z</time>
      </trkpt>
      <trkpt lat="22.23082" lon="113.291309">
        <ele>0.1</ele>
        <time>2024-04-27T07:05:46Z</time>
      </trkpt>
      <trkpt lat="22.230782" lon="113.291269">
        <ele>0.1</ele>
        <time>2024-04-27T07:05:47Z</time>
      </trkpt>
      <trkpt lat="22.230747" lon="113.291227">
        <ele>0.1</ele>
        <time>2024-04-27T07:05:48Z</time>
      </trkpt>
      <trkpt lat="22.230718" lon="113.291188">
        <ele>0</ele>
        <time>2024-04-27T07:05:49Z</time>
      </trkpt>
      <trkpt lat="22.230689" lon="113.291147">
        <ele>0</ele>
        <time>2024-04-27T07:05:50Z</time>
      </trkpt>
      <trkpt lat="22.230659" lon="113.291105">
        <ele>0</ele>
        <time>2024-04-27T07:05:51Z</time>
      </trkpt>
      <trkpt lat="22.230627" lon="113.291063">
        <ele>0</ele>
        <time>2024-04-27T07:05:52Z</time>
      </trkpt>
      <trkpt lat="22.230596" lon="113.291021">
        <ele>0</ele>
        <time>2024-04-27T07:05:53Z</time>
      </trkpt>
      <trkpt lat="22.230568" lon="113.290978">
        <ele>-0.1</ele>
        <time>2024-04-27T07:05:54Z</time>
      </trkpt>
      <trkpt lat="22.23055" lon="113.290936">
        <ele>-0.1</ele>
        <time>2024-04-27T07:05:55Z</time>
      </trkpt>
      <trkpt lat="22.230542" lon="113.290899">
        <ele>-0.1</ele>
        <time>2024-04-27T07:05:56Z</time>
      </trkpt>
      <trkpt lat="22.230546" lon="113.290864">
        <ele>-0.1</ele>
        <time>2024-04-27T07:05:57Z</time>
      </trkpt>
      <trkpt lat="22.23056" lon="113.290841">
        <ele>-0.1</ele>
        <time>2024-04-27T07:05:58Z</time>
      </trkpt>
      <trkpt lat="22.230576" lon="113.290826">
        <ele>-0.1</ele>
        <time>2024-04-27T07:05:59Z</time>
      </trkpt>
      <trkpt lat="22.230592" lon="113.290811">
        <ele>-0.1</ele>
        <time>2024-04-27T07:06:00Z</time>
      </trkpt>
      <trkpt lat="22.230608" lon="113.290792">
        <ele>-0.2</ele>
        <time>2024-04-27T07:06:01Z</time>
      </trkpt>
      <trkpt lat="22.230626" lon="113.290769">
        <ele>-0.2</ele>
        <time>2024-04-27T07:06:02Z</time>
      </trkpt>
      <trkpt lat="22.230649" lon="113.290742">
        <ele>-0.2</ele>
        <time>2024-04-27T07:06:03Z</time>
      </trkpt>
      <trkpt lat="22.230677" lon="113.290714">
        <ele>-0.1</ele>
        <time>2024-04-27T07:06:04Z</time>
      </trkpt>
      <trkpt lat="22.230706" lon="113.290692">
        <ele>-0.1</ele>
        <time>2024-04-27T07:06:05Z</time>
      </trkpt>
      <trkpt lat="22.230732" lon="113.290669">
        <ele>-0.1</ele>
        <time>2024-04-27T07:06:06Z</time>
      </trkpt>
      <trkpt lat="22.230758" lon="113.290646">
        <ele>-0.1</ele>
        <time>2024-04-27T07:06:07Z</time>
      </trkpt>
      <trkpt lat="22.23078" lon="113.290617">
        <ele>-0.1</ele>
        <time>2024-04-27T07:06:08Z</time>
      </trkpt>
      <trkpt lat="22.230805" lon="113.290582">
        <ele>-0.1</ele>
        <time>2024-04-27T07:06:09Z</time>
      </trkpt>
      <trkpt lat="22.23084" lon="113.290552">
        <ele>-0.1</ele>
        <time>2024-04-27T07:06:10Z</time>
      </trkpt>
      <trkpt lat="22.23088" lon="113.290521">
        <ele>0</ele>
        <time>2024-04-27T07:06:11Z</time>
      </trkpt>
      <trkpt lat="22.230924" lon="113.290487">
        <ele>0</ele>
        <time>2024-04-27T07:06:12Z</time>
      </trkpt>
      <trkpt lat="22.230971" lon="113.290453">
        <ele>0</ele>
        <time>2024-04-27T07:06:13Z</time>
      </trkpt>
      <trkpt lat="22.231021" lon="113.290419">
        <ele>0</ele>
        <time>2024-04-27T07:06:14Z</time>
      </trkpt>
      <trkpt lat="22.231072" lon="113.29038">
        <ele>0.1</ele>
        <time>2024-04-27T07:06:15Z</time>
      </trkpt>
      <trkpt lat="22.23112" lon="113.290342">
        <ele>0.1</ele>
        <time>2024-04-27T07:06:16Z</time>
      </trkpt>
      <trkpt lat="22.231165" lon="113.290304">
        <ele>0.1</ele>
        <time>2024-04-27T07:06:17Z</time>
      </trkpt>
      <trkpt lat="22.231209" lon="113.290266">
        <ele>0.1</ele>
        <time>2024-04-27T07:06:18Z</time>
      </trkpt>
      <trkpt lat="22.231255" lon="113.290228">
        <ele>0.1</ele>
        <time>2024-04-27T07:06:19Z</time>
      </trkpt>
      <trkpt lat="22.231306" lon="113.290188">
        <ele>0.2</ele>
        <time>2024-04-27T07:06:20Z</time>
      </trkpt>
      <trkpt lat="22.231356" lon="113.290147">
        <ele>0.2</ele>
        <time>2024-04-27T07:06:21Z</time>
      </trkpt>
      <trkpt lat="22.231403" lon="113.290105">
        <ele>0.2</ele>
        <time>2024-04-27T07:06:22Z</time>
      </trkpt>
      <trkpt lat="22.23145" lon="113.290066">
        <ele>0.2</ele>
        <time>2024-04-27T07:06:23Z</time>
      </trkpt>
      <trkpt lat="22.231496" lon="113.290028">
        <ele>0.3</ele>
        <time>2024-04-27T07:06:24Z</time>
      </trkpt>
      <trkpt lat="22.231543" lon="113.28999">
        <ele>0.3</ele>
        <time>2024-04-27T07:06:25Z</time>
      </trkpt>
      <trkpt lat="22.231589" lon="113.289956">
        <ele>0.3</ele>
        <time>2024-04-27T07:06:26Z</time>
      </trkpt>
      <trkpt lat="22.231634" lon="113.289926">
        <ele>0.3</ele>
        <time>2024-04-27T07:06:27Z</time>
      </trkpt>
      <trkpt lat="22.231675" lon="113.289892">
        <ele>0.3</ele>
        <time>2024-04-27T07:06:28Z</time>
      </trkpt>
      <trkpt lat="22.231717" lon="113.289857">
        <ele>0.4</ele>
        <time>2024-04-27T07:06:29Z</time>
      </trkpt>
      <trkpt lat="22.231759" lon="113.289823">
        <ele>0.4</ele>
        <time>2024-04-27T07:06:30Z</time>
      </trkpt>
      <trkpt lat="22.231797" lon="113.289785">
        <ele>0.4</ele>
        <time>2024-04-27T07:06:31Z</time>
      </trkpt>
      <trkpt lat="22.231826" lon="113.289754">
        <ele>0.4</ele>
        <time>2024-04-27T07:06:32Z</time>
      </trkpt>
      <trkpt lat="22.231852" lon="113.289728">
        <ele>0.4</ele>
        <time>2024-04-27T07:06:33Z</time>
      </trkpt>
      <trkpt lat="22.23189" lon="113.289701">
        <ele>0.5</ele>
        <time>2024-04-27T07:06:34Z</time>
      </trkpt>
      <trkpt lat="22.231931" lon="113.289671">
        <ele>0.5</ele>
        <time>2024-04-27T07:06:35Z</time>
      </trkpt>
      <trkpt lat="22.231974" lon="113.289633">
        <ele>0.5</ele>
        <time>2024-04-27T07:06:36Z</time>
      </trkpt>
      <trkpt lat="22.232017" lon="113.289592">
        <ele>0.5</ele>
        <time>2024-04-27T07:06:37Z</time>
      </trkpt>
      <trkpt lat="22.232056" lon="113.289549">
        <ele>0.5</ele>
        <time>2024-04-27T07:06:38Z</time>
      </trkpt>
      <trkpt lat="22.232094" lon="113.289514">
        <ele>0.4</ele>
        <time>2024-04-27T07:06:39Z</time>
      </trkpt>
      <trkpt lat="22.232137" lon="113.289477">
        <ele>0.4</ele>
        <time>2024-04-27T07:06:40Z</time>
      </trkpt>
      <trkpt lat="22.232186" lon="113.289432">
        <ele>0.3</ele>
        <time>2024-04-27T07:06:41Z</time>
      </trkpt>
      <trkpt lat="22.232235" lon="113.289385">
        <ele>0.2</ele>
        <time>2024-04-27T07:06:42Z</time>
      </trkpt>
      <trkpt lat="22.232274" lon="113.289336">
        <ele>0.1</ele>
        <time>2024-04-27T07:06:43Z</time>
      </trkpt>
      <trkpt lat="22.232304" lon="113.289282">
        <ele>0.1</ele>
        <time>2024-04-27T07:06:44Z</time>
      </trkpt>
      <trkpt lat="22.232324" lon="113.289228">
        <ele>0</ele>
        <time>2024-04-27T07:06:45Z</time>
      </trkpt>
      <trkpt lat="22.232341" lon="113.289177">
        <ele>-0.1</ele>
        <time>2024-04-27T07:06:46Z</time>
      </trkpt>
      <trkpt lat="22.23235" lon="113.289123">
        <ele>-0.1</ele>
        <time>2024-04-27T07:06:47Z</time>
      </trkpt>
      <trkpt lat="22.23235" lon="113.289068">
        <ele>-0.2</ele>
        <time>2024-04-27T07:06:48Z</time>
      </trkpt>
      <trkpt lat="22.232341" lon="113.289012">
        <ele>-0.3</ele>
        <time>2024-04-27T07:06:49Z</time>
      </trkpt>
      <trkpt lat="22.23233" lon="113.288958">
        <ele>-0.3</ele>
        <time>2024-04-27T07:06:50Z</time>
      </trkpt>
      <trkpt lat="22.232319" lon="113.288909">
        <ele>-0.4</ele>
        <time>2024-04-27T07:06:51Z</time>
      </trkpt>
      <trkpt lat="22.232308" lon="113.288858">
        <ele>-0.5</ele>
        <time>2024-04-27T07:06:52Z</time>
      </trkpt>
      <trkpt lat="22.232293" lon="113.288811">
        <ele>-0.5</ele>
        <time>2024-04-27T07:06:53Z</time>
      </trkpt>
      <trkpt lat="22.232272" lon="113.288769">
        <ele>-0.6</ele>
        <time>2024-04-27T07:06:54Z</time>
      </trkpt>
      <trkpt lat="22.232246" lon="113.288736">
        <ele>-0.6</ele>
        <time>2024-04-27T07:06:55Z</time>
      </trkpt>
      <trkpt lat="22.232216" lon="113.288705">
        <ele>-0.7</ele>
        <time>2024-04-27T07:06:56Z</time>
      </trkpt>
      <trkpt lat="22.232187" lon="113.28867">
        <ele>-0.7</ele>
        <time>2024-04-27T07:06:57Z</time>
      </trkpt>
      <trkpt lat="22.232163" lon="113.288636">
        <ele>-0.8</ele>
        <time>2024-04-27T07:06:58Z</time>
      </trkpt>
      <trkpt lat="22.232141" lon="113.288601">
        <ele>-0.8</ele>
        <time>2024-04-27T07:06:59Z</time>
      </trkpt>
      <trkpt lat="22.232116" lon="113.288562">
        <ele>-0.9</ele>
        <time>2024-04-27T07:07:00Z</time>
      </trkpt>
      <trkpt lat="22.23209" lon="113.288524">
        <ele>-0.9</ele>
        <time>2024-04-27T07:07:01Z</time>
      </trkpt>
      <trkpt lat="22.232062" lon="113.288485">
        <ele>-1</ele>
        <time>2024-04-27T07:07:02Z</time>
      </trkpt>
      <trkpt lat="22.232038" lon="113.288448">
        <ele>-1.1</ele>
        <time>2024-04-27T07:07:03Z</time>
      </trkpt>
      <trkpt lat="22.232014" lon="113.28841">
        <ele>-1.1</ele>
        <time>2024-04-27T07:07:04Z</time>
      </trkpt>
      <trkpt lat="22.231988" lon="113.288372">
        <ele>-1.2</ele>
        <time>2024-04-27T07:07:05Z</time>
      </trkpt>
      <trkpt lat="22.23196" lon="113.28833">
        <ele>-1.2</ele>
        <time>2024-04-27T07:07:06Z</time>
      </trkpt>
      <trkpt lat="22.231933" lon="113.288288">
        <ele>-1.3</ele>
        <time>2024-04-27T07:07:07Z</time>
      </trkpt>
      <trkpt lat="22.231906" lon="113.28825">
        <ele>-1.3</ele>
        <time>2024-04-27T07:07:08Z</time>
      </trkpt>
      <trkpt lat="22.231878" lon="113.288212">
        <ele>-1.4</ele>
        <time>2024-04-27T07:07:09Z</time>
      </trkpt>
      <trkpt lat="22.23185" lon="113.28817">
        <ele>-1.5</ele>
        <time>2024-04-27T07:07:10Z</time>
      </trkpt>
      <trkpt lat="22.231821" lon="113.288127">
        <ele>-1.5</ele>
        <time>2024-04-27T07:07:11Z</time>
      </trkpt>
      <trkpt lat="22.231791" lon="113.288089">
        <ele>-1.6</ele>
        <time>2024-04-27T07:07:12Z</time>
      </trkpt>
      <trkpt lat="22.231763" lon="113.288047">
        <ele>-1.6</ele>
        <time>2024-04-27T07:07:13Z</time>
      </trkpt>
      <trkpt lat="22.231736" lon="113.288006">
        <ele>-1.7</ele>
        <time>2024-04-27T07:07:14Z</time>
      </trkpt>
      <trkpt lat="22.23171" lon="113.287967">
        <ele>-1.8</ele>
        <time>2024-04-27T07:07:15Z</time>
      </trkpt>
      <trkpt lat="22.231683" lon="113.287925">
        <ele>-1.7</ele>
        <time>2024-04-27T07:07:16Z</time>
      </trkpt>
      <trkpt lat="22.231656" lon="113.287883">
        <ele>-1.7</ele>
        <time>2024-04-27T07:07:17Z</time>
      </trkpt>
      <trkpt lat="22.231628" lon="113.287845">
        <ele>-1.7</ele>
        <time>2024-04-27T07:07:18Z</time>
      </trkpt>
      <trkpt lat="22.231601" lon="113.287807">
        <ele>-1.6</ele>
        <time>2024-04-27T07:07:19Z</time>
      </trkpt>
      <trkpt lat="22.231576" lon="113.287765">
        <ele>-1.6</ele>
        <time>2024-04-27T07:07:20Z</time>
      </trkpt>
      <trkpt lat="22.231549" lon="113.287723">
        <ele>-1.6</ele>
        <time>2024-04-27T07:07:21Z</time>
      </trkpt>
      <trkpt lat="22.231521" lon="113.287685">
        <ele>-1.6</ele>
        <time>2024-04-27T07:07:22Z</time>
      </trkpt>
      <trkpt lat="22.231492" lon="113.287647">
        <ele>-1.5</ele>
        <time>2024-04-27T07:07:23Z</time>
      </trkpt>
      <trkpt lat="22.231464" lon="113.287609">
        <ele>-1.5</ele>
        <time>2024-04-27T07:07:24Z</time>
      </trkpt>
      <trkpt lat="22.231436" lon="113.287571">
        <ele>-1.5</ele>
        <time>2024-04-27T07:07:25Z</time>
      </trkpt>
      <trkpt lat="22.231409" lon="113.287533">
        <ele>-1.4</ele>
        <time>2024-04-27T07:07:26Z</time>
      </trkpt>
      <trkpt lat="22.231384" lon="113.287494">
        <ele>-1.4</ele>
        <time>2024-04-27T07:07:27Z</time>
      </trkpt>
      <trkpt lat="22.231359" lon="113.287456">
        <ele>-1.4</ele>
        <time>2024-04-27T07:07:28Z</time>
      </trkpt>
      <trkpt lat="22.231332" lon="113.287418">
        <ele>-1.4</ele>
        <time>2024-04-27T07:07:29Z</time>
      </trkpt>
      <trkpt lat="22.231305" lon="113.287379">
        <ele>-1.3</ele>
        <time>2024-04-27T07:07:30Z</time>
      </trkpt>
      <trkpt lat="22.231278" lon="113.287341">
        <ele>-1.3</ele>
        <time>2024-04-27T07:07:31Z</time>
      </trkpt>
      <trkpt lat="22.231251" lon="113.287303">
        <ele>-1.3</ele>
        <time>2024-04-27T07:07:32Z</time>
      </trkpt>
      <trkpt lat="22.231229" lon="113.287265">
        <ele>-1.2</ele>
        <time>2024-04-27T07:07:33Z</time>
      </trkpt>
      <trkpt lat="22.231207" lon="113.287227">
        <ele>-1.2</ele>
        <time>2024-04-27T07:07:34Z</time>
      </trkpt>
      <trkpt lat="22.231182" lon="113.287189">
        <ele>-1.2</ele>
        <time>2024-04-27T07:07:35Z</time>
      </trkpt>
      <trkpt lat="22.231153" lon="113.287147">
        <ele>-1.2</ele>
        <time>2024-04-27T07:07:36Z</time>
      </trkpt>
      <trkpt lat="22.231124" lon="113.287105">
        <ele>-1.1</ele>
        <time>2024-04-27T07:07:37Z</time>
      </trkpt>
      <trkpt lat="22.231094" lon="113.287063">
        <ele>-1.1</ele>
        <time>2024-04-27T07:07:38Z</time>
      </trkpt>
      <trkpt lat="22.231063" lon="113.287021">
        <ele>-1.1</ele>
        <time>2024-04-27T07:07:39Z</time>
      </trkpt>
      <trkpt lat="22.231032" lon="113.286979">
        <ele>-1</ele>
        <time>2024-04-27T07:07:40Z</time>
      </trkpt>
      <trkpt lat="22.231003" lon="113.286933">
        <ele>-1</ele>
        <time>2024-04-27T07:07:41Z</time>
      </trkpt>
      <trkpt lat="22.230974" lon="113.286888">
        <ele>-1</ele>
        <time>2024-04-27T07:07:42Z</time>
      </trkpt>
      <trkpt lat="22.230942" lon="113.286842">
        <ele>-0.9</ele>
        <time>2024-04-27T07:07:43Z</time>
      </trkpt>
      <trkpt lat="22.230911" lon="113.286796">
        <ele>-0.9</ele>
        <time>2024-04-27T07:07:44Z</time>
      </trkpt>
      <trkpt lat="22.23088" lon="113.28675">
        <ele>-0.9</ele>
        <time>2024-04-27T07:07:45Z</time>
      </trkpt>
      <trkpt lat="22.230852" lon="113.286708">
        <ele>-0.8</ele>
        <time>2024-04-27T07:07:46Z</time>
      </trkpt>
      <trkpt lat="22.230824" lon="113.286666">
        <ele>-0.8</ele>
        <time>2024-04-27T07:07:47Z</time>
      </trkpt>
      <trkpt lat="22.230797" lon="113.286621">
        <ele>-0.8</ele>
        <time>2024-04-27T07:07:48Z</time>
      </trkpt>
      <trkpt lat="22.230773" lon="113.286571">
        <ele>-0.7</ele>
        <time>2024-04-27T07:07:49Z</time>
      </trkpt>
      <trkpt lat="22.230757" lon="113.286518">
        <ele>-0.7</ele>
        <time>2024-04-27T07:07:50Z</time>
      </trkpt>
      <trkpt lat="22.23075" lon="113.286468">
        <ele>-0.7</ele>
        <time>2024-04-27T07:07:51Z</time>
      </trkpt>
      <trkpt lat="22.230756" lon="113.286418">
        <ele>-0.6</ele>
        <time>2024-04-27T07:07:52Z</time>
      </trkpt>
      <trkpt lat="22.230775" lon="113.286364">
        <ele>-0.6</ele>
        <time>2024-04-27T07:07:53Z</time>
      </trkpt>
      <trkpt lat="22.230799" lon="113.286319">
        <ele>-0.6</ele>
        <time>2024-04-27T07:07:54Z</time>
      </trkpt>
      <trkpt lat="22.230828" lon="113.286278">
        <ele>-0.6</ele>
        <time>2024-04-27T07:07:55Z</time>
      </trkpt>
      <trkpt lat="22.230861" lon="113.286232">
        <ele>-0.5</ele>
        <time>2024-04-27T07:07:56Z</time>
      </trkpt>
      <trkpt lat="22.230897" lon="113.28619">
        <ele>-0.5</ele>
        <time>2024-04-27T07:07:57Z</time>
      </trkpt>
      <trkpt lat="22.230932" lon="113.286148">
        <ele>-0.5</ele>
        <time>2024-04-27T07:07:58Z</time>
      </trkpt>
      <trkpt lat="22.230966" lon="113.286102">
        <ele>-0.5</ele>
        <time>2024-04-27T07:07:59Z</time>
      </trkpt>
      <trkpt lat="22.230998" lon="113.286056">
        <ele>-0.4</ele>
        <time>2024-04-27T07:08:00Z</time>
      </trkpt>
      <trkpt lat="22.231029" lon="113.286011">
        <ele>-0.4</ele>
        <time>2024-04-27T07:08:01Z</time>
      </trkpt>
      <trkpt lat="22.23106" lon="113.285965">
        <ele>-0.4</ele>
        <time>2024-04-27T07:08:02Z</time>
      </trkpt>
      <trkpt lat="22.231092" lon="113.285918">
        <ele>-0.4</ele>
        <time>2024-04-27T07:08:03Z</time>
      </trkpt>
      <trkpt lat="22.231124" lon="113.285869">
        <ele>-0.3</ele>
        <time>2024-04-27T07:08:04Z</time>
      </trkpt>
      <trkpt lat="22.231157" lon="113.285819">
        <ele>-0.3</ele>
        <time>2024-04-27T07:08:05Z</time>
      </trkpt>
      <trkpt lat="22.23119" lon="113.285774">
        <ele>-0.3</ele>
        <time>2024-04-27T07:08:06Z</time>
      </trkpt>
      <trkpt lat="22.231222" lon="113.285728">
        <ele>-0.3</ele>
        <time>2024-04-27T07:08:07Z</time>
      </trkpt>
      <trkpt lat="22.231253" lon="113.285678">
        <ele>-0.2</ele>
        <time>2024-04-27T07:08:08Z</time>
      </trkpt>
      <trkpt lat="22.231287" lon="113.285629">
        <ele>-0.2</ele>
        <time>2024-04-27T07:08:09Z</time>
      </trkpt>
      <trkpt lat="22.231322" lon="113.285579">
        <ele>-0.2</ele>
        <time>2024-04-27T07:08:10Z</time>
      </trkpt>
      <trkpt lat="22.231356" lon="113.28553">
        <ele>-0.2</ele>
        <time>2024-04-27T07:08:11Z</time>
      </trkpt>
      <trkpt lat="22.231389" lon="113.28548">
        <ele>-0.1</ele>
        <time>2024-04-27T07:08:12Z</time>
      </trkpt>
      <trkpt lat="22.231424" lon="113.285427">
        <ele>-0.1</ele>
        <time>2024-04-27T07:08:13Z</time>
      </trkpt>
      <trkpt lat="22.231458" lon="113.285373">
        <ele>-0.1</ele>
        <time>2024-04-27T07:08:14Z</time>
      </trkpt>
      <trkpt lat="22.23149" lon="113.285324">
        <ele>-0.1</ele>
        <time>2024-04-27T07:08:15Z</time>
      </trkpt>
      <trkpt lat="22.231524" lon="113.285274">
        <ele>0</ele>
        <time>2024-04-27T07:08:16Z</time>
      </trkpt>
      <trkpt lat="22.231558" lon="113.285224">
        <ele>0</ele>
        <time>2024-04-27T07:08:17Z</time>
      </trkpt>
      <trkpt lat="22.231593" lon="113.285182">
        <ele>0</ele>
        <time>2024-04-27T07:08:18Z</time>
      </trkpt>
      <trkpt lat="22.231627" lon="113.285136">
        <ele>0</ele>
        <time>2024-04-27T07:08:19Z</time>
      </trkpt>
      <trkpt lat="22.231662" lon="113.285083">
        <ele>0.1</ele>
        <time>2024-04-27T07:08:20Z</time>
      </trkpt>
      <trkpt lat="22.231696" lon="113.285034">
        <ele>0.1</ele>
        <time>2024-04-27T07:08:21Z</time>
      </trkpt>
      <trkpt lat="22.231728" lon="113.284987">
        <ele>0.1</ele>
        <time>2024-04-27T07:08:22Z</time>
      </trkpt>
      <trkpt lat="22.231763" lon="113.284938">
        <ele>0.1</ele>
        <time>2024-04-27T07:08:23Z</time>
      </trkpt>
      <trkpt lat="22.231796" lon="113.284885">
        <ele>0.2</ele>
        <time>2024-04-27T07:08:24Z</time>
      </trkpt>
      <trkpt lat="22.231828" lon="113.284831">
        <ele>0.2</ele>
        <time>2024-04-27T07:08:25Z</time>
      </trkpt>
      <trkpt lat="22.231861" lon="113.284782">
        <ele>0.2</ele>
        <time>2024-04-27T07:08:26Z</time>
      </trkpt>
      <trkpt lat="22.231895" lon="113.284732">
        <ele>0.2</ele>
        <time>2024-04-27T07:08:27Z</time>
      </trkpt>
      <trkpt lat="22.231931" lon="113.284682">
        <ele>0.2</ele>
        <time>2024-04-27T07:08:28Z</time>
      </trkpt>
      <trkpt lat="22.231963" lon="113.284634">
        <ele>0.2</ele>
        <time>2024-04-27T07:08:29Z</time>
      </trkpt>
      <trkpt lat="22.231993" lon="113.284585">
        <ele>0.2</ele>
        <time>2024-04-27T07:08:30Z</time>
      </trkpt>
      <trkpt lat="22.232025" lon="113.284537">
        <ele>0.2</ele>
        <time>2024-04-27T07:08:31Z</time>
      </trkpt>
      <trkpt lat="22.232058" lon="113.284492">
        <ele>0.2</ele>
        <time>2024-04-27T07:08:32Z</time>
      </trkpt>
      <trkpt lat="22.232092" lon="113.284446">
        <ele>0.2</ele>
        <time>2024-04-27T07:08:33Z</time>
      </trkpt>
      <trkpt lat="22.232128" lon="113.2844">
        <ele>0.2</ele>
        <time>2024-04-27T07:08:34Z</time>
      </trkpt>
      <trkpt lat="22.232164" lon="113.284358">
        <ele>0.2</ele>
        <time>2024-04-27T07:08:35Z</time>
      </trkpt>
      <trkpt lat="22.2322" lon="113.284312">
        <ele>0.2</ele>
        <time>2024-04-27T07:08:36Z</time>
      </trkpt>
      <trkpt lat="22.232233" lon="113.284259">
        <ele>0.2</ele>
        <time>2024-04-27T07:08:37Z</time>
      </trkpt>
      <trkpt lat="22.232265" lon="113.284206">
        <ele>0.2</ele>
        <time>2024-04-27T07:08:38Z</time>
      </trkpt>
      <trkpt lat="22.232298" lon="113.284157">
        <ele>0.2</ele>
        <time>2024-04-27T07:08:39Z</time>
      </trkpt>
      <trkpt lat="22.232332" lon="113.28411">
        <ele>0.2</ele>
        <time>2024-04-27T07:08:40Z</time>
      </trkpt>
      <trkpt lat="22.232367" lon="113.284057">
        <ele>0.2</ele>
        <time>2024-04-27T07:08:41Z</time>
      </trkpt>
      <trkpt lat="22.232402" lon="113.284">
        <ele>0.2</ele>
        <time>2024-04-27T07:08:42Z</time>
      </trkpt>
      <trkpt lat="22.232436" lon="113.28395">
        <ele>0.2</ele>
        <time>2024-04-27T07:08:43Z</time>
      </trkpt>
      <trkpt lat="22.232473" lon="113.283904">
        <ele>0.2</ele>
        <time>2024-04-27T07:08:44Z</time>
      </trkpt>
      <trkpt lat="22.232513" lon="113.283855">
        <ele>0.2</ele>
        <time>2024-04-27T07:08:45Z</time>
      </trkpt>
      <trkpt lat="22.232552" lon="113.283806">
        <ele>0.2</ele>
        <time>2024-04-27T07:08:46Z</time>
      </trkpt>
      <trkpt lat="22.232591" lon="113.283755">
        <ele>0.2</ele>
        <time>2024-04-27T07:08:47Z</time>
      </trkpt>
      <trkpt lat="22.232628" lon="113.283713">
        <ele>0.2</ele>
        <time>2024-04-27T07:08:48Z</time>
      </trkpt>
      <trkpt lat="22.232665" lon="113.283675">
        <ele>0.2</ele>
        <time>2024-04-27T07:08:49Z</time>
      </trkpt>
      <trkpt lat="22.232699" lon="113.283633">
        <ele>0.2</ele>
        <time>2024-04-27T07:08:50Z</time>
      </trkpt>
      <trkpt lat="22.23273" lon="113.283599">
        <ele>0.2</ele>
        <time>2024-04-27T07:08:51Z</time>
      </trkpt>
      <trkpt lat="22.232767" lon="113.283565">
        <ele>0.2</ele>
        <time>2024-04-27T07:08:52Z</time>
      </trkpt>
      <trkpt lat="22.232812" lon="113.283531">
        <ele>0.2</ele>
        <time>2024-04-27T07:08:53Z</time>
      </trkpt>
      <trkpt lat="22.232858" lon="113.2835">
        <ele>0.2</ele>
        <time>2024-04-27T07:08:54Z</time>
      </trkpt>
      <trkpt lat="22.232909" lon="113.283466">
        <ele>0.2</ele>
        <time>2024-04-27T07:08:55Z</time>
      </trkpt>
      <trkpt lat="22.232963" lon="113.283432">
        <ele>0.2</ele>
        <time>2024-04-27T07:08:56Z</time>
      </trkpt>
      <trkpt lat="22.23301" lon="113.283401">
        <ele>0.3</ele>
        <time>2024-04-27T07:08:57Z</time>
      </trkpt>
      <trkpt lat="22.23306" lon="113.283366">
        <ele>0.3</ele>
        <time>2024-04-27T07:08:58Z</time>
      </trkpt>
      <trkpt lat="22.233115" lon="113.283328">
        <ele>0.3</ele>
        <time>2024-04-27T07:08:59Z</time>
      </trkpt>
      <trkpt lat="22.233166" lon="113.283298">
        <ele>0.3</ele>
        <time>2024-04-27T07:09:00Z</time>
      </trkpt>
      <trkpt lat="22.233217" lon="113.283267">
        <ele>0.3</ele>
        <time>2024-04-27T07:09:01Z</time>
      </trkpt>
      <trkpt lat="22.233269" lon="113.283233">
        <ele>0.3</ele>
        <time>2024-04-27T07:09:02Z</time>
      </trkpt>
      <trkpt lat="22.233326" lon="113.283202">
        <ele>0.4</ele>
        <time>2024-04-27T07:09:03Z</time>
      </trkpt>
      <trkpt lat="22.233379" lon="113.283168">
        <ele>0.4</ele>
        <time>2024-04-27T07:09:04Z</time>
      </trkpt>
      <trkpt lat="22.23343" lon="113.28313">
        <ele>0.4</ele>
        <time>2024-04-27T07:09:05Z</time>
      </trkpt>
      <trkpt lat="22.233481" lon="113.283096">
        <ele>0.4</ele>
        <time>2024-04-27T07:09:06Z</time>
      </trkpt>
      <trkpt lat="22.233537" lon="113.283062">
        <ele>0.4</ele>
        <time>2024-04-27T07:09:07Z</time>
      </trkpt>
      <trkpt lat="22.233591" lon="113.283031">
        <ele>0.5</ele>
        <time>2024-04-27T07:09:08Z</time>
      </trkpt>
      <trkpt lat="22.23364" lon="113.282996">
        <ele>0.5</ele>
        <time>2024-04-27T07:09:09Z</time>
      </trkpt>
      <trkpt lat="22.233692" lon="113.282954">
        <ele>0.5</ele>
        <time>2024-04-27T07:09:10Z</time>
      </trkpt>
      <trkpt lat="22.233741" lon="113.28292">
        <ele>0.5</ele>
        <time>2024-04-27T07:09:11Z</time>
      </trkpt>
      <trkpt lat="22.233793" lon="113.282886">
        <ele>0.5</ele>
        <time>2024-04-27T07:09:12Z</time>
      </trkpt>
      <trkpt lat="22.233844" lon="113.282852">
        <ele>0.6</ele>
        <time>2024-04-27T07:09:13Z</time>
      </trkpt>
      <trkpt lat="22.233896" lon="113.282817">
        <ele>0.6</ele>
        <time>2024-04-27T07:09:14Z</time>
      </trkpt>
      <trkpt lat="22.233951" lon="113.282779">
        <ele>0.6</ele>
        <time>2024-04-27T07:09:15Z</time>
      </trkpt>
      <trkpt lat="22.234006" lon="113.282737">
        <ele>0.6</ele>
        <time>2024-04-27T07:09:16Z</time>
      </trkpt>
      <trkpt lat="22.234058" lon="113.282699">
        <ele>0.6</ele>
        <time>2024-04-27T07:09:17Z</time>
      </trkpt>
      <trkpt lat="22.234112" lon="113.282664">
        <ele>0.7</ele>
        <time>2024-04-27T07:09:18Z</time>
      </trkpt>
      <trkpt lat="22.234169" lon="113.28263">
        <ele>0.7</ele>
        <time>2024-04-27T07:09:19Z</time>
      </trkpt>
      <trkpt lat="22.234219" lon="113.282596">
        <ele>0.7</ele>
        <time>2024-04-27T07:09:20Z</time>
      </trkpt>
      <trkpt lat="22.234271" lon="113.282558">
        <ele>0.7</ele>
        <time>2024-04-27T07:09:21Z</time>
      </trkpt>
      <trkpt lat="22.234325" lon="113.282516">
        <ele>0.7</ele>
        <time>2024-04-27T07:09:22Z</time>
      </trkpt>
      <trkpt lat="22.234378" lon="113.282474">
        <ele>0.8</ele>
        <time>2024-04-27T07:09:23Z</time>
      </trkpt>
      <trkpt lat="22.234433" lon="113.282436">
        <ele>0.8</ele>
        <time>2024-04-27T07:09:24Z</time>
      </trkpt>
      <trkpt lat="22.234492" lon="113.282402">
        <ele>0.8</ele>
        <time>2024-04-27T07:09:25Z</time>
      </trkpt>
      <trkpt lat="22.234546" lon="113.282371">
        <ele>0.8</ele>
        <time>2024-04-27T07:09:26Z</time>
      </trkpt>
      <trkpt lat="22.234598" lon="113.282332">
        <ele>0.8</ele>
        <time>2024-04-27T07:09:27Z</time>
      </trkpt>
      <trkpt lat="22.234655" lon="113.282291">
        <ele>0.8</ele>
        <time>2024-04-27T07:09:28Z</time>
      </trkpt>
      <trkpt lat="22.234711" lon="113.282257">
        <ele>0.8</ele>
        <time>2024-04-27T07:09:29Z</time>
      </trkpt>
      <trkpt lat="22.234767" lon="113.282226">
        <ele>0.8</ele>
        <time>2024-04-27T07:09:30Z</time>
      </trkpt>
      <trkpt lat="22.234822" lon="113.282191">
        <ele>0.8</ele>
        <time>2024-04-27T07:09:31Z</time>
      </trkpt>
      <trkpt lat="22.234877" lon="113.282153">
        <ele>0.9</ele>
        <time>2024-04-27T07:09:32Z</time>
      </trkpt>
      <trkpt lat="22.234933" lon="113.282115">
        <ele>0.9</ele>
        <time>2024-04-27T07:09:33Z</time>
      </trkpt>
      <trkpt lat="22.234988" lon="113.282081">
        <ele>0.9</ele>
        <time>2024-04-27T07:09:34Z</time>
      </trkpt>
      <trkpt lat="22.235041" lon="113.282051">
        <ele>0.9</ele>
        <time>2024-04-27T07:09:35Z</time>
      </trkpt>
      <trkpt lat="22.235094" lon="113.28202">
        <ele>0.9</ele>
        <time>2024-04-27T07:09:36Z</time>
      </trkpt>
      <trkpt lat="22.235147" lon="113.281986">
        <ele>0.9</ele>
        <time>2024-04-27T07:09:37Z</time>
      </trkpt>
      <trkpt lat="22.2352" lon="113.281951">
        <ele>0.9</ele>
        <time>2024-04-27T07:09:38Z</time>
      </trkpt>
      <trkpt lat="22.235256" lon="113.281921">
        <ele>0.9</ele>
        <time>2024-04-27T07:09:39Z</time>
      </trkpt>
      <trkpt lat="22.23531" lon="113.281886">
        <ele>0.9</ele>
        <time>2024-04-27T07:09:40Z</time>
      </trkpt>
      <trkpt lat="22.235362" lon="113.281849">
        <ele>0.9</ele>
        <time>2024-04-27T07:09:41Z</time>
      </trkpt>
      <trkpt lat="22.235414" lon="113.28181">
        <ele>0.9</ele>
        <time>2024-04-27T07:09:42Z</time>
      </trkpt>
      <trkpt lat="22.235467" lon="113.281772">
        <ele>0.9</ele>
        <time>2024-04-27T07:09:43Z</time>
      </trkpt>
      <trkpt lat="22.235521" lon="113.281738">
        <ele>0.9</ele>
        <time>2024-04-27T07:09:44Z</time>
      </trkpt>
      <trkpt lat="22.235577" lon="113.281703">
        <ele>0.9</ele>
        <time>2024-04-27T07:09:45Z</time>
      </trkpt>
      <trkpt lat="22.235631" lon="113.281669">
        <ele>0.9</ele>
        <time>2024-04-27T07:09:46Z</time>
      </trkpt>
      <trkpt lat="22.235685" lon="113.281635">
        <ele>0.9</ele>
        <time>2024-04-27T07:09:47Z</time>
      </trkpt>
      <trkpt lat="22.235738" lon="113.2816">
        <ele>0.9</ele>
        <time>2024-04-27T07:09:48Z</time>
      </trkpt>
      <trkpt lat="22.235791" lon="113.281566">
        <ele>0.9</ele>
        <time>2024-04-27T07:09:49Z</time>
      </trkpt>
      <trkpt lat="22.235844" lon="113.281528">
        <ele>0.9</ele>
        <time>2024-04-27T07:09:50Z</time>
      </trkpt>
      <trkpt lat="22.235896" lon="113.281494">
        <ele>0.9</ele>
        <time>2024-04-27T07:09:51Z</time>
      </trkpt>
      <trkpt lat="22.235948" lon="113.28146">
        <ele>0.9</ele>
        <time>2024-04-27T07:09:52Z</time>
      </trkpt>
      <trkpt lat="22.236" lon="113.281421">
        <ele>0.9</ele>
        <time>2024-04-27T07:09:53Z</time>
      </trkpt>
      <trkpt lat="22.236052" lon="113.281387">
        <ele>0.9</ele>
        <time>2024-04-27T07:09:54Z</time>
      </trkpt>
      <trkpt lat="22.236106" lon="113.281352">
        <ele>1</ele>
        <time>2024-04-27T07:09:55Z</time>
      </trkpt>
      <trkpt lat="22.236157" lon="113.281318">
        <ele>0.9</ele>
        <time>2024-04-27T07:09:56Z</time>
      </trkpt>
      <trkpt lat="22.236205" lon="113.281284">
        <ele>0.9</ele>
        <time>2024-04-27T07:09:57Z</time>
      </trkpt>
      <trkpt lat="22.236253" lon="113.28125">
        <ele>0.9</ele>
        <time>2024-04-27T07:09:58Z</time>
      </trkpt>
      <trkpt lat="22.236302" lon="113.281215">
        <ele>0.9</ele>
        <time>2024-04-27T07:09:59Z</time>
      </trkpt>
      <trkpt lat="22.236353" lon="113.281181">
        <ele>0.8</ele>
        <time>2024-04-27T07:10:00Z</time>
      </trkpt>
      <trkpt lat="22.236403" lon="113.28115">
        <ele>0.8</ele>
        <time>2024-04-27T07:10:01Z</time>
      </trkpt>
      <trkpt lat="22.236452" lon="113.281116">
        <ele>0.8</ele>
        <time>2024-04-27T07:10:02Z</time>
      </trkpt>
      <trkpt lat="22.236498" lon="113.281082">
        <ele>0.8</ele>
        <time>2024-04-27T07:10:03Z</time>
      </trkpt>
      <trkpt lat="22.236538" lon="113.281051">
        <ele>0.7</ele>
        <time>2024-04-27T07:10:04Z</time>
      </trkpt>
      <trkpt lat="22.236575" lon="113.28102">
        <ele>0.7</ele>
        <time>2024-04-27T07:10:05Z</time>
      </trkpt>
      <trkpt lat="22.236608" lon="113.280998">
        <ele>0.7</ele>
        <time>2024-04-27T07:10:06Z</time>
      </trkpt>
      <trkpt lat="22.236636" lon="113.280987">
        <ele>0.7</ele>
        <time>2024-04-27T07:10:07Z</time>
      </trkpt>
      <trkpt lat="22.236658" lon="113.280983">
        <ele>0.7</ele>
        <time>2024-04-27T07:10:08Z</time>
      </trkpt>
      <trkpt lat="22.23668" lon="113.280987">
        <ele>0.7</ele>
        <time>2024-04-27T07:10:09Z</time>
      </trkpt>
      <trkpt lat="22.236697" lon="113.280998">
        <ele>0.7</ele>
        <time>2024-04-27T07:10:10Z</time>
      </trkpt>
      <trkpt lat="22.236715" lon="113.281025">
        <ele>0.7</ele>
        <time>2024-04-27T07:10:11Z</time>
      </trkpt>
      <trkpt lat="22.236739" lon="113.281064">
        <ele>0.6</ele>
        <time>2024-04-27T07:10:12Z</time>
      </trkpt>
      <trkpt lat="22.23676" lon="113.281102">
        <ele>0.6</ele>
        <time>2024-04-27T07:10:13Z</time>
      </trkpt>
      <trkpt lat="22.236778" lon="113.281144">
        <ele>0.6</ele>
        <time>2024-04-27T07:10:14Z</time>
      </trkpt>
      <trkpt lat="22.236794" lon="113.281186">
        <ele>0.6</ele>
        <time>2024-04-27T07:10:15Z</time>
      </trkpt>
      <trkpt lat="22.236809" lon="113.281224">
        <ele>0.6</ele>
        <time>2024-04-27T07:10:16Z</time>
      </trkpt>
      <trkpt lat="22.236824" lon="113.281262">
        <ele>0.6</ele>
        <time>2024-04-27T07:10:17Z</time>
      </trkpt>
      <trkpt lat="22.236838" lon="113.2813">
        <ele>0.5</ele>
        <time>2024-04-27T07:10:18Z</time>
      </trkpt>
      <trkpt lat="22.236855" lon="113.281342">
        <ele>0.5</ele>
        <time>2024-04-27T07:10:19Z</time>
      </trkpt>
      <trkpt lat="22.236872" lon="113.281391">
        <ele>0.5</ele>
        <time>2024-04-27T07:10:20Z</time>
      </trkpt>
      <trkpt lat="22.236888" lon="113.281437">
        <ele>0.5</ele>
        <time>2024-04-27T07:10:21Z</time>
      </trkpt>
      <trkpt lat="22.236903" lon="113.281472">
        <ele>0.5</ele>
        <time>2024-04-27T07:10:22Z</time>
      </trkpt>
      <trkpt lat="22.236917" lon="113.281502">
        <ele>0.5</ele>
        <time>2024-04-27T07:10:23Z</time>
      </trkpt>
      <trkpt lat="22.236936" lon="113.281532">
        <ele>0.4</ele>
        <time>2024-04-27T07:10:24Z</time>
      </trkpt>
      <trkpt lat="22.236956" lon="113.281569">
        <ele>0.4</ele>
        <time>2024-04-27T07:10:25Z</time>
      </trkpt>
      <trkpt lat="22.236965" lon="113.281616">
        <ele>0.4</ele>
        <time>2024-04-27T07:10:26Z</time>
      </trkpt>
      <trkpt lat="22.236965" lon="113.281654">
        <ele>0.4</ele>
        <time>2024-04-27T07:10:27Z</time>
      </trkpt>
      <trkpt lat="22.236965" lon="113.281689">
        <ele>0.4</ele>
        <time>2024-04-27T07:10:28Z</time>
      </trkpt>
      <trkpt lat="22.236973" lon="113.281727">
        <ele>0.4</ele>
        <time>2024-04-27T07:10:29Z</time>
      </trkpt>
      <trkpt lat="22.236984" lon="113.281757">
        <ele>0.4</ele>
        <time>2024-04-27T07:10:30Z</time>
      </trkpt>
      <trkpt lat="22.236996" lon="113.281788">
        <ele>0.3</ele>
        <time>2024-04-27T07:10:31Z</time>
      </trkpt>
      <trkpt lat="22.237011" lon="113.281822">
        <ele>0.3</ele>
        <time>2024-04-27T07:10:32Z</time>
      </trkpt>
      <trkpt lat="22.237031" lon="113.281857">
        <ele>0.3</ele>
        <time>2024-04-27T07:10:33Z</time>
      </trkpt>
      <trkpt lat="22.237047" lon="113.281891">
        <ele>0.3</ele>
        <time>2024-04-27T07:10:34Z</time>
      </trkpt>
      <trkpt lat="22.237059" lon="113.281925">
        <ele>0.3</ele>
        <time>2024-04-27T07:10:35Z</time>
      </trkpt>
      <trkpt lat="22.237071" lon="113.281963">
        <ele>0.3</ele>
        <time>2024-04-27T07:10:36Z</time>
      </trkpt>
      <trkpt lat="22.237087" lon="113.281998">
        <ele>0.3</ele>
        <time>2024-04-27T07:10:37Z</time>
      </trkpt>
      <trkpt lat="22.237105" lon="113.282032">
        <ele>0.2</ele>
        <time>2024-04-27T07:10:38Z</time>
      </trkpt>
      <trkpt lat="22.237126" lon="113.282069">
        <ele>0.2</ele>
        <time>2024-04-27T07:10:39Z</time>
      </trkpt>
      <trkpt lat="22.237144" lon="113.282108">
        <ele>0.2</ele>
        <time>2024-04-27T07:10:40Z</time>
      </trkpt>
      <trkpt lat="22.237161" lon="113.282146">
        <ele>0.2</ele>
        <time>2024-04-27T07:10:41Z</time>
      </trkpt>
      <trkpt lat="22.237181" lon="113.282188">
        <ele>0.2</ele>
        <time>2024-04-27T07:10:42Z</time>
      </trkpt>
      <trkpt lat="22.237204" lon="113.28223">
        <ele>0.2</ele>
        <time>2024-04-27T07:10:43Z</time>
      </trkpt>
      <trkpt lat="22.237227" lon="113.282272">
        <ele>0.2</ele>
        <time>2024-04-27T07:10:44Z</time>
      </trkpt>
      <trkpt lat="22.237252" lon="113.282318">
        <ele>0.2</ele>
        <time>2024-04-27T07:10:45Z</time>
      </trkpt>
      <trkpt lat="22.237277" lon="113.282363">
        <ele>0.3</ele>
        <time>2024-04-27T07:10:46Z</time>
      </trkpt>
      <trkpt lat="22.237305" lon="113.282413">
        <ele>0.3</ele>
        <time>2024-04-27T07:10:47Z</time>
      </trkpt>
      <trkpt lat="22.237335" lon="113.282464">
        <ele>0.3</ele>
        <time>2024-04-27T07:10:48Z</time>
      </trkpt>
      <trkpt lat="22.237365" lon="113.282506">
        <ele>0.3</ele>
        <time>2024-04-27T07:10:49Z</time>
      </trkpt>
      <trkpt lat="22.237397" lon="113.282548">
        <ele>0.3</ele>
        <time>2024-04-27T07:10:50Z</time>
      </trkpt>
      <trkpt lat="22.237425" lon="113.28259">
        <ele>0.3</ele>
        <time>2024-04-27T07:10:51Z</time>
      </trkpt>
      <trkpt lat="22.237451" lon="113.282626">
        <ele>0.3</ele>
        <time>2024-04-27T07:10:52Z</time>
      </trkpt>
      <trkpt lat="22.237479" lon="113.282668">
        <ele>0.3</ele>
        <time>2024-04-27T07:10:53Z</time>
      </trkpt>
      <trkpt lat="22.237508" lon="113.282715">
        <ele>0.3</ele>
        <time>2024-04-27T07:10:54Z</time>
      </trkpt>
      <trkpt lat="22.237531" lon="113.282756">
        <ele>0.3</ele>
        <time>2024-04-27T07:10:55Z</time>
      </trkpt>
      <trkpt lat="22.237552" lon="113.282795">
        <ele>0.3</ele>
        <time>2024-04-27T07:10:56Z</time>
      </trkpt>
      <trkpt lat="22.237572" lon="113.282833">
        <ele>0.3</ele>
        <time>2024-04-27T07:10:57Z</time>
      </trkpt>
      <trkpt lat="22.237596" lon="113.282867">
        <ele>0.3</ele>
        <time>2024-04-27T07:10:58Z</time>
      </trkpt>
      <trkpt lat="22.237622" lon="113.282898">
        <ele>0.3</ele>
        <time>2024-04-27T07:10:59Z</time>
      </trkpt>
      <trkpt lat="22.237643" lon="113.282932">
        <ele>0.3</ele>
        <time>2024-04-27T07:11:00Z</time>
      </trkpt>
      <trkpt lat="22.237663" lon="113.28297">
        <ele>0.3</ele>
        <time>2024-04-27T07:11:01Z</time>
      </trkpt>
      <trkpt lat="22.237681" lon="113.283001">
        <ele>0.3</ele>
        <time>2024-04-27T07:11:02Z</time>
      </trkpt>
      <trkpt lat="22.2377" lon="113.283023">
        <ele>0.3</ele>
        <time>2024-04-27T07:11:03Z</time>
      </trkpt>
      <trkpt lat="22.237719" lon="113.283051">
        <ele>0.3</ele>
        <time>2024-04-27T07:11:04Z</time>
      </trkpt>
      <trkpt lat="22.237732" lon="113.283081">
        <ele>0.3</ele>
        <time>2024-04-27T07:11:05Z</time>
      </trkpt>
      <trkpt lat="22.237744" lon="113.283107">
        <ele>0.3</ele>
        <time>2024-04-27T07:11:06Z</time>
      </trkpt>
      <trkpt lat="22.237758" lon="113.283134">
        <ele>0.3</ele>
        <time>2024-04-27T07:11:07Z</time>
      </trkpt>
      <trkpt lat="22.237772" lon="113.283164">
        <ele>0.3</ele>
        <time>2024-04-27T07:11:08Z</time>
      </trkpt>
      <trkpt lat="22.237784" lon="113.283198">
        <ele>0.3</ele>
        <time>2024-04-27T07:11:09Z</time>
      </trkpt>
      <trkpt lat="22.237796" lon="113.283236">
        <ele>0.3</ele>
        <time>2024-04-27T07:11:10Z</time>
      </trkpt>
      <trkpt lat="22.237812" lon="113.283281">
        <ele>0.4</ele>
        <time>2024-04-27T07:11:11Z</time>
      </trkpt>
      <trkpt lat="22.237832" lon="113.283328">
        <ele>0.4</ele>
        <time>2024-04-27T07:11:12Z</time>
      </trkpt>
      <trkpt lat="22.237849" lon="113.283369">
        <ele>0.4</ele>
        <time>2024-04-27T07:11:13Z</time>
      </trkpt>
      <trkpt lat="22.237865" lon="113.283412">
        <ele>0.4</ele>
        <time>2024-04-27T07:11:14Z</time>
      </trkpt>
      <trkpt lat="22.237886" lon="113.283453">
        <ele>0.4</ele>
        <time>2024-04-27T07:11:15Z</time>
      </trkpt>
      <trkpt lat="22.237909" lon="113.283499">
        <ele>0.4</ele>
        <time>2024-04-27T07:11:16Z</time>
      </trkpt>
      <trkpt lat="22.237933" lon="113.283545">
        <ele>0.4</ele>
        <time>2024-04-27T07:11:17Z</time>
      </trkpt>
      <trkpt lat="22.237953" lon="113.283587">
        <ele>0.4</ele>
        <time>2024-04-27T07:11:18Z</time>
      </trkpt>
      <trkpt lat="22.237971" lon="113.283629">
        <ele>0.4</ele>
        <time>2024-04-27T07:11:19Z</time>
      </trkpt>
      <trkpt lat="22.237988" lon="113.283671">
        <ele>0.4</ele>
        <time>2024-04-27T07:11:20Z</time>
      </trkpt>
      <trkpt lat="22.238006" lon="113.283713">
        <ele>0.4</ele>
        <time>2024-04-27T07:11:21Z</time>
      </trkpt>
      <trkpt lat="22.238031" lon="113.283759">
        <ele>0.4</ele>
        <time>2024-04-27T07:11:22Z</time>
      </trkpt>
      <trkpt lat="22.238057" lon="113.283804">
        <ele>0.4</ele>
        <time>2024-04-27T07:11:23Z</time>
      </trkpt>
      <trkpt lat="22.238078" lon="113.283846">
        <ele>0.3</ele>
        <time>2024-04-27T07:11:24Z</time>
      </trkpt>
      <trkpt lat="22.238098" lon="113.283885">
        <ele>0.3</ele>
        <time>2024-04-27T07:11:25Z</time>
      </trkpt>
      <trkpt lat="22.238117" lon="113.283919">
        <ele>0.2</ele>
        <time>2024-04-27T07:11:26Z</time>
      </trkpt>
      <trkpt lat="22.238133" lon="113.28395">
        <ele>0.2</ele>
        <time>2024-04-27T07:11:27Z</time>
      </trkpt>
      <trkpt lat="22.238147" lon="113.28398">
        <ele>0.2</ele>
        <time>2024-04-27T07:11:28Z</time>
      </trkpt>
      <trkpt lat="22.23816" lon="113.284011">
        <ele>0.1</ele>
        <time>2024-04-27T07:11:29Z</time>
      </trkpt>
      <trkpt lat="22.23817" lon="113.284044">
        <ele>0.1</ele>
        <time>2024-04-27T07:11:30Z</time>
      </trkpt>
      <trkpt lat="22.23818" lon="113.284082">
        <ele>0.1</ele>
        <time>2024-04-27T07:11:31Z</time>
      </trkpt>
      <trkpt lat="22.238197" lon="113.284128">
        <ele>0</ele>
        <time>2024-04-27T07:11:32Z</time>
      </trkpt>
      <trkpt lat="22.238219" lon="113.284185">
        <ele>0</ele>
        <time>2024-04-27T07:11:33Z</time>
      </trkpt>
      <trkpt lat="22.238246" lon="113.284242">
        <ele>-0.1</ele>
        <time>2024-04-27T07:11:34Z</time>
      </trkpt>
      <trkpt lat="22.238272" lon="113.284295">
        <ele>-0.2</ele>
        <time>2024-04-27T07:11:35Z</time>
      </trkpt>
      <trkpt lat="22.238294" lon="113.284349">
        <ele>-0.2</ele>
        <time>2024-04-27T07:11:36Z</time>
      </trkpt>
      <trkpt lat="22.238315" lon="113.284402">
        <ele>-0.3</ele>
        <time>2024-04-27T07:11:37Z</time>
      </trkpt>
      <trkpt lat="22.238336" lon="113.284452">
        <ele>-0.3</ele>
        <time>2024-04-27T07:11:38Z</time>
      </trkpt>
      <trkpt lat="22.238364" lon="113.284505">
        <ele>-0.4</ele>
        <time>2024-04-27T07:11:39Z</time>
      </trkpt>
      <trkpt lat="22.238398" lon="113.284563">
        <ele>-0.4</ele>
        <time>2024-04-27T07:11:40Z</time>
      </trkpt>
      <trkpt lat="22.238428" lon="113.284609">
        <ele>-0.5</ele>
        <time>2024-04-27T07:11:41Z</time>
      </trkpt>
      <trkpt lat="22.238453" lon="113.284647">
        <ele>-0.5</ele>
        <time>2024-04-27T07:11:42Z</time>
      </trkpt>
      <trkpt lat="22.238476" lon="113.284685">
        <ele>-0.6</ele>
        <time>2024-04-27T07:11:43Z</time>
      </trkpt>
      <trkpt lat="22.238502" lon="113.284723">
        <ele>-0.6</ele>
        <time>2024-04-27T07:11:44Z</time>
      </trkpt>
      <trkpt lat="22.238532" lon="113.284765">
        <ele>-0.7</ele>
        <time>2024-04-27T07:11:45Z</time>
      </trkpt>
      <trkpt lat="22.238556" lon="113.284807">
        <ele>-0.7</ele>
        <time>2024-04-27T07:11:46Z</time>
      </trkpt>
      <trkpt lat="22.238573" lon="113.284845">
        <ele>-0.8</ele>
        <time>2024-04-27T07:11:47Z</time>
      </trkpt>
      <trkpt lat="22.238594" lon="113.284884">
        <ele>-0.8</ele>
        <time>2024-04-27T07:11:48Z</time>
      </trkpt>
      <trkpt lat="22.238615" lon="113.284926">
        <ele>-0.8</ele>
        <time>2024-04-27T07:11:49Z</time>
      </trkpt>
      <trkpt lat="22.238641" lon="113.284981">
        <ele>-0.9</ele>
        <time>2024-04-27T07:11:50Z</time>
      </trkpt>
      <trkpt lat="22.238675" lon="113.285043">
        <ele>-1</ele>
        <time>2024-04-27T07:11:51Z</time>
      </trkpt>
      <trkpt lat="22.238704" lon="113.285096">
        <ele>-1</ele>
        <time>2024-04-27T07:11:52Z</time>
      </trkpt>
      <trkpt lat="22.238731" lon="113.285143">
        <ele>-1.1</ele>
        <time>2024-04-27T07:11:53Z</time>
      </trkpt>
      <trkpt lat="22.238759" lon="113.285181">
        <ele>-1.1</ele>
        <time>2024-04-27T07:11:54Z</time>
      </trkpt>
      <trkpt lat="22.238785" lon="113.28522">
        <ele>-1.2</ele>
        <time>2024-04-27T07:11:55Z</time>
      </trkpt>
      <trkpt lat="22.238807" lon="113.285254">
        <ele>-1.2</ele>
        <time>2024-04-27T07:11:56Z</time>
      </trkpt>
      <trkpt lat="22.238827" lon="113.285285">
        <ele>-1.2</ele>
        <time>2024-04-27T07:11:57Z</time>
      </trkpt>
      <trkpt lat="22.23885" lon="113.285322">
        <ele>-1.3</ele>
        <time>2024-04-27T07:11:58Z</time>
      </trkpt>
      <trkpt lat="22.238874" lon="113.285371">
        <ele>-1.3</ele>
        <time>2024-04-27T07:11:59Z</time>
      </trkpt>
      <trkpt lat="22.238896" lon="113.285424">
        <ele>-1.4</ele>
        <time>2024-04-27T07:12:00Z</time>
      </trkpt>
      <trkpt lat="22.238919" lon="113.285475">
        <ele>-1.4</ele>
        <time>2024-04-27T07:12:01Z</time>
      </trkpt>
      <trkpt lat="22.238944" lon="113.285524">
        <ele>-1.3</ele>
        <time>2024-04-27T07:12:02Z</time>
      </trkpt>
      <trkpt lat="22.238966" lon="113.285574">
        <ele>-1.2</ele>
        <time>2024-04-27T07:12:03Z</time>
      </trkpt>
      <trkpt lat="22.238983" lon="113.28562">
        <ele>-1.1</ele>
        <time>2024-04-27T07:12:04Z</time>
      </trkpt>
      <trkpt lat="22.239003" lon="113.285666">
        <ele>-1.1</ele>
        <time>2024-04-27T07:12:05Z</time>
      </trkpt>
      <trkpt lat="22.239024" lon="113.285712">
        <ele>-1</ele>
        <time>2024-04-27T07:12:06Z</time>
      </trkpt>
      <trkpt lat="22.239041" lon="113.285754">
        <ele>-0.9</ele>
        <time>2024-04-27T07:12:07Z</time>
      </trkpt>
      <trkpt lat="22.239062" lon="113.285792">
        <ele>-0.8</ele>
        <time>2024-04-27T07:12:08Z</time>
      </trkpt>
      <trkpt lat="22.239088" lon="113.285831">
        <ele>-0.8</ele>
        <time>2024-04-27T07:12:09Z</time>
      </trkpt>
      <trkpt lat="22.239109" lon="113.285865">
        <ele>-0.7</ele>
        <time>2024-04-27T07:12:10Z</time>
      </trkpt>
      <trkpt lat="22.23913" lon="113.285896">
        <ele>-0.6</ele>
        <time>2024-04-27T07:12:11Z</time>
      </trkpt>
      <trkpt lat="22.239157" lon="113.285934">
        <ele>-0.6</ele>
        <time>2024-04-27T07:12:12Z</time>
      </trkpt>
      <trkpt lat="22.239177" lon="113.285976">
        <ele>-0.5</ele>
        <time>2024-04-27T07:12:13Z</time>
      </trkpt>
      <trkpt lat="22.239193" lon="113.286013">
        <ele>-0.4</ele>
        <time>2024-04-27T07:12:14Z</time>
      </trkpt>
      <trkpt lat="22.23921" lon="113.286048">
        <ele>-0.4</ele>
        <time>2024-04-27T07:12:15Z</time>
      </trkpt>
      <trkpt lat="22.23922" lon="113.286075">
        <ele>-0.3</ele>
        <time>2024-04-27T07:12:16Z</time>
      </trkpt>
      <trkpt lat="22.239225" lon="113.286094">
        <ele>-0.3</ele>
        <time>2024-04-27T07:12:17Z</time>
      </trkpt>
      <trkpt lat="22.239235" lon="113.286102">
        <ele>-0.3</ele>
        <time>2024-04-27T07:12:18Z</time>
      </trkpt>
      <trkpt lat="22.239249" lon="113.286095">
        <ele>-0.3</ele>
        <time>2024-04-27T07:12:19Z</time>
      </trkpt>
      <trkpt lat="22.239271" lon="113.28608">
        <ele>-0.2</ele>
        <time>2024-04-27T07:12:20Z</time>
      </trkpt>
      <trkpt lat="22.23929" lon="113.286062">
        <ele>-0.2</ele>
        <time>2024-04-27T07:12:21Z</time>
      </trkpt>
      <trkpt lat="22.239303" lon="113.286039">
        <ele>-0.1</ele>
        <time>2024-04-27T07:12:22Z</time>
      </trkpt>
      <trkpt lat="22.239315" lon="113.286013">
        <ele>-0.1</ele>
        <time>2024-04-27T07:12:23Z</time>
      </trkpt>
      <trkpt lat="22.239335" lon="113.285975">
        <ele>0</ele>
        <time>2024-04-27T07:12:24Z</time>
      </trkpt>
      <trkpt lat="22.239361" lon="113.285928">
        <ele>0</ele>
        <time>2024-04-27T07:12:25Z</time>
      </trkpt>
      <trkpt lat="22.239379" lon="113.285897">
        <ele>0.1</ele>
        <time>2024-04-27T07:12:26Z</time>
      </trkpt>
      <trkpt lat="22.239384" lon="113.285885">
        <ele>0.1</ele>
        <time>2024-04-27T07:12:27Z</time>
      </trkpt>
      <trkpt lat="22.239383" lon="113.28587">
        <ele>0.1</ele>
        <time>2024-04-27T07:12:28Z</time>
      </trkpt>
      <trkpt lat="22.239389" lon="113.285853">
        <ele>0.2</ele>
        <time>2024-04-27T07:12:29Z</time>
      </trkpt>
      <trkpt lat="22.239401" lon="113.285842">
        <ele>0.2</ele>
        <time>2024-04-27T07:12:30Z</time>
      </trkpt>
      <trkpt lat="22.239411" lon="113.285835">
        <ele>0.2</ele>
        <time>2024-04-27T07:12:31Z</time>
      </trkpt>
      <trkpt lat="22.239413" lon="113.285835">
        <ele>0.2</ele>
        <time>2024-04-27T07:12:32Z</time>
      </trkpt>
      <trkpt lat="22.239411" lon="113.285835">
        <ele>0.2</ele>
        <time>2024-04-27T07:12:33Z</time>
      </trkpt>
      <trkpt lat="22.239428" lon="113.285619">
        <ele>0.5</ele>
        <time>2024-04-27T07:13:07Z</time>
      </trkpt>
      <trkpt lat="22.239422" lon="113.285596">
        <ele>0.6</ele>
        <time>2024-04-27T07:13:08Z</time>
      </trkpt>
      <trkpt lat="22.239414" lon="113.285573">
        <ele>0.6</ele>
        <time>2024-04-27T07:13:09Z</time>
      </trkpt>
      <trkpt lat="22.239404" lon="113.285557">
        <ele>0.7</ele>
        <time>2024-04-27T07:13:10Z</time>
      </trkpt>
      <trkpt lat="22.239393" lon="113.285539">
        <ele>0.7</ele>
        <time>2024-04-27T07:13:11Z</time>
      </trkpt>
      <trkpt lat="22.239379" lon="113.285512">
        <ele>0.7</ele>
        <time>2024-04-27T07:13:12Z</time>
      </trkpt>
      <trkpt lat="22.239365" lon="113.285489">
        <ele>0.8</ele>
        <time>2024-04-27T07:13:13Z</time>
      </trkpt>
      <trkpt lat="22.239349" lon="113.285462">
        <ele>0.8</ele>
        <time>2024-04-27T07:13:14Z</time>
      </trkpt>
      <trkpt lat="22.239332" lon="113.285432">
        <ele>0.9</ele>
        <time>2024-04-27T07:13:15Z</time>
      </trkpt>
      <trkpt lat="22.239315" lon="113.285398">
        <ele>0.9</ele>
        <time>2024-04-27T07:13:16Z</time>
      </trkpt>
      <trkpt lat="22.239296" lon="113.28536">
        <ele>1</ele>
        <time>2024-04-27T07:13:17Z</time>
      </trkpt>
      <trkpt lat="22.239275" lon="113.285318">
        <ele>1.1</ele>
        <time>2024-04-27T07:13:18Z</time>
      </trkpt>
      <trkpt lat="22.239255" lon="113.285272">
        <ele>1.1</ele>
        <time>2024-04-27T07:13:19Z</time>
      </trkpt>
      <trkpt lat="22.239236" lon="113.28523">
        <ele>1.2</ele>
        <time>2024-04-27T07:13:20Z</time>
      </trkpt>
      <trkpt lat="22.239219" lon="113.285189">
        <ele>1.3</ele>
        <time>2024-04-27T07:13:21Z</time>
      </trkpt>
      <trkpt lat="22.239199" lon="113.285143">
        <ele>1.4</ele>
        <time>2024-04-27T07:13:22Z</time>
      </trkpt>
      <trkpt lat="22.239178" lon="113.2851">
        <ele>1.4</ele>
        <time>2024-04-27T07:13:23Z</time>
      </trkpt>
      <trkpt lat="22.239154" lon="113.285056">
        <ele>1.5</ele>
        <time>2024-04-27T07:13:24Z</time>
      </trkpt>
      <trkpt lat="22.239131" lon="113.285006">
        <ele>1.5</ele>
        <time>2024-04-27T07:13:25Z</time>
      </trkpt>
      <trkpt lat="22.239107" lon="113.284956">
        <ele>1.5</ele>
        <time>2024-04-27T07:13:26Z</time>
      </trkpt>
      <trkpt lat="22.239084" lon="113.284902">
        <ele>1.5</ele>
        <time>2024-04-27T07:13:27Z</time>
      </trkpt>
      <trkpt lat="22.239064" lon="113.284845">
        <ele>1.5</ele>
        <time>2024-04-27T07:13:28Z</time>
      </trkpt>
      <trkpt lat="22.239044" lon="113.284788">
        <ele>1.5</ele>
        <time>2024-04-27T07:13:29Z</time>
      </trkpt>
      <trkpt lat="22.239021" lon="113.284735">
        <ele>1.5</ele>
        <time>2024-04-27T07:13:30Z</time>
      </trkpt>
      <trkpt lat="22.238998" lon="113.284681">
        <ele>1.5</ele>
        <time>2024-04-27T07:13:31Z</time>
      </trkpt>
      <trkpt lat="22.238973" lon="113.284631">
        <ele>1.5</ele>
        <time>2024-04-27T07:13:32Z</time>
      </trkpt>
      <trkpt lat="22.238947" lon="113.284582">
        <ele>1.5</ele>
        <time>2024-04-27T07:13:33Z</time>
      </trkpt>
      <trkpt lat="22.238922" lon="113.284529">
        <ele>1.5</ele>
        <time>2024-04-27T07:13:34Z</time>
      </trkpt>
      <trkpt lat="22.238896" lon="113.284472">
        <ele>1.5</ele>
        <time>2024-04-27T07:13:35Z</time>
      </trkpt>
      <trkpt lat="22.23887" lon="113.284415">
        <ele>1.5</ele>
        <time>2024-04-27T07:13:36Z</time>
      </trkpt>
      <trkpt lat="22.238845" lon="113.284358">
        <ele>1.5</ele>
        <time>2024-04-27T07:13:37Z</time>
      </trkpt>
      <trkpt lat="22.238821" lon="113.284301">
        <ele>1.5</ele>
        <time>2024-04-27T07:13:38Z</time>
      </trkpt>
      <trkpt lat="22.238796" lon="113.284246">
        <ele>1.5</ele>
        <time>2024-04-27T07:13:39Z</time>
      </trkpt>
      <trkpt lat="22.23877" lon="113.284192">
        <ele>1.5</ele>
        <time>2024-04-27T07:13:40Z</time>
      </trkpt>
      <trkpt lat="22.238745" lon="113.284136">
        <ele>1.5</ele>
        <time>2024-04-27T07:13:41Z</time>
      </trkpt>
      <trkpt lat="22.238722" lon="113.284082">
        <ele>1.5</ele>
        <time>2024-04-27T07:13:42Z</time>
      </trkpt>
      <trkpt lat="22.238694" lon="113.284033">
        <ele>1.5</ele>
        <time>2024-04-27T07:13:43Z</time>
      </trkpt>
      <trkpt lat="22.238666" lon="113.28398">
        <ele>1.5</ele>
        <time>2024-04-27T07:13:44Z</time>
      </trkpt>
      <trkpt lat="22.238643" lon="113.283926">
        <ele>1.5</ele>
        <time>2024-04-27T07:13:45Z</time>
      </trkpt>
      <trkpt lat="22.238626" lon="113.283869">
        <ele>1.5</ele>
        <time>2024-04-27T07:13:46Z</time>
      </trkpt>
      <trkpt lat="22.238608" lon="113.283808">
        <ele>1.5</ele>
        <time>2024-04-27T07:13:47Z</time>
      </trkpt>
      <trkpt lat="22.238587" lon="113.283751">
        <ele>1.5</ele>
        <time>2024-04-27T07:13:48Z</time>
      </trkpt>
      <trkpt lat="22.238565" lon="113.283694">
        <ele>1.5</ele>
        <time>2024-04-27T07:13:49Z</time>
      </trkpt>
      <trkpt lat="22.238543" lon="113.283637">
        <ele>1.5</ele>
        <time>2024-04-27T07:13:50Z</time>
      </trkpt>
      <trkpt lat="22.238524" lon="113.283583">
        <ele>1.5</ele>
        <time>2024-04-27T07:13:51Z</time>
      </trkpt>
      <trkpt lat="22.238502" lon="113.283527">
        <ele>1.5</ele>
        <time>2024-04-27T07:13:52Z</time>
      </trkpt>
      <trkpt lat="22.23848" lon="113.283469">
        <ele>1.5</ele>
        <time>2024-04-27T07:13:53Z</time>
      </trkpt>
      <trkpt lat="22.23846" lon="113.283412">
        <ele>1.5</ele>
        <time>2024-04-27T07:13:54Z</time>
      </trkpt>
      <trkpt lat="22.238437" lon="113.283354">
        <ele>1.5</ele>
        <time>2024-04-27T07:13:55Z</time>
      </trkpt>
      <trkpt lat="22.238413" lon="113.2833">
        <ele>1.5</ele>
        <time>2024-04-27T07:13:56Z</time>
      </trkpt>
      <trkpt lat="22.238389" lon="113.283251">
        <ele>1.5</ele>
        <time>2024-04-27T07:13:57Z</time>
      </trkpt>
      <trkpt lat="22.238365" lon="113.283202">
        <ele>1.5</ele>
        <time>2024-04-27T07:13:58Z</time>
      </trkpt>
      <trkpt lat="22.238342" lon="113.283148">
        <ele>1.5</ele>
        <time>2024-04-27T07:13:59Z</time>
      </trkpt>
      <trkpt lat="22.238319" lon="113.283095">
        <ele>1.5</ele>
        <time>2024-04-27T07:14:00Z</time>
      </trkpt>
      <trkpt lat="22.238294" lon="113.283041">
        <ele>1.5</ele>
        <time>2024-04-27T07:14:01Z</time>
      </trkpt>
      <trkpt lat="22.238268" lon="113.28299">
        <ele>1.5</ele>
        <time>2024-04-27T07:14:02Z</time>
      </trkpt>
      <trkpt lat="22.238246" lon="113.28294">
        <ele>1.5</ele>
        <time>2024-04-27T07:14:03Z</time>
      </trkpt>
      <trkpt lat="22.238225" lon="113.282892">
        <ele>1.5</ele>
        <time>2024-04-27T07:14:04Z</time>
      </trkpt>
      <trkpt lat="22.238203" lon="113.282846">
        <ele>1.5</ele>
        <time>2024-04-27T07:14:05Z</time>
      </trkpt>
      <trkpt lat="22.23818" lon="113.282797">
        <ele>1.5</ele>
        <time>2024-04-27T07:14:06Z</time>
      </trkpt>
      <trkpt lat="22.238157" lon="113.282742">
        <ele>1.5</ele>
        <time>2024-04-27T07:14:07Z</time>
      </trkpt>
      <trkpt lat="22.238134" lon="113.282692">
        <ele>1.5</ele>
        <time>2024-04-27T07:14:08Z</time>
      </trkpt>
      <trkpt lat="22.238111" lon="113.282645">
        <ele>1.5</ele>
        <time>2024-04-27T07:14:09Z</time>
      </trkpt>
      <trkpt lat="22.238087" lon="113.282595">
        <ele>1.5</ele>
        <time>2024-04-27T07:14:10Z</time>
      </trkpt>
      <trkpt lat="22.238062" lon="113.282546">
        <ele>1.5</ele>
        <time>2024-04-27T07:14:11Z</time>
      </trkpt>
      <trkpt lat="22.238035" lon="113.282496">
        <ele>1.5</ele>
        <time>2024-04-27T07:14:12Z</time>
      </trkpt>
      <trkpt lat="22.238011" lon="113.282445">
        <ele>1.4</ele>
        <time>2024-04-27T07:14:13Z</time>
      </trkpt>
      <trkpt lat="22.23799" lon="113.282396">
        <ele>1.4</ele>
        <time>2024-04-27T07:14:14Z</time>
      </trkpt>
      <trkpt lat="22.23797" lon="113.282351">
        <ele>1.4</ele>
        <time>2024-04-27T07:14:15Z</time>
      </trkpt>
      <trkpt lat="22.237949" lon="113.282305">
        <ele>1.4</ele>
        <time>2024-04-27T07:14:16Z</time>
      </trkpt>
      <trkpt lat="22.237928" lon="113.282259">
        <ele>1.4</ele>
        <time>2024-04-27T07:14:17Z</time>
      </trkpt>
      <trkpt lat="22.237908" lon="113.282213">
        <ele>1.4</ele>
        <time>2024-04-27T07:14:18Z</time>
      </trkpt>
      <trkpt lat="22.237889" lon="113.282167">
        <ele>1.4</ele>
        <time>2024-04-27T07:14:19Z</time>
      </trkpt>
      <trkpt lat="22.23787" lon="113.282125">
        <ele>1.4</ele>
        <time>2024-04-27T07:14:20Z</time>
      </trkpt>
      <trkpt lat="22.237849" lon="113.282083">
        <ele>1.4</ele>
        <time>2024-04-27T07:14:21Z</time>
      </trkpt>
      <trkpt lat="22.237827" lon="113.282041">
        <ele>1.4</ele>
        <time>2024-04-27T07:14:22Z</time>
      </trkpt>
      <trkpt lat="22.237806" lon="113.282">
        <ele>1.4</ele>
        <time>2024-04-27T07:14:23Z</time>
      </trkpt>
      <trkpt lat="22.237783" lon="113.281954">
        <ele>1.4</ele>
        <time>2024-04-27T07:14:24Z</time>
      </trkpt>
      <trkpt lat="22.237761" lon="113.281908">
        <ele>1.4</ele>
        <time>2024-04-27T07:14:25Z</time>
      </trkpt>
      <trkpt lat="22.237738" lon="113.281862">
        <ele>1.4</ele>
        <time>2024-04-27T07:14:26Z</time>
      </trkpt>
      <trkpt lat="22.237717" lon="113.281816">
        <ele>1.4</ele>
        <time>2024-04-27T07:14:27Z</time>
      </trkpt>
      <trkpt lat="22.237697" lon="113.281771">
        <ele>1.4</ele>
        <time>2024-04-27T07:14:28Z</time>
      </trkpt>
      <trkpt lat="22.237675" lon="113.281725">
        <ele>1.4</ele>
        <time>2024-04-27T07:14:29Z</time>
      </trkpt>
      <trkpt lat="22.237652" lon="113.281675">
        <ele>1.4</ele>
        <time>2024-04-27T07:14:30Z</time>
      </trkpt>
      <trkpt lat="22.23763" lon="113.281625">
        <ele>1.4</ele>
        <time>2024-04-27T07:14:31Z</time>
      </trkpt>
      <trkpt lat="22.237607" lon="113.28158">
        <ele>1.4</ele>
        <time>2024-04-27T07:14:32Z</time>
      </trkpt>
      <trkpt lat="22.237586" lon="113.281535">
        <ele>1.3</ele>
        <time>2024-04-27T07:14:33Z</time>
      </trkpt>
      <trkpt lat="22.237566" lon="113.281492">
        <ele>1.3</ele>
        <time>2024-04-27T07:14:34Z</time>
      </trkpt>
      <trkpt lat="22.237542" lon="113.281445">
        <ele>1.3</ele>
        <time>2024-04-27T07:14:35Z</time>
      </trkpt>
      <trkpt lat="22.237518" lon="113.281399">
        <ele>1.3</ele>
        <time>2024-04-27T07:14:36Z</time>
      </trkpt>
      <trkpt lat="22.237497" lon="113.281355">
        <ele>1.2</ele>
        <time>2024-04-27T07:14:37Z</time>
      </trkpt>
      <trkpt lat="22.237477" lon="113.281305">
        <ele>1.2</ele>
        <time>2024-04-27T07:14:38Z</time>
      </trkpt>
      <trkpt lat="22.237459" lon="113.28126">
        <ele>1.2</ele>
        <time>2024-04-27T07:14:39Z</time>
      </trkpt>
      <trkpt lat="22.23744" lon="113.281218">
        <ele>1.2</ele>
        <time>2024-04-27T07:14:40Z</time>
      </trkpt>
      <trkpt lat="22.23742" lon="113.281178">
        <ele>1.1</ele>
        <time>2024-04-27T07:14:41Z</time>
      </trkpt>
      <trkpt lat="22.237401" lon="113.281137">
        <ele>1.1</ele>
        <time>2024-04-27T07:14:42Z</time>
      </trkpt>
      <trkpt lat="22.237384" lon="113.281096">
        <ele>1.1</ele>
        <time>2024-04-27T07:14:43Z</time>
      </trkpt>
      <trkpt lat="22.237362" lon="113.281054">
        <ele>1.1</ele>
        <time>2024-04-27T07:14:44Z</time>
      </trkpt>
      <trkpt lat="22.237338" lon="113.281011">
        <ele>1.1</ele>
        <time>2024-04-27T07:14:45Z</time>
      </trkpt>
      <trkpt lat="22.237318" lon="113.280973">
        <ele>1</ele>
        <time>2024-04-27T07:14:46Z</time>
      </trkpt>
      <trkpt lat="22.2373" lon="113.280931">
        <ele>1</ele>
        <time>2024-04-27T07:14:47Z</time>
      </trkpt>
      <trkpt lat="22.237283" lon="113.280889">
        <ele>1</ele>
        <time>2024-04-27T07:14:48Z</time>
      </trkpt>
      <trkpt lat="22.237267" lon="113.280851">
        <ele>1</ele>
        <time>2024-04-27T07:14:49Z</time>
      </trkpt>
      <trkpt lat="22.237247" lon="113.280813">
        <ele>1</ele>
        <time>2024-04-27T07:14:50Z</time>
      </trkpt>
      <trkpt lat="22.23723" lon="113.280771">
        <ele>0.9</ele>
        <time>2024-04-27T07:14:51Z</time>
      </trkpt>
      <trkpt lat="22.237211" lon="113.280726">
        <ele>0.9</ele>
        <time>2024-04-27T07:14:52Z</time>
      </trkpt>
      <trkpt lat="22.237192" lon="113.280683">
        <ele>0.9</ele>
        <time>2024-04-27T07:14:53Z</time>
      </trkpt>
      <trkpt lat="22.237174" lon="113.280645">
        <ele>0.9</ele>
        <time>2024-04-27T07:14:54Z</time>
      </trkpt>
      <trkpt lat="22.237155" lon="113.280607">
        <ele>0.8</ele>
        <time>2024-04-27T07:14:55Z</time>
      </trkpt>
      <trkpt lat="22.237137" lon="113.280569">
        <ele>0.8</ele>
        <time>2024-04-27T07:14:56Z</time>
      </trkpt>
      <trkpt lat="22.23712" lon="113.280531">
        <ele>0.8</ele>
        <time>2024-04-27T07:14:57Z</time>
      </trkpt>
      <trkpt lat="22.237104" lon="113.280496">
        <ele>0.8</ele>
        <time>2024-04-27T07:14:58Z</time>
      </trkpt>
      <trkpt lat="22.237084" lon="113.280462">
        <ele>0.8</ele>
        <time>2024-04-27T07:14:59Z</time>
      </trkpt>
      <trkpt lat="22.237064" lon="113.280424">
        <ele>0.7</ele>
        <time>2024-04-27T07:15:00Z</time>
      </trkpt>
      <trkpt lat="22.237047" lon="113.280386">
        <ele>0.7</ele>
        <time>2024-04-27T07:15:01Z</time>
      </trkpt>
      <trkpt lat="22.237032" lon="113.280351">
        <ele>0.7</ele>
        <time>2024-04-27T07:15:02Z</time>
      </trkpt>
      <trkpt lat="22.237015" lon="113.280317">
        <ele>0.7</ele>
        <time>2024-04-27T07:15:03Z</time>
      </trkpt>
      <trkpt lat="22.236997" lon="113.280279">
        <ele>0.7</ele>
        <time>2024-04-27T07:15:04Z</time>
      </trkpt>
      <trkpt lat="22.236978" lon="113.28024">
        <ele>0.6</ele>
        <time>2024-04-27T07:15:05Z</time>
      </trkpt>
      <trkpt lat="22.236958" lon="113.280203">
        <ele>0.6</ele>
        <time>2024-04-27T07:15:06Z</time>
      </trkpt>
      <trkpt lat="22.23694" lon="113.280164">
        <ele>0.6</ele>
        <time>2024-04-27T07:15:07Z</time>
      </trkpt>
      <trkpt lat="22.236922" lon="113.280126">
        <ele>0.6</ele>
        <time>2024-04-27T07:15:08Z</time>
      </trkpt>
      <trkpt lat="22.236905" lon="113.280092">
        <ele>0.6</ele>
        <time>2024-04-27T07:15:09Z</time>
      </trkpt>
      <trkpt lat="22.23689" lon="113.280057">
        <ele>0.6</ele>
        <time>2024-04-27T07:15:10Z</time>
      </trkpt>
      <trkpt lat="22.236876" lon="113.280023">
        <ele>0.5</ele>
        <time>2024-04-27T07:15:11Z</time>
      </trkpt>
      <trkpt lat="22.23686" lon="113.279993">
        <ele>0.5</ele>
        <time>2024-04-27T07:15:12Z</time>
      </trkpt>
      <trkpt lat="22.236842" lon="113.279958">
        <ele>0.5</ele>
        <time>2024-04-27T07:15:13Z</time>
      </trkpt>
      <trkpt lat="22.236823" lon="113.279921">
        <ele>0.5</ele>
        <time>2024-04-27T07:15:14Z</time>
      </trkpt>
      <trkpt lat="22.236804" lon="113.279883">
        <ele>0.5</ele>
        <time>2024-04-27T07:15:15Z</time>
      </trkpt>
      <trkpt lat="22.236786" lon="113.279844">
        <ele>0.4</ele>
        <time>2024-04-27T07:15:16Z</time>
      </trkpt>
      <trkpt lat="22.23677" lon="113.279806">
        <ele>0.4</ele>
        <time>2024-04-27T07:15:17Z</time>
      </trkpt>
      <trkpt lat="22.236756" lon="113.279768">
        <ele>0.4</ele>
        <time>2024-04-27T07:15:18Z</time>
      </trkpt>
      <trkpt lat="22.236741" lon="113.279733">
        <ele>0.4</ele>
        <time>2024-04-27T07:15:19Z</time>
      </trkpt>
      <trkpt lat="22.236723" lon="113.279698">
        <ele>0.4</ele>
        <time>2024-04-27T07:15:20Z</time>
      </trkpt>
      <trkpt lat="22.236704" lon="113.27966">
        <ele>0.4</ele>
        <time>2024-04-27T07:15:21Z</time>
      </trkpt>
      <trkpt lat="22.236687" lon="113.279623">
        <ele>0.3</ele>
        <time>2024-04-27T07:15:22Z</time>
      </trkpt>
      <trkpt lat="22.236671" lon="113.279584">
        <ele>0.3</ele>
        <time>2024-04-27T07:15:23Z</time>
      </trkpt>
      <trkpt lat="22.236654" lon="113.279547">
        <ele>0.3</ele>
        <time>2024-04-27T07:15:24Z</time>
      </trkpt>
      <trkpt lat="22.236636" lon="113.279509">
        <ele>0.3</ele>
        <time>2024-04-27T07:15:25Z</time>
      </trkpt>
      <trkpt lat="22.236616" lon="113.27947">
        <ele>0.3</ele>
        <time>2024-04-27T07:15:26Z</time>
      </trkpt>
      <trkpt lat="22.236596" lon="113.279429">
        <ele>0.3</ele>
        <time>2024-04-27T07:15:27Z</time>
      </trkpt>
      <trkpt lat="22.236577" lon="113.279387">
        <ele>0.2</ele>
        <time>2024-04-27T07:15:28Z</time>
      </trkpt>
      <trkpt lat="22.236558" lon="113.279348">
        <ele>0.2</ele>
        <time>2024-04-27T07:15:29Z</time>
      </trkpt>
      <trkpt lat="22.236538" lon="113.27931">
        <ele>0.2</ele>
        <time>2024-04-27T07:15:30Z</time>
      </trkpt>
      <trkpt lat="22.236518" lon="113.279272">
        <ele>0.2</ele>
        <time>2024-04-27T07:15:31Z</time>
      </trkpt>
      <trkpt lat="22.2365" lon="113.279234">
        <ele>0.2</ele>
        <time>2024-04-27T07:15:32Z</time>
      </trkpt>
      <trkpt lat="22.236484" lon="113.279196">
        <ele>0.2</ele>
        <time>2024-04-27T07:15:33Z</time>
      </trkpt>
      <trkpt lat="22.236467" lon="113.279158">
        <ele>0.2</ele>
        <time>2024-04-27T07:15:34Z</time>
      </trkpt>
      <trkpt lat="22.236447" lon="113.279123">
        <ele>0.1</ele>
        <time>2024-04-27T07:15:35Z</time>
      </trkpt>
      <trkpt lat="22.236429" lon="113.279088">
        <ele>0.1</ele>
        <time>2024-04-27T07:15:36Z</time>
      </trkpt>
      <trkpt lat="22.236412" lon="113.279047">
        <ele>0.1</ele>
        <time>2024-04-27T07:15:37Z</time>
      </trkpt>
      <trkpt lat="22.236395" lon="113.279005">
        <ele>0.1</ele>
        <time>2024-04-27T07:15:38Z</time>
      </trkpt>
      <trkpt lat="22.236378" lon="113.278963">
        <ele>0.1</ele>
        <time>2024-04-27T07:15:39Z</time>
      </trkpt>
      <trkpt lat="22.236359" lon="113.278921">
        <ele>0.1</ele>
        <time>2024-04-27T07:15:40Z</time>
      </trkpt>
      <trkpt lat="22.236339" lon="113.278883">
        <ele>0</ele>
        <time>2024-04-27T07:15:41Z</time>
      </trkpt>
      <trkpt lat="22.236319" lon="113.278845">
        <ele>0</ele>
        <time>2024-04-27T07:15:42Z</time>
      </trkpt>
      <trkpt lat="22.236301" lon="113.278804">
        <ele>0</ele>
        <time>2024-04-27T07:15:43Z</time>
      </trkpt>
      <trkpt lat="22.236282" lon="113.278761">
        <ele>0</ele>
        <time>2024-04-27T07:15:44Z</time>
      </trkpt>
      <trkpt lat="22.236264" lon="113.278723">
        <ele>0</ele>
        <time>2024-04-27T07:15:45Z</time>
      </trkpt>
      <trkpt lat="22.236245" lon="113.278685">
        <ele>0</ele>
        <time>2024-04-27T07:15:46Z</time>
      </trkpt>
      <trkpt lat="22.236225" lon="113.278646">
        <ele>-0.1</ele>
        <time>2024-04-27T07:15:47Z</time>
      </trkpt>
      <trkpt lat="22.236204" lon="113.278608">
        <ele>-0.1</ele>
        <time>2024-04-27T07:15:48Z</time>
      </trkpt>
      <trkpt lat="22.236185" lon="113.278567">
        <ele>-0.1</ele>
        <time>2024-04-27T07:15:49Z</time>
      </trkpt>
      <trkpt lat="22.236167" lon="113.278521">
        <ele>-0.1</ele>
        <time>2024-04-27T07:15:50Z</time>
      </trkpt>
      <trkpt lat="22.236147" lon="113.278479">
        <ele>-0.1</ele>
        <time>2024-04-27T07:15:51Z</time>
      </trkpt>
      <trkpt lat="22.236126" lon="113.278434">
        <ele>-0.1</ele>
        <time>2024-04-27T07:15:52Z</time>
      </trkpt>
      <trkpt lat="22.236104" lon="113.278388">
        <ele>-0.2</ele>
        <time>2024-04-27T07:15:53Z</time>
      </trkpt>
      <trkpt lat="22.236082" lon="113.278347">
        <ele>-0.2</ele>
        <time>2024-04-27T07:15:54Z</time>
      </trkpt>
      <trkpt lat="22.23606" lon="113.2783">
        <ele>-0.2</ele>
        <time>2024-04-27T07:15:55Z</time>
      </trkpt>
      <trkpt lat="22.236038" lon="113.278254">
        <ele>-0.2</ele>
        <time>2024-04-27T07:15:56Z</time>
      </trkpt>
      <trkpt lat="22.236018" lon="113.278208">
        <ele>-0.2</ele>
        <time>2024-04-27T07:15:57Z</time>
      </trkpt>
      <trkpt lat="22.236" lon="113.278166">
        <ele>-0.2</ele>
        <time>2024-04-27T07:15:58Z</time>
      </trkpt>
      <trkpt lat="22.235982" lon="113.278125">
        <ele>-0.3</ele>
        <time>2024-04-27T07:15:59Z</time>
      </trkpt>
      <trkpt lat="22.235963" lon="113.278082">
        <ele>-0.3</ele>
        <time>2024-04-27T07:16:00Z</time>
      </trkpt>
      <trkpt lat="22.235945" lon="113.27804">
        <ele>-0.3</ele>
        <time>2024-04-27T07:16:01Z</time>
      </trkpt>
      <trkpt lat="22.235926" lon="113.277994">
        <ele>-0.3</ele>
        <time>2024-04-27T07:16:02Z</time>
      </trkpt>
      <trkpt lat="22.235907" lon="113.277952">
        <ele>-0.2</ele>
        <time>2024-04-27T07:16:03Z</time>
      </trkpt>
      <trkpt lat="22.235885" lon="113.27791">
        <ele>-0.2</ele>
        <time>2024-04-27T07:16:04Z</time>
      </trkpt>
      <trkpt lat="22.235862" lon="113.277864">
        <ele>-0.2</ele>
        <time>2024-04-27T07:16:05Z</time>
      </trkpt>
      <trkpt lat="22.235839" lon="113.277815">
        <ele>-0.2</ele>
        <time>2024-04-27T07:16:06Z</time>
      </trkpt>
      <trkpt lat="22.235816" lon="113.277766">
        <ele>-0.2</ele>
        <time>2024-04-27T07:16:07Z</time>
      </trkpt>
      <trkpt lat="22.235794" lon="113.277717">
        <ele>-0.2</ele>
        <time>2024-04-27T07:16:08Z</time>
      </trkpt>
      <trkpt lat="22.23577" lon="113.277667">
        <ele>-0.2</ele>
        <time>2024-04-27T07:16:09Z</time>
      </trkpt>
      <trkpt lat="22.235747" lon="113.277617">
        <ele>-0.2</ele>
        <time>2024-04-27T07:16:10Z</time>
      </trkpt>
      <trkpt lat="22.235723" lon="113.277564">
        <ele>-0.2</ele>
        <time>2024-04-27T07:16:11Z</time>
      </trkpt>
      <trkpt lat="22.235697" lon="113.27751">
        <ele>-0.1</ele>
        <time>2024-04-27T07:16:12Z</time>
      </trkpt>
      <trkpt lat="22.235671" lon="113.277461">
        <ele>-0.1</ele>
        <time>2024-04-27T07:16:13Z</time>
      </trkpt>
      <trkpt lat="22.235645" lon="113.277409">
        <ele>-0.1</ele>
        <time>2024-04-27T07:16:14Z</time>
      </trkpt>
      <trkpt lat="22.235619" lon="113.277351">
        <ele>-0.1</ele>
        <time>2024-04-27T07:16:15Z</time>
      </trkpt>
      <trkpt lat="22.235595" lon="113.277298">
        <ele>-0.1</ele>
        <time>2024-04-27T07:16:16Z</time>
      </trkpt>
      <trkpt lat="22.235569" lon="113.277246">
        <ele>-0.1</ele>
        <time>2024-04-27T07:16:17Z</time>
      </trkpt>
      <trkpt lat="22.235543" lon="113.277191">
        <ele>-0.1</ele>
        <time>2024-04-27T07:16:18Z</time>
      </trkpt>
      <trkpt lat="22.235517" lon="113.277137">
        <ele>-0.1</ele>
        <time>2024-04-27T07:16:19Z</time>
      </trkpt>
      <trkpt lat="22.235491" lon="113.277087">
        <ele>0</ele>
        <time>2024-04-27T07:16:20Z</time>
      </trkpt>
      <trkpt lat="22.235467" lon="113.277038">
        <ele>0</ele>
        <time>2024-04-27T07:16:21Z</time>
      </trkpt>
      <trkpt lat="22.235444" lon="113.276985">
        <ele>0</ele>
        <time>2024-04-27T07:16:22Z</time>
      </trkpt>
      <trkpt lat="22.235422" lon="113.276935">
        <ele>0</ele>
        <time>2024-04-27T07:16:23Z</time>
      </trkpt>
      <trkpt lat="22.235398" lon="113.276885">
        <ele>0</ele>
        <time>2024-04-27T07:16:24Z</time>
      </trkpt>
      <trkpt lat="22.235373" lon="113.276833">
        <ele>0</ele>
        <time>2024-04-27T07:16:25Z</time>
      </trkpt>
      <trkpt lat="22.235348" lon="113.276779">
        <ele>0</ele>
        <time>2024-04-27T07:16:26Z</time>
      </trkpt>
      <trkpt lat="22.235322" lon="113.276724">
        <ele>0</ele>
        <time>2024-04-27T07:16:27Z</time>
      </trkpt>
      <trkpt lat="22.235299" lon="113.276675">
        <ele>0</ele>
        <time>2024-04-27T07:16:28Z</time>
      </trkpt>
      <trkpt lat="22.235278" lon="113.276626">
        <ele>0.1</ele>
        <time>2024-04-27T07:16:29Z</time>
      </trkpt>
      <trkpt lat="22.235255" lon="113.276577">
        <ele>0.1</ele>
        <time>2024-04-27T07:16:30Z</time>
      </trkpt>
      <trkpt lat="22.235231" lon="113.276531">
        <ele>0.1</ele>
        <time>2024-04-27T07:16:31Z</time>
      </trkpt>
      <trkpt lat="22.235209" lon="113.276485">
        <ele>0.1</ele>
        <time>2024-04-27T07:16:32Z</time>
      </trkpt>
      <trkpt lat="22.235188" lon="113.276439">
        <ele>0.1</ele>
        <time>2024-04-27T07:16:33Z</time>
      </trkpt>
      <trkpt lat="22.235167" lon="113.276393">
        <ele>0.1</ele>
        <time>2024-04-27T07:16:34Z</time>
      </trkpt>
      <trkpt lat="22.235146" lon="113.27635">
        <ele>0.1</ele>
        <time>2024-04-27T07:16:35Z</time>
      </trkpt>
      <trkpt lat="22.235125" lon="113.276308">
        <ele>0.1</ele>
        <time>2024-04-27T07:16:36Z</time>
      </trkpt>
      <trkpt lat="22.235107" lon="113.276263">
        <ele>0.1</ele>
        <time>2024-04-27T07:16:37Z</time>
      </trkpt>
      <trkpt lat="22.235088" lon="113.276224">
        <ele>0.1</ele>
        <time>2024-04-27T07:16:38Z</time>
      </trkpt>
      <trkpt lat="22.23507" lon="113.276187">
        <ele>0.1</ele>
        <time>2024-04-27T07:16:39Z</time>
      </trkpt>
      <trkpt lat="22.235049" lon="113.276145">
        <ele>0.1</ele>
        <time>2024-04-27T07:16:40Z</time>
      </trkpt>
      <trkpt lat="22.235029" lon="113.276103">
        <ele>0.1</ele>
        <time>2024-04-27T07:16:41Z</time>
      </trkpt>
      <trkpt lat="22.235009" lon="113.27606">
        <ele>0.1</ele>
        <time>2024-04-27T07:16:42Z</time>
      </trkpt>
      <trkpt lat="22.234989" lon="113.276022">
        <ele>0.1</ele>
        <time>2024-04-27T07:16:43Z</time>
      </trkpt>
      <trkpt lat="22.234969" lon="113.275981">
        <ele>0.1</ele>
        <time>2024-04-27T07:16:44Z</time>
      </trkpt>
      <trkpt lat="22.23495" lon="113.275935">
        <ele>0.1</ele>
        <time>2024-04-27T07:16:45Z</time>
      </trkpt>
      <trkpt lat="22.234931" lon="113.275893">
        <ele>0.1</ele>
        <time>2024-04-27T07:16:46Z</time>
      </trkpt>
      <trkpt lat="22.234909" lon="113.275851">
        <ele>0.1</ele>
        <time>2024-04-27T07:16:47Z</time>
      </trkpt>
      <trkpt lat="22.234886" lon="113.275806">
        <ele>0.1</ele>
        <time>2024-04-27T07:16:48Z</time>
      </trkpt>
      <trkpt lat="22.234864" lon="113.275757">
        <ele>0.1</ele>
        <time>2024-04-27T07:16:49Z</time>
      </trkpt>
      <trkpt lat="22.234843" lon="113.275707">
        <ele>0.1</ele>
        <time>2024-04-27T07:16:50Z</time>
      </trkpt>
      <trkpt lat="22.23482" lon="113.275657">
        <ele>0</ele>
        <time>2024-04-27T07:16:51Z</time>
      </trkpt>
      <trkpt lat="22.234793" lon="113.275604">
        <ele>0</ele>
        <time>2024-04-27T07:16:52Z</time>
      </trkpt>
      <trkpt lat="22.234766" lon="113.275551">
        <ele>0</ele>
        <time>2024-04-27T07:16:53Z</time>
      </trkpt>
      <trkpt lat="22.23474" lon="113.275497">
        <ele>0</ele>
        <time>2024-04-27T07:16:54Z</time>
      </trkpt>
      <trkpt lat="22.234715" lon="113.275447">
        <ele>0</ele>
        <time>2024-04-27T07:16:55Z</time>
      </trkpt>
      <trkpt lat="22.23469" lon="113.275398">
        <ele>0</ele>
        <time>2024-04-27T07:16:56Z</time>
      </trkpt>
      <trkpt lat="22.234665" lon="113.27534">
        <ele>0</ele>
        <time>2024-04-27T07:16:57Z</time>
      </trkpt>
      <trkpt lat="22.234641" lon="113.275284">
        <ele>0</ele>
        <time>2024-04-27T07:16:58Z</time>
      </trkpt>
      <trkpt lat="22.234615" lon="113.275231">
        <ele>0</ele>
        <time>2024-04-27T07:16:59Z</time>
      </trkpt>
      <trkpt lat="22.234589" lon="113.275177">
        <ele>0</ele>
        <time>2024-04-27T07:17:00Z</time>
      </trkpt>
      <trkpt lat="22.234562" lon="113.275125">
        <ele>0</ele>
        <time>2024-04-27T07:17:01Z</time>
      </trkpt>
      <trkpt lat="22.234533" lon="113.275067">
        <ele>0</ele>
        <time>2024-04-27T07:17:02Z</time>
      </trkpt>
      <trkpt lat="22.234504" lon="113.275008">
        <ele>0</ele>
        <time>2024-04-27T07:17:03Z</time>
      </trkpt>
      <trkpt lat="22.234477" lon="113.274954">
        <ele>0</ele>
        <time>2024-04-27T07:17:04Z</time>
      </trkpt>
      <trkpt lat="22.234447" lon="113.2749">
        <ele>0</ele>
        <time>2024-04-27T07:17:05Z</time>
      </trkpt>
      <trkpt lat="22.234414" lon="113.274848">
        <ele>0</ele>
        <time>2024-04-27T07:17:06Z</time>
      </trkpt>
      <trkpt lat="22.234376" lon="113.274794">
        <ele>0</ele>
        <time>2024-04-27T07:17:07Z</time>
      </trkpt>
      <trkpt lat="22.23434" lon="113.274741">
        <ele>0</ele>
        <time>2024-04-27T07:17:08Z</time>
      </trkpt>
      <trkpt lat="22.234306" lon="113.274688">
        <ele>0</ele>
        <time>2024-04-27T07:17:09Z</time>
      </trkpt>
      <trkpt lat="22.23427" lon="113.274632">
        <ele>0</ele>
        <time>2024-04-27T07:17:10Z</time>
      </trkpt>
      <trkpt lat="22.234236" lon="113.27457">
        <ele>-0.1</ele>
        <time>2024-04-27T07:17:11Z</time>
      </trkpt>
      <trkpt lat="22.234205" lon="113.274505">
        <ele>-0.1</ele>
        <time>2024-04-27T07:17:12Z</time>
      </trkpt>
      <trkpt lat="22.234178" lon="113.274438">
        <ele>-0.1</ele>
        <time>2024-04-27T07:17:13Z</time>
      </trkpt>
      <trkpt lat="22.234152" lon="113.274377">
        <ele>-0.1</ele>
        <time>2024-04-27T07:17:14Z</time>
      </trkpt>
      <trkpt lat="22.23412" lon="113.274322">
        <ele>-0.1</ele>
        <time>2024-04-27T07:17:15Z</time>
      </trkpt>
      <trkpt lat="22.234082" lon="113.274272">
        <ele>-0.1</ele>
        <time>2024-04-27T07:17:16Z</time>
      </trkpt>
      <trkpt lat="22.234041" lon="113.274229">
        <ele>-0.1</ele>
        <time>2024-04-27T07:17:17Z</time>
      </trkpt>
      <trkpt lat="22.233999" lon="113.274198">
        <ele>-0.1</ele>
        <time>2024-04-27T07:17:18Z</time>
      </trkpt>
      <trkpt lat="22.233962" lon="113.274182">
        <ele>-0.1</ele>
        <time>2024-04-27T07:17:19Z</time>
      </trkpt>
      <trkpt lat="22.23394" lon="113.274174">
        <ele>-0.1</ele>
        <time>2024-04-27T07:17:20Z</time>
      </trkpt>
      <trkpt lat="22.233931" lon="113.274166">
        <ele>-0.1</ele>
        <time>2024-04-27T07:17:21Z</time>
      </trkpt>
      <trkpt lat="22.233923" lon="113.274159">
        <ele>-0.1</ele>
        <time>2024-04-27T07:17:22Z</time>
      </trkpt>
      <trkpt lat="22.233917" lon="113.274151">
        <ele>-0.1</ele>
        <time>2024-04-27T07:17:23Z</time>
      </trkpt>
      <trkpt lat="22.233913" lon="113.274137">
        <ele>-0.1</ele>
        <time>2024-04-27T07:17:24Z</time>
      </trkpt>
      <trkpt lat="22.233912" lon="113.274113">
        <ele>-0.1</ele>
        <time>2024-04-27T07:17:25Z</time>
      </trkpt>
      <trkpt lat="22.233921" lon="113.274087">
        <ele>-0.1</ele>
        <time>2024-04-27T07:17:26Z</time>
      </trkpt>
      <trkpt lat="22.233939" lon="113.27406">
        <ele>-0.1</ele>
        <time>2024-04-27T07:17:27Z</time>
      </trkpt>
      <trkpt lat="22.233959" lon="113.274041">
        <ele>-0.1</ele>
        <time>2024-04-27T07:17:28Z</time>
      </trkpt>
      <trkpt lat="22.233976" lon="113.274026">
        <ele>-0.1</ele>
        <time>2024-04-27T07:17:29Z</time>
      </trkpt>
      <trkpt lat="22.233995" lon="113.274007">
        <ele>-0.1</ele>
        <time>2024-04-27T07:17:30Z</time>
      </trkpt>
      <trkpt lat="22.234021" lon="113.273984">
        <ele>-0.1</ele>
        <time>2024-04-27T07:17:31Z</time>
      </trkpt>
      <trkpt lat="22.234055" lon="113.273961">
        <ele>-0.1</ele>
        <time>2024-04-27T07:17:32Z</time>
      </trkpt>
      <trkpt lat="22.234093" lon="113.273938">
        <ele>-0.1</ele>
        <time>2024-04-27T07:17:33Z</time>
      </trkpt>
      <trkpt lat="22.234131" lon="113.273919">
        <ele>-0.1</ele>
        <time>2024-04-27T07:17:34Z</time>
      </trkpt>
      <trkpt lat="22.234164" lon="113.273907">
        <ele>-0.1</ele>
        <time>2024-04-27T07:17:35Z</time>
      </trkpt>
      <trkpt lat="22.234194" lon="113.273896">
        <ele>-0.1</ele>
        <time>2024-04-27T07:17:36Z</time>
      </trkpt>
      <trkpt lat="22.234221" lon="113.273884">
        <ele>-0.1</ele>
        <time>2024-04-27T07:17:37Z</time>
      </trkpt>
      <trkpt lat="22.234246" lon="113.27388">
        <ele>-0.1</ele>
        <time>2024-04-27T07:17:38Z</time>
      </trkpt>
      <trkpt lat="22.234265" lon="113.273877">
        <ele>-0.1</ele>
        <time>2024-04-27T07:17:39Z</time>
      </trkpt>
      <trkpt lat="22.234278" lon="113.273869">
        <ele>-0.1</ele>
        <time>2024-04-27T07:17:40Z</time>
      </trkpt>
      <trkpt lat="22.234287" lon="113.273865">
        <ele>-0.1</ele>
        <time>2024-04-27T07:17:41Z</time>
      </trkpt>
      <trkpt lat="22.234294" lon="113.273861">
        <ele>-0.1</ele>
        <time>2024-04-27T07:17:42Z</time>
      </trkpt>
      <trkpt lat="22.234299" lon="113.273854">
        <ele>-0.1</ele>
        <time>2024-04-27T07:17:43Z</time>
      </trkpt>
      <trkpt lat="22.234302" lon="113.273843">
        <ele>-0.1</ele>
        <time>2024-04-27T07:17:44Z</time>
      </trkpt>
      <trkpt lat="22.2343" lon="113.273834">
        <ele>-0.1</ele>
        <time>2024-04-27T07:17:45Z</time>
      </trkpt>
      <trkpt lat="22.234299" lon="113.273834">
        <ele>-0.1</ele>
        <time>2024-04-27T07:17:46Z</time>
      </trkpt>
      <trkpt lat="22.234299" lon="113.273834">
        <ele>-0.1</ele>
        <time>2024-04-27T07:17:47Z</time>
      </trkpt>
      <trkpt lat="22.234299" lon="113.273834">
        <ele>-0.1</ele>
        <time>2024-04-27T07:17:48Z</time>
      </trkpt>
      <trkpt lat="22.234299" lon="113.273834">
        <ele>-0.1</ele>
        <time>2024-04-27T07:17:49Z</time>
      </trkpt>
      <trkpt lat="22.234299" lon="113.273834">
        <ele>-0.1</ele>
        <time>2024-04-27T07:17:50Z</time>
      </trkpt>
      <trkpt lat="22.234299" lon="113.273834">
        <ele>-0.1</ele>
        <time>2024-04-27T07:17:51Z</time>
      </trkpt>
      <trkpt lat="22.234299" lon="113.273834">
        <ele>-0.1</ele>
        <time>2024-04-27T07:17:52Z</time>
      </trkpt>
      <trkpt lat="22.234299" lon="113.273834">
        <ele>-0.1</ele>
        <time>2024-04-27T07:17:53Z</time>
      </trkpt>
      <trkpt lat="22.234299" lon="113.273834">
        <ele>-0.1</ele>
        <time>2024-04-27T07:17:54Z</time>
      </trkpt>
      <trkpt lat="22.234299" lon="113.273834">
        <ele>-0.1</ele>
        <time>2024-04-27T07:17:55Z</time>
      </trkpt>
      <trkpt lat="22.234299" lon="113.273834">
        <ele>-0.1</ele>
        <time>2024-04-27T07:17:56Z</time>
      </trkpt>
      <trkpt lat="22.234269" lon="113.273767">
        <ele>-0.1</ele>
        <time>2024-04-27T07:19:24Z</time>
      </trkpt>
      <trkpt lat="22.234252" lon="113.27374">
        <ele>-0.1</ele>
        <time>2024-04-27T07:19:25Z</time>
      </trkpt>
      <trkpt lat="22.234235" lon="113.273717">
        <ele>-0.1</ele>
        <time>2024-04-27T07:19:26Z</time>
      </trkpt>
      <trkpt lat="22.234219" lon="113.273694">
        <ele>-0.1</ele>
        <time>2024-04-27T07:19:27Z</time>
      </trkpt>
      <trkpt lat="22.234198" lon="113.273668">
        <ele>-0.1</ele>
        <time>2024-04-27T07:19:28Z</time>
      </trkpt>
      <trkpt lat="22.234184" lon="113.273635">
        <ele>-0.1</ele>
        <time>2024-04-27T07:19:29Z</time>
      </trkpt>
      <trkpt lat="22.234192" lon="113.273594">
        <ele>-0.1</ele>
        <time>2024-04-27T07:19:30Z</time>
      </trkpt>
      <trkpt lat="22.234209" lon="113.273547">
        <ele>-0.1</ele>
        <time>2024-04-27T07:19:31Z</time>
      </trkpt>
      <trkpt lat="22.234217" lon="113.273502">
        <ele>-0.1</ele>
        <time>2024-04-27T07:19:32Z</time>
      </trkpt>
      <trkpt lat="22.234209" lon="113.273459">
        <ele>-0.1</ele>
        <time>2024-04-27T07:19:33Z</time>
      </trkpt>
      <trkpt lat="22.234182" lon="113.273427">
        <ele>-0.1</ele>
        <time>2024-04-27T07:19:34Z</time>
      </trkpt>
      <trkpt lat="22.234144" lon="113.273404">
        <ele>-0.1</ele>
        <time>2024-04-27T07:19:35Z</time>
      </trkpt>
      <trkpt lat="22.234105" lon="113.273378">
        <ele>-0.1</ele>
        <time>2024-04-27T07:19:36Z</time>
      </trkpt>
      <trkpt lat="22.234072" lon="113.273341">
        <ele>-0.1</ele>
        <time>2024-04-27T07:19:37Z</time>
      </trkpt>
      <trkpt lat="22.234044" lon="113.273299">
        <ele>-0.1</ele>
        <time>2024-04-27T07:19:38Z</time>
      </trkpt>
      <trkpt lat="22.234018" lon="113.273254">
        <ele>-0.1</ele>
        <time>2024-04-27T07:19:39Z</time>
      </trkpt>
      <trkpt lat="22.233992" lon="113.2732">
        <ele>-0.2</ele>
        <time>2024-04-27T07:19:40Z</time>
      </trkpt>
      <trkpt lat="22.23397" lon="113.27315">
        <ele>-0.2</ele>
        <time>2024-04-27T07:19:41Z</time>
      </trkpt>
      <trkpt lat="22.23395" lon="113.273105">
        <ele>-0.2</ele>
        <time>2024-04-27T07:19:42Z</time>
      </trkpt>
      <trkpt lat="22.233927" lon="113.273052">
        <ele>-0.2</ele>
        <time>2024-04-27T07:19:43Z</time>
      </trkpt>
      <trkpt lat="22.2339" lon="113.272994">
        <ele>-0.2</ele>
        <time>2024-04-27T07:19:44Z</time>
      </trkpt>
      <trkpt lat="22.233872" lon="113.272934">
        <ele>-0.3</ele>
        <time>2024-04-27T07:19:45Z</time>
      </trkpt>
      <trkpt lat="22.233843" lon="113.272873">
        <ele>-0.3</ele>
        <time>2024-04-27T07:19:46Z</time>
      </trkpt>
      <trkpt lat="22.233813" lon="113.272819">
        <ele>-0.3</ele>
        <time>2024-04-27T07:19:47Z</time>
      </trkpt>
      <trkpt lat="22.233785" lon="113.272765">
        <ele>-0.3</ele>
        <time>2024-04-27T07:19:48Z</time>
      </trkpt>
      <trkpt lat="22.233759" lon="113.272712">
        <ele>-0.3</ele>
        <time>2024-04-27T07:19:49Z</time>
      </trkpt>
      <trkpt lat="22.233733" lon="113.272656">
        <ele>-0.4</ele>
        <time>2024-04-27T07:19:50Z</time>
      </trkpt>
      <trkpt lat="22.233703" lon="113.272594">
        <ele>-0.4</ele>
        <time>2024-04-27T07:19:51Z</time>
      </trkpt>
      <trkpt lat="22.233673" lon="113.272532">
        <ele>-0.4</ele>
        <time>2024-04-27T07:19:52Z</time>
      </trkpt>
      <trkpt lat="22.233644" lon="113.272474">
        <ele>-0.4</ele>
        <time>2024-04-27T07:19:53Z</time>
      </trkpt>
      <trkpt lat="22.233614" lon="113.272421">
        <ele>-0.4</ele>
        <time>2024-04-27T07:19:54Z</time>
      </trkpt>
      <trkpt lat="22.233585" lon="113.272364">
        <ele>-0.5</ele>
        <time>2024-04-27T07:19:55Z</time>
      </trkpt>
      <trkpt lat="22.233556" lon="113.272303">
        <ele>-0.5</ele>
        <time>2024-04-27T07:19:56Z</time>
      </trkpt>
      <trkpt lat="22.23353" lon="113.272246">
        <ele>-0.5</ele>
        <time>2024-04-27T07:19:57Z</time>
      </trkpt>
      <trkpt lat="22.233504" lon="113.272188">
        <ele>-0.5</ele>
        <time>2024-04-27T07:19:58Z</time>
      </trkpt>
      <trkpt lat="22.233479" lon="113.272129">
        <ele>-0.6</ele>
        <time>2024-04-27T07:19:59Z</time>
      </trkpt>
      <trkpt lat="22.233454" lon="113.272068">
        <ele>-0.6</ele>
        <time>2024-04-27T07:20:00Z</time>
      </trkpt>
      <trkpt lat="22.233428" lon="113.272006">
        <ele>-0.6</ele>
        <time>2024-04-27T07:20:01Z</time>
      </trkpt>
      <trkpt lat="22.233401" lon="113.271948">
        <ele>-0.6</ele>
        <time>2024-04-27T07:20:02Z</time>
      </trkpt>
      <trkpt lat="22.233373" lon="113.271894">
        <ele>-0.6</ele>
        <time>2024-04-27T07:20:03Z</time>
      </trkpt>
      <trkpt lat="22.233344" lon="113.271837">
        <ele>-0.7</ele>
        <time>2024-04-27T07:20:04Z</time>
      </trkpt>
      <trkpt lat="22.23331" lon="113.27178">
        <ele>-0.7</ele>
        <time>2024-04-27T07:20:05Z</time>
      </trkpt>
      <trkpt lat="22.233274" lon="113.271723">
        <ele>-0.7</ele>
        <time>2024-04-27T07:20:06Z</time>
      </trkpt>
      <trkpt lat="22.233242" lon="113.271662">
        <ele>-0.7</ele>
        <time>2024-04-27T07:20:07Z</time>
      </trkpt>
      <trkpt lat="22.233212" lon="113.271603">
        <ele>-0.8</ele>
        <time>2024-04-27T07:20:08Z</time>
      </trkpt>
      <trkpt lat="22.23318" lon="113.271549">
        <ele>-0.8</ele>
        <time>2024-04-27T07:20:09Z</time>
      </trkpt>
      <trkpt lat="22.233147" lon="113.2715">
        <ele>-0.7</ele>
        <time>2024-04-27T07:20:10Z</time>
      </trkpt>
      <trkpt lat="22.233112" lon="113.271448">
        <ele>-0.7</ele>
        <time>2024-04-27T07:20:11Z</time>
      </trkpt>
      <trkpt lat="22.233079" lon="113.271395">
        <ele>-0.7</ele>
        <time>2024-04-27T07:20:12Z</time>
      </trkpt>
      <trkpt lat="22.23305" lon="113.271342">
        <ele>-0.6</ele>
        <time>2024-04-27T07:20:13Z</time>
      </trkpt>
      <trkpt lat="22.233024" lon="113.271285">
        <ele>-0.6</ele>
        <time>2024-04-27T07:20:14Z</time>
      </trkpt>
      <trkpt lat="22.232996" lon="113.271231">
        <ele>-0.6</ele>
        <time>2024-04-27T07:20:15Z</time>
      </trkpt>
      <trkpt lat="22.232968" lon="113.271178">
        <ele>-0.5</ele>
        <time>2024-04-27T07:20:16Z</time>
      </trkpt>
      <trkpt lat="22.23294" lon="113.271128">
        <ele>-0.5</ele>
        <time>2024-04-27T07:20:17Z</time>
      </trkpt>
      <trkpt lat="22.232911" lon="113.271079">
        <ele>-0.5</ele>
        <time>2024-04-27T07:20:18Z</time>
      </trkpt>
      <trkpt lat="22.232881" lon="113.271025">
        <ele>-0.4</ele>
        <time>2024-04-27T07:20:19Z</time>
      </trkpt>
      <trkpt lat="22.232855" lon="113.270972">
        <ele>-0.4</ele>
        <time>2024-04-27T07:20:20Z</time>
      </trkpt>
      <trkpt lat="22.23283" lon="113.270921">
        <ele>-0.4</ele>
        <time>2024-04-27T07:20:21Z</time>
      </trkpt>
      <trkpt lat="22.232805" lon="113.270872">
        <ele>-0.3</ele>
        <time>2024-04-27T07:20:22Z</time>
      </trkpt>
      <trkpt lat="22.232782" lon="113.270823">
        <ele>-0.3</ele>
        <time>2024-04-27T07:20:23Z</time>
      </trkpt>
      <trkpt lat="22.232759" lon="113.270777">
        <ele>-0.3</ele>
        <time>2024-04-27T07:20:24Z</time>
      </trkpt>
      <trkpt lat="22.232733" lon="113.270732">
        <ele>-0.3</ele>
        <time>2024-04-27T07:20:25Z</time>
      </trkpt>
      <trkpt lat="22.232709" lon="113.270689">
        <ele>-0.2</ele>
        <time>2024-04-27T07:20:26Z</time>
      </trkpt>
      <trkpt lat="22.232688" lon="113.27065">
        <ele>-0.2</ele>
        <time>2024-04-27T07:20:27Z</time>
      </trkpt>
      <trkpt lat="22.232677" lon="113.270609">
        <ele>-0.2</ele>
        <time>2024-04-27T07:20:28Z</time>
      </trkpt>
      <trkpt lat="22.232678" lon="113.270567">
        <ele>-0.2</ele>
        <time>2024-04-27T07:20:29Z</time>
      </trkpt>
      <trkpt lat="22.232686" lon="113.270529">
        <ele>-0.1</ele>
        <time>2024-04-27T07:20:30Z</time>
      </trkpt>
      <trkpt lat="22.232688" lon="113.27049">
        <ele>-0.1</ele>
        <time>2024-04-27T07:20:31Z</time>
      </trkpt>
      <trkpt lat="22.232683" lon="113.270456">
        <ele>-0.1</ele>
        <time>2024-04-27T07:20:32Z</time>
      </trkpt>
      <trkpt lat="22.232669" lon="113.270422">
        <ele>-0.1</ele>
        <time>2024-04-27T07:20:33Z</time>
      </trkpt>
      <trkpt lat="22.232654" lon="113.270384">
        <ele>-0.1</ele>
        <time>2024-04-27T07:20:34Z</time>
      </trkpt>
      <trkpt lat="22.232652" lon="113.270353">
        <ele>0</ele>
        <time>2024-04-27T07:20:35Z</time>
      </trkpt>
      <trkpt lat="22.232667" lon="113.270327">
        <ele>0</ele>
        <time>2024-04-27T07:20:36Z</time>
      </trkpt>
      <trkpt lat="22.232694" lon="113.270303">
        <ele>0</ele>
        <time>2024-04-27T07:20:37Z</time>
      </trkpt>
      <trkpt lat="22.232723" lon="113.270288">
        <ele>0</ele>
        <time>2024-04-27T07:20:38Z</time>
      </trkpt>
      <trkpt lat="22.232755" lon="113.270276">
        <ele>0</ele>
        <time>2024-04-27T07:20:39Z</time>
      </trkpt>
      <trkpt lat="22.232784" lon="113.270261">
        <ele>0.1</ele>
        <time>2024-04-27T07:20:40Z</time>
      </trkpt>
      <trkpt lat="22.232812" lon="113.270239">
        <ele>0.1</ele>
        <time>2024-04-27T07:20:41Z</time>
      </trkpt>
      <trkpt lat="22.232846" lon="113.270213">
        <ele>0.1</ele>
        <time>2024-04-27T07:20:42Z</time>
      </trkpt>
      <trkpt lat="22.23288" lon="113.270186">
        <ele>0.1</ele>
        <time>2024-04-27T07:20:43Z</time>
      </trkpt>
      <trkpt lat="22.232915" lon="113.270163">
        <ele>0.1</ele>
        <time>2024-04-27T07:20:44Z</time>
      </trkpt>
      <trkpt lat="22.232949" lon="113.270139">
        <ele>0.2</ele>
        <time>2024-04-27T07:20:45Z</time>
      </trkpt>
      <trkpt lat="22.232983" lon="113.270114">
        <ele>0.2</ele>
        <time>2024-04-27T07:20:46Z</time>
      </trkpt>
      <trkpt lat="22.233023" lon="113.270089">
        <ele>0.2</ele>
        <time>2024-04-27T07:20:47Z</time>
      </trkpt>
      <trkpt lat="22.233062" lon="113.270071">
        <ele>0.2</ele>
        <time>2024-04-27T07:20:48Z</time>
      </trkpt>
      <trkpt lat="22.233101" lon="113.270045">
        <ele>0.3</ele>
        <time>2024-04-27T07:20:49Z</time>
      </trkpt>
      <trkpt lat="22.233141" lon="113.270017">
        <ele>0.3</ele>
        <time>2024-04-27T07:20:50Z</time>
      </trkpt>
      <trkpt lat="22.233182" lon="113.269991">
        <ele>0.3</ele>
        <time>2024-04-27T07:20:51Z</time>
      </trkpt>
      <trkpt lat="22.233229" lon="113.26996">
        <ele>0.4</ele>
        <time>2024-04-27T07:20:52Z</time>
      </trkpt>
      <trkpt lat="22.233275" lon="113.269933">
        <ele>0.4</ele>
        <time>2024-04-27T07:20:53Z</time>
      </trkpt>
      <trkpt lat="22.233321" lon="113.269914">
        <ele>0.4</ele>
        <time>2024-04-27T07:20:54Z</time>
      </trkpt>
      <trkpt lat="22.23337" lon="113.269895">
        <ele>0.5</ele>
        <time>2024-04-27T07:20:55Z</time>
      </trkpt>
      <trkpt lat="22.233418" lon="113.269872">
        <ele>0.5</ele>
        <time>2024-04-27T07:20:56Z</time>
      </trkpt>
      <trkpt lat="22.233461" lon="113.269852">
        <ele>0.5</ele>
        <time>2024-04-27T07:20:57Z</time>
      </trkpt>
      <trkpt lat="22.233501" lon="113.269834">
        <ele>0.6</ele>
        <time>2024-04-27T07:20:58Z</time>
      </trkpt>
      <trkpt lat="22.23354" lon="113.26981">
        <ele>0.6</ele>
        <time>2024-04-27T07:20:59Z</time>
      </trkpt>
      <trkpt lat="22.233584" lon="113.269784">
        <ele>0.6</ele>
        <time>2024-04-27T07:21:00Z</time>
      </trkpt>
      <trkpt lat="22.233628" lon="113.269759">
        <ele>0.6</ele>
        <time>2024-04-27T07:21:01Z</time>
      </trkpt>
      <trkpt lat="22.23367" lon="113.269736">
        <ele>0.7</ele>
        <time>2024-04-27T07:21:02Z</time>
      </trkpt>
      <trkpt lat="22.233707" lon="113.269713">
        <ele>0.7</ele>
        <time>2024-04-27T07:21:03Z</time>
      </trkpt>
      <trkpt lat="22.233741" lon="113.26969">
        <ele>0.7</ele>
        <time>2024-04-27T07:21:04Z</time>
      </trkpt>
      <trkpt lat="22.233776" lon="113.269668">
        <ele>0.8</ele>
        <time>2024-04-27T07:21:05Z</time>
      </trkpt>
      <trkpt lat="22.233806" lon="113.269639">
        <ele>0.8</ele>
        <time>2024-04-27T07:21:06Z</time>
      </trkpt>
      <trkpt lat="22.233822" lon="113.269603">
        <ele>0.8</ele>
        <time>2024-04-27T07:21:07Z</time>
      </trkpt>
      <trkpt lat="22.233813" lon="113.269576">
        <ele>0.8</ele>
        <time>2024-04-27T07:21:08Z</time>
      </trkpt>
      <trkpt lat="22.233789" lon="113.269553">
        <ele>0.8</ele>
        <time>2024-04-27T07:21:09Z</time>
      </trkpt>
      <trkpt lat="22.233763" lon="113.269528">
        <ele>0.9</ele>
        <time>2024-04-27T07:21:10Z</time>
      </trkpt>
      <trkpt lat="22.233735" lon="113.2695">
        <ele>0.9</ele>
        <time>2024-04-27T07:21:11Z</time>
      </trkpt>
      <trkpt lat="22.233707" lon="113.26947">
        <ele>0.9</ele>
        <time>2024-04-27T07:21:12Z</time>
      </trkpt>
      <trkpt lat="22.233681" lon="113.269435">
        <ele>0.9</ele>
        <time>2024-04-27T07:21:13Z</time>
      </trkpt>
      <trkpt lat="22.233656" lon="113.269402">
        <ele>1</ele>
        <time>2024-04-27T07:21:14Z</time>
      </trkpt>
      <trkpt lat="22.23363" lon="113.269367">
        <ele>1</ele>
        <time>2024-04-27T07:21:15Z</time>
      </trkpt>
      <trkpt lat="22.233605" lon="113.269334">
        <ele>1</ele>
        <time>2024-04-27T07:21:16Z</time>
      </trkpt>
      <trkpt lat="22.233578" lon="113.269296">
        <ele>1</ele>
        <time>2024-04-27T07:21:17Z</time>
      </trkpt>
      <trkpt lat="22.233549" lon="113.26926">
        <ele>1.1</ele>
        <time>2024-04-27T07:21:18Z</time>
      </trkpt>
      <trkpt lat="22.233522" lon="113.269227">
        <ele>1.1</ele>
        <time>2024-04-27T07:21:19Z</time>
      </trkpt>
      <trkpt lat="22.233493" lon="113.269189">
        <ele>1.1</ele>
        <time>2024-04-27T07:21:20Z</time>
      </trkpt>
      <trkpt lat="22.233464" lon="113.269153">
        <ele>1.1</ele>
        <time>2024-04-27T07:21:21Z</time>
      </trkpt>
      <trkpt lat="22.233437" lon="113.269123">
        <ele>1.2</ele>
        <time>2024-04-27T07:21:22Z</time>
      </trkpt>
      <trkpt lat="22.233412" lon="113.26909">
        <ele>1.2</ele>
        <time>2024-04-27T07:21:23Z</time>
      </trkpt>
      <trkpt lat="22.233388" lon="113.269051">
        <ele>1.2</ele>
        <time>2024-04-27T07:21:24Z</time>
      </trkpt>
      <trkpt lat="22.233365" lon="113.269013">
        <ele>1.3</ele>
        <time>2024-04-27T07:21:25Z</time>
      </trkpt>
      <trkpt lat="22.233347" lon="113.268975">
        <ele>1.3</ele>
        <time>2024-04-27T07:21:26Z</time>
      </trkpt>
      <trkpt lat="22.233332" lon="113.268936">
        <ele>1.3</ele>
        <time>2024-04-27T07:21:27Z</time>
      </trkpt>
      <trkpt lat="22.23332" lon="113.268894">
        <ele>1.3</ele>
        <time>2024-04-27T07:21:28Z</time>
      </trkpt>
      <trkpt lat="22.233313" lon="113.26885">
        <ele>1.4</ele>
        <time>2024-04-27T07:21:29Z</time>
      </trkpt>
      <trkpt lat="22.233311" lon="113.268805">
        <ele>1.4</ele>
        <time>2024-04-27T07:21:30Z</time>
      </trkpt>
      <trkpt lat="22.23331" lon="113.268761">
        <ele>1.4</ele>
        <time>2024-04-27T07:21:31Z</time>
      </trkpt>
      <trkpt lat="22.233307" lon="113.26872">
        <ele>1.4</ele>
        <time>2024-04-27T07:21:32Z</time>
      </trkpt>
      <trkpt lat="22.233306" lon="113.268675">
        <ele>1.5</ele>
        <time>2024-04-27T07:21:33Z</time>
      </trkpt>
      <trkpt lat="22.233308" lon="113.268628">
        <ele>1.5</ele>
        <time>2024-04-27T07:21:34Z</time>
      </trkpt>
      <trkpt lat="22.233312" lon="113.268585">
        <ele>1.6</ele>
        <time>2024-04-27T07:21:35Z</time>
      </trkpt>
      <trkpt lat="22.233322" lon="113.268548">
        <ele>1.6</ele>
        <time>2024-04-27T07:21:36Z</time>
      </trkpt>
      <trkpt lat="22.23334" lon="113.268509">
        <ele>1.6</ele>
        <time>2024-04-27T07:21:37Z</time>
      </trkpt>
      <trkpt lat="22.233359" lon="113.268474">
        <ele>1.7</ele>
        <time>2024-04-27T07:21:38Z</time>
      </trkpt>
      <trkpt lat="22.233376" lon="113.268444">
        <ele>1.7</ele>
        <time>2024-04-27T07:21:39Z</time>
      </trkpt>
      <trkpt lat="22.233397" lon="113.268414">
        <ele>1.7</ele>
        <time>2024-04-27T07:21:40Z</time>
      </trkpt>
      <trkpt lat="22.233421" lon="113.268383">
        <ele>1.8</ele>
        <time>2024-04-27T07:21:41Z</time>
      </trkpt>
      <trkpt lat="22.233446" lon="113.268356">
        <ele>1.8</ele>
        <time>2024-04-27T07:21:42Z</time>
      </trkpt>
      <trkpt lat="22.233466" lon="113.268335">
        <ele>1.8</ele>
        <time>2024-04-27T07:21:43Z</time>
      </trkpt>
      <trkpt lat="22.233486" lon="113.268317">
        <ele>1.8</ele>
        <time>2024-04-27T07:21:44Z</time>
      </trkpt>
      <trkpt lat="22.233507" lon="113.268292">
        <ele>1.9</ele>
        <time>2024-04-27T07:21:45Z</time>
      </trkpt>
      <trkpt lat="22.23353" lon="113.268261">
        <ele>1.9</ele>
        <time>2024-04-27T07:21:46Z</time>
      </trkpt>
      <trkpt lat="22.233558" lon="113.268233">
        <ele>1.9</ele>
        <time>2024-04-27T07:21:47Z</time>
      </trkpt>
      <trkpt lat="22.233587" lon="113.26821">
        <ele>2</ele>
        <time>2024-04-27T07:21:48Z</time>
      </trkpt>
      <trkpt lat="22.233618" lon="113.268187">
        <ele>2</ele>
        <time>2024-04-27T07:21:49Z</time>
      </trkpt>
      <trkpt lat="22.233653" lon="113.26817">
        <ele>2.1</ele>
        <time>2024-04-27T07:21:50Z</time>
      </trkpt>
      <trkpt lat="22.23369" lon="113.268166">
        <ele>2.1</ele>
        <time>2024-04-27T07:21:51Z</time>
      </trkpt>
      <trkpt lat="22.233729" lon="113.26816">
        <ele>2.1</ele>
        <time>2024-04-27T07:21:52Z</time>
      </trkpt>
      <trkpt lat="22.233771" lon="113.268145">
        <ele>2.2</ele>
        <time>2024-04-27T07:21:53Z</time>
      </trkpt>
      <trkpt lat="22.233816" lon="113.268132">
        <ele>2.2</ele>
        <time>2024-04-27T07:21:54Z</time>
      </trkpt>
      <trkpt lat="22.233856" lon="113.268116">
        <ele>2.3</ele>
        <time>2024-04-27T07:21:55Z</time>
      </trkpt>
      <trkpt lat="22.233884" lon="113.268085">
        <ele>2.3</ele>
        <time>2024-04-27T07:21:56Z</time>
      </trkpt>
      <trkpt lat="22.2339" lon="113.268052">
        <ele>2.3</ele>
        <time>2024-04-27T07:21:57Z</time>
      </trkpt>
      <trkpt lat="22.233909" lon="113.268014">
        <ele>2.4</ele>
        <time>2024-04-27T07:21:58Z</time>
      </trkpt>
      <trkpt lat="22.23392" lon="113.267976">
        <ele>2.4</ele>
        <time>2024-04-27T07:21:59Z</time>
      </trkpt>
      <trkpt lat="22.233936" lon="113.267944">
        <ele>2.4</ele>
        <time>2024-04-27T07:22:00Z</time>
      </trkpt>
      <trkpt lat="22.233968" lon="113.267923">
        <ele>2.5</ele>
        <time>2024-04-27T07:22:01Z</time>
      </trkpt>
      <trkpt lat="22.23401" lon="113.267914">
        <ele>2.5</ele>
        <time>2024-04-27T07:22:02Z</time>
      </trkpt>
      <trkpt lat="22.234049" lon="113.267907">
        <ele>2.5</ele>
        <time>2024-04-27T07:22:03Z</time>
      </trkpt>
      <trkpt lat="22.234086" lon="113.267892">
        <ele>2.6</ele>
        <time>2024-04-27T07:22:04Z</time>
      </trkpt>
      <trkpt lat="22.234112" lon="113.267871">
        <ele>2.6</ele>
        <time>2024-04-27T07:22:05Z</time>
      </trkpt>
      <trkpt lat="22.234119" lon="113.267841">
        <ele>2.6</ele>
        <time>2024-04-27T07:22:06Z</time>
      </trkpt>
      <trkpt lat="22.234116" lon="113.267809">
        <ele>2.7</ele>
        <time>2024-04-27T07:22:07Z</time>
      </trkpt>
      <trkpt lat="22.234109" lon="113.267777">
        <ele>2.7</ele>
        <time>2024-04-27T07:22:08Z</time>
      </trkpt>
      <trkpt lat="22.234106" lon="113.267747">
        <ele>2.7</ele>
        <time>2024-04-27T07:22:09Z</time>
      </trkpt>
      <trkpt lat="22.234099" lon="113.267709">
        <ele>2.8</ele>
        <time>2024-04-27T07:22:10Z</time>
      </trkpt>
      <trkpt lat="22.23409" lon="113.267668">
        <ele>2.8</ele>
        <time>2024-04-27T07:22:11Z</time>
      </trkpt>
      <trkpt lat="22.234085" lon="113.267625">
        <ele>2.8</ele>
        <time>2024-04-27T07:22:12Z</time>
      </trkpt>
      <trkpt lat="22.234096" lon="113.267592">
        <ele>2.9</ele>
        <time>2024-04-27T07:22:13Z</time>
      </trkpt>
      <trkpt lat="22.234118" lon="113.267575">
        <ele>2.9</ele>
        <time>2024-04-27T07:22:14Z</time>
      </trkpt>
      <trkpt lat="22.234142" lon="113.267573">
        <ele>2.9</ele>
        <time>2024-04-27T07:22:15Z</time>
      </trkpt>
      <trkpt lat="22.234171" lon="113.267575">
        <ele>2.9</ele>
        <time>2024-04-27T07:22:16Z</time>
      </trkpt>
      <trkpt lat="22.234196" lon="113.267565">
        <ele>3</ele>
        <time>2024-04-27T07:22:17Z</time>
      </trkpt>
      <trkpt lat="22.234212" lon="113.26755">
        <ele>3</ele>
        <time>2024-04-27T07:22:18Z</time>
      </trkpt>
      <trkpt lat="22.23422" lon="113.267529">
        <ele>3</ele>
        <time>2024-04-27T07:22:19Z</time>
      </trkpt>
      <trkpt lat="22.234214" lon="113.267494">
        <ele>3</ele>
        <time>2024-04-27T07:22:20Z</time>
      </trkpt>
      <trkpt lat="22.2342" lon="113.267451">
        <ele>3.1</ele>
        <time>2024-04-27T07:22:21Z</time>
      </trkpt>
      <trkpt lat="22.234189" lon="113.267408">
        <ele>3.1</ele>
        <time>2024-04-27T07:22:22Z</time>
      </trkpt>
      <trkpt lat="22.234181" lon="113.267362">
        <ele>3.1</ele>
        <time>2024-04-27T07:22:23Z</time>
      </trkpt>
      <trkpt lat="22.234171" lon="113.267317">
        <ele>3.1</ele>
        <time>2024-04-27T07:22:24Z</time>
      </trkpt>
      <trkpt lat="22.23416" lon="113.267271">
        <ele>3.1</ele>
        <time>2024-04-27T07:22:25Z</time>
      </trkpt>
      <trkpt lat="22.234148" lon="113.267225">
        <ele>3.1</ele>
        <time>2024-04-27T07:22:26Z</time>
      </trkpt>
      <trkpt lat="22.234134" lon="113.267179">
        <ele>3.1</ele>
        <time>2024-04-27T07:22:27Z</time>
      </trkpt>
      <trkpt lat="22.234123" lon="113.267133">
        <ele>3.1</ele>
        <time>2024-04-27T07:22:28Z</time>
      </trkpt>
      <trkpt lat="22.234112" lon="113.267084">
        <ele>3.1</ele>
        <time>2024-04-27T07:22:29Z</time>
      </trkpt>
      <trkpt lat="22.234104" lon="113.267036">
        <ele>3.1</ele>
        <time>2024-04-27T07:22:30Z</time>
      </trkpt>
      <trkpt lat="22.234099" lon="113.266991">
        <ele>3.1</ele>
        <time>2024-04-27T07:22:31Z</time>
      </trkpt>
      <trkpt lat="22.234089" lon="113.266943">
        <ele>3</ele>
        <time>2024-04-27T07:22:32Z</time>
      </trkpt>
      <trkpt lat="22.234077" lon="113.2669">
        <ele>3</ele>
        <time>2024-04-27T07:22:33Z</time>
      </trkpt>
      <trkpt lat="22.234071" lon="113.266861">
        <ele>3</ele>
        <time>2024-04-27T07:22:34Z</time>
      </trkpt>
      <trkpt lat="22.234065" lon="113.266821">
        <ele>3</ele>
        <time>2024-04-27T07:22:35Z</time>
      </trkpt>
      <trkpt lat="22.23406" lon="113.266783">
        <ele>3</ele>
        <time>2024-04-27T07:22:36Z</time>
      </trkpt>
      <trkpt lat="22.234061" lon="113.26675">
        <ele>3</ele>
        <time>2024-04-27T07:22:37Z</time>
      </trkpt>
      <trkpt lat="22.234059" lon="113.266717">
        <ele>3</ele>
        <time>2024-04-27T07:22:38Z</time>
      </trkpt>
      <trkpt lat="22.234049" lon="113.266676">
        <ele>3</ele>
        <time>2024-04-27T07:22:39Z</time>
      </trkpt>
      <trkpt lat="22.234042" lon="113.266632">
        <ele>3</ele>
        <time>2024-04-27T07:22:40Z</time>
      </trkpt>
      <trkpt lat="22.234036" lon="113.266594">
        <ele>3</ele>
        <time>2024-04-27T07:22:41Z</time>
      </trkpt>
      <trkpt lat="22.234026" lon="113.266553">
        <ele>3</ele>
        <time>2024-04-27T07:22:42Z</time>
      </trkpt>
      <trkpt lat="22.234017" lon="113.266508">
        <ele>3</ele>
        <time>2024-04-27T07:22:43Z</time>
      </trkpt>
      <trkpt lat="22.234012" lon="113.266466">
        <ele>3</ele>
        <time>2024-04-27T07:22:44Z</time>
      </trkpt>
      <trkpt lat="22.234003" lon="113.266427">
        <ele>3</ele>
        <time>2024-04-27T07:22:45Z</time>
      </trkpt>
      <trkpt lat="22.233994" lon="113.266386">
        <ele>3</ele>
        <time>2024-04-27T07:22:46Z</time>
      </trkpt>
      <trkpt lat="22.233983" lon="113.266343">
        <ele>3</ele>
        <time>2024-04-27T07:22:47Z</time>
      </trkpt>
      <trkpt lat="22.233971" lon="113.266302">
        <ele>3</ele>
        <time>2024-04-27T07:22:48Z</time>
      </trkpt>
      <trkpt lat="22.233958" lon="113.266262">
        <ele>3</ele>
        <time>2024-04-27T07:22:49Z</time>
      </trkpt>
      <trkpt lat="22.233937" lon="113.26624">
        <ele>3</ele>
        <time>2024-04-27T07:22:50Z</time>
      </trkpt>
      <trkpt lat="22.233913" lon="113.266238">
        <ele>3</ele>
        <time>2024-04-27T07:22:51Z</time>
      </trkpt>
      <trkpt lat="22.233889" lon="113.266246">
        <ele>3</ele>
        <time>2024-04-27T07:22:52Z</time>
      </trkpt>
      <trkpt lat="22.233864" lon="113.266253">
        <ele>2.9</ele>
        <time>2024-04-27T07:22:53Z</time>
      </trkpt>
      <trkpt lat="22.233837" lon="113.266261">
        <ele>2.9</ele>
        <time>2024-04-27T07:22:54Z</time>
      </trkpt>
      <trkpt lat="22.233805" lon="113.266266">
        <ele>2.9</ele>
        <time>2024-04-27T07:22:55Z</time>
      </trkpt>
      <trkpt lat="22.23377" lon="113.266269">
        <ele>2.9</ele>
        <time>2024-04-27T07:22:56Z</time>
      </trkpt>
      <trkpt lat="22.233733" lon="113.266271">
        <ele>2.9</ele>
        <time>2024-04-27T07:22:57Z</time>
      </trkpt>
      <trkpt lat="22.233691" lon="113.266263">
        <ele>2.9</ele>
        <time>2024-04-27T07:22:58Z</time>
      </trkpt>
      <trkpt lat="22.233647" lon="113.266253">
        <ele>2.9</ele>
        <time>2024-04-27T07:22:59Z</time>
      </trkpt>
      <trkpt lat="22.233604" lon="113.26624">
        <ele>2.9</ele>
        <time>2024-04-27T07:23:00Z</time>
      </trkpt>
      <trkpt lat="22.23356" lon="113.266238">
        <ele>2.9</ele>
        <time>2024-04-27T07:23:01Z</time>
      </trkpt>
      <trkpt lat="22.233518" lon="113.266249">
        <ele>2.9</ele>
        <time>2024-04-27T07:23:02Z</time>
      </trkpt>
      <trkpt lat="22.233477" lon="113.266266">
        <ele>2.9</ele>
        <time>2024-04-27T07:23:03Z</time>
      </trkpt>
      <trkpt lat="22.233433" lon="113.266287">
        <ele>2.9</ele>
        <time>2024-04-27T07:23:04Z</time>
      </trkpt>
      <trkpt lat="22.233389" lon="113.266306">
        <ele>2.9</ele>
        <time>2024-04-27T07:23:05Z</time>
      </trkpt>
      <trkpt lat="22.233349" lon="113.266328">
        <ele>2.9</ele>
        <time>2024-04-27T07:23:06Z</time>
      </trkpt>
      <trkpt lat="22.233306" lon="113.266348">
        <ele>2.9</ele>
        <time>2024-04-27T07:23:07Z</time>
      </trkpt>
      <trkpt lat="22.233263" lon="113.266363">
        <ele>2.8</ele>
        <time>2024-04-27T07:23:08Z</time>
      </trkpt>
      <trkpt lat="22.23322" lon="113.266381">
        <ele>2.7</ele>
        <time>2024-04-27T07:23:09Z</time>
      </trkpt>
      <trkpt lat="22.233178" lon="113.266401">
        <ele>2.7</ele>
        <time>2024-04-27T07:23:10Z</time>
      </trkpt>
      <trkpt lat="22.233135" lon="113.266419">
        <ele>2.6</ele>
        <time>2024-04-27T07:23:11Z</time>
      </trkpt>
      <trkpt lat="22.23309" lon="113.266439">
        <ele>2.5</ele>
        <time>2024-04-27T07:23:12Z</time>
      </trkpt>
      <trkpt lat="22.233047" lon="113.266457">
        <ele>2.4</ele>
        <time>2024-04-27T07:23:13Z</time>
      </trkpt>
      <trkpt lat="22.233004" lon="113.26648">
        <ele>2.3</ele>
        <time>2024-04-27T07:23:14Z</time>
      </trkpt>
      <trkpt lat="22.23296" lon="113.266501">
        <ele>2.2</ele>
        <time>2024-04-27T07:23:15Z</time>
      </trkpt>
      <trkpt lat="22.232916" lon="113.266519">
        <ele>2.1</ele>
        <time>2024-04-27T07:23:16Z</time>
      </trkpt>
      <trkpt lat="22.232876" lon="113.266541">
        <ele>2</ele>
        <time>2024-04-27T07:23:17Z</time>
      </trkpt>
      <trkpt lat="22.232836" lon="113.266561">
        <ele>1.9</ele>
        <time>2024-04-27T07:23:18Z</time>
      </trkpt>
      <trkpt lat="22.232794" lon="113.266579">
        <ele>1.9</ele>
        <time>2024-04-27T07:23:19Z</time>
      </trkpt>
      <trkpt lat="22.232751" lon="113.2666">
        <ele>1.8</ele>
        <time>2024-04-27T07:23:20Z</time>
      </trkpt>
      <trkpt lat="22.23271" lon="113.266618">
        <ele>1.7</ele>
        <time>2024-04-27T07:23:21Z</time>
      </trkpt>
      <trkpt lat="22.232667" lon="113.266638">
        <ele>1.6</ele>
        <time>2024-04-27T07:23:22Z</time>
      </trkpt>
      <trkpt lat="22.232622" lon="113.266653">
        <ele>1.5</ele>
        <time>2024-04-27T07:23:23Z</time>
      </trkpt>
      <trkpt lat="22.23258" lon="113.266671">
        <ele>1.4</ele>
        <time>2024-04-27T07:23:24Z</time>
      </trkpt>
      <trkpt lat="22.23254" lon="113.266691">
        <ele>1.3</ele>
        <time>2024-04-27T07:23:25Z</time>
      </trkpt>
      <trkpt lat="22.232499" lon="113.266706">
        <ele>1.3</ele>
        <time>2024-04-27T07:23:26Z</time>
      </trkpt>
      <trkpt lat="22.232459" lon="113.266722">
        <ele>1.2</ele>
        <time>2024-04-27T07:23:27Z</time>
      </trkpt>
      <trkpt lat="22.232421" lon="113.26674">
        <ele>1.1</ele>
        <time>2024-04-27T07:23:28Z</time>
      </trkpt>
      <trkpt lat="22.232384" lon="113.26676">
        <ele>1</ele>
        <time>2024-04-27T07:23:29Z</time>
      </trkpt>
      <trkpt lat="22.232347" lon="113.266775">
        <ele>1</ele>
        <time>2024-04-27T07:23:30Z</time>
      </trkpt>
      <trkpt lat="22.232309" lon="113.266787">
        <ele>0.9</ele>
        <time>2024-04-27T07:23:31Z</time>
      </trkpt>
      <trkpt lat="22.23227" lon="113.266795">
        <ele>0.8</ele>
        <time>2024-04-27T07:23:32Z</time>
      </trkpt>
      <trkpt lat="22.232232" lon="113.266806">
        <ele>0.7</ele>
        <time>2024-04-27T07:23:33Z</time>
      </trkpt>
      <trkpt lat="22.232196" lon="113.266821">
        <ele>0.7</ele>
        <time>2024-04-27T07:23:34Z</time>
      </trkpt>
      <trkpt lat="22.232158" lon="113.266836">
        <ele>0.6</ele>
        <time>2024-04-27T07:23:35Z</time>
      </trkpt>
      <trkpt lat="22.232119" lon="113.266851">
        <ele>0.5</ele>
        <time>2024-04-27T07:23:36Z</time>
      </trkpt>
      <trkpt lat="22.232081" lon="113.266858">
        <ele>0.4</ele>
        <time>2024-04-27T07:23:37Z</time>
      </trkpt>
      <trkpt lat="22.232045" lon="113.266845">
        <ele>0.4</ele>
        <time>2024-04-27T07:23:38Z</time>
      </trkpt>
      <trkpt lat="22.232016" lon="113.26682">
        <ele>0.3</ele>
        <time>2024-04-27T07:23:39Z</time>
      </trkpt>
      <trkpt lat="22.231996" lon="113.266783">
        <ele>0.2</ele>
        <time>2024-04-27T07:23:40Z</time>
      </trkpt>
      <trkpt lat="22.231987" lon="113.266737">
        <ele>0.1</ele>
        <time>2024-04-27T07:23:41Z</time>
      </trkpt>
      <trkpt lat="22.231984" lon="113.266688">
        <ele>0</ele>
        <time>2024-04-27T07:23:42Z</time>
      </trkpt>
      <trkpt lat="22.231984" lon="113.266635">
        <ele>0</ele>
        <time>2024-04-27T07:23:43Z</time>
      </trkpt>
      <trkpt lat="22.231984" lon="113.266581">
        <ele>-0.1</ele>
        <time>2024-04-27T07:23:44Z</time>
      </trkpt>
      <trkpt lat="22.231981" lon="113.266531">
        <ele>-0.2</ele>
        <time>2024-04-27T07:23:45Z</time>
      </trkpt>
      <trkpt lat="22.231974" lon="113.266482">
        <ele>-0.3</ele>
        <time>2024-04-27T07:23:46Z</time>
      </trkpt>
      <trkpt lat="22.231964" lon="113.266428">
        <ele>-0.4</ele>
        <time>2024-04-27T07:23:47Z</time>
      </trkpt>
      <trkpt lat="22.231954" lon="113.266374">
        <ele>-0.5</ele>
        <time>2024-04-27T07:23:48Z</time>
      </trkpt>
      <trkpt lat="22.231943" lon="113.266325">
        <ele>-0.5</ele>
        <time>2024-04-27T07:23:49Z</time>
      </trkpt>
      <trkpt lat="22.231929" lon="113.266279">
        <ele>-0.4</ele>
        <time>2024-04-27T07:23:50Z</time>
      </trkpt>
      <trkpt lat="22.231913" lon="113.26623">
        <ele>-0.3</ele>
        <time>2024-04-27T07:23:51Z</time>
      </trkpt>
      <trkpt lat="22.2319" lon="113.266177">
        <ele>-0.3</ele>
        <time>2024-04-27T07:23:52Z</time>
      </trkpt>
      <trkpt lat="22.231887" lon="113.266127">
        <ele>-0.2</ele>
        <time>2024-04-27T07:23:53Z</time>
      </trkpt>
      <trkpt lat="22.231873" lon="113.266078">
        <ele>-0.1</ele>
        <time>2024-04-27T07:23:54Z</time>
      </trkpt>
      <trkpt lat="22.231862" lon="113.266027">
        <ele>0</ele>
        <time>2024-04-27T07:23:55Z</time>
      </trkpt>
      <trkpt lat="22.231852" lon="113.265981">
        <ele>0</ele>
        <time>2024-04-27T07:23:56Z</time>
      </trkpt>
      <trkpt lat="22.231838" lon="113.265929">
        <ele>0.1</ele>
        <time>2024-04-27T07:23:57Z</time>
      </trkpt>
      <trkpt lat="22.231823" lon="113.265874">
        <ele>0.2</ele>
        <time>2024-04-27T07:23:58Z</time>
      </trkpt>
      <trkpt lat="22.231807" lon="113.265825">
        <ele>0.3</ele>
        <time>2024-04-27T07:23:59Z</time>
      </trkpt>
      <trkpt lat="22.23179" lon="113.265772">
        <ele>0.3</ele>
        <time>2024-04-27T07:24:00Z</time>
      </trkpt>
      <trkpt lat="22.231776" lon="113.265721">
        <ele>0.4</ele>
        <time>2024-04-27T07:24:01Z</time>
      </trkpt>
      <trkpt lat="22.231761" lon="113.26567">
        <ele>0.5</ele>
        <time>2024-04-27T07:24:02Z</time>
      </trkpt>
      <trkpt lat="22.231743" lon="113.265616">
        <ele>0.6</ele>
        <time>2024-04-27T07:24:03Z</time>
      </trkpt>
      <trkpt lat="22.231728" lon="113.265563">
        <ele>0.6</ele>
        <time>2024-04-27T07:24:04Z</time>
      </trkpt>
      <trkpt lat="22.231718" lon="113.265513">
        <ele>0.7</ele>
        <time>2024-04-27T07:24:05Z</time>
      </trkpt>
      <trkpt lat="22.231708" lon="113.265467">
        <ele>0.8</ele>
        <time>2024-04-27T07:24:06Z</time>
      </trkpt>
      <trkpt lat="22.231698" lon="113.265418">
        <ele>0.8</ele>
        <time>2024-04-27T07:24:07Z</time>
      </trkpt>
      <trkpt lat="22.231689" lon="113.265364">
        <ele>0.9</ele>
        <time>2024-04-27T07:24:08Z</time>
      </trkpt>
      <trkpt lat="22.231681" lon="113.265311">
        <ele>1</ele>
        <time>2024-04-27T07:24:09Z</time>
      </trkpt>
      <trkpt lat="22.231675" lon="113.265258">
        <ele>1.1</ele>
        <time>2024-04-27T07:24:10Z</time>
      </trkpt>
      <trkpt lat="22.231665" lon="113.265201">
        <ele>1.2</ele>
        <time>2024-04-27T07:24:11Z</time>
      </trkpt>
      <trkpt lat="22.231651" lon="113.265143">
        <ele>1.2</ele>
        <time>2024-04-27T07:24:12Z</time>
      </trkpt>
      <trkpt lat="22.231637" lon="113.265086">
        <ele>1.3</ele>
        <time>2024-04-27T07:24:13Z</time>
      </trkpt>
      <trkpt lat="22.231623" lon="113.265025">
        <ele>1.4</ele>
        <time>2024-04-27T07:24:14Z</time>
      </trkpt>
      <trkpt lat="22.231612" lon="113.264964">
        <ele>1.5</ele>
        <time>2024-04-27T07:24:15Z</time>
      </trkpt>
      <trkpt lat="22.2316" lon="113.264903">
        <ele>1.6</ele>
        <time>2024-04-27T07:24:16Z</time>
      </trkpt>
      <trkpt lat="22.231588" lon="113.264845">
        <ele>1.7</ele>
        <time>2024-04-27T07:24:17Z</time>
      </trkpt>
      <trkpt lat="22.231575" lon="113.264792">
        <ele>1.7</ele>
        <time>2024-04-27T07:24:18Z</time>
      </trkpt>
      <trkpt lat="22.231562" lon="113.264739">
        <ele>1.8</ele>
        <time>2024-04-27T07:24:19Z</time>
      </trkpt>
      <trkpt lat="22.231549" lon="113.264682">
        <ele>1.9</ele>
        <time>2024-04-27T07:24:20Z</time>
      </trkpt>
      <trkpt lat="22.231534" lon="113.264628">
        <ele>2</ele>
        <time>2024-04-27T07:24:21Z</time>
      </trkpt>
      <trkpt lat="22.231518" lon="113.264579">
        <ele>2</ele>
        <time>2024-04-27T07:24:22Z</time>
      </trkpt>
      <trkpt lat="22.231501" lon="113.264529">
        <ele>2.1</ele>
        <time>2024-04-27T07:24:23Z</time>
      </trkpt>
      <trkpt lat="22.231485" lon="113.26448">
        <ele>2.2</ele>
        <time>2024-04-27T07:24:24Z</time>
      </trkpt>
      <trkpt lat="22.231472" lon="113.264426">
        <ele>2.4</ele>
        <time>2024-04-27T07:24:25Z</time>
      </trkpt>
      <trkpt lat="22.231458" lon="113.264373">
        <ele>2.6</ele>
        <time>2024-04-27T07:24:26Z</time>
      </trkpt>
      <trkpt lat="22.231445" lon="113.26432">
        <ele>2.8</ele>
        <time>2024-04-27T07:24:27Z</time>
      </trkpt>
      <trkpt lat="22.231431" lon="113.264269">
        <ele>3</ele>
        <time>2024-04-27T07:24:28Z</time>
      </trkpt>
      <trkpt lat="22.231416" lon="113.264217">
        <ele>3.2</ele>
        <time>2024-04-27T07:24:29Z</time>
      </trkpt>
      <trkpt lat="22.2314" lon="113.26416">
        <ele>3.4</ele>
        <time>2024-04-27T07:24:30Z</time>
      </trkpt>
      <trkpt lat="22.231383" lon="113.264106">
        <ele>3.6</ele>
        <time>2024-04-27T07:24:31Z</time>
      </trkpt>
      <trkpt lat="22.231368" lon="113.264053">
        <ele>3.8</ele>
        <time>2024-04-27T07:24:32Z</time>
      </trkpt>
      <trkpt lat="22.231355" lon="113.263999">
        <ele>4</ele>
        <time>2024-04-27T07:24:33Z</time>
      </trkpt>
      <trkpt lat="22.231346" lon="113.26395">
        <ele>4.1</ele>
        <time>2024-04-27T07:24:34Z</time>
      </trkpt>
      <trkpt lat="22.231336" lon="113.263904">
        <ele>4.3</ele>
        <time>2024-04-27T07:24:35Z</time>
      </trkpt>
      <trkpt lat="22.231325" lon="113.263858">
        <ele>4.5</ele>
        <time>2024-04-27T07:24:36Z</time>
      </trkpt>
      <trkpt lat="22.231314" lon="113.263812">
        <ele>4.6</ele>
        <time>2024-04-27T07:24:37Z</time>
      </trkpt>
      <trkpt lat="22.231301" lon="113.263766">
        <ele>4.8</ele>
        <time>2024-04-27T07:24:38Z</time>
      </trkpt>
      <trkpt lat="22.231289" lon="113.263717">
        <ele>5</ele>
        <time>2024-04-27T07:24:39Z</time>
      </trkpt>
      <trkpt lat="22.231275" lon="113.263667">
        <ele>5.2</ele>
        <time>2024-04-27T07:24:40Z</time>
      </trkpt>
      <trkpt lat="22.231261" lon="113.263619">
        <ele>5.3</ele>
        <time>2024-04-27T07:24:41Z</time>
      </trkpt>
      <trkpt lat="22.231248" lon="113.263565">
        <ele>5.5</ele>
        <time>2024-04-27T07:24:42Z</time>
      </trkpt>
      <trkpt lat="22.231232" lon="113.263512">
        <ele>5.7</ele>
        <time>2024-04-27T07:24:43Z</time>
      </trkpt>
      <trkpt lat="22.231216" lon="113.263459">
        <ele>5.9</ele>
        <time>2024-04-27T07:24:44Z</time>
      </trkpt>
      <trkpt lat="22.231199" lon="113.263399">
        <ele>6.1</ele>
        <time>2024-04-27T07:24:45Z</time>
      </trkpt>
      <trkpt lat="22.231181" lon="113.263336">
        <ele>6.4</ele>
        <time>2024-04-27T07:24:46Z</time>
      </trkpt>
      <trkpt lat="22.231163" lon="113.263283">
        <ele>6.6</ele>
        <time>2024-04-27T07:24:47Z</time>
      </trkpt>
      <trkpt lat="22.231144" lon="113.263225">
        <ele>6.8</ele>
        <time>2024-04-27T07:24:48Z</time>
      </trkpt>
      <trkpt lat="22.231124" lon="113.263166">
        <ele>7</ele>
        <time>2024-04-27T07:24:49Z</time>
      </trkpt>
      <trkpt lat="22.231107" lon="113.263119">
        <ele>7.2</ele>
        <time>2024-04-27T07:24:50Z</time>
      </trkpt>
      <trkpt lat="22.231089" lon="113.26307">
        <ele>7.3</ele>
        <time>2024-04-27T07:24:51Z</time>
      </trkpt>
      <trkpt lat="22.231071" lon="113.263016">
        <ele>7.5</ele>
        <time>2024-04-27T07:24:52Z</time>
      </trkpt>
      <trkpt lat="22.231052" lon="113.262962">
        <ele>7.7</ele>
        <time>2024-04-27T07:24:53Z</time>
      </trkpt>
      <trkpt lat="22.231033" lon="113.262908">
        <ele>7.9</ele>
        <time>2024-04-27T07:24:54Z</time>
      </trkpt>
      <trkpt lat="22.231016" lon="113.262859">
        <ele>8.1</ele>
        <time>2024-04-27T07:24:55Z</time>
      </trkpt>
      <trkpt lat="22.230992" lon="113.262813">
        <ele>8.3</ele>
        <time>2024-04-27T07:24:56Z</time>
      </trkpt>
      <trkpt lat="22.230958" lon="113.262774">
        <ele>8.5</ele>
        <time>2024-04-27T07:24:57Z</time>
      </trkpt>
      <trkpt lat="22.23092" lon="113.26276">
        <ele>8.6</ele>
        <time>2024-04-27T07:24:58Z</time>
      </trkpt>
      <trkpt lat="22.230886" lon="113.262784">
        <ele>8.8</ele>
        <time>2024-04-27T07:24:59Z</time>
      </trkpt>
      <trkpt lat="22.230857" lon="113.26283">
        <ele>8.9</ele>
        <time>2024-04-27T07:25:00Z</time>
      </trkpt>
      <trkpt lat="22.23083" lon="113.262872">
        <ele>8.7</ele>
        <time>2024-04-27T07:25:01Z</time>
      </trkpt>
      <trkpt lat="22.230805" lon="113.262917">
        <ele>8.5</ele>
        <time>2024-04-27T07:25:02Z</time>
      </trkpt>
      <trkpt lat="22.230779" lon="113.262967">
        <ele>8.3</ele>
        <time>2024-04-27T07:25:03Z</time>
      </trkpt>
      <trkpt lat="22.23075" lon="113.263017">
        <ele>8.1</ele>
        <time>2024-04-27T07:25:04Z</time>
      </trkpt>
      <trkpt lat="22.230715" lon="113.263071">
        <ele>7.9</ele>
        <time>2024-04-27T07:25:05Z</time>
      </trkpt>
      <trkpt lat="22.23068" lon="113.263124">
        <ele>7.6</ele>
        <time>2024-04-27T07:25:06Z</time>
      </trkpt>
      <trkpt lat="22.230646" lon="113.263173">
        <ele>7.4</ele>
        <time>2024-04-27T07:25:07Z</time>
      </trkpt>
      <trkpt lat="22.230612" lon="113.263226">
        <ele>7.2</ele>
        <time>2024-04-27T07:25:08Z</time>
      </trkpt>
      <trkpt lat="22.230581" lon="113.263287">
        <ele>7</ele>
        <time>2024-04-27T07:25:09Z</time>
      </trkpt>
      <trkpt lat="22.230557" lon="113.263345">
        <ele>6.7</ele>
        <time>2024-04-27T07:25:10Z</time>
      </trkpt>
      <trkpt lat="22.23054" lon="113.263401">
        <ele>6.5</ele>
        <time>2024-04-27T07:25:11Z</time>
      </trkpt>
      <trkpt lat="22.230525" lon="113.263459">
        <ele>6.3</ele>
        <time>2024-04-27T07:25:12Z</time>
      </trkpt>
      <trkpt lat="22.230508" lon="113.263512">
        <ele>6.1</ele>
        <time>2024-04-27T07:25:13Z</time>
      </trkpt>
      <trkpt lat="22.230488" lon="113.263566">
        <ele>5.9</ele>
        <time>2024-04-27T07:25:14Z</time>
      </trkpt>
      <trkpt lat="22.230467" lon="113.263619">
        <ele>5.7</ele>
        <time>2024-04-27T07:25:15Z</time>
      </trkpt>
      <trkpt lat="22.230446" lon="113.263668">
        <ele>5.5</ele>
        <time>2024-04-27T07:25:16Z</time>
      </trkpt>
      <trkpt lat="22.230423" lon="113.263718">
        <ele>5.3</ele>
        <time>2024-04-27T07:25:17Z</time>
      </trkpt>
      <trkpt lat="22.230399" lon="113.263768">
        <ele>5.1</ele>
        <time>2024-04-27T07:25:18Z</time>
      </trkpt>
      <trkpt lat="22.230369" lon="113.263807">
        <ele>5</ele>
        <time>2024-04-27T07:25:19Z</time>
      </trkpt>
      <trkpt lat="22.230332" lon="113.263831">
        <ele>4.8</ele>
        <time>2024-04-27T07:25:20Z</time>
      </trkpt>
      <trkpt lat="22.230291" lon="113.26384">
        <ele>4.6</ele>
        <time>2024-04-27T07:25:21Z</time>
      </trkpt>
      <trkpt lat="22.230243" lon="113.263833">
        <ele>4.5</ele>
        <time>2024-04-27T07:25:22Z</time>
      </trkpt>
      <trkpt lat="22.230195" lon="113.263815">
        <ele>4.3</ele>
        <time>2024-04-27T07:25:23Z</time>
      </trkpt>
      <trkpt lat="22.230152" lon="113.263788">
        <ele>4.1</ele>
        <time>2024-04-27T07:25:24Z</time>
      </trkpt>
      <trkpt lat="22.23011" lon="113.263761">
        <ele>3.9</ele>
        <time>2024-04-27T07:25:25Z</time>
      </trkpt>
      <trkpt lat="22.230065" lon="113.263735">
        <ele>3.7</ele>
        <time>2024-04-27T07:25:26Z</time>
      </trkpt>
      <trkpt lat="22.230016" lon="113.263711">
        <ele>3.5</ele>
        <time>2024-04-27T07:25:27Z</time>
      </trkpt>
      <trkpt lat="22.229971" lon="113.263702">
        <ele>3.3</ele>
        <time>2024-04-27T07:25:28Z</time>
      </trkpt>
      <trkpt lat="22.229925" lon="113.263702">
        <ele>3.1</ele>
        <time>2024-04-27T07:25:29Z</time>
      </trkpt>
      <trkpt lat="22.229876" lon="113.263709">
        <ele>3</ele>
        <time>2024-04-27T07:25:30Z</time>
      </trkpt>
      <trkpt lat="22.229832" lon="113.263721">
        <ele>2.8</ele>
        <time>2024-04-27T07:25:31Z</time>
      </trkpt>
      <trkpt lat="22.22979" lon="113.263735">
        <ele>2.6</ele>
        <time>2024-04-27T07:25:32Z</time>
      </trkpt>
      <trkpt lat="22.22975" lon="113.263772">
        <ele>2.4</ele>
        <time>2024-04-27T07:25:33Z</time>
      </trkpt>
      <trkpt lat="22.229711" lon="113.263811">
        <ele>2.2</ele>
        <time>2024-04-27T07:25:34Z</time>
      </trkpt>
      <trkpt lat="22.229669" lon="113.263824">
        <ele>2.1</ele>
        <time>2024-04-27T07:25:35Z</time>
      </trkpt>
      <trkpt lat="22.229633" lon="113.263815">
        <ele>2.1</ele>
        <time>2024-04-27T07:25:36Z</time>
      </trkpt>
      <trkpt lat="22.229608" lon="113.263785">
        <ele>2.2</ele>
        <time>2024-04-27T07:25:37Z</time>
      </trkpt>
      <trkpt lat="22.229587" lon="113.26374">
        <ele>2.2</ele>
        <time>2024-04-27T07:25:38Z</time>
      </trkpt>
      <trkpt lat="22.229564" lon="113.26369">
        <ele>2.2</ele>
        <time>2024-04-27T07:25:39Z</time>
      </trkpt>
      <trkpt lat="22.229541" lon="113.263645">
        <ele>2.2</ele>
        <time>2024-04-27T07:25:40Z</time>
      </trkpt>
      <trkpt lat="22.229516" lon="113.263602">
        <ele>2.2</ele>
        <time>2024-04-27T07:25:41Z</time>
      </trkpt>
      <trkpt lat="22.22949" lon="113.263564">
        <ele>2.2</ele>
        <time>2024-04-27T07:25:42Z</time>
      </trkpt>
      <trkpt lat="22.229463" lon="113.263522">
        <ele>2.2</ele>
        <time>2024-04-27T07:25:43Z</time>
      </trkpt>
      <trkpt lat="22.229434" lon="113.263483">
        <ele>2.2</ele>
        <time>2024-04-27T07:25:44Z</time>
      </trkpt>
      <trkpt lat="22.229405" lon="113.263446">
        <ele>2.3</ele>
        <time>2024-04-27T07:25:45Z</time>
      </trkpt>
      <trkpt lat="22.229376" lon="113.263403">
        <ele>2.3</ele>
        <time>2024-04-27T07:25:46Z</time>
      </trkpt>
      <trkpt lat="22.229351" lon="113.263365">
        <ele>2.3</ele>
        <time>2024-04-27T07:25:47Z</time>
      </trkpt>
      <trkpt lat="22.229329" lon="113.263327">
        <ele>2.3</ele>
        <time>2024-04-27T07:25:48Z</time>
      </trkpt>
      <trkpt lat="22.229302" lon="113.263289">
        <ele>2.3</ele>
        <time>2024-04-27T07:25:49Z</time>
      </trkpt>
      <trkpt lat="22.229274" lon="113.263251">
        <ele>2.3</ele>
        <time>2024-04-27T07:25:50Z</time>
      </trkpt>
      <trkpt lat="22.229245" lon="113.263213">
        <ele>2.3</ele>
        <time>2024-04-27T07:25:51Z</time>
      </trkpt>
      <trkpt lat="22.229215" lon="113.263175">
        <ele>2.3</ele>
        <time>2024-04-27T07:25:52Z</time>
      </trkpt>
      <trkpt lat="22.229187" lon="113.263136">
        <ele>2.4</ele>
        <time>2024-04-27T07:25:53Z</time>
      </trkpt>
      <trkpt lat="22.229159" lon="113.263096">
        <ele>2.4</ele>
        <time>2024-04-27T07:25:54Z</time>
      </trkpt>
      <trkpt lat="22.229132" lon="113.263058">
        <ele>2.4</ele>
        <time>2024-04-27T07:25:55Z</time>
      </trkpt>
      <trkpt lat="22.229106" lon="113.263017">
        <ele>2.4</ele>
        <time>2024-04-27T07:25:56Z</time>
      </trkpt>
      <trkpt lat="22.22908" lon="113.262975">
        <ele>2.4</ele>
        <time>2024-04-27T07:25:57Z</time>
      </trkpt>
      <trkpt lat="22.229052" lon="113.262934">
        <ele>2.4</ele>
        <time>2024-04-27T07:25:58Z</time>
      </trkpt>
      <trkpt lat="22.229021" lon="113.262892">
        <ele>2.4</ele>
        <time>2024-04-27T07:25:59Z</time>
      </trkpt>
      <trkpt lat="22.228993" lon="113.262851">
        <ele>2.5</ele>
        <time>2024-04-27T07:26:00Z</time>
      </trkpt>
      <trkpt lat="22.228968" lon="113.262805">
        <ele>2.5</ele>
        <time>2024-04-27T07:26:01Z</time>
      </trkpt>
      <trkpt lat="22.228944" lon="113.262766">
        <ele>2.5</ele>
        <time>2024-04-27T07:26:02Z</time>
      </trkpt>
      <trkpt lat="22.228917" lon="113.262732">
        <ele>2.5</ele>
        <time>2024-04-27T07:26:03Z</time>
      </trkpt>
      <trkpt lat="22.228888" lon="113.262697">
        <ele>2.5</ele>
        <time>2024-04-27T07:26:04Z</time>
      </trkpt>
      <trkpt lat="22.228859" lon="113.262659">
        <ele>2.5</ele>
        <time>2024-04-27T07:26:05Z</time>
      </trkpt>
      <trkpt lat="22.228833" lon="113.262614">
        <ele>2.5</ele>
        <time>2024-04-27T07:26:06Z</time>
      </trkpt>
      <trkpt lat="22.228809" lon="113.262572">
        <ele>2.5</ele>
        <time>2024-04-27T07:26:07Z</time>
      </trkpt>
      <trkpt lat="22.228784" lon="113.262529">
        <ele>2.6</ele>
        <time>2024-04-27T07:26:08Z</time>
      </trkpt>
      <trkpt lat="22.228754" lon="113.262488">
        <ele>2.6</ele>
        <time>2024-04-27T07:26:09Z</time>
      </trkpt>
      <trkpt lat="22.228722" lon="113.262454">
        <ele>2.6</ele>
        <time>2024-04-27T07:26:10Z</time>
      </trkpt>
      <trkpt lat="22.228689" lon="113.262419">
        <ele>2.6</ele>
        <time>2024-04-27T07:26:11Z</time>
      </trkpt>
      <trkpt lat="22.228659" lon="113.262378">
        <ele>2.6</ele>
        <time>2024-04-27T07:26:12Z</time>
      </trkpt>
      <trkpt lat="22.22863" lon="113.262335">
        <ele>2.6</ele>
        <time>2024-04-27T07:26:13Z</time>
      </trkpt>
      <trkpt lat="22.2286" lon="113.262297">
        <ele>2.6</ele>
        <time>2024-04-27T07:26:14Z</time>
      </trkpt>
      <trkpt lat="22.22857" lon="113.262259">
        <ele>2.7</ele>
        <time>2024-04-27T07:26:15Z</time>
      </trkpt>
      <trkpt lat="22.228543" lon="113.262221">
        <ele>2.7</ele>
        <time>2024-04-27T07:26:16Z</time>
      </trkpt>
      <trkpt lat="22.22852" lon="113.262182">
        <ele>2.7</ele>
        <time>2024-04-27T07:26:17Z</time>
      </trkpt>
      <trkpt lat="22.228499" lon="113.262144">
        <ele>2.7</ele>
        <time>2024-04-27T07:26:18Z</time>
      </trkpt>
      <trkpt lat="22.228479" lon="113.262106">
        <ele>2.7</ele>
        <time>2024-04-27T07:26:19Z</time>
      </trkpt>
      <trkpt lat="22.228459" lon="113.262068">
        <ele>2.8</ele>
        <time>2024-04-27T07:26:20Z</time>
      </trkpt>
      <trkpt lat="22.228441" lon="113.262026">
        <ele>2.8</ele>
        <time>2024-04-27T07:26:21Z</time>
      </trkpt>
      <trkpt lat="22.228425" lon="113.261981">
        <ele>2.8</ele>
        <time>2024-04-27T07:26:22Z</time>
      </trkpt>
      <trkpt lat="22.228409" lon="113.261938">
        <ele>2.8</ele>
        <time>2024-04-27T07:26:23Z</time>
      </trkpt>
      <trkpt lat="22.228391" lon="113.2619">
        <ele>2.9</ele>
        <time>2024-04-27T07:26:24Z</time>
      </trkpt>
      <trkpt lat="22.228372" lon="113.261862">
        <ele>2.9</ele>
        <time>2024-04-27T07:26:25Z</time>
      </trkpt>
      <trkpt lat="22.228352" lon="113.261824">
        <ele>2.9</ele>
        <time>2024-04-27T07:26:26Z</time>
      </trkpt>
      <trkpt lat="22.22833" lon="113.261786">
        <ele>2.9</ele>
        <time>2024-04-27T07:26:27Z</time>
      </trkpt>
      <trkpt lat="22.228307" lon="113.261745">
        <ele>2.9</ele>
        <time>2024-04-27T07:26:28Z</time>
      </trkpt>
      <trkpt lat="22.228285" lon="113.261702">
        <ele>3</ele>
        <time>2024-04-27T07:26:29Z</time>
      </trkpt>
      <trkpt lat="22.228264" lon="113.261663">
        <ele>3</ele>
        <time>2024-04-27T07:26:30Z</time>
      </trkpt>
      <trkpt lat="22.228244" lon="113.261622">
        <ele>3</ele>
        <time>2024-04-27T07:26:31Z</time>
      </trkpt>
      <trkpt lat="22.228225" lon="113.261577">
        <ele>3</ele>
        <time>2024-04-27T07:26:32Z</time>
      </trkpt>
      <trkpt lat="22.228204" lon="113.261534">
        <ele>3.1</ele>
        <time>2024-04-27T07:26:33Z</time>
      </trkpt>
      <trkpt lat="22.22818" lon="113.261496">
        <ele>3.1</ele>
        <time>2024-04-27T07:26:34Z</time>
      </trkpt>
      <trkpt lat="22.228155" lon="113.261458">
        <ele>3.1</ele>
        <time>2024-04-27T07:26:35Z</time>
      </trkpt>
      <trkpt lat="22.228133" lon="113.26142">
        <ele>3.1</ele>
        <time>2024-04-27T07:26:36Z</time>
      </trkpt>
      <trkpt lat="22.228114" lon="113.261378">
        <ele>3.2</ele>
        <time>2024-04-27T07:26:37Z</time>
      </trkpt>
      <trkpt lat="22.228099" lon="113.261332">
        <ele>3.2</ele>
        <time>2024-04-27T07:26:38Z</time>
      </trkpt>
      <trkpt lat="22.228083" lon="113.261286">
        <ele>3.2</ele>
        <time>2024-04-27T07:26:39Z</time>
      </trkpt>
      <trkpt lat="22.228066" lon="113.261237">
        <ele>3.2</ele>
        <time>2024-04-27T07:26:40Z</time>
      </trkpt>
      <trkpt lat="22.228046" lon="113.261187">
        <ele>3.3</ele>
        <time>2024-04-27T07:26:41Z</time>
      </trkpt>
      <trkpt lat="22.228023" lon="113.261137">
        <ele>3.3</ele>
        <time>2024-04-27T07:26:42Z</time>
      </trkpt>
      <trkpt lat="22.228" lon="113.261092">
        <ele>3.3</ele>
        <time>2024-04-27T07:26:43Z</time>
      </trkpt>
      <trkpt lat="22.227976" lon="113.261054">
        <ele>3.3</ele>
        <time>2024-04-27T07:26:44Z</time>
      </trkpt>
      <trkpt lat="22.227951" lon="113.261015">
        <ele>3.4</ele>
        <time>2024-04-27T07:26:45Z</time>
      </trkpt>
      <trkpt lat="22.227932" lon="113.260977">
        <ele>3.4</ele>
        <time>2024-04-27T07:26:46Z</time>
      </trkpt>
      <trkpt lat="22.227912" lon="113.260936">
        <ele>3.4</ele>
        <time>2024-04-27T07:26:47Z</time>
      </trkpt>
      <trkpt lat="22.227887" lon="113.260893">
        <ele>3.4</ele>
        <time>2024-04-27T07:26:48Z</time>
      </trkpt>
      <trkpt lat="22.227862" lon="113.260849">
        <ele>3.5</ele>
        <time>2024-04-27T07:26:49Z</time>
      </trkpt>
      <trkpt lat="22.22784" lon="113.260799">
        <ele>3.5</ele>
        <time>2024-04-27T07:26:50Z</time>
      </trkpt>
      <trkpt lat="22.227819" lon="113.260753">
        <ele>3.5</ele>
        <time>2024-04-27T07:26:51Z</time>
      </trkpt>
      <trkpt lat="22.227794" lon="113.260711">
        <ele>3.5</ele>
        <time>2024-04-27T07:26:52Z</time>
      </trkpt>
      <trkpt lat="22.227767" lon="113.260672">
        <ele>3.6</ele>
        <time>2024-04-27T07:26:53Z</time>
      </trkpt>
      <trkpt lat="22.22774" lon="113.260632">
        <ele>3.6</ele>
        <time>2024-04-27T07:26:54Z</time>
      </trkpt>
      <trkpt lat="22.227718" lon="113.260594">
        <ele>3.6</ele>
        <time>2024-04-27T07:26:55Z</time>
      </trkpt>
      <trkpt lat="22.227697" lon="113.260554">
        <ele>3.5</ele>
        <time>2024-04-27T07:26:56Z</time>
      </trkpt>
      <trkpt lat="22.227673" lon="113.260505">
        <ele>3.5</ele>
        <time>2024-04-27T07:26:57Z</time>
      </trkpt>
      <trkpt lat="22.227649" lon="113.260455">
        <ele>3.4</ele>
        <time>2024-04-27T07:26:58Z</time>
      </trkpt>
      <trkpt lat="22.227623" lon="113.260409">
        <ele>3.4</ele>
        <time>2024-04-27T07:26:59Z</time>
      </trkpt>
      <trkpt lat="22.227601" lon="113.260367">
        <ele>3.3</ele>
        <time>2024-04-27T07:27:00Z</time>
      </trkpt>
      <trkpt lat="22.227582" lon="113.260322">
        <ele>3.3</ele>
        <time>2024-04-27T07:27:01Z</time>
      </trkpt>
      <trkpt lat="22.227561" lon="113.260272">
        <ele>3.2</ele>
        <time>2024-04-27T07:27:02Z</time>
      </trkpt>
      <trkpt lat="22.227538" lon="113.260226">
        <ele>3.2</ele>
        <time>2024-04-27T07:27:03Z</time>
      </trkpt>
      <trkpt lat="22.227512" lon="113.260187">
        <ele>3.1</ele>
        <time>2024-04-27T07:27:04Z</time>
      </trkpt>
      <trkpt lat="22.227485" lon="113.260156">
        <ele>3.1</ele>
        <time>2024-04-27T07:27:05Z</time>
      </trkpt>
      <trkpt lat="22.227459" lon="113.260126">
        <ele>3.1</ele>
        <time>2024-04-27T07:27:06Z</time>
      </trkpt>
      <trkpt lat="22.227437" lon="113.260099">
        <ele>3</ele>
        <time>2024-04-27T07:27:07Z</time>
      </trkpt>
      <trkpt lat="22.227416" lon="113.26008">
        <ele>3</ele>
        <time>2024-04-27T07:27:08Z</time>
      </trkpt>
      <trkpt lat="22.227393" lon="113.260067">
        <ele>3</ele>
        <time>2024-04-27T07:27:09Z</time>
      </trkpt>
      <trkpt lat="22.227372" lon="113.260066">
        <ele>2.9</ele>
        <time>2024-04-27T07:27:10Z</time>
      </trkpt>
      <trkpt lat="22.227346" lon="113.260077">
        <ele>2.9</ele>
        <time>2024-04-27T07:27:11Z</time>
      </trkpt>
      <trkpt lat="22.22731" lon="113.260086">
        <ele>2.9</ele>
        <time>2024-04-27T07:27:12Z</time>
      </trkpt>
      <trkpt lat="22.227276" lon="113.260083">
        <ele>2.8</ele>
        <time>2024-04-27T07:27:13Z</time>
      </trkpt>
      <trkpt lat="22.22725" lon="113.260072">
        <ele>2.8</ele>
        <time>2024-04-27T07:27:14Z</time>
      </trkpt>
      <trkpt lat="22.227235" lon="113.260056">
        <ele>2.8</ele>
        <time>2024-04-27T07:27:15Z</time>
      </trkpt>
      <trkpt lat="22.227231" lon="113.260034">
        <ele>2.8</ele>
        <time>2024-04-27T07:27:16Z</time>
      </trkpt>
      <trkpt lat="22.227227" lon="113.260011">
        <ele>2.8</ele>
        <time>2024-04-27T07:27:17Z</time>
      </trkpt>
      <trkpt lat="22.227217" lon="113.259995">
        <ele>2.7</ele>
        <time>2024-04-27T07:27:18Z</time>
      </trkpt>
      <trkpt lat="22.227204" lon="113.259974">
        <ele>2.7</ele>
        <time>2024-04-27T07:27:19Z</time>
      </trkpt>
      <trkpt lat="22.227187" lon="113.25994">
        <ele>2.7</ele>
        <time>2024-04-27T07:27:20Z</time>
      </trkpt>
      <trkpt lat="22.227168" lon="113.259905">
        <ele>2.6</ele>
        <time>2024-04-27T07:27:21Z</time>
      </trkpt>
      <trkpt lat="22.227151" lon="113.259874">
        <ele>2.6</ele>
        <time>2024-04-27T07:27:22Z</time>
      </trkpt>
      <trkpt lat="22.227136" lon="113.25984">
        <ele>2.6</ele>
        <time>2024-04-27T07:27:23Z</time>
      </trkpt>
      <trkpt lat="22.227118" lon="113.259805">
        <ele>2.5</ele>
        <time>2024-04-27T07:27:24Z</time>
      </trkpt>
      <trkpt lat="22.227098" lon="113.259771">
        <ele>2.5</ele>
        <time>2024-04-27T07:27:25Z</time>
      </trkpt>
      <trkpt lat="22.227076" lon="113.259737">
        <ele>2.5</ele>
        <time>2024-04-27T07:27:26Z</time>
      </trkpt>
      <trkpt lat="22.227049" lon="113.259706">
        <ele>2.4</ele>
        <time>2024-04-27T07:27:27Z</time>
      </trkpt>
      <trkpt lat="22.227017" lon="113.259676">
        <ele>2.4</ele>
        <time>2024-04-27T07:27:28Z</time>
      </trkpt>
      <trkpt lat="22.226989" lon="113.259638">
        <ele>2.3</ele>
        <time>2024-04-27T07:27:29Z</time>
      </trkpt>
      <trkpt lat="22.226971" lon="113.259593">
        <ele>2.3</ele>
        <time>2024-04-27T07:27:30Z</time>
      </trkpt>
      <trkpt lat="22.226963" lon="113.25955">
        <ele>2.2</ele>
        <time>2024-04-27T07:27:31Z</time>
      </trkpt>
      <trkpt lat="22.226958" lon="113.259506">
        <ele>2.2</ele>
        <time>2024-04-27T07:27:32Z</time>
      </trkpt>
      <trkpt lat="22.226948" lon="113.259459">
        <ele>2.2</ele>
        <time>2024-04-27T07:27:33Z</time>
      </trkpt>
      <trkpt lat="22.226936" lon="113.259418">
        <ele>2.1</ele>
        <time>2024-04-27T07:27:34Z</time>
      </trkpt>
      <trkpt lat="22.226923" lon="113.259369">
        <ele>2.1</ele>
        <time>2024-04-27T07:27:35Z</time>
      </trkpt>
      <trkpt lat="22.226909" lon="113.259318">
        <ele>2</ele>
        <time>2024-04-27T07:27:36Z</time>
      </trkpt>
      <trkpt lat="22.226895" lon="113.259271">
        <ele>2</ele>
        <time>2024-04-27T07:27:37Z</time>
      </trkpt>
      <trkpt lat="22.226878" lon="113.25923">
        <ele>1.9</ele>
        <time>2024-04-27T07:27:38Z</time>
      </trkpt>
      <trkpt lat="22.22686" lon="113.259192">
        <ele>1.9</ele>
        <time>2024-04-27T07:27:39Z</time>
      </trkpt>
      <trkpt lat="22.226839" lon="113.259154">
        <ele>1.8</ele>
        <time>2024-04-27T07:27:40Z</time>
      </trkpt>
      <trkpt lat="22.226818" lon="113.259112">
        <ele>1.8</ele>
        <time>2024-04-27T07:27:41Z</time>
      </trkpt>
      <trkpt lat="22.2268" lon="113.25907">
        <ele>1.8</ele>
        <time>2024-04-27T07:27:42Z</time>
      </trkpt>
      <trkpt lat="22.226785" lon="113.259028">
        <ele>1.8</ele>
        <time>2024-04-27T07:27:43Z</time>
      </trkpt>
      <trkpt lat="22.226773" lon="113.258982">
        <ele>1.8</ele>
        <time>2024-04-27T07:27:44Z</time>
      </trkpt>
      <trkpt lat="22.22676" lon="113.25894">
        <ele>1.8</ele>
        <time>2024-04-27T07:27:45Z</time>
      </trkpt>
      <trkpt lat="22.226748" lon="113.258902">
        <ele>1.7</ele>
        <time>2024-04-27T07:27:46Z</time>
      </trkpt>
      <trkpt lat="22.22674" lon="113.258856">
        <ele>1.7</ele>
        <time>2024-04-27T07:27:47Z</time>
      </trkpt>
      <trkpt lat="22.226731" lon="113.258803">
        <ele>1.7</ele>
        <time>2024-04-27T07:27:48Z</time>
      </trkpt>
      <trkpt lat="22.226719" lon="113.258757">
        <ele>1.7</ele>
        <time>2024-04-27T07:27:49Z</time>
      </trkpt>
      <trkpt lat="22.226705" lon="113.258712">
        <ele>1.7</ele>
        <time>2024-04-27T07:27:50Z</time>
      </trkpt>
      <trkpt lat="22.226689" lon="113.258662">
        <ele>1.7</ele>
        <time>2024-04-27T07:27:51Z</time>
      </trkpt>
      <trkpt lat="22.226674" lon="113.258617">
        <ele>1.7</ele>
        <time>2024-04-27T07:27:52Z</time>
      </trkpt>
      <trkpt lat="22.226656" lon="113.258574">
        <ele>1.7</ele>
        <time>2024-04-27T07:27:53Z</time>
      </trkpt>
      <trkpt lat="22.226631" lon="113.258532">
        <ele>1.7</ele>
        <time>2024-04-27T07:27:54Z</time>
      </trkpt>
      <trkpt lat="22.226605" lon="113.25849">
        <ele>1.7</ele>
        <time>2024-04-27T07:27:55Z</time>
      </trkpt>
      <trkpt lat="22.226583" lon="113.258452">
        <ele>1.7</ele>
        <time>2024-04-27T07:27:56Z</time>
      </trkpt>
      <trkpt lat="22.226565" lon="113.258414">
        <ele>1.7</ele>
        <time>2024-04-27T07:27:57Z</time>
      </trkpt>
      <trkpt lat="22.22655" lon="113.258372">
        <ele>1.7</ele>
        <time>2024-04-27T07:27:58Z</time>
      </trkpt>
      <trkpt lat="22.226539" lon="113.258327">
        <ele>1.7</ele>
        <time>2024-04-27T07:27:59Z</time>
      </trkpt>
      <trkpt lat="22.226534" lon="113.258274">
        <ele>1.7</ele>
        <time>2024-04-27T07:28:00Z</time>
      </trkpt>
      <trkpt lat="22.22653" lon="113.258216">
        <ele>1.7</ele>
        <time>2024-04-27T07:28:01Z</time>
      </trkpt>
      <trkpt lat="22.226525" lon="113.258166">
        <ele>1.7</ele>
        <time>2024-04-27T07:28:02Z</time>
      </trkpt>
      <trkpt lat="22.226516" lon="113.25812">
        <ele>1.6</ele>
        <time>2024-04-27T07:28:03Z</time>
      </trkpt>
      <trkpt lat="22.226498" lon="113.258074">
        <ele>1.6</ele>
        <time>2024-04-27T07:28:04Z</time>
      </trkpt>
      <trkpt lat="22.226481" lon="113.258028">
        <ele>1.6</ele>
        <time>2024-04-27T07:28:05Z</time>
      </trkpt>
      <trkpt lat="22.226468" lon="113.257987">
        <ele>1.6</ele>
        <time>2024-04-27T07:28:06Z</time>
      </trkpt>
      <trkpt lat="22.226454" lon="113.257949">
        <ele>1.6</ele>
        <time>2024-04-27T07:28:07Z</time>
      </trkpt>
      <trkpt lat="22.226437" lon="113.257907">
        <ele>1.6</ele>
        <time>2024-04-27T07:28:08Z</time>
      </trkpt>
      <trkpt lat="22.226422" lon="113.257861">
        <ele>1.6</ele>
        <time>2024-04-27T07:28:09Z</time>
      </trkpt>
      <trkpt lat="22.226409" lon="113.257816">
        <ele>1.6</ele>
        <time>2024-04-27T07:28:10Z</time>
      </trkpt>
      <trkpt lat="22.226394" lon="113.257771">
        <ele>1.6</ele>
        <time>2024-04-27T07:28:11Z</time>
      </trkpt>
      <trkpt lat="22.226379" lon="113.257724">
        <ele>1.6</ele>
        <time>2024-04-27T07:28:12Z</time>
      </trkpt>
      <trkpt lat="22.226363" lon="113.257676">
        <ele>1.6</ele>
        <time>2024-04-27T07:28:13Z</time>
      </trkpt>
      <trkpt lat="22.226345" lon="113.257621">
        <ele>1.6</ele>
        <time>2024-04-27T07:28:14Z</time>
      </trkpt>
      <trkpt lat="22.226329" lon="113.257571">
        <ele>1.6</ele>
        <time>2024-04-27T07:28:15Z</time>
      </trkpt>
      <trkpt lat="22.226312" lon="113.257529">
        <ele>1.6</ele>
        <time>2024-04-27T07:28:16Z</time>
      </trkpt>
      <trkpt lat="22.22629" lon="113.257484">
        <ele>1.6</ele>
        <time>2024-04-27T07:28:17Z</time>
      </trkpt>
      <trkpt lat="22.226265" lon="113.257438">
        <ele>1.6</ele>
        <time>2024-04-27T07:28:18Z</time>
      </trkpt>
      <trkpt lat="22.226243" lon="113.257396">
        <ele>1.6</ele>
        <time>2024-04-27T07:28:19Z</time>
      </trkpt>
      <trkpt lat="22.226223" lon="113.257351">
        <ele>1.6</ele>
        <time>2024-04-27T07:28:20Z</time>
      </trkpt>
      <trkpt lat="22.226207" lon="113.257304">
        <ele>1.5</ele>
        <time>2024-04-27T07:28:21Z</time>
      </trkpt>
      <trkpt lat="22.226196" lon="113.257255">
        <ele>1.6</ele>
        <time>2024-04-27T07:28:22Z</time>
      </trkpt>
      <trkpt lat="22.22619" lon="113.257205">
        <ele>1.6</ele>
        <time>2024-04-27T07:28:23Z</time>
      </trkpt>
      <trkpt lat="22.226185" lon="113.257159">
        <ele>1.7</ele>
        <time>2024-04-27T07:28:24Z</time>
      </trkpt>
      <trkpt lat="22.226176" lon="113.257114">
        <ele>1.7</ele>
        <time>2024-04-27T07:28:25Z</time>
      </trkpt>
      <trkpt lat="22.226162" lon="113.257064">
        <ele>1.8</ele>
        <time>2024-04-27T07:28:26Z</time>
      </trkpt>
      <trkpt lat="22.226146" lon="113.257014">
        <ele>1.8</ele>
        <time>2024-04-27T07:28:27Z</time>
      </trkpt>
      <trkpt lat="22.226131" lon="113.256972">
        <ele>1.9</ele>
        <time>2024-04-27T07:28:28Z</time>
      </trkpt>
      <trkpt lat="22.226118" lon="113.256931">
        <ele>1.9</ele>
        <time>2024-04-27T07:28:29Z</time>
      </trkpt>
      <trkpt lat="22.226105" lon="113.256888">
        <ele>2</ele>
        <time>2024-04-27T07:28:30Z</time>
      </trkpt>
      <trkpt lat="22.22609" lon="113.256847">
        <ele>2</ele>
        <time>2024-04-27T07:28:31Z</time>
      </trkpt>
      <trkpt lat="22.226075" lon="113.256801">
        <ele>2.1</ele>
        <time>2024-04-27T07:28:32Z</time>
      </trkpt>
      <trkpt lat="22.226057" lon="113.256756">
        <ele>2.1</ele>
        <time>2024-04-27T07:28:33Z</time>
      </trkpt>
      <trkpt lat="22.226037" lon="113.256706">
        <ele>2.2</ele>
        <time>2024-04-27T07:28:34Z</time>
      </trkpt>
      <trkpt lat="22.22602" lon="113.256655">
        <ele>2.2</ele>
        <time>2024-04-27T07:28:35Z</time>
      </trkpt>
      <trkpt lat="22.226006" lon="113.256611">
        <ele>2.3</ele>
        <time>2024-04-27T07:28:36Z</time>
      </trkpt>
      <trkpt lat="22.225992" lon="113.256566">
        <ele>2.3</ele>
        <time>2024-04-27T07:28:37Z</time>
      </trkpt>
      <trkpt lat="22.225977" lon="113.256519">
        <ele>2.4</ele>
        <time>2024-04-27T07:28:38Z</time>
      </trkpt>
      <trkpt lat="22.225964" lon="113.256473">
        <ele>2.4</ele>
        <time>2024-04-27T07:28:39Z</time>
      </trkpt>
      <trkpt lat="22.22595" lon="113.256427">
        <ele>2.5</ele>
        <time>2024-04-27T07:28:40Z</time>
      </trkpt>
      <trkpt lat="22.225932" lon="113.256381">
        <ele>2.5</ele>
        <time>2024-04-27T07:28:41Z</time>
      </trkpt>
      <trkpt lat="22.225916" lon="113.256335">
        <ele>2.6</ele>
        <time>2024-04-27T07:28:42Z</time>
      </trkpt>
      <trkpt lat="22.225901" lon="113.25629">
        <ele>2.6</ele>
        <time>2024-04-27T07:28:43Z</time>
      </trkpt>
      <trkpt lat="22.225886" lon="113.256243">
        <ele>2.7</ele>
        <time>2024-04-27T07:28:44Z</time>
      </trkpt>
      <trkpt lat="22.225873" lon="113.256194">
        <ele>2.8</ele>
        <time>2024-04-27T07:28:45Z</time>
      </trkpt>
      <trkpt lat="22.225859" lon="113.256148">
        <ele>2.8</ele>
        <time>2024-04-27T07:28:46Z</time>
      </trkpt>
      <trkpt lat="22.225846" lon="113.25611">
        <ele>2.9</ele>
        <time>2024-04-27T07:28:47Z</time>
      </trkpt>
      <trkpt lat="22.225835" lon="113.256069">
        <ele>2.9</ele>
        <time>2024-04-27T07:28:48Z</time>
      </trkpt>
      <trkpt lat="22.225824" lon="113.256026">
        <ele>2.9</ele>
        <time>2024-04-27T07:28:49Z</time>
      </trkpt>
      <trkpt lat="22.225814" lon="113.255985">
        <ele>3</ele>
        <time>2024-04-27T07:28:50Z</time>
      </trkpt>
      <trkpt lat="22.225804" lon="113.255939">
        <ele>3</ele>
        <time>2024-04-27T07:28:51Z</time>
      </trkpt>
      <trkpt lat="22.225787" lon="113.255893">
        <ele>3.1</ele>
        <time>2024-04-27T07:28:52Z</time>
      </trkpt>
      <trkpt lat="22.225772" lon="113.255851">
        <ele>3.1</ele>
        <time>2024-04-27T07:28:53Z</time>
      </trkpt>
      <trkpt lat="22.225758" lon="113.255812">
        <ele>3.2</ele>
        <time>2024-04-27T07:28:54Z</time>
      </trkpt>
      <trkpt lat="22.225745" lon="113.255774">
        <ele>3.2</ele>
        <time>2024-04-27T07:28:55Z</time>
      </trkpt>
      <trkpt lat="22.225731" lon="113.255733">
        <ele>3.3</ele>
        <time>2024-04-27T07:28:56Z</time>
      </trkpt>
      <trkpt lat="22.225716" lon="113.255687">
        <ele>3.3</ele>
        <time>2024-04-27T07:28:57Z</time>
      </trkpt>
      <trkpt lat="22.225702" lon="113.255642">
        <ele>3.4</ele>
        <time>2024-04-27T07:28:58Z</time>
      </trkpt>
      <trkpt lat="22.225685" lon="113.255602">
        <ele>3.4</ele>
        <time>2024-04-27T07:28:59Z</time>
      </trkpt>
      <trkpt lat="22.225671" lon="113.255568">
        <ele>3.5</ele>
        <time>2024-04-27T07:29:00Z</time>
      </trkpt>
      <trkpt lat="22.225658" lon="113.255527">
        <ele>3.5</ele>
        <time>2024-04-27T07:29:01Z</time>
      </trkpt>
      <trkpt lat="22.225645" lon="113.255484">
        <ele>3.6</ele>
        <time>2024-04-27T07:29:02Z</time>
      </trkpt>
      <trkpt lat="22.225634" lon="113.255446">
        <ele>3.6</ele>
        <time>2024-04-27T07:29:03Z</time>
      </trkpt>
      <trkpt lat="22.225625" lon="113.255408">
        <ele>3.6</ele>
        <time>2024-04-27T07:29:04Z</time>
      </trkpt>
      <trkpt lat="22.225613" lon="113.255366">
        <ele>3.6</ele>
        <time>2024-04-27T07:29:05Z</time>
      </trkpt>
      <trkpt lat="22.225597" lon="113.255321">
        <ele>3.6</ele>
        <time>2024-04-27T07:29:06Z</time>
      </trkpt>
      <trkpt lat="22.225579" lon="113.255275">
        <ele>3.6</ele>
        <time>2024-04-27T07:29:07Z</time>
      </trkpt>
      <trkpt lat="22.225562" lon="113.255228">
        <ele>3.6</ele>
        <time>2024-04-27T07:29:08Z</time>
      </trkpt>
      <trkpt lat="22.225545" lon="113.255178">
        <ele>3.6</ele>
        <time>2024-04-27T07:29:09Z</time>
      </trkpt>
      <trkpt lat="22.225532" lon="113.255124">
        <ele>3.6</ele>
        <time>2024-04-27T07:29:10Z</time>
      </trkpt>
      <trkpt lat="22.225518" lon="113.255069">
        <ele>3.6</ele>
        <time>2024-04-27T07:29:11Z</time>
      </trkpt>
      <trkpt lat="22.225505" lon="113.255021">
        <ele>3.6</ele>
        <time>2024-04-27T07:29:12Z</time>
      </trkpt>
      <trkpt lat="22.22549" lon="113.25497">
        <ele>3.6</ele>
        <time>2024-04-27T07:29:13Z</time>
      </trkpt>
      <trkpt lat="22.225473" lon="113.254923">
        <ele>3.6</ele>
        <time>2024-04-27T07:29:14Z</time>
      </trkpt>
      <trkpt lat="22.225459" lon="113.254874">
        <ele>3.6</ele>
        <time>2024-04-27T07:29:15Z</time>
      </trkpt>
      <trkpt lat="22.225447" lon="113.254827">
        <ele>3.6</ele>
        <time>2024-04-27T07:29:16Z</time>
      </trkpt>
      <trkpt lat="22.225431" lon="113.254786">
        <ele>3.6</ele>
        <time>2024-04-27T07:29:17Z</time>
      </trkpt>
      <trkpt lat="22.225412" lon="113.254742">
        <ele>3.6</ele>
        <time>2024-04-27T07:29:18Z</time>
      </trkpt>
      <trkpt lat="22.225395" lon="113.254696">
        <ele>3.6</ele>
        <time>2024-04-27T07:29:19Z</time>
      </trkpt>
      <trkpt lat="22.225382" lon="113.25465">
        <ele>3.6</ele>
        <time>2024-04-27T07:29:20Z</time>
      </trkpt>
      <trkpt lat="22.225369" lon="113.254604">
        <ele>3.6</ele>
        <time>2024-04-27T07:29:21Z</time>
      </trkpt>
      <trkpt lat="22.225359" lon="113.254555">
        <ele>3.6</ele>
        <time>2024-04-27T07:29:22Z</time>
      </trkpt>
      <trkpt lat="22.225349" lon="113.254505">
        <ele>3.6</ele>
        <time>2024-04-27T07:29:23Z</time>
      </trkpt>
      <trkpt lat="22.225339" lon="113.254459">
        <ele>3.6</ele>
        <time>2024-04-27T07:29:24Z</time>
      </trkpt>
      <trkpt lat="22.225325" lon="113.254407">
        <ele>3.6</ele>
        <time>2024-04-27T07:29:25Z</time>
      </trkpt>
      <trkpt lat="22.225311" lon="113.254349">
        <ele>3.6</ele>
        <time>2024-04-27T07:29:26Z</time>
      </trkpt>
      <trkpt lat="22.225302" lon="113.254293">
        <ele>3.6</ele>
        <time>2024-04-27T07:29:27Z</time>
      </trkpt>
      <trkpt lat="22.225287" lon="113.254241">
        <ele>3.6</ele>
        <time>2024-04-27T07:29:28Z</time>
      </trkpt>
      <trkpt lat="22.225261" lon="113.2542">
        <ele>3.6</ele>
        <time>2024-04-27T07:29:29Z</time>
      </trkpt>
      <trkpt lat="22.225229" lon="113.254157">
        <ele>3.6</ele>
        <time>2024-04-27T07:29:30Z</time>
      </trkpt>
      <trkpt lat="22.225207" lon="113.254113">
        <ele>3.6</ele>
        <time>2024-04-27T07:29:31Z</time>
      </trkpt>
      <trkpt lat="22.225199" lon="113.254059">
        <ele>3.6</ele>
        <time>2024-04-27T07:29:32Z</time>
      </trkpt>
      <trkpt lat="22.225195" lon="113.254006">
        <ele>3.6</ele>
        <time>2024-04-27T07:29:33Z</time>
      </trkpt>
      <trkpt lat="22.225191" lon="113.253956">
        <ele>3.6</ele>
        <time>2024-04-27T07:29:34Z</time>
      </trkpt>
      <trkpt lat="22.225185" lon="113.253913">
        <ele>3.6</ele>
        <time>2024-04-27T07:29:35Z</time>
      </trkpt>
      <trkpt lat="22.225174" lon="113.253874">
        <ele>3.6</ele>
        <time>2024-04-27T07:29:36Z</time>
      </trkpt>
      <trkpt lat="22.225156" lon="113.253834">
        <ele>3.6</ele>
        <time>2024-04-27T07:29:37Z</time>
      </trkpt>
      <trkpt lat="22.225138" lon="113.253784">
        <ele>3.6</ele>
        <time>2024-04-27T07:29:38Z</time>
      </trkpt>
      <trkpt lat="22.225122" lon="113.25373">
        <ele>3.6</ele>
        <time>2024-04-27T07:29:39Z</time>
      </trkpt>
      <trkpt lat="22.225111" lon="113.253676">
        <ele>3.6</ele>
        <time>2024-04-27T07:29:40Z</time>
      </trkpt>
      <trkpt lat="22.225103" lon="113.253624">
        <ele>3.6</ele>
        <time>2024-04-27T07:29:41Z</time>
      </trkpt>
      <trkpt lat="22.225093" lon="113.253571">
        <ele>3.7</ele>
        <time>2024-04-27T07:29:42Z</time>
      </trkpt>
      <trkpt lat="22.225081" lon="113.253521">
        <ele>3.7</ele>
        <time>2024-04-27T07:29:43Z</time>
      </trkpt>
      <trkpt lat="22.225066" lon="113.253477">
        <ele>3.8</ele>
        <time>2024-04-27T07:29:44Z</time>
      </trkpt>
      <trkpt lat="22.225047" lon="113.253432">
        <ele>3.8</ele>
        <time>2024-04-27T07:29:45Z</time>
      </trkpt>
      <trkpt lat="22.225031" lon="113.253387">
        <ele>3.9</ele>
        <time>2024-04-27T07:29:46Z</time>
      </trkpt>
      <trkpt lat="22.225019" lon="113.253349">
        <ele>3.9</ele>
        <time>2024-04-27T07:29:47Z</time>
      </trkpt>
      <trkpt lat="22.225005" lon="113.253304">
        <ele>4</ele>
        <time>2024-04-27T07:29:48Z</time>
      </trkpt>
      <trkpt lat="22.22499" lon="113.253253">
        <ele>4</ele>
        <time>2024-04-27T07:29:49Z</time>
      </trkpt>
      <trkpt lat="22.224975" lon="113.253206">
        <ele>4.1</ele>
        <time>2024-04-27T07:29:50Z</time>
      </trkpt>
      <trkpt lat="22.224963" lon="113.253168">
        <ele>4.1</ele>
        <time>2024-04-27T07:29:51Z</time>
      </trkpt>
      <trkpt lat="22.224952" lon="113.253131">
        <ele>4.1</ele>
        <time>2024-04-27T07:29:52Z</time>
      </trkpt>
      <trkpt lat="22.22494" lon="113.253086">
        <ele>4.2</ele>
        <time>2024-04-27T07:29:53Z</time>
      </trkpt>
      <trkpt lat="22.224929" lon="113.25304">
        <ele>4.2</ele>
        <time>2024-04-27T07:29:54Z</time>
      </trkpt>
      <trkpt lat="22.224919" lon="113.253001">
        <ele>4.3</ele>
        <time>2024-04-27T07:29:55Z</time>
      </trkpt>
      <trkpt lat="22.224909" lon="113.252964">
        <ele>4.3</ele>
        <time>2024-04-27T07:29:56Z</time>
      </trkpt>
      <trkpt lat="22.224896" lon="113.252919">
        <ele>4.4</ele>
        <time>2024-04-27T07:29:57Z</time>
      </trkpt>
      <trkpt lat="22.224882" lon="113.252876">
        <ele>4.4</ele>
        <time>2024-04-27T07:29:58Z</time>
      </trkpt>
      <trkpt lat="22.224871" lon="113.252831">
        <ele>4.5</ele>
        <time>2024-04-27T07:29:59Z</time>
      </trkpt>
      <trkpt lat="22.224862" lon="113.252787">
        <ele>4.5</ele>
        <time>2024-04-27T07:30:00Z</time>
      </trkpt>
      <trkpt lat="22.224852" lon="113.252753">
        <ele>4.6</ele>
        <time>2024-04-27T07:30:01Z</time>
      </trkpt>
      <trkpt lat="22.224841" lon="113.252718">
        <ele>4.6</ele>
        <time>2024-04-27T07:30:02Z</time>
      </trkpt>
      <trkpt lat="22.22483" lon="113.252688">
        <ele>4.6</ele>
        <time>2024-04-27T07:30:03Z</time>
      </trkpt>
      <trkpt lat="22.224819" lon="113.25266">
        <ele>4.7</ele>
        <time>2024-04-27T07:30:04Z</time>
      </trkpt>
      <trkpt lat="22.224809" lon="113.252629">
        <ele>4.7</ele>
        <time>2024-04-27T07:30:05Z</time>
      </trkpt>
      <trkpt lat="22.224799" lon="113.252596">
        <ele>4.7</ele>
        <time>2024-04-27T07:30:06Z</time>
      </trkpt>
      <trkpt lat="22.224787" lon="113.252563">
        <ele>4.8</ele>
        <time>2024-04-27T07:30:07Z</time>
      </trkpt>
      <trkpt lat="22.224773" lon="113.252528">
        <ele>4.8</ele>
        <time>2024-04-27T07:30:08Z</time>
      </trkpt>
      <trkpt lat="22.224757" lon="113.252494">
        <ele>4.9</ele>
        <time>2024-04-27T07:30:09Z</time>
      </trkpt>
      <trkpt lat="22.224743" lon="113.252456">
        <ele>4.9</ele>
        <time>2024-04-27T07:30:10Z</time>
      </trkpt>
      <trkpt lat="22.224731" lon="113.252421">
        <ele>4.9</ele>
        <time>2024-04-27T07:30:11Z</time>
      </trkpt>
      <trkpt lat="22.224722" lon="113.252388">
        <ele>5</ele>
        <time>2024-04-27T07:30:12Z</time>
      </trkpt>
      <trkpt lat="22.224711" lon="113.252349">
        <ele>5</ele>
        <time>2024-04-27T07:30:13Z</time>
      </trkpt>
      <trkpt lat="22.2247" lon="113.252311">
        <ele>5.1</ele>
        <time>2024-04-27T07:30:14Z</time>
      </trkpt>
      <trkpt lat="22.224689" lon="113.252273">
        <ele>5.1</ele>
        <time>2024-04-27T07:30:15Z</time>
      </trkpt>
      <trkpt lat="22.224677" lon="113.252235">
        <ele>5.2</ele>
        <time>2024-04-27T07:30:16Z</time>
      </trkpt>
      <trkpt lat="22.224666" lon="113.252193">
        <ele>5.2</ele>
        <time>2024-04-27T07:30:17Z</time>
      </trkpt>
      <trkpt lat="22.224654" lon="113.252151">
        <ele>5.2</ele>
        <time>2024-04-27T07:30:18Z</time>
      </trkpt>
      <trkpt lat="22.224643" lon="113.252113">
        <ele>5.3</ele>
        <time>2024-04-27T07:30:19Z</time>
      </trkpt>
      <trkpt lat="22.224631" lon="113.252074">
        <ele>5.3</ele>
        <time>2024-04-27T07:30:20Z</time>
      </trkpt>
      <trkpt lat="22.224618" lon="113.252036">
        <ele>5.4</ele>
        <time>2024-04-27T07:30:21Z</time>
      </trkpt>
      <trkpt lat="22.224607" lon="113.251998">
        <ele>5.4</ele>
        <time>2024-04-27T07:30:22Z</time>
      </trkpt>
      <trkpt lat="22.224593" lon="113.25196">
        <ele>5.5</ele>
        <time>2024-04-27T07:30:23Z</time>
      </trkpt>
      <trkpt lat="22.224577" lon="113.251921">
        <ele>5.5</ele>
        <time>2024-04-27T07:30:24Z</time>
      </trkpt>
      <trkpt lat="22.224561" lon="113.251883">
        <ele>5.6</ele>
        <time>2024-04-27T07:30:25Z</time>
      </trkpt>
      <trkpt lat="22.224547" lon="113.251848">
        <ele>5.6</ele>
        <time>2024-04-27T07:30:26Z</time>
      </trkpt>
      <trkpt lat="22.224538" lon="113.251814">
        <ele>5.6</ele>
        <time>2024-04-27T07:30:27Z</time>
      </trkpt>
      <trkpt lat="22.224535" lon="113.25178">
        <ele>5.7</ele>
        <time>2024-04-27T07:30:28Z</time>
      </trkpt>
      <trkpt lat="22.22453" lon="113.251759">
        <ele>5.7</ele>
        <time>2024-04-27T07:30:29Z</time>
      </trkpt>
      <trkpt lat="22.224515" lon="113.251742">
        <ele>5.7</ele>
        <time>2024-04-27T07:30:30Z</time>
      </trkpt>
      <trkpt lat="22.224498" lon="113.251708">
        <ele>5.7</ele>
        <time>2024-04-27T07:30:31Z</time>
      </trkpt>
      <trkpt lat="22.224481" lon="113.251666">
        <ele>5.8</ele>
        <time>2024-04-27T07:30:32Z</time>
      </trkpt>
      <trkpt lat="22.224463" lon="113.25162">
        <ele>5.8</ele>
        <time>2024-04-27T07:30:33Z</time>
      </trkpt>
      <trkpt lat="22.224451" lon="113.251578">
        <ele>5.8</ele>
        <time>2024-04-27T07:30:34Z</time>
      </trkpt>
      <trkpt lat="22.224443" lon="113.251537">
        <ele>5.8</ele>
        <time>2024-04-27T07:30:35Z</time>
      </trkpt>
      <trkpt lat="22.224435" lon="113.251494">
        <ele>5.9</ele>
        <time>2024-04-27T07:30:36Z</time>
      </trkpt>
      <trkpt lat="22.224422" lon="113.251459">
        <ele>5.9</ele>
        <time>2024-04-27T07:30:37Z</time>
      </trkpt>
      <trkpt lat="22.224412" lon="113.251429">
        <ele>5.9</ele>
        <time>2024-04-27T07:30:38Z</time>
      </trkpt>
      <trkpt lat="22.224408" lon="113.251398">
        <ele>5.9</ele>
        <time>2024-04-27T07:30:39Z</time>
      </trkpt>
      <trkpt lat="22.224406" lon="113.251368">
        <ele>6</ele>
        <time>2024-04-27T07:30:40Z</time>
      </trkpt>
      <trkpt lat="22.224401" lon="113.251334">
        <ele>6</ele>
        <time>2024-04-27T07:30:41Z</time>
      </trkpt>
      <trkpt lat="22.224389" lon="113.251292">
        <ele>6</ele>
        <time>2024-04-27T07:30:42Z</time>
      </trkpt>
      <trkpt lat="22.224373" lon="113.251248">
        <ele>6</ele>
        <time>2024-04-27T07:30:43Z</time>
      </trkpt>
      <trkpt lat="22.224359" lon="113.25121">
        <ele>6.1</ele>
        <time>2024-04-27T07:30:44Z</time>
      </trkpt>
      <trkpt lat="22.224346" lon="113.251179">
        <ele>6.1</ele>
        <time>2024-04-27T07:30:45Z</time>
      </trkpt>
      <trkpt lat="22.224337" lon="113.251152">
        <ele>6.1</ele>
        <time>2024-04-27T07:30:46Z</time>
      </trkpt>
      <trkpt lat="22.224326" lon="113.251121">
        <ele>6.1</ele>
        <time>2024-04-27T07:30:47Z</time>
      </trkpt>
      <trkpt lat="22.224313" lon="113.251095">
        <ele>6.1</ele>
        <time>2024-04-27T07:30:48Z</time>
      </trkpt>
      <trkpt lat="22.2243" lon="113.251076">
        <ele>6.1</ele>
        <time>2024-04-27T07:30:49Z</time>
      </trkpt>
      <trkpt lat="22.224284" lon="113.25106">
        <ele>6.2</ele>
        <time>2024-04-27T07:30:50Z</time>
      </trkpt>
      <trkpt lat="22.224266" lon="113.251045">
        <ele>6.2</ele>
        <time>2024-04-27T07:30:51Z</time>
      </trkpt>
      <trkpt lat="22.224254" lon="113.25103">
        <ele>6.2</ele>
        <time>2024-04-27T07:30:52Z</time>
      </trkpt>
      <trkpt lat="22.224246" lon="113.251007">
        <ele>6.2</ele>
        <time>2024-04-27T07:30:53Z</time>
      </trkpt>
      <trkpt lat="22.224241" lon="113.250973">
        <ele>6.2</ele>
        <time>2024-04-27T07:30:54Z</time>
      </trkpt>
      <trkpt lat="22.224237" lon="113.250935">
        <ele>6.3</ele>
        <time>2024-04-27T07:30:55Z</time>
      </trkpt>
      <trkpt lat="22.224232" lon="113.250896">
        <ele>6.3</ele>
        <time>2024-04-27T07:30:56Z</time>
      </trkpt>
      <trkpt lat="22.224224" lon="113.250858">
        <ele>6.3</ele>
        <time>2024-04-27T07:30:57Z</time>
      </trkpt>
      <trkpt lat="22.224214" lon="113.250824">
        <ele>6.3</ele>
        <time>2024-04-27T07:30:58Z</time>
      </trkpt>
      <trkpt lat="22.224201" lon="113.25079">
        <ele>6.3</ele>
        <time>2024-04-27T07:30:59Z</time>
      </trkpt>
      <trkpt lat="22.224193" lon="113.250756">
        <ele>6.4</ele>
        <time>2024-04-27T07:31:00Z</time>
      </trkpt>
      <trkpt lat="22.224187" lon="113.250721">
        <ele>6.4</ele>
        <time>2024-04-27T07:31:01Z</time>
      </trkpt>
      <trkpt lat="22.224181" lon="113.250683">
        <ele>6.4</ele>
        <time>2024-04-27T07:31:02Z</time>
      </trkpt>
      <trkpt lat="22.224176" lon="113.250641">
        <ele>6.4</ele>
        <time>2024-04-27T07:31:03Z</time>
      </trkpt>
      <trkpt lat="22.224173" lon="113.250595">
        <ele>6.5</ele>
        <time>2024-04-27T07:31:04Z</time>
      </trkpt>
      <trkpt lat="22.224172" lon="113.250553">
        <ele>6.5</ele>
        <time>2024-04-27T07:31:05Z</time>
      </trkpt>
      <trkpt lat="22.224168" lon="113.250515">
        <ele>6.5</ele>
        <time>2024-04-27T07:31:06Z</time>
      </trkpt>
      <trkpt lat="22.224161" lon="113.250477">
        <ele>6.5</ele>
        <time>2024-04-27T07:31:07Z</time>
      </trkpt>
      <trkpt lat="22.224151" lon="113.250439">
        <ele>6.6</ele>
        <time>2024-04-27T07:31:08Z</time>
      </trkpt>
      <trkpt lat="22.224138" lon="113.250401">
        <ele>6.6</ele>
        <time>2024-04-27T07:31:09Z</time>
      </trkpt>
      <trkpt lat="22.224126" lon="113.25036">
        <ele>6.6</ele>
        <time>2024-04-27T07:31:10Z</time>
      </trkpt>
      <trkpt lat="22.224112" lon="113.250317">
        <ele>6.6</ele>
        <time>2024-04-27T07:31:11Z</time>
      </trkpt>
      <trkpt lat="22.224095" lon="113.250275">
        <ele>6.7</ele>
        <time>2024-04-27T07:31:12Z</time>
      </trkpt>
      <trkpt lat="22.224075" lon="113.250233">
        <ele>6.7</ele>
        <time>2024-04-27T07:31:13Z</time>
      </trkpt>
      <trkpt lat="22.224055" lon="113.250191">
        <ele>6.7</ele>
        <time>2024-04-27T07:31:14Z</time>
      </trkpt>
      <trkpt lat="22.224034" lon="113.250149">
        <ele>6.8</ele>
        <time>2024-04-27T07:31:15Z</time>
      </trkpt>
      <trkpt lat="22.224014" lon="113.250107">
        <ele>6.8</ele>
        <time>2024-04-27T07:31:16Z</time>
      </trkpt>
      <trkpt lat="22.223996" lon="113.250065">
        <ele>6.8</ele>
        <time>2024-04-27T07:31:17Z</time>
      </trkpt>
      <trkpt lat="22.223979" lon="113.250027">
        <ele>6.8</ele>
        <time>2024-04-27T07:31:18Z</time>
      </trkpt>
      <trkpt lat="22.223963" lon="113.249989">
        <ele>6.9</ele>
        <time>2024-04-27T07:31:19Z</time>
      </trkpt>
      <trkpt lat="22.223947" lon="113.249955">
        <ele>6.9</ele>
        <time>2024-04-27T07:31:20Z</time>
      </trkpt>
      <trkpt lat="22.223929" lon="113.249917">
        <ele>7</ele>
        <time>2024-04-27T07:31:21Z</time>
      </trkpt>
      <trkpt lat="22.22391" lon="113.249875">
        <ele>7</ele>
        <time>2024-04-27T07:31:22Z</time>
      </trkpt>
      <trkpt lat="22.223892" lon="113.249837">
        <ele>7.1</ele>
        <time>2024-04-27T07:31:23Z</time>
      </trkpt>
      <trkpt lat="22.223875" lon="113.249794">
        <ele>7.2</ele>
        <time>2024-04-27T07:31:24Z</time>
      </trkpt>
      <trkpt lat="22.223859" lon="113.249753">
        <ele>7.3</ele>
        <time>2024-04-27T07:31:25Z</time>
      </trkpt>
      <trkpt lat="22.223839" lon="113.249711">
        <ele>7.4</ele>
        <time>2024-04-27T07:31:26Z</time>
      </trkpt>
      <trkpt lat="22.223821" lon="113.249669">
        <ele>7.4</ele>
        <time>2024-04-27T07:31:27Z</time>
      </trkpt>
      <trkpt lat="22.223804" lon="113.24963">
        <ele>7.5</ele>
        <time>2024-04-27T07:31:28Z</time>
      </trkpt>
      <trkpt lat="22.223783" lon="113.249585">
        <ele>7.6</ele>
        <time>2024-04-27T07:31:29Z</time>
      </trkpt>
      <trkpt lat="22.223764" lon="113.249535">
        <ele>7.7</ele>
        <time>2024-04-27T07:31:30Z</time>
      </trkpt>
      <trkpt lat="22.223747" lon="113.24949">
        <ele>7.8</ele>
        <time>2024-04-27T07:31:31Z</time>
      </trkpt>
      <trkpt lat="22.223729" lon="113.249444">
        <ele>7.9</ele>
        <time>2024-04-27T07:31:32Z</time>
      </trkpt>
      <trkpt lat="22.223708" lon="113.249398">
        <ele>8</ele>
        <time>2024-04-27T07:31:33Z</time>
      </trkpt>
      <trkpt lat="22.223689" lon="113.249353">
        <ele>8.1</ele>
        <time>2024-04-27T07:31:34Z</time>
      </trkpt>
      <trkpt lat="22.22367" lon="113.249311">
        <ele>8.1</ele>
        <time>2024-04-27T07:31:35Z</time>
      </trkpt>
      <trkpt lat="22.22365" lon="113.249268">
        <ele>8.2</ele>
        <time>2024-04-27T07:31:36Z</time>
      </trkpt>
      <trkpt lat="22.223627" lon="113.249222">
        <ele>8.3</ele>
        <time>2024-04-27T07:31:37Z</time>
      </trkpt>
      <trkpt lat="22.223607" lon="113.249176">
        <ele>8.4</ele>
        <time>2024-04-27T07:31:38Z</time>
      </trkpt>
      <trkpt lat="22.22359" lon="113.24913">
        <ele>8.5</ele>
        <time>2024-04-27T07:31:39Z</time>
      </trkpt>
      <trkpt lat="22.223571" lon="113.249088">
        <ele>8.6</ele>
        <time>2024-04-27T07:31:40Z</time>
      </trkpt>
      <trkpt lat="22.223552" lon="113.249047">
        <ele>8.7</ele>
        <time>2024-04-27T07:31:41Z</time>
      </trkpt>
      <trkpt lat="22.223534" lon="113.249001">
        <ele>8.8</ele>
        <time>2024-04-27T07:31:42Z</time>
      </trkpt>
      <trkpt lat="22.223514" lon="113.248955">
        <ele>8.9</ele>
        <time>2024-04-27T07:31:43Z</time>
      </trkpt>
      <trkpt lat="22.223491" lon="113.24891">
        <ele>8.9</ele>
        <time>2024-04-27T07:31:44Z</time>
      </trkpt>
      <trkpt lat="22.223468" lon="113.24886">
        <ele>9</ele>
        <time>2024-04-27T07:31:45Z</time>
      </trkpt>
      <trkpt lat="22.223447" lon="113.24881">
        <ele>9.1</ele>
        <time>2024-04-27T07:31:46Z</time>
      </trkpt>
      <trkpt lat="22.223426" lon="113.248765">
        <ele>9.2</ele>
        <time>2024-04-27T07:31:47Z</time>
      </trkpt>
      <trkpt lat="22.223406" lon="113.248719">
        <ele>9.3</ele>
        <time>2024-04-27T07:31:48Z</time>
      </trkpt>
      <trkpt lat="22.223387" lon="113.248673">
        <ele>9.4</ele>
        <time>2024-04-27T07:31:49Z</time>
      </trkpt>
      <trkpt lat="22.223368" lon="113.248628">
        <ele>9.5</ele>
        <time>2024-04-27T07:31:50Z</time>
      </trkpt>
      <trkpt lat="22.22335" lon="113.248582">
        <ele>9.6</ele>
        <time>2024-04-27T07:31:51Z</time>
      </trkpt>
      <trkpt lat="22.223332" lon="113.248536">
        <ele>9.7</ele>
        <time>2024-04-27T07:31:52Z</time>
      </trkpt>
      <trkpt lat="22.223312" lon="113.24849">
        <ele>9.8</ele>
        <time>2024-04-27T07:31:53Z</time>
      </trkpt>
      <trkpt lat="22.223294" lon="113.248444">
        <ele>9.9</ele>
        <time>2024-04-27T07:31:54Z</time>
      </trkpt>
      <trkpt lat="22.223274" lon="113.248398">
        <ele>9.9</ele>
        <time>2024-04-27T07:31:55Z</time>
      </trkpt>
      <trkpt lat="22.223253" lon="113.248349">
        <ele>10</ele>
        <time>2024-04-27T07:31:56Z</time>
      </trkpt>
      <trkpt lat="22.223232" lon="113.248303">
        <ele>10.1</ele>
        <time>2024-04-27T07:31:57Z</time>
      </trkpt>
      <trkpt lat="22.223212" lon="113.248257">
        <ele>10.2</ele>
        <time>2024-04-27T07:31:58Z</time>
      </trkpt>
      <trkpt lat="22.223192" lon="113.248208">
        <ele>10.3</ele>
        <time>2024-04-27T07:31:59Z</time>
      </trkpt>
      <trkpt lat="22.22317" lon="113.248158">
        <ele>10.4</ele>
        <time>2024-04-27T07:32:00Z</time>
      </trkpt>
      <trkpt lat="22.223147" lon="113.248109">
        <ele>10.6</ele>
        <time>2024-04-27T07:32:01Z</time>
      </trkpt>
      <trkpt lat="22.223125" lon="113.248063">
        <ele>10.7</ele>
        <time>2024-04-27T07:32:02Z</time>
      </trkpt>
      <trkpt lat="22.223103" lon="113.248017">
        <ele>10.9</ele>
        <time>2024-04-27T07:32:03Z</time>
      </trkpt>
      <trkpt lat="22.22308" lon="113.247971">
        <ele>11</ele>
        <time>2024-04-27T07:32:04Z</time>
      </trkpt>
      <trkpt lat="22.223057" lon="113.247925">
        <ele>11.2</ele>
        <time>2024-04-27T07:32:05Z</time>
      </trkpt>
      <trkpt lat="22.223036" lon="113.24788">
        <ele>11.3</ele>
        <time>2024-04-27T07:32:06Z</time>
      </trkpt>
      <trkpt lat="22.223017" lon="113.24783">
        <ele>11.4</ele>
        <time>2024-04-27T07:32:07Z</time>
      </trkpt>
      <trkpt lat="22.222998" lon="113.247784">
        <ele>11.6</ele>
        <time>2024-04-27T07:32:08Z</time>
      </trkpt>
      <trkpt lat="22.22298" lon="113.247742">
        <ele>11.7</ele>
        <time>2024-04-27T07:32:09Z</time>
      </trkpt>
      <trkpt lat="22.222962" lon="113.247696">
        <ele>11.8</ele>
        <time>2024-04-27T07:32:10Z</time>
      </trkpt>
      <trkpt lat="22.222942" lon="113.247654">
        <ele>12</ele>
        <time>2024-04-27T07:32:11Z</time>
      </trkpt>
      <trkpt lat="22.222922" lon="113.247611">
        <ele>12.1</ele>
        <time>2024-04-27T07:32:12Z</time>
      </trkpt>
      <trkpt lat="22.2229" lon="113.247566">
        <ele>12.2</ele>
        <time>2024-04-27T07:32:13Z</time>
      </trkpt>
      <trkpt lat="22.222876" lon="113.247516">
        <ele>12.4</ele>
        <time>2024-04-27T07:32:14Z</time>
      </trkpt>
      <trkpt lat="22.222854" lon="113.247467">
        <ele>12.5</ele>
        <time>2024-04-27T07:32:15Z</time>
      </trkpt>
      <trkpt lat="22.222835" lon="113.247421">
        <ele>12.7</ele>
        <time>2024-04-27T07:32:16Z</time>
      </trkpt>
      <trkpt lat="22.222817" lon="113.247376">
        <ele>12.8</ele>
        <time>2024-04-27T07:32:17Z</time>
      </trkpt>
      <trkpt lat="22.222798" lon="113.24733">
        <ele>12.9</ele>
        <time>2024-04-27T07:32:18Z</time>
      </trkpt>
      <trkpt lat="22.222776" lon="113.24728">
        <ele>13.1</ele>
        <time>2024-04-27T07:32:19Z</time>
      </trkpt>
      <trkpt lat="22.222755" lon="113.247231">
        <ele>13.2</ele>
        <time>2024-04-27T07:32:20Z</time>
      </trkpt>
      <trkpt lat="22.222735" lon="113.247189">
        <ele>13.3</ele>
        <time>2024-04-27T07:32:21Z</time>
      </trkpt>
      <trkpt lat="22.222718" lon="113.247147">
        <ele>13.5</ele>
        <time>2024-04-27T07:32:22Z</time>
      </trkpt>
      <trkpt lat="22.222698" lon="113.247097">
        <ele>13.6</ele>
        <time>2024-04-27T07:32:23Z</time>
      </trkpt>
      <trkpt lat="22.222676" lon="113.247048">
        <ele>13.8</ele>
        <time>2024-04-27T07:32:24Z</time>
      </trkpt>
      <trkpt lat="22.222654" lon="113.247002">
        <ele>13.9</ele>
        <time>2024-04-27T07:32:25Z</time>
      </trkpt>
      <trkpt lat="22.222635" lon="113.24696">
        <ele>14</ele>
        <time>2024-04-27T07:32:26Z</time>
      </trkpt>
      <trkpt lat="22.222614" lon="113.246918">
        <ele>14.2</ele>
        <time>2024-04-27T07:32:27Z</time>
      </trkpt>
      <trkpt lat="22.222592" lon="113.246872">
        <ele>14.3</ele>
        <time>2024-04-27T07:32:28Z</time>
      </trkpt>
      <trkpt lat="22.222574" lon="113.246827">
        <ele>14.4</ele>
        <time>2024-04-27T07:32:29Z</time>
      </trkpt>
      <trkpt lat="22.22256" lon="113.246781">
        <ele>14.6</ele>
        <time>2024-04-27T07:32:30Z</time>
      </trkpt>
      <trkpt lat="22.222545" lon="113.246739">
        <ele>14.7</ele>
        <time>2024-04-27T07:32:31Z</time>
      </trkpt>
      <trkpt lat="22.222527" lon="113.246697">
        <ele>14.8</ele>
        <time>2024-04-27T07:32:32Z</time>
      </trkpt>
      <trkpt lat="22.222507" lon="113.246651">
        <ele>14.9</ele>
        <time>2024-04-27T07:32:33Z</time>
      </trkpt>
      <trkpt lat="22.222486" lon="113.246608">
        <ele>15.1</ele>
        <time>2024-04-27T07:32:34Z</time>
      </trkpt>
      <trkpt lat="22.222466" lon="113.246571">
        <ele>15.2</ele>
        <time>2024-04-27T07:32:35Z</time>
      </trkpt>
      <trkpt lat="22.222453" lon="113.246536">
        <ele>15.3</ele>
        <time>2024-04-27T07:32:36Z</time>
      </trkpt>
      <trkpt lat="22.22244" lon="113.246506">
        <ele>15.4</ele>
        <time>2024-04-27T07:32:37Z</time>
      </trkpt>
      <trkpt lat="22.222424" lon="113.246472">
        <ele>15.5</ele>
        <time>2024-04-27T07:32:38Z</time>
      </trkpt>
      <trkpt lat="22.222405" lon="113.246437">
        <ele>15.6</ele>
        <time>2024-04-27T07:32:39Z</time>
      </trkpt>
      <trkpt lat="22.22238" lon="113.246403">
        <ele>15.7</ele>
        <time>2024-04-27T07:32:40Z</time>
      </trkpt>
      <trkpt lat="22.222356" lon="113.246365">
        <ele>15.9</ele>
        <time>2024-04-27T07:32:41Z</time>
      </trkpt>
      <trkpt lat="22.222333" lon="113.246326">
        <ele>16</ele>
        <time>2024-04-27T07:32:42Z</time>
      </trkpt>
      <trkpt lat="22.222306" lon="113.246284">
        <ele>16.2</ele>
        <time>2024-04-27T07:32:43Z</time>
      </trkpt>
      <trkpt lat="22.222278" lon="113.246238">
        <ele>16.3</ele>
        <time>2024-04-27T07:32:44Z</time>
      </trkpt>
      <trkpt lat="22.222254" lon="113.246197">
        <ele>16.5</ele>
        <time>2024-04-27T07:32:45Z</time>
      </trkpt>
      <trkpt lat="22.222232" lon="113.246158">
        <ele>16.6</ele>
        <time>2024-04-27T07:32:46Z</time>
      </trkpt>
      <trkpt lat="22.22221" lon="113.24612">
        <ele>16.7</ele>
        <time>2024-04-27T07:32:47Z</time>
      </trkpt>
      <trkpt lat="22.222189" lon="113.246082">
        <ele>16.9</ele>
        <time>2024-04-27T07:32:48Z</time>
      </trkpt>
      <trkpt lat="22.222168" lon="113.24604">
        <ele>17</ele>
        <time>2024-04-27T07:32:49Z</time>
      </trkpt>
      <trkpt lat="22.222147" lon="113.245999">
        <ele>17.1</ele>
        <time>2024-04-27T07:32:50Z</time>
      </trkpt>
      <trkpt lat="22.22213" lon="113.245961">
        <ele>17.3</ele>
        <time>2024-04-27T07:32:51Z</time>
      </trkpt>
      <trkpt lat="22.222114" lon="113.245922">
        <ele>17.4</ele>
        <time>2024-04-27T07:32:52Z</time>
      </trkpt>
      <trkpt lat="22.222097" lon="113.245884">
        <ele>17.5</ele>
        <time>2024-04-27T07:32:53Z</time>
      </trkpt>
      <trkpt lat="22.222082" lon="113.245846">
        <ele>17.7</ele>
        <time>2024-04-27T07:32:54Z</time>
      </trkpt>
      <trkpt lat="22.222066" lon="113.245804">
        <ele>17.8</ele>
        <time>2024-04-27T07:32:55Z</time>
      </trkpt>
      <trkpt lat="22.222049" lon="113.245762">
        <ele>17.9</ele>
        <time>2024-04-27T07:32:56Z</time>
      </trkpt>
      <trkpt lat="22.222031" lon="113.245724">
        <ele>18.1</ele>
        <time>2024-04-27T07:32:57Z</time>
      </trkpt>
      <trkpt lat="22.222013" lon="113.245686">
        <ele>18.2</ele>
        <time>2024-04-27T07:32:58Z</time>
      </trkpt>
      <trkpt lat="22.221995" lon="113.245647">
        <ele>18.3</ele>
        <time>2024-04-27T07:32:59Z</time>
      </trkpt>
      <trkpt lat="22.221978" lon="113.245609">
        <ele>18.4</ele>
        <time>2024-04-27T07:33:00Z</time>
      </trkpt>
      <trkpt lat="22.221963" lon="113.245572">
        <ele>18.6</ele>
        <time>2024-04-27T07:33:01Z</time>
      </trkpt>
      <trkpt lat="22.221948" lon="113.245534">
        <ele>18.7</ele>
        <time>2024-04-27T07:33:02Z</time>
      </trkpt>
      <trkpt lat="22.22193" lon="113.245496">
        <ele>18.8</ele>
        <time>2024-04-27T07:33:03Z</time>
      </trkpt>
      <trkpt lat="22.221911" lon="113.245461">
        <ele>18.9</ele>
        <time>2024-04-27T07:33:04Z</time>
      </trkpt>
      <trkpt lat="22.221892" lon="113.245423">
        <ele>19.1</ele>
        <time>2024-04-27T07:33:05Z</time>
      </trkpt>
      <trkpt lat="22.221875" lon="113.245381">
        <ele>19.2</ele>
        <time>2024-04-27T07:33:06Z</time>
      </trkpt>
      <trkpt lat="22.221859" lon="113.245342">
        <ele>19.3</ele>
        <time>2024-04-27T07:33:07Z</time>
      </trkpt>
      <trkpt lat="22.221842" lon="113.2453">
        <ele>19.5</ele>
        <time>2024-04-27T07:33:08Z</time>
      </trkpt>
      <trkpt lat="22.221825" lon="113.245255">
        <ele>19.6</ele>
        <time>2024-04-27T07:33:09Z</time>
      </trkpt>
      <trkpt lat="22.221807" lon="113.245209">
        <ele>19.8</ele>
        <time>2024-04-27T07:33:10Z</time>
      </trkpt>
      <trkpt lat="22.221786" lon="113.245167">
        <ele>19.9</ele>
        <time>2024-04-27T07:33:11Z</time>
      </trkpt>
      <trkpt lat="22.221767" lon="113.245125">
        <ele>20</ele>
        <time>2024-04-27T07:33:12Z</time>
      </trkpt>
      <trkpt lat="22.221749" lon="113.245083">
        <ele>20.2</ele>
        <time>2024-04-27T07:33:13Z</time>
      </trkpt>
      <trkpt lat="22.221732" lon="113.245045">
        <ele>20.3</ele>
        <time>2024-04-27T07:33:14Z</time>
      </trkpt>
      <trkpt lat="22.221714" lon="113.245007">
        <ele>20.4</ele>
        <time>2024-04-27T07:33:15Z</time>
      </trkpt>
      <trkpt lat="22.221696" lon="113.244969">
        <ele>20.6</ele>
        <time>2024-04-27T07:33:16Z</time>
      </trkpt>
      <trkpt lat="22.22168" lon="113.244931">
        <ele>20.7</ele>
        <time>2024-04-27T07:33:17Z</time>
      </trkpt>
      <trkpt lat="22.221665" lon="113.244896">
        <ele>20.8</ele>
        <time>2024-04-27T07:33:18Z</time>
      </trkpt>
      <trkpt lat="22.221648" lon="113.244862">
        <ele>20.9</ele>
        <time>2024-04-27T07:33:19Z</time>
      </trkpt>
      <trkpt lat="22.221631" lon="113.244827">
        <ele>21</ele>
        <time>2024-04-27T07:33:20Z</time>
      </trkpt>
      <trkpt lat="22.221612" lon="113.244793">
        <ele>21.2</ele>
        <time>2024-04-27T07:33:21Z</time>
      </trkpt>
      <trkpt lat="22.221593" lon="113.244755">
        <ele>21.3</ele>
        <time>2024-04-27T07:33:22Z</time>
      </trkpt>
      <trkpt lat="22.221575" lon="113.244717">
        <ele>21.4</ele>
        <time>2024-04-27T07:33:23Z</time>
      </trkpt>
      <trkpt lat="22.221556" lon="113.244675">
        <ele>21.5</ele>
        <time>2024-04-27T07:33:24Z</time>
      </trkpt>
      <trkpt lat="22.221538" lon="113.244633">
        <ele>21.6</ele>
        <time>2024-04-27T07:33:25Z</time>
      </trkpt>
      <trkpt lat="22.221519" lon="113.244591">
        <ele>21.7</ele>
        <time>2024-04-27T07:33:26Z</time>
      </trkpt>
      <trkpt lat="22.221501" lon="113.244549">
        <ele>21.8</ele>
        <time>2024-04-27T07:33:27Z</time>
      </trkpt>
      <trkpt lat="22.221481" lon="113.244515">
        <ele>21.9</ele>
        <time>2024-04-27T07:33:28Z</time>
      </trkpt>
      <trkpt lat="22.22146" lon="113.244484">
        <ele>22</ele>
        <time>2024-04-27T07:33:29Z</time>
      </trkpt>
      <trkpt lat="22.22144" lon="113.244454">
        <ele>22.1</ele>
        <time>2024-04-27T07:33:30Z</time>
      </trkpt>
      <trkpt lat="22.22142" lon="113.244423">
        <ele>22.2</ele>
        <time>2024-04-27T07:33:31Z</time>
      </trkpt>
      <trkpt lat="22.221398" lon="113.244389">
        <ele>22.2</ele>
        <time>2024-04-27T07:33:32Z</time>
      </trkpt>
      <trkpt lat="22.221376" lon="113.244351">
        <ele>22.3</ele>
        <time>2024-04-27T07:33:33Z</time>
      </trkpt>
      <trkpt lat="22.221357" lon="113.244309">
        <ele>22.4</ele>
        <time>2024-04-27T07:33:34Z</time>
      </trkpt>
      <trkpt lat="22.221342" lon="113.244267">
        <ele>22.5</ele>
        <time>2024-04-27T07:33:35Z</time>
      </trkpt>
      <trkpt lat="22.221331" lon="113.244225">
        <ele>22.6</ele>
        <time>2024-04-27T07:33:36Z</time>
      </trkpt>
      <trkpt lat="22.221319" lon="113.244179">
        <ele>22.7</ele>
        <time>2024-04-27T07:33:37Z</time>
      </trkpt>
      <trkpt lat="22.221309" lon="113.244137">
        <ele>22.8</ele>
        <time>2024-04-27T07:33:38Z</time>
      </trkpt>
      <trkpt lat="22.221297" lon="113.244095">
        <ele>22.9</ele>
        <time>2024-04-27T07:33:39Z</time>
      </trkpt>
      <trkpt lat="22.221282" lon="113.244057">
        <ele>23</ele>
        <time>2024-04-27T07:33:40Z</time>
      </trkpt>
      <trkpt lat="22.221266" lon="113.244023">
        <ele>23.1</ele>
        <time>2024-04-27T07:33:41Z</time>
      </trkpt>
      <trkpt lat="22.22125" lon="113.243988">
        <ele>23.2</ele>
        <time>2024-04-27T07:33:42Z</time>
      </trkpt>
      <trkpt lat="22.221234" lon="113.243954">
        <ele>23.3</ele>
        <time>2024-04-27T07:33:43Z</time>
      </trkpt>
      <trkpt lat="22.221221" lon="113.243916">
        <ele>23.4</ele>
        <time>2024-04-27T07:33:44Z</time>
      </trkpt>
      <trkpt lat="22.221211" lon="113.243885">
        <ele>23.4</ele>
        <time>2024-04-27T07:33:45Z</time>
      </trkpt>
      <trkpt lat="22.221198" lon="113.243859">
        <ele>23.5</ele>
        <time>2024-04-27T07:33:46Z</time>
      </trkpt>
      <trkpt lat="22.221183" lon="113.243832">
        <ele>23.6</ele>
        <time>2024-04-27T07:33:47Z</time>
      </trkpt>
      <trkpt lat="22.221166" lon="113.243805">
        <ele>23.6</ele>
        <time>2024-04-27T07:33:48Z</time>
      </trkpt>
      <trkpt lat="22.221151" lon="113.243775">
        <ele>23.7</ele>
        <time>2024-04-27T07:33:49Z</time>
      </trkpt>
      <trkpt lat="22.221138" lon="113.243744">
        <ele>23.8</ele>
        <time>2024-04-27T07:33:50Z</time>
      </trkpt>
      <trkpt lat="22.221127" lon="113.24371">
        <ele>23.9</ele>
        <time>2024-04-27T07:33:51Z</time>
      </trkpt>
      <trkpt lat="22.221116" lon="113.243675">
        <ele>23.9</ele>
        <time>2024-04-27T07:33:52Z</time>
      </trkpt>
      <trkpt lat="22.221106" lon="113.243645">
        <ele>24</ele>
        <time>2024-04-27T07:33:53Z</time>
      </trkpt>
      <trkpt lat="22.221093" lon="113.243618">
        <ele>24.1</ele>
        <time>2024-04-27T07:33:54Z</time>
      </trkpt>
      <trkpt lat="22.221079" lon="113.243595">
        <ele>24.1</ele>
        <time>2024-04-27T07:33:55Z</time>
      </trkpt>
      <trkpt lat="22.221063" lon="113.243569">
        <ele>24.2</ele>
        <time>2024-04-27T07:33:56Z</time>
      </trkpt>
      <trkpt lat="22.221048" lon="113.243542">
        <ele>24.3</ele>
        <time>2024-04-27T07:33:57Z</time>
      </trkpt>
      <trkpt lat="22.221036" lon="113.243515">
        <ele>24.3</ele>
        <time>2024-04-27T07:33:58Z</time>
      </trkpt>
      <trkpt lat="22.221023" lon="113.243488">
        <ele>24.4</ele>
        <time>2024-04-27T07:33:59Z</time>
      </trkpt>
      <trkpt lat="22.221009" lon="113.243466">
        <ele>24.5</ele>
        <time>2024-04-27T07:34:00Z</time>
      </trkpt>
      <trkpt lat="22.220996" lon="113.243439">
        <ele>24.5</ele>
        <time>2024-04-27T07:34:01Z</time>
      </trkpt>
      <trkpt lat="22.220984" lon="113.243408">
        <ele>24.6</ele>
        <time>2024-04-27T07:34:02Z</time>
      </trkpt>
      <trkpt lat="22.220974" lon="113.243382">
        <ele>24.7</ele>
        <time>2024-04-27T07:34:03Z</time>
      </trkpt>
      <trkpt lat="22.220961" lon="113.243359">
        <ele>24.7</ele>
        <time>2024-04-27T07:34:04Z</time>
      </trkpt>
      <trkpt lat="22.220946" lon="113.243336">
        <ele>24.8</ele>
        <time>2024-04-27T07:34:05Z</time>
      </trkpt>
      <trkpt lat="22.220935" lon="113.243309">
        <ele>24.8</ele>
        <time>2024-04-27T07:34:06Z</time>
      </trkpt>
      <trkpt lat="22.220923" lon="113.243279">
        <ele>24.9</ele>
        <time>2024-04-27T07:34:07Z</time>
      </trkpt>
      <trkpt lat="22.220907" lon="113.243248">
        <ele>25</ele>
        <time>2024-04-27T07:34:08Z</time>
      </trkpt>
      <trkpt lat="22.220893" lon="113.243218">
        <ele>25.1</ele>
        <time>2024-04-27T07:34:09Z</time>
      </trkpt>
      <trkpt lat="22.22088" lon="113.243187">
        <ele>25.1</ele>
        <time>2024-04-27T07:34:10Z</time>
      </trkpt>
      <trkpt lat="22.220866" lon="113.243154">
        <ele>25.2</ele>
        <time>2024-04-27T07:34:11Z</time>
      </trkpt>
      <trkpt lat="22.22085" lon="113.243119">
        <ele>25.3</ele>
        <time>2024-04-27T07:34:12Z</time>
      </trkpt>
      <trkpt lat="22.220835" lon="113.243088">
        <ele>25.4</ele>
        <time>2024-04-27T07:34:13Z</time>
      </trkpt>
      <trkpt lat="22.220821" lon="113.243058">
        <ele>25.5</ele>
        <time>2024-04-27T07:34:14Z</time>
      </trkpt>
      <trkpt lat="22.220808" lon="113.243027">
        <ele>25.5</ele>
        <time>2024-04-27T07:34:15Z</time>
      </trkpt>
      <trkpt lat="22.220796" lon="113.242997">
        <ele>25.6</ele>
        <time>2024-04-27T07:34:16Z</time>
      </trkpt>
      <trkpt lat="22.220783" lon="113.242966">
        <ele>25.7</ele>
        <time>2024-04-27T07:34:17Z</time>
      </trkpt>
      <trkpt lat="22.220772" lon="113.242935">
        <ele>25.9</ele>
        <time>2024-04-27T07:34:18Z</time>
      </trkpt>
      <trkpt lat="22.22076" lon="113.242905">
        <ele>26</ele>
        <time>2024-04-27T07:34:19Z</time>
      </trkpt>
      <trkpt lat="22.220749" lon="113.242874">
        <ele>26.2</ele>
        <time>2024-04-27T07:34:20Z</time>
      </trkpt>
      <trkpt lat="22.220737" lon="113.242844">
        <ele>26.4</ele>
        <time>2024-04-27T07:34:21Z</time>
      </trkpt>
      <trkpt lat="22.220722" lon="113.242813">
        <ele>26.6</ele>
        <time>2024-04-27T07:34:22Z</time>
      </trkpt>
      <trkpt lat="22.220708" lon="113.242786">
        <ele>26.7</ele>
        <time>2024-04-27T07:34:23Z</time>
      </trkpt>
      <trkpt lat="22.220695" lon="113.24276">
        <ele>26.9</ele>
        <time>2024-04-27T07:34:24Z</time>
      </trkpt>
      <trkpt lat="22.220683" lon="113.242729">
        <ele>27</ele>
        <time>2024-04-27T07:34:25Z</time>
      </trkpt>
      <trkpt lat="22.220671" lon="113.242699">
        <ele>27.2</ele>
        <time>2024-04-27T07:34:26Z</time>
      </trkpt>
      <trkpt lat="22.22066" lon="113.242668">
        <ele>27.4</ele>
        <time>2024-04-27T07:34:27Z</time>
      </trkpt>
      <trkpt lat="22.220649" lon="113.242638">
        <ele>27.5</ele>
        <time>2024-04-27T07:34:28Z</time>
      </trkpt>
      <trkpt lat="22.220636" lon="113.242608">
        <ele>27.7</ele>
        <time>2024-04-27T07:34:29Z</time>
      </trkpt>
      <trkpt lat="22.22062" lon="113.242573">
        <ele>27.9</ele>
        <time>2024-04-27T07:34:30Z</time>
      </trkpt>
      <trkpt lat="22.220605" lon="113.242539">
        <ele>28.1</ele>
        <time>2024-04-27T07:34:31Z</time>
      </trkpt>
      <trkpt lat="22.220593" lon="113.242508">
        <ele>28.3</ele>
        <time>2024-04-27T07:34:32Z</time>
      </trkpt>
      <trkpt lat="22.220581" lon="113.242474">
        <ele>28.5</ele>
        <time>2024-04-27T07:34:33Z</time>
      </trkpt>
      <trkpt lat="22.220569" lon="113.242443">
        <ele>28.6</ele>
        <time>2024-04-27T07:34:34Z</time>
      </trkpt>
      <trkpt lat="22.220554" lon="113.242417">
        <ele>28.8</ele>
        <time>2024-04-27T07:34:35Z</time>
      </trkpt>
      <trkpt lat="22.220537" lon="113.24239">
        <ele>29</ele>
        <time>2024-04-27T07:34:36Z</time>
      </trkpt>
      <trkpt lat="22.220521" lon="113.242363">
        <ele>29.1</ele>
        <time>2024-04-27T07:34:37Z</time>
      </trkpt>
      <trkpt lat="22.220506" lon="113.242333">
        <ele>29.3</ele>
        <time>2024-04-27T07:34:38Z</time>
      </trkpt>
      <trkpt lat="22.220492" lon="113.242298">
        <ele>29.5</ele>
        <time>2024-04-27T07:34:39Z</time>
      </trkpt>
      <trkpt lat="22.220475" lon="113.242264">
        <ele>29.7</ele>
        <time>2024-04-27T07:34:40Z</time>
      </trkpt>
      <trkpt lat="22.220459" lon="113.242233">
        <ele>29.9</ele>
        <time>2024-04-27T07:34:41Z</time>
      </trkpt>
      <trkpt lat="22.220447" lon="113.242203">
        <ele>30</ele>
        <time>2024-04-27T07:34:42Z</time>
      </trkpt>
      <trkpt lat="22.220436" lon="113.242172">
        <ele>30.2</ele>
        <time>2024-04-27T07:34:43Z</time>
      </trkpt>
      <trkpt lat="22.220424" lon="113.242142">
        <ele>30.4</ele>
        <time>2024-04-27T07:34:44Z</time>
      </trkpt>
      <trkpt lat="22.22041" lon="113.242115">
        <ele>30.5</ele>
        <time>2024-04-27T07:34:45Z</time>
      </trkpt>
      <trkpt lat="22.220397" lon="113.242089">
        <ele>30.7</ele>
        <time>2024-04-27T07:34:46Z</time>
      </trkpt>
      <trkpt lat="22.220384" lon="113.242058">
        <ele>30.9</ele>
        <time>2024-04-27T07:34:47Z</time>
      </trkpt>
      <trkpt lat="22.22037" lon="113.242027">
        <ele>31</ele>
        <time>2024-04-27T07:34:48Z</time>
      </trkpt>
      <trkpt lat="22.220356" lon="113.241993">
        <ele>31.2</ele>
        <time>2024-04-27T07:34:49Z</time>
      </trkpt>
      <trkpt lat="22.220341" lon="113.241959">
        <ele>31.4</ele>
        <time>2024-04-27T07:34:50Z</time>
      </trkpt>
      <trkpt lat="22.220326" lon="113.241928">
        <ele>31.6</ele>
        <time>2024-04-27T07:34:51Z</time>
      </trkpt>
      <trkpt lat="22.220312" lon="113.241902">
        <ele>31.8</ele>
        <time>2024-04-27T07:34:52Z</time>
      </trkpt>
      <trkpt lat="22.220301" lon="113.241875">
        <ele>31.9</ele>
        <time>2024-04-27T07:34:53Z</time>
      </trkpt>
      <trkpt lat="22.22029" lon="113.241848">
        <ele>32.1</ele>
        <time>2024-04-27T07:34:54Z</time>
      </trkpt>
      <trkpt lat="22.220281" lon="113.241822">
        <ele>32.2</ele>
        <time>2024-04-27T07:34:55Z</time>
      </trkpt>
      <trkpt lat="22.220271" lon="113.241791">
        <ele>32.4</ele>
        <time>2024-04-27T07:34:56Z</time>
      </trkpt>
      <trkpt lat="22.220262" lon="113.241761">
        <ele>32.5</ele>
        <time>2024-04-27T07:34:57Z</time>
      </trkpt>
      <trkpt lat="22.22025" lon="113.24173">
        <ele>32.7</ele>
        <time>2024-04-27T07:34:58Z</time>
      </trkpt>
      <trkpt lat="22.220238" lon="113.2417">
        <ele>32.9</ele>
        <time>2024-04-27T07:34:59Z</time>
      </trkpt>
      <trkpt lat="22.220225" lon="113.241673">
        <ele>33</ele>
        <time>2024-04-27T07:35:00Z</time>
      </trkpt>
      <trkpt lat="22.220213" lon="113.241646">
        <ele>33.2</ele>
        <time>2024-04-27T07:35:01Z</time>
      </trkpt>
      <trkpt lat="22.220201" lon="113.241619">
        <ele>33.3</ele>
        <time>2024-04-27T07:35:02Z</time>
      </trkpt>
      <trkpt lat="22.220188" lon="113.241592">
        <ele>33.5</ele>
        <time>2024-04-27T07:35:03Z</time>
      </trkpt>
      <trkpt lat="22.220177" lon="113.241558">
        <ele>33.7</ele>
        <time>2024-04-27T07:35:04Z</time>
      </trkpt>
      <trkpt lat="22.220164" lon="113.24152">
        <ele>33.9</ele>
        <time>2024-04-27T07:35:05Z</time>
      </trkpt>
      <trkpt lat="22.22015" lon="113.241486">
        <ele>34.1</ele>
        <time>2024-04-27T07:35:06Z</time>
      </trkpt>
      <trkpt lat="22.220134" lon="113.241455">
        <ele>34.3</ele>
        <time>2024-04-27T07:35:07Z</time>
      </trkpt>
      <trkpt lat="22.220118" lon="113.241425">
        <ele>34.4</ele>
        <time>2024-04-27T07:35:08Z</time>
      </trkpt>
      <trkpt lat="22.220102" lon="113.241394">
        <ele>34.6</ele>
        <time>2024-04-27T07:35:09Z</time>
      </trkpt>
      <trkpt lat="22.220085" lon="113.241364">
        <ele>34.8</ele>
        <time>2024-04-27T07:35:10Z</time>
      </trkpt>
      <trkpt lat="22.220068" lon="113.241329">
        <ele>35</ele>
        <time>2024-04-27T07:35:11Z</time>
      </trkpt>
      <trkpt lat="22.220052" lon="113.241295">
        <ele>35.2</ele>
        <time>2024-04-27T07:35:12Z</time>
      </trkpt>
      <trkpt lat="22.220039" lon="113.241265">
        <ele>35.4</ele>
        <time>2024-04-27T07:35:13Z</time>
      </trkpt>
      <trkpt lat="22.220026" lon="113.241234">
        <ele>35.5</ele>
        <time>2024-04-27T07:35:14Z</time>
      </trkpt>
      <trkpt lat="22.220013" lon="113.241204">
        <ele>35.6</ele>
        <time>2024-04-27T07:35:15Z</time>
      </trkpt>
      <trkpt lat="22.219999" lon="113.241173">
        <ele>35.5</ele>
        <time>2024-04-27T07:35:16Z</time>
      </trkpt>
      <trkpt lat="22.219983" lon="113.241146">
        <ele>35.5</ele>
        <time>2024-04-27T07:35:17Z</time>
      </trkpt>
      <trkpt lat="22.219972" lon="113.24112">
        <ele>35.4</ele>
        <time>2024-04-27T07:35:18Z</time>
      </trkpt>
      <trkpt lat="22.219962" lon="113.241089">
        <ele>35.4</ele>
        <time>2024-04-27T07:35:19Z</time>
      </trkpt>
      <trkpt lat="22.219951" lon="113.241058">
        <ele>35.4</ele>
        <time>2024-04-27T07:35:20Z</time>
      </trkpt>
      <trkpt lat="22.219936" lon="113.241032">
        <ele>35.3</ele>
        <time>2024-04-27T07:35:21Z</time>
      </trkpt>
      <trkpt lat="22.219921" lon="113.241001">
        <ele>35.3</ele>
        <time>2024-04-27T07:35:22Z</time>
      </trkpt>
      <trkpt lat="22.219906" lon="113.240967">
        <ele>35.2</ele>
        <time>2024-04-27T07:35:23Z</time>
      </trkpt>
      <trkpt lat="22.219891" lon="113.240937">
        <ele>35.2</ele>
        <time>2024-04-27T07:35:24Z</time>
      </trkpt>
      <trkpt lat="22.219876" lon="113.240906">
        <ele>35.1</ele>
        <time>2024-04-27T07:35:25Z</time>
      </trkpt>
      <trkpt lat="22.219863" lon="113.240875">
        <ele>35.1</ele>
        <time>2024-04-27T07:35:26Z</time>
      </trkpt>
      <trkpt lat="22.219852" lon="113.240841">
        <ele>35.1</ele>
        <time>2024-04-27T07:35:27Z</time>
      </trkpt>
      <trkpt lat="22.219842" lon="113.240807">
        <ele>35</ele>
        <time>2024-04-27T07:35:28Z</time>
      </trkpt>
      <trkpt lat="22.219833" lon="113.240776">
        <ele>35</ele>
        <time>2024-04-27T07:35:29Z</time>
      </trkpt>
      <trkpt lat="22.219822" lon="113.240746">
        <ele>34.9</ele>
        <time>2024-04-27T07:35:30Z</time>
      </trkpt>
      <trkpt lat="22.219809" lon="113.240712">
        <ele>34.9</ele>
        <time>2024-04-27T07:35:31Z</time>
      </trkpt>
      <trkpt lat="22.219794" lon="113.240677">
        <ele>34.8</ele>
        <time>2024-04-27T07:35:32Z</time>
      </trkpt>
      <trkpt lat="22.219779" lon="113.240647">
        <ele>34.8</ele>
        <time>2024-04-27T07:35:33Z</time>
      </trkpt>
      <trkpt lat="22.219767" lon="113.240616">
        <ele>34.8</ele>
        <time>2024-04-27T07:35:34Z</time>
      </trkpt>
      <trkpt lat="22.219753" lon="113.240585">
        <ele>34.7</ele>
        <time>2024-04-27T07:35:35Z</time>
      </trkpt>
      <trkpt lat="22.21974" lon="113.240555">
        <ele>34.7</ele>
        <time>2024-04-27T07:35:36Z</time>
      </trkpt>
      <trkpt lat="22.219728" lon="113.240525">
        <ele>34.6</ele>
        <time>2024-04-27T07:35:37Z</time>
      </trkpt>
      <trkpt lat="22.219713" lon="113.240494">
        <ele>34.6</ele>
        <time>2024-04-27T07:35:38Z</time>
      </trkpt>
      <trkpt lat="22.219697" lon="113.240463">
        <ele>34.5</ele>
        <time>2024-04-27T07:35:39Z</time>
      </trkpt>
      <trkpt lat="22.219681" lon="113.240433">
        <ele>34.5</ele>
        <time>2024-04-27T07:35:40Z</time>
      </trkpt>
      <trkpt lat="22.219667" lon="113.240399">
        <ele>34.4</ele>
        <time>2024-04-27T07:35:41Z</time>
      </trkpt>
      <trkpt lat="22.219654" lon="113.240368">
        <ele>34.4</ele>
        <time>2024-04-27T07:35:42Z</time>
      </trkpt>
      <trkpt lat="22.219643" lon="113.240337">
        <ele>34.4</ele>
        <time>2024-04-27T07:35:43Z</time>
      </trkpt>
      <trkpt lat="22.219628" lon="113.240303">
        <ele>34.3</ele>
        <time>2024-04-27T07:35:44Z</time>
      </trkpt>
      <trkpt lat="22.219612" lon="113.240273">
        <ele>34.3</ele>
        <time>2024-04-27T07:35:45Z</time>
      </trkpt>
      <trkpt lat="22.219596" lon="113.240242">
        <ele>34.2</ele>
        <time>2024-04-27T07:35:46Z</time>
      </trkpt>
      <trkpt lat="22.219581" lon="113.240208">
        <ele>34.2</ele>
        <time>2024-04-27T07:35:47Z</time>
      </trkpt>
      <trkpt lat="22.219566" lon="113.24017">
        <ele>34.1</ele>
        <time>2024-04-27T07:35:48Z</time>
      </trkpt>
      <trkpt lat="22.219549" lon="113.240128">
        <ele>34.1</ele>
        <time>2024-04-27T07:35:49Z</time>
      </trkpt>
      <trkpt lat="22.21953" lon="113.240086">
        <ele>34</ele>
        <time>2024-04-27T07:35:50Z</time>
      </trkpt>
      <trkpt lat="22.219511" lon="113.240044">
        <ele>34</ele>
        <time>2024-04-27T07:35:51Z</time>
      </trkpt>
      <trkpt lat="22.219495" lon="113.240002">
        <ele>33.9</ele>
        <time>2024-04-27T07:35:52Z</time>
      </trkpt>
      <trkpt lat="22.219481" lon="113.239967">
        <ele>33.8</ele>
        <time>2024-04-27T07:35:53Z</time>
      </trkpt>
      <trkpt lat="22.219464" lon="113.239933">
        <ele>33.8</ele>
        <time>2024-04-27T07:35:54Z</time>
      </trkpt>
      <trkpt lat="22.219447" lon="113.239895">
        <ele>33.7</ele>
        <time>2024-04-27T07:35:55Z</time>
      </trkpt>
      <trkpt lat="22.21943" lon="113.239861">
        <ele>33.7</ele>
        <time>2024-04-27T07:35:56Z</time>
      </trkpt>
      <trkpt lat="22.219412" lon="113.239823">
        <ele>33.6</ele>
        <time>2024-04-27T07:35:57Z</time>
      </trkpt>
      <trkpt lat="22.219392" lon="113.239781">
        <ele>33.6</ele>
        <time>2024-04-27T07:35:58Z</time>
      </trkpt>
      <trkpt lat="22.219369" lon="113.239743">
        <ele>33.5</ele>
        <time>2024-04-27T07:35:59Z</time>
      </trkpt>
      <trkpt lat="22.219347" lon="113.239708">
        <ele>33.5</ele>
        <time>2024-04-27T07:36:00Z</time>
      </trkpt>
      <trkpt lat="22.219326" lon="113.239677">
        <ele>33.4</ele>
        <time>2024-04-27T07:36:01Z</time>
      </trkpt>
      <trkpt lat="22.219304" lon="113.239655">
        <ele>33.4</ele>
        <time>2024-04-27T07:36:02Z</time>
      </trkpt>
      <trkpt lat="22.21928" lon="113.239636">
        <ele>33.3</ele>
        <time>2024-04-27T07:36:03Z</time>
      </trkpt>
      <trkpt lat="22.219253" lon="113.239609">
        <ele>33.3</ele>
        <time>2024-04-27T07:36:04Z</time>
      </trkpt>
      <trkpt lat="22.21923" lon="113.239575">
        <ele>33.2</ele>
        <time>2024-04-27T07:36:05Z</time>
      </trkpt>
      <trkpt lat="22.219212" lon="113.239533">
        <ele>33.2</ele>
        <time>2024-04-27T07:36:06Z</time>
      </trkpt>
      <trkpt lat="22.219197" lon="113.239499">
        <ele>33.1</ele>
        <time>2024-04-27T07:36:07Z</time>
      </trkpt>
      <trkpt lat="22.219184" lon="113.239469">
        <ele>33</ele>
        <time>2024-04-27T07:36:08Z</time>
      </trkpt>
      <trkpt lat="22.219169" lon="113.239426">
        <ele>32.9</ele>
        <time>2024-04-27T07:36:09Z</time>
      </trkpt>
      <trkpt lat="22.219152" lon="113.23938">
        <ele>32.8</ele>
        <time>2024-04-27T07:36:10Z</time>
      </trkpt>
      <trkpt lat="22.219134" lon="113.239335">
        <ele>32.7</ele>
        <time>2024-04-27T07:36:11Z</time>
      </trkpt>
      <trkpt lat="22.219114" lon="113.239289">
        <ele>32.5</ele>
        <time>2024-04-27T07:36:12Z</time>
      </trkpt>
      <trkpt lat="22.219093" lon="113.239243">
        <ele>32.4</ele>
        <time>2024-04-27T07:36:13Z</time>
      </trkpt>
      <trkpt lat="22.219076" lon="113.239197">
        <ele>32.3</ele>
        <time>2024-04-27T07:36:14Z</time>
      </trkpt>
      <trkpt lat="22.219057" lon="113.239147">
        <ele>32.1</ele>
        <time>2024-04-27T07:36:15Z</time>
      </trkpt>
      <trkpt lat="22.219035" lon="113.239094">
        <ele>32</ele>
        <time>2024-04-27T07:36:16Z</time>
      </trkpt>
      <trkpt lat="22.219014" lon="113.239041">
        <ele>31.8</ele>
        <time>2024-04-27T07:36:17Z</time>
      </trkpt>
      <trkpt lat="22.218993" lon="113.238987">
        <ele>31.7</ele>
        <time>2024-04-27T07:36:18Z</time>
      </trkpt>
      <trkpt lat="22.218972" lon="113.238934">
        <ele>31.5</ele>
        <time>2024-04-27T07:36:19Z</time>
      </trkpt>
      <trkpt lat="22.21895" lon="113.238884">
        <ele>31.4</ele>
        <time>2024-04-27T07:36:20Z</time>
      </trkpt>
      <trkpt lat="22.218929" lon="113.238835">
        <ele>31.2</ele>
        <time>2024-04-27T07:36:21Z</time>
      </trkpt>
      <trkpt lat="22.218908" lon="113.238785">
        <ele>31.1</ele>
        <time>2024-04-27T07:36:22Z</time>
      </trkpt>
      <trkpt lat="22.218888" lon="113.238739">
        <ele>31</ele>
        <time>2024-04-27T07:36:23Z</time>
      </trkpt>
      <trkpt lat="22.21887" lon="113.238693">
        <ele>30.8</ele>
        <time>2024-04-27T07:36:24Z</time>
      </trkpt>
      <trkpt lat="22.21885" lon="113.238648">
        <ele>30.7</ele>
        <time>2024-04-27T07:36:25Z</time>
      </trkpt>
      <trkpt lat="22.218829" lon="113.238598">
        <ele>30.6</ele>
        <time>2024-04-27T07:36:26Z</time>
      </trkpt>
      <trkpt lat="22.218809" lon="113.238549">
        <ele>30.4</ele>
        <time>2024-04-27T07:36:27Z</time>
      </trkpt>
      <trkpt lat="22.21879" lon="113.238503">
        <ele>30.3</ele>
        <time>2024-04-27T07:36:28Z</time>
      </trkpt>
      <trkpt lat="22.218772" lon="113.238453">
        <ele>30.1</ele>
        <time>2024-04-27T07:36:29Z</time>
      </trkpt>
      <trkpt lat="22.218754" lon="113.2384">
        <ele>30</ele>
        <time>2024-04-27T07:36:30Z</time>
      </trkpt>
      <trkpt lat="22.218738" lon="113.238346">
        <ele>29.8</ele>
        <time>2024-04-27T07:36:31Z</time>
      </trkpt>
      <trkpt lat="22.218723" lon="113.238293">
        <ele>29.7</ele>
        <time>2024-04-27T07:36:32Z</time>
      </trkpt>
      <trkpt lat="22.218706" lon="113.23824">
        <ele>29.6</ele>
        <time>2024-04-27T07:36:33Z</time>
      </trkpt>
      <trkpt lat="22.218685" lon="113.238187">
        <ele>29.4</ele>
        <time>2024-04-27T07:36:34Z</time>
      </trkpt>
      <trkpt lat="22.218663" lon="113.238137">
        <ele>29.3</ele>
        <time>2024-04-27T07:36:35Z</time>
      </trkpt>
      <trkpt lat="22.218642" lon="113.238087">
        <ele>29.1</ele>
        <time>2024-04-27T07:36:36Z</time>
      </trkpt>
      <trkpt lat="22.218622" lon="113.238037">
        <ele>29</ele>
        <time>2024-04-27T07:36:37Z</time>
      </trkpt>
      <trkpt lat="22.218605" lon="113.237992">
        <ele>28.9</ele>
        <time>2024-04-27T07:36:38Z</time>
      </trkpt>
      <trkpt lat="22.218589" lon="113.237939">
        <ele>28.7</ele>
        <time>2024-04-27T07:36:39Z</time>
      </trkpt>
      <trkpt lat="22.218571" lon="113.237881">
        <ele>28.5</ele>
        <time>2024-04-27T07:36:40Z</time>
      </trkpt>
      <trkpt lat="22.218551" lon="113.237828">
        <ele>28.4</ele>
        <time>2024-04-27T07:36:41Z</time>
      </trkpt>
      <trkpt lat="22.218529" lon="113.23777">
        <ele>28.2</ele>
        <time>2024-04-27T07:36:42Z</time>
      </trkpt>
      <trkpt lat="22.218506" lon="113.237709">
        <ele>28.1</ele>
        <time>2024-04-27T07:36:43Z</time>
      </trkpt>
      <trkpt lat="22.218483" lon="113.237645">
        <ele>28</ele>
        <time>2024-04-27T07:36:44Z</time>
      </trkpt>
      <trkpt lat="22.218459" lon="113.23758">
        <ele>28</ele>
        <time>2024-04-27T07:36:45Z</time>
      </trkpt>
      <trkpt lat="22.218435" lon="113.237519">
        <ele>27.9</ele>
        <time>2024-04-27T07:36:46Z</time>
      </trkpt>
      <trkpt lat="22.218412" lon="113.237458">
        <ele>27.9</ele>
        <time>2024-04-27T07:36:47Z</time>
      </trkpt>
      <trkpt lat="22.218391" lon="113.237397">
        <ele>27.8</ele>
        <time>2024-04-27T07:36:48Z</time>
      </trkpt>
      <trkpt lat="22.218371" lon="113.237332">
        <ele>27.8</ele>
        <time>2024-04-27T07:36:49Z</time>
      </trkpt>
      <trkpt lat="22.218353" lon="113.237267">
        <ele>27.7</ele>
        <time>2024-04-27T07:36:50Z</time>
      </trkpt>
      <trkpt lat="22.218331" lon="113.237206">
        <ele>27.7</ele>
        <time>2024-04-27T07:36:51Z</time>
      </trkpt>
      <trkpt lat="22.218308" lon="113.237141">
        <ele>27.6</ele>
        <time>2024-04-27T07:36:52Z</time>
      </trkpt>
      <trkpt lat="22.21829" lon="113.237076">
        <ele>27.6</ele>
        <time>2024-04-27T07:36:53Z</time>
      </trkpt>
      <trkpt lat="22.218276" lon="113.237019">
        <ele>27.5</ele>
        <time>2024-04-27T07:36:54Z</time>
      </trkpt>
      <trkpt lat="22.218261" lon="113.236962">
        <ele>27.5</ele>
        <time>2024-04-27T07:36:55Z</time>
      </trkpt>
      <trkpt lat="22.218243" lon="113.236904">
        <ele>27.4</ele>
        <time>2024-04-27T07:36:56Z</time>
      </trkpt>
      <trkpt lat="22.218227" lon="113.236851">
        <ele>27.4</ele>
        <time>2024-04-27T07:36:57Z</time>
      </trkpt>
      <trkpt lat="22.218215" lon="113.236794">
        <ele>27.3</ele>
        <time>2024-04-27T07:36:58Z</time>
      </trkpt>
      <trkpt lat="22.218202" lon="113.236733">
        <ele>27.3</ele>
        <time>2024-04-27T07:36:59Z</time>
      </trkpt>
      <trkpt lat="22.218189" lon="113.236676">
        <ele>27.2</ele>
        <time>2024-04-27T07:37:00Z</time>
      </trkpt>
      <trkpt lat="22.218176" lon="113.236622">
        <ele>27.2</ele>
        <time>2024-04-27T07:37:01Z</time>
      </trkpt>
      <trkpt lat="22.21816" lon="113.236569">
        <ele>27.1</ele>
        <time>2024-04-27T07:37:02Z</time>
      </trkpt>
      <trkpt lat="22.218143" lon="113.236515">
        <ele>27.1</ele>
        <time>2024-04-27T07:37:03Z</time>
      </trkpt>
      <trkpt lat="22.21813" lon="113.236462">
        <ele>27.1</ele>
        <time>2024-04-27T07:37:04Z</time>
      </trkpt>
      <trkpt lat="22.21812" lon="113.236416">
        <ele>27</ele>
        <time>2024-04-27T07:37:05Z</time>
      </trkpt>
      <trkpt lat="22.218106" lon="113.236374">
        <ele>27</ele>
        <time>2024-04-27T07:37:06Z</time>
      </trkpt>
      <trkpt lat="22.218097" lon="113.236328">
        <ele>26.9</ele>
        <time>2024-04-27T07:37:07Z</time>
      </trkpt>
      <trkpt lat="22.218094" lon="113.236287">
        <ele>26.9</ele>
        <time>2024-04-27T07:37:08Z</time>
      </trkpt>
      <trkpt lat="22.218092" lon="113.236245">
        <ele>26.9</ele>
        <time>2024-04-27T07:37:09Z</time>
      </trkpt>
      <trkpt lat="22.218084" lon="113.236195">
        <ele>26.8</ele>
        <time>2024-04-27T07:37:10Z</time>
      </trkpt>
      <trkpt lat="22.218074" lon="113.236145">
        <ele>26.8</ele>
        <time>2024-04-27T07:37:11Z</time>
      </trkpt>
      <trkpt lat="22.218065" lon="113.236103">
        <ele>26.8</ele>
        <time>2024-04-27T07:37:12Z</time>
      </trkpt>
      <trkpt lat="22.218058" lon="113.236069">
        <ele>26.7</ele>
        <time>2024-04-27T07:37:13Z</time>
      </trkpt>
      <trkpt lat="22.218049" lon="113.236039">
        <ele>26.7</ele>
        <time>2024-04-27T07:37:14Z</time>
      </trkpt>
      <trkpt lat="22.21804" lon="113.236008">
        <ele>26.7</ele>
        <time>2024-04-27T07:37:15Z</time>
      </trkpt>
      <trkpt lat="22.218026" lon="113.235977">
        <ele>26.7</ele>
        <time>2024-04-27T07:37:16Z</time>
      </trkpt>
      <trkpt lat="22.218013" lon="113.235939">
        <ele>26.6</ele>
        <time>2024-04-27T07:37:17Z</time>
      </trkpt>
      <trkpt lat="22.218" lon="113.235897">
        <ele>26.6</ele>
        <time>2024-04-27T07:37:18Z</time>
      </trkpt>
      <trkpt lat="22.21798" lon="113.235859">
        <ele>26.6</ele>
        <time>2024-04-27T07:37:19Z</time>
      </trkpt>
      <trkpt lat="22.21796" lon="113.235821">
        <ele>26.5</ele>
        <time>2024-04-27T07:37:20Z</time>
      </trkpt>
      <trkpt lat="22.217944" lon="113.235783">
        <ele>26.5</ele>
        <time>2024-04-27T07:37:21Z</time>
      </trkpt>
      <trkpt lat="22.217934" lon="113.235748">
        <ele>26.5</ele>
        <time>2024-04-27T07:37:22Z</time>
      </trkpt>
      <trkpt lat="22.217924" lon="113.235714">
        <ele>26.5</ele>
        <time>2024-04-27T07:37:23Z</time>
      </trkpt>
      <trkpt lat="22.217911" lon="113.23568">
        <ele>26.5</ele>
        <time>2024-04-27T07:37:24Z</time>
      </trkpt>
      <trkpt lat="22.217891" lon="113.235657">
        <ele>26.4</ele>
        <time>2024-04-27T07:37:25Z</time>
      </trkpt>
      <trkpt lat="22.217863" lon="113.235642">
        <ele>26.4</ele>
        <time>2024-04-27T07:37:26Z</time>
      </trkpt>
      <trkpt lat="22.21784" lon="113.235623">
        <ele>26.4</ele>
        <time>2024-04-27T07:37:27Z</time>
      </trkpt>
      <trkpt lat="22.217829" lon="113.235596">
        <ele>26.4</ele>
        <time>2024-04-27T07:37:28Z</time>
      </trkpt>
      <trkpt lat="22.217824" lon="113.235562">
        <ele>26.4</ele>
        <time>2024-04-27T07:37:29Z</time>
      </trkpt>
      <trkpt lat="22.217821" lon="113.235524">
        <ele>26.4</ele>
        <time>2024-04-27T07:37:30Z</time>
      </trkpt>
      <trkpt lat="22.217818" lon="113.235497">
        <ele>26.3</ele>
        <time>2024-04-27T07:37:31Z</time>
      </trkpt>
      <trkpt lat="22.217815" lon="113.235478">
        <ele>26.3</ele>
        <time>2024-04-27T07:37:32Z</time>
      </trkpt>
      <trkpt lat="22.217813" lon="113.235451">
        <ele>26.3</ele>
        <time>2024-04-27T07:37:33Z</time>
      </trkpt>
      <trkpt lat="22.217812" lon="113.23542">
        <ele>26.3</ele>
        <time>2024-04-27T07:37:34Z</time>
      </trkpt>
      <trkpt lat="22.217807" lon="113.235386">
        <ele>26.3</ele>
        <time>2024-04-27T07:37:35Z</time>
      </trkpt>
      <trkpt lat="22.217794" lon="113.235348">
        <ele>26.3</ele>
        <time>2024-04-27T07:37:36Z</time>
      </trkpt>
      <trkpt lat="22.217779" lon="113.235306">
        <ele>26.2</ele>
        <time>2024-04-27T07:37:37Z</time>
      </trkpt>
      <trkpt lat="22.217765" lon="113.235268">
        <ele>26.2</ele>
        <time>2024-04-27T07:37:38Z</time>
      </trkpt>
      <trkpt lat="22.217753" lon="113.235241">
        <ele>26.2</ele>
        <time>2024-04-27T07:37:39Z</time>
      </trkpt>
      <trkpt lat="22.217743" lon="113.235214">
        <ele>26.2</ele>
        <time>2024-04-27T07:37:40Z</time>
      </trkpt>
      <trkpt lat="22.217732" lon="113.235176">
        <ele>26.2</ele>
        <time>2024-04-27T07:37:41Z</time>
      </trkpt>
      <trkpt lat="22.217721" lon="113.235131">
        <ele>26.1</ele>
        <time>2024-04-27T07:37:42Z</time>
      </trkpt>
      <trkpt lat="22.21771" lon="113.235089">
        <ele>26.1</ele>
        <time>2024-04-27T07:37:43Z</time>
      </trkpt>
      <trkpt lat="22.217699" lon="113.235047">
        <ele>26.1</ele>
        <time>2024-04-27T07:37:44Z</time>
      </trkpt>
      <trkpt lat="22.217691" lon="113.235005">
        <ele>26.1</ele>
        <time>2024-04-27T07:37:45Z</time>
      </trkpt>
      <trkpt lat="22.217684" lon="113.23497">
        <ele>26</ele>
        <time>2024-04-27T07:37:46Z</time>
      </trkpt>
      <trkpt lat="22.217675" lon="113.234936">
        <ele>26</ele>
        <time>2024-04-27T07:37:47Z</time>
      </trkpt>
      <trkpt lat="22.217665" lon="113.234898">
        <ele>26</ele>
        <time>2024-04-27T07:37:48Z</time>
      </trkpt>
      <trkpt lat="22.217653" lon="113.234856">
        <ele>26</ele>
        <time>2024-04-27T07:37:49Z</time>
      </trkpt>
      <trkpt lat="22.217645" lon="113.234814">
        <ele>26</ele>
        <time>2024-04-27T07:37:50Z</time>
      </trkpt>
      <trkpt lat="22.21764" lon="113.234776">
        <ele>25.9</ele>
        <time>2024-04-27T07:37:51Z</time>
      </trkpt>
      <trkpt lat="22.217636" lon="113.234741">
        <ele>25.9</ele>
        <time>2024-04-27T07:37:52Z</time>
      </trkpt>
      <trkpt lat="22.21763" lon="113.234711">
        <ele>25.9</ele>
        <time>2024-04-27T07:37:53Z</time>
      </trkpt>
      <trkpt lat="22.217619" lon="113.234684">
        <ele>25.9</ele>
        <time>2024-04-27T07:37:54Z</time>
      </trkpt>
      <trkpt lat="22.21761" lon="113.234654">
        <ele>25.9</ele>
        <time>2024-04-27T07:37:55Z</time>
      </trkpt>
      <trkpt lat="22.217606" lon="113.234619">
        <ele>25.9</ele>
        <time>2024-04-27T07:37:56Z</time>
      </trkpt>
      <trkpt lat="22.217605" lon="113.234593">
        <ele>25.8</ele>
        <time>2024-04-27T07:37:57Z</time>
      </trkpt>
      <trkpt lat="22.217612" lon="113.234573">
        <ele>25.8</ele>
        <time>2024-04-27T07:37:58Z</time>
      </trkpt>
      <trkpt lat="22.217625" lon="113.234562">
        <ele>25.8</ele>
        <time>2024-04-27T07:37:59Z</time>
      </trkpt>
      <trkpt lat="22.217634" lon="113.234551">
        <ele>25.8</ele>
        <time>2024-04-27T07:38:00Z</time>
      </trkpt>
      <trkpt lat="22.21764" lon="113.234539">
        <ele>25.8</ele>
        <time>2024-04-27T07:38:01Z</time>
      </trkpt>
      <trkpt lat="22.217641" lon="113.234531">
        <ele>25.8</ele>
        <time>2024-04-27T07:38:02Z</time>
      </trkpt>
      <trkpt lat="22.217638" lon="113.234528">
        <ele>25.8</ele>
        <time>2024-04-27T07:38:03Z</time>
      </trkpt>
      <trkpt lat="22.217633" lon="113.234524">
        <ele>25.8</ele>
        <time>2024-04-27T07:38:04Z</time>
      </trkpt>
      <trkpt lat="22.217628" lon="113.23452">
        <ele>25.8</ele>
        <time>2024-04-27T07:38:05Z</time>
      </trkpt>
      <trkpt lat="22.217623" lon="113.234516">
        <ele>25.8</ele>
        <time>2024-04-27T07:38:06Z</time>
      </trkpt>
      <trkpt lat="22.21762" lon="113.234509">
        <ele>25.8</ele>
        <time>2024-04-27T07:38:07Z</time>
      </trkpt>
      <trkpt lat="22.217614" lon="113.234497">
        <ele>25.8</ele>
        <time>2024-04-27T07:38:08Z</time>
      </trkpt>
      <trkpt lat="22.217607" lon="113.234486">
        <ele>25.8</ele>
        <time>2024-04-27T07:38:09Z</time>
      </trkpt>
      <trkpt lat="22.217444" lon="113.234482">
        <ele>25.7</ele>
        <time>2024-04-27T07:38:22Z</time>
      </trkpt>
      <trkpt lat="22.217438" lon="113.234448">
        <ele>25.7</ele>
        <time>2024-04-27T07:38:23Z</time>
      </trkpt>
      <trkpt lat="22.217435" lon="113.234409">
        <ele>25.6</ele>
        <time>2024-04-27T07:38:24Z</time>
      </trkpt>
      <trkpt lat="22.217434" lon="113.234368">
        <ele>25.6</ele>
        <time>2024-04-27T07:38:25Z</time>
      </trkpt>
      <trkpt lat="22.217432" lon="113.234322">
        <ele>25.6</ele>
        <time>2024-04-27T07:38:26Z</time>
      </trkpt>
      <trkpt lat="22.217424" lon="113.23428">
        <ele>25.6</ele>
        <time>2024-04-27T07:38:27Z</time>
      </trkpt>
      <trkpt lat="22.217412" lon="113.234238">
        <ele>25.5</ele>
        <time>2024-04-27T07:38:28Z</time>
      </trkpt>
      <trkpt lat="22.217403" lon="113.234196">
        <ele>25.5</ele>
        <time>2024-04-27T07:38:29Z</time>
      </trkpt>
      <trkpt lat="22.217392" lon="113.234154">
        <ele>25.5</ele>
        <time>2024-04-27T07:38:30Z</time>
      </trkpt>
      <trkpt lat="22.217383" lon="113.234108">
        <ele>25.6</ele>
        <time>2024-04-27T07:38:31Z</time>
      </trkpt>
      <trkpt lat="22.217373" lon="113.234059">
        <ele>25.6</ele>
        <time>2024-04-27T07:38:32Z</time>
      </trkpt>
      <trkpt lat="22.217361" lon="113.234005">
        <ele>25.6</ele>
        <time>2024-04-27T07:38:33Z</time>
      </trkpt>
      <trkpt lat="22.217351" lon="113.233956">
        <ele>25.6</ele>
        <time>2024-04-27T07:38:34Z</time>
      </trkpt>
      <trkpt lat="22.21734" lon="113.23391">
        <ele>25.6</ele>
        <time>2024-04-27T07:38:35Z</time>
      </trkpt>
      <trkpt lat="22.217328" lon="113.233861">
        <ele>25.6</ele>
        <time>2024-04-27T07:38:36Z</time>
      </trkpt>
      <trkpt lat="22.21732" lon="113.233811">
        <ele>25.6</ele>
        <time>2024-04-27T07:38:37Z</time>
      </trkpt>
      <trkpt lat="22.217311" lon="113.233761">
        <ele>25.6</ele>
        <time>2024-04-27T07:38:38Z</time>
      </trkpt>
      <trkpt lat="22.2173" lon="113.233712">
        <ele>25.7</ele>
        <time>2024-04-27T07:38:39Z</time>
      </trkpt>
      <trkpt lat="22.21729" lon="113.233666">
        <ele>25.7</ele>
        <time>2024-04-27T07:38:40Z</time>
      </trkpt>
      <trkpt lat="22.217279" lon="113.23362">
        <ele>25.7</ele>
        <time>2024-04-27T07:38:41Z</time>
      </trkpt>
      <trkpt lat="22.217267" lon="113.233574">
        <ele>25.7</ele>
        <time>2024-04-27T07:38:42Z</time>
      </trkpt>
      <trkpt lat="22.217258" lon="113.233522">
        <ele>25.7</ele>
        <time>2024-04-27T07:38:43Z</time>
      </trkpt>
      <trkpt lat="22.217248" lon="113.233468">
        <ele>25.7</ele>
        <time>2024-04-27T07:38:44Z</time>
      </trkpt>
      <trkpt lat="22.217238" lon="113.233422">
        <ele>25.7</ele>
        <time>2024-04-27T07:38:45Z</time>
      </trkpt>
      <trkpt lat="22.217227" lon="113.233376">
        <ele>25.7</ele>
        <time>2024-04-27T07:38:46Z</time>
      </trkpt>
      <trkpt lat="22.217219" lon="113.23333">
        <ele>25.7</ele>
        <time>2024-04-27T07:38:47Z</time>
      </trkpt>
      <trkpt lat="22.217213" lon="113.233284">
        <ele>25.8</ele>
        <time>2024-04-27T07:38:48Z</time>
      </trkpt>
      <trkpt lat="22.217205" lon="113.233239">
        <ele>25.8</ele>
        <time>2024-04-27T07:38:49Z</time>
      </trkpt>
      <trkpt lat="22.217197" lon="113.233193">
        <ele>25.8</ele>
        <time>2024-04-27T07:38:50Z</time>
      </trkpt>
      <trkpt lat="22.217188" lon="113.233147">
        <ele>25.8</ele>
        <time>2024-04-27T07:38:51Z</time>
      </trkpt>
      <trkpt lat="22.21718" lon="113.233101">
        <ele>25.8</ele>
        <time>2024-04-27T07:38:52Z</time>
      </trkpt>
      <trkpt lat="22.217174" lon="113.233059">
        <ele>25.8</ele>
        <time>2024-04-27T07:38:53Z</time>
      </trkpt>
      <trkpt lat="22.217165" lon="113.233017">
        <ele>25.8</ele>
        <time>2024-04-27T07:38:54Z</time>
      </trkpt>
      <trkpt lat="22.217154" lon="113.232971">
        <ele>25.8</ele>
        <time>2024-04-27T07:38:55Z</time>
      </trkpt>
      <trkpt lat="22.217142" lon="113.232926">
        <ele>25.8</ele>
        <time>2024-04-27T07:38:56Z</time>
      </trkpt>
      <trkpt lat="22.217128" lon="113.232876">
        <ele>25.8</ele>
        <time>2024-04-27T07:38:57Z</time>
      </trkpt>
      <trkpt lat="22.217113" lon="113.232827">
        <ele>25.9</ele>
        <time>2024-04-27T07:38:58Z</time>
      </trkpt>
      <trkpt lat="22.217099" lon="113.232781">
        <ele>25.9</ele>
        <time>2024-04-27T07:38:59Z</time>
      </trkpt>
      <trkpt lat="22.217088" lon="113.232732">
        <ele>25.9</ele>
        <time>2024-04-27T07:39:00Z</time>
      </trkpt>
      <trkpt lat="22.217081" lon="113.232682">
        <ele>25.9</ele>
        <time>2024-04-27T07:39:01Z</time>
      </trkpt>
      <trkpt lat="22.217072" lon="113.232636">
        <ele>25.9</ele>
        <time>2024-04-27T07:39:02Z</time>
      </trkpt>
      <trkpt lat="22.217063" lon="113.23259">
        <ele>25.9</ele>
        <time>2024-04-27T07:39:03Z</time>
      </trkpt>
      <trkpt lat="22.217054" lon="113.232544">
        <ele>25.9</ele>
        <time>2024-04-27T07:39:04Z</time>
      </trkpt>
      <trkpt lat="22.217043" lon="113.232495">
        <ele>25.9</ele>
        <time>2024-04-27T07:39:05Z</time>
      </trkpt>
      <trkpt lat="22.217033" lon="113.232438">
        <ele>26</ele>
        <time>2024-04-27T07:39:06Z</time>
      </trkpt>
      <trkpt lat="22.217024" lon="113.232381">
        <ele>26</ele>
        <time>2024-04-27T07:39:07Z</time>
      </trkpt>
      <trkpt lat="22.21701" lon="113.232327">
        <ele>26</ele>
        <time>2024-04-27T07:39:08Z</time>
      </trkpt>
      <trkpt lat="22.216997" lon="113.232274">
        <ele>26</ele>
        <time>2024-04-27T07:39:09Z</time>
      </trkpt>
      <trkpt lat="22.21699" lon="113.232216">
        <ele>26</ele>
        <time>2024-04-27T07:39:10Z</time>
      </trkpt>
      <trkpt lat="22.216984" lon="113.232162">
        <ele>25.9</ele>
        <time>2024-04-27T07:39:11Z</time>
      </trkpt>
      <trkpt lat="22.216975" lon="113.23211">
        <ele>25.9</ele>
        <time>2024-04-27T07:39:12Z</time>
      </trkpt>
      <trkpt lat="22.216965" lon="113.232049">
        <ele>25.9</ele>
        <time>2024-04-27T07:39:13Z</time>
      </trkpt>
      <trkpt lat="22.216954" lon="113.231988">
        <ele>25.9</ele>
        <time>2024-04-27T07:39:14Z</time>
      </trkpt>
      <trkpt lat="22.216946" lon="113.231927">
        <ele>25.9</ele>
        <time>2024-04-27T07:39:15Z</time>
      </trkpt>
      <trkpt lat="22.216936" lon="113.231866">
        <ele>25.9</ele>
        <time>2024-04-27T07:39:16Z</time>
      </trkpt>
      <trkpt lat="22.216925" lon="113.231805">
        <ele>25.9</ele>
        <time>2024-04-27T07:39:17Z</time>
      </trkpt>
      <trkpt lat="22.216916" lon="113.23174">
        <ele>25.9</ele>
        <time>2024-04-27T07:39:18Z</time>
      </trkpt>
      <trkpt lat="22.216909" lon="113.231675">
        <ele>25.9</ele>
        <time>2024-04-27T07:39:19Z</time>
      </trkpt>
      <trkpt lat="22.216899" lon="113.231614">
        <ele>25.8</ele>
        <time>2024-04-27T07:39:20Z</time>
      </trkpt>
      <trkpt lat="22.21689" lon="113.231553">
        <ele>25.8</ele>
        <time>2024-04-27T07:39:21Z</time>
      </trkpt>
      <trkpt lat="22.216883" lon="113.231488">
        <ele>25.8</ele>
        <time>2024-04-27T07:39:22Z</time>
      </trkpt>
      <trkpt lat="22.216873" lon="113.231423">
        <ele>25.8</ele>
        <time>2024-04-27T07:39:23Z</time>
      </trkpt>
      <trkpt lat="22.216862" lon="113.231358">
        <ele>25.8</ele>
        <time>2024-04-27T07:39:24Z</time>
      </trkpt>
      <trkpt lat="22.216853" lon="113.231293">
        <ele>25.8</ele>
        <time>2024-04-27T07:39:25Z</time>
      </trkpt>
      <trkpt lat="22.216847" lon="113.231229">
        <ele>25.8</ele>
        <time>2024-04-27T07:39:26Z</time>
      </trkpt>
      <trkpt lat="22.216838" lon="113.231164">
        <ele>25.8</ele>
        <time>2024-04-27T07:39:27Z</time>
      </trkpt>
      <trkpt lat="22.216828" lon="113.231103">
        <ele>25.8</ele>
        <time>2024-04-27T07:39:28Z</time>
      </trkpt>
      <trkpt lat="22.21682" lon="113.231046">
        <ele>25.7</ele>
        <time>2024-04-27T07:39:29Z</time>
      </trkpt>
      <trkpt lat="22.216814" lon="113.230992">
        <ele>25.7</ele>
        <time>2024-04-27T07:39:30Z</time>
      </trkpt>
      <trkpt lat="22.216807" lon="113.230931">
        <ele>25.7</ele>
        <time>2024-04-27T07:39:31Z</time>
      </trkpt>
      <trkpt lat="22.216797" lon="113.230866">
        <ele>25.7</ele>
        <time>2024-04-27T07:39:32Z</time>
      </trkpt>
      <trkpt lat="22.216788" lon="113.230805">
        <ele>25.7</ele>
        <time>2024-04-27T07:39:33Z</time>
      </trkpt>
      <trkpt lat="22.21678" lon="113.230744">
        <ele>25.7</ele>
        <time>2024-04-27T07:39:34Z</time>
      </trkpt>
      <trkpt lat="22.216772" lon="113.230683">
        <ele>25.7</ele>
        <time>2024-04-27T07:39:35Z</time>
      </trkpt>
      <trkpt lat="22.216764" lon="113.230626">
        <ele>25.7</ele>
        <time>2024-04-27T07:39:36Z</time>
      </trkpt>
      <trkpt lat="22.216755" lon="113.230572">
        <ele>25.7</ele>
        <time>2024-04-27T07:39:37Z</time>
      </trkpt>
      <trkpt lat="22.216747" lon="113.230515">
        <ele>25.7</ele>
        <time>2024-04-27T07:39:38Z</time>
      </trkpt>
      <trkpt lat="22.21674" lon="113.230458">
        <ele>25.6</ele>
        <time>2024-04-27T07:39:39Z</time>
      </trkpt>
      <trkpt lat="22.216732" lon="113.230404">
        <ele>25.6</ele>
        <time>2024-04-27T07:39:40Z</time>
      </trkpt>
      <trkpt lat="22.216727" lon="113.230347">
        <ele>25.6</ele>
        <time>2024-04-27T07:39:41Z</time>
      </trkpt>
      <trkpt lat="22.216729" lon="113.23029">
        <ele>25.5</ele>
        <time>2024-04-27T07:39:42Z</time>
      </trkpt>
      <trkpt lat="22.216736" lon="113.230237">
        <ele>25.5</ele>
        <time>2024-04-27T07:39:43Z</time>
      </trkpt>
      <trkpt lat="22.216741" lon="113.230179">
        <ele>25.4</ele>
        <time>2024-04-27T07:39:44Z</time>
      </trkpt>
      <trkpt lat="22.216739" lon="113.230118">
        <ele>25.4</ele>
        <time>2024-04-27T07:39:45Z</time>
      </trkpt>
      <trkpt lat="22.216731" lon="113.230057">
        <ele>25.3</ele>
        <time>2024-04-27T07:39:46Z</time>
      </trkpt>
      <trkpt lat="22.216722" lon="113.229997">
        <ele>25.2</ele>
        <time>2024-04-27T07:39:47Z</time>
      </trkpt>
      <trkpt lat="22.216711" lon="113.229936">
        <ele>25.2</ele>
        <time>2024-04-27T07:39:48Z</time>
      </trkpt>
      <trkpt lat="22.2167" lon="113.229875">
        <ele>25.1</ele>
        <time>2024-04-27T07:39:49Z</time>
      </trkpt>
      <trkpt lat="22.216687" lon="113.229817">
        <ele>25.1</ele>
        <time>2024-04-27T07:39:50Z</time>
      </trkpt>
      <trkpt lat="22.216675" lon="113.229763">
        <ele>25</ele>
        <time>2024-04-27T07:39:51Z</time>
      </trkpt>
      <trkpt lat="22.216665" lon="113.229714">
        <ele>25</ele>
        <time>2024-04-27T07:39:52Z</time>
      </trkpt>
      <trkpt lat="22.21666" lon="113.229676">
        <ele>24.9</ele>
        <time>2024-04-27T07:39:53Z</time>
      </trkpt>
      <trkpt lat="22.216659" lon="113.229653">
        <ele>24.9</ele>
        <time>2024-04-27T07:39:54Z</time>
      </trkpt>
      <trkpt lat="22.216663" lon="113.229648">
        <ele>24.9</ele>
        <time>2024-04-27T07:39:55Z</time>
      </trkpt>
      <trkpt lat="22.216749" lon="113.229672">
        <ele>24.8</ele>
        <time>2024-04-27T07:40:05Z</time>
      </trkpt>
      <trkpt lat="22.216782" lon="113.229668">
        <ele>24.8</ele>
        <time>2024-04-27T07:40:06Z</time>
      </trkpt>
      <trkpt lat="22.216815" lon="113.229671">
        <ele>24.7</ele>
        <time>2024-04-27T07:40:07Z</time>
      </trkpt>
      <trkpt lat="22.216848" lon="113.229675">
        <ele>24.7</ele>
        <time>2024-04-27T07:40:08Z</time>
      </trkpt>
      <trkpt lat="22.216883" lon="113.229679">
        <ele>24.7</ele>
        <time>2024-04-27T07:40:09Z</time>
      </trkpt>
      <trkpt lat="22.216922" lon="113.229675">
        <ele>24.6</ele>
        <time>2024-04-27T07:40:10Z</time>
      </trkpt>
      <trkpt lat="22.216958" lon="113.229664">
        <ele>24.6</ele>
        <time>2024-04-27T07:40:11Z</time>
      </trkpt>
      <trkpt lat="22.216983" lon="113.229649">
        <ele>24.5</ele>
        <time>2024-04-27T07:40:12Z</time>
      </trkpt>
      <trkpt lat="22.216999" lon="113.229618">
        <ele>24.5</ele>
        <time>2024-04-27T07:40:13Z</time>
      </trkpt>
      <trkpt lat="22.216998" lon="113.22958">
        <ele>24.5</ele>
        <time>2024-04-27T07:40:14Z</time>
      </trkpt>
      <trkpt lat="22.216987" lon="113.229542">
        <ele>24.4</ele>
        <time>2024-04-27T07:40:15Z</time>
      </trkpt>
      <trkpt lat="22.216975" lon="113.229497">
        <ele>24.4</ele>
        <time>2024-04-27T07:40:16Z</time>
      </trkpt>
      <trkpt lat="22.21697" lon="113.229443">
        <ele>24.3</ele>
        <time>2024-04-27T07:40:17Z</time>
      </trkpt>
      <trkpt lat="22.216972" lon="113.229397">
        <ele>24.3</ele>
        <time>2024-04-27T07:40:18Z</time>
      </trkpt>
      <trkpt lat="22.216976" lon="113.229348">
        <ele>24.2</ele>
        <time>2024-04-27T07:40:19Z</time>
      </trkpt>
      <trkpt lat="22.216976" lon="113.229291">
        <ele>24.2</ele>
        <time>2024-04-27T07:40:20Z</time>
      </trkpt>
      <trkpt lat="22.216974" lon="113.229234">
        <ele>24.1</ele>
        <time>2024-04-27T07:40:21Z</time>
      </trkpt>
      <trkpt lat="22.216975" lon="113.229176">
        <ele>24.1</ele>
        <time>2024-04-27T07:40:22Z</time>
      </trkpt>
      <trkpt lat="22.216976" lon="113.229123">
        <ele>24</ele>
        <time>2024-04-27T07:40:23Z</time>
      </trkpt>
      <trkpt lat="22.216976" lon="113.229069">
        <ele>24</ele>
        <time>2024-04-27T07:40:24Z</time>
      </trkpt>
      <trkpt lat="22.216975" lon="113.229012">
        <ele>23.9</ele>
        <time>2024-04-27T07:40:25Z</time>
      </trkpt>
      <trkpt lat="22.216972" lon="113.228955">
        <ele>23.9</ele>
        <time>2024-04-27T07:40:26Z</time>
      </trkpt>
      <trkpt lat="22.216969" lon="113.228901">
        <ele>23.8</ele>
        <time>2024-04-27T07:40:27Z</time>
      </trkpt>
      <trkpt lat="22.216964" lon="113.228844">
        <ele>23.8</ele>
        <time>2024-04-27T07:40:28Z</time>
      </trkpt>
      <trkpt lat="22.216956" lon="113.228791">
        <ele>23.8</ele>
        <time>2024-04-27T07:40:29Z</time>
      </trkpt>
      <trkpt lat="22.216949" lon="113.228738">
        <ele>23.8</ele>
        <time>2024-04-27T07:40:30Z</time>
      </trkpt>
      <trkpt lat="22.216943" lon="113.228673">
        <ele>23.8</ele>
        <time>2024-04-27T07:40:31Z</time>
      </trkpt>
      <trkpt lat="22.216939" lon="113.228611">
        <ele>23.8</ele>
        <time>2024-04-27T07:40:32Z</time>
      </trkpt>
      <trkpt lat="22.216938" lon="113.228558">
        <ele>23.8</ele>
        <time>2024-04-27T07:40:33Z</time>
      </trkpt>
      <trkpt lat="22.216937" lon="113.228501">
        <ele>23.8</ele>
        <time>2024-04-27T07:40:34Z</time>
      </trkpt>
      <trkpt lat="22.216936" lon="113.228447">
        <ele>23.8</ele>
        <time>2024-04-27T07:40:35Z</time>
      </trkpt>
      <trkpt lat="22.216933" lon="113.228405">
        <ele>23.8</ele>
        <time>2024-04-27T07:40:36Z</time>
      </trkpt>
      <trkpt lat="22.216929" lon="113.228356">
        <ele>23.8</ele>
        <time>2024-04-27T07:40:37Z</time>
      </trkpt>
      <trkpt lat="22.216928" lon="113.228302">
        <ele>23.8</ele>
        <time>2024-04-27T07:40:38Z</time>
      </trkpt>
      <trkpt lat="22.216927" lon="113.228253">
        <ele>23.8</ele>
        <time>2024-04-27T07:40:39Z</time>
      </trkpt>
      <trkpt lat="22.216925" lon="113.228203">
        <ele>23.8</ele>
        <time>2024-04-27T07:40:40Z</time>
      </trkpt>
      <trkpt lat="22.216922" lon="113.22815">
        <ele>23.8</ele>
        <time>2024-04-27T07:40:41Z</time>
      </trkpt>
      <trkpt lat="22.216918" lon="113.228097">
        <ele>23.8</ele>
        <time>2024-04-27T07:40:42Z</time>
      </trkpt>
      <trkpt lat="22.216914" lon="113.228043">
        <ele>23.9</ele>
        <time>2024-04-27T07:40:43Z</time>
      </trkpt>
      <trkpt lat="22.216913" lon="113.227986">
        <ele>23.9</ele>
        <time>2024-04-27T07:40:44Z</time>
      </trkpt>
      <trkpt lat="22.216912" lon="113.227936">
        <ele>23.9</ele>
        <time>2024-04-27T07:40:45Z</time>
      </trkpt>
      <trkpt lat="22.216912" lon="113.227887">
        <ele>23.9</ele>
        <time>2024-04-27T07:40:46Z</time>
      </trkpt>
      <trkpt lat="22.216912" lon="113.227837">
        <ele>23.9</ele>
        <time>2024-04-27T07:40:47Z</time>
      </trkpt>
      <trkpt lat="22.216909" lon="113.227791">
        <ele>23.9</ele>
        <time>2024-04-27T07:40:48Z</time>
      </trkpt>
      <trkpt lat="22.216907" lon="113.227745">
        <ele>23.9</ele>
        <time>2024-04-27T07:40:49Z</time>
      </trkpt>
      <trkpt lat="22.216904" lon="113.2277">
        <ele>23.9</ele>
        <time>2024-04-27T07:40:50Z</time>
      </trkpt>
      <trkpt lat="22.216901" lon="113.227654">
        <ele>23.9</ele>
        <time>2024-04-27T07:40:51Z</time>
      </trkpt>
      <trkpt lat="22.216901" lon="113.227608">
        <ele>23.9</ele>
        <time>2024-04-27T07:40:52Z</time>
      </trkpt>
      <trkpt lat="22.216903" lon="113.227558">
        <ele>23.9</ele>
        <time>2024-04-27T07:40:53Z</time>
      </trkpt>
      <trkpt lat="22.216905" lon="113.227505">
        <ele>23.9</ele>
        <time>2024-04-27T07:40:54Z</time>
      </trkpt>
      <trkpt lat="22.216905" lon="113.227459">
        <ele>23.9</ele>
        <time>2024-04-27T07:40:55Z</time>
      </trkpt>
      <trkpt lat="22.216904" lon="113.227417">
        <ele>23.9</ele>
        <time>2024-04-27T07:40:56Z</time>
      </trkpt>
      <trkpt lat="22.216905" lon="113.227372">
        <ele>23.9</ele>
        <time>2024-04-27T07:40:57Z</time>
      </trkpt>
      <trkpt lat="22.216909" lon="113.227326">
        <ele>23.9</ele>
        <time>2024-04-27T07:40:58Z</time>
      </trkpt>
      <trkpt lat="22.216918" lon="113.227281">
        <ele>23.9</ele>
        <time>2024-04-27T07:40:59Z</time>
      </trkpt>
      <trkpt lat="22.216929" lon="113.227234">
        <ele>23.9</ele>
        <time>2024-04-27T07:41:00Z</time>
      </trkpt>
      <trkpt lat="22.216941" lon="113.227188">
        <ele>23.9</ele>
        <time>2024-04-27T07:41:01Z</time>
      </trkpt>
      <trkpt lat="22.216949" lon="113.227147">
        <ele>24</ele>
        <time>2024-04-27T07:41:02Z</time>
      </trkpt>
      <trkpt lat="22.216955" lon="113.227105">
        <ele>24</ele>
        <time>2024-04-27T07:41:03Z</time>
      </trkpt>
      <trkpt lat="22.216961" lon="113.227055">
        <ele>24</ele>
        <time>2024-04-27T07:41:04Z</time>
      </trkpt>
      <trkpt lat="22.216969" lon="113.227009">
        <ele>24</ele>
        <time>2024-04-27T07:41:05Z</time>
      </trkpt>
      <trkpt lat="22.216978" lon="113.226967">
        <ele>24</ele>
        <time>2024-04-27T07:41:06Z</time>
      </trkpt>
      <trkpt lat="22.216988" lon="113.226917">
        <ele>24</ele>
        <time>2024-04-27T07:41:07Z</time>
      </trkpt>
      <trkpt lat="22.217002" lon="113.226868">
        <ele>23.9</ele>
        <time>2024-04-27T07:41:08Z</time>
      </trkpt>
      <trkpt lat="22.217013" lon="113.226822">
        <ele>23.9</ele>
        <time>2024-04-27T07:41:09Z</time>
      </trkpt>
      <trkpt lat="22.217023" lon="113.22678">
        <ele>23.8</ele>
        <time>2024-04-27T07:41:10Z</time>
      </trkpt>
      <trkpt lat="22.21703" lon="113.226739">
        <ele>23.7</ele>
        <time>2024-04-27T07:41:11Z</time>
      </trkpt>
      <trkpt lat="22.217036" lon="113.226697">
        <ele>23.7</ele>
        <time>2024-04-27T07:41:12Z</time>
      </trkpt>
      <trkpt lat="22.217042" lon="113.226662">
        <ele>23.6</ele>
        <time>2024-04-27T07:41:13Z</time>
      </trkpt>
      <trkpt lat="22.217049" lon="113.226624">
        <ele>23.6</ele>
        <time>2024-04-27T07:41:14Z</time>
      </trkpt>
      <trkpt lat="22.217056" lon="113.226586">
        <ele>23.5</ele>
        <time>2024-04-27T07:41:15Z</time>
      </trkpt>
      <trkpt lat="22.217063" lon="113.226551">
        <ele>23.5</ele>
        <time>2024-04-27T07:41:16Z</time>
      </trkpt>
      <trkpt lat="22.217072" lon="113.226513">
        <ele>23.4</ele>
        <time>2024-04-27T07:41:17Z</time>
      </trkpt>
      <trkpt lat="22.217082" lon="113.226475">
        <ele>23.4</ele>
        <time>2024-04-27T07:41:18Z</time>
      </trkpt>
      <trkpt lat="22.21709" lon="113.226433">
        <ele>23.3</ele>
        <time>2024-04-27T07:41:19Z</time>
      </trkpt>
      <trkpt lat="22.217096" lon="113.226388">
        <ele>23.3</ele>
        <time>2024-04-27T07:41:20Z</time>
      </trkpt>
      <trkpt lat="22.217103" lon="113.226342">
        <ele>23.2</ele>
        <time>2024-04-27T07:41:21Z</time>
      </trkpt>
      <trkpt lat="22.217108" lon="113.226299">
        <ele>23.2</ele>
        <time>2024-04-27T07:41:22Z</time>
      </trkpt>
      <trkpt lat="22.217112" lon="113.226258">
        <ele>23.1</ele>
        <time>2024-04-27T07:41:23Z</time>
      </trkpt>
      <trkpt lat="22.217119" lon="113.226212">
        <ele>23</ele>
        <time>2024-04-27T07:41:24Z</time>
      </trkpt>
      <trkpt lat="22.217125" lon="113.22617">
        <ele>23</ele>
        <time>2024-04-27T07:41:25Z</time>
      </trkpt>
      <trkpt lat="22.21713" lon="113.226128">
        <ele>22.9</ele>
        <time>2024-04-27T07:41:26Z</time>
      </trkpt>
      <trkpt lat="22.217135" lon="113.226082">
        <ele>22.9</ele>
        <time>2024-04-27T07:41:27Z</time>
      </trkpt>
      <trkpt lat="22.21714" lon="113.226033">
        <ele>22.8</ele>
        <time>2024-04-27T07:41:28Z</time>
      </trkpt>
      <trkpt lat="22.217143" lon="113.225979">
        <ele>22.7</ele>
        <time>2024-04-27T07:41:29Z</time>
      </trkpt>
      <trkpt lat="22.217146" lon="113.22593">
        <ele>22.7</ele>
        <time>2024-04-27T07:41:30Z</time>
      </trkpt>
      <trkpt lat="22.217151" lon="113.22588">
        <ele>22.6</ele>
        <time>2024-04-27T07:41:31Z</time>
      </trkpt>
      <trkpt lat="22.217156" lon="113.22583">
        <ele>22.5</ele>
        <time>2024-04-27T07:41:32Z</time>
      </trkpt>
      <trkpt lat="22.217161" lon="113.225781">
        <ele>22.5</ele>
        <time>2024-04-27T07:41:33Z</time>
      </trkpt>
      <trkpt lat="22.217164" lon="113.225728">
        <ele>22.4</ele>
        <time>2024-04-27T07:41:34Z</time>
      </trkpt>
      <trkpt lat="22.217167" lon="113.225678">
        <ele>22.3</ele>
        <time>2024-04-27T07:41:35Z</time>
      </trkpt>
      <trkpt lat="22.217171" lon="113.225632">
        <ele>22.3</ele>
        <time>2024-04-27T07:41:36Z</time>
      </trkpt>
      <trkpt lat="22.217174" lon="113.225583">
        <ele>22.2</ele>
        <time>2024-04-27T07:41:37Z</time>
      </trkpt>
      <trkpt lat="22.217173" lon="113.225533">
        <ele>22.1</ele>
        <time>2024-04-27T07:41:38Z</time>
      </trkpt>
      <trkpt lat="22.217167" lon="113.225487">
        <ele>22.1</ele>
        <time>2024-04-27T07:41:39Z</time>
      </trkpt>
      <trkpt lat="22.217166" lon="113.225445">
        <ele>22</ele>
        <time>2024-04-27T07:41:40Z</time>
      </trkpt>
      <trkpt lat="22.217178" lon="113.225411">
        <ele>22</ele>
        <time>2024-04-27T07:41:41Z</time>
      </trkpt>
      <trkpt lat="22.217205" lon="113.225384">
        <ele>21.9</ele>
        <time>2024-04-27T07:41:42Z</time>
      </trkpt>
      <trkpt lat="22.217243" lon="113.225372">
        <ele>21.9</ele>
        <time>2024-04-27T07:41:43Z</time>
      </trkpt>
      <trkpt lat="22.217283" lon="113.22538">
        <ele>21.8</ele>
        <time>2024-04-27T07:41:44Z</time>
      </trkpt>
      <trkpt lat="22.217322" lon="113.225403">
        <ele>21.8</ele>
        <time>2024-04-27T07:41:45Z</time>
      </trkpt>
      <trkpt lat="22.217362" lon="113.225429">
        <ele>21.7</ele>
        <time>2024-04-27T07:41:46Z</time>
      </trkpt>
      <trkpt lat="22.217404" lon="113.225452">
        <ele>21.6</ele>
        <time>2024-04-27T07:41:47Z</time>
      </trkpt>
      <trkpt lat="22.21745" lon="113.225475">
        <ele>21.5</ele>
        <time>2024-04-27T07:41:48Z</time>
      </trkpt>
      <trkpt lat="22.2175" lon="113.225498">
        <ele>21.5</ele>
        <time>2024-04-27T07:41:49Z</time>
      </trkpt>
      <trkpt lat="22.21755" lon="113.225521">
        <ele>21.4</ele>
        <time>2024-04-27T07:41:50Z</time>
      </trkpt>
      <trkpt lat="22.217598" lon="113.225547">
        <ele>21.3</ele>
        <time>2024-04-27T07:41:51Z</time>
      </trkpt>
      <trkpt lat="22.217649" lon="113.225574">
        <ele>21.3</ele>
        <time>2024-04-27T07:41:52Z</time>
      </trkpt>
      <trkpt lat="22.217701" lon="113.225601">
        <ele>21.2</ele>
        <time>2024-04-27T07:41:53Z</time>
      </trkpt>
      <trkpt lat="22.217755" lon="113.225627">
        <ele>21.1</ele>
        <time>2024-04-27T07:41:54Z</time>
      </trkpt>
      <trkpt lat="22.217811" lon="113.225651">
        <ele>21.1</ele>
        <time>2024-04-27T07:41:55Z</time>
      </trkpt>
      <trkpt lat="22.217864" lon="113.225673">
        <ele>21</ele>
        <time>2024-04-27T07:41:56Z</time>
      </trkpt>
      <trkpt lat="22.217918" lon="113.2257">
        <ele>21</ele>
        <time>2024-04-27T07:41:57Z</time>
      </trkpt>
      <trkpt lat="22.21797" lon="113.225727">
        <ele>20.9</ele>
        <time>2024-04-27T07:41:58Z</time>
      </trkpt>
      <trkpt lat="22.218022" lon="113.22575">
        <ele>20.8</ele>
        <time>2024-04-27T07:41:59Z</time>
      </trkpt>
      <trkpt lat="22.218073" lon="113.225769">
        <ele>20.8</ele>
        <time>2024-04-27T07:42:00Z</time>
      </trkpt>
      <trkpt lat="22.218124" lon="113.225788">
        <ele>20.7</ele>
        <time>2024-04-27T07:42:01Z</time>
      </trkpt>
      <trkpt lat="22.218175" lon="113.225815">
        <ele>20.6</ele>
        <time>2024-04-27T07:42:02Z</time>
      </trkpt>
      <trkpt lat="22.218228" lon="113.225841">
        <ele>20.6</ele>
        <time>2024-04-27T07:42:03Z</time>
      </trkpt>
      <trkpt lat="22.218282" lon="113.225868">
        <ele>20.5</ele>
        <time>2024-04-27T07:42:04Z</time>
      </trkpt>
      <trkpt lat="22.218338" lon="113.225899">
        <ele>20.4</ele>
        <time>2024-04-27T07:42:05Z</time>
      </trkpt>
      <trkpt lat="22.218394" lon="113.225925">
        <ele>20.4</ele>
        <time>2024-04-27T07:42:06Z</time>
      </trkpt>
      <trkpt lat="22.218448" lon="113.225948">
        <ele>20.3</ele>
        <time>2024-04-27T07:42:07Z</time>
      </trkpt>
      <trkpt lat="22.2185" lon="113.225975">
        <ele>20.2</ele>
        <time>2024-04-27T07:42:08Z</time>
      </trkpt>
      <trkpt lat="22.218553" lon="113.226001">
        <ele>20.2</ele>
        <time>2024-04-27T07:42:09Z</time>
      </trkpt>
      <trkpt lat="22.218603" lon="113.226021">
        <ele>20.1</ele>
        <time>2024-04-27T07:42:10Z</time>
      </trkpt>
      <trkpt lat="22.218649" lon="113.22604">
        <ele>20.1</ele>
        <time>2024-04-27T07:42:11Z</time>
      </trkpt>
      <trkpt lat="22.218693" lon="113.226063">
        <ele>20</ele>
        <time>2024-04-27T07:42:12Z</time>
      </trkpt>
      <trkpt lat="22.218739" lon="113.226082">
        <ele>20</ele>
        <time>2024-04-27T07:42:13Z</time>
      </trkpt>
      <trkpt lat="22.218781" lon="113.226097">
        <ele>19.9</ele>
        <time>2024-04-27T07:42:14Z</time>
      </trkpt>
      <trkpt lat="22.21882" lon="113.226112">
        <ele>19.9</ele>
        <time>2024-04-27T07:42:15Z</time>
      </trkpt>
      <trkpt lat="22.218859" lon="113.226127">
        <ele>19.8</ele>
        <time>2024-04-27T07:42:16Z</time>
      </trkpt>
      <trkpt lat="22.218897" lon="113.226146">
        <ele>19.8</ele>
        <time>2024-04-27T07:42:17Z</time>
      </trkpt>
      <trkpt lat="22.218935" lon="113.226169">
        <ele>19.7</ele>
        <time>2024-04-27T07:42:18Z</time>
      </trkpt>
      <trkpt lat="22.218974" lon="113.226192">
        <ele>19.7</ele>
        <time>2024-04-27T07:42:19Z</time>
      </trkpt>
      <trkpt lat="22.219011" lon="113.226215">
        <ele>19.6</ele>
        <time>2024-04-27T07:42:20Z</time>
      </trkpt>
      <trkpt lat="22.219047" lon="113.226238">
        <ele>19.6</ele>
        <time>2024-04-27T07:42:21Z</time>
      </trkpt>
      <trkpt lat="22.219083" lon="113.226257">
        <ele>19.5</ele>
        <time>2024-04-27T07:42:22Z</time>
      </trkpt>
      <trkpt lat="22.21912" lon="113.226276">
        <ele>19.5</ele>
        <time>2024-04-27T07:42:23Z</time>
      </trkpt>
      <trkpt lat="22.219156" lon="113.226299">
        <ele>19.4</ele>
        <time>2024-04-27T07:42:24Z</time>
      </trkpt>
      <trkpt lat="22.219189" lon="113.226318">
        <ele>19.5</ele>
        <time>2024-04-27T07:42:25Z</time>
      </trkpt>
      <trkpt lat="22.21922" lon="113.22633">
        <ele>19.5</ele>
        <time>2024-04-27T07:42:26Z</time>
      </trkpt>
      <trkpt lat="22.219247" lon="113.226334">
        <ele>19.5</ele>
        <time>2024-04-27T07:42:27Z</time>
      </trkpt>
      <trkpt lat="22.219269" lon="113.226326">
        <ele>19.6</ele>
        <time>2024-04-27T07:42:28Z</time>
      </trkpt>
      <trkpt lat="22.219282" lon="113.2263">
        <ele>19.6</ele>
        <time>2024-04-27T07:42:29Z</time>
      </trkpt>
      <trkpt lat="22.219285" lon="113.226258">
        <ele>19.7</ele>
        <time>2024-04-27T07:42:30Z</time>
      </trkpt>
      <trkpt lat="22.219278" lon="113.226216">
        <ele>19.7</ele>
        <time>2024-04-27T07:42:31Z</time>
      </trkpt>
      <trkpt lat="22.219264" lon="113.226182">
        <ele>19.8</ele>
        <time>2024-04-27T07:42:32Z</time>
      </trkpt>
      <trkpt lat="22.219245" lon="113.226144">
        <ele>19.8</ele>
        <time>2024-04-27T07:42:33Z</time>
      </trkpt>
      <trkpt lat="22.219223" lon="113.226101">
        <ele>19.9</ele>
        <time>2024-04-27T07:42:34Z</time>
      </trkpt>
      <trkpt lat="22.219205" lon="113.226063">
        <ele>19.9</ele>
        <time>2024-04-27T07:42:35Z</time>
      </trkpt>
      <trkpt lat="22.219186" lon="113.226025">
        <ele>20</ele>
        <time>2024-04-27T07:42:36Z</time>
      </trkpt>
      <trkpt lat="22.219167" lon="113.225983">
        <ele>20</ele>
        <time>2024-04-27T07:42:37Z</time>
      </trkpt>
      <trkpt lat="22.219152" lon="113.225934">
        <ele>20.1</ele>
        <time>2024-04-27T07:42:38Z</time>
      </trkpt>
      <trkpt lat="22.219136" lon="113.225888">
        <ele>20.1</ele>
        <time>2024-04-27T07:42:39Z</time>
      </trkpt>
      <trkpt lat="22.219118" lon="113.225846">
        <ele>20.2</ele>
        <time>2024-04-27T07:42:40Z</time>
      </trkpt>
      <trkpt lat="22.219101" lon="113.2258">
        <ele>20.2</ele>
        <time>2024-04-27T07:42:41Z</time>
      </trkpt>
      <trkpt lat="22.219086" lon="113.225755">
        <ele>20.3</ele>
        <time>2024-04-27T07:42:42Z</time>
      </trkpt>
      <trkpt lat="22.219071" lon="113.225709">
        <ele>20.4</ele>
        <time>2024-04-27T07:42:43Z</time>
      </trkpt>
      <trkpt lat="22.219055" lon="113.225666">
        <ele>20.4</ele>
        <time>2024-04-27T07:42:44Z</time>
      </trkpt>
      <trkpt lat="22.219042" lon="113.225621">
        <ele>20.5</ele>
        <time>2024-04-27T07:42:45Z</time>
      </trkpt>
      <trkpt lat="22.219032" lon="113.225571">
        <ele>20.5</ele>
        <time>2024-04-27T07:42:46Z</time>
      </trkpt>
      <trkpt lat="22.219024" lon="113.225529">
        <ele>20.6</ele>
        <time>2024-04-27T07:42:47Z</time>
      </trkpt>
      <trkpt lat="22.219013" lon="113.225491">
        <ele>20.6</ele>
        <time>2024-04-27T07:42:48Z</time>
      </trkpt>
      <trkpt lat="22.219002" lon="113.225453">
        <ele>20.7</ele>
        <time>2024-04-27T07:42:49Z</time>
      </trkpt>
      <trkpt lat="22.218994" lon="113.225407">
        <ele>20.7</ele>
        <time>2024-04-27T07:42:50Z</time>
      </trkpt>
      <trkpt lat="22.218995" lon="113.225354">
        <ele>20.8</ele>
        <time>2024-04-27T07:42:51Z</time>
      </trkpt>
      <trkpt lat="22.219005" lon="113.2253">
        <ele>20.9</ele>
        <time>2024-04-27T07:42:52Z</time>
      </trkpt>
      <trkpt lat="22.219023" lon="113.225251">
        <ele>20.9</ele>
        <time>2024-04-27T07:42:53Z</time>
      </trkpt>
      <trkpt lat="22.219042" lon="113.225205">
        <ele>21</ele>
        <time>2024-04-27T07:42:54Z</time>
      </trkpt>
      <trkpt lat="22.219059" lon="113.225155">
        <ele>21</ele>
        <time>2024-04-27T07:42:55Z</time>
      </trkpt>
      <trkpt lat="22.219069" lon="113.225106">
        <ele>21.1</ele>
        <time>2024-04-27T07:42:56Z</time>
      </trkpt>
      <trkpt lat="22.219075" lon="113.225056">
        <ele>21.2</ele>
        <time>2024-04-27T07:42:57Z</time>
      </trkpt>
      <trkpt lat="22.219082" lon="113.225003">
        <ele>21.2</ele>
        <time>2024-04-27T07:42:58Z</time>
      </trkpt>
      <trkpt lat="22.21909" lon="113.224949">
        <ele>21.3</ele>
        <time>2024-04-27T07:42:59Z</time>
      </trkpt>
      <trkpt lat="22.219099" lon="113.224896">
        <ele>21.4</ele>
        <time>2024-04-27T07:43:00Z</time>
      </trkpt>
      <trkpt lat="22.219106" lon="113.224843">
        <ele>21.4</ele>
        <time>2024-04-27T07:43:01Z</time>
      </trkpt>
      <trkpt lat="22.219113" lon="113.224793">
        <ele>21.5</ele>
        <time>2024-04-27T07:43:02Z</time>
      </trkpt>
      <trkpt lat="22.219117" lon="113.224744">
        <ele>21.5</ele>
        <time>2024-04-27T07:43:03Z</time>
      </trkpt>
      <trkpt lat="22.219112" lon="113.224694">
        <ele>21.6</ele>
        <time>2024-04-27T07:43:04Z</time>
      </trkpt>
      <trkpt lat="22.219101" lon="113.224648">
        <ele>21.6</ele>
        <time>2024-04-27T07:43:05Z</time>
      </trkpt>
      <trkpt lat="22.219092" lon="113.224598">
        <ele>21.7</ele>
        <time>2024-04-27T07:43:06Z</time>
      </trkpt>
      <trkpt lat="22.21909" lon="113.224549">
        <ele>21.7</ele>
        <time>2024-04-27T07:43:07Z</time>
      </trkpt>
      <trkpt lat="22.219093" lon="113.2245">
        <ele>21.7</ele>
        <time>2024-04-27T07:43:08Z</time>
      </trkpt>
      <trkpt lat="22.219095" lon="113.224442">
        <ele>21.7</ele>
        <time>2024-04-27T07:43:09Z</time>
      </trkpt>
      <trkpt lat="22.219094" lon="113.224385">
        <ele>21.7</ele>
        <time>2024-04-27T07:43:10Z</time>
      </trkpt>
      <trkpt lat="22.219089" lon="113.224328">
        <ele>21.6</ele>
        <time>2024-04-27T07:43:11Z</time>
      </trkpt>
      <trkpt lat="22.21908" lon="113.224267">
        <ele>21.6</ele>
        <time>2024-04-27T07:43:12Z</time>
      </trkpt>
      <trkpt lat="22.219073" lon="113.224205">
        <ele>21.6</ele>
        <time>2024-04-27T07:43:13Z</time>
      </trkpt>
      <trkpt lat="22.219066" lon="113.224144">
        <ele>21.6</ele>
        <time>2024-04-27T07:43:14Z</time>
      </trkpt>
      <trkpt lat="22.219057" lon="113.22408">
        <ele>21.6</ele>
        <time>2024-04-27T07:43:15Z</time>
      </trkpt>
      <trkpt lat="22.219049" lon="113.224011">
        <ele>21.6</ele>
        <time>2024-04-27T07:43:16Z</time>
      </trkpt>
      <trkpt lat="22.219036" lon="113.22395">
        <ele>21.5</ele>
        <time>2024-04-27T07:43:17Z</time>
      </trkpt>
      <trkpt lat="22.219019" lon="113.223889">
        <ele>21.5</ele>
        <time>2024-04-27T07:43:18Z</time>
      </trkpt>
      <trkpt lat="22.218999" lon="113.223821">
        <ele>21.5</ele>
        <time>2024-04-27T07:43:19Z</time>
      </trkpt>
      <trkpt lat="22.218976" lon="113.223756">
        <ele>21.5</ele>
        <time>2024-04-27T07:43:20Z</time>
      </trkpt>
      <trkpt lat="22.218956" lon="113.223687">
        <ele>21.5</ele>
        <time>2024-04-27T07:43:21Z</time>
      </trkpt>
      <trkpt lat="22.218945" lon="113.223619">
        <ele>21.4</ele>
        <time>2024-04-27T07:43:22Z</time>
      </trkpt>
      <trkpt lat="22.218943" lon="113.223557">
        <ele>21.4</ele>
        <time>2024-04-27T07:43:23Z</time>
      </trkpt>
      <trkpt lat="22.218951" lon="113.2235">
        <ele>21.4</ele>
        <time>2024-04-27T07:43:24Z</time>
      </trkpt>
      <trkpt lat="22.21897" lon="113.223446">
        <ele>21.4</ele>
        <time>2024-04-27T07:43:25Z</time>
      </trkpt>
      <trkpt lat="22.219" lon="113.223397">
        <ele>21.4</ele>
        <time>2024-04-27T07:43:26Z</time>
      </trkpt>
      <trkpt lat="22.219042" lon="113.223359">
        <ele>21.3</ele>
        <time>2024-04-27T07:43:27Z</time>
      </trkpt>
      <trkpt lat="22.219089" lon="113.223328">
        <ele>21.3</ele>
        <time>2024-04-27T07:43:28Z</time>
      </trkpt>
      <trkpt lat="22.219127" lon="113.223294">
        <ele>21.3</ele>
        <time>2024-04-27T07:43:29Z</time>
      </trkpt>
      <trkpt lat="22.219157" lon="113.223252">
        <ele>21.3</ele>
        <time>2024-04-27T07:43:30Z</time>
      </trkpt>
      <trkpt lat="22.219184" lon="113.223206">
        <ele>21.3</ele>
        <time>2024-04-27T07:43:31Z</time>
      </trkpt>
      <trkpt lat="22.219209" lon="113.223168">
        <ele>21.3</ele>
        <time>2024-04-27T07:43:32Z</time>
      </trkpt>
      <trkpt lat="22.219233" lon="113.223137">
        <ele>21.3</ele>
        <time>2024-04-27T07:43:33Z</time>
      </trkpt>
      <trkpt lat="22.219262" lon="113.22311">
        <ele>21.2</ele>
        <time>2024-04-27T07:43:34Z</time>
      </trkpt>
      <trkpt lat="22.219297" lon="113.223095">
        <ele>21.2</ele>
        <time>2024-04-27T07:43:35Z</time>
      </trkpt>
      <trkpt lat="22.219337" lon="113.223091">
        <ele>21.2</ele>
        <time>2024-04-27T07:43:36Z</time>
      </trkpt>
      <trkpt lat="22.219381" lon="113.223095">
        <ele>21.2</ele>
        <time>2024-04-27T07:43:37Z</time>
      </trkpt>
      <trkpt lat="22.219421" lon="113.223099">
        <ele>21.2</ele>
        <time>2024-04-27T07:43:38Z</time>
      </trkpt>
      <trkpt lat="22.219461" lon="113.223103">
        <ele>21.2</ele>
        <time>2024-04-27T07:43:39Z</time>
      </trkpt>
      <trkpt lat="22.219506" lon="113.223103">
        <ele>21.2</ele>
        <time>2024-04-27T07:43:40Z</time>
      </trkpt>
      <trkpt lat="22.21955" lon="113.223099">
        <ele>21.2</ele>
        <time>2024-04-27T07:43:41Z</time>
      </trkpt>
      <trkpt lat="22.219592" lon="113.223103">
        <ele>21.2</ele>
        <time>2024-04-27T07:43:42Z</time>
      </trkpt>
      <trkpt lat="22.219638" lon="113.22311">
        <ele>21.2</ele>
        <time>2024-04-27T07:43:43Z</time>
      </trkpt>
      <trkpt lat="22.219689" lon="113.223125">
        <ele>21.3</ele>
        <time>2024-04-27T07:43:44Z</time>
      </trkpt>
      <trkpt lat="22.219737" lon="113.223144">
        <ele>21.3</ele>
        <time>2024-04-27T07:43:45Z</time>
      </trkpt>
      <trkpt lat="22.219783" lon="113.22316">
        <ele>21.4</ele>
        <time>2024-04-27T07:43:46Z</time>
      </trkpt>
      <trkpt lat="22.219828" lon="113.223171">
        <ele>21.4</ele>
        <time>2024-04-27T07:43:47Z</time>
      </trkpt>
      <trkpt lat="22.219872" lon="113.223179">
        <ele>21.5</ele>
        <time>2024-04-27T07:43:48Z</time>
      </trkpt>
      <trkpt lat="22.219915" lon="113.223186">
        <ele>21.5</ele>
        <time>2024-04-27T07:43:49Z</time>
      </trkpt>
      <trkpt lat="22.219957" lon="113.223194">
        <ele>21.6</ele>
        <time>2024-04-27T07:43:50Z</time>
      </trkpt>
      <trkpt lat="22.220004" lon="113.223202">
        <ele>21.6</ele>
        <time>2024-04-27T07:43:51Z</time>
      </trkpt>
      <trkpt lat="22.220052" lon="113.223206">
        <ele>21.7</ele>
        <time>2024-04-27T07:43:52Z</time>
      </trkpt>
      <trkpt lat="22.220097" lon="113.223213">
        <ele>21.7</ele>
        <time>2024-04-27T07:43:53Z</time>
      </trkpt>
      <trkpt lat="22.220139" lon="113.223221">
        <ele>21.7</ele>
        <time>2024-04-27T07:43:54Z</time>
      </trkpt>
      <trkpt lat="22.220184" lon="113.223217">
        <ele>21.8</ele>
        <time>2024-04-27T07:43:55Z</time>
      </trkpt>
      <trkpt lat="22.220228" lon="113.223209">
        <ele>21.8</ele>
        <time>2024-04-27T07:43:56Z</time>
      </trkpt>
      <trkpt lat="22.220258" lon="113.223194">
        <ele>21.9</ele>
        <time>2024-04-27T07:43:57Z</time>
      </trkpt>
      <trkpt lat="22.220274" lon="113.223168">
        <ele>21.9</ele>
        <time>2024-04-27T07:43:58Z</time>
      </trkpt>
      <trkpt lat="22.22028" lon="113.223137">
        <ele>21.9</ele>
        <time>2024-04-27T07:43:59Z</time>
      </trkpt>
      <trkpt lat="22.220276" lon="113.223107">
        <ele>22</ele>
        <time>2024-04-27T07:44:00Z</time>
      </trkpt>
      <trkpt lat="22.220265" lon="113.223072">
        <ele>22</ele>
        <time>2024-04-27T07:44:01Z</time>
      </trkpt>
      <trkpt lat="22.220253" lon="113.223038">
        <ele>22</ele>
        <time>2024-04-27T07:44:02Z</time>
      </trkpt>
      <trkpt lat="22.220241" lon="113.223008">
        <ele>22</ele>
        <time>2024-04-27T07:44:03Z</time>
      </trkpt>
      <trkpt lat="22.220228" lon="113.222977">
        <ele>22.1</ele>
        <time>2024-04-27T07:44:04Z</time>
      </trkpt>
      <trkpt lat="22.22022" lon="113.222947">
        <ele>22.1</ele>
        <time>2024-04-27T07:44:05Z</time>
      </trkpt>
      <trkpt lat="22.220214" lon="113.222916">
        <ele>22.1</ele>
        <time>2024-04-27T07:44:06Z</time>
      </trkpt>
      <trkpt lat="22.220206" lon="113.222886">
        <ele>22.2</ele>
        <time>2024-04-27T07:44:07Z</time>
      </trkpt>
      <trkpt lat="22.220199" lon="113.222855">
        <ele>22.2</ele>
        <time>2024-04-27T07:44:08Z</time>
      </trkpt>
      <trkpt lat="22.220191" lon="113.222824">
        <ele>22.2</ele>
        <time>2024-04-27T07:44:09Z</time>
      </trkpt>
      <trkpt lat="22.220182" lon="113.222794">
        <ele>22.2</ele>
        <time>2024-04-27T07:44:10Z</time>
      </trkpt>
      <trkpt lat="22.220177" lon="113.222767">
        <ele>22.3</ele>
        <time>2024-04-27T07:44:11Z</time>
      </trkpt>
      <trkpt lat="22.220173" lon="113.222744">
        <ele>22.3</ele>
        <time>2024-04-27T07:44:12Z</time>
      </trkpt>
      <trkpt lat="22.220167" lon="113.222721">
        <ele>22.3</ele>
        <time>2024-04-27T07:44:13Z</time>
      </trkpt>
      <trkpt lat="22.220159" lon="113.222702">
        <ele>22.3</ele>
        <time>2024-04-27T07:44:14Z</time>
      </trkpt>
      <trkpt lat="22.220148" lon="113.222687">
        <ele>22.4</ele>
        <time>2024-04-27T07:44:15Z</time>
      </trkpt>
      <trkpt lat="22.220137" lon="113.222668">
        <ele>22.4</ele>
        <time>2024-04-27T07:44:16Z</time>
      </trkpt>
      <trkpt lat="22.220123" lon="113.222645">
        <ele>22.4</ele>
        <time>2024-04-27T07:44:17Z</time>
      </trkpt>
      <trkpt lat="22.22011" lon="113.222622">
        <ele>22.4</ele>
        <time>2024-04-27T07:44:18Z</time>
      </trkpt>
      <trkpt lat="22.220098" lon="113.222599">
        <ele>22.4</ele>
        <time>2024-04-27T07:44:19Z</time>
      </trkpt>
      <trkpt lat="22.220083" lon="113.22258">
        <ele>22.5</ele>
        <time>2024-04-27T07:44:20Z</time>
      </trkpt>
      <trkpt lat="22.220066" lon="113.222561">
        <ele>22.5</ele>
        <time>2024-04-27T07:44:21Z</time>
      </trkpt>
      <trkpt lat="22.220046" lon="113.222542">
        <ele>22.5</ele>
        <time>2024-04-27T07:44:22Z</time>
      </trkpt>
      <trkpt lat="22.220026" lon="113.222523">
        <ele>22.5</ele>
        <time>2024-04-27T07:44:23Z</time>
      </trkpt>
      <trkpt lat="22.220005" lon="113.2225">
        <ele>22.6</ele>
        <time>2024-04-27T07:44:24Z</time>
      </trkpt>
      <trkpt lat="22.219982" lon="113.222481">
        <ele>22.6</ele>
        <time>2024-04-27T07:44:25Z</time>
      </trkpt>
      <trkpt lat="22.219958" lon="113.222466">
        <ele>22.6</ele>
        <time>2024-04-27T07:44:26Z</time>
      </trkpt>
      <trkpt lat="22.219937" lon="113.22245">
        <ele>22.7</ele>
        <time>2024-04-27T07:44:27Z</time>
      </trkpt>
      <trkpt lat="22.219918" lon="113.222431">
        <ele>22.7</ele>
        <time>2024-04-27T07:44:28Z</time>
      </trkpt>
      <trkpt lat="22.219899" lon="113.222405">
        <ele>22.7</ele>
        <time>2024-04-27T07:44:29Z</time>
      </trkpt>
      <trkpt lat="22.21988" lon="113.22237">
        <ele>22.7</ele>
        <time>2024-04-27T07:44:30Z</time>
      </trkpt>
      <trkpt lat="22.219864" lon="113.222332">
        <ele>22.8</ele>
        <time>2024-04-27T07:44:31Z</time>
      </trkpt>
      <trkpt lat="22.219851" lon="113.222287">
        <ele>22.8</ele>
        <time>2024-04-27T07:44:32Z</time>
      </trkpt>
      <trkpt lat="22.21984" lon="113.222241">
        <ele>22.9</ele>
        <time>2024-04-27T07:44:33Z</time>
      </trkpt>
      <trkpt lat="22.219833" lon="113.222199">
        <ele>22.9</ele>
        <time>2024-04-27T07:44:34Z</time>
      </trkpt>
      <trkpt lat="22.219826" lon="113.222154">
        <ele>23</ele>
        <time>2024-04-27T07:44:35Z</time>
      </trkpt>
      <trkpt lat="22.219816" lon="113.222111">
        <ele>23.2</ele>
        <time>2024-04-27T07:44:36Z</time>
      </trkpt>
      <trkpt lat="22.219804" lon="113.222077">
        <ele>23.3</ele>
        <time>2024-04-27T07:44:37Z</time>
      </trkpt>
      <trkpt lat="22.219789" lon="113.222039">
        <ele>23.4</ele>
        <time>2024-04-27T07:44:38Z</time>
      </trkpt>
      <trkpt lat="22.21977" lon="113.221993">
        <ele>23.6</ele>
        <time>2024-04-27T07:44:39Z</time>
      </trkpt>
      <trkpt lat="22.219751" lon="113.221947">
        <ele>23.8</ele>
        <time>2024-04-27T07:44:40Z</time>
      </trkpt>
      <trkpt lat="22.219733" lon="113.221894">
        <ele>23.9</ele>
        <time>2024-04-27T07:44:41Z</time>
      </trkpt>
      <trkpt lat="22.219718" lon="113.221833">
        <ele>24.1</ele>
        <time>2024-04-27T07:44:42Z</time>
      </trkpt>
      <trkpt lat="22.219708" lon="113.221775">
        <ele>24.3</ele>
        <time>2024-04-27T07:44:43Z</time>
      </trkpt>
      <trkpt lat="22.219705" lon="113.221718">
        <ele>24.5</ele>
        <time>2024-04-27T07:44:44Z</time>
      </trkpt>
      <trkpt lat="22.219706" lon="113.221658">
        <ele>24.7</ele>
        <time>2024-04-27T07:44:45Z</time>
      </trkpt>
      <trkpt lat="22.219716" lon="113.2216">
        <ele>24.9</ele>
        <time>2024-04-27T07:44:46Z</time>
      </trkpt>
      <trkpt lat="22.219734" lon="113.221547">
        <ele>25.1</ele>
        <time>2024-04-27T07:44:47Z</time>
      </trkpt>
      <trkpt lat="22.219756" lon="113.221501">
        <ele>25.2</ele>
        <time>2024-04-27T07:44:48Z</time>
      </trkpt>
      <trkpt lat="22.219782" lon="113.221463">
        <ele>25.4</ele>
        <time>2024-04-27T07:44:49Z</time>
      </trkpt>
      <trkpt lat="22.219806" lon="113.221428">
        <ele>25.5</ele>
        <time>2024-04-27T07:44:50Z</time>
      </trkpt>
      <trkpt lat="22.219831" lon="113.221394">
        <ele>25.6</ele>
        <time>2024-04-27T07:44:51Z</time>
      </trkpt>
      <trkpt lat="22.21986" lon="113.22136">
        <ele>25.8</ele>
        <time>2024-04-27T07:44:52Z</time>
      </trkpt>
      <trkpt lat="22.219892" lon="113.221329">
        <ele>25.9</ele>
        <time>2024-04-27T07:44:53Z</time>
      </trkpt>
      <trkpt lat="22.219927" lon="113.221298">
        <ele>26.1</ele>
        <time>2024-04-27T07:44:54Z</time>
      </trkpt>
      <trkpt lat="22.219961" lon="113.221264">
        <ele>26.3</ele>
        <time>2024-04-27T07:44:55Z</time>
      </trkpt>
      <trkpt lat="22.219994" lon="113.22123">
        <ele>26.4</ele>
        <time>2024-04-27T07:44:56Z</time>
      </trkpt>
      <trkpt lat="22.220024" lon="113.221199">
        <ele>26.6</ele>
        <time>2024-04-27T07:44:57Z</time>
      </trkpt>
      <trkpt lat="22.220053" lon="113.221169">
        <ele>26.7</ele>
        <time>2024-04-27T07:44:58Z</time>
      </trkpt>
      <trkpt lat="22.220084" lon="113.221142">
        <ele>26.8</ele>
        <time>2024-04-27T07:44:59Z</time>
      </trkpt>
      <trkpt lat="22.220114" lon="113.221123">
        <ele>27</ele>
        <time>2024-04-27T07:45:00Z</time>
      </trkpt>
      <trkpt lat="22.220145" lon="113.2211">
        <ele>27.1</ele>
        <time>2024-04-27T07:45:01Z</time>
      </trkpt>
      <trkpt lat="22.220178" lon="113.221077">
        <ele>27.2</ele>
        <time>2024-04-27T07:45:02Z</time>
      </trkpt>
      <trkpt lat="22.220213" lon="113.221066">
        <ele>27.3</ele>
        <time>2024-04-27T07:45:03Z</time>
      </trkpt>
      <trkpt lat="22.220252" lon="113.221062">
        <ele>27.5</ele>
        <time>2024-04-27T07:45:04Z</time>
      </trkpt>
      <trkpt lat="22.220293" lon="113.221062">
        <ele>27.6</ele>
        <time>2024-04-27T07:45:05Z</time>
      </trkpt>
      <trkpt lat="22.220336" lon="113.221065">
        <ele>27.8</ele>
        <time>2024-04-27T07:45:06Z</time>
      </trkpt>
      <trkpt lat="22.220379" lon="113.221069">
        <ele>27.9</ele>
        <time>2024-04-27T07:45:07Z</time>
      </trkpt>
      <trkpt lat="22.22042" lon="113.221066">
        <ele>28.1</ele>
        <time>2024-04-27T07:45:08Z</time>
      </trkpt>
      <trkpt lat="22.220461" lon="113.221058">
        <ele>28.2</ele>
        <time>2024-04-27T07:45:09Z</time>
      </trkpt>
      <trkpt lat="22.220502" lon="113.221043">
        <ele>28.3</ele>
        <time>2024-04-27T07:45:10Z</time>
      </trkpt>
      <trkpt lat="22.22054" lon="113.221016">
        <ele>28.5</ele>
        <time>2024-04-27T07:45:11Z</time>
      </trkpt>
      <trkpt lat="22.220575" lon="113.220986">
        <ele>28.7</ele>
        <time>2024-04-27T07:45:12Z</time>
      </trkpt>
      <trkpt lat="22.220609" lon="113.220959">
        <ele>28.8</ele>
        <time>2024-04-27T07:45:13Z</time>
      </trkpt>
      <trkpt lat="22.220642" lon="113.220932">
        <ele>28.9</ele>
        <time>2024-04-27T07:45:14Z</time>
      </trkpt>
      <trkpt lat="22.220674" lon="113.220906">
        <ele>29.1</ele>
        <time>2024-04-27T07:45:15Z</time>
      </trkpt>
      <trkpt lat="22.220709" lon="113.220883">
        <ele>29.2</ele>
        <time>2024-04-27T07:45:16Z</time>
      </trkpt>
      <trkpt lat="22.220745" lon="113.22086">
        <ele>29.4</ele>
        <time>2024-04-27T07:45:17Z</time>
      </trkpt>
      <trkpt lat="22.220781" lon="113.220833">
        <ele>29.6</ele>
        <time>2024-04-27T07:45:18Z</time>
      </trkpt>
      <trkpt lat="22.220817" lon="113.220807">
        <ele>29.7</ele>
        <time>2024-04-27T07:45:19Z</time>
      </trkpt>
      <trkpt lat="22.220853" lon="113.22078">
        <ele>29.9</ele>
        <time>2024-04-27T07:45:20Z</time>
      </trkpt>
      <trkpt lat="22.220887" lon="113.220749">
        <ele>30.1</ele>
        <time>2024-04-27T07:45:21Z</time>
      </trkpt>
      <trkpt lat="22.220918" lon="113.220722">
        <ele>30.2</ele>
        <time>2024-04-27T07:45:22Z</time>
      </trkpt>
      <trkpt lat="22.22095" lon="113.220696">
        <ele>30.4</ele>
        <time>2024-04-27T07:45:23Z</time>
      </trkpt>
      <trkpt lat="22.220984" lon="113.220669">
        <ele>30.6</ele>
        <time>2024-04-27T07:45:24Z</time>
      </trkpt>
      <trkpt lat="22.221021" lon="113.220646">
        <ele>30.7</ele>
        <time>2024-04-27T07:45:25Z</time>
      </trkpt>
      <trkpt lat="22.221059" lon="113.220623">
        <ele>30.9</ele>
        <time>2024-04-27T07:45:26Z</time>
      </trkpt>
      <trkpt lat="22.221099" lon="113.220604">
        <ele>31.1</ele>
        <time>2024-04-27T07:45:27Z</time>
      </trkpt>
      <trkpt lat="22.221139" lon="113.220589">
        <ele>31.2</ele>
        <time>2024-04-27T07:45:28Z</time>
      </trkpt>
      <trkpt lat="22.221178" lon="113.220577">
        <ele>31.4</ele>
        <time>2024-04-27T07:45:29Z</time>
      </trkpt>
      <trkpt lat="22.221219" lon="113.220573">
        <ele>31.6</ele>
        <time>2024-04-27T07:45:30Z</time>
      </trkpt>
      <trkpt lat="22.221262" lon="113.220573">
        <ele>31.7</ele>
        <time>2024-04-27T07:45:31Z</time>
      </trkpt>
      <trkpt lat="22.221306" lon="113.220573">
        <ele>31.9</ele>
        <time>2024-04-27T07:45:32Z</time>
      </trkpt>
      <trkpt lat="22.221347" lon="113.220573">
        <ele>32.1</ele>
        <time>2024-04-27T07:45:33Z</time>
      </trkpt>
      <trkpt lat="22.221386" lon="113.220573">
        <ele>32.2</ele>
        <time>2024-04-27T07:45:34Z</time>
      </trkpt>
      <trkpt lat="22.221425" lon="113.220577">
        <ele>32.4</ele>
        <time>2024-04-27T07:45:35Z</time>
      </trkpt>
      <trkpt lat="22.221467" lon="113.220581">
        <ele>32.5</ele>
        <time>2024-04-27T07:45:36Z</time>
      </trkpt>
      <trkpt lat="22.221513" lon="113.220577">
        <ele>32.7</ele>
        <time>2024-04-27T07:45:37Z</time>
      </trkpt>
      <trkpt lat="22.221557" lon="113.220573">
        <ele>32.9</ele>
        <time>2024-04-27T07:45:38Z</time>
      </trkpt>
      <trkpt lat="22.2216" lon="113.220573">
        <ele>33</ele>
        <time>2024-04-27T07:45:39Z</time>
      </trkpt>
      <trkpt lat="22.221646" lon="113.220577">
        <ele>33.2</ele>
        <time>2024-04-27T07:45:40Z</time>
      </trkpt>
      <trkpt lat="22.221695" lon="113.220581">
        <ele>33.4</ele>
        <time>2024-04-27T07:45:41Z</time>
      </trkpt>
      <trkpt lat="22.221746" lon="113.220589">
        <ele>33.6</ele>
        <time>2024-04-27T07:45:42Z</time>
      </trkpt>
      <trkpt lat="22.221799" lon="113.2206">
        <ele>33.8</ele>
        <time>2024-04-27T07:45:43Z</time>
      </trkpt>
      <trkpt lat="22.221855" lon="113.220608">
        <ele>34</ele>
        <time>2024-04-27T07:45:44Z</time>
      </trkpt>
      <trkpt lat="22.221915" lon="113.220615">
        <ele>34.3</ele>
        <time>2024-04-27T07:45:45Z</time>
      </trkpt>
      <trkpt lat="22.221975" lon="113.220612">
        <ele>34.5</ele>
        <time>2024-04-27T07:45:46Z</time>
      </trkpt>
      <trkpt lat="22.222037" lon="113.220589">
        <ele>34.8</ele>
        <time>2024-04-27T07:45:47Z</time>
      </trkpt>
      <trkpt lat="22.222092" lon="113.220558">
        <ele>35</ele>
        <time>2024-04-27T07:45:48Z</time>
      </trkpt>
      <trkpt lat="22.222133" lon="113.220521">
        <ele>35.2</ele>
        <time>2024-04-27T07:45:49Z</time>
      </trkpt>
      <trkpt lat="22.222161" lon="113.220468">
        <ele>35.4</ele>
        <time>2024-04-27T07:45:50Z</time>
      </trkpt>
      <trkpt lat="22.222183" lon="113.220414">
        <ele>35.7</ele>
        <time>2024-04-27T07:45:51Z</time>
      </trkpt>
      <trkpt lat="22.222203" lon="113.220361">
        <ele>35.9</ele>
        <time>2024-04-27T07:45:52Z</time>
      </trkpt>
      <trkpt lat="22.222212" lon="113.220307">
        <ele>36.1</ele>
        <time>2024-04-27T07:45:53Z</time>
      </trkpt>
      <trkpt lat="22.22221" lon="113.220261">
        <ele>36.1</ele>
        <time>2024-04-27T07:45:54Z</time>
      </trkpt>
      <trkpt lat="22.222201" lon="113.220216">
        <ele>36</ele>
        <time>2024-04-27T07:45:55Z</time>
      </trkpt>
      <trkpt lat="22.222184" lon="113.220177">
        <ele>36</ele>
        <time>2024-04-27T07:45:56Z</time>
      </trkpt>
      <trkpt lat="22.222166" lon="113.220147">
        <ele>35.9</ele>
        <time>2024-04-27T07:45:57Z</time>
      </trkpt>
      <trkpt lat="22.222149" lon="113.220116">
        <ele>35.9</ele>
        <time>2024-04-27T07:45:58Z</time>
      </trkpt>
      <trkpt lat="22.222132" lon="113.220085">
        <ele>35.8</ele>
        <time>2024-04-27T07:45:59Z</time>
      </trkpt>
      <trkpt lat="22.222117" lon="113.220055">
        <ele>35.8</ele>
        <time>2024-04-27T07:46:00Z</time>
      </trkpt>
      <trkpt lat="22.222103" lon="113.220024">
        <ele>35.8</ele>
        <time>2024-04-27T07:46:01Z</time>
      </trkpt>
      <trkpt lat="22.222094" lon="113.219994">
        <ele>35.7</ele>
        <time>2024-04-27T07:46:02Z</time>
      </trkpt>
      <trkpt lat="22.222091" lon="113.21996">
        <ele>35.7</ele>
        <time>2024-04-27T07:46:03Z</time>
      </trkpt>
      <trkpt lat="22.22209" lon="113.219921">
        <ele>35.7</ele>
        <time>2024-04-27T07:46:04Z</time>
      </trkpt>
      <trkpt lat="22.222086" lon="113.219887">
        <ele>35.6</ele>
        <time>2024-04-27T07:46:05Z</time>
      </trkpt>
      <trkpt lat="22.222081" lon="113.219853">
        <ele>35.6</ele>
        <time>2024-04-27T07:46:06Z</time>
      </trkpt>
      <trkpt lat="22.222077" lon="113.219815">
        <ele>35.5</ele>
        <time>2024-04-27T07:46:07Z</time>
      </trkpt>
      <trkpt lat="22.222081" lon="113.219769">
        <ele>35.5</ele>
        <time>2024-04-27T07:46:08Z</time>
      </trkpt>
      <trkpt lat="22.22209" lon="113.219719">
        <ele>35.4</ele>
        <time>2024-04-27T07:46:09Z</time>
      </trkpt>
      <trkpt lat="22.222097" lon="113.219681">
        <ele>35.4</ele>
        <time>2024-04-27T07:46:10Z</time>
      </trkpt>
      <trkpt lat="22.222107" lon="113.219651">
        <ele>35.4</ele>
        <time>2024-04-27T07:46:11Z</time>
      </trkpt>
      <trkpt lat="22.222118" lon="113.21962">
        <ele>35.3</ele>
        <time>2024-04-27T07:46:12Z</time>
      </trkpt>
      <trkpt lat="22.222131" lon="113.21959">
        <ele>35.3</ele>
        <time>2024-04-27T07:46:13Z</time>
      </trkpt>
      <trkpt lat="22.222143" lon="113.219563">
        <ele>35.3</ele>
        <time>2024-04-27T07:46:14Z</time>
      </trkpt>
      <trkpt lat="22.222158" lon="113.219536">
        <ele>35.2</ele>
        <time>2024-04-27T07:46:15Z</time>
      </trkpt>
      <trkpt lat="22.222178" lon="113.219506">
        <ele>35.2</ele>
        <time>2024-04-27T07:46:16Z</time>
      </trkpt>
      <trkpt lat="22.2222" lon="113.219475">
        <ele>35.1</ele>
        <time>2024-04-27T07:46:17Z</time>
      </trkpt>
      <trkpt lat="22.222223" lon="113.219448">
        <ele>35.1</ele>
        <time>2024-04-27T07:46:18Z</time>
      </trkpt>
      <trkpt lat="22.222243" lon="113.219425">
        <ele>35.1</ele>
        <time>2024-04-27T07:46:19Z</time>
      </trkpt>
      <trkpt lat="22.222261" lon="113.219402">
        <ele>35</ele>
        <time>2024-04-27T07:46:20Z</time>
      </trkpt>
      <trkpt lat="22.222283" lon="113.219387">
        <ele>35</ele>
        <time>2024-04-27T07:46:21Z</time>
      </trkpt>
      <trkpt lat="22.222311" lon="113.21938">
        <ele>35</ele>
        <time>2024-04-27T07:46:22Z</time>
      </trkpt>
      <trkpt lat="22.222342" lon="113.219368">
        <ele>34.9</ele>
        <time>2024-04-27T07:46:23Z</time>
      </trkpt>
      <trkpt lat="22.222379" lon="113.219357">
        <ele>34.9</ele>
        <time>2024-04-27T07:46:24Z</time>
      </trkpt>
      <trkpt lat="22.222421" lon="113.219349">
        <ele>34.8</ele>
        <time>2024-04-27T07:46:25Z</time>
      </trkpt>
      <trkpt lat="22.222462" lon="113.219345">
        <ele>34.8</ele>
        <time>2024-04-27T07:46:26Z</time>
      </trkpt>
      <trkpt lat="22.222504" lon="113.219345">
        <ele>34.7</ele>
        <time>2024-04-27T07:46:27Z</time>
      </trkpt>
      <trkpt lat="22.222548" lon="113.219341">
        <ele>34.7</ele>
        <time>2024-04-27T07:46:28Z</time>
      </trkpt>
      <trkpt lat="22.222594" lon="113.219334">
        <ele>34.6</ele>
        <time>2024-04-27T07:46:29Z</time>
      </trkpt>
      <trkpt lat="22.222646" lon="113.219326">
        <ele>34.6</ele>
        <time>2024-04-27T07:46:30Z</time>
      </trkpt>
      <trkpt lat="22.222703" lon="113.219319">
        <ele>34.5</ele>
        <time>2024-04-27T07:46:31Z</time>
      </trkpt>
      <trkpt lat="22.222761" lon="113.219311">
        <ele>34.4</ele>
        <time>2024-04-27T07:46:32Z</time>
      </trkpt>
      <trkpt lat="22.222818" lon="113.219299">
        <ele>34.4</ele>
        <time>2024-04-27T07:46:33Z</time>
      </trkpt>
      <trkpt lat="22.222872" lon="113.219284">
        <ele>34.3</ele>
        <time>2024-04-27T07:46:34Z</time>
      </trkpt>
      <trkpt lat="22.222923" lon="113.219265">
        <ele>34.2</ele>
        <time>2024-04-27T07:46:35Z</time>
      </trkpt>
      <trkpt lat="22.222976" lon="113.219239">
        <ele>34.2</ele>
        <time>2024-04-27T07:46:36Z</time>
      </trkpt>
      <trkpt lat="22.223026" lon="113.219201">
        <ele>34.1</ele>
        <time>2024-04-27T07:46:37Z</time>
      </trkpt>
      <trkpt lat="22.22307" lon="113.219152">
        <ele>34</ele>
        <time>2024-04-27T07:46:38Z</time>
      </trkpt>
      <trkpt lat="22.223109" lon="113.219098">
        <ele>33.9</ele>
        <time>2024-04-27T07:46:39Z</time>
      </trkpt>
      <trkpt lat="22.22314" lon="113.219044">
        <ele>33.9</ele>
        <time>2024-04-27T07:46:40Z</time>
      </trkpt>
      <trkpt lat="22.223165" lon="113.218995">
        <ele>33.9</ele>
        <time>2024-04-27T07:46:41Z</time>
      </trkpt>
      <trkpt lat="22.22319" lon="113.218949">
        <ele>33.8</ele>
        <time>2024-04-27T07:46:42Z</time>
      </trkpt>
      <trkpt lat="22.223217" lon="113.218903">
        <ele>33.8</ele>
        <time>2024-04-27T07:46:43Z</time>
      </trkpt>
      <trkpt lat="22.223242" lon="113.218854">
        <ele>33.7</ele>
        <time>2024-04-27T07:46:44Z</time>
      </trkpt>
      <trkpt lat="22.22326" lon="113.218801">
        <ele>33.7</ele>
        <time>2024-04-27T07:46:45Z</time>
      </trkpt>
      <trkpt lat="22.223267" lon="113.218743">
        <ele>33.6</ele>
        <time>2024-04-27T07:46:46Z</time>
      </trkpt>
      <trkpt lat="22.223263" lon="113.218686">
        <ele>33.6</ele>
        <time>2024-04-27T07:46:47Z</time>
      </trkpt>
      <trkpt lat="22.223253" lon="113.218636">
        <ele>33.6</ele>
        <time>2024-04-27T07:46:48Z</time>
      </trkpt>
      <trkpt lat="22.22324" lon="113.218587">
        <ele>33.5</ele>
        <time>2024-04-27T07:46:49Z</time>
      </trkpt>
      <trkpt lat="22.223227" lon="113.218537">
        <ele>33.5</ele>
        <time>2024-04-27T07:46:50Z</time>
      </trkpt>
      <trkpt lat="22.22321" lon="113.218495">
        <ele>33.4</ele>
        <time>2024-04-27T07:46:51Z</time>
      </trkpt>
      <trkpt lat="22.223188" lon="113.218457">
        <ele>33.4</ele>
        <time>2024-04-27T07:46:52Z</time>
      </trkpt>
      <trkpt lat="22.223161" lon="113.218415">
        <ele>33.4</ele>
        <time>2024-04-27T07:46:53Z</time>
      </trkpt>
      <trkpt lat="22.223135" lon="113.218376">
        <ele>33.3</ele>
        <time>2024-04-27T07:46:54Z</time>
      </trkpt>
      <trkpt lat="22.223115" lon="113.218339">
        <ele>33.3</ele>
        <time>2024-04-27T07:46:55Z</time>
      </trkpt>
      <trkpt lat="22.223098" lon="113.218293">
        <ele>33.3</ele>
        <time>2024-04-27T07:46:56Z</time>
      </trkpt>
      <trkpt lat="22.223082" lon="113.218243">
        <ele>33.2</ele>
        <time>2024-04-27T07:46:57Z</time>
      </trkpt>
      <trkpt lat="22.223066" lon="113.21819">
        <ele>33.2</ele>
        <time>2024-04-27T07:46:58Z</time>
      </trkpt>
      <trkpt lat="22.223049" lon="113.218137">
        <ele>33.1</ele>
        <time>2024-04-27T07:46:59Z</time>
      </trkpt>
      <trkpt lat="22.223032" lon="113.218076">
        <ele>33.1</ele>
        <time>2024-04-27T07:47:00Z</time>
      </trkpt>
      <trkpt lat="22.223019" lon="113.218011">
        <ele>33</ele>
        <time>2024-04-27T07:47:01Z</time>
      </trkpt>
      <trkpt lat="22.22301" lon="113.217954">
        <ele>33</ele>
        <time>2024-04-27T07:47:02Z</time>
      </trkpt>
      <trkpt lat="22.223008" lon="113.217907">
        <ele>32.9</ele>
        <time>2024-04-27T07:47:03Z</time>
      </trkpt>
      <trkpt lat="22.223011" lon="113.217866">
        <ele>32.9</ele>
        <time>2024-04-27T07:47:04Z</time>
      </trkpt>
      <trkpt lat="22.223016" lon="113.21782">
        <ele>32.9</ele>
        <time>2024-04-27T07:47:05Z</time>
      </trkpt>
      <trkpt lat="22.223027" lon="113.217774">
        <ele>32.8</ele>
        <time>2024-04-27T07:47:06Z</time>
      </trkpt>
      <trkpt lat="22.223047" lon="113.217728">
        <ele>32.8</ele>
        <time>2024-04-27T07:47:07Z</time>
      </trkpt>
      <trkpt lat="22.223068" lon="113.217686">
        <ele>32.8</ele>
        <time>2024-04-27T07:47:08Z</time>
      </trkpt>
      <trkpt lat="22.223087" lon="113.217652">
        <ele>32.7</ele>
        <time>2024-04-27T07:47:09Z</time>
      </trkpt>
      <trkpt lat="22.223108" lon="113.217625">
        <ele>32.7</ele>
        <time>2024-04-27T07:47:10Z</time>
      </trkpt>
      <trkpt lat="22.22313" lon="113.217598">
        <ele>32.7</ele>
        <time>2024-04-27T07:47:11Z</time>
      </trkpt>
      <trkpt lat="22.22315" lon="113.217568">
        <ele>32.6</ele>
        <time>2024-04-27T07:47:12Z</time>
      </trkpt>
      <trkpt lat="22.223161" lon="113.217537">
        <ele>32.6</ele>
        <time>2024-04-27T07:47:13Z</time>
      </trkpt>
      <trkpt lat="22.223156" lon="113.217503">
        <ele>32.6</ele>
        <time>2024-04-27T07:47:14Z</time>
      </trkpt>
      <trkpt lat="22.223138" lon="113.217465">
        <ele>32.6</ele>
        <time>2024-04-27T07:47:15Z</time>
      </trkpt>
      <trkpt lat="22.223108" lon="113.217434">
        <ele>32.5</ele>
        <time>2024-04-27T07:47:16Z</time>
      </trkpt>
      <trkpt lat="22.22307" lon="113.217415">
        <ele>32.5</ele>
        <time>2024-04-27T07:47:17Z</time>
      </trkpt>
      <trkpt lat="22.223029" lon="113.217403">
        <ele>32.4</ele>
        <time>2024-04-27T07:47:18Z</time>
      </trkpt>
      <trkpt lat="22.222988" lon="113.217392">
        <ele>32.3</ele>
        <time>2024-04-27T07:47:19Z</time>
      </trkpt>
      <trkpt lat="22.222948" lon="113.217381">
        <ele>32.3</ele>
        <time>2024-04-27T07:47:20Z</time>
      </trkpt>
      <trkpt lat="22.222903" lon="113.217369">
        <ele>32.2</ele>
        <time>2024-04-27T07:47:21Z</time>
      </trkpt>
      <trkpt lat="22.222851" lon="113.217354">
        <ele>32</ele>
        <time>2024-04-27T07:47:22Z</time>
      </trkpt>
      <trkpt lat="22.222799" lon="113.217331">
        <ele>31.9</ele>
        <time>2024-04-27T07:47:23Z</time>
      </trkpt>
      <trkpt lat="22.222754" lon="113.217305">
        <ele>31.8</ele>
        <time>2024-04-27T07:47:24Z</time>
      </trkpt>
      <trkpt lat="22.222716" lon="113.217274">
        <ele>31.7</ele>
        <time>2024-04-27T07:47:25Z</time>
      </trkpt>
      <trkpt lat="22.222684" lon="113.217236">
        <ele>31.6</ele>
        <time>2024-04-27T07:47:26Z</time>
      </trkpt>
      <trkpt lat="22.222658" lon="113.217194">
        <ele>31.5</ele>
        <time>2024-04-27T07:47:27Z</time>
      </trkpt>
      <trkpt lat="22.22263" lon="113.217152">
        <ele>31.4</ele>
        <time>2024-04-27T07:47:28Z</time>
      </trkpt>
      <trkpt lat="22.222599" lon="113.217114">
        <ele>31.3</ele>
        <time>2024-04-27T07:47:29Z</time>
      </trkpt>
      <trkpt lat="22.222571" lon="113.217076">
        <ele>31.2</ele>
        <time>2024-04-27T07:47:30Z</time>
      </trkpt>
      <trkpt lat="22.222554" lon="113.217041">
        <ele>31.1</ele>
        <time>2024-04-27T07:47:31Z</time>
      </trkpt>
      <trkpt lat="22.222553" lon="113.216999">
        <ele>31.1</ele>
        <time>2024-04-27T07:47:32Z</time>
      </trkpt>
      <trkpt lat="22.222567" lon="113.216954">
        <ele>31</ele>
        <time>2024-04-27T07:47:33Z</time>
      </trkpt>
      <trkpt lat="22.222591" lon="113.216919">
        <ele>30.9</ele>
        <time>2024-04-27T07:47:34Z</time>
      </trkpt>
      <trkpt lat="22.222619" lon="113.216882">
        <ele>30.8</ele>
        <time>2024-04-27T07:47:35Z</time>
      </trkpt>
      <trkpt lat="22.222643" lon="113.216836">
        <ele>30.7</ele>
        <time>2024-04-27T07:47:36Z</time>
      </trkpt>
      <trkpt lat="22.222653" lon="113.216786">
        <ele>30.6</ele>
        <time>2024-04-27T07:47:37Z</time>
      </trkpt>
      <trkpt lat="22.222654" lon="113.216725">
        <ele>30.5</ele>
        <time>2024-04-27T07:47:38Z</time>
      </trkpt>
      <trkpt lat="22.222648" lon="113.216668">
        <ele>30.3</ele>
        <time>2024-04-27T07:47:39Z</time>
      </trkpt>
      <trkpt lat="22.222636" lon="113.216618">
        <ele>30.2</ele>
        <time>2024-04-27T07:47:40Z</time>
      </trkpt>
      <trkpt lat="22.222623" lon="113.216562">
        <ele>30.1</ele>
        <time>2024-04-27T07:47:41Z</time>
      </trkpt>
      <trkpt lat="22.222609" lon="113.21649">
        <ele>30</ele>
        <time>2024-04-27T07:47:42Z</time>
      </trkpt>
      <trkpt lat="22.222595" lon="113.216409">
        <ele>29.8</ele>
        <time>2024-04-27T07:47:43Z</time>
      </trkpt>
      <trkpt lat="22.22258" lon="113.216329">
        <ele>29.7</ele>
        <time>2024-04-27T07:47:44Z</time>
      </trkpt>
      <trkpt lat="22.222559" lon="113.216245">
        <ele>29.5</ele>
        <time>2024-04-27T07:47:45Z</time>
      </trkpt>
      <trkpt lat="22.222537" lon="113.216157">
        <ele>29.3</ele>
        <time>2024-04-27T07:47:46Z</time>
      </trkpt>
      <trkpt lat="22.222517" lon="113.216073">
        <ele>29.1</ele>
        <time>2024-04-27T07:47:47Z</time>
      </trkpt>
      <trkpt lat="22.222501" lon="113.215997">
        <ele>29</ele>
        <time>2024-04-27T07:47:48Z</time>
      </trkpt>
      <trkpt lat="22.222486" lon="113.215924">
        <ele>28.8</ele>
        <time>2024-04-27T07:47:49Z</time>
      </trkpt>
      <trkpt lat="22.222471" lon="113.215853">
        <ele>28.7</ele>
        <time>2024-04-27T07:47:50Z</time>
      </trkpt>
      <trkpt lat="22.222459" lon="113.21578">
        <ele>28.5</ele>
        <time>2024-04-27T07:47:51Z</time>
      </trkpt>
      <trkpt lat="22.222449" lon="113.215711">
        <ele>28.4</ele>
        <time>2024-04-27T07:47:52Z</time>
      </trkpt>
      <trkpt lat="22.222435" lon="113.215642">
        <ele>28.3</ele>
        <time>2024-04-27T07:47:53Z</time>
      </trkpt>
      <trkpt lat="22.222423" lon="113.21557">
        <ele>28.1</ele>
        <time>2024-04-27T07:47:54Z</time>
      </trkpt>
      <trkpt lat="22.222416" lon="113.215497">
        <ele>28</ele>
        <time>2024-04-27T07:47:55Z</time>
      </trkpt>
      <trkpt lat="22.222414" lon="113.215428">
        <ele>27.9</ele>
        <time>2024-04-27T07:47:56Z</time>
      </trkpt>
      <trkpt lat="22.222418" lon="113.215356">
        <ele>27.7</ele>
        <time>2024-04-27T07:47:57Z</time>
      </trkpt>
      <trkpt lat="22.222429" lon="113.21528">
        <ele>27.6</ele>
        <time>2024-04-27T07:47:58Z</time>
      </trkpt>
      <trkpt lat="22.222446" lon="113.215211">
        <ele>27.5</ele>
        <time>2024-04-27T07:47:59Z</time>
      </trkpt>
      <trkpt lat="22.222467" lon="113.21515">
        <ele>27.3</ele>
        <time>2024-04-27T07:48:00Z</time>
      </trkpt>
      <trkpt lat="22.222491" lon="113.215089">
        <ele>27.2</ele>
        <time>2024-04-27T07:48:01Z</time>
      </trkpt>
      <trkpt lat="22.222514" lon="113.215024">
        <ele>27.1</ele>
        <time>2024-04-27T07:48:02Z</time>
      </trkpt>
      <trkpt lat="22.222536" lon="113.214959">
        <ele>27</ele>
        <time>2024-04-27T07:48:03Z</time>
      </trkpt>
      <trkpt lat="22.22256" lon="113.214898">
        <ele>26.8</ele>
        <time>2024-04-27T07:48:04Z</time>
      </trkpt>
      <trkpt lat="22.222583" lon="113.214833">
        <ele>26.7</ele>
        <time>2024-04-27T07:48:05Z</time>
      </trkpt>
      <trkpt lat="22.222602" lon="113.214765">
        <ele>26.6</ele>
        <time>2024-04-27T07:48:06Z</time>
      </trkpt>
      <trkpt lat="22.222618" lon="113.214699">
        <ele>26.4</ele>
        <time>2024-04-27T07:48:07Z</time>
      </trkpt>
      <trkpt lat="22.222633" lon="113.214631">
        <ele>26.3</ele>
        <time>2024-04-27T07:48:08Z</time>
      </trkpt>
      <trkpt lat="22.222648" lon="113.214555">
        <ele>26.2</ele>
        <time>2024-04-27T07:48:09Z</time>
      </trkpt>
      <trkpt lat="22.222666" lon="113.214479">
        <ele>26</ele>
        <time>2024-04-27T07:48:10Z</time>
      </trkpt>
      <trkpt lat="22.222686" lon="113.214402">
        <ele>25.9</ele>
        <time>2024-04-27T07:48:11Z</time>
      </trkpt>
      <trkpt lat="22.222703" lon="113.21433">
        <ele>25.7</ele>
        <time>2024-04-27T07:48:12Z</time>
      </trkpt>
      <trkpt lat="22.222719" lon="113.214254">
        <ele>25.6</ele>
        <time>2024-04-27T07:48:13Z</time>
      </trkpt>
      <trkpt lat="22.222739" lon="113.214181">
        <ele>25.4</ele>
        <time>2024-04-27T07:48:14Z</time>
      </trkpt>
      <trkpt lat="22.222763" lon="113.214127">
        <ele>25.3</ele>
        <time>2024-04-27T07:48:15Z</time>
      </trkpt>
      <trkpt lat="22.222798" lon="113.214089">
        <ele>25.2</ele>
        <time>2024-04-27T07:48:16Z</time>
      </trkpt>
      <trkpt lat="22.222846" lon="113.214062">
        <ele>25.1</ele>
        <time>2024-04-27T07:48:17Z</time>
      </trkpt>
      <trkpt lat="22.222902" lon="113.214039">
        <ele>25</ele>
        <time>2024-04-27T07:48:18Z</time>
      </trkpt>
      <trkpt lat="22.222961" lon="113.21402">
        <ele>24.9</ele>
        <time>2024-04-27T07:48:19Z</time>
      </trkpt>
      <trkpt lat="22.22302" lon="113.214001">
        <ele>24.8</ele>
        <time>2024-04-27T07:48:20Z</time>
      </trkpt>
      <trkpt lat="22.22308" lon="113.213971">
        <ele>24.8</ele>
        <time>2024-04-27T07:48:21Z</time>
      </trkpt>
      <trkpt lat="22.223143" lon="113.21394">
        <ele>24.7</ele>
        <time>2024-04-27T07:48:22Z</time>
      </trkpt>
      <trkpt lat="22.223209" lon="113.213913">
        <ele>24.6</ele>
        <time>2024-04-27T07:48:23Z</time>
      </trkpt>
      <trkpt lat="22.223279" lon="113.213879">
        <ele>24.5</ele>
        <time>2024-04-27T07:48:24Z</time>
      </trkpt>
      <trkpt lat="22.223343" lon="113.213841">
        <ele>24.4</ele>
        <time>2024-04-27T07:48:25Z</time>
      </trkpt>
      <trkpt lat="22.2234" lon="113.213803">
        <ele>24.3</ele>
        <time>2024-04-27T07:48:26Z</time>
      </trkpt>
      <trkpt lat="22.223452" lon="113.213761">
        <ele>24.2</ele>
        <time>2024-04-27T07:48:27Z</time>
      </trkpt>
      <trkpt lat="22.223501" lon="113.213716">
        <ele>24.2</ele>
        <time>2024-04-27T07:48:28Z</time>
      </trkpt>
      <trkpt lat="22.22355" lon="113.213669">
        <ele>24.1</ele>
        <time>2024-04-27T07:48:29Z</time>
      </trkpt>
      <trkpt lat="22.223601" lon="113.213627">
        <ele>24</ele>
        <time>2024-04-27T07:48:30Z</time>
      </trkpt>
      <trkpt lat="22.223653" lon="113.213589">
        <ele>23.9</ele>
        <time>2024-04-27T07:48:31Z</time>
      </trkpt>
      <trkpt lat="22.223705" lon="113.213551">
        <ele>23.9</ele>
        <time>2024-04-27T07:48:32Z</time>
      </trkpt>
      <trkpt lat="22.223752" lon="113.213517">
        <ele>23.8</ele>
        <time>2024-04-27T07:48:33Z</time>
      </trkpt>
      <trkpt lat="22.223787" lon="113.21349">
        <ele>23.7</ele>
        <time>2024-04-27T07:48:34Z</time>
      </trkpt>
      <trkpt lat="22.223814" lon="113.213471">
        <ele>23.7</ele>
        <time>2024-04-27T07:48:35Z</time>
      </trkpt>
      <trkpt lat="22.223841" lon="113.213452">
        <ele>23.7</ele>
        <time>2024-04-27T07:48:36Z</time>
      </trkpt>
      <trkpt lat="22.223868" lon="113.213429">
        <ele>23.6</ele>
        <time>2024-04-27T07:48:37Z</time>
      </trkpt>
      <trkpt lat="22.223897" lon="113.213402">
        <ele>23.6</ele>
        <time>2024-04-27T07:48:38Z</time>
      </trkpt>
      <trkpt lat="22.223935" lon="113.213375">
        <ele>23.5</ele>
        <time>2024-04-27T07:48:39Z</time>
      </trkpt>
      <trkpt lat="22.223977" lon="113.213352">
        <ele>23.4</ele>
        <time>2024-04-27T07:48:40Z</time>
      </trkpt>
      <trkpt lat="22.22402" lon="113.213326">
        <ele>23.4</ele>
        <time>2024-04-27T07:48:41Z</time>
      </trkpt>
      <trkpt lat="22.224059" lon="113.213292">
        <ele>23.3</ele>
        <time>2024-04-27T07:48:42Z</time>
      </trkpt>
      <trkpt lat="22.224096" lon="113.213257">
        <ele>23.3</ele>
        <time>2024-04-27T07:48:43Z</time>
      </trkpt>
      <trkpt lat="22.224138" lon="113.213227">
        <ele>23.2</ele>
        <time>2024-04-27T07:48:44Z</time>
      </trkpt>
      <trkpt lat="22.224181" lon="113.2132">
        <ele>23.1</ele>
        <time>2024-04-27T07:48:45Z</time>
      </trkpt>
      <trkpt lat="22.224221" lon="113.213181">
        <ele>23.1</ele>
        <time>2024-04-27T07:48:46Z</time>
      </trkpt>
      <trkpt lat="22.224255" lon="113.213169">
        <ele>23</ele>
        <time>2024-04-27T07:48:47Z</time>
      </trkpt>
      <trkpt lat="22.224287" lon="113.213169">
        <ele>23</ele>
        <time>2024-04-27T07:48:48Z</time>
      </trkpt>
      <trkpt lat="22.224313" lon="113.213191">
        <ele>23</ele>
        <time>2024-04-27T07:48:49Z</time>
      </trkpt>
      <trkpt lat="22.224331" lon="113.213229">
        <ele>22.9</ele>
        <time>2024-04-27T07:48:50Z</time>
      </trkpt>
      <trkpt lat="22.224342" lon="113.21326">
        <ele>22.9</ele>
        <time>2024-04-27T07:48:51Z</time>
      </trkpt>
      <trkpt lat="22.224356" lon="113.213283">
        <ele>22.9</ele>
        <time>2024-04-27T07:48:52Z</time>
      </trkpt>
      <trkpt lat="22.224375" lon="113.213302">
        <ele>22.8</ele>
        <time>2024-04-27T07:48:53Z</time>
      </trkpt>
      <trkpt lat="22.224396" lon="113.213318">
        <ele>22.8</ele>
        <time>2024-04-27T07:48:54Z</time>
      </trkpt>
      <trkpt lat="22.224414" lon="113.213337">
        <ele>22.7</ele>
        <time>2024-04-27T07:48:55Z</time>
      </trkpt>
      <trkpt lat="22.224421" lon="113.213348">
        <ele>22.7</ele>
        <time>2024-04-27T07:48:56Z</time>
      </trkpt>
      <trkpt lat="22.22442" lon="113.213348">
        <ele>22.7</ele>
        <time>2024-04-27T07:48:57Z</time>
      </trkpt>
      <trkpt lat="22.224517" lon="113.213411">
        <ele>22.4</ele>
        <time>2024-04-27T07:50:49Z</time>
      </trkpt>
      <trkpt lat="22.224539" lon="113.213434">
        <ele>22.3</ele>
        <time>2024-04-27T07:50:50Z</time>
      </trkpt>
      <trkpt lat="22.224562" lon="113.213457">
        <ele>22.2</ele>
        <time>2024-04-27T07:50:51Z</time>
      </trkpt>
      <trkpt lat="22.224589" lon="113.213483">
        <ele>22.1</ele>
        <time>2024-04-27T07:50:52Z</time>
      </trkpt>
      <trkpt lat="22.224618" lon="113.213511">
        <ele>22</ele>
        <time>2024-04-27T07:50:53Z</time>
      </trkpt>
      <trkpt lat="22.224646" lon="113.213536">
        <ele>21.9</ele>
        <time>2024-04-27T07:50:54Z</time>
      </trkpt>
      <trkpt lat="22.224674" lon="113.213564">
        <ele>21.8</ele>
        <time>2024-04-27T07:50:55Z</time>
      </trkpt>
      <trkpt lat="22.224704" lon="113.213587">
        <ele>21.7</ele>
        <time>2024-04-27T07:50:56Z</time>
      </trkpt>
      <trkpt lat="22.224735" lon="113.213603">
        <ele>21.6</ele>
        <time>2024-04-27T07:50:57Z</time>
      </trkpt>
      <trkpt lat="22.224767" lon="113.213608">
        <ele>21.5</ele>
        <time>2024-04-27T07:50:58Z</time>
      </trkpt>
      <trkpt lat="22.224795" lon="113.213601">
        <ele>21.4</ele>
        <time>2024-04-27T07:50:59Z</time>
      </trkpt>
      <trkpt lat="22.224813" lon="113.213583">
        <ele>21.3</ele>
        <time>2024-04-27T07:51:00Z</time>
      </trkpt>
      <trkpt lat="22.224822" lon="113.213557">
        <ele>21.2</ele>
        <time>2024-04-27T07:51:01Z</time>
      </trkpt>
      <trkpt lat="22.224822" lon="113.213523">
        <ele>21.1</ele>
        <time>2024-04-27T07:51:02Z</time>
      </trkpt>
      <trkpt lat="22.224813" lon="113.213488">
        <ele>21</ele>
        <time>2024-04-27T07:51:03Z</time>
      </trkpt>
      <trkpt lat="22.224791" lon="113.213461">
        <ele>21</ele>
        <time>2024-04-27T07:51:04Z</time>
      </trkpt>
      <trkpt lat="22.224762" lon="113.213438">
        <ele>20.8</ele>
        <time>2024-04-27T07:51:05Z</time>
      </trkpt>
      <trkpt lat="22.224731" lon="113.213412">
        <ele>20.7</ele>
        <time>2024-04-27T07:51:06Z</time>
      </trkpt>
      <trkpt lat="22.224699" lon="113.213382">
        <ele>20.6</ele>
        <time>2024-04-27T07:51:07Z</time>
      </trkpt>
      <trkpt lat="22.224666" lon="113.213351">
        <ele>20.5</ele>
        <time>2024-04-27T07:51:08Z</time>
      </trkpt>
      <trkpt lat="22.22463" lon="113.213317">
        <ele>20.4</ele>
        <time>2024-04-27T07:51:09Z</time>
      </trkpt>
      <trkpt lat="22.224593" lon="113.213278">
        <ele>20.2</ele>
        <time>2024-04-27T07:51:10Z</time>
      </trkpt>
      <trkpt lat="22.224553" lon="113.213239">
        <ele>20.1</ele>
        <time>2024-04-27T07:51:11Z</time>
      </trkpt>
      <trkpt lat="22.224511" lon="113.213201">
        <ele>19.9</ele>
        <time>2024-04-27T07:51:12Z</time>
      </trkpt>
      <trkpt lat="22.224468" lon="113.213163">
        <ele>19.7</ele>
        <time>2024-04-27T07:51:13Z</time>
      </trkpt>
      <trkpt lat="22.224425" lon="113.213125">
        <ele>19.6</ele>
        <time>2024-04-27T07:51:14Z</time>
      </trkpt>
      <trkpt lat="22.224381" lon="113.213083">
        <ele>19.4</ele>
        <time>2024-04-27T07:51:15Z</time>
      </trkpt>
      <trkpt lat="22.224336" lon="113.213037">
        <ele>19.2</ele>
        <time>2024-04-27T07:51:16Z</time>
      </trkpt>
      <trkpt lat="22.224292" lon="113.212995">
        <ele>19.1</ele>
        <time>2024-04-27T07:51:17Z</time>
      </trkpt>
      <trkpt lat="22.224249" lon="113.212953">
        <ele>18.9</ele>
        <time>2024-04-27T07:51:18Z</time>
      </trkpt>
      <trkpt lat="22.224204" lon="113.212911">
        <ele>18.7</ele>
        <time>2024-04-27T07:51:19Z</time>
      </trkpt>
      <trkpt lat="22.224161" lon="113.212869">
        <ele>18.6</ele>
        <time>2024-04-27T07:51:20Z</time>
      </trkpt>
      <trkpt lat="22.224122" lon="113.212823">
        <ele>18.4</ele>
        <time>2024-04-27T07:51:21Z</time>
      </trkpt>
      <trkpt lat="22.224085" lon="113.212778">
        <ele>18.2</ele>
        <time>2024-04-27T07:51:22Z</time>
      </trkpt>
      <trkpt lat="22.224049" lon="113.212733">
        <ele>18.1</ele>
        <time>2024-04-27T07:51:23Z</time>
      </trkpt>
      <trkpt lat="22.224013" lon="113.212687">
        <ele>17.9</ele>
        <time>2024-04-27T07:51:24Z</time>
      </trkpt>
      <trkpt lat="22.223975" lon="113.21264">
        <ele>17.8</ele>
        <time>2024-04-27T07:51:25Z</time>
      </trkpt>
      <trkpt lat="22.223936" lon="113.212595">
        <ele>17.6</ele>
        <time>2024-04-27T07:51:26Z</time>
      </trkpt>
      <trkpt lat="22.2239" lon="113.212552">
        <ele>17.5</ele>
        <time>2024-04-27T07:51:27Z</time>
      </trkpt>
      <trkpt lat="22.223862" lon="113.212506">
        <ele>17.4</ele>
        <time>2024-04-27T07:51:28Z</time>
      </trkpt>
      <trkpt lat="22.223824" lon="113.212454">
        <ele>17.3</ele>
        <time>2024-04-27T07:51:29Z</time>
      </trkpt>
      <trkpt lat="22.223786" lon="113.212401">
        <ele>17.1</ele>
        <time>2024-04-27T07:51:30Z</time>
      </trkpt>
      <trkpt lat="22.223749" lon="113.212347">
        <ele>17</ele>
        <time>2024-04-27T07:51:31Z</time>
      </trkpt>
      <trkpt lat="22.223713" lon="113.212294">
        <ele>16.9</ele>
        <time>2024-04-27T07:51:32Z</time>
      </trkpt>
      <trkpt lat="22.223672" lon="113.212241">
        <ele>16.8</ele>
        <time>2024-04-27T07:51:33Z</time>
      </trkpt>
      <trkpt lat="22.223629" lon="113.212188">
        <ele>16.6</ele>
        <time>2024-04-27T07:51:34Z</time>
      </trkpt>
      <trkpt lat="22.223588" lon="113.212137">
        <ele>16.5</ele>
        <time>2024-04-27T07:51:35Z</time>
      </trkpt>
      <trkpt lat="22.22355" lon="113.212092">
        <ele>16.4</ele>
        <time>2024-04-27T07:51:36Z</time>
      </trkpt>
      <trkpt lat="22.223511" lon="113.212042">
        <ele>16.3</ele>
        <time>2024-04-27T07:51:37Z</time>
      </trkpt>
      <trkpt lat="22.223467" lon="113.211989">
        <ele>16.1</ele>
        <time>2024-04-27T07:51:38Z</time>
      </trkpt>
      <trkpt lat="22.223422" lon="113.211935">
        <ele>16</ele>
        <time>2024-04-27T07:51:39Z</time>
      </trkpt>
      <trkpt lat="22.223382" lon="113.211882">
        <ele>15.9</ele>
        <time>2024-04-27T07:51:40Z</time>
      </trkpt>
      <trkpt lat="22.223343" lon="113.211828">
        <ele>15.8</ele>
        <time>2024-04-27T07:51:41Z</time>
      </trkpt>
      <trkpt lat="22.223302" lon="113.211774">
        <ele>15.6</ele>
        <time>2024-04-27T07:51:42Z</time>
      </trkpt>
      <trkpt lat="22.22326" lon="113.211724">
        <ele>15.5</ele>
        <time>2024-04-27T07:51:43Z</time>
      </trkpt>
      <trkpt lat="22.223223" lon="113.211678">
        <ele>15.4</ele>
        <time>2024-04-27T07:51:44Z</time>
      </trkpt>
      <trkpt lat="22.223187" lon="113.211633">
        <ele>15.3</ele>
        <time>2024-04-27T07:51:45Z</time>
      </trkpt>
      <trkpt lat="22.22315" lon="113.211583">
        <ele>15.2</ele>
        <time>2024-04-27T07:51:46Z</time>
      </trkpt>
      <trkpt lat="22.22311" lon="113.21153">
        <ele>15</ele>
        <time>2024-04-27T07:51:47Z</time>
      </trkpt>
      <trkpt lat="22.22307" lon="113.21148">
        <ele>14.9</ele>
        <time>2024-04-27T07:51:48Z</time>
      </trkpt>
      <trkpt lat="22.223031" lon="113.211431">
        <ele>14.8</ele>
        <time>2024-04-27T07:51:49Z</time>
      </trkpt>
      <trkpt lat="22.222992" lon="113.211381">
        <ele>14.7</ele>
        <time>2024-04-27T07:51:50Z</time>
      </trkpt>
      <trkpt lat="22.222954" lon="113.211331">
        <ele>14.6</ele>
        <time>2024-04-27T07:51:51Z</time>
      </trkpt>
      <trkpt lat="22.222916" lon="113.211282">
        <ele>14.4</ele>
        <time>2024-04-27T07:51:52Z</time>
      </trkpt>
      <trkpt lat="22.222874" lon="113.21124">
        <ele>14.3</ele>
        <time>2024-04-27T07:51:53Z</time>
      </trkpt>
      <trkpt lat="22.222829" lon="113.211202">
        <ele>14.2</ele>
        <time>2024-04-27T07:51:54Z</time>
      </trkpt>
      <trkpt lat="22.222785" lon="113.211164">
        <ele>14.1</ele>
        <time>2024-04-27T07:51:55Z</time>
      </trkpt>
      <trkpt lat="22.222743" lon="113.211122">
        <ele>14</ele>
        <time>2024-04-27T07:51:56Z</time>
      </trkpt>
      <trkpt lat="22.222703" lon="113.211076">
        <ele>13.9</ele>
        <time>2024-04-27T07:51:57Z</time>
      </trkpt>
      <trkpt lat="22.222659" lon="113.21103">
        <ele>13.7</ele>
        <time>2024-04-27T07:51:58Z</time>
      </trkpt>
      <trkpt lat="22.222621" lon="113.210985">
        <ele>13.6</ele>
        <time>2024-04-27T07:51:59Z</time>
      </trkpt>
      <trkpt lat="22.2226" lon="113.210935">
        <ele>13.5</ele>
        <time>2024-04-27T07:52:00Z</time>
      </trkpt>
      <trkpt lat="22.222591" lon="113.210878">
        <ele>13.4</ele>
        <time>2024-04-27T07:52:01Z</time>
      </trkpt>
      <trkpt lat="22.222578" lon="113.210817">
        <ele>13.3</ele>
        <time>2024-04-27T07:52:02Z</time>
      </trkpt>
      <trkpt lat="22.22256" lon="113.210767">
        <ele>13.2</ele>
        <time>2024-04-27T07:52:03Z</time>
      </trkpt>
      <trkpt lat="22.22253" lon="113.210733">
        <ele>13.1</ele>
        <time>2024-04-27T07:52:04Z</time>
      </trkpt>
      <trkpt lat="22.222487" lon="113.210702">
        <ele>13</ele>
        <time>2024-04-27T07:52:05Z</time>
      </trkpt>
      <trkpt lat="22.222446" lon="113.210661">
        <ele>12.9</ele>
        <time>2024-04-27T07:52:06Z</time>
      </trkpt>
      <trkpt lat="22.222412" lon="113.210615">
        <ele>12.8</ele>
        <time>2024-04-27T07:52:07Z</time>
      </trkpt>
      <trkpt lat="22.222381" lon="113.210569">
        <ele>12.7</ele>
        <time>2024-04-27T07:52:08Z</time>
      </trkpt>
      <trkpt lat="22.222354" lon="113.210526">
        <ele>12.6</ele>
        <time>2024-04-27T07:52:09Z</time>
      </trkpt>
      <trkpt lat="22.22233" lon="113.210489">
        <ele>12.5</ele>
        <time>2024-04-27T07:52:10Z</time>
      </trkpt>
      <trkpt lat="22.222312" lon="113.210443">
        <ele>12.4</ele>
        <time>2024-04-27T07:52:11Z</time>
      </trkpt>
      <trkpt lat="22.222304" lon="113.210397">
        <ele>12.3</ele>
        <time>2024-04-27T07:52:12Z</time>
      </trkpt>
      <trkpt lat="22.222304" lon="113.210359">
        <ele>12.2</ele>
        <time>2024-04-27T07:52:13Z</time>
      </trkpt>
      <trkpt lat="22.222315" lon="113.210332">
        <ele>12.2</ele>
        <time>2024-04-27T07:52:14Z</time>
      </trkpt>
      <trkpt lat="22.222339" lon="113.210312">
        <ele>12.1</ele>
        <time>2024-04-27T07:52:15Z</time>
      </trkpt>
      <trkpt lat="22.222371" lon="113.210301">
        <ele>12</ele>
        <time>2024-04-27T07:52:16Z</time>
      </trkpt>
      <trkpt lat="22.222406" lon="113.210297">
        <ele>12</ele>
        <time>2024-04-27T07:52:17Z</time>
      </trkpt>
      <trkpt lat="22.222443" lon="113.210293">
        <ele>11.9</ele>
        <time>2024-04-27T07:52:18Z</time>
      </trkpt>
      <trkpt lat="22.222485" lon="113.210278">
        <ele>11.8</ele>
        <time>2024-04-27T07:52:19Z</time>
      </trkpt>
      <trkpt lat="22.222527" lon="113.210259">
        <ele>11.7</ele>
        <time>2024-04-27T07:52:20Z</time>
      </trkpt>
      <trkpt lat="22.222571" lon="113.210244">
        <ele>11.6</ele>
        <time>2024-04-27T07:52:21Z</time>
      </trkpt>
      <trkpt lat="22.222616" lon="113.210225">
        <ele>11.5</ele>
        <time>2024-04-27T07:52:22Z</time>
      </trkpt>
      <trkpt lat="22.222659" lon="113.210206">
        <ele>11.4</ele>
        <time>2024-04-27T07:52:23Z</time>
      </trkpt>
      <trkpt lat="22.222704" lon="113.21019">
        <ele>11.3</ele>
        <time>2024-04-27T07:52:24Z</time>
      </trkpt>
      <trkpt lat="22.222748" lon="113.210175">
        <ele>11.2</ele>
        <time>2024-04-27T07:52:25Z</time>
      </trkpt>
      <trkpt lat="22.222792" lon="113.21016">
        <ele>11.1</ele>
        <time>2024-04-27T07:52:26Z</time>
      </trkpt>
      <trkpt lat="22.222841" lon="113.210145">
        <ele>11</ele>
        <time>2024-04-27T07:52:27Z</time>
      </trkpt>
      <trkpt lat="22.222892" lon="113.210129">
        <ele>10.9</ele>
        <time>2024-04-27T07:52:28Z</time>
      </trkpt>
      <trkpt lat="22.222941" lon="113.210114">
        <ele>10.8</ele>
        <time>2024-04-27T07:52:29Z</time>
      </trkpt>
      <trkpt lat="22.222991" lon="113.210099">
        <ele>10.7</ele>
        <time>2024-04-27T07:52:30Z</time>
      </trkpt>
      <trkpt lat="22.223039" lon="113.210083">
        <ele>10.6</ele>
        <time>2024-04-27T07:52:31Z</time>
      </trkpt>
      <trkpt lat="22.223084" lon="113.210068">
        <ele>10.5</ele>
        <time>2024-04-27T07:52:32Z</time>
      </trkpt>
      <trkpt lat="22.223129" lon="113.210056">
        <ele>10.4</ele>
        <time>2024-04-27T07:52:33Z</time>
      </trkpt>
      <trkpt lat="22.22317" lon="113.210042">
        <ele>10.4</ele>
        <time>2024-04-27T07:52:34Z</time>
      </trkpt>
      <trkpt lat="22.223209" lon="113.210022">
        <ele>10.4</ele>
        <time>2024-04-27T07:52:35Z</time>
      </trkpt>
      <trkpt lat="22.22325" lon="113.210007">
        <ele>10.4</ele>
        <time>2024-04-27T07:52:36Z</time>
      </trkpt>
      <trkpt lat="22.22329" lon="113.209995">
        <ele>10.3</ele>
        <time>2024-04-27T07:52:37Z</time>
      </trkpt>
      <trkpt lat="22.22333" lon="113.209988">
        <ele>10.3</ele>
        <time>2024-04-27T07:52:38Z</time>
      </trkpt>
      <trkpt lat="22.223371" lon="113.20998">
        <ele>10.3</ele>
        <time>2024-04-27T07:52:39Z</time>
      </trkpt>
      <trkpt lat="22.223412" lon="113.209969">
        <ele>10.3</ele>
        <time>2024-04-27T07:52:40Z</time>
      </trkpt>
      <trkpt lat="22.223457" lon="113.209954">
        <ele>10.3</ele>
        <time>2024-04-27T07:52:41Z</time>
      </trkpt>
      <trkpt lat="22.223502" lon="113.209942">
        <ele>10.3</ele>
        <time>2024-04-27T07:52:42Z</time>
      </trkpt>
      <trkpt lat="22.22355" lon="113.209931">
        <ele>10.3</ele>
        <time>2024-04-27T07:52:43Z</time>
      </trkpt>
      <trkpt lat="22.223603" lon="113.209912">
        <ele>10.3</ele>
        <time>2024-04-27T07:52:44Z</time>
      </trkpt>
      <trkpt lat="22.223655" lon="113.209893">
        <ele>10.3</ele>
        <time>2024-04-27T07:52:45Z</time>
      </trkpt>
      <trkpt lat="22.223705" lon="113.209877">
        <ele>10.3</ele>
        <time>2024-04-27T07:52:46Z</time>
      </trkpt>
      <trkpt lat="22.223754" lon="113.209858">
        <ele>10.3</ele>
        <time>2024-04-27T07:52:47Z</time>
      </trkpt>
      <trkpt lat="22.223806" lon="113.209835">
        <ele>10.2</ele>
        <time>2024-04-27T07:52:48Z</time>
      </trkpt>
      <trkpt lat="22.223858" lon="113.209816">
        <ele>10.2</ele>
        <time>2024-04-27T07:52:49Z</time>
      </trkpt>
      <trkpt lat="22.22391" lon="113.209797">
        <ele>10.2</ele>
        <time>2024-04-27T07:52:50Z</time>
      </trkpt>
      <trkpt lat="22.223964" lon="113.209778">
        <ele>10.2</ele>
        <time>2024-04-27T07:52:51Z</time>
      </trkpt>
      <trkpt lat="22.224019" lon="113.209763">
        <ele>10.2</ele>
        <time>2024-04-27T07:52:52Z</time>
      </trkpt>
      <trkpt lat="22.224075" lon="113.209748">
        <ele>10.2</ele>
        <time>2024-04-27T07:52:53Z</time>
      </trkpt>
      <trkpt lat="22.224128" lon="113.209733">
        <ele>10.2</ele>
        <time>2024-04-27T07:52:54Z</time>
      </trkpt>
      <trkpt lat="22.224181" lon="113.209714">
        <ele>10.2</ele>
        <time>2024-04-27T07:52:55Z</time>
      </trkpt>
      <trkpt lat="22.22424" lon="113.209691">
        <ele>10.2</ele>
        <time>2024-04-27T07:52:56Z</time>
      </trkpt>
      <trkpt lat="22.2243" lon="113.209671">
        <ele>10.2</ele>
        <time>2024-04-27T07:52:57Z</time>
      </trkpt>
      <trkpt lat="22.224361" lon="113.209656">
        <ele>10.1</ele>
        <time>2024-04-27T07:52:58Z</time>
      </trkpt>
      <trkpt lat="22.224423" lon="113.209641">
        <ele>10.1</ele>
        <time>2024-04-27T07:52:59Z</time>
      </trkpt>
      <trkpt lat="22.224482" lon="113.209626">
        <ele>10.1</ele>
        <time>2024-04-27T07:53:00Z</time>
      </trkpt>
      <trkpt lat="22.224537" lon="113.20961">
        <ele>10.1</ele>
        <time>2024-04-27T07:53:01Z</time>
      </trkpt>
      <trkpt lat="22.224593" lon="113.209595">
        <ele>10.1</ele>
        <time>2024-04-27T07:53:02Z</time>
      </trkpt>
      <trkpt lat="22.22465" lon="113.20958">
        <ele>10.1</ele>
        <time>2024-04-27T07:53:03Z</time>
      </trkpt>
      <trkpt lat="22.224707" lon="113.209568">
        <ele>10.1</ele>
        <time>2024-04-27T07:53:04Z</time>
      </trkpt>
      <trkpt lat="22.224765" lon="113.209561">
        <ele>10.1</ele>
        <time>2024-04-27T07:53:05Z</time>
      </trkpt>
      <trkpt lat="22.224821" lon="113.209553">
        <ele>10</ele>
        <time>2024-04-27T07:53:06Z</time>
      </trkpt>
      <trkpt lat="22.224879" lon="113.209542">
        <ele>10</ele>
        <time>2024-04-27T07:53:07Z</time>
      </trkpt>
      <trkpt lat="22.22494" lon="113.209534">
        <ele>10</ele>
        <time>2024-04-27T07:53:08Z</time>
      </trkpt>
      <trkpt lat="22.225001" lon="113.20953">
        <ele>10</ele>
        <time>2024-04-27T07:53:09Z</time>
      </trkpt>
      <trkpt lat="22.225059" lon="113.209522">
        <ele>9.9</ele>
        <time>2024-04-27T07:53:10Z</time>
      </trkpt>
      <trkpt lat="22.225119" lon="113.209515">
        <ele>9.9</ele>
        <time>2024-04-27T07:53:11Z</time>
      </trkpt>
      <trkpt lat="22.225179" lon="113.209507">
        <ele>9.8</ele>
        <time>2024-04-27T07:53:12Z</time>
      </trkpt>
      <trkpt lat="22.225239" lon="113.209503">
        <ele>9.8</ele>
        <time>2024-04-27T07:53:13Z</time>
      </trkpt>
      <trkpt lat="22.225299" lon="113.2095">
        <ele>9.7</ele>
        <time>2024-04-27T07:53:14Z</time>
      </trkpt>
      <trkpt lat="22.225358" lon="113.209496">
        <ele>9.7</ele>
        <time>2024-04-27T07:53:15Z</time>
      </trkpt>
      <trkpt lat="22.225417" lon="113.209492">
        <ele>9.7</ele>
        <time>2024-04-27T07:53:16Z</time>
      </trkpt>
      <trkpt lat="22.225474" lon="113.209488">
        <ele>9.6</ele>
        <time>2024-04-27T07:53:17Z</time>
      </trkpt>
      <trkpt lat="22.225529" lon="113.209492">
        <ele>9.6</ele>
        <time>2024-04-27T07:53:18Z</time>
      </trkpt>
      <trkpt lat="22.225582" lon="113.209499">
        <ele>9.5</ele>
        <time>2024-04-27T07:53:19Z</time>
      </trkpt>
      <trkpt lat="22.225633" lon="113.209503">
        <ele>9.5</ele>
        <time>2024-04-27T07:53:20Z</time>
      </trkpt>
      <trkpt lat="22.225683" lon="113.209507">
        <ele>9.5</ele>
        <time>2024-04-27T07:53:21Z</time>
      </trkpt>
      <trkpt lat="22.225732" lon="113.209511">
        <ele>9.4</ele>
        <time>2024-04-27T07:53:22Z</time>
      </trkpt>
      <trkpt lat="22.225779" lon="113.209511">
        <ele>9.4</ele>
        <time>2024-04-27T07:53:23Z</time>
      </trkpt>
      <trkpt lat="22.22583" lon="113.209511">
        <ele>9.4</ele>
        <time>2024-04-27T07:53:24Z</time>
      </trkpt>
      <trkpt lat="22.225879" lon="113.209514">
        <ele>9.3</ele>
        <time>2024-04-27T07:53:25Z</time>
      </trkpt>
      <trkpt lat="22.225926" lon="113.209518">
        <ele>9.3</ele>
        <time>2024-04-27T07:53:26Z</time>
      </trkpt>
      <trkpt lat="22.225972" lon="113.209518">
        <ele>9.3</ele>
        <time>2024-04-27T07:53:27Z</time>
      </trkpt>
      <trkpt lat="22.22602" lon="113.209518">
        <ele>9.2</ele>
        <time>2024-04-27T07:53:28Z</time>
      </trkpt>
      <trkpt lat="22.226068" lon="113.209522">
        <ele>9.2</ele>
        <time>2024-04-27T07:53:29Z</time>
      </trkpt>
      <trkpt lat="22.226116" lon="113.209533">
        <ele>9.2</ele>
        <time>2024-04-27T07:53:30Z</time>
      </trkpt>
      <trkpt lat="22.226166" lon="113.209541">
        <ele>9.1</ele>
        <time>2024-04-27T07:53:31Z</time>
      </trkpt>
      <trkpt lat="22.22622" lon="113.209545">
        <ele>9.1</ele>
        <time>2024-04-27T07:53:32Z</time>
      </trkpt>
      <trkpt lat="22.226274" lon="113.209556">
        <ele>9.1</ele>
        <time>2024-04-27T07:53:33Z</time>
      </trkpt>
      <trkpt lat="22.226325" lon="113.209572">
        <ele>9</ele>
        <time>2024-04-27T07:53:34Z</time>
      </trkpt>
      <trkpt lat="22.226377" lon="113.209583">
        <ele>9</ele>
        <time>2024-04-27T07:53:35Z</time>
      </trkpt>
      <trkpt lat="22.226427" lon="113.209594">
        <ele>8.9</ele>
        <time>2024-04-27T07:53:36Z</time>
      </trkpt>
      <trkpt lat="22.226461" lon="113.209606">
        <ele>8.9</ele>
        <time>2024-04-27T07:53:37Z</time>
      </trkpt>
      <trkpt lat="22.226477" lon="113.209614">
        <ele>8.9</ele>
        <time>2024-04-27T07:53:38Z</time>
      </trkpt>
      <trkpt lat="22.226486" lon="113.209625">
        <ele>8.9</ele>
        <time>2024-04-27T07:53:39Z</time>
      </trkpt>
      <trkpt lat="22.226493" lon="113.209629">
        <ele>8.9</ele>
        <time>2024-04-27T07:53:40Z</time>
      </trkpt>
      <trkpt lat="22.226494" lon="113.209625">
        <ele>8.9</ele>
        <time>2024-04-27T07:53:41Z</time>
      </trkpt>
      <trkpt lat="22.226494" lon="113.209447">
        <ele>8.8</ele>
        <time>2024-04-27T07:54:18Z</time>
      </trkpt>
      <trkpt lat="22.226499" lon="113.209424">
        <ele>8.8</ele>
        <time>2024-04-27T07:54:19Z</time>
      </trkpt>
      <trkpt lat="22.226497" lon="113.209401">
        <ele>8.8</ele>
        <time>2024-04-27T07:54:20Z</time>
      </trkpt>
      <trkpt lat="22.226481" lon="113.209381">
        <ele>8.8</ele>
        <time>2024-04-27T07:54:21Z</time>
      </trkpt>
      <trkpt lat="22.226456" lon="113.209366">
        <ele>8.8</ele>
        <time>2024-04-27T07:54:22Z</time>
      </trkpt>
      <trkpt lat="22.226427" lon="113.209355">
        <ele>8.7</ele>
        <time>2024-04-27T07:54:23Z</time>
      </trkpt>
      <trkpt lat="22.226393" lon="113.209351">
        <ele>8.7</ele>
        <time>2024-04-27T07:54:24Z</time>
      </trkpt>
      <trkpt lat="22.226361" lon="113.209351">
        <ele>8.7</ele>
        <time>2024-04-27T07:54:25Z</time>
      </trkpt>
      <trkpt lat="22.226329" lon="113.209347">
        <ele>8.7</ele>
        <time>2024-04-27T07:54:26Z</time>
      </trkpt>
      <trkpt lat="22.226297" lon="113.209339">
        <ele>8.7</ele>
        <time>2024-04-27T07:54:27Z</time>
      </trkpt>
      <trkpt lat="22.226266" lon="113.209332">
        <ele>8.7</ele>
        <time>2024-04-27T07:54:28Z</time>
      </trkpt>
      <trkpt lat="22.226233" lon="113.20932">
        <ele>8.7</ele>
        <time>2024-04-27T07:54:29Z</time>
      </trkpt>
      <trkpt lat="22.2262" lon="113.209312">
        <ele>8.7</ele>
        <time>2024-04-27T07:54:30Z</time>
      </trkpt>
      <trkpt lat="22.226163" lon="113.209309">
        <ele>8.7</ele>
        <time>2024-04-27T07:54:31Z</time>
      </trkpt>
      <trkpt lat="22.226126" lon="113.209305">
        <ele>8.7</ele>
        <time>2024-04-27T07:54:32Z</time>
      </trkpt>
      <trkpt lat="22.226089" lon="113.209298">
        <ele>8.7</ele>
        <time>2024-04-27T07:54:33Z</time>
      </trkpt>
      <trkpt lat="22.226054" lon="113.209286">
        <ele>8.7</ele>
        <time>2024-04-27T07:54:34Z</time>
      </trkpt>
      <trkpt lat="22.226018" lon="113.209275">
        <ele>8.7</ele>
        <time>2024-04-27T07:54:35Z</time>
      </trkpt>
      <trkpt lat="22.225981" lon="113.209259">
        <ele>8.7</ele>
        <time>2024-04-27T07:54:36Z</time>
      </trkpt>
      <trkpt lat="22.225943" lon="113.209248">
        <ele>8.7</ele>
        <time>2024-04-27T07:54:37Z</time>
      </trkpt>
      <trkpt lat="22.225901" lon="113.209244">
        <ele>8.7</ele>
        <time>2024-04-27T07:54:38Z</time>
      </trkpt>
      <trkpt lat="22.225858" lon="113.20924">
        <ele>8.7</ele>
        <time>2024-04-27T07:54:39Z</time>
      </trkpt>
      <trkpt lat="22.225814" lon="113.209236">
        <ele>8.7</ele>
        <time>2024-04-27T07:54:40Z</time>
      </trkpt>
      <trkpt lat="22.225771" lon="113.209233">
        <ele>8.6</ele>
        <time>2024-04-27T07:54:41Z</time>
      </trkpt>
      <trkpt lat="22.225731" lon="113.209229">
        <ele>8.6</ele>
        <time>2024-04-27T07:54:42Z</time>
      </trkpt>
      <trkpt lat="22.22569" lon="113.209229">
        <ele>8.6</ele>
        <time>2024-04-27T07:54:43Z</time>
      </trkpt>
      <trkpt lat="22.225647" lon="113.209229">
        <ele>8.6</ele>
        <time>2024-04-27T07:54:44Z</time>
      </trkpt>
      <trkpt lat="22.225603" lon="113.209229">
        <ele>8.6</ele>
        <time>2024-04-27T07:54:45Z</time>
      </trkpt>
      <trkpt lat="22.225559" lon="113.209232">
        <ele>8.6</ele>
        <time>2024-04-27T07:54:46Z</time>
      </trkpt>
      <trkpt lat="22.225515" lon="113.20924">
        <ele>8.6</ele>
        <time>2024-04-27T07:54:47Z</time>
      </trkpt>
      <trkpt lat="22.225471" lon="113.209244">
        <ele>8.6</ele>
        <time>2024-04-27T07:54:48Z</time>
      </trkpt>
      <trkpt lat="22.225428" lon="113.209247">
        <ele>8.6</ele>
        <time>2024-04-27T07:54:49Z</time>
      </trkpt>
      <trkpt lat="22.225383" lon="113.209251">
        <ele>8.6</ele>
        <time>2024-04-27T07:54:50Z</time>
      </trkpt>
      <trkpt lat="22.225336" lon="113.209251">
        <ele>8.6</ele>
        <time>2024-04-27T07:54:51Z</time>
      </trkpt>
      <trkpt lat="22.225288" lon="113.209251">
        <ele>8.6</ele>
        <time>2024-04-27T07:54:52Z</time>
      </trkpt>
      <trkpt lat="22.225239" lon="113.209251">
        <ele>8.6</ele>
        <time>2024-04-27T07:54:53Z</time>
      </trkpt>
      <trkpt lat="22.225189" lon="113.209251">
        <ele>8.6</ele>
        <time>2024-04-27T07:54:54Z</time>
      </trkpt>
      <trkpt lat="22.225139" lon="113.209255">
        <ele>8.5</ele>
        <time>2024-04-27T07:54:55Z</time>
      </trkpt>
      <trkpt lat="22.225091" lon="113.209263">
        <ele>8.5</ele>
        <time>2024-04-27T07:54:56Z</time>
      </trkpt>
      <trkpt lat="22.225044" lon="113.20927">
        <ele>8.5</ele>
        <time>2024-04-27T07:54:57Z</time>
      </trkpt>
      <trkpt lat="22.224997" lon="113.209278">
        <ele>8.5</ele>
        <time>2024-04-27T07:54:58Z</time>
      </trkpt>
      <trkpt lat="22.224951" lon="113.209282">
        <ele>8.5</ele>
        <time>2024-04-27T07:54:59Z</time>
      </trkpt>
      <trkpt lat="22.224904" lon="113.209286">
        <ele>8.5</ele>
        <time>2024-04-27T07:55:00Z</time>
      </trkpt>
      <trkpt lat="22.224855" lon="113.20929">
        <ele>8.5</ele>
        <time>2024-04-27T07:55:01Z</time>
      </trkpt>
      <trkpt lat="22.224806" lon="113.209297">
        <ele>8.5</ele>
        <time>2024-04-27T07:55:02Z</time>
      </trkpt>
      <trkpt lat="22.224756" lon="113.209308">
        <ele>8.5</ele>
        <time>2024-04-27T07:55:03Z</time>
      </trkpt>
      <trkpt lat="22.224705" lon="113.209316">
        <ele>8.5</ele>
        <time>2024-04-27T07:55:04Z</time>
      </trkpt>
      <trkpt lat="22.224654" lon="113.209324">
        <ele>8.6</ele>
        <time>2024-04-27T07:55:05Z</time>
      </trkpt>
      <trkpt lat="22.224605" lon="113.209335">
        <ele>8.6</ele>
        <time>2024-04-27T07:55:06Z</time>
      </trkpt>
      <trkpt lat="22.224554" lon="113.20935">
        <ele>8.6</ele>
        <time>2024-04-27T07:55:07Z</time>
      </trkpt>
      <trkpt lat="22.224503" lon="113.209365">
        <ele>8.7</ele>
        <time>2024-04-27T07:55:08Z</time>
      </trkpt>
      <trkpt lat="22.224452" lon="113.209377">
        <ele>8.7</ele>
        <time>2024-04-27T07:55:09Z</time>
      </trkpt>
      <trkpt lat="22.224404" lon="113.209388">
        <ele>8.8</ele>
        <time>2024-04-27T07:55:10Z</time>
      </trkpt>
      <trkpt lat="22.224355" lon="113.2094">
        <ele>8.8</ele>
        <time>2024-04-27T07:55:11Z</time>
      </trkpt>
      <trkpt lat="22.224306" lon="113.209411">
        <ele>8.8</ele>
        <time>2024-04-27T07:55:12Z</time>
      </trkpt>
      <trkpt lat="22.224257" lon="113.209423">
        <ele>8.9</ele>
        <time>2024-04-27T07:55:13Z</time>
      </trkpt>
      <trkpt lat="22.224207" lon="113.209438">
        <ele>8.9</ele>
        <time>2024-04-27T07:55:14Z</time>
      </trkpt>
      <trkpt lat="22.224157" lon="113.209457">
        <ele>8.9</ele>
        <time>2024-04-27T07:55:15Z</time>
      </trkpt>
      <trkpt lat="22.224106" lon="113.209472">
        <ele>9</ele>
        <time>2024-04-27T07:55:16Z</time>
      </trkpt>
      <trkpt lat="22.224055" lon="113.209488">
        <ele>9</ele>
        <time>2024-04-27T07:55:17Z</time>
      </trkpt>
      <trkpt lat="22.224003" lon="113.209503">
        <ele>9</ele>
        <time>2024-04-27T07:55:18Z</time>
      </trkpt>
      <trkpt lat="22.22395" lon="113.209518">
        <ele>9.1</ele>
        <time>2024-04-27T07:55:19Z</time>
      </trkpt>
      <trkpt lat="22.2239" lon="113.209537">
        <ele>9.1</ele>
        <time>2024-04-27T07:55:20Z</time>
      </trkpt>
      <trkpt lat="22.223848" lon="113.209556">
        <ele>9.2</ele>
        <time>2024-04-27T07:55:21Z</time>
      </trkpt>
      <trkpt lat="22.223796" lon="113.209575">
        <ele>9.2</ele>
        <time>2024-04-27T07:55:22Z</time>
      </trkpt>
      <trkpt lat="22.223744" lon="113.209594">
        <ele>9.2</ele>
        <time>2024-04-27T07:55:23Z</time>
      </trkpt>
      <trkpt lat="22.223691" lon="113.209613">
        <ele>9.3</ele>
        <time>2024-04-27T07:55:24Z</time>
      </trkpt>
      <trkpt lat="22.223638" lon="113.209633">
        <ele>9.3</ele>
        <time>2024-04-27T07:55:25Z</time>
      </trkpt>
      <trkpt lat="22.223587" lon="113.209648">
        <ele>9.4</ele>
        <time>2024-04-27T07:55:26Z</time>
      </trkpt>
      <trkpt lat="22.223536" lon="113.209663">
        <ele>9.4</ele>
        <time>2024-04-27T07:55:27Z</time>
      </trkpt>
      <trkpt lat="22.223484" lon="113.209682">
        <ele>9.4</ele>
        <time>2024-04-27T07:55:28Z</time>
      </trkpt>
      <trkpt lat="22.223431" lon="113.209701">
        <ele>9.5</ele>
        <time>2024-04-27T07:55:29Z</time>
      </trkpt>
      <trkpt lat="22.223379" lon="113.209717">
        <ele>9.5</ele>
        <time>2024-04-27T07:55:30Z</time>
      </trkpt>
      <trkpt lat="22.223328" lon="113.209735">
        <ele>9.6</ele>
        <time>2024-04-27T07:55:31Z</time>
      </trkpt>
      <trkpt lat="22.223277" lon="113.209751">
        <ele>9.6</ele>
        <time>2024-04-27T07:55:32Z</time>
      </trkpt>
      <trkpt lat="22.223228" lon="113.209762">
        <ele>9.6</ele>
        <time>2024-04-27T07:55:33Z</time>
      </trkpt>
      <trkpt lat="22.223178" lon="113.209777">
        <ele>9.7</ele>
        <time>2024-04-27T07:55:34Z</time>
      </trkpt>
      <trkpt lat="22.223127" lon="113.209793">
        <ele>9.7</ele>
        <time>2024-04-27T07:55:35Z</time>
      </trkpt>
      <trkpt lat="22.223077" lon="113.209808">
        <ele>9.7</ele>
        <time>2024-04-27T07:55:36Z</time>
      </trkpt>
      <trkpt lat="22.223028" lon="113.209823">
        <ele>9.8</ele>
        <time>2024-04-27T07:55:37Z</time>
      </trkpt>
      <trkpt lat="22.222978" lon="113.209839">
        <ele>9.8</ele>
        <time>2024-04-27T07:55:38Z</time>
      </trkpt>
      <trkpt lat="22.222925" lon="113.209854">
        <ele>9.9</ele>
        <time>2024-04-27T07:55:39Z</time>
      </trkpt>
      <trkpt lat="22.222874" lon="113.209865">
        <ele>9.9</ele>
        <time>2024-04-27T07:55:40Z</time>
      </trkpt>
      <trkpt lat="22.222822" lon="113.209877">
        <ele>10</ele>
        <time>2024-04-27T07:55:41Z</time>
      </trkpt>
      <trkpt lat="22.222772" lon="113.209888">
        <ele>10</ele>
        <time>2024-04-27T07:55:42Z</time>
      </trkpt>
      <trkpt lat="22.222722" lon="113.2099">
        <ele>10.1</ele>
        <time>2024-04-27T07:55:43Z</time>
      </trkpt>
      <trkpt lat="22.222672" lon="113.209919">
        <ele>10.2</ele>
        <time>2024-04-27T07:55:44Z</time>
      </trkpt>
      <trkpt lat="22.222623" lon="113.209938">
        <ele>10.2</ele>
        <time>2024-04-27T07:55:45Z</time>
      </trkpt>
      <trkpt lat="22.222574" lon="113.209953">
        <ele>10.3</ele>
        <time>2024-04-27T07:55:46Z</time>
      </trkpt>
      <trkpt lat="22.222524" lon="113.209968">
        <ele>10.3</ele>
        <time>2024-04-27T07:55:47Z</time>
      </trkpt>
      <trkpt lat="22.222477" lon="113.209983">
        <ele>10.4</ele>
        <time>2024-04-27T07:55:48Z</time>
      </trkpt>
      <trkpt lat="22.222431" lon="113.209999">
        <ele>10.4</ele>
        <time>2024-04-27T07:55:49Z</time>
      </trkpt>
      <trkpt lat="22.222385" lon="113.210014">
        <ele>10.5</ele>
        <time>2024-04-27T07:55:50Z</time>
      </trkpt>
      <trkpt lat="22.22234" lon="113.210026">
        <ele>10.5</ele>
        <time>2024-04-27T07:55:51Z</time>
      </trkpt>
      <trkpt lat="22.222292" lon="113.210037">
        <ele>10.6</ele>
        <time>2024-04-27T07:55:52Z</time>
      </trkpt>
      <trkpt lat="22.222244" lon="113.210052">
        <ele>10.6</ele>
        <time>2024-04-27T07:55:53Z</time>
      </trkpt>
      <trkpt lat="22.222197" lon="113.210067">
        <ele>10.7</ele>
        <time>2024-04-27T07:55:54Z</time>
      </trkpt>
      <trkpt lat="22.222151" lon="113.210083">
        <ele>10.7</ele>
        <time>2024-04-27T07:55:55Z</time>
      </trkpt>
      <trkpt lat="22.222103" lon="113.210098">
        <ele>10.8</ele>
        <time>2024-04-27T07:55:56Z</time>
      </trkpt>
      <trkpt lat="22.222056" lon="113.210113">
        <ele>10.8</ele>
        <time>2024-04-27T07:55:57Z</time>
      </trkpt>
      <trkpt lat="22.222008" lon="113.210128">
        <ele>10.9</ele>
        <time>2024-04-27T07:55:58Z</time>
      </trkpt>
      <trkpt lat="22.221962" lon="113.210147">
        <ele>10.9</ele>
        <time>2024-04-27T07:55:59Z</time>
      </trkpt>
      <trkpt lat="22.221916" lon="113.210163">
        <ele>11</ele>
        <time>2024-04-27T07:56:00Z</time>
      </trkpt>
      <trkpt lat="22.221868" lon="113.210174">
        <ele>11</ele>
        <time>2024-04-27T07:56:01Z</time>
      </trkpt>
      <trkpt lat="22.221822" lon="113.210189">
        <ele>11.1</ele>
        <time>2024-04-27T07:56:02Z</time>
      </trkpt>
      <trkpt lat="22.221778" lon="113.210205">
        <ele>11.1</ele>
        <time>2024-04-27T07:56:03Z</time>
      </trkpt>
      <trkpt lat="22.221735" lon="113.21022">
        <ele>11.2</ele>
        <time>2024-04-27T07:56:04Z</time>
      </trkpt>
      <trkpt lat="22.221689" lon="113.210235">
        <ele>11.2</ele>
        <time>2024-04-27T07:56:05Z</time>
      </trkpt>
      <trkpt lat="22.221642" lon="113.21025">
        <ele>11.3</ele>
        <time>2024-04-27T07:56:06Z</time>
      </trkpt>
      <trkpt lat="22.221596" lon="113.210266">
        <ele>11.3</ele>
        <time>2024-04-27T07:56:07Z</time>
      </trkpt>
      <trkpt lat="22.221551" lon="113.210285">
        <ele>11.4</ele>
        <time>2024-04-27T07:56:08Z</time>
      </trkpt>
      <trkpt lat="22.221505" lon="113.210304">
        <ele>11.4</ele>
        <time>2024-04-27T07:56:09Z</time>
      </trkpt>
      <trkpt lat="22.221459" lon="113.210319">
        <ele>11.5</ele>
        <time>2024-04-27T07:56:10Z</time>
      </trkpt>
      <trkpt lat="22.221413" lon="113.210334">
        <ele>11.5</ele>
        <time>2024-04-27T07:56:11Z</time>
      </trkpt>
      <trkpt lat="22.221365" lon="113.21035">
        <ele>11.6</ele>
        <time>2024-04-27T07:56:12Z</time>
      </trkpt>
      <trkpt lat="22.221317" lon="113.210365">
        <ele>11.6</ele>
        <time>2024-04-27T07:56:13Z</time>
      </trkpt>
      <trkpt lat="22.221271" lon="113.21038">
        <ele>11.6</ele>
        <time>2024-04-27T07:56:14Z</time>
      </trkpt>
      <trkpt lat="22.221224" lon="113.210392">
        <ele>11.6</ele>
        <time>2024-04-27T07:56:15Z</time>
      </trkpt>
      <trkpt lat="22.221178" lon="113.210403">
        <ele>11.5</ele>
        <time>2024-04-27T07:56:16Z</time>
      </trkpt>
      <trkpt lat="22.221134" lon="113.210418">
        <ele>11.5</ele>
        <time>2024-04-27T07:56:17Z</time>
      </trkpt>
      <trkpt lat="22.221089" lon="113.21043">
        <ele>11.5</ele>
        <time>2024-04-27T07:56:18Z</time>
      </trkpt>
      <trkpt lat="22.221044" lon="113.210441">
        <ele>11.5</ele>
        <time>2024-04-27T07:56:19Z</time>
      </trkpt>
      <trkpt lat="22.220998" lon="113.21046">
        <ele>11.4</ele>
        <time>2024-04-27T07:56:20Z</time>
      </trkpt>
      <trkpt lat="22.220952" lon="113.210479">
        <ele>11.4</ele>
        <time>2024-04-27T07:56:21Z</time>
      </trkpt>
      <trkpt lat="22.220908" lon="113.210498">
        <ele>11.4</ele>
        <time>2024-04-27T07:56:22Z</time>
      </trkpt>
      <trkpt lat="22.220865" lon="113.210521">
        <ele>11.3</ele>
        <time>2024-04-27T07:56:23Z</time>
      </trkpt>
      <trkpt lat="22.220823" lon="113.210544">
        <ele>11.3</ele>
        <time>2024-04-27T07:56:24Z</time>
      </trkpt>
      <trkpt lat="22.220783" lon="113.210567">
        <ele>11.3</ele>
        <time>2024-04-27T07:56:25Z</time>
      </trkpt>
      <trkpt lat="22.220738" lon="113.210586">
        <ele>11.2</ele>
        <time>2024-04-27T07:56:26Z</time>
      </trkpt>
      <trkpt lat="22.220689" lon="113.210601">
        <ele>11.2</ele>
        <time>2024-04-27T07:56:27Z</time>
      </trkpt>
      <trkpt lat="22.220639" lon="113.210617">
        <ele>11.2</ele>
        <time>2024-04-27T07:56:28Z</time>
      </trkpt>
      <trkpt lat="22.220587" lon="113.210632">
        <ele>11.1</ele>
        <time>2024-04-27T07:56:29Z</time>
      </trkpt>
      <trkpt lat="22.220536" lon="113.210647">
        <ele>11.1</ele>
        <time>2024-04-27T07:56:30Z</time>
      </trkpt>
      <trkpt lat="22.220484" lon="113.210662">
        <ele>11.1</ele>
        <time>2024-04-27T07:56:31Z</time>
      </trkpt>
      <trkpt lat="22.220434" lon="113.210678">
        <ele>11</ele>
        <time>2024-04-27T07:56:32Z</time>
      </trkpt>
      <trkpt lat="22.220384" lon="113.210693">
        <ele>11</ele>
        <time>2024-04-27T07:56:33Z</time>
      </trkpt>
      <trkpt lat="22.220334" lon="113.210708">
        <ele>11</ele>
        <time>2024-04-27T07:56:34Z</time>
      </trkpt>
      <trkpt lat="22.220281" lon="113.210727">
        <ele>10.9</ele>
        <time>2024-04-27T07:56:35Z</time>
      </trkpt>
      <trkpt lat="22.22023" lon="113.210746">
        <ele>10.9</ele>
        <time>2024-04-27T07:56:36Z</time>
      </trkpt>
      <trkpt lat="22.22018" lon="113.210762">
        <ele>10.9</ele>
        <time>2024-04-27T07:56:37Z</time>
      </trkpt>
      <trkpt lat="22.22013" lon="113.210777">
        <ele>10.8</ele>
        <time>2024-04-27T07:56:38Z</time>
      </trkpt>
      <trkpt lat="22.220081" lon="113.210792">
        <ele>10.8</ele>
        <time>2024-04-27T07:56:39Z</time>
      </trkpt>
      <trkpt lat="22.220031" lon="113.210807">
        <ele>10.8</ele>
        <time>2024-04-27T07:56:40Z</time>
      </trkpt>
      <trkpt lat="22.21998" lon="113.210826">
        <ele>10.8</ele>
        <time>2024-04-27T07:56:41Z</time>
      </trkpt>
      <trkpt lat="22.219927" lon="113.210842">
        <ele>10.7</ele>
        <time>2024-04-27T07:56:42Z</time>
      </trkpt>
      <trkpt lat="22.219877" lon="113.210857">
        <ele>10.7</ele>
        <time>2024-04-27T07:56:43Z</time>
      </trkpt>
      <trkpt lat="22.219825" lon="113.210876">
        <ele>10.7</ele>
        <time>2024-04-27T07:56:44Z</time>
      </trkpt>
      <trkpt lat="22.219775" lon="113.210891">
        <ele>10.6</ele>
        <time>2024-04-27T07:56:45Z</time>
      </trkpt>
      <trkpt lat="22.219727" lon="113.21091">
        <ele>10.6</ele>
        <time>2024-04-27T07:56:46Z</time>
      </trkpt>
      <trkpt lat="22.219675" lon="113.21093">
        <ele>10.6</ele>
        <time>2024-04-27T07:56:47Z</time>
      </trkpt>
      <trkpt lat="22.219622" lon="113.210949">
        <ele>10.5</ele>
        <time>2024-04-27T07:56:48Z</time>
      </trkpt>
      <trkpt lat="22.219571" lon="113.210968">
        <ele>10.5</ele>
        <time>2024-04-27T07:56:49Z</time>
      </trkpt>
      <trkpt lat="22.219521" lon="113.210983">
        <ele>10.5</ele>
        <time>2024-04-27T07:56:50Z</time>
      </trkpt>
      <trkpt lat="22.219468" lon="113.210998">
        <ele>10.6</ele>
        <time>2024-04-27T07:56:51Z</time>
      </trkpt>
      <trkpt lat="22.219413" lon="113.211017">
        <ele>10.6</ele>
        <time>2024-04-27T07:56:52Z</time>
      </trkpt>
      <trkpt lat="22.219361" lon="113.211036">
        <ele>10.6</ele>
        <time>2024-04-27T07:56:53Z</time>
      </trkpt>
      <trkpt lat="22.219309" lon="113.211052">
        <ele>10.6</ele>
        <time>2024-04-27T07:56:54Z</time>
      </trkpt>
      <trkpt lat="22.219257" lon="113.211067">
        <ele>10.6</ele>
        <time>2024-04-27T07:56:55Z</time>
      </trkpt>
      <trkpt lat="22.219205" lon="113.211082">
        <ele>10.6</ele>
        <time>2024-04-27T07:56:56Z</time>
      </trkpt>
      <trkpt lat="22.219155" lon="113.211101">
        <ele>10.7</ele>
        <time>2024-04-27T07:56:57Z</time>
      </trkpt>
      <trkpt lat="22.219103" lon="113.21112">
        <ele>10.7</ele>
        <time>2024-04-27T07:56:58Z</time>
      </trkpt>
      <trkpt lat="22.21905" lon="113.211136">
        <ele>10.7</ele>
        <time>2024-04-27T07:56:59Z</time>
      </trkpt>
      <trkpt lat="22.218997" lon="113.211151">
        <ele>10.7</ele>
        <time>2024-04-27T07:57:00Z</time>
      </trkpt>
      <trkpt lat="22.218944" lon="113.211162">
        <ele>10.7</ele>
        <time>2024-04-27T07:57:01Z</time>
      </trkpt>
      <trkpt lat="22.218891" lon="113.211173">
        <ele>10.8</ele>
        <time>2024-04-27T07:57:02Z</time>
      </trkpt>
      <trkpt lat="22.218839" lon="113.211185">
        <ele>10.8</ele>
        <time>2024-04-27T07:57:03Z</time>
      </trkpt>
      <trkpt lat="22.218788" lon="113.211197">
        <ele>10.8</ele>
        <time>2024-04-27T07:57:04Z</time>
      </trkpt>
      <trkpt lat="22.218737" lon="113.211212">
        <ele>10.8</ele>
        <time>2024-04-27T07:57:05Z</time>
      </trkpt>
      <trkpt lat="22.218685" lon="113.211227">
        <ele>10.8</ele>
        <time>2024-04-27T07:57:06Z</time>
      </trkpt>
      <trkpt lat="22.218633" lon="113.211246">
        <ele>10.8</ele>
        <time>2024-04-27T07:57:07Z</time>
      </trkpt>
      <trkpt lat="22.218583" lon="113.211265">
        <ele>10.9</ele>
        <time>2024-04-27T07:57:08Z</time>
      </trkpt>
      <trkpt lat="22.218531" lon="113.211284">
        <ele>10.9</ele>
        <time>2024-04-27T07:57:09Z</time>
      </trkpt>
      <trkpt lat="22.21848" lon="113.211303">
        <ele>10.9</ele>
        <time>2024-04-27T07:57:10Z</time>
      </trkpt>
      <trkpt lat="22.218429" lon="113.211319">
        <ele>10.9</ele>
        <time>2024-04-27T07:57:11Z</time>
      </trkpt>
      <trkpt lat="22.218379" lon="113.211334">
        <ele>10.9</ele>
        <time>2024-04-27T07:57:12Z</time>
      </trkpt>
      <trkpt lat="22.218329" lon="113.211349">
        <ele>10.9</ele>
        <time>2024-04-27T07:57:13Z</time>
      </trkpt>
      <trkpt lat="22.218279" lon="113.211361">
        <ele>11</ele>
        <time>2024-04-27T07:57:14Z</time>
      </trkpt>
      <trkpt lat="22.218232" lon="113.211361">
        <ele>11</ele>
        <time>2024-04-27T07:57:15Z</time>
      </trkpt>
      <trkpt lat="22.218191" lon="113.21135">
        <ele>11</ele>
        <time>2024-04-27T07:57:16Z</time>
      </trkpt>
      <trkpt lat="22.218152" lon="113.211331">
        <ele>11</ele>
        <time>2024-04-27T07:57:17Z</time>
      </trkpt>
      <trkpt lat="22.218115" lon="113.211315">
        <ele>11</ele>
        <time>2024-04-27T07:57:18Z</time>
      </trkpt>
      <trkpt lat="22.218085" lon="113.211315">
        <ele>11</ele>
        <time>2024-04-27T07:57:19Z</time>
      </trkpt>
      <trkpt lat="22.218066" lon="113.21133">
        <ele>11</ele>
        <time>2024-04-27T07:57:20Z</time>
      </trkpt>
      <trkpt lat="22.218056" lon="113.211356">
        <ele>11.1</ele>
        <time>2024-04-27T07:57:21Z</time>
      </trkpt>
      <trkpt lat="22.218057" lon="113.21139">
        <ele>11.1</ele>
        <time>2024-04-27T07:57:22Z</time>
      </trkpt>
      <trkpt lat="22.218064" lon="113.211432">
        <ele>11.1</ele>
        <time>2024-04-27T07:57:23Z</time>
      </trkpt>
      <trkpt lat="22.218068" lon="113.211471">
        <ele>11.1</ele>
        <time>2024-04-27T07:57:24Z</time>
      </trkpt>
      <trkpt lat="22.218069" lon="113.211498">
        <ele>11.1</ele>
        <time>2024-04-27T07:57:25Z</time>
      </trkpt>
      <trkpt lat="22.218071" lon="113.211524">
        <ele>11.1</ele>
        <time>2024-04-27T07:57:26Z</time>
      </trkpt>
      <trkpt lat="22.218073" lon="113.211548">
        <ele>11.1</ele>
        <time>2024-04-27T07:57:27Z</time>
      </trkpt>
      <trkpt lat="22.218072" lon="113.211563">
        <ele>11.1</ele>
        <time>2024-04-27T07:57:28Z</time>
      </trkpt>
      <trkpt lat="22.218068" lon="113.211571">
        <ele>11.1</ele>
        <time>2024-04-27T07:57:29Z</time>
      </trkpt>
      <trkpt lat="22.218072" lon="113.21165">
        <ele>11.1</ele>
        <time>2024-04-27T07:57:38Z</time>
      </trkpt>
      <trkpt lat="22.218067" lon="113.211677">
        <ele>11.2</ele>
        <time>2024-04-27T07:57:39Z</time>
      </trkpt>
      <trkpt lat="22.218063" lon="113.211704">
        <ele>11.2</ele>
        <time>2024-04-27T07:57:40Z</time>
      </trkpt>
      <trkpt lat="22.218064" lon="113.211727">
        <ele>11.2</ele>
        <time>2024-04-27T07:57:41Z</time>
      </trkpt>
      <trkpt lat="22.218079" lon="113.211749">
        <ele>11.2</ele>
        <time>2024-04-27T07:57:42Z</time>
      </trkpt>
      <trkpt lat="22.218104" lon="113.211775">
        <ele>11.2</ele>
        <time>2024-04-27T07:57:43Z</time>
      </trkpt>
      <trkpt lat="22.218127" lon="113.211803">
        <ele>11.2</ele>
        <time>2024-04-27T07:57:44Z</time>
      </trkpt>
      <trkpt lat="22.218132" lon="113.211826">
        <ele>11.2</ele>
        <time>2024-04-27T07:57:45Z</time>
      </trkpt>
      <trkpt lat="22.218117" lon="113.211845">
        <ele>11.2</ele>
        <time>2024-04-27T07:57:46Z</time>
      </trkpt>
      <trkpt lat="22.218096" lon="113.211871">
        <ele>11.2</ele>
        <time>2024-04-27T07:57:47Z</time>
      </trkpt>
      <trkpt lat="22.218081" lon="113.211902">
        <ele>11.3</ele>
        <time>2024-04-27T07:57:48Z</time>
      </trkpt>
      <trkpt lat="22.218068" lon="113.211936">
        <ele>11.3</ele>
        <time>2024-04-27T07:57:49Z</time>
      </trkpt>
      <trkpt lat="22.218056" lon="113.211975">
        <ele>11.3</ele>
        <time>2024-04-27T07:57:50Z</time>
      </trkpt>
      <trkpt lat="22.218045" lon="113.212005">
        <ele>11.3</ele>
        <time>2024-04-27T07:57:51Z</time>
      </trkpt>
      <trkpt lat="22.218036" lon="113.212039">
        <ele>11.3</ele>
        <time>2024-04-27T07:57:52Z</time>
      </trkpt>
      <trkpt lat="22.218029" lon="113.212077">
        <ele>11.3</ele>
        <time>2024-04-27T07:57:53Z</time>
      </trkpt>
      <trkpt lat="22.218022" lon="113.212115">
        <ele>11.3</ele>
        <time>2024-04-27T07:57:54Z</time>
      </trkpt>
      <trkpt lat="22.218018" lon="113.21215">
        <ele>11.3</ele>
        <time>2024-04-27T07:57:55Z</time>
      </trkpt>
      <trkpt lat="22.218015" lon="113.21218">
        <ele>11.4</ele>
        <time>2024-04-27T07:57:56Z</time>
      </trkpt>
      <trkpt lat="22.218015" lon="113.212211">
        <ele>11.4</ele>
        <time>2024-04-27T07:57:57Z</time>
      </trkpt>
      <trkpt lat="22.218017" lon="113.212241">
        <ele>11.4</ele>
        <time>2024-04-27T07:57:58Z</time>
      </trkpt>
      <trkpt lat="22.218019" lon="113.212275">
        <ele>11.4</ele>
        <time>2024-04-27T07:57:59Z</time>
      </trkpt>
      <trkpt lat="22.218018" lon="113.212314">
        <ele>11.4</ele>
        <time>2024-04-27T07:58:00Z</time>
      </trkpt>
      <trkpt lat="22.218014" lon="113.212356">
        <ele>11.4</ele>
        <time>2024-04-27T07:58:01Z</time>
      </trkpt>
      <trkpt lat="22.218013" lon="113.212402">
        <ele>11.4</ele>
        <time>2024-04-27T07:58:02Z</time>
      </trkpt>
      <trkpt lat="22.218015" lon="113.212447">
        <ele>11.5</ele>
        <time>2024-04-27T07:58:03Z</time>
      </trkpt>
      <trkpt lat="22.218015" lon="113.212489">
        <ele>11.5</ele>
        <time>2024-04-27T07:58:04Z</time>
      </trkpt>
      <trkpt lat="22.218012" lon="113.212527">
        <ele>11.5</ele>
        <time>2024-04-27T07:58:05Z</time>
      </trkpt>
      <trkpt lat="22.218008" lon="113.212562">
        <ele>11.5</ele>
        <time>2024-04-27T07:58:06Z</time>
      </trkpt>
      <trkpt lat="22.218003" lon="113.212596">
        <ele>11.5</ele>
        <time>2024-04-27T07:58:07Z</time>
      </trkpt>
      <trkpt lat="22.217998" lon="113.212634">
        <ele>11.5</ele>
        <time>2024-04-27T07:58:08Z</time>
      </trkpt>
      <trkpt lat="22.217994" lon="113.212669">
        <ele>11.5</ele>
        <time>2024-04-27T07:58:09Z</time>
      </trkpt>
      <trkpt lat="22.217991" lon="113.212699">
        <ele>11.5</ele>
        <time>2024-04-27T07:58:10Z</time>
      </trkpt>
      <trkpt lat="22.217988" lon="113.212733">
        <ele>11.6</ele>
        <time>2024-04-27T07:58:11Z</time>
      </trkpt>
      <trkpt lat="22.217985" lon="113.212768">
        <ele>11.6</ele>
        <time>2024-04-27T07:58:12Z</time>
      </trkpt>
      <trkpt lat="22.217982" lon="113.212802">
        <ele>11.6</ele>
        <time>2024-04-27T07:58:13Z</time>
      </trkpt>
      <trkpt lat="22.217979" lon="113.212833">
        <ele>11.6</ele>
        <time>2024-04-27T07:58:14Z</time>
      </trkpt>
      <trkpt lat="22.217976" lon="113.212863">
        <ele>11.6</ele>
        <time>2024-04-27T07:58:15Z</time>
      </trkpt>
      <trkpt lat="22.217971" lon="113.212897">
        <ele>11.6</ele>
        <time>2024-04-27T07:58:16Z</time>
      </trkpt>
      <trkpt lat="22.217963" lon="113.212932">
        <ele>11.6</ele>
        <time>2024-04-27T07:58:17Z</time>
      </trkpt>
      <trkpt lat="22.217953" lon="113.21297">
        <ele>11.6</ele>
        <time>2024-04-27T07:58:18Z</time>
      </trkpt>
      <trkpt lat="22.217947" lon="113.213008">
        <ele>11.7</ele>
        <time>2024-04-27T07:58:19Z</time>
      </trkpt>
      <trkpt lat="22.217939" lon="113.213042">
        <ele>11.7</ele>
        <time>2024-04-27T07:58:20Z</time>
      </trkpt>
      <trkpt lat="22.217922" lon="113.213073">
        <ele>11.7</ele>
        <time>2024-04-27T07:58:21Z</time>
      </trkpt>
      <trkpt lat="22.217908" lon="113.213104">
        <ele>11.7</ele>
        <time>2024-04-27T07:58:22Z</time>
      </trkpt>
      <trkpt lat="22.217906" lon="113.213134">
        <ele>11.7</ele>
        <time>2024-04-27T07:58:23Z</time>
      </trkpt>
      <trkpt lat="22.21791" lon="113.213161">
        <ele>11.7</ele>
        <time>2024-04-27T07:58:24Z</time>
      </trkpt>
      <trkpt lat="22.217915" lon="113.213184">
        <ele>11.7</ele>
        <time>2024-04-27T07:58:25Z</time>
      </trkpt>
      <trkpt lat="22.217919" lon="113.21321">
        <ele>11.7</ele>
        <time>2024-04-27T07:58:26Z</time>
      </trkpt>
      <trkpt lat="22.217918" lon="113.213241">
        <ele>11.7</ele>
        <time>2024-04-27T07:58:27Z</time>
      </trkpt>
      <trkpt lat="22.217915" lon="113.213278">
        <ele>11.8</ele>
        <time>2024-04-27T07:58:28Z</time>
      </trkpt>
      <trkpt lat="22.217907" lon="113.213317">
        <ele>11.8</ele>
        <time>2024-04-27T07:58:29Z</time>
      </trkpt>
      <trkpt lat="22.217895" lon="113.213352">
        <ele>11.8</ele>
        <time>2024-04-27T07:58:30Z</time>
      </trkpt>
      <trkpt lat="22.217882" lon="113.213386">
        <ele>11.8</ele>
        <time>2024-04-27T07:58:31Z</time>
      </trkpt>
      <trkpt lat="22.217871" lon="113.21342">
        <ele>11.8</ele>
        <time>2024-04-27T07:58:32Z</time>
      </trkpt>
      <trkpt lat="22.217861" lon="113.213458">
        <ele>11.8</ele>
        <time>2024-04-27T07:58:33Z</time>
      </trkpt>
      <trkpt lat="22.217855" lon="113.213496">
        <ele>11.8</ele>
        <time>2024-04-27T07:58:34Z</time>
      </trkpt>
      <trkpt lat="22.21785" lon="113.213534">
        <ele>11.9</ele>
        <time>2024-04-27T07:58:35Z</time>
      </trkpt>
      <trkpt lat="22.217849" lon="113.213569">
        <ele>11.9</ele>
        <time>2024-04-27T07:58:36Z</time>
      </trkpt>
      <trkpt lat="22.217851" lon="113.213603">
        <ele>11.9</ele>
        <time>2024-04-27T07:58:37Z</time>
      </trkpt>
      <trkpt lat="22.217853" lon="113.213637">
        <ele>11.9</ele>
        <time>2024-04-27T07:58:38Z</time>
      </trkpt>
      <trkpt lat="22.21786" lon="113.213668">
        <ele>11.9</ele>
        <time>2024-04-27T07:58:39Z</time>
      </trkpt>
      <trkpt lat="22.217869" lon="113.213702">
        <ele>11.9</ele>
        <time>2024-04-27T07:58:40Z</time>
      </trkpt>
      <trkpt lat="22.217875" lon="113.21374">
        <ele>11.9</ele>
        <time>2024-04-27T07:58:41Z</time>
      </trkpt>
      <trkpt lat="22.217876" lon="113.213774">
        <ele>11.9</ele>
        <time>2024-04-27T07:58:42Z</time>
      </trkpt>
      <trkpt lat="22.217868" lon="113.213809">
        <ele>11.9</ele>
        <time>2024-04-27T07:58:43Z</time>
      </trkpt>
      <trkpt lat="22.217859" lon="113.213847">
        <ele>12</ele>
        <time>2024-04-27T07:58:44Z</time>
      </trkpt>
      <trkpt lat="22.217852" lon="113.213886">
        <ele>12</ele>
        <time>2024-04-27T07:58:45Z</time>
      </trkpt>
      <trkpt lat="22.217846" lon="113.213924">
        <ele>12</ele>
        <time>2024-04-27T07:58:46Z</time>
      </trkpt>
      <trkpt lat="22.217843" lon="113.213965">
        <ele>12</ele>
        <time>2024-04-27T07:58:47Z</time>
      </trkpt>
      <trkpt lat="22.21784" lon="113.214007">
        <ele>12</ele>
        <time>2024-04-27T07:58:48Z</time>
      </trkpt>
      <trkpt lat="22.217837" lon="113.214046">
        <ele>12</ele>
        <time>2024-04-27T07:58:49Z</time>
      </trkpt>
      <trkpt lat="22.217834" lon="113.214084">
        <ele>12</ele>
        <time>2024-04-27T07:58:50Z</time>
      </trkpt>
      <trkpt lat="22.217828" lon="113.214125">
        <ele>12</ele>
        <time>2024-04-27T07:58:51Z</time>
      </trkpt>
      <trkpt lat="22.217824" lon="113.214168">
        <ele>12</ele>
        <time>2024-04-27T07:58:52Z</time>
      </trkpt>
      <trkpt lat="22.217821" lon="113.214209">
        <ele>12.1</ele>
        <time>2024-04-27T07:58:53Z</time>
      </trkpt>
      <trkpt lat="22.217817" lon="113.214251">
        <ele>12.1</ele>
        <time>2024-04-27T07:58:54Z</time>
      </trkpt>
      <trkpt lat="22.217814" lon="113.214293">
        <ele>12.1</ele>
        <time>2024-04-27T07:58:55Z</time>
      </trkpt>
      <trkpt lat="22.21781" lon="113.214335">
        <ele>12.1</ele>
        <time>2024-04-27T07:58:56Z</time>
      </trkpt>
      <trkpt lat="22.217808" lon="113.214377">
        <ele>12.1</ele>
        <time>2024-04-27T07:58:57Z</time>
      </trkpt>
      <trkpt lat="22.217805" lon="113.214423">
        <ele>12.1</ele>
        <time>2024-04-27T07:58:58Z</time>
      </trkpt>
      <trkpt lat="22.217799" lon="113.214465">
        <ele>12.1</ele>
        <time>2024-04-27T07:58:59Z</time>
      </trkpt>
      <trkpt lat="22.217794" lon="113.214507">
        <ele>12.2</ele>
        <time>2024-04-27T07:59:00Z</time>
      </trkpt>
      <trkpt lat="22.21779" lon="113.214553">
        <ele>12.2</ele>
        <time>2024-04-27T07:59:01Z</time>
      </trkpt>
      <trkpt lat="22.217787" lon="113.214595">
        <ele>12.2</ele>
        <time>2024-04-27T07:59:02Z</time>
      </trkpt>
      <trkpt lat="22.217784" lon="113.21464">
        <ele>12.2</ele>
        <time>2024-04-27T07:59:03Z</time>
      </trkpt>
      <trkpt lat="22.21778" lon="113.21469">
        <ele>12.2</ele>
        <time>2024-04-27T07:59:04Z</time>
      </trkpt>
      <trkpt lat="22.217777" lon="113.214732">
        <ele>12.2</ele>
        <time>2024-04-27T07:59:05Z</time>
      </trkpt>
      <trkpt lat="22.217773" lon="113.214774">
        <ele>12.2</ele>
        <time>2024-04-27T07:59:06Z</time>
      </trkpt>
      <trkpt lat="22.217769" lon="113.214816">
        <ele>12.3</ele>
        <time>2024-04-27T07:59:07Z</time>
      </trkpt>
      <trkpt lat="22.217767" lon="113.214851">
        <ele>12.3</ele>
        <time>2024-04-27T07:59:08Z</time>
      </trkpt>
      <trkpt lat="22.217763" lon="113.214888">
        <ele>12.3</ele>
        <time>2024-04-27T07:59:09Z</time>
      </trkpt>
      <trkpt lat="22.217756" lon="113.214938">
        <ele>12.3</ele>
        <time>2024-04-27T07:59:10Z</time>
      </trkpt>
      <trkpt lat="22.217749" lon="113.214984">
        <ele>12.3</ele>
        <time>2024-04-27T07:59:11Z</time>
      </trkpt>
      <trkpt lat="22.217741" lon="113.215026">
        <ele>12.3</ele>
        <time>2024-04-27T07:59:12Z</time>
      </trkpt>
      <trkpt lat="22.217734" lon="113.215072">
        <ele>12.3</ele>
        <time>2024-04-27T07:59:13Z</time>
      </trkpt>
      <trkpt lat="22.217724" lon="113.215114">
        <ele>12.3</ele>
        <time>2024-04-27T07:59:14Z</time>
      </trkpt>
      <trkpt lat="22.217714" lon="113.215152">
        <ele>12.4</ele>
        <time>2024-04-27T07:59:15Z</time>
      </trkpt>
      <trkpt lat="22.217707" lon="113.21519">
        <ele>12.4</ele>
        <time>2024-04-27T07:59:16Z</time>
      </trkpt>
      <trkpt lat="22.217704" lon="113.215225">
        <ele>12.4</ele>
        <time>2024-04-27T07:59:17Z</time>
      </trkpt>
      <trkpt lat="22.217702" lon="113.215255">
        <ele>12.4</ele>
        <time>2024-04-27T07:59:18Z</time>
      </trkpt>
      <trkpt lat="22.217701" lon="113.215292">
        <ele>12.4</ele>
        <time>2024-04-27T07:59:19Z</time>
      </trkpt>
      <trkpt lat="22.217701" lon="113.215338">
        <ele>12.4</ele>
        <time>2024-04-27T07:59:20Z</time>
      </trkpt>
      <trkpt lat="22.217701" lon="113.215384">
        <ele>12.4</ele>
        <time>2024-04-27T07:59:21Z</time>
      </trkpt>
      <trkpt lat="22.217698" lon="113.21543">
        <ele>12.5</ele>
        <time>2024-04-27T07:59:22Z</time>
      </trkpt>
      <trkpt lat="22.217691" lon="113.215476">
        <ele>12.5</ele>
        <time>2024-04-27T07:59:23Z</time>
      </trkpt>
      <trkpt lat="22.21768" lon="113.215522">
        <ele>12.5</ele>
        <time>2024-04-27T07:59:24Z</time>
      </trkpt>
      <trkpt lat="22.21767" lon="113.215571">
        <ele>12.5</ele>
        <time>2024-04-27T07:59:25Z</time>
      </trkpt>
      <trkpt lat="22.217662" lon="113.215621">
        <ele>12.6</ele>
        <time>2024-04-27T07:59:26Z</time>
      </trkpt>
      <trkpt lat="22.217659" lon="113.215663">
        <ele>12.6</ele>
        <time>2024-04-27T07:59:27Z</time>
      </trkpt>
      <trkpt lat="22.217661" lon="113.215704">
        <ele>12.6</ele>
        <time>2024-04-27T07:59:28Z</time>
      </trkpt>
      <trkpt lat="22.217664" lon="113.215747">
        <ele>12.6</ele>
        <time>2024-04-27T07:59:29Z</time>
      </trkpt>
      <trkpt lat="22.217664" lon="113.215789">
        <ele>12.7</ele>
        <time>2024-04-27T07:59:30Z</time>
      </trkpt>
      <trkpt lat="22.217657" lon="113.215838">
        <ele>12.7</ele>
        <time>2024-04-27T07:59:31Z</time>
      </trkpt>
      <trkpt lat="22.217646" lon="113.215888">
        <ele>12.7</ele>
        <time>2024-04-27T07:59:32Z</time>
      </trkpt>
      <trkpt lat="22.217635" lon="113.21593">
        <ele>12.7</ele>
        <time>2024-04-27T07:59:33Z</time>
      </trkpt>
      <trkpt lat="22.217624" lon="113.215972">
        <ele>12.8</ele>
        <time>2024-04-27T07:59:34Z</time>
      </trkpt>
      <trkpt lat="22.217616" lon="113.216017">
        <ele>12.8</ele>
        <time>2024-04-27T07:59:35Z</time>
      </trkpt>
      <trkpt lat="22.21761" lon="113.216059">
        <ele>12.8</ele>
        <time>2024-04-27T07:59:36Z</time>
      </trkpt>
      <trkpt lat="22.217602" lon="113.216101">
        <ele>12.8</ele>
        <time>2024-04-27T07:59:37Z</time>
      </trkpt>
      <trkpt lat="22.217596" lon="113.216147">
        <ele>12.9</ele>
        <time>2024-04-27T07:59:38Z</time>
      </trkpt>
      <trkpt lat="22.217591" lon="113.216193">
        <ele>12.9</ele>
        <time>2024-04-27T07:59:39Z</time>
      </trkpt>
      <trkpt lat="22.217588" lon="113.216232">
        <ele>12.9</ele>
        <time>2024-04-27T07:59:40Z</time>
      </trkpt>
      <trkpt lat="22.217588" lon="113.216259">
        <ele>12.9</ele>
        <time>2024-04-27T07:59:41Z</time>
      </trkpt>
      <trkpt lat="22.217585" lon="113.216278">
        <ele>12.9</ele>
        <time>2024-04-27T07:59:42Z</time>
      </trkpt>
      <trkpt lat="22.217581" lon="113.216297">
        <ele>13</ele>
        <time>2024-04-27T07:59:43Z</time>
      </trkpt>
      <trkpt lat="22.217579" lon="113.216323">
        <ele>13</ele>
        <time>2024-04-27T07:59:44Z</time>
      </trkpt>
      <trkpt lat="22.217579" lon="113.216354">
        <ele>13</ele>
        <time>2024-04-27T07:59:45Z</time>
      </trkpt>
      <trkpt lat="22.21758" lon="113.216388">
        <ele>13</ele>
        <time>2024-04-27T07:59:46Z</time>
      </trkpt>
      <trkpt lat="22.21758" lon="113.216429">
        <ele>13</ele>
        <time>2024-04-27T07:59:47Z</time>
      </trkpt>
      <trkpt lat="22.217576" lon="113.216479">
        <ele>13.1</ele>
        <time>2024-04-27T07:59:48Z</time>
      </trkpt>
      <trkpt lat="22.217572" lon="113.216529">
        <ele>13.1</ele>
        <time>2024-04-27T07:59:49Z</time>
      </trkpt>
      <trkpt lat="22.217569" lon="113.216575">
        <ele>13.1</ele>
        <time>2024-04-27T07:59:50Z</time>
      </trkpt>
      <trkpt lat="22.217563" lon="113.216624">
        <ele>13.1</ele>
        <time>2024-04-27T07:59:51Z</time>
      </trkpt>
      <trkpt lat="22.217557" lon="113.216673">
        <ele>13.2</ele>
        <time>2024-04-27T07:59:52Z</time>
      </trkpt>
      <trkpt lat="22.21755" lon="113.216719">
        <ele>13.2</ele>
        <time>2024-04-27T07:59:53Z</time>
      </trkpt>
      <trkpt lat="22.21754" lon="113.216765">
        <ele>13.2</ele>
        <time>2024-04-27T07:59:54Z</time>
      </trkpt>
      <trkpt lat="22.217533" lon="113.216818">
        <ele>13.2</ele>
        <time>2024-04-27T07:59:55Z</time>
      </trkpt>
      <trkpt lat="22.217529" lon="113.216879">
        <ele>13.3</ele>
        <time>2024-04-27T07:59:56Z</time>
      </trkpt>
      <trkpt lat="22.217526" lon="113.216937">
        <ele>13.3</ele>
        <time>2024-04-27T07:59:57Z</time>
      </trkpt>
      <trkpt lat="22.217523" lon="113.21699">
        <ele>13.3</ele>
        <time>2024-04-27T07:59:58Z</time>
      </trkpt>
      <trkpt lat="22.217522" lon="113.217044">
        <ele>13.4</ele>
        <time>2024-04-27T07:59:59Z</time>
      </trkpt>
      <trkpt lat="22.217519" lon="113.217097">
        <ele>13.4</ele>
        <time>2024-04-27T08:00:00Z</time>
      </trkpt>
      <trkpt lat="22.217512" lon="113.217151">
        <ele>13.4</ele>
        <time>2024-04-27T08:00:01Z</time>
      </trkpt>
      <trkpt lat="22.217506" lon="113.217204">
        <ele>13.5</ele>
        <time>2024-04-27T08:00:02Z</time>
      </trkpt>
      <trkpt lat="22.217501" lon="113.217254">
        <ele>13.5</ele>
        <time>2024-04-27T08:00:03Z</time>
      </trkpt>
      <trkpt lat="22.217495" lon="113.217303">
        <ele>13.5</ele>
        <time>2024-04-27T08:00:04Z</time>
      </trkpt>
      <trkpt lat="22.217489" lon="113.217353">
        <ele>13.5</ele>
        <time>2024-04-27T08:00:05Z</time>
      </trkpt>
      <trkpt lat="22.217484" lon="113.217402">
        <ele>13.6</ele>
        <time>2024-04-27T08:00:06Z</time>
      </trkpt>
      <trkpt lat="22.217477" lon="113.217456">
        <ele>13.6</ele>
        <time>2024-04-27T08:00:07Z</time>
      </trkpt>
      <trkpt lat="22.217472" lon="113.217509">
        <ele>13.6</ele>
        <time>2024-04-27T08:00:08Z</time>
      </trkpt>
      <trkpt lat="22.217468" lon="113.217562">
        <ele>13.7</ele>
        <time>2024-04-27T08:00:09Z</time>
      </trkpt>
      <trkpt lat="22.217461" lon="113.217616">
        <ele>13.7</ele>
        <time>2024-04-27T08:00:10Z</time>
      </trkpt>
      <trkpt lat="22.217449" lon="113.217669">
        <ele>13.7</ele>
        <time>2024-04-27T08:00:11Z</time>
      </trkpt>
      <trkpt lat="22.21744" lon="113.217723">
        <ele>13.8</ele>
        <time>2024-04-27T08:00:12Z</time>
      </trkpt>
      <trkpt lat="22.217431" lon="113.217773">
        <ele>13.8</ele>
        <time>2024-04-27T08:00:13Z</time>
      </trkpt>
      <trkpt lat="22.217422" lon="113.217815">
        <ele>13.8</ele>
        <time>2024-04-27T08:00:14Z</time>
      </trkpt>
      <trkpt lat="22.217415" lon="113.217849">
        <ele>13.8</ele>
        <time>2024-04-27T08:00:15Z</time>
      </trkpt>
      <trkpt lat="22.217417" lon="113.217883">
        <ele>13.9</ele>
        <time>2024-04-27T08:00:16Z</time>
      </trkpt>
      <trkpt lat="22.21743" lon="113.217921">
        <ele>13.9</ele>
        <time>2024-04-27T08:00:17Z</time>
      </trkpt>
      <trkpt lat="22.217439" lon="113.21796">
        <ele>13.9</ele>
        <time>2024-04-27T08:00:18Z</time>
      </trkpt>
      <trkpt lat="22.217433" lon="113.217998">
        <ele>13.9</ele>
        <time>2024-04-27T08:00:19Z</time>
      </trkpt>
      <trkpt lat="22.217421" lon="113.218036">
        <ele>14</ele>
        <time>2024-04-27T08:00:20Z</time>
      </trkpt>
      <trkpt lat="22.217411" lon="113.218078">
        <ele>14</ele>
        <time>2024-04-27T08:00:21Z</time>
      </trkpt>
      <trkpt lat="22.217406" lon="113.21812">
        <ele>14</ele>
        <time>2024-04-27T08:00:22Z</time>
      </trkpt>
      <trkpt lat="22.217404" lon="113.218158">
        <ele>14</ele>
        <time>2024-04-27T08:00:23Z</time>
      </trkpt>
      <trkpt lat="22.2174" lon="113.218203">
        <ele>14.1</ele>
        <time>2024-04-27T08:00:24Z</time>
      </trkpt>
      <trkpt lat="22.217393" lon="113.218253">
        <ele>14.1</ele>
        <time>2024-04-27T08:00:25Z</time>
      </trkpt>
      <trkpt lat="22.217383" lon="113.218299">
        <ele>14.1</ele>
        <time>2024-04-27T08:00:26Z</time>
      </trkpt>
      <trkpt lat="22.217373" lon="113.218341">
        <ele>14.1</ele>
        <time>2024-04-27T08:00:27Z</time>
      </trkpt>
      <trkpt lat="22.217365" lon="113.218383">
        <ele>14.2</ele>
        <time>2024-04-27T08:00:28Z</time>
      </trkpt>
      <trkpt lat="22.217358" lon="113.218425">
        <ele>14.2</ele>
        <time>2024-04-27T08:00:29Z</time>
      </trkpt>
      <trkpt lat="22.21735" lon="113.218466">
        <ele>14.2</ele>
        <time>2024-04-27T08:00:30Z</time>
      </trkpt>
      <trkpt lat="22.217343" lon="113.218509">
        <ele>14.2</ele>
        <time>2024-04-27T08:00:31Z</time>
      </trkpt>
      <trkpt lat="22.217335" lon="113.218547">
        <ele>14.3</ele>
        <time>2024-04-27T08:00:32Z</time>
      </trkpt>
      <trkpt lat="22.217325" lon="113.218578">
        <ele>14.3</ele>
        <time>2024-04-27T08:00:33Z</time>
      </trkpt>
      <trkpt lat="22.217312" lon="113.218593">
        <ele>14.3</ele>
        <time>2024-04-27T08:00:34Z</time>
      </trkpt>
      <trkpt lat="22.217303" lon="113.218605">
        <ele>14.3</ele>
        <time>2024-04-27T08:00:35Z</time>
      </trkpt>
      <trkpt lat="22.217292" lon="113.218624">
        <ele>14.3</ele>
        <time>2024-04-27T08:00:36Z</time>
      </trkpt>
      <trkpt lat="22.217281" lon="113.218647">
        <ele>14.3</ele>
        <time>2024-04-27T08:00:37Z</time>
      </trkpt>
      <trkpt lat="22.217278" lon="113.218669">
        <ele>14.3</ele>
        <time>2024-04-27T08:00:38Z</time>
      </trkpt>
      <trkpt lat="22.217278" lon="113.218692">
        <ele>14.4</ele>
        <time>2024-04-27T08:00:39Z</time>
      </trkpt>
      <trkpt lat="22.21728" lon="113.218711">
        <ele>14.4</ele>
        <time>2024-04-27T08:00:40Z</time>
      </trkpt>
      <trkpt lat="22.21728" lon="113.218727">
        <ele>14.4</ele>
        <time>2024-04-27T08:00:41Z</time>
      </trkpt>
      <trkpt lat="22.217277" lon="113.218746">
        <ele>14.4</ele>
        <time>2024-04-27T08:00:42Z</time>
      </trkpt>
      <trkpt lat="22.217273" lon="113.218768">
        <ele>14.4</ele>
        <time>2024-04-27T08:00:43Z</time>
      </trkpt>
      <trkpt lat="22.217271" lon="113.218788">
        <ele>14.4</ele>
        <time>2024-04-27T08:00:44Z</time>
      </trkpt>
      <trkpt lat="22.21727" lon="113.218803">
        <ele>14.4</ele>
        <time>2024-04-27T08:00:45Z</time>
      </trkpt>
      <trkpt lat="22.217271" lon="113.218818">
        <ele>14.4</ele>
        <time>2024-04-27T08:00:46Z</time>
      </trkpt>
      <trkpt lat="22.217271" lon="113.218833">
        <ele>14.4</ele>
        <time>2024-04-27T08:00:47Z</time>
      </trkpt>
      <trkpt lat="22.217271" lon="113.218852">
        <ele>14.5</ele>
        <time>2024-04-27T08:00:48Z</time>
      </trkpt>
      <trkpt lat="22.217273" lon="113.218868">
        <ele>14.5</ele>
        <time>2024-04-27T08:00:49Z</time>
      </trkpt>
      <trkpt lat="22.217273" lon="113.218876">
        <ele>14.5</ele>
        <time>2024-04-27T08:00:50Z</time>
      </trkpt>
      <trkpt lat="22.217272" lon="113.218887">
        <ele>14.5</ele>
        <time>2024-04-27T08:00:51Z</time>
      </trkpt>
      <trkpt lat="22.217269" lon="113.218906">
        <ele>14.5</ele>
        <time>2024-04-27T08:00:52Z</time>
      </trkpt>
      <trkpt lat="22.217264" lon="113.218925">
        <ele>14.5</ele>
        <time>2024-04-27T08:00:53Z</time>
      </trkpt>
      <trkpt lat="22.21726" lon="113.218944">
        <ele>14.5</ele>
        <time>2024-04-27T08:00:54Z</time>
      </trkpt>
      <trkpt lat="22.217255" lon="113.218967">
        <ele>14.5</ele>
        <time>2024-04-27T08:00:55Z</time>
      </trkpt>
      <trkpt lat="22.217249" lon="113.218986">
        <ele>14.5</ele>
        <time>2024-04-27T08:00:56Z</time>
      </trkpt>
      <trkpt lat="22.217245" lon="113.219005">
        <ele>14.5</ele>
        <time>2024-04-27T08:00:57Z</time>
      </trkpt>
      <trkpt lat="22.217242" lon="113.219032">
        <ele>14.6</ele>
        <time>2024-04-27T08:00:58Z</time>
      </trkpt>
      <trkpt lat="22.21724" lon="113.219066">
        <ele>14.6</ele>
        <time>2024-04-27T08:00:59Z</time>
      </trkpt>
      <trkpt lat="22.217237" lon="113.2191">
        <ele>14.6</ele>
        <time>2024-04-27T08:01:00Z</time>
      </trkpt>
      <trkpt lat="22.21723" lon="113.219131">
        <ele>14.6</ele>
        <time>2024-04-27T08:01:01Z</time>
      </trkpt>
      <trkpt lat="22.217224" lon="113.219161">
        <ele>14.6</ele>
        <time>2024-04-27T08:01:02Z</time>
      </trkpt>
      <trkpt lat="22.217223" lon="113.219192">
        <ele>14.6</ele>
        <time>2024-04-27T08:01:03Z</time>
      </trkpt>
      <trkpt lat="22.217225" lon="113.219222">
        <ele>14.6</ele>
        <time>2024-04-27T08:01:04Z</time>
      </trkpt>
      <trkpt lat="22.217221" lon="113.219253">
        <ele>14.6</ele>
        <time>2024-04-27T08:01:05Z</time>
      </trkpt>
      <trkpt lat="22.21721" lon="113.219276">
        <ele>14.6</ele>
        <time>2024-04-27T08:01:06Z</time>
      </trkpt>
      <trkpt lat="22.217197" lon="113.219291">
        <ele>14.6</ele>
        <time>2024-04-27T08:01:07Z</time>
      </trkpt>
      <trkpt lat="22.217186" lon="113.219303">
        <ele>14.5</ele>
        <time>2024-04-27T08:01:08Z</time>
      </trkpt>
      <trkpt lat="22.21718" lon="113.219311">
        <ele>14.5</ele>
        <time>2024-04-27T08:01:09Z</time>
      </trkpt>
      <trkpt lat="22.217179" lon="113.219315">
        <ele>14.5</ele>
        <time>2024-04-27T08:01:10Z</time>
      </trkpt>
      <trkpt lat="22.21718" lon="113.219315">
        <ele>14.5</ele>
        <time>2024-04-27T08:01:11Z</time>
      </trkpt>
      <trkpt lat="22.21718" lon="113.219315">
        <ele>14.5</ele>
        <time>2024-04-27T08:01:12Z</time>
      </trkpt>
      <trkpt lat="22.21718" lon="113.219315">
        <ele>14.5</ele>
        <time>2024-04-27T08:01:13Z</time>
      </trkpt>
      <trkpt lat="22.21718" lon="113.219315">
        <ele>14.5</ele>
        <time>2024-04-27T08:01:14Z</time>
      </trkpt>
      <trkpt lat="22.21718" lon="113.219315">
        <ele>14.5</ele>
        <time>2024-04-27T08:01:15Z</time>
      </trkpt>
      <trkpt lat="22.21718" lon="113.219315">
        <ele>14.5</ele>
        <time>2024-04-27T08:01:16Z</time>
      </trkpt>
      <trkpt lat="22.21718" lon="113.219315">
        <ele>14.5</ele>
        <time>2024-04-27T08:01:17Z</time>
      </trkpt>
      <trkpt lat="22.21718" lon="113.219315">
        <ele>14.5</ele>
        <time>2024-04-27T08:01:18Z</time>
      </trkpt>
      <trkpt lat="22.21718" lon="113.219315">
        <ele>14.5</ele>
        <time>2024-04-27T08:01:19Z</time>
      </trkpt>
      <trkpt lat="22.21718" lon="113.219315">
        <ele>14.5</ele>
        <time>2024-04-27T08:01:20Z</time>
      </trkpt>
      <trkpt lat="22.217255" lon="113.219224">
        <ele>14.5</ele>
        <time>2024-04-27T08:01:38Z</time>
      </trkpt>
      <trkpt lat="22.217265" lon="113.219189">
        <ele>14.5</ele>
        <time>2024-04-27T08:01:39Z</time>
      </trkpt>
      <trkpt lat="22.217264" lon="113.219155">
        <ele>14.5</ele>
        <time>2024-04-27T08:01:40Z</time>
      </trkpt>
      <trkpt lat="22.217263" lon="113.219124">
        <ele>14.4</ele>
        <time>2024-04-27T08:01:41Z</time>
      </trkpt>
      <trkpt lat="22.217269" lon="113.219094">
        <ele>14.4</ele>
        <time>2024-04-27T08:01:42Z</time>
      </trkpt>
      <trkpt lat="22.217279" lon="113.21906">
        <ele>14.4</ele>
        <time>2024-04-27T08:01:43Z</time>
      </trkpt>
      <trkpt lat="22.217289" lon="113.219018">
        <ele>14.4</ele>
        <time>2024-04-27T08:01:44Z</time>
      </trkpt>
      <trkpt lat="22.217295" lon="113.21898">
        <ele>14.4</ele>
        <time>2024-04-27T08:01:45Z</time>
      </trkpt>
      <trkpt lat="22.2173" lon="113.218953">
        <ele>14.4</ele>
        <time>2024-04-27T08:01:46Z</time>
      </trkpt>
      <trkpt lat="22.21731" lon="113.21893">
        <ele>14.3</ele>
        <time>2024-04-27T08:01:47Z</time>
      </trkpt>
      <trkpt lat="22.217318" lon="113.218907">
        <ele>14.3</ele>
        <time>2024-04-27T08:01:48Z</time>
      </trkpt>
      <trkpt lat="22.217323" lon="113.21888">
        <ele>14.3</ele>
        <time>2024-04-27T08:01:49Z</time>
      </trkpt>
      <trkpt lat="22.217325" lon="113.21885">
        <ele>14.3</ele>
        <time>2024-04-27T08:01:50Z</time>
      </trkpt>
      <trkpt lat="22.217324" lon="113.218823">
        <ele>14.3</ele>
        <time>2024-04-27T08:01:51Z</time>
      </trkpt>
      <trkpt lat="22.217322" lon="113.218796">
        <ele>14.3</ele>
        <time>2024-04-27T08:01:52Z</time>
      </trkpt>
      <trkpt lat="22.217323" lon="113.218762">
        <ele>14.3</ele>
        <time>2024-04-27T08:01:53Z</time>
      </trkpt>
      <trkpt lat="22.217328" lon="113.218724">
        <ele>14.3</ele>
        <time>2024-04-27T08:01:54Z</time>
      </trkpt>
      <trkpt lat="22.217332" lon="113.218686">
        <ele>14.2</ele>
        <time>2024-04-27T08:01:55Z</time>
      </trkpt>
      <trkpt lat="22.217336" lon="113.218648">
        <ele>14.2</ele>
        <time>2024-04-27T08:01:56Z</time>
      </trkpt>
      <trkpt lat="22.217344" lon="113.218617">
        <ele>14.2</ele>
        <time>2024-04-27T08:01:57Z</time>
      </trkpt>
      <trkpt lat="22.217358" lon="113.218598">
        <ele>14.2</ele>
        <time>2024-04-27T08:01:58Z</time>
      </trkpt>
      <trkpt lat="22.217375" lon="113.218583">
        <ele>14.2</ele>
        <time>2024-04-27T08:01:59Z</time>
      </trkpt>
      <trkpt lat="22.21739" lon="113.218564">
        <ele>14.2</ele>
        <time>2024-04-27T08:02:00Z</time>
      </trkpt>
      <trkpt lat="22.217399" lon="113.218533">
        <ele>14.2</ele>
        <time>2024-04-27T08:02:01Z</time>
      </trkpt>
      <trkpt lat="22.217407" lon="113.218495">
        <ele>14.1</ele>
        <time>2024-04-27T08:02:02Z</time>
      </trkpt>
      <trkpt lat="22.217414" lon="113.218453">
        <ele>14.1</ele>
        <time>2024-04-27T08:02:03Z</time>
      </trkpt>
      <trkpt lat="22.217419" lon="113.218408">
        <ele>14.1</ele>
        <time>2024-04-27T08:02:04Z</time>
      </trkpt>
      <trkpt lat="22.217423" lon="113.218362">
        <ele>14.1</ele>
        <time>2024-04-27T08:02:05Z</time>
      </trkpt>
      <trkpt lat="22.217427" lon="113.218316">
        <ele>14.1</ele>
        <time>2024-04-27T08:02:06Z</time>
      </trkpt>
      <trkpt lat="22.217434" lon="113.218267">
        <ele>14</ele>
        <time>2024-04-27T08:02:07Z</time>
      </trkpt>
      <trkpt lat="22.217442" lon="113.218217">
        <ele>14</ele>
        <time>2024-04-27T08:02:08Z</time>
      </trkpt>
      <trkpt lat="22.21745" lon="113.218171">
        <ele>14</ele>
        <time>2024-04-27T08:02:09Z</time>
      </trkpt>
      <trkpt lat="22.217451" lon="113.218122">
        <ele>14</ele>
        <time>2024-04-27T08:02:10Z</time>
      </trkpt>
      <trkpt lat="22.217445" lon="113.218076">
        <ele>14</ele>
        <time>2024-04-27T08:02:11Z</time>
      </trkpt>
      <trkpt lat="22.21744" lon="113.218034">
        <ele>13.9</ele>
        <time>2024-04-27T08:02:12Z</time>
      </trkpt>
      <trkpt lat="22.217444" lon="113.217988">
        <ele>13.9</ele>
        <time>2024-04-27T08:02:13Z</time>
      </trkpt>
      <trkpt lat="22.217451" lon="113.217943">
        <ele>13.9</ele>
        <time>2024-04-27T08:02:14Z</time>
      </trkpt>
      <trkpt lat="22.217452" lon="113.2179">
        <ele>13.9</ele>
        <time>2024-04-27T08:02:15Z</time>
      </trkpt>
      <trkpt lat="22.217447" lon="113.217858">
        <ele>13.9</ele>
        <time>2024-04-27T08:02:16Z</time>
      </trkpt>
      <trkpt lat="22.217443" lon="113.217816">
        <ele>13.8</ele>
        <time>2024-04-27T08:02:17Z</time>
      </trkpt>
      <trkpt lat="22.217442" lon="113.217778">
        <ele>13.8</ele>
        <time>2024-04-27T08:02:18Z</time>
      </trkpt>
      <trkpt lat="22.217444" lon="113.21774">
        <ele>13.8</ele>
        <time>2024-04-27T08:02:19Z</time>
      </trkpt>
      <trkpt lat="22.217449" lon="113.217702">
        <ele>13.8</ele>
        <time>2024-04-27T08:02:20Z</time>
      </trkpt>
      <trkpt lat="22.217456" lon="113.21766">
        <ele>13.8</ele>
        <time>2024-04-27T08:02:21Z</time>
      </trkpt>
      <trkpt lat="22.217462" lon="113.217615">
        <ele>13.7</ele>
        <time>2024-04-27T08:02:22Z</time>
      </trkpt>
      <trkpt lat="22.217469" lon="113.217569">
        <ele>13.7</ele>
        <time>2024-04-27T08:02:23Z</time>
      </trkpt>
      <trkpt lat="22.217474" lon="113.217523">
        <ele>13.7</ele>
        <time>2024-04-27T08:02:24Z</time>
      </trkpt>
      <trkpt lat="22.217476" lon="113.217481">
        <ele>13.7</ele>
        <time>2024-04-27T08:02:25Z</time>
      </trkpt>
      <trkpt lat="22.217477" lon="113.217439">
        <ele>13.7</ele>
        <time>2024-04-27T08:02:26Z</time>
      </trkpt>
      <trkpt lat="22.217481" lon="113.21739">
        <ele>13.6</ele>
        <time>2024-04-27T08:02:27Z</time>
      </trkpt>
      <trkpt lat="22.217488" lon="113.21734">
        <ele>13.6</ele>
        <time>2024-04-27T08:02:28Z</time>
      </trkpt>
      <trkpt lat="22.217495" lon="113.217294">
        <ele>13.6</ele>
        <time>2024-04-27T08:02:29Z</time>
      </trkpt>
      <trkpt lat="22.217502" lon="113.217244">
        <ele>13.6</ele>
        <time>2024-04-27T08:02:30Z</time>
      </trkpt>
      <trkpt lat="22.21751" lon="113.217195">
        <ele>13.5</ele>
        <time>2024-04-27T08:02:31Z</time>
      </trkpt>
      <trkpt lat="22.217517" lon="113.217146">
        <ele>13.5</ele>
        <time>2024-04-27T08:02:32Z</time>
      </trkpt>
      <trkpt lat="22.217522" lon="113.217092">
        <ele>13.5</ele>
        <time>2024-04-27T08:02:33Z</time>
      </trkpt>
      <trkpt lat="22.217528" lon="113.217042">
        <ele>13.5</ele>
        <time>2024-04-27T08:02:34Z</time>
      </trkpt>
      <trkpt lat="22.217535" lon="113.216993">
        <ele>13.4</ele>
        <time>2024-04-27T08:02:35Z</time>
      </trkpt>
      <trkpt lat="22.217541" lon="113.216939">
        <ele>13.4</ele>
        <time>2024-04-27T08:02:36Z</time>
      </trkpt>
      <trkpt lat="22.217544" lon="113.216886">
        <ele>13.4</ele>
        <time>2024-04-27T08:02:37Z</time>
      </trkpt>
      <trkpt lat="22.217549" lon="113.216829">
        <ele>13.3</ele>
        <time>2024-04-27T08:02:38Z</time>
      </trkpt>
      <trkpt lat="22.217558" lon="113.216768">
        <ele>13.3</ele>
        <time>2024-04-27T08:02:39Z</time>
      </trkpt>
      <trkpt lat="22.217566" lon="113.216707">
        <ele>13.3</ele>
        <time>2024-04-27T08:02:40Z</time>
      </trkpt>
      <trkpt lat="22.217572" lon="113.216653">
        <ele>13.3</ele>
        <time>2024-04-27T08:02:41Z</time>
      </trkpt>
      <trkpt lat="22.217579" lon="113.216607">
        <ele>13.2</ele>
        <time>2024-04-27T08:02:42Z</time>
      </trkpt>
      <trkpt lat="22.217586" lon="113.216558">
        <ele>13.2</ele>
        <time>2024-04-27T08:02:43Z</time>
      </trkpt>
      <trkpt lat="22.217593" lon="113.216508">
        <ele>13.2</ele>
        <time>2024-04-27T08:02:44Z</time>
      </trkpt>
      <trkpt lat="22.217599" lon="113.216462">
        <ele>13.2</ele>
        <time>2024-04-27T08:02:45Z</time>
      </trkpt>
      <trkpt lat="22.217603" lon="113.216417">
        <ele>13.1</ele>
        <time>2024-04-27T08:02:46Z</time>
      </trkpt>
      <trkpt lat="22.217602" lon="113.216371">
        <ele>13.1</ele>
        <time>2024-04-27T08:02:47Z</time>
      </trkpt>
      <trkpt lat="22.217601" lon="113.216325">
        <ele>13.1</ele>
        <time>2024-04-27T08:02:48Z</time>
      </trkpt>
      <trkpt lat="22.217603" lon="113.216276">
        <ele>13.1</ele>
        <time>2024-04-27T08:02:49Z</time>
      </trkpt>
      <trkpt lat="22.217607" lon="113.216226">
        <ele>13</ele>
        <time>2024-04-27T08:02:50Z</time>
      </trkpt>
      <trkpt lat="22.217616" lon="113.216184">
        <ele>13</ele>
        <time>2024-04-27T08:02:51Z</time>
      </trkpt>
      <trkpt lat="22.217625" lon="113.216149">
        <ele>13</ele>
        <time>2024-04-27T08:02:52Z</time>
      </trkpt>
      <trkpt lat="22.217633" lon="113.216115">
        <ele>13</ele>
        <time>2024-04-27T08:02:53Z</time>
      </trkpt>
      <trkpt lat="22.217638" lon="113.21608">
        <ele>13</ele>
        <time>2024-04-27T08:02:54Z</time>
      </trkpt>
      <trkpt lat="22.217644" lon="113.216046">
        <ele>12.9</ele>
        <time>2024-04-27T08:02:55Z</time>
      </trkpt>
      <trkpt lat="22.21765" lon="113.216008">
        <ele>12.9</ele>
        <time>2024-04-27T08:02:56Z</time>
      </trkpt>
      <trkpt lat="22.217657" lon="113.21597">
        <ele>12.9</ele>
        <time>2024-04-27T08:02:57Z</time>
      </trkpt>
      <trkpt lat="22.217662" lon="113.215932">
        <ele>12.9</ele>
        <time>2024-04-27T08:02:58Z</time>
      </trkpt>
      <trkpt lat="22.217658" lon="113.215901">
        <ele>12.9</ele>
        <time>2024-04-27T08:02:59Z</time>
      </trkpt>
      <trkpt lat="22.217651" lon="113.215878">
        <ele>12.9</ele>
        <time>2024-04-27T08:03:00Z</time>
      </trkpt>
      <trkpt lat="22.217656" lon="113.215851">
        <ele>12.8</ele>
        <time>2024-04-27T08:03:01Z</time>
      </trkpt>
      <trkpt lat="22.21767" lon="113.215821">
        <ele>12.8</ele>
        <time>2024-04-27T08:03:02Z</time>
      </trkpt>
      <trkpt lat="22.217686" lon="113.215805">
        <ele>12.8</ele>
        <time>2024-04-27T08:03:03Z</time>
      </trkpt>
      <trkpt lat="22.217708" lon="113.215805">
        <ele>12.8</ele>
        <time>2024-04-27T08:03:04Z</time>
      </trkpt>
      <trkpt lat="22.217726" lon="113.21582">
        <ele>12.8</ele>
        <time>2024-04-27T08:03:05Z</time>
      </trkpt>
      <trkpt lat="22.21772" lon="113.215846">
        <ele>12.8</ele>
        <time>2024-04-27T08:03:06Z</time>
      </trkpt>
      <trkpt lat="22.217692" lon="113.215866">
        <ele>12.8</ele>
        <time>2024-04-27T08:03:07Z</time>
      </trkpt>
      <trkpt lat="22.217656" lon="113.215881">
        <ele>12.7</ele>
        <time>2024-04-27T08:03:08Z</time>
      </trkpt>
      <trkpt lat="22.217626" lon="113.215892">
        <ele>12.7</ele>
        <time>2024-04-27T08:03:09Z</time>
      </trkpt>
      <trkpt lat="22.217603" lon="113.215893">
        <ele>12.7</ele>
        <time>2024-04-27T08:03:10Z</time>
      </trkpt>
      <trkpt lat="22.217587" lon="113.215893">
        <ele>12.7</ele>
        <time>2024-04-27T08:03:11Z</time>
      </trkpt>
      <trkpt lat="22.217571" lon="113.215897">
        <ele>12.7</ele>
        <time>2024-04-27T08:03:12Z</time>
      </trkpt>
      <trkpt lat="22.217555" lon="113.215904">
        <ele>12.7</ele>
        <time>2024-04-27T08:03:13Z</time>
      </trkpt>
      <trkpt lat="22.217544" lon="113.215919">
        <ele>12.7</ele>
        <time>2024-04-27T08:03:14Z</time>
      </trkpt>
      <trkpt lat="22.217536" lon="113.215934">
        <ele>12.7</ele>
        <time>2024-04-27T08:03:15Z</time>
      </trkpt>
      <trkpt lat="22.217533" lon="113.215946">
        <ele>12.7</ele>
        <time>2024-04-27T08:03:16Z</time>
      </trkpt>
      <trkpt lat="22.217532" lon="113.21595">
        <ele>12.7</ele>
        <time>2024-04-27T08:03:17Z</time>
      </trkpt>
      <trkpt lat="22.217631" lon="113.215846">
        <ele>12.6</ele>
        <time>2024-04-27T08:03:52Z</time>
      </trkpt>
      <trkpt lat="22.217649" lon="113.21582">
        <ele>12.6</ele>
        <time>2024-04-27T08:03:53Z</time>
      </trkpt>
      <trkpt lat="22.217664" lon="113.215792">
        <ele>12.6</ele>
        <time>2024-04-27T08:03:54Z</time>
      </trkpt>
      <trkpt lat="22.217673" lon="113.215758">
        <ele>12.6</ele>
        <time>2024-04-27T08:03:55Z</time>
      </trkpt>
      <trkpt lat="22.217677" lon="113.21572">
        <ele>12.5</ele>
        <time>2024-04-27T08:03:56Z</time>
      </trkpt>
      <trkpt lat="22.217679" lon="113.215679">
        <ele>12.5</ele>
        <time>2024-04-27T08:03:57Z</time>
      </trkpt>
      <trkpt lat="22.217682" lon="113.215636">
        <ele>12.5</ele>
        <time>2024-04-27T08:03:58Z</time>
      </trkpt>
      <trkpt lat="22.217686" lon="113.215595">
        <ele>12.5</ele>
        <time>2024-04-27T08:03:59Z</time>
      </trkpt>
      <trkpt lat="22.21769" lon="113.215553">
        <ele>12.5</ele>
        <time>2024-04-27T08:04:00Z</time>
      </trkpt>
      <trkpt lat="22.217694" lon="113.215513">
        <ele>12.4</ele>
        <time>2024-04-27T08:04:01Z</time>
      </trkpt>
      <trkpt lat="22.217699" lon="113.215474">
        <ele>12.4</ele>
        <time>2024-04-27T08:04:02Z</time>
      </trkpt>
      <trkpt lat="22.217705" lon="113.215432">
        <ele>12.4</ele>
        <time>2024-04-27T08:04:03Z</time>
      </trkpt>
      <trkpt lat="22.21771" lon="113.21539">
        <ele>12.4</ele>
        <time>2024-04-27T08:04:04Z</time>
      </trkpt>
      <trkpt lat="22.217713" lon="113.215352">
        <ele>12.4</ele>
        <time>2024-04-27T08:04:05Z</time>
      </trkpt>
      <trkpt lat="22.217714" lon="113.215314">
        <ele>12.3</ele>
        <time>2024-04-27T08:04:06Z</time>
      </trkpt>
      <trkpt lat="22.217713" lon="113.215272">
        <ele>12.3</ele>
        <time>2024-04-27T08:04:07Z</time>
      </trkpt>
      <trkpt lat="22.217712" lon="113.21523">
        <ele>12.3</ele>
        <time>2024-04-27T08:04:08Z</time>
      </trkpt>
      <trkpt lat="22.217722" lon="113.215192">
        <ele>12.3</ele>
        <time>2024-04-27T08:04:09Z</time>
      </trkpt>
      <trkpt lat="22.217734" lon="113.215154">
        <ele>12.3</ele>
        <time>2024-04-27T08:04:10Z</time>
      </trkpt>
      <trkpt lat="22.217737" lon="113.215116">
        <ele>12.3</ele>
        <time>2024-04-27T08:04:11Z</time>
      </trkpt>
      <trkpt lat="22.217733" lon="113.215078">
        <ele>12.2</ele>
        <time>2024-04-27T08:04:12Z</time>
      </trkpt>
      <trkpt lat="22.217731" lon="113.215043">
        <ele>12.2</ele>
        <time>2024-04-27T08:04:13Z</time>
      </trkpt>
      <trkpt lat="22.217733" lon="113.215009">
        <ele>12.2</ele>
        <time>2024-04-27T08:04:14Z</time>
      </trkpt>
      <trkpt lat="22.217739" lon="113.214967">
        <ele>12.2</ele>
        <time>2024-04-27T08:04:15Z</time>
      </trkpt>
      <trkpt lat="22.217746" lon="113.214925">
        <ele>12.2</ele>
        <time>2024-04-27T08:04:16Z</time>
      </trkpt>
      <trkpt lat="22.217751" lon="113.214883">
        <ele>12.1</ele>
        <time>2024-04-27T08:04:17Z</time>
      </trkpt>
      <trkpt lat="22.217756" lon="113.214837">
        <ele>12.1</ele>
        <time>2024-04-27T08:04:18Z</time>
      </trkpt>
      <trkpt lat="22.217764" lon="113.214791">
        <ele>12.1</ele>
        <time>2024-04-27T08:04:19Z</time>
      </trkpt>
      <trkpt lat="22.217772" lon="113.214746">
        <ele>12.1</ele>
        <time>2024-04-27T08:04:20Z</time>
      </trkpt>
      <trkpt lat="22.21778" lon="113.214704">
        <ele>12.1</ele>
        <time>2024-04-27T08:04:21Z</time>
      </trkpt>
      <trkpt lat="22.217784" lon="113.214662">
        <ele>12</ele>
        <time>2024-04-27T08:04:22Z</time>
      </trkpt>
      <trkpt lat="22.217788" lon="113.214613">
        <ele>12</ele>
        <time>2024-04-27T08:04:23Z</time>
      </trkpt>
      <trkpt lat="22.217794" lon="113.21456">
        <ele>12</ele>
        <time>2024-04-27T08:04:24Z</time>
      </trkpt>
      <trkpt lat="22.217799" lon="113.214506">
        <ele>12</ele>
        <time>2024-04-27T08:04:25Z</time>
      </trkpt>
      <trkpt lat="22.217807" lon="113.214456">
        <ele>11.9</ele>
        <time>2024-04-27T08:04:26Z</time>
      </trkpt>
      <trkpt lat="22.217816" lon="113.214407">
        <ele>11.9</ele>
        <time>2024-04-27T08:04:27Z</time>
      </trkpt>
      <trkpt lat="22.217824" lon="113.214357">
        <ele>11.9</ele>
        <time>2024-04-27T08:04:28Z</time>
      </trkpt>
      <trkpt lat="22.21783" lon="113.214311">
        <ele>11.9</ele>
        <time>2024-04-27T08:04:29Z</time>
      </trkpt>
      <trkpt lat="22.217835" lon="113.214265">
        <ele>11.9</ele>
        <time>2024-04-27T08:04:30Z</time>
      </trkpt>
      <trkpt lat="22.21784" lon="113.214216">
        <ele>11.9</ele>
        <time>2024-04-27T08:04:31Z</time>
      </trkpt>
      <trkpt lat="22.217847" lon="113.214162">
        <ele>11.9</ele>
        <time>2024-04-27T08:04:32Z</time>
      </trkpt>
      <trkpt lat="22.217852" lon="113.214113">
        <ele>11.9</ele>
        <time>2024-04-27T08:04:33Z</time>
      </trkpt>
      <trkpt lat="22.217857" lon="113.214067">
        <ele>11.9</ele>
        <time>2024-04-27T08:04:34Z</time>
      </trkpt>
      <trkpt lat="22.217859" lon="113.214014">
        <ele>11.8</ele>
        <time>2024-04-27T08:04:35Z</time>
      </trkpt>
      <trkpt lat="22.217861" lon="113.21396">
        <ele>11.8</ele>
        <time>2024-04-27T08:04:36Z</time>
      </trkpt>
      <trkpt lat="22.217865" lon="113.213915">
        <ele>11.8</ele>
        <time>2024-04-27T08:04:37Z</time>
      </trkpt>
      <trkpt lat="22.21787" lon="113.213869">
        <ele>11.8</ele>
        <time>2024-04-27T08:04:38Z</time>
      </trkpt>
      <trkpt lat="22.217874" lon="113.213823">
        <ele>11.8</ele>
        <time>2024-04-27T08:04:39Z</time>
      </trkpt>
      <trkpt lat="22.217876" lon="113.213781">
        <ele>11.8</ele>
        <time>2024-04-27T08:04:40Z</time>
      </trkpt>
      <trkpt lat="22.217878" lon="113.213739">
        <ele>11.8</ele>
        <time>2024-04-27T08:04:41Z</time>
      </trkpt>
      <trkpt lat="22.217875" lon="113.213689">
        <ele>11.8</ele>
        <time>2024-04-27T08:04:42Z</time>
      </trkpt>
      <trkpt lat="22.217864" lon="113.21364">
        <ele>11.8</ele>
        <time>2024-04-27T08:04:43Z</time>
      </trkpt>
      <trkpt lat="22.217855" lon="113.213594">
        <ele>11.8</ele>
        <time>2024-04-27T08:04:44Z</time>
      </trkpt>
      <trkpt lat="22.217856" lon="113.213548">
        <ele>11.8</ele>
        <time>2024-04-27T08:04:45Z</time>
      </trkpt>
      <trkpt lat="22.217867" lon="113.213506">
        <ele>11.8</ele>
        <time>2024-04-27T08:04:46Z</time>
      </trkpt>
      <trkpt lat="22.217881" lon="113.213468">
        <ele>11.8</ele>
        <time>2024-04-27T08:04:47Z</time>
      </trkpt>
      <trkpt lat="22.217891" lon="113.213429">
        <ele>11.8</ele>
        <time>2024-04-27T08:04:48Z</time>
      </trkpt>
      <trkpt lat="22.217894" lon="113.213392">
        <ele>11.8</ele>
        <time>2024-04-27T08:04:49Z</time>
      </trkpt>
      <trkpt lat="22.217895" lon="113.21335">
        <ele>11.8</ele>
        <time>2024-04-27T08:04:50Z</time>
      </trkpt>
      <trkpt lat="22.217895" lon="113.213304">
        <ele>11.8</ele>
        <time>2024-04-27T08:04:51Z</time>
      </trkpt>
      <trkpt lat="22.2179" lon="113.213265">
        <ele>11.8</ele>
        <time>2024-04-27T08:04:52Z</time>
      </trkpt>
      <trkpt lat="22.217908" lon="113.213231">
        <ele>11.8</ele>
        <time>2024-04-27T08:04:53Z</time>
      </trkpt>
      <trkpt lat="22.217912" lon="113.213196">
        <ele>11.8</ele>
        <time>2024-04-27T08:04:54Z</time>
      </trkpt>
      <trkpt lat="22.217914" lon="113.21317">
        <ele>11.8</ele>
        <time>2024-04-27T08:04:55Z</time>
      </trkpt>
      <trkpt lat="22.217915" lon="113.21315">
        <ele>11.8</ele>
        <time>2024-04-27T08:04:56Z</time>
      </trkpt>
      <trkpt lat="22.217915" lon="113.213132">
        <ele>11.7</ele>
        <time>2024-04-27T08:04:57Z</time>
      </trkpt>
      <trkpt lat="22.217916" lon="113.213109">
        <ele>11.7</ele>
        <time>2024-04-27T08:04:58Z</time>
      </trkpt>
      <trkpt lat="22.217919" lon="113.213082">
        <ele>11.7</ele>
        <time>2024-04-27T08:04:59Z</time>
      </trkpt>
      <trkpt lat="22.217926" lon="113.213048">
        <ele>11.7</ele>
        <time>2024-04-27T08:05:00Z</time>
      </trkpt>
      <trkpt lat="22.217947" lon="113.21301">
        <ele>11.7</ele>
        <time>2024-04-27T08:05:01Z</time>
      </trkpt>
      <trkpt lat="22.217975" lon="113.212972">
        <ele>11.7</ele>
        <time>2024-04-27T08:05:02Z</time>
      </trkpt>
      <trkpt lat="22.217989" lon="113.212927">
        <ele>11.7</ele>
        <time>2024-04-27T08:05:03Z</time>
      </trkpt>
      <trkpt lat="22.217991" lon="113.212873">
        <ele>11.7</ele>
        <time>2024-04-27T08:05:04Z</time>
      </trkpt>
      <trkpt lat="22.217994" lon="113.212823">
        <ele>11.7</ele>
        <time>2024-04-27T08:05:05Z</time>
      </trkpt>
      <trkpt lat="22.218" lon="113.212777">
        <ele>11.7</ele>
        <time>2024-04-27T08:05:06Z</time>
      </trkpt>
      <trkpt lat="22.218003" lon="113.212732">
        <ele>11.7</ele>
        <time>2024-04-27T08:05:07Z</time>
      </trkpt>
      <trkpt lat="22.218009" lon="113.212683">
        <ele>11.7</ele>
        <time>2024-04-27T08:05:08Z</time>
      </trkpt>
      <trkpt lat="22.218016" lon="113.212633">
        <ele>11.7</ele>
        <time>2024-04-27T08:05:09Z</time>
      </trkpt>
      <trkpt lat="22.218019" lon="113.212583">
        <ele>11.7</ele>
        <time>2024-04-27T08:05:10Z</time>
      </trkpt>
      <trkpt lat="22.218022" lon="113.212537">
        <ele>11.7</ele>
        <time>2024-04-27T08:05:11Z</time>
      </trkpt>
      <trkpt lat="22.218023" lon="113.212495">
        <ele>11.7</ele>
        <time>2024-04-27T08:05:12Z</time>
      </trkpt>
      <trkpt lat="22.218024" lon="113.212449">
        <ele>11.7</ele>
        <time>2024-04-27T08:05:13Z</time>
      </trkpt>
      <trkpt lat="22.218026" lon="113.212407">
        <ele>11.7</ele>
        <time>2024-04-27T08:05:14Z</time>
      </trkpt>
      <trkpt lat="22.218027" lon="113.212369">
        <ele>11.6</ele>
        <time>2024-04-27T08:05:15Z</time>
      </trkpt>
      <trkpt lat="22.218028" lon="113.212331">
        <ele>11.6</ele>
        <time>2024-04-27T08:05:16Z</time>
      </trkpt>
      <trkpt lat="22.218028" lon="113.212296">
        <ele>11.6</ele>
        <time>2024-04-27T08:05:17Z</time>
      </trkpt>
      <trkpt lat="22.218026" lon="113.212262">
        <ele>11.6</ele>
        <time>2024-04-27T08:05:18Z</time>
      </trkpt>
      <trkpt lat="22.218023" lon="113.212224">
        <ele>11.5</ele>
        <time>2024-04-27T08:05:19Z</time>
      </trkpt>
      <trkpt lat="22.218019" lon="113.212182">
        <ele>11.5</ele>
        <time>2024-04-27T08:05:20Z</time>
      </trkpt>
      <trkpt lat="22.218014" lon="113.212137">
        <ele>11.5</ele>
        <time>2024-04-27T08:05:21Z</time>
      </trkpt>
      <trkpt lat="22.218014" lon="113.212091">
        <ele>11.5</ele>
        <time>2024-04-27T08:05:22Z</time>
      </trkpt>
      <trkpt lat="22.218021" lon="113.212045">
        <ele>11.4</ele>
        <time>2024-04-27T08:05:23Z</time>
      </trkpt>
      <trkpt lat="22.218033" lon="113.211999">
        <ele>11.4</ele>
        <time>2024-04-27T08:05:24Z</time>
      </trkpt>
      <trkpt lat="22.218045" lon="113.211954">
        <ele>11.4</ele>
        <time>2024-04-27T08:05:25Z</time>
      </trkpt>
      <trkpt lat="22.218061" lon="113.211911">
        <ele>11.3</ele>
        <time>2024-04-27T08:05:26Z</time>
      </trkpt>
      <trkpt lat="22.218082" lon="113.211877">
        <ele>11.3</ele>
        <time>2024-04-27T08:05:27Z</time>
      </trkpt>
      <trkpt lat="22.218103" lon="113.211843">
        <ele>11.3</ele>
        <time>2024-04-27T08:05:28Z</time>
      </trkpt>
      <trkpt lat="22.218117" lon="113.211812">
        <ele>11.3</ele>
        <time>2024-04-27T08:05:29Z</time>
      </trkpt>
      <trkpt lat="22.218121" lon="113.211786">
        <ele>11.2</ele>
        <time>2024-04-27T08:05:30Z</time>
      </trkpt>
      <trkpt lat="22.218112" lon="113.211755">
        <ele>11.2</ele>
        <time>2024-04-27T08:05:31Z</time>
      </trkpt>
      <trkpt lat="22.218091" lon="113.211728">
        <ele>11.2</ele>
        <time>2024-04-27T08:05:32Z</time>
      </trkpt>
      <trkpt lat="22.218068" lon="113.211712">
        <ele>11.2</ele>
        <time>2024-04-27T08:05:33Z</time>
      </trkpt>
      <trkpt lat="22.218055" lon="113.211701">
        <ele>11.2</ele>
        <time>2024-04-27T08:05:34Z</time>
      </trkpt>
      <trkpt lat="22.218053" lon="113.211686">
        <ele>11.2</ele>
        <time>2024-04-27T08:05:35Z</time>
      </trkpt>
      <trkpt lat="22.218061" lon="113.21167">
        <ele>11.1</ele>
        <time>2024-04-27T08:05:36Z</time>
      </trkpt>
      <trkpt lat="22.218074" lon="113.211659">
        <ele>11.1</ele>
        <time>2024-04-27T08:05:37Z</time>
      </trkpt>
      <trkpt lat="22.21808" lon="113.211655">
        <ele>11.1</ele>
        <time>2024-04-27T08:05:38Z</time>
      </trkpt>
      <trkpt lat="22.218071" lon="113.211727">
        <ele>11.1</ele>
        <time>2024-04-27T08:06:21Z</time>
      </trkpt>
      <trkpt lat="22.218088" lon="113.211746">
        <ele>11.1</ele>
        <time>2024-04-27T08:06:22Z</time>
      </trkpt>
      <trkpt lat="22.218105" lon="113.211761">
        <ele>11</ele>
        <time>2024-04-27T08:06:23Z</time>
      </trkpt>
      <trkpt lat="22.218129" lon="113.211762">
        <ele>11</ele>
        <time>2024-04-27T08:06:24Z</time>
      </trkpt>
      <trkpt lat="22.218157" lon="113.211743">
        <ele>11</ele>
        <time>2024-04-27T08:06:25Z</time>
      </trkpt>
      <trkpt lat="22.218181" lon="113.211717">
        <ele>11</ele>
        <time>2024-04-27T08:06:26Z</time>
      </trkpt>
      <trkpt lat="22.2182" lon="113.21169">
        <ele>11</ele>
        <time>2024-04-27T08:06:27Z</time>
      </trkpt>
      <trkpt lat="22.218223" lon="113.21167">
        <ele>10.9</ele>
        <time>2024-04-27T08:06:28Z</time>
      </trkpt>
      <trkpt lat="22.218254" lon="113.211655">
        <ele>10.9</ele>
        <time>2024-04-27T08:06:29Z</time>
      </trkpt>
      <trkpt lat="22.218292" lon="113.211636">
        <ele>10.9</ele>
        <time>2024-04-27T08:06:30Z</time>
      </trkpt>
      <trkpt lat="22.218333" lon="113.211613">
        <ele>10.9</ele>
        <time>2024-04-27T08:06:31Z</time>
      </trkpt>
      <trkpt lat="22.218373" lon="113.211591">
        <ele>10.8</ele>
        <time>2024-04-27T08:06:32Z</time>
      </trkpt>
      <trkpt lat="22.218409" lon="113.211575">
        <ele>10.8</ele>
        <time>2024-04-27T08:06:33Z</time>
      </trkpt>
      <trkpt lat="22.218444" lon="113.211567">
        <ele>10.8</ele>
        <time>2024-04-27T08:06:34Z</time>
      </trkpt>
      <trkpt lat="22.218478" lon="113.21156">
        <ele>10.7</ele>
        <time>2024-04-27T08:06:35Z</time>
      </trkpt>
      <trkpt lat="22.218511" lon="113.211552">
        <ele>10.7</ele>
        <time>2024-04-27T08:06:36Z</time>
      </trkpt>
      <trkpt lat="22.218545" lon="113.211541">
        <ele>10.7</ele>
        <time>2024-04-27T08:06:37Z</time>
      </trkpt>
      <trkpt lat="22.218583" lon="113.211526">
        <ele>10.7</ele>
        <time>2024-04-27T08:06:38Z</time>
      </trkpt>
      <trkpt lat="22.21862" lon="113.21151">
        <ele>10.6</ele>
        <time>2024-04-27T08:06:39Z</time>
      </trkpt>
      <trkpt lat="22.218659" lon="113.211495">
        <ele>10.6</ele>
        <time>2024-04-27T08:06:40Z</time>
      </trkpt>
      <trkpt lat="22.218701" lon="113.211483">
        <ele>10.6</ele>
        <time>2024-04-27T08:06:41Z</time>
      </trkpt>
      <trkpt lat="22.218742" lon="113.211472">
        <ele>10.5</ele>
        <time>2024-04-27T08:06:42Z</time>
      </trkpt>
      <trkpt lat="22.218784" lon="113.211457">
        <ele>10.5</ele>
        <time>2024-04-27T08:06:43Z</time>
      </trkpt>
      <trkpt lat="22.218828" lon="113.211445">
        <ele>10.5</ele>
        <time>2024-04-27T08:06:44Z</time>
      </trkpt>
      <trkpt lat="22.218873" lon="113.21143">
        <ele>10.5</ele>
        <time>2024-04-27T08:06:45Z</time>
      </trkpt>
      <trkpt lat="22.218919" lon="113.211411">
        <ele>10.4</ele>
        <time>2024-04-27T08:06:46Z</time>
      </trkpt>
      <trkpt lat="22.218968" lon="113.211392">
        <ele>10.4</ele>
        <time>2024-04-27T08:06:47Z</time>
      </trkpt>
      <trkpt lat="22.219017" lon="113.211373">
        <ele>10.5</ele>
        <time>2024-04-27T08:06:48Z</time>
      </trkpt>
      <trkpt lat="22.219066" lon="113.211354">
        <ele>10.5</ele>
        <time>2024-04-27T08:06:49Z</time>
      </trkpt>
      <trkpt lat="22.219113" lon="113.211335">
        <ele>10.6</ele>
        <time>2024-04-27T08:06:50Z</time>
      </trkpt>
      <trkpt lat="22.219161" lon="113.21132">
        <ele>10.7</ele>
        <time>2024-04-27T08:06:51Z</time>
      </trkpt>
      <trkpt lat="22.21921" lon="113.211304">
        <ele>10.7</ele>
        <time>2024-04-27T08:06:52Z</time>
      </trkpt>
      <trkpt lat="22.21926" lon="113.211292">
        <ele>10.8</ele>
        <time>2024-04-27T08:06:53Z</time>
      </trkpt>
      <trkpt lat="22.219312" lon="113.211281">
        <ele>10.8</ele>
        <time>2024-04-27T08:06:54Z</time>
      </trkpt>
      <trkpt lat="22.219365" lon="113.21127">
        <ele>10.9</ele>
        <time>2024-04-27T08:06:55Z</time>
      </trkpt>
      <trkpt lat="22.219419" lon="113.211255">
        <ele>11</ele>
        <time>2024-04-27T08:06:56Z</time>
      </trkpt>
      <trkpt lat="22.21947" lon="113.211235">
        <ele>11</ele>
        <time>2024-04-27T08:06:57Z</time>
      </trkpt>
      <trkpt lat="22.219522" lon="113.21122">
        <ele>11.1</ele>
        <time>2024-04-27T08:06:58Z</time>
      </trkpt>
      <trkpt lat="22.219575" lon="113.211205">
        <ele>11.1</ele>
        <time>2024-04-27T08:06:59Z</time>
      </trkpt>
      <trkpt lat="22.21963" lon="113.21119">
        <ele>11.2</ele>
        <time>2024-04-27T08:07:00Z</time>
      </trkpt>
      <trkpt lat="22.219682" lon="113.211174">
        <ele>11.3</ele>
        <time>2024-04-27T08:07:01Z</time>
      </trkpt>
      <trkpt lat="22.219732" lon="113.211159">
        <ele>11.3</ele>
        <time>2024-04-27T08:07:02Z</time>
      </trkpt>
      <trkpt lat="22.21978" lon="113.211144">
        <ele>11.4</ele>
        <time>2024-04-27T08:07:03Z</time>
      </trkpt>
      <trkpt lat="22.219828" lon="113.211129">
        <ele>11.4</ele>
        <time>2024-04-27T08:07:04Z</time>
      </trkpt>
      <trkpt lat="22.219878" lon="113.211113">
        <ele>11.5</ele>
        <time>2024-04-27T08:07:05Z</time>
      </trkpt>
      <trkpt lat="22.219927" lon="113.211098">
        <ele>11.5</ele>
        <time>2024-04-27T08:07:06Z</time>
      </trkpt>
      <trkpt lat="22.219979" lon="113.211079">
        <ele>11.6</ele>
        <time>2024-04-27T08:07:07Z</time>
      </trkpt>
      <trkpt lat="22.220031" lon="113.211056">
        <ele>11.7</ele>
        <time>2024-04-27T08:07:08Z</time>
      </trkpt>
      <trkpt lat="22.220081" lon="113.211037">
        <ele>11.7</ele>
        <time>2024-04-27T08:07:09Z</time>
      </trkpt>
      <trkpt lat="22.220131" lon="113.211022">
        <ele>11.8</ele>
        <time>2024-04-27T08:07:10Z</time>
      </trkpt>
      <trkpt lat="22.22018" lon="113.211007">
        <ele>11.8</ele>
        <time>2024-04-27T08:07:11Z</time>
      </trkpt>
      <trkpt lat="22.220231" lon="113.210991">
        <ele>11.9</ele>
        <time>2024-04-27T08:07:12Z</time>
      </trkpt>
      <trkpt lat="22.220281" lon="113.210972">
        <ele>12</ele>
        <time>2024-04-27T08:07:13Z</time>
      </trkpt>
      <trkpt lat="22.220332" lon="113.210953">
        <ele>12</ele>
        <time>2024-04-27T08:07:14Z</time>
      </trkpt>
      <trkpt lat="22.220379" lon="113.210938">
        <ele>12.1</ele>
        <time>2024-04-27T08:07:15Z</time>
      </trkpt>
      <trkpt lat="22.220424" lon="113.210923">
        <ele>12.1</ele>
        <time>2024-04-27T08:07:16Z</time>
      </trkpt>
      <trkpt lat="22.220472" lon="113.210907">
        <ele>12.2</ele>
        <time>2024-04-27T08:07:17Z</time>
      </trkpt>
      <trkpt lat="22.220517" lon="113.210888">
        <ele>12.2</ele>
        <time>2024-04-27T08:07:18Z</time>
      </trkpt>
      <trkpt lat="22.22056" lon="113.210869">
        <ele>12.3</ele>
        <time>2024-04-27T08:07:19Z</time>
      </trkpt>
      <trkpt lat="22.220606" lon="113.210854">
        <ele>12.3</ele>
        <time>2024-04-27T08:07:20Z</time>
      </trkpt>
      <trkpt lat="22.220657" lon="113.210842">
        <ele>12.4</ele>
        <time>2024-04-27T08:07:21Z</time>
      </trkpt>
      <trkpt lat="22.220707" lon="113.210831">
        <ele>12.4</ele>
        <time>2024-04-27T08:07:22Z</time>
      </trkpt>
      <trkpt lat="22.220757" lon="113.210812">
        <ele>12.3</ele>
        <time>2024-04-27T08:07:23Z</time>
      </trkpt>
      <trkpt lat="22.220807" lon="113.210789">
        <ele>12.3</ele>
        <time>2024-04-27T08:07:24Z</time>
      </trkpt>
      <trkpt lat="22.220855" lon="113.21077">
        <ele>12.2</ele>
        <time>2024-04-27T08:07:25Z</time>
      </trkpt>
      <trkpt lat="22.220906" lon="113.210755">
        <ele>12.2</ele>
        <time>2024-04-27T08:07:26Z</time>
      </trkpt>
      <trkpt lat="22.220958" lon="113.21074">
        <ele>12.1</ele>
        <time>2024-04-27T08:07:27Z</time>
      </trkpt>
      <trkpt lat="22.221009" lon="113.210724">
        <ele>12.1</ele>
        <time>2024-04-27T08:07:28Z</time>
      </trkpt>
      <trkpt lat="22.221061" lon="113.210705">
        <ele>12</ele>
        <time>2024-04-27T08:07:29Z</time>
      </trkpt>
      <trkpt lat="22.221117" lon="113.210686">
        <ele>12</ele>
        <time>2024-04-27T08:07:30Z</time>
      </trkpt>
      <trkpt lat="22.22117" lon="113.210671">
        <ele>11.9</ele>
        <time>2024-04-27T08:07:31Z</time>
      </trkpt>
      <trkpt lat="22.22122" lon="113.210656">
        <ele>11.9</ele>
        <time>2024-04-27T08:07:32Z</time>
      </trkpt>
      <trkpt lat="22.221269" lon="113.21064">
        <ele>11.8</ele>
        <time>2024-04-27T08:07:33Z</time>
      </trkpt>
      <trkpt lat="22.221321" lon="113.210625">
        <ele>11.8</ele>
        <time>2024-04-27T08:07:34Z</time>
      </trkpt>
      <trkpt lat="22.221374" lon="113.21061">
        <ele>11.7</ele>
        <time>2024-04-27T08:07:35Z</time>
      </trkpt>
      <trkpt lat="22.221425" lon="113.210595">
        <ele>11.7</ele>
        <time>2024-04-27T08:07:36Z</time>
      </trkpt>
      <trkpt lat="22.221473" lon="113.210576">
        <ele>11.6</ele>
        <time>2024-04-27T08:07:37Z</time>
      </trkpt>
      <trkpt lat="22.22152" lon="113.210556">
        <ele>11.6</ele>
        <time>2024-04-27T08:07:38Z</time>
      </trkpt>
      <trkpt lat="22.22157" lon="113.210541">
        <ele>11.5</ele>
        <time>2024-04-27T08:07:39Z</time>
      </trkpt>
      <trkpt lat="22.221617" lon="113.210526">
        <ele>11.5</ele>
        <time>2024-04-27T08:07:40Z</time>
      </trkpt>
      <trkpt lat="22.221663" lon="113.210514">
        <ele>11.5</ele>
        <time>2024-04-27T08:07:41Z</time>
      </trkpt>
      <trkpt lat="22.221707" lon="113.210507">
        <ele>11.4</ele>
        <time>2024-04-27T08:07:42Z</time>
      </trkpt>
      <trkpt lat="22.221751" lon="113.210495">
        <ele>11.4</ele>
        <time>2024-04-27T08:07:43Z</time>
      </trkpt>
      <trkpt lat="22.221795" lon="113.21048">
        <ele>11.3</ele>
        <time>2024-04-27T08:07:44Z</time>
      </trkpt>
      <trkpt lat="22.221836" lon="113.210465">
        <ele>11.3</ele>
        <time>2024-04-27T08:07:45Z</time>
      </trkpt>
      <trkpt lat="22.221878" lon="113.21045">
        <ele>11.2</ele>
        <time>2024-04-27T08:07:46Z</time>
      </trkpt>
      <trkpt lat="22.221922" lon="113.210438">
        <ele>11.2</ele>
        <time>2024-04-27T08:07:47Z</time>
      </trkpt>
      <trkpt lat="22.221966" lon="113.210427">
        <ele>11.2</ele>
        <time>2024-04-27T08:07:48Z</time>
      </trkpt>
      <trkpt lat="22.222011" lon="113.210415">
        <ele>11.1</ele>
        <time>2024-04-27T08:07:49Z</time>
      </trkpt>
      <trkpt lat="22.222054" lon="113.210404">
        <ele>11.1</ele>
        <time>2024-04-27T08:07:50Z</time>
      </trkpt>
      <trkpt lat="22.222096" lon="113.210392">
        <ele>11</ele>
        <time>2024-04-27T08:07:51Z</time>
      </trkpt>
      <trkpt lat="22.222141" lon="113.210377">
        <ele>11</ele>
        <time>2024-04-27T08:07:52Z</time>
      </trkpt>
      <trkpt lat="22.222189" lon="113.210358">
        <ele>11</ele>
        <time>2024-04-27T08:07:53Z</time>
      </trkpt>
      <trkpt lat="22.222239" lon="113.210343">
        <ele>10.9</ele>
        <time>2024-04-27T08:07:54Z</time>
      </trkpt>
      <trkpt lat="22.222288" lon="113.210331">
        <ele>10.9</ele>
        <time>2024-04-27T08:07:55Z</time>
      </trkpt>
      <trkpt lat="22.222335" lon="113.21032">
        <ele>10.8</ele>
        <time>2024-04-27T08:07:56Z</time>
      </trkpt>
      <trkpt lat="22.222378" lon="113.210305">
        <ele>10.8</ele>
        <time>2024-04-27T08:07:57Z</time>
      </trkpt>
      <trkpt lat="22.22242" lon="113.210286">
        <ele>10.8</ele>
        <time>2024-04-27T08:07:58Z</time>
      </trkpt>
      <trkpt lat="22.222464" lon="113.210267">
        <ele>10.8</ele>
        <time>2024-04-27T08:07:59Z</time>
      </trkpt>
      <trkpt lat="22.222514" lon="113.210248">
        <ele>10.7</ele>
        <time>2024-04-27T08:08:00Z</time>
      </trkpt>
      <trkpt lat="22.222565" lon="113.210228">
        <ele>10.7</ele>
        <time>2024-04-27T08:08:01Z</time>
      </trkpt>
      <trkpt lat="22.222614" lon="113.210213">
        <ele>10.7</ele>
        <time>2024-04-27T08:08:02Z</time>
      </trkpt>
      <trkpt lat="22.222665" lon="113.210198">
        <ele>10.7</ele>
        <time>2024-04-27T08:08:03Z</time>
      </trkpt>
      <trkpt lat="22.222712" lon="113.210175">
        <ele>10.7</ele>
        <time>2024-04-27T08:08:04Z</time>
      </trkpt>
      <trkpt lat="22.222759" lon="113.210152">
        <ele>10.7</ele>
        <time>2024-04-27T08:08:05Z</time>
      </trkpt>
      <trkpt lat="22.222811" lon="113.210133">
        <ele>10.7</ele>
        <time>2024-04-27T08:08:06Z</time>
      </trkpt>
      <trkpt lat="22.222862" lon="113.210114">
        <ele>10.7</ele>
        <time>2024-04-27T08:08:07Z</time>
      </trkpt>
      <trkpt lat="22.222914" lon="113.210099">
        <ele>10.7</ele>
        <time>2024-04-27T08:08:08Z</time>
      </trkpt>
      <trkpt lat="22.222967" lon="113.210084">
        <ele>10.6</ele>
        <time>2024-04-27T08:08:09Z</time>
      </trkpt>
      <trkpt lat="22.223019" lon="113.210068">
        <ele>10.6</ele>
        <time>2024-04-27T08:08:10Z</time>
      </trkpt>
      <trkpt lat="22.223068" lon="113.210053">
        <ele>10.6</ele>
        <time>2024-04-27T08:08:11Z</time>
      </trkpt>
      <trkpt lat="22.223114" lon="113.210038">
        <ele>10.6</ele>
        <time>2024-04-27T08:08:12Z</time>
      </trkpt>
      <trkpt lat="22.223157" lon="113.210022">
        <ele>10.6</ele>
        <time>2024-04-27T08:08:13Z</time>
      </trkpt>
      <trkpt lat="22.2232" lon="113.210011">
        <ele>10.6</ele>
        <time>2024-04-27T08:08:14Z</time>
      </trkpt>
      <trkpt lat="22.223247" lon="113.21">
        <ele>10.6</ele>
        <time>2024-04-27T08:08:15Z</time>
      </trkpt>
      <trkpt lat="22.223296" lon="113.209988">
        <ele>10.6</ele>
        <time>2024-04-27T08:08:16Z</time>
      </trkpt>
      <trkpt lat="22.223342" lon="113.209977">
        <ele>10.6</ele>
        <time>2024-04-27T08:08:17Z</time>
      </trkpt>
      <trkpt lat="22.223388" lon="113.209961">
        <ele>10.6</ele>
        <time>2024-04-27T08:08:18Z</time>
      </trkpt>
      <trkpt lat="22.223435" lon="113.209942">
        <ele>10.5</ele>
        <time>2024-04-27T08:08:19Z</time>
      </trkpt>
      <trkpt lat="22.223484" lon="113.209923">
        <ele>10.5</ele>
        <time>2024-04-27T08:08:20Z</time>
      </trkpt>
      <trkpt lat="22.223534" lon="113.209908">
        <ele>10.5</ele>
        <time>2024-04-27T08:08:21Z</time>
      </trkpt>
      <trkpt lat="22.223587" lon="113.209893">
        <ele>10.5</ele>
        <time>2024-04-27T08:08:22Z</time>
      </trkpt>
      <trkpt lat="22.22364" lon="113.209874">
        <ele>10.5</ele>
        <time>2024-04-27T08:08:23Z</time>
      </trkpt>
      <trkpt lat="22.223694" lon="113.209854">
        <ele>10.5</ele>
        <time>2024-04-27T08:08:24Z</time>
      </trkpt>
      <trkpt lat="22.223749" lon="113.209839">
        <ele>10.5</ele>
        <time>2024-04-27T08:08:25Z</time>
      </trkpt>
      <trkpt lat="22.223803" lon="113.209824">
        <ele>10.5</ele>
        <time>2024-04-27T08:08:26Z</time>
      </trkpt>
      <trkpt lat="22.223856" lon="113.209805">
        <ele>10.5</ele>
        <time>2024-04-27T08:08:27Z</time>
      </trkpt>
      <trkpt lat="22.22391" lon="113.209786">
        <ele>10.5</ele>
        <time>2024-04-27T08:08:28Z</time>
      </trkpt>
      <trkpt lat="22.223966" lon="113.209767">
        <ele>10.4</ele>
        <time>2024-04-27T08:08:29Z</time>
      </trkpt>
      <trkpt lat="22.22402" lon="113.209748">
        <ele>10.4</ele>
        <time>2024-04-27T08:08:30Z</time>
      </trkpt>
      <trkpt lat="22.224072" lon="113.209729">
        <ele>10.4</ele>
        <time>2024-04-27T08:08:31Z</time>
      </trkpt>
      <trkpt lat="22.224122" lon="113.20971">
        <ele>10.4</ele>
        <time>2024-04-27T08:08:32Z</time>
      </trkpt>
      <trkpt lat="22.224172" lon="113.209694">
        <ele>10.3</ele>
        <time>2024-04-27T08:08:33Z</time>
      </trkpt>
      <trkpt lat="22.224222" lon="113.209679">
        <ele>10.3</ele>
        <time>2024-04-27T08:08:34Z</time>
      </trkpt>
      <trkpt lat="22.224273" lon="113.209664">
        <ele>10.3</ele>
        <time>2024-04-27T08:08:35Z</time>
      </trkpt>
      <trkpt lat="22.224323" lon="113.209649">
        <ele>10.2</ele>
        <time>2024-04-27T08:08:36Z</time>
      </trkpt>
      <trkpt lat="22.224376" lon="113.209633">
        <ele>10.2</ele>
        <time>2024-04-27T08:08:37Z</time>
      </trkpt>
      <trkpt lat="22.224431" lon="113.209618">
        <ele>10.1</ele>
        <time>2024-04-27T08:08:38Z</time>
      </trkpt>
      <trkpt lat="22.224485" lon="113.209606">
        <ele>10.1</ele>
        <time>2024-04-27T08:08:39Z</time>
      </trkpt>
      <trkpt lat="22.224537" lon="113.209595">
        <ele>10</ele>
        <time>2024-04-27T08:08:40Z</time>
      </trkpt>
      <trkpt lat="22.224589" lon="113.209584">
        <ele>10</ele>
        <time>2024-04-27T08:08:41Z</time>
      </trkpt>
      <trkpt lat="22.22464" lon="113.209572">
        <ele>9.9</ele>
        <time>2024-04-27T08:08:42Z</time>
      </trkpt>
      <trkpt lat="22.224693" lon="113.209561">
        <ele>9.9</ele>
        <time>2024-04-27T08:08:43Z</time>
      </trkpt>
      <trkpt lat="22.224745" lon="113.209549">
        <ele>9.8</ele>
        <time>2024-04-27T08:08:44Z</time>
      </trkpt>
      <trkpt lat="22.224798" lon="113.209538">
        <ele>9.8</ele>
        <time>2024-04-27T08:08:45Z</time>
      </trkpt>
      <trkpt lat="22.224851" lon="113.20953">
        <ele>9.7</ele>
        <time>2024-04-27T08:08:46Z</time>
      </trkpt>
      <trkpt lat="22.224907" lon="113.209522">
        <ele>9.7</ele>
        <time>2024-04-27T08:08:47Z</time>
      </trkpt>
      <trkpt lat="22.224965" lon="113.209518">
        <ele>9.7</ele>
        <time>2024-04-27T08:08:48Z</time>
      </trkpt>
      <trkpt lat="22.225022" lon="113.209515">
        <ele>9.6</ele>
        <time>2024-04-27T08:08:49Z</time>
      </trkpt>
      <trkpt lat="22.225078" lon="113.209507">
        <ele>9.6</ele>
        <time>2024-04-27T08:08:50Z</time>
      </trkpt>
      <trkpt lat="22.225132" lon="113.209503">
        <ele>9.5</ele>
        <time>2024-04-27T08:08:51Z</time>
      </trkpt>
      <trkpt lat="22.225185" lon="113.2095">
        <ele>9.5</ele>
        <time>2024-04-27T08:08:52Z</time>
      </trkpt>
      <trkpt lat="22.225238" lon="113.209496">
        <ele>9.4</ele>
        <time>2024-04-27T08:08:53Z</time>
      </trkpt>
      <trkpt lat="22.225288" lon="113.209496">
        <ele>9.4</ele>
        <time>2024-04-27T08:08:54Z</time>
      </trkpt>
      <trkpt lat="22.225338" lon="113.209496">
        <ele>9.3</ele>
        <time>2024-04-27T08:08:55Z</time>
      </trkpt>
      <trkpt lat="22.225386" lon="113.209496">
        <ele>9.3</ele>
        <time>2024-04-27T08:08:56Z</time>
      </trkpt>
      <trkpt lat="22.225432" lon="113.209492">
        <ele>9.3</ele>
        <time>2024-04-27T08:08:57Z</time>
      </trkpt>
      <trkpt lat="22.22548" lon="113.209491">
        <ele>9.2</ele>
        <time>2024-04-27T08:08:58Z</time>
      </trkpt>
      <trkpt lat="22.225525" lon="113.209496">
        <ele>9.2</ele>
        <time>2024-04-27T08:08:59Z</time>
      </trkpt>
      <trkpt lat="22.22557" lon="113.209496">
        <ele>9.1</ele>
        <time>2024-04-27T08:09:00Z</time>
      </trkpt>
      <trkpt lat="22.225613" lon="113.209496">
        <ele>9.1</ele>
        <time>2024-04-27T08:09:01Z</time>
      </trkpt>
      <trkpt lat="22.225658" lon="113.209496">
        <ele>9.1</ele>
        <time>2024-04-27T08:09:02Z</time>
      </trkpt>
      <trkpt lat="22.225704" lon="113.209499">
        <ele>9</ele>
        <time>2024-04-27T08:09:03Z</time>
      </trkpt>
      <trkpt lat="22.22575" lon="113.209503">
        <ele>9</ele>
        <time>2024-04-27T08:09:04Z</time>
      </trkpt>
      <trkpt lat="22.225793" lon="113.209507">
        <ele>8.9</ele>
        <time>2024-04-27T08:09:05Z</time>
      </trkpt>
      <trkpt lat="22.225839" lon="113.209511">
        <ele>8.9</ele>
        <time>2024-04-27T08:09:06Z</time>
      </trkpt>
      <trkpt lat="22.225891" lon="113.209511">
        <ele>8.9</ele>
        <time>2024-04-27T08:09:07Z</time>
      </trkpt>
      <trkpt lat="22.225945" lon="113.209514">
        <ele>8.8</ele>
        <time>2024-04-27T08:09:08Z</time>
      </trkpt>
      <trkpt lat="22.225999" lon="113.209522">
        <ele>8.8</ele>
        <time>2024-04-27T08:09:09Z</time>
      </trkpt>
      <trkpt lat="22.226057" lon="113.20953">
        <ele>8.7</ele>
        <time>2024-04-27T08:09:10Z</time>
      </trkpt>
      <trkpt lat="22.226117" lon="113.209537">
        <ele>8.6</ele>
        <time>2024-04-27T08:09:11Z</time>
      </trkpt>
      <trkpt lat="22.226176" lon="113.209545">
        <ele>8.6</ele>
        <time>2024-04-27T08:09:12Z</time>
      </trkpt>
      <trkpt lat="22.226235" lon="113.209553">
        <ele>8.5</ele>
        <time>2024-04-27T08:09:13Z</time>
      </trkpt>
      <trkpt lat="22.226294" lon="113.209564">
        <ele>8.5</ele>
        <time>2024-04-27T08:09:14Z</time>
      </trkpt>
      <trkpt lat="22.226349" lon="113.209575">
        <ele>8.4</ele>
        <time>2024-04-27T08:09:15Z</time>
      </trkpt>
      <trkpt lat="22.226405" lon="113.209583">
        <ele>8.4</ele>
        <time>2024-04-27T08:09:16Z</time>
      </trkpt>
      <trkpt lat="22.226462" lon="113.209594">
        <ele>8.3</ele>
        <time>2024-04-27T08:09:17Z</time>
      </trkpt>
      <trkpt lat="22.226514" lon="113.209606">
        <ele>8.3</ele>
        <time>2024-04-27T08:09:18Z</time>
      </trkpt>
      <trkpt lat="22.226561" lon="113.209614">
        <ele>8.2</ele>
        <time>2024-04-27T08:09:19Z</time>
      </trkpt>
      <trkpt lat="22.226608" lon="113.209625">
        <ele>8.2</ele>
        <time>2024-04-27T08:09:20Z</time>
      </trkpt>
      <trkpt lat="22.22666" lon="113.20964">
        <ele>8.1</ele>
        <time>2024-04-27T08:09:21Z</time>
      </trkpt>
      <trkpt lat="22.226715" lon="113.209655">
        <ele>8.1</ele>
        <time>2024-04-27T08:09:22Z</time>
      </trkpt>
      <trkpt lat="22.226768" lon="113.209667">
        <ele>8</ele>
        <time>2024-04-27T08:09:23Z</time>
      </trkpt>
      <trkpt lat="22.226818" lon="113.209678">
        <ele>8</ele>
        <time>2024-04-27T08:09:24Z</time>
      </trkpt>
      <trkpt lat="22.226869" lon="113.209693">
        <ele>7.9</ele>
        <time>2024-04-27T08:09:25Z</time>
      </trkpt>
      <trkpt lat="22.22692" lon="113.209705">
        <ele>7.9</ele>
        <time>2024-04-27T08:09:26Z</time>
      </trkpt>
      <trkpt lat="22.226973" lon="113.209716">
        <ele>7.8</ele>
        <time>2024-04-27T08:09:27Z</time>
      </trkpt>
      <trkpt lat="22.227028" lon="113.209732">
        <ele>7.8</ele>
        <time>2024-04-27T08:09:28Z</time>
      </trkpt>
      <trkpt lat="22.227085" lon="113.209743">
        <ele>7.7</ele>
        <time>2024-04-27T08:09:29Z</time>
      </trkpt>
      <trkpt lat="22.227142" lon="113.209754">
        <ele>7.7</ele>
        <time>2024-04-27T08:09:30Z</time>
      </trkpt>
      <trkpt lat="22.2272" lon="113.20977">
        <ele>7.6</ele>
        <time>2024-04-27T08:09:31Z</time>
      </trkpt>
      <trkpt lat="22.227258" lon="113.209781">
        <ele>7.5</ele>
        <time>2024-04-27T08:09:32Z</time>
      </trkpt>
      <trkpt lat="22.227317" lon="113.209793">
        <ele>7.5</ele>
        <time>2024-04-27T08:09:33Z</time>
      </trkpt>
      <trkpt lat="22.227374" lon="113.209808">
        <ele>7.4</ele>
        <time>2024-04-27T08:09:34Z</time>
      </trkpt>
      <trkpt lat="22.227429" lon="113.20982">
        <ele>7.4</ele>
        <time>2024-04-27T08:09:35Z</time>
      </trkpt>
      <trkpt lat="22.227483" lon="113.209831">
        <ele>7.3</ele>
        <time>2024-04-27T08:09:36Z</time>
      </trkpt>
      <trkpt lat="22.227535" lon="113.209842">
        <ele>7.3</ele>
        <time>2024-04-27T08:09:37Z</time>
      </trkpt>
      <trkpt lat="22.227586" lon="113.209854">
        <ele>7.2</ele>
        <time>2024-04-27T08:09:38Z</time>
      </trkpt>
      <trkpt lat="22.227637" lon="113.209865">
        <ele>7.2</ele>
        <time>2024-04-27T08:09:39Z</time>
      </trkpt>
      <trkpt lat="22.22769" lon="113.209877">
        <ele>7.2</ele>
        <time>2024-04-27T08:09:40Z</time>
      </trkpt>
      <trkpt lat="22.227745" lon="113.209888">
        <ele>7.1</ele>
        <time>2024-04-27T08:09:41Z</time>
      </trkpt>
      <trkpt lat="22.227798" lon="113.2099">
        <ele>7.1</ele>
        <time>2024-04-27T08:09:42Z</time>
      </trkpt>
      <trkpt lat="22.227851" lon="113.209911">
        <ele>7.1</ele>
        <time>2024-04-27T08:09:43Z</time>
      </trkpt>
      <trkpt lat="22.227906" lon="113.209922">
        <ele>7.1</ele>
        <time>2024-04-27T08:09:44Z</time>
      </trkpt>
      <trkpt lat="22.227963" lon="113.209937">
        <ele>7.1</ele>
        <time>2024-04-27T08:09:45Z</time>
      </trkpt>
      <trkpt lat="22.228021" lon="113.209949">
        <ele>7</ele>
        <time>2024-04-27T08:09:46Z</time>
      </trkpt>
      <trkpt lat="22.228077" lon="113.20996">
        <ele>7</ele>
        <time>2024-04-27T08:09:47Z</time>
      </trkpt>
      <trkpt lat="22.228135" lon="113.209976">
        <ele>7</ele>
        <time>2024-04-27T08:09:48Z</time>
      </trkpt>
      <trkpt lat="22.228193" lon="113.209987">
        <ele>7</ele>
        <time>2024-04-27T08:09:49Z</time>
      </trkpt>
      <trkpt lat="22.228251" lon="113.209999">
        <ele>7</ele>
        <time>2024-04-27T08:09:50Z</time>
      </trkpt>
      <trkpt lat="22.228309" lon="113.210014">
        <ele>6.9</ele>
        <time>2024-04-27T08:09:51Z</time>
      </trkpt>
      <trkpt lat="22.228368" lon="113.210029">
        <ele>6.9</ele>
        <time>2024-04-27T08:09:52Z</time>
      </trkpt>
      <trkpt lat="22.228426" lon="113.210041">
        <ele>6.9</ele>
        <time>2024-04-27T08:09:53Z</time>
      </trkpt>
      <trkpt lat="22.228483" lon="113.210052">
        <ele>6.9</ele>
        <time>2024-04-27T08:09:54Z</time>
      </trkpt>
      <trkpt lat="22.228536" lon="113.210067">
        <ele>6.8</ele>
        <time>2024-04-27T08:09:55Z</time>
      </trkpt>
      <trkpt lat="22.228586" lon="113.210079">
        <ele>6.8</ele>
        <time>2024-04-27T08:09:56Z</time>
      </trkpt>
      <trkpt lat="22.228636" lon="113.21009">
        <ele>6.8</ele>
        <time>2024-04-27T08:09:57Z</time>
      </trkpt>
      <trkpt lat="22.228686" lon="113.210102">
        <ele>6.8</ele>
        <time>2024-04-27T08:09:58Z</time>
      </trkpt>
      <trkpt lat="22.228737" lon="113.210113">
        <ele>6.8</ele>
        <time>2024-04-27T08:09:59Z</time>
      </trkpt>
      <trkpt lat="22.228786" lon="113.210125">
        <ele>6.8</ele>
        <time>2024-04-27T08:10:00Z</time>
      </trkpt>
      <trkpt lat="22.228836" lon="113.210132">
        <ele>6.7</ele>
        <time>2024-04-27T08:10:01Z</time>
      </trkpt>
      <trkpt lat="22.228886" lon="113.21014">
        <ele>6.7</ele>
        <time>2024-04-27T08:10:02Z</time>
      </trkpt>
      <trkpt lat="22.228938" lon="113.210148">
        <ele>6.7</ele>
        <time>2024-04-27T08:10:03Z</time>
      </trkpt>
      <trkpt lat="22.228992" lon="113.210152">
        <ele>6.7</ele>
        <time>2024-04-27T08:10:04Z</time>
      </trkpt>
      <trkpt lat="22.229046" lon="113.210155">
        <ele>6.7</ele>
        <time>2024-04-27T08:10:05Z</time>
      </trkpt>
      <trkpt lat="22.229099" lon="113.210163">
        <ele>6.6</ele>
        <time>2024-04-27T08:10:06Z</time>
      </trkpt>
      <trkpt lat="22.229153" lon="113.210167">
        <ele>6.6</ele>
        <time>2024-04-27T08:10:07Z</time>
      </trkpt>
      <trkpt lat="22.229205" lon="113.21017">
        <ele>6.6</ele>
        <time>2024-04-27T08:10:08Z</time>
      </trkpt>
      <trkpt lat="22.229255" lon="113.210175">
        <ele>6.6</ele>
        <time>2024-04-27T08:10:09Z</time>
      </trkpt>
      <trkpt lat="22.229304" lon="113.210175">
        <ele>6.6</ele>
        <time>2024-04-27T08:10:10Z</time>
      </trkpt>
      <trkpt lat="22.229355" lon="113.210175">
        <ele>6.5</ele>
        <time>2024-04-27T08:10:11Z</time>
      </trkpt>
      <trkpt lat="22.229405" lon="113.210178">
        <ele>6.5</ele>
        <time>2024-04-27T08:10:12Z</time>
      </trkpt>
      <trkpt lat="22.229451" lon="113.210182">
        <ele>6.5</ele>
        <time>2024-04-27T08:10:13Z</time>
      </trkpt>
      <trkpt lat="22.229495" lon="113.210182">
        <ele>6.5</ele>
        <time>2024-04-27T08:10:14Z</time>
      </trkpt>
      <trkpt lat="22.229534" lon="113.210182">
        <ele>6.5</ele>
        <time>2024-04-27T08:10:15Z</time>
      </trkpt>
      <trkpt lat="22.229572" lon="113.210179">
        <ele>6.5</ele>
        <time>2024-04-27T08:10:16Z</time>
      </trkpt>
      <trkpt lat="22.229609" lon="113.210175">
        <ele>6.5</ele>
        <time>2024-04-27T08:10:17Z</time>
      </trkpt>
      <trkpt lat="22.229643" lon="113.210175">
        <ele>6.5</ele>
        <time>2024-04-27T08:10:18Z</time>
      </trkpt>
      <trkpt lat="22.229673" lon="113.210175">
        <ele>6.5</ele>
        <time>2024-04-27T08:10:19Z</time>
      </trkpt>
      <trkpt lat="22.229706" lon="113.210171">
        <ele>6.5</ele>
        <time>2024-04-27T08:10:20Z</time>
      </trkpt>
      <trkpt lat="22.229737" lon="113.210167">
        <ele>6.5</ele>
        <time>2024-04-27T08:10:21Z</time>
      </trkpt>
      <trkpt lat="22.22977" lon="113.210163">
        <ele>6.5</ele>
        <time>2024-04-27T08:10:22Z</time>
      </trkpt>
      <trkpt lat="22.229804" lon="113.210159">
        <ele>6.5</ele>
        <time>2024-04-27T08:10:23Z</time>
      </trkpt>
      <trkpt lat="22.229833" lon="113.210163">
        <ele>6.5</ele>
        <time>2024-04-27T08:10:24Z</time>
      </trkpt>
      <trkpt lat="22.22986" lon="113.210167">
        <ele>6.5</ele>
        <time>2024-04-27T08:10:25Z</time>
      </trkpt>
      <trkpt lat="22.229884" lon="113.210167">
        <ele>6.5</ele>
        <time>2024-04-27T08:10:26Z</time>
      </trkpt>
      <trkpt lat="22.229897" lon="113.210167">
        <ele>6.5</ele>
        <time>2024-04-27T08:10:27Z</time>
      </trkpt>
      <trkpt lat="22.229897" lon="113.210167">
        <ele>6.5</ele>
        <time>2024-04-27T08:10:28Z</time>
      </trkpt>
      <trkpt lat="22.229786" lon="113.210182">
        <ele>6.5</ele>
        <time>2024-04-27T08:10:54Z</time>
      </trkpt>
      <trkpt lat="22.229759" lon="113.210182">
        <ele>6.5</ele>
        <time>2024-04-27T08:10:55Z</time>
      </trkpt>
      <trkpt lat="22.229731" lon="113.210182">
        <ele>6.4</ele>
        <time>2024-04-27T08:10:56Z</time>
      </trkpt>
      <trkpt lat="22.229703" lon="113.210182">
        <ele>6.4</ele>
        <time>2024-04-27T08:10:57Z</time>
      </trkpt>
      <trkpt lat="22.229674" lon="113.210179">
        <ele>6.4</ele>
        <time>2024-04-27T08:10:58Z</time>
      </trkpt>
      <trkpt lat="22.229642" lon="113.210175">
        <ele>6.4</ele>
        <time>2024-04-27T08:10:59Z</time>
      </trkpt>
      <trkpt lat="22.22961" lon="113.210171">
        <ele>6.4</ele>
        <time>2024-04-27T08:11:00Z</time>
      </trkpt>
      <trkpt lat="22.229577" lon="113.210167">
        <ele>6.4</ele>
        <time>2024-04-27T08:11:01Z</time>
      </trkpt>
      <trkpt lat="22.229541" lon="113.210167">
        <ele>6.4</ele>
        <time>2024-04-27T08:11:02Z</time>
      </trkpt>
      <trkpt lat="22.229507" lon="113.210169">
        <ele>6.4</ele>
        <time>2024-04-27T08:11:03Z</time>
      </trkpt>
      <trkpt lat="22.229477" lon="113.210173">
        <ele>6.4</ele>
        <time>2024-04-27T08:11:04Z</time>
      </trkpt>
      <trkpt lat="22.229449" lon="113.210175">
        <ele>6.4</ele>
        <time>2024-04-27T08:11:05Z</time>
      </trkpt>
      <trkpt lat="22.229422" lon="113.210175">
        <ele>6.4</ele>
        <time>2024-04-27T08:11:06Z</time>
      </trkpt>
      <trkpt lat="22.229393" lon="113.210173">
        <ele>6.4</ele>
        <time>2024-04-27T08:11:07Z</time>
      </trkpt>
      <trkpt lat="22.229364" lon="113.210169">
        <ele>6.4</ele>
        <time>2024-04-27T08:11:08Z</time>
      </trkpt>
      <trkpt lat="22.229336" lon="113.210167">
        <ele>6.4</ele>
        <time>2024-04-27T08:11:09Z</time>
      </trkpt>
      <trkpt lat="22.229307" lon="113.210167">
        <ele>6.4</ele>
        <time>2024-04-27T08:11:10Z</time>
      </trkpt>
      <trkpt lat="22.229274" lon="113.210163">
        <ele>6.4</ele>
        <time>2024-04-27T08:11:11Z</time>
      </trkpt>
      <trkpt lat="22.229239" lon="113.210156">
        <ele>6.4</ele>
        <time>2024-04-27T08:11:12Z</time>
      </trkpt>
      <trkpt lat="22.229205" lon="113.210152">
        <ele>6.4</ele>
        <time>2024-04-27T08:11:13Z</time>
      </trkpt>
      <trkpt lat="22.229173" lon="113.210152">
        <ele>6.4</ele>
        <time>2024-04-27T08:11:14Z</time>
      </trkpt>
      <trkpt lat="22.22914" lon="113.210152">
        <ele>6.4</ele>
        <time>2024-04-27T08:11:15Z</time>
      </trkpt>
      <trkpt lat="22.229103" lon="113.210148">
        <ele>6.4</ele>
        <time>2024-04-27T08:11:16Z</time>
      </trkpt>
      <trkpt lat="22.229065" lon="113.21014">
        <ele>6.4</ele>
        <time>2024-04-27T08:11:17Z</time>
      </trkpt>
      <trkpt lat="22.229027" lon="113.210136">
        <ele>6.4</ele>
        <time>2024-04-27T08:11:18Z</time>
      </trkpt>
      <trkpt lat="22.228989" lon="113.210133">
        <ele>6.4</ele>
        <time>2024-04-27T08:11:19Z</time>
      </trkpt>
      <trkpt lat="22.22895" lon="113.210127">
        <ele>6.4</ele>
        <time>2024-04-27T08:11:20Z</time>
      </trkpt>
      <trkpt lat="22.228908" lon="113.210123">
        <ele>6.4</ele>
        <time>2024-04-27T08:11:21Z</time>
      </trkpt>
      <trkpt lat="22.228867" lon="113.210121">
        <ele>6.3</ele>
        <time>2024-04-27T08:11:22Z</time>
      </trkpt>
      <trkpt lat="22.228828" lon="113.210116">
        <ele>6.3</ele>
        <time>2024-04-27T08:11:23Z</time>
      </trkpt>
      <trkpt lat="22.22879" lon="113.210104">
        <ele>6.3</ele>
        <time>2024-04-27T08:11:24Z</time>
      </trkpt>
      <trkpt lat="22.22875" lon="113.210095">
        <ele>6.3</ele>
        <time>2024-04-27T08:11:25Z</time>
      </trkpt>
      <trkpt lat="22.228707" lon="113.210087">
        <ele>6.3</ele>
        <time>2024-04-27T08:11:26Z</time>
      </trkpt>
      <trkpt lat="22.228664" lon="113.21008">
        <ele>6.3</ele>
        <time>2024-04-27T08:11:27Z</time>
      </trkpt>
      <trkpt lat="22.228623" lon="113.21007">
        <ele>6.3</ele>
        <time>2024-04-27T08:11:28Z</time>
      </trkpt>
      <trkpt lat="22.228581" lon="113.210059">
        <ele>6.3</ele>
        <time>2024-04-27T08:11:29Z</time>
      </trkpt>
      <trkpt lat="22.228541" lon="113.210049">
        <ele>6.4</ele>
        <time>2024-04-27T08:11:30Z</time>
      </trkpt>
      <trkpt lat="22.228498" lon="113.210038">
        <ele>6.4</ele>
        <time>2024-04-27T08:11:31Z</time>
      </trkpt>
      <trkpt lat="22.228453" lon="113.210026">
        <ele>6.5</ele>
        <time>2024-04-27T08:11:32Z</time>
      </trkpt>
      <trkpt lat="22.228407" lon="113.21002">
        <ele>6.5</ele>
        <time>2024-04-27T08:11:33Z</time>
      </trkpt>
      <trkpt lat="22.228362" lon="113.210016">
        <ele>6.6</ele>
        <time>2024-04-27T08:11:34Z</time>
      </trkpt>
      <trkpt lat="22.228318" lon="113.210009">
        <ele>6.6</ele>
        <time>2024-04-27T08:11:35Z</time>
      </trkpt>
      <trkpt lat="22.228275" lon="113.209997">
        <ele>6.6</ele>
        <time>2024-04-27T08:11:36Z</time>
      </trkpt>
      <trkpt lat="22.228235" lon="113.209984">
        <ele>6.7</ele>
        <time>2024-04-27T08:11:37Z</time>
      </trkpt>
      <trkpt lat="22.228197" lon="113.209973">
        <ele>6.7</ele>
        <time>2024-04-27T08:11:38Z</time>
      </trkpt>
      <trkpt lat="22.228158" lon="113.209965">
        <ele>6.8</ele>
        <time>2024-04-27T08:11:39Z</time>
      </trkpt>
      <trkpt lat="22.228119" lon="113.209957">
        <ele>6.8</ele>
        <time>2024-04-27T08:11:40Z</time>
      </trkpt>
      <trkpt lat="22.228082" lon="113.20995">
        <ele>6.8</ele>
        <time>2024-04-27T08:11:41Z</time>
      </trkpt>
      <trkpt lat="22.228041" lon="113.209942">
        <ele>6.9</ele>
        <time>2024-04-27T08:11:42Z</time>
      </trkpt>
      <trkpt lat="22.227998" lon="113.209931">
        <ele>6.9</ele>
        <time>2024-04-27T08:11:43Z</time>
      </trkpt>
      <trkpt lat="22.227957" lon="113.209919">
        <ele>7</ele>
        <time>2024-04-27T08:11:44Z</time>
      </trkpt>
      <trkpt lat="22.227916" lon="113.209912">
        <ele>7</ele>
        <time>2024-04-27T08:11:45Z</time>
      </trkpt>
      <trkpt lat="22.227876" lon="113.209904">
        <ele>7.1</ele>
        <time>2024-04-27T08:11:46Z</time>
      </trkpt>
      <trkpt lat="22.227837" lon="113.209896">
        <ele>7.1</ele>
        <time>2024-04-27T08:11:47Z</time>
      </trkpt>
      <trkpt lat="22.227796" lon="113.209885">
        <ele>7.1</ele>
        <time>2024-04-27T08:11:48Z</time>
      </trkpt>
      <trkpt lat="22.227756" lon="113.209874">
        <ele>7.2</ele>
        <time>2024-04-27T08:11:49Z</time>
      </trkpt>
      <trkpt lat="22.227716" lon="113.209866">
        <ele>7.2</ele>
        <time>2024-04-27T08:11:50Z</time>
      </trkpt>
      <trkpt lat="22.227676" lon="113.209858">
        <ele>7.3</ele>
        <time>2024-04-27T08:11:51Z</time>
      </trkpt>
      <trkpt lat="22.227634" lon="113.209847">
        <ele>7.3</ele>
        <time>2024-04-27T08:11:52Z</time>
      </trkpt>
      <trkpt lat="22.227592" lon="113.209835">
        <ele>7.4</ele>
        <time>2024-04-27T08:11:53Z</time>
      </trkpt>
      <trkpt lat="22.227551" lon="113.209828">
        <ele>7.4</ele>
        <time>2024-04-27T08:11:54Z</time>
      </trkpt>
      <trkpt lat="22.22751" lon="113.209818">
        <ele>7.4</ele>
        <time>2024-04-27T08:11:55Z</time>
      </trkpt>
      <trkpt lat="22.227467" lon="113.209807">
        <ele>7.5</ele>
        <time>2024-04-27T08:11:56Z</time>
      </trkpt>
      <trkpt lat="22.227423" lon="113.209797">
        <ele>7.5</ele>
        <time>2024-04-27T08:11:57Z</time>
      </trkpt>
      <trkpt lat="22.227378" lon="113.209789">
        <ele>7.6</ele>
        <time>2024-04-27T08:11:58Z</time>
      </trkpt>
      <trkpt lat="22.227334" lon="113.209782">
        <ele>7.6</ele>
        <time>2024-04-27T08:11:59Z</time>
      </trkpt>
      <trkpt lat="22.227292" lon="113.209773">
        <ele>7.7</ele>
        <time>2024-04-27T08:12:00Z</time>
      </trkpt>
      <trkpt lat="22.227248" lon="113.209761">
        <ele>7.7</ele>
        <time>2024-04-27T08:12:01Z</time>
      </trkpt>
      <trkpt lat="22.227202" lon="113.209751">
        <ele>7.8</ele>
        <time>2024-04-27T08:12:02Z</time>
      </trkpt>
      <trkpt lat="22.227153" lon="113.20974">
        <ele>7.8</ele>
        <time>2024-04-27T08:12:03Z</time>
      </trkpt>
      <trkpt lat="22.227106" lon="113.209725">
        <ele>7.9</ele>
        <time>2024-04-27T08:12:04Z</time>
      </trkpt>
      <trkpt lat="22.22706" lon="113.209713">
        <ele>7.9</ele>
        <time>2024-04-27T08:12:05Z</time>
      </trkpt>
      <trkpt lat="22.227013" lon="113.209707">
        <ele>8</ele>
        <time>2024-04-27T08:12:06Z</time>
      </trkpt>
      <trkpt lat="22.226967" lon="113.209704">
        <ele>8</ele>
        <time>2024-04-27T08:12:07Z</time>
      </trkpt>
      <trkpt lat="22.226921" lon="113.209694">
        <ele>8</ele>
        <time>2024-04-27T08:12:08Z</time>
      </trkpt>
      <trkpt lat="22.226873" lon="113.209683">
        <ele>8.1</ele>
        <time>2024-04-27T08:12:09Z</time>
      </trkpt>
      <trkpt lat="22.226823" lon="113.209671">
        <ele>8.1</ele>
        <time>2024-04-27T08:12:10Z</time>
      </trkpt>
      <trkpt lat="22.226775" lon="113.209656">
        <ele>8.2</ele>
        <time>2024-04-27T08:12:11Z</time>
      </trkpt>
      <trkpt lat="22.226728" lon="113.209645">
        <ele>8.2</ele>
        <time>2024-04-27T08:12:12Z</time>
      </trkpt>
      <trkpt lat="22.226683" lon="113.209637">
        <ele>8.3</ele>
        <time>2024-04-27T08:12:13Z</time>
      </trkpt>
      <trkpt lat="22.226639" lon="113.209629">
        <ele>8.3</ele>
        <time>2024-04-27T08:12:14Z</time>
      </trkpt>
      <trkpt lat="22.226594" lon="113.209618">
        <ele>8.4</ele>
        <time>2024-04-27T08:12:15Z</time>
      </trkpt>
      <trkpt lat="22.226549" lon="113.209606">
        <ele>8.4</ele>
        <time>2024-04-27T08:12:16Z</time>
      </trkpt>
      <trkpt lat="22.226503" lon="113.209599">
        <ele>8.5</ele>
        <time>2024-04-27T08:12:17Z</time>
      </trkpt>
      <trkpt lat="22.226455" lon="113.209591">
        <ele>8.5</ele>
        <time>2024-04-27T08:12:18Z</time>
      </trkpt>
      <trkpt lat="22.226407" lon="113.209584">
        <ele>8.5</ele>
        <time>2024-04-27T08:12:19Z</time>
      </trkpt>
      <trkpt lat="22.22636" lon="113.209576">
        <ele>8.6</ele>
        <time>2024-04-27T08:12:20Z</time>
      </trkpt>
      <trkpt lat="22.226315" lon="113.209566">
        <ele>8.6</ele>
        <time>2024-04-27T08:12:21Z</time>
      </trkpt>
      <trkpt lat="22.22627" lon="113.209555">
        <ele>8.7</ele>
        <time>2024-04-27T08:12:22Z</time>
      </trkpt>
      <trkpt lat="22.226227" lon="113.209545">
        <ele>8.7</ele>
        <time>2024-04-27T08:12:23Z</time>
      </trkpt>
      <trkpt lat="22.226188" lon="113.209538">
        <ele>8.8</ele>
        <time>2024-04-27T08:12:24Z</time>
      </trkpt>
      <trkpt lat="22.22615" lon="113.209534">
        <ele>8.8</ele>
        <time>2024-04-27T08:12:25Z</time>
      </trkpt>
      <trkpt lat="22.226115" lon="113.20953">
        <ele>8.8</ele>
        <time>2024-04-27T08:12:26Z</time>
      </trkpt>
      <trkpt lat="22.226081" lon="113.209522">
        <ele>8.9</ele>
        <time>2024-04-27T08:12:27Z</time>
      </trkpt>
      <trkpt lat="22.226046" lon="113.209517">
        <ele>8.9</ele>
        <time>2024-04-27T08:12:28Z</time>
      </trkpt>
      <trkpt lat="22.22601" lon="113.209513">
        <ele>8.9</ele>
        <time>2024-04-27T08:12:29Z</time>
      </trkpt>
      <trkpt lat="22.225972" lon="113.209507">
        <ele>9</ele>
        <time>2024-04-27T08:12:30Z</time>
      </trkpt>
      <trkpt lat="22.225933" lon="113.209501">
        <ele>9</ele>
        <time>2024-04-27T08:12:31Z</time>
      </trkpt>
      <trkpt lat="22.225897" lon="113.209498">
        <ele>9</ele>
        <time>2024-04-27T08:12:32Z</time>
      </trkpt>
      <trkpt lat="22.225862" lon="113.209496">
        <ele>9.1</ele>
        <time>2024-04-27T08:12:33Z</time>
      </trkpt>
      <trkpt lat="22.225825" lon="113.209494">
        <ele>9.1</ele>
        <time>2024-04-27T08:12:34Z</time>
      </trkpt>
      <trkpt lat="22.225786" lon="113.20949">
        <ele>9.1</ele>
        <time>2024-04-27T08:12:35Z</time>
      </trkpt>
      <trkpt lat="22.225747" lon="113.209488">
        <ele>9.2</ele>
        <time>2024-04-27T08:12:36Z</time>
      </trkpt>
      <trkpt lat="22.225711" lon="113.209484">
        <ele>9.2</ele>
        <time>2024-04-27T08:12:37Z</time>
      </trkpt>
      <trkpt lat="22.225677" lon="113.209477">
        <ele>9.2</ele>
        <time>2024-04-27T08:12:38Z</time>
      </trkpt>
      <trkpt lat="22.22564" lon="113.209473">
        <ele>9.3</ele>
        <time>2024-04-27T08:12:39Z</time>
      </trkpt>
      <trkpt lat="22.225601" lon="113.209473">
        <ele>9.3</ele>
        <time>2024-04-27T08:12:40Z</time>
      </trkpt>
      <trkpt lat="22.225567" lon="113.209473">
        <ele>9.3</ele>
        <time>2024-04-27T08:12:41Z</time>
      </trkpt>
      <trkpt lat="22.225537" lon="113.209473">
        <ele>9.4</ele>
        <time>2024-04-27T08:12:42Z</time>
      </trkpt>
      <trkpt lat="22.225507" lon="113.209473">
        <ele>9.4</ele>
        <time>2024-04-27T08:12:43Z</time>
      </trkpt>
      <trkpt lat="22.225475" lon="113.209473">
        <ele>9.4</ele>
        <time>2024-04-27T08:12:44Z</time>
      </trkpt>
      <trkpt lat="22.225442" lon="113.209473">
        <ele>9.5</ele>
        <time>2024-04-27T08:12:45Z</time>
      </trkpt>
      <trkpt lat="22.225407" lon="113.209473">
        <ele>9.5</ele>
        <time>2024-04-27T08:12:46Z</time>
      </trkpt>
      <trkpt lat="22.22537" lon="113.209476">
        <ele>9.5</ele>
        <time>2024-04-27T08:12:47Z</time>
      </trkpt>
      <trkpt lat="22.225332" lon="113.20948">
        <ele>9.6</ele>
        <time>2024-04-27T08:12:48Z</time>
      </trkpt>
      <trkpt lat="22.225295" lon="113.20948">
        <ele>9.6</ele>
        <time>2024-04-27T08:12:49Z</time>
      </trkpt>
      <trkpt lat="22.225258" lon="113.20948">
        <ele>9.6</ele>
        <time>2024-04-27T08:12:50Z</time>
      </trkpt>
      <trkpt lat="22.225218" lon="113.209484">
        <ele>9.7</ele>
        <time>2024-04-27T08:12:51Z</time>
      </trkpt>
      <trkpt lat="22.225178" lon="113.209491">
        <ele>9.7</ele>
        <time>2024-04-27T08:12:52Z</time>
      </trkpt>
      <trkpt lat="22.225137" lon="113.209499">
        <ele>9.7</ele>
        <time>2024-04-27T08:12:53Z</time>
      </trkpt>
      <trkpt lat="22.225097" lon="113.209503">
        <ele>9.8</ele>
        <time>2024-04-27T08:12:54Z</time>
      </trkpt>
      <trkpt lat="22.225058" lon="113.209503">
        <ele>9.8</ele>
        <time>2024-04-27T08:12:55Z</time>
      </trkpt>
      <trkpt lat="22.225017" lon="113.209507">
        <ele>9.8</ele>
        <time>2024-04-27T08:12:56Z</time>
      </trkpt>
      <trkpt lat="22.224975" lon="113.209514">
        <ele>9.8</ele>
        <time>2024-04-27T08:12:57Z</time>
      </trkpt>
      <trkpt lat="22.224934" lon="113.209518">
        <ele>9.8</ele>
        <time>2024-04-27T08:12:58Z</time>
      </trkpt>
      <trkpt lat="22.224893" lon="113.209522">
        <ele>9.8</ele>
        <time>2024-04-27T08:12:59Z</time>
      </trkpt>
      <trkpt lat="22.224852" lon="113.20953">
        <ele>9.9</ele>
        <time>2024-04-27T08:13:00Z</time>
      </trkpt>
      <trkpt lat="22.22481" lon="113.209537">
        <ele>9.9</ele>
        <time>2024-04-27T08:13:01Z</time>
      </trkpt>
      <trkpt lat="22.224765" lon="113.209545">
        <ele>9.9</ele>
        <time>2024-04-27T08:13:02Z</time>
      </trkpt>
      <trkpt lat="22.224724" lon="113.209552">
        <ele>9.9</ele>
        <time>2024-04-27T08:13:03Z</time>
      </trkpt>
      <trkpt lat="22.224681" lon="113.20956">
        <ele>9.9</ele>
        <time>2024-04-27T08:13:04Z</time>
      </trkpt>
      <trkpt lat="22.224639" lon="113.209568">
        <ele>9.9</ele>
        <time>2024-04-27T08:13:05Z</time>
      </trkpt>
      <trkpt lat="22.224599" lon="113.209575">
        <ele>9.9</ele>
        <time>2024-04-27T08:13:06Z</time>
      </trkpt>
      <trkpt lat="22.224556" lon="113.209583">
        <ele>9.9</ele>
        <time>2024-04-27T08:13:07Z</time>
      </trkpt>
      <trkpt lat="22.224512" lon="113.209594">
        <ele>9.9</ele>
        <time>2024-04-27T08:13:08Z</time>
      </trkpt>
      <trkpt lat="22.224469" lon="113.209606">
        <ele>9.9</ele>
        <time>2024-04-27T08:13:09Z</time>
      </trkpt>
      <trkpt lat="22.224425" lon="113.209617">
        <ele>9.9</ele>
        <time>2024-04-27T08:13:10Z</time>
      </trkpt>
      <trkpt lat="22.22438" lon="113.209632">
        <ele>10</ele>
        <time>2024-04-27T08:13:11Z</time>
      </trkpt>
      <trkpt lat="22.224334" lon="113.209644">
        <ele>10</ele>
        <time>2024-04-27T08:13:12Z</time>
      </trkpt>
      <trkpt lat="22.224289" lon="113.209655">
        <ele>10</ele>
        <time>2024-04-27T08:13:13Z</time>
      </trkpt>
      <trkpt lat="22.224248" lon="113.209667">
        <ele>10</ele>
        <time>2024-04-27T08:13:14Z</time>
      </trkpt>
      <trkpt lat="22.224205" lon="113.209678">
        <ele>10</ele>
        <time>2024-04-27T08:13:15Z</time>
      </trkpt>
      <trkpt lat="22.224161" lon="113.209693">
        <ele>10</ele>
        <time>2024-04-27T08:13:16Z</time>
      </trkpt>
      <trkpt lat="22.224121" lon="113.209709">
        <ele>10</ele>
        <time>2024-04-27T08:13:17Z</time>
      </trkpt>
      <trkpt lat="22.224079" lon="113.20972">
        <ele>10</ele>
        <time>2024-04-27T08:13:18Z</time>
      </trkpt>
      <trkpt lat="22.224036" lon="113.209732">
        <ele>10</ele>
        <time>2024-04-27T08:13:19Z</time>
      </trkpt>
      <trkpt lat="22.22399" lon="113.20975">
        <ele>10</ele>
        <time>2024-04-27T08:13:20Z</time>
      </trkpt>
      <trkpt lat="22.223944" lon="113.20977">
        <ele>10</ele>
        <time>2024-04-27T08:13:21Z</time>
      </trkpt>
      <trkpt lat="22.223899" lon="113.209785">
        <ele>10.1</ele>
        <time>2024-04-27T08:13:22Z</time>
      </trkpt>
      <trkpt lat="22.223852" lon="113.209797">
        <ele>10.1</ele>
        <time>2024-04-27T08:13:23Z</time>
      </trkpt>
      <trkpt lat="22.223803" lon="113.209808">
        <ele>10.1</ele>
        <time>2024-04-27T08:13:24Z</time>
      </trkpt>
      <trkpt lat="22.223757" lon="113.20982">
        <ele>10.1</ele>
        <time>2024-04-27T08:13:25Z</time>
      </trkpt>
      <trkpt lat="22.223711" lon="113.209831">
        <ele>10.1</ele>
        <time>2024-04-27T08:13:26Z</time>
      </trkpt>
      <trkpt lat="22.223665" lon="113.209846">
        <ele>10.1</ele>
        <time>2024-04-27T08:13:27Z</time>
      </trkpt>
      <trkpt lat="22.223619" lon="113.209858">
        <ele>10.1</ele>
        <time>2024-04-27T08:13:28Z</time>
      </trkpt>
      <trkpt lat="22.223574" lon="113.209869">
        <ele>10.1</ele>
        <time>2024-04-27T08:13:29Z</time>
      </trkpt>
      <trkpt lat="22.223531" lon="113.209884">
        <ele>10.1</ele>
        <time>2024-04-27T08:13:30Z</time>
      </trkpt>
      <trkpt lat="22.223487" lon="113.209899">
        <ele>10.1</ele>
        <time>2024-04-27T08:13:31Z</time>
      </trkpt>
      <trkpt lat="22.223442" lon="113.209911">
        <ele>10.2</ele>
        <time>2024-04-27T08:13:32Z</time>
      </trkpt>
      <trkpt lat="22.223396" lon="113.209926">
        <ele>10.2</ele>
        <time>2024-04-27T08:13:33Z</time>
      </trkpt>
      <trkpt lat="22.22335" lon="113.209945">
        <ele>10.2</ele>
        <time>2024-04-27T08:13:34Z</time>
      </trkpt>
      <trkpt lat="22.223307" lon="113.20996">
        <ele>10.2</ele>
        <time>2024-04-27T08:13:35Z</time>
      </trkpt>
      <trkpt lat="22.223268" lon="113.209972">
        <ele>10.2</ele>
        <time>2024-04-27T08:13:36Z</time>
      </trkpt>
      <trkpt lat="22.223233" lon="113.20998">
        <ele>10.2</ele>
        <time>2024-04-27T08:13:37Z</time>
      </trkpt>
      <trkpt lat="22.223201" lon="113.209987">
        <ele>10.3</ele>
        <time>2024-04-27T08:13:38Z</time>
      </trkpt>
      <trkpt lat="22.223168" lon="113.209999">
        <ele>10.3</ele>
        <time>2024-04-27T08:13:39Z</time>
      </trkpt>
      <trkpt lat="22.22314" lon="113.21001">
        <ele>10.3</ele>
        <time>2024-04-27T08:13:40Z</time>
      </trkpt>
      <trkpt lat="22.223116" lon="113.210021">
        <ele>10.3</ele>
        <time>2024-04-27T08:13:41Z</time>
      </trkpt>
      <trkpt lat="22.223087" lon="113.210037">
        <ele>10.3</ele>
        <time>2024-04-27T08:13:42Z</time>
      </trkpt>
      <trkpt lat="22.223051" lon="113.210052">
        <ele>10.4</ele>
        <time>2024-04-27T08:13:43Z</time>
      </trkpt>
      <trkpt lat="22.223011" lon="113.210067">
        <ele>10.4</ele>
        <time>2024-04-27T08:13:44Z</time>
      </trkpt>
      <trkpt lat="22.222972" lon="113.210079">
        <ele>10.4</ele>
        <time>2024-04-27T08:13:45Z</time>
      </trkpt>
      <trkpt lat="22.222935" lon="113.21009">
        <ele>10.5</ele>
        <time>2024-04-27T08:13:46Z</time>
      </trkpt>
      <trkpt lat="22.222898" lon="113.210105">
        <ele>10.5</ele>
        <time>2024-04-27T08:13:47Z</time>
      </trkpt>
      <trkpt lat="22.222858" lon="113.210121">
        <ele>10.5</ele>
        <time>2024-04-27T08:13:48Z</time>
      </trkpt>
      <trkpt lat="22.222816" lon="113.210132">
        <ele>10.5</ele>
        <time>2024-04-27T08:13:49Z</time>
      </trkpt>
      <trkpt lat="22.222774" lon="113.210144">
        <ele>10.6</ele>
        <time>2024-04-27T08:13:50Z</time>
      </trkpt>
      <trkpt lat="22.222732" lon="113.210155">
        <ele>10.6</ele>
        <time>2024-04-27T08:13:51Z</time>
      </trkpt>
      <trkpt lat="22.22269" lon="113.210166">
        <ele>10.6</ele>
        <time>2024-04-27T08:13:52Z</time>
      </trkpt>
      <trkpt lat="22.222647" lon="113.210182">
        <ele>10.7</ele>
        <time>2024-04-27T08:13:53Z</time>
      </trkpt>
      <trkpt lat="22.222604" lon="113.210193">
        <ele>10.7</ele>
        <time>2024-04-27T08:13:54Z</time>
      </trkpt>
      <trkpt lat="22.222563" lon="113.210205">
        <ele>10.7</ele>
        <time>2024-04-27T08:13:55Z</time>
      </trkpt>
      <trkpt lat="22.222521" lon="113.21022">
        <ele>10.8</ele>
        <time>2024-04-27T08:13:56Z</time>
      </trkpt>
      <trkpt lat="22.22248" lon="113.210235">
        <ele>10.8</ele>
        <time>2024-04-27T08:13:57Z</time>
      </trkpt>
      <trkpt lat="22.222442" lon="113.21025">
        <ele>10.8</ele>
        <time>2024-04-27T08:13:58Z</time>
      </trkpt>
      <trkpt lat="22.222408" lon="113.210266">
        <ele>10.8</ele>
        <time>2024-04-27T08:13:59Z</time>
      </trkpt>
      <trkpt lat="22.222375" lon="113.210277">
        <ele>10.9</ele>
        <time>2024-04-27T08:14:00Z</time>
      </trkpt>
      <trkpt lat="22.222347" lon="113.210281">
        <ele>10.9</ele>
        <time>2024-04-27T08:14:01Z</time>
      </trkpt>
      <trkpt lat="22.222321" lon="113.210285">
        <ele>10.9</ele>
        <time>2024-04-27T08:14:02Z</time>
      </trkpt>
      <trkpt lat="22.222295" lon="113.210289">
        <ele>10.9</ele>
        <time>2024-04-27T08:14:03Z</time>
      </trkpt>
      <trkpt lat="22.222274" lon="113.210282">
        <ele>10.9</ele>
        <time>2024-04-27T08:14:04Z</time>
      </trkpt>
      <trkpt lat="22.22226" lon="113.21026">
        <ele>11</ele>
        <time>2024-04-27T08:14:05Z</time>
      </trkpt>
      <trkpt lat="22.222248" lon="113.210229">
        <ele>11</ele>
        <time>2024-04-27T08:14:06Z</time>
      </trkpt>
      <trkpt lat="22.222233" lon="113.210202">
        <ele>11</ele>
        <time>2024-04-27T08:14:07Z</time>
      </trkpt>
      <trkpt lat="22.222215" lon="113.210183">
        <ele>11</ele>
        <time>2024-04-27T08:14:08Z</time>
      </trkpt>
      <trkpt lat="22.222189" lon="113.210167">
        <ele>11</ele>
        <time>2024-04-27T08:14:09Z</time>
      </trkpt>
      <trkpt lat="22.222161" lon="113.210156">
        <ele>11.1</ele>
        <time>2024-04-27T08:14:10Z</time>
      </trkpt>
      <trkpt lat="22.222127" lon="113.210145">
        <ele>11.1</ele>
        <time>2024-04-27T08:14:11Z</time>
      </trkpt>
      <trkpt lat="22.222081" lon="113.210136">
        <ele>11.1</ele>
        <time>2024-04-27T08:14:12Z</time>
      </trkpt>
      <trkpt lat="22.222028" lon="113.21014">
        <ele>11.2</ele>
        <time>2024-04-27T08:14:13Z</time>
      </trkpt>
      <trkpt lat="22.221973" lon="113.210151">
        <ele>11.2</ele>
        <time>2024-04-27T08:14:14Z</time>
      </trkpt>
      <trkpt lat="22.221921" lon="113.210166">
        <ele>11.2</ele>
        <time>2024-04-27T08:14:15Z</time>
      </trkpt>
      <trkpt lat="22.221877" lon="113.210178">
        <ele>11.3</ele>
        <time>2024-04-27T08:14:16Z</time>
      </trkpt>
      <trkpt lat="22.221843" lon="113.210175">
        <ele>11.3</ele>
        <time>2024-04-27T08:14:17Z</time>
      </trkpt>
      <trkpt lat="22.221811" lon="113.210169">
        <ele>11.3</ele>
        <time>2024-04-27T08:14:18Z</time>
      </trkpt>
      <trkpt lat="22.221776" lon="113.210173">
        <ele>11.3</ele>
        <time>2024-04-27T08:14:19Z</time>
      </trkpt>
      <trkpt lat="22.221739" lon="113.210182">
        <ele>11.4</ele>
        <time>2024-04-27T08:14:20Z</time>
      </trkpt>
      <trkpt lat="22.221699" lon="113.210197">
        <ele>11.4</ele>
        <time>2024-04-27T08:14:21Z</time>
      </trkpt>
      <trkpt lat="22.221656" lon="113.210209">
        <ele>11.4</ele>
        <time>2024-04-27T08:14:22Z</time>
      </trkpt>
      <trkpt lat="22.221611" lon="113.21022">
        <ele>11.4</ele>
        <time>2024-04-27T08:14:23Z</time>
      </trkpt>
      <trkpt lat="22.221567" lon="113.210235">
        <ele>11.4</ele>
        <time>2024-04-27T08:14:24Z</time>
      </trkpt>
      <trkpt lat="22.221526" lon="113.210254">
        <ele>11.4</ele>
        <time>2024-04-27T08:14:25Z</time>
      </trkpt>
      <trkpt lat="22.221483" lon="113.210273">
        <ele>11.4</ele>
        <time>2024-04-27T08:14:26Z</time>
      </trkpt>
      <trkpt lat="22.221437" lon="113.210288">
        <ele>11.4</ele>
        <time>2024-04-27T08:14:27Z</time>
      </trkpt>
      <trkpt lat="22.221389" lon="113.2103">
        <ele>11.3</ele>
        <time>2024-04-27T08:14:28Z</time>
      </trkpt>
      <trkpt lat="22.221341" lon="113.210311">
        <ele>11.3</ele>
        <time>2024-04-27T08:14:29Z</time>
      </trkpt>
      <trkpt lat="22.221293" lon="113.210327">
        <ele>11.3</ele>
        <time>2024-04-27T08:14:30Z</time>
      </trkpt>
      <trkpt lat="22.221244" lon="113.210342">
        <ele>11.3</ele>
        <time>2024-04-27T08:14:31Z</time>
      </trkpt>
      <trkpt lat="22.221195" lon="113.210357">
        <ele>11.3</ele>
        <time>2024-04-27T08:14:32Z</time>
      </trkpt>
      <trkpt lat="22.221148" lon="113.210376">
        <ele>11.2</ele>
        <time>2024-04-27T08:14:33Z</time>
      </trkpt>
      <trkpt lat="22.221099" lon="113.210395">
        <ele>11.2</ele>
        <time>2024-04-27T08:14:34Z</time>
      </trkpt>
      <trkpt lat="22.221051" lon="113.210414">
        <ele>11.2</ele>
        <time>2024-04-27T08:14:35Z</time>
      </trkpt>
      <trkpt lat="22.221002" lon="113.210433">
        <ele>11.2</ele>
        <time>2024-04-27T08:14:36Z</time>
      </trkpt>
      <trkpt lat="22.220954" lon="113.210449">
        <ele>11.2</ele>
        <time>2024-04-27T08:14:37Z</time>
      </trkpt>
      <trkpt lat="22.220906" lon="113.210464">
        <ele>11.1</ele>
        <time>2024-04-27T08:14:38Z</time>
      </trkpt>
      <trkpt lat="22.220855" lon="113.210476">
        <ele>11.1</ele>
        <time>2024-04-27T08:14:39Z</time>
      </trkpt>
      <trkpt lat="22.220805" lon="113.21049">
        <ele>11.1</ele>
        <time>2024-04-27T08:14:40Z</time>
      </trkpt>
      <trkpt lat="22.220756" lon="113.21051">
        <ele>11.1</ele>
        <time>2024-04-27T08:14:41Z</time>
      </trkpt>
      <trkpt lat="22.220709" lon="113.210525">
        <ele>11.1</ele>
        <time>2024-04-27T08:14:42Z</time>
      </trkpt>
      <trkpt lat="22.220662" lon="113.210544">
        <ele>11</ele>
        <time>2024-04-27T08:14:43Z</time>
      </trkpt>
      <trkpt lat="22.220617" lon="113.210563">
        <ele>11</ele>
        <time>2024-04-27T08:14:44Z</time>
      </trkpt>
      <trkpt lat="22.220576" lon="113.210575">
        <ele>11</ele>
        <time>2024-04-27T08:14:45Z</time>
      </trkpt>
      <trkpt lat="22.220533" lon="113.210586">
        <ele>11</ele>
        <time>2024-04-27T08:14:46Z</time>
      </trkpt>
      <trkpt lat="22.220486" lon="113.210605">
        <ele>11</ele>
        <time>2024-04-27T08:14:47Z</time>
      </trkpt>
      <trkpt lat="22.220443" lon="113.210621">
        <ele>10.9</ele>
        <time>2024-04-27T08:14:48Z</time>
      </trkpt>
      <trkpt lat="22.220402" lon="113.210632">
        <ele>10.9</ele>
        <time>2024-04-27T08:14:49Z</time>
      </trkpt>
      <trkpt lat="22.22036" lon="113.210647">
        <ele>10.9</ele>
        <time>2024-04-27T08:14:50Z</time>
      </trkpt>
      <trkpt lat="22.220318" lon="113.210662">
        <ele>10.9</ele>
        <time>2024-04-27T08:14:51Z</time>
      </trkpt>
      <trkpt lat="22.220275" lon="113.210674">
        <ele>10.9</ele>
        <time>2024-04-27T08:14:52Z</time>
      </trkpt>
      <trkpt lat="22.220231" lon="113.210682">
        <ele>10.9</ele>
        <time>2024-04-27T08:14:53Z</time>
      </trkpt>
      <trkpt lat="22.220191" lon="113.210689">
        <ele>10.8</ele>
        <time>2024-04-27T08:14:54Z</time>
      </trkpt>
      <trkpt lat="22.220154" lon="113.210704">
        <ele>10.8</ele>
        <time>2024-04-27T08:14:55Z</time>
      </trkpt>
      <trkpt lat="22.220118" lon="113.210723">
        <ele>10.8</ele>
        <time>2024-04-27T08:14:56Z</time>
      </trkpt>
      <trkpt lat="22.22008" lon="113.210739">
        <ele>10.8</ele>
        <time>2024-04-27T08:14:57Z</time>
      </trkpt>
      <trkpt lat="22.220038" lon="113.210754">
        <ele>10.8</ele>
        <time>2024-04-27T08:14:58Z</time>
      </trkpt>
      <trkpt lat="22.21999" lon="113.210773">
        <ele>10.8</ele>
        <time>2024-04-27T08:14:59Z</time>
      </trkpt>
      <trkpt lat="22.219943" lon="113.210788">
        <ele>10.7</ele>
        <time>2024-04-27T08:15:00Z</time>
      </trkpt>
      <trkpt lat="22.2199" lon="113.2108">
        <ele>10.7</ele>
        <time>2024-04-27T08:15:01Z</time>
      </trkpt>
      <trkpt lat="22.219855" lon="113.210815">
        <ele>10.7</ele>
        <time>2024-04-27T08:15:02Z</time>
      </trkpt>
      <trkpt lat="22.21981" lon="113.21083">
        <ele>10.7</ele>
        <time>2024-04-27T08:15:03Z</time>
      </trkpt>
      <trkpt lat="22.219764" lon="113.210845">
        <ele>10.7</ele>
        <time>2024-04-27T08:15:04Z</time>
      </trkpt>
      <trkpt lat="22.21972" lon="113.210857">
        <ele>10.7</ele>
        <time>2024-04-27T08:15:05Z</time>
      </trkpt>
      <trkpt lat="22.219679" lon="113.210868">
        <ele>10.7</ele>
        <time>2024-04-27T08:15:06Z</time>
      </trkpt>
      <trkpt lat="22.219637" lon="113.210883">
        <ele>10.7</ele>
        <time>2024-04-27T08:15:07Z</time>
      </trkpt>
      <trkpt lat="22.219592" lon="113.210899">
        <ele>10.7</ele>
        <time>2024-04-27T08:15:08Z</time>
      </trkpt>
      <trkpt lat="22.21955" lon="113.210914">
        <ele>10.7</ele>
        <time>2024-04-27T08:15:09Z</time>
      </trkpt>
      <trkpt lat="22.21951" lon="113.210926">
        <ele>10.8</ele>
        <time>2024-04-27T08:15:10Z</time>
      </trkpt>
      <trkpt lat="22.219473" lon="113.210937">
        <ele>10.8</ele>
        <time>2024-04-27T08:15:11Z</time>
      </trkpt>
      <trkpt lat="22.219432" lon="113.210949">
        <ele>10.8</ele>
        <time>2024-04-27T08:15:12Z</time>
      </trkpt>
      <trkpt lat="22.219391" lon="113.21096">
        <ele>10.8</ele>
        <time>2024-04-27T08:15:13Z</time>
      </trkpt>
      <trkpt lat="22.219356" lon="113.210972">
        <ele>10.8</ele>
        <time>2024-04-27T08:15:14Z</time>
      </trkpt>
      <trkpt lat="22.219329" lon="113.210983">
        <ele>10.8</ele>
        <time>2024-04-27T08:15:15Z</time>
      </trkpt>
      <trkpt lat="22.219301" lon="113.210991">
        <ele>10.8</ele>
        <time>2024-04-27T08:15:16Z</time>
      </trkpt>
      <trkpt lat="22.219268" lon="113.210998">
        <ele>10.8</ele>
        <time>2024-04-27T08:15:17Z</time>
      </trkpt>
      <trkpt lat="22.219231" lon="113.211006">
        <ele>10.8</ele>
        <time>2024-04-27T08:15:18Z</time>
      </trkpt>
      <trkpt lat="22.219191" lon="113.211013">
        <ele>10.8</ele>
        <time>2024-04-27T08:15:19Z</time>
      </trkpt>
      <trkpt lat="22.21915" lon="113.211025">
        <ele>10.8</ele>
        <time>2024-04-27T08:15:20Z</time>
      </trkpt>
      <trkpt lat="22.219111" lon="113.211036">
        <ele>10.8</ele>
        <time>2024-04-27T08:15:21Z</time>
      </trkpt>
      <trkpt lat="22.219071" lon="113.211052">
        <ele>10.8</ele>
        <time>2024-04-27T08:15:22Z</time>
      </trkpt>
      <trkpt lat="22.21903" lon="113.211067">
        <ele>10.8</ele>
        <time>2024-04-27T08:15:23Z</time>
      </trkpt>
      <trkpt lat="22.218989" lon="113.211078">
        <ele>10.8</ele>
        <time>2024-04-27T08:15:24Z</time>
      </trkpt>
      <trkpt lat="22.218949" lon="113.211089">
        <ele>10.8</ele>
        <time>2024-04-27T08:15:25Z</time>
      </trkpt>
      <trkpt lat="22.218909" lon="113.211105">
        <ele>10.8</ele>
        <time>2024-04-27T08:15:26Z</time>
      </trkpt>
      <trkpt lat="22.218869" lon="113.21112">
        <ele>10.8</ele>
        <time>2024-04-27T08:15:27Z</time>
      </trkpt>
      <trkpt lat="22.218827" lon="113.211132">
        <ele>10.8</ele>
        <time>2024-04-27T08:15:28Z</time>
      </trkpt>
      <trkpt lat="22.218784" lon="113.211139">
        <ele>10.8</ele>
        <time>2024-04-27T08:15:29Z</time>
      </trkpt>
      <trkpt lat="22.218742" lon="113.211151">
        <ele>10.8</ele>
        <time>2024-04-27T08:15:30Z</time>
      </trkpt>
      <trkpt lat="22.218699" lon="113.211169">
        <ele>10.8</ele>
        <time>2024-04-27T08:15:31Z</time>
      </trkpt>
      <trkpt lat="22.218656" lon="113.211189">
        <ele>10.8</ele>
        <time>2024-04-27T08:15:32Z</time>
      </trkpt>
      <trkpt lat="22.218614" lon="113.211204">
        <ele>10.8</ele>
        <time>2024-04-27T08:15:33Z</time>
      </trkpt>
      <trkpt lat="22.218573" lon="113.211219">
        <ele>10.8</ele>
        <time>2024-04-27T08:15:34Z</time>
      </trkpt>
      <trkpt lat="22.21853" lon="113.211231">
        <ele>10.8</ele>
        <time>2024-04-27T08:15:35Z</time>
      </trkpt>
      <trkpt lat="22.21849" lon="113.211242">
        <ele>10.8</ele>
        <time>2024-04-27T08:15:36Z</time>
      </trkpt>
      <trkpt lat="22.218451" lon="113.211257">
        <ele>10.8</ele>
        <time>2024-04-27T08:15:37Z</time>
      </trkpt>
      <trkpt lat="22.218411" lon="113.211273">
        <ele>10.8</ele>
        <time>2024-04-27T08:15:38Z</time>
      </trkpt>
      <trkpt lat="22.218371" lon="113.211288">
        <ele>10.8</ele>
        <time>2024-04-27T08:15:39Z</time>
      </trkpt>
      <trkpt lat="22.218331" lon="113.2113">
        <ele>10.8</ele>
        <time>2024-04-27T08:15:40Z</time>
      </trkpt>
      <trkpt lat="22.218289" lon="113.211304">
        <ele>10.8</ele>
        <time>2024-04-27T08:15:41Z</time>
      </trkpt>
      <trkpt lat="22.218247" lon="113.211304">
        <ele>10.8</ele>
        <time>2024-04-27T08:15:42Z</time>
      </trkpt>
      <trkpt lat="22.218209" lon="113.211297">
        <ele>10.8</ele>
        <time>2024-04-27T08:15:43Z</time>
      </trkpt>
      <trkpt lat="22.218177" lon="113.211281">
        <ele>10.8</ele>
        <time>2024-04-27T08:15:44Z</time>
      </trkpt>
      <trkpt lat="22.218147" lon="113.211259">
        <ele>10.8</ele>
        <time>2024-04-27T08:15:45Z</time>
      </trkpt>
      <trkpt lat="22.218119" lon="113.211228">
        <ele>10.8</ele>
        <time>2024-04-27T08:15:46Z</time>
      </trkpt>
      <trkpt lat="22.218093" lon="113.211194">
        <ele>10.8</ele>
        <time>2024-04-27T08:15:47Z</time>
      </trkpt>
      <trkpt lat="22.218073" lon="113.211156">
        <ele>10.8</ele>
        <time>2024-04-27T08:15:48Z</time>
      </trkpt>
      <trkpt lat="22.218061" lon="113.211122">
        <ele>10.8</ele>
        <time>2024-04-27T08:15:49Z</time>
      </trkpt>
      <trkpt lat="22.218055" lon="113.211084">
        <ele>10.8</ele>
        <time>2024-04-27T08:15:50Z</time>
      </trkpt>
      <trkpt lat="22.218051" lon="113.211045">
        <ele>10.8</ele>
        <time>2024-04-27T08:15:51Z</time>
      </trkpt>
      <trkpt lat="22.218054" lon="113.211004">
        <ele>10.8</ele>
        <time>2024-04-27T08:15:52Z</time>
      </trkpt>
      <trkpt lat="22.218061" lon="113.210958">
        <ele>10.8</ele>
        <time>2024-04-27T08:15:53Z</time>
      </trkpt>
      <trkpt lat="22.218069" lon="113.210924">
        <ele>10.8</ele>
        <time>2024-04-27T08:15:54Z</time>
      </trkpt>
      <trkpt lat="22.218076" lon="113.210893">
        <ele>10.8</ele>
        <time>2024-04-27T08:15:55Z</time>
      </trkpt>
      <trkpt lat="22.218082" lon="113.210862">
        <ele>10.8</ele>
        <time>2024-04-27T08:15:56Z</time>
      </trkpt>
      <trkpt lat="22.218087" lon="113.210828">
        <ele>10.8</ele>
        <time>2024-04-27T08:15:57Z</time>
      </trkpt>
      <trkpt lat="22.21809" lon="113.21079">
        <ele>10.8</ele>
        <time>2024-04-27T08:15:58Z</time>
      </trkpt>
      <trkpt lat="22.218089" lon="113.210749">
        <ele>10.8</ele>
        <time>2024-04-27T08:15:59Z</time>
      </trkpt>
      <trkpt lat="22.218086" lon="113.210706">
        <ele>10.8</ele>
        <time>2024-04-27T08:16:00Z</time>
      </trkpt>
      <trkpt lat="22.218083" lon="113.210665">
        <ele>10.8</ele>
        <time>2024-04-27T08:16:01Z</time>
      </trkpt>
      <trkpt lat="22.218078" lon="113.210619">
        <ele>10.8</ele>
        <time>2024-04-27T08:16:02Z</time>
      </trkpt>
      <trkpt lat="22.218074" lon="113.210577">
        <ele>10.8</ele>
        <time>2024-04-27T08:16:03Z</time>
      </trkpt>
      <trkpt lat="22.218074" lon="113.210535">
        <ele>10.8</ele>
        <time>2024-04-27T08:16:04Z</time>
      </trkpt>
      <trkpt lat="22.218075" lon="113.210489">
        <ele>10.8</ele>
        <time>2024-04-27T08:16:05Z</time>
      </trkpt>
      <trkpt lat="22.218076" lon="113.210443">
        <ele>10.8</ele>
        <time>2024-04-27T08:16:06Z</time>
      </trkpt>
      <trkpt lat="22.218078" lon="113.210397">
        <ele>10.8</ele>
        <time>2024-04-27T08:16:07Z</time>
      </trkpt>
      <trkpt lat="22.218083" lon="113.210352">
        <ele>10.8</ele>
        <time>2024-04-27T08:16:08Z</time>
      </trkpt>
      <trkpt lat="22.218088" lon="113.21031">
        <ele>10.8</ele>
        <time>2024-04-27T08:16:09Z</time>
      </trkpt>
      <trkpt lat="22.218089" lon="113.210275">
        <ele>10.8</ele>
        <time>2024-04-27T08:16:10Z</time>
      </trkpt>
      <trkpt lat="22.218088" lon="113.210241">
        <ele>10.8</ele>
        <time>2024-04-27T08:16:11Z</time>
      </trkpt>
      <trkpt lat="22.218088" lon="113.210199">
        <ele>10.8</ele>
        <time>2024-04-27T08:16:12Z</time>
      </trkpt>
      <trkpt lat="22.218088" lon="113.210153">
        <ele>10.8</ele>
        <time>2024-04-27T08:16:13Z</time>
      </trkpt>
      <trkpt lat="22.218087" lon="113.210111">
        <ele>10.8</ele>
        <time>2024-04-27T08:16:14Z</time>
      </trkpt>
      <trkpt lat="22.218084" lon="113.210073">
        <ele>10.8</ele>
        <time>2024-04-27T08:16:15Z</time>
      </trkpt>
      <trkpt lat="22.21807" lon="113.210028">
        <ele>10.8</ele>
        <time>2024-04-27T08:16:16Z</time>
      </trkpt>
      <trkpt lat="22.218051" lon="113.209985">
        <ele>10.7</ele>
        <time>2024-04-27T08:16:17Z</time>
      </trkpt>
      <trkpt lat="22.21804" lon="113.209951">
        <ele>10.7</ele>
        <time>2024-04-27T08:16:18Z</time>
      </trkpt>
      <trkpt lat="22.218036" lon="113.209912">
        <ele>10.7</ele>
        <time>2024-04-27T08:16:19Z</time>
      </trkpt>
      <trkpt lat="22.218037" lon="113.209871">
        <ele>10.7</ele>
        <time>2024-04-27T08:16:20Z</time>
      </trkpt>
      <trkpt lat="22.218039" lon="113.209826">
        <ele>10.7</ele>
        <time>2024-04-27T08:16:21Z</time>
      </trkpt>
      <trkpt lat="22.218032" lon="113.209786">
        <ele>10.7</ele>
        <time>2024-04-27T08:16:22Z</time>
      </trkpt>
      <trkpt lat="22.218022" lon="113.209749">
        <ele>10.7</ele>
        <time>2024-04-27T08:16:23Z</time>
      </trkpt>
      <trkpt lat="22.218013" lon="113.209703">
        <ele>10.7</ele>
        <time>2024-04-27T08:16:24Z</time>
      </trkpt>
      <trkpt lat="22.218008" lon="113.209657">
        <ele>10.7</ele>
        <time>2024-04-27T08:16:25Z</time>
      </trkpt>
      <trkpt lat="22.218005" lon="113.209615">
        <ele>10.7</ele>
        <time>2024-04-27T08:16:26Z</time>
      </trkpt>
      <trkpt lat="22.218" lon="113.209573">
        <ele>10.7</ele>
        <time>2024-04-27T08:16:27Z</time>
      </trkpt>
      <trkpt lat="22.217994" lon="113.209527">
        <ele>10.7</ele>
        <time>2024-04-27T08:16:28Z</time>
      </trkpt>
      <trkpt lat="22.217986" lon="113.209485">
        <ele>10.7</ele>
        <time>2024-04-27T08:16:29Z</time>
      </trkpt>
      <trkpt lat="22.217974" lon="113.209444">
        <ele>10.7</ele>
        <time>2024-04-27T08:16:30Z</time>
      </trkpt>
      <trkpt lat="22.217964" lon="113.209395">
        <ele>10.7</ele>
        <time>2024-04-27T08:16:31Z</time>
      </trkpt>
      <trkpt lat="22.217955" lon="113.209345">
        <ele>10.7</ele>
        <time>2024-04-27T08:16:32Z</time>
      </trkpt>
      <trkpt lat="22.217948" lon="113.209302">
        <ele>10.6</ele>
        <time>2024-04-27T08:16:33Z</time>
      </trkpt>
      <trkpt lat="22.217943" lon="113.209261">
        <ele>10.6</ele>
        <time>2024-04-27T08:16:34Z</time>
      </trkpt>
      <trkpt lat="22.217937" lon="113.209218">
        <ele>10.6</ele>
        <time>2024-04-27T08:16:35Z</time>
      </trkpt>
      <trkpt lat="22.217932" lon="113.209177">
        <ele>10.6</ele>
        <time>2024-04-27T08:16:36Z</time>
      </trkpt>
      <trkpt lat="22.217928" lon="113.209135">
        <ele>10.5</ele>
        <time>2024-04-27T08:16:37Z</time>
      </trkpt>
      <trkpt lat="22.217923" lon="113.209096">
        <ele>10.5</ele>
        <time>2024-04-27T08:16:38Z</time>
      </trkpt>
      <trkpt lat="22.217916" lon="113.209058">
        <ele>10.5</ele>
        <time>2024-04-27T08:16:39Z</time>
      </trkpt>
      <trkpt lat="22.217906" lon="113.209017">
        <ele>10.5</ele>
        <time>2024-04-27T08:16:40Z</time>
      </trkpt>
      <trkpt lat="22.217898" lon="113.208974">
        <ele>10.4</ele>
        <time>2024-04-27T08:16:41Z</time>
      </trkpt>
      <trkpt lat="22.217889" lon="113.208937">
        <ele>10.4</ele>
        <time>2024-04-27T08:16:42Z</time>
      </trkpt>
      <trkpt lat="22.217882" lon="113.208895">
        <ele>10.4</ele>
        <time>2024-04-27T08:16:43Z</time>
      </trkpt>
      <trkpt lat="22.217878" lon="113.208849">
        <ele>10.4</ele>
        <time>2024-04-27T08:16:44Z</time>
      </trkpt>
      <trkpt lat="22.217874" lon="113.208803">
        <ele>10.3</ele>
        <time>2024-04-27T08:16:45Z</time>
      </trkpt>
      <trkpt lat="22.217867" lon="113.208753">
        <ele>10.3</ele>
        <time>2024-04-27T08:16:46Z</time>
      </trkpt>
      <trkpt lat="22.217859" lon="113.208704">
        <ele>10.3</ele>
        <time>2024-04-27T08:16:47Z</time>
      </trkpt>
      <trkpt lat="22.217848" lon="113.208659">
        <ele>10.2</ele>
        <time>2024-04-27T08:16:48Z</time>
      </trkpt>
      <trkpt lat="22.217837" lon="113.208613">
        <ele>10.2</ele>
        <time>2024-04-27T08:16:49Z</time>
      </trkpt>
      <trkpt lat="22.217827" lon="113.208566">
        <ele>10.2</ele>
        <time>2024-04-27T08:16:50Z</time>
      </trkpt>
      <trkpt lat="22.217823" lon="113.208521">
        <ele>10.2</ele>
        <time>2024-04-27T08:16:51Z</time>
      </trkpt>
      <trkpt lat="22.21782" lon="113.208475">
        <ele>10.1</ele>
        <time>2024-04-27T08:16:52Z</time>
      </trkpt>
      <trkpt lat="22.217813" lon="113.208433">
        <ele>10.1</ele>
        <time>2024-04-27T08:16:53Z</time>
      </trkpt>
      <trkpt lat="22.217805" lon="113.208395">
        <ele>10.1</ele>
        <time>2024-04-27T08:16:54Z</time>
      </trkpt>
      <trkpt lat="22.217798" lon="113.20836">
        <ele>10.1</ele>
        <time>2024-04-27T08:16:55Z</time>
      </trkpt>
      <trkpt lat="22.217794" lon="113.208326">
        <ele>10</ele>
        <time>2024-04-27T08:16:56Z</time>
      </trkpt>
      <trkpt lat="22.217786" lon="113.208288">
        <ele>10</ele>
        <time>2024-04-27T08:16:57Z</time>
      </trkpt>
      <trkpt lat="22.217772" lon="113.20825">
        <ele>10</ele>
        <time>2024-04-27T08:16:58Z</time>
      </trkpt>
      <trkpt lat="22.217754" lon="113.208208">
        <ele>10</ele>
        <time>2024-04-27T08:16:59Z</time>
      </trkpt>
      <trkpt lat="22.217741" lon="113.208162">
        <ele>9.9</ele>
        <time>2024-04-27T08:17:00Z</time>
      </trkpt>
      <trkpt lat="22.217735" lon="113.20812">
        <ele>9.9</ele>
        <time>2024-04-27T08:17:01Z</time>
      </trkpt>
      <trkpt lat="22.217731" lon="113.208071">
        <ele>9.9</ele>
        <time>2024-04-27T08:17:02Z</time>
      </trkpt>
      <trkpt lat="22.217728" lon="113.208021">
        <ele>9.9</ele>
        <time>2024-04-27T08:17:03Z</time>
      </trkpt>
      <trkpt lat="22.217735" lon="113.207982">
        <ele>9.8</ele>
        <time>2024-04-27T08:17:04Z</time>
      </trkpt>
      <trkpt lat="22.217753" lon="113.207948">
        <ele>9.8</ele>
        <time>2024-04-27T08:17:05Z</time>
      </trkpt>
      <trkpt lat="22.217763" lon="113.207917">
        <ele>9.8</ele>
        <time>2024-04-27T08:17:06Z</time>
      </trkpt>
      <trkpt lat="22.21776" lon="113.207887">
        <ele>9.8</ele>
        <time>2024-04-27T08:17:07Z</time>
      </trkpt>
      <trkpt lat="22.217749" lon="113.207857">
        <ele>9.8</ele>
        <time>2024-04-27T08:17:08Z</time>
      </trkpt>
      <trkpt lat="22.217732" lon="113.207819">
        <ele>9.7</ele>
        <time>2024-04-27T08:17:09Z</time>
      </trkpt>
      <trkpt lat="22.217716" lon="113.207773">
        <ele>9.7</ele>
        <time>2024-04-27T08:17:10Z</time>
      </trkpt>
      <trkpt lat="22.217703" lon="113.207735">
        <ele>9.7</ele>
        <time>2024-04-27T08:17:11Z</time>
      </trkpt>
      <trkpt lat="22.217696" lon="113.207693">
        <ele>9.7</ele>
        <time>2024-04-27T08:17:12Z</time>
      </trkpt>
      <trkpt lat="22.217692" lon="113.207643">
        <ele>9.6</ele>
        <time>2024-04-27T08:17:13Z</time>
      </trkpt>
      <trkpt lat="22.217683" lon="113.207601">
        <ele>9.6</ele>
        <time>2024-04-27T08:17:14Z</time>
      </trkpt>
      <trkpt lat="22.217677" lon="113.20756">
        <ele>9.6</ele>
        <time>2024-04-27T08:17:15Z</time>
      </trkpt>
      <trkpt lat="22.217678" lon="113.207514">
        <ele>9.6</ele>
        <time>2024-04-27T08:17:16Z</time>
      </trkpt>
      <trkpt lat="22.217681" lon="113.207472">
        <ele>9.6</ele>
        <time>2024-04-27T08:17:17Z</time>
      </trkpt>
      <trkpt lat="22.217683" lon="113.207433">
        <ele>9.6</ele>
        <time>2024-04-27T08:17:18Z</time>
      </trkpt>
      <trkpt lat="22.217687" lon="113.207398">
        <ele>9.6</ele>
        <time>2024-04-27T08:17:19Z</time>
      </trkpt>
      <trkpt lat="22.217693" lon="113.207368">
        <ele>9.6</ele>
        <time>2024-04-27T08:17:20Z</time>
      </trkpt>
      <trkpt lat="22.21769" lon="113.207331">
        <ele>9.6</ele>
        <time>2024-04-27T08:17:21Z</time>
      </trkpt>
      <trkpt lat="22.217678" lon="113.207285">
        <ele>9.6</ele>
        <time>2024-04-27T08:17:22Z</time>
      </trkpt>
      <trkpt lat="22.21767" lon="113.207242">
        <ele>9.6</ele>
        <time>2024-04-27T08:17:23Z</time>
      </trkpt>
      <trkpt lat="22.217665" lon="113.207201">
        <ele>9.6</ele>
        <time>2024-04-27T08:17:24Z</time>
      </trkpt>
      <trkpt lat="22.21766" lon="113.207159">
        <ele>9.6</ele>
        <time>2024-04-27T08:17:25Z</time>
      </trkpt>
      <trkpt lat="22.217654" lon="113.207117">
        <ele>9.6</ele>
        <time>2024-04-27T08:17:26Z</time>
      </trkpt>
      <trkpt lat="22.217643" lon="113.207071">
        <ele>9.6</ele>
        <time>2024-04-27T08:17:27Z</time>
      </trkpt>
      <trkpt lat="22.217633" lon="113.207022">
        <ele>9.6</ele>
        <time>2024-04-27T08:17:28Z</time>
      </trkpt>
      <trkpt lat="22.217627" lon="113.206972">
        <ele>9.6</ele>
        <time>2024-04-27T08:17:29Z</time>
      </trkpt>
      <trkpt lat="22.217621" lon="113.206926">
        <ele>9.6</ele>
        <time>2024-04-27T08:17:30Z</time>
      </trkpt>
      <trkpt lat="22.217613" lon="113.206881">
        <ele>9.6</ele>
        <time>2024-04-27T08:17:31Z</time>
      </trkpt>
      <trkpt lat="22.217604" lon="113.206835">
        <ele>9.6</ele>
        <time>2024-04-27T08:17:32Z</time>
      </trkpt>
      <trkpt lat="22.217598" lon="113.206792">
        <ele>9.6</ele>
        <time>2024-04-27T08:17:33Z</time>
      </trkpt>
      <trkpt lat="22.217596" lon="113.206751">
        <ele>9.6</ele>
        <time>2024-04-27T08:17:34Z</time>
      </trkpt>
      <trkpt lat="22.217594" lon="113.206709">
        <ele>9.6</ele>
        <time>2024-04-27T08:17:35Z</time>
      </trkpt>
      <trkpt lat="22.217589" lon="113.206671">
        <ele>9.6</ele>
        <time>2024-04-27T08:17:36Z</time>
      </trkpt>
      <trkpt lat="22.217579" lon="113.206626">
        <ele>9.6</ele>
        <time>2024-04-27T08:17:37Z</time>
      </trkpt>
      <trkpt lat="22.217568" lon="113.206575">
        <ele>9.6</ele>
        <time>2024-04-27T08:17:38Z</time>
      </trkpt>
      <trkpt lat="22.217558" lon="113.206529">
        <ele>9.6</ele>
        <time>2024-04-27T08:17:39Z</time>
      </trkpt>
      <trkpt lat="22.217551" lon="113.206487">
        <ele>9.6</ele>
        <time>2024-04-27T08:17:40Z</time>
      </trkpt>
      <trkpt lat="22.217545" lon="113.206449">
        <ele>9.6</ele>
        <time>2024-04-27T08:17:41Z</time>
      </trkpt>
      <trkpt lat="22.217536" lon="113.206408">
        <ele>9.6</ele>
        <time>2024-04-27T08:17:42Z</time>
      </trkpt>
      <trkpt lat="22.217527" lon="113.206362">
        <ele>9.6</ele>
        <time>2024-04-27T08:17:43Z</time>
      </trkpt>
      <trkpt lat="22.217518" lon="113.206316">
        <ele>9.6</ele>
        <time>2024-04-27T08:17:44Z</time>
      </trkpt>
      <trkpt lat="22.217511" lon="113.206273">
        <ele>9.6</ele>
        <time>2024-04-27T08:17:45Z</time>
      </trkpt>
      <trkpt lat="22.217508" lon="113.206232">
        <ele>9.6</ele>
        <time>2024-04-27T08:17:46Z</time>
      </trkpt>
      <trkpt lat="22.217508" lon="113.20619">
        <ele>9.6</ele>
        <time>2024-04-27T08:17:47Z</time>
      </trkpt>
      <trkpt lat="22.217507" lon="113.206155">
        <ele>9.6</ele>
        <time>2024-04-27T08:17:48Z</time>
      </trkpt>
      <trkpt lat="22.217505" lon="113.206125">
        <ele>9.6</ele>
        <time>2024-04-27T08:17:49Z</time>
      </trkpt>
      <trkpt lat="22.217501" lon="113.206091">
        <ele>9.6</ele>
        <time>2024-04-27T08:17:50Z</time>
      </trkpt>
      <trkpt lat="22.217496" lon="113.206056">
        <ele>9.6</ele>
        <time>2024-04-27T08:17:51Z</time>
      </trkpt>
      <trkpt lat="22.21749" lon="113.206022">
        <ele>9.6</ele>
        <time>2024-04-27T08:17:52Z</time>
      </trkpt>
      <trkpt lat="22.217485" lon="113.205987">
        <ele>9.6</ele>
        <time>2024-04-27T08:17:53Z</time>
      </trkpt>
      <trkpt lat="22.217477" lon="113.205953">
        <ele>9.6</ele>
        <time>2024-04-27T08:17:54Z</time>
      </trkpt>
      <trkpt lat="22.217468" lon="113.205922">
        <ele>9.6</ele>
        <time>2024-04-27T08:17:55Z</time>
      </trkpt>
      <trkpt lat="22.217459" lon="113.205892">
        <ele>9.6</ele>
        <time>2024-04-27T08:17:56Z</time>
      </trkpt>
      <trkpt lat="22.217451" lon="113.205857">
        <ele>9.6</ele>
        <time>2024-04-27T08:17:57Z</time>
      </trkpt>
      <trkpt lat="22.217443" lon="113.205823">
        <ele>9.6</ele>
        <time>2024-04-27T08:17:58Z</time>
      </trkpt>
      <trkpt lat="22.217435" lon="113.205785">
        <ele>9.6</ele>
        <time>2024-04-27T08:17:59Z</time>
      </trkpt>
      <trkpt lat="22.217428" lon="113.205747">
        <ele>9.6</ele>
        <time>2024-04-27T08:18:00Z</time>
      </trkpt>
      <trkpt lat="22.217422" lon="113.205709">
        <ele>9.6</ele>
        <time>2024-04-27T08:18:01Z</time>
      </trkpt>
      <trkpt lat="22.217419" lon="113.205675">
        <ele>9.6</ele>
        <time>2024-04-27T08:18:02Z</time>
      </trkpt>
      <trkpt lat="22.217412" lon="113.205641">
        <ele>9.6</ele>
        <time>2024-04-27T08:18:03Z</time>
      </trkpt>
      <trkpt lat="22.217401" lon="113.205602">
        <ele>9.6</ele>
        <time>2024-04-27T08:18:04Z</time>
      </trkpt>
      <trkpt lat="22.217396" lon="113.205567">
        <ele>9.6</ele>
        <time>2024-04-27T08:18:05Z</time>
      </trkpt>
      <trkpt lat="22.217397" lon="113.20553">
        <ele>9.6</ele>
        <time>2024-04-27T08:18:06Z</time>
      </trkpt>
      <trkpt lat="22.217399" lon="113.205484">
        <ele>9.6</ele>
        <time>2024-04-27T08:18:07Z</time>
      </trkpt>
      <trkpt lat="22.217398" lon="113.205438">
        <ele>9.6</ele>
        <time>2024-04-27T08:18:08Z</time>
      </trkpt>
      <trkpt lat="22.217393" lon="113.205396">
        <ele>9.6</ele>
        <time>2024-04-27T08:18:09Z</time>
      </trkpt>
      <trkpt lat="22.217386" lon="113.205358">
        <ele>9.6</ele>
        <time>2024-04-27T08:18:10Z</time>
      </trkpt>
      <trkpt lat="22.217378" lon="113.205323">
        <ele>9.6</ele>
        <time>2024-04-27T08:18:11Z</time>
      </trkpt>
      <trkpt lat="22.217372" lon="113.205289">
        <ele>9.6</ele>
        <time>2024-04-27T08:18:12Z</time>
      </trkpt>
      <trkpt lat="22.217366" lon="113.205251">
        <ele>9.6</ele>
        <time>2024-04-27T08:18:13Z</time>
      </trkpt>
      <trkpt lat="22.21736" lon="113.205217">
        <ele>9.6</ele>
        <time>2024-04-27T08:18:14Z</time>
      </trkpt>
      <trkpt lat="22.217356" lon="113.205183">
        <ele>9.6</ele>
        <time>2024-04-27T08:18:15Z</time>
      </trkpt>
      <trkpt lat="22.21735" lon="113.205141">
        <ele>9.6</ele>
        <time>2024-04-27T08:18:16Z</time>
      </trkpt>
      <trkpt lat="22.217343" lon="113.205096">
        <ele>9.6</ele>
        <time>2024-04-27T08:18:17Z</time>
      </trkpt>
      <trkpt lat="22.217332" lon="113.205053">
        <ele>9.6</ele>
        <time>2024-04-27T08:18:18Z</time>
      </trkpt>
      <trkpt lat="22.21732" lon="113.205011">
        <ele>9.6</ele>
        <time>2024-04-27T08:18:19Z</time>
      </trkpt>
      <trkpt lat="22.217308" lon="113.204969">
        <ele>9.6</ele>
        <time>2024-04-27T08:18:20Z</time>
      </trkpt>
      <trkpt lat="22.217296" lon="113.204927">
        <ele>9.6</ele>
        <time>2024-04-27T08:18:21Z</time>
      </trkpt>
      <trkpt lat="22.217289" lon="113.204885">
        <ele>9.6</ele>
        <time>2024-04-27T08:18:22Z</time>
      </trkpt>
      <trkpt lat="22.217284" lon="113.20485">
        <ele>9.6</ele>
        <time>2024-04-27T08:18:23Z</time>
      </trkpt>
      <trkpt lat="22.217278" lon="113.204816">
        <ele>9.6</ele>
        <time>2024-04-27T08:18:24Z</time>
      </trkpt>
      <trkpt lat="22.217271" lon="113.204771">
        <ele>9.6</ele>
        <time>2024-04-27T08:18:25Z</time>
      </trkpt>
      <trkpt lat="22.217265" lon="113.204728">
        <ele>9.6</ele>
        <time>2024-04-27T08:18:26Z</time>
      </trkpt>
      <trkpt lat="22.217262" lon="113.204694">
        <ele>9.6</ele>
        <time>2024-04-27T08:18:27Z</time>
      </trkpt>
      <trkpt lat="22.217262" lon="113.204663">
        <ele>9.6</ele>
        <time>2024-04-27T08:18:28Z</time>
      </trkpt>
      <trkpt lat="22.217259" lon="113.20464">
        <ele>9.6</ele>
        <time>2024-04-27T08:18:29Z</time>
      </trkpt>
      <trkpt lat="22.217248" lon="113.204617">
        <ele>9.6</ele>
        <time>2024-04-27T08:18:30Z</time>
      </trkpt>
      <trkpt lat="22.217237" lon="113.204587">
        <ele>9.6</ele>
        <time>2024-04-27T08:18:31Z</time>
      </trkpt>
      <trkpt lat="22.217229" lon="113.204553">
        <ele>9.6</ele>
        <time>2024-04-27T08:18:32Z</time>
      </trkpt>
      <trkpt lat="22.217221" lon="113.204522">
        <ele>9.6</ele>
        <time>2024-04-27T08:18:33Z</time>
      </trkpt>
      <trkpt lat="22.21721" lon="113.204489">
        <ele>9.6</ele>
        <time>2024-04-27T08:18:34Z</time>
      </trkpt>
      <trkpt lat="22.217203" lon="113.20445">
        <ele>9.6</ele>
        <time>2024-04-27T08:18:35Z</time>
      </trkpt>
      <trkpt lat="22.2172" lon="113.204408">
        <ele>9.6</ele>
        <time>2024-04-27T08:18:36Z</time>
      </trkpt>
      <trkpt lat="22.217197" lon="113.204373">
        <ele>9.6</ele>
        <time>2024-04-27T08:18:37Z</time>
      </trkpt>
      <trkpt lat="22.217188" lon="113.204347">
        <ele>9.6</ele>
        <time>2024-04-27T08:18:38Z</time>
      </trkpt>
      <trkpt lat="22.217173" lon="113.204316">
        <ele>9.6</ele>
        <time>2024-04-27T08:18:39Z</time>
      </trkpt>
      <trkpt lat="22.21716" lon="113.204286">
        <ele>9.6</ele>
        <time>2024-04-27T08:18:40Z</time>
      </trkpt>
      <trkpt lat="22.217147" lon="113.204255">
        <ele>9.6</ele>
        <time>2024-04-27T08:18:41Z</time>
      </trkpt>
      <trkpt lat="22.217134" lon="113.204225">
        <ele>9.6</ele>
        <time>2024-04-27T08:18:42Z</time>
      </trkpt>
      <trkpt lat="22.217124" lon="113.204194">
        <ele>9.6</ele>
        <time>2024-04-27T08:18:43Z</time>
      </trkpt>
      <trkpt lat="22.217123" lon="113.204171">
        <ele>9.6</ele>
        <time>2024-04-27T08:18:44Z</time>
      </trkpt>
      <trkpt lat="22.217124" lon="113.204156">
        <ele>9.6</ele>
        <time>2024-04-27T08:18:45Z</time>
      </trkpt>
      <trkpt lat="22.217123" lon="113.204147">
        <ele>9.6</ele>
        <time>2024-04-27T08:18:46Z</time>
      </trkpt>
      <trkpt lat="22.217123" lon="113.204147">
        <ele>9.6</ele>
        <time>2024-04-27T08:18:47Z</time>
      </trkpt>
      <trkpt lat="22.217123" lon="113.204151">
        <ele>9.6</ele>
        <time>2024-04-27T08:18:48Z</time>
      </trkpt>
      <trkpt lat="22.217121" lon="113.204155">
        <ele>9.6</ele>
        <time>2024-04-27T08:18:49Z</time>
      </trkpt>
      <trkpt lat="22.217119" lon="113.204155">
        <ele>9.6</ele>
        <time>2024-04-27T08:18:50Z</time>
      </trkpt>
      <trkpt lat="22.217062" lon="113.204174">
        <ele>9.6</ele>
        <time>2024-04-27T08:18:57Z</time>
      </trkpt>
      <trkpt lat="22.217033" lon="113.204181">
        <ele>9.6</ele>
        <time>2024-04-27T08:18:58Z</time>
      </trkpt>
      <trkpt lat="22.217005" lon="113.204185">
        <ele>9.6</ele>
        <time>2024-04-27T08:18:59Z</time>
      </trkpt>
      <trkpt lat="22.216983" lon="113.204185">
        <ele>9.6</ele>
        <time>2024-04-27T08:19:00Z</time>
      </trkpt>
      <trkpt lat="22.216965" lon="113.204189">
        <ele>9.6</ele>
        <time>2024-04-27T08:19:01Z</time>
      </trkpt>
      <trkpt lat="22.216956" lon="113.204193">
        <ele>9.6</ele>
        <time>2024-04-27T08:19:02Z</time>
      </trkpt>
      <trkpt lat="22.216955" lon="113.204193">
        <ele>9.6</ele>
        <time>2024-04-27T08:19:03Z</time>
      </trkpt>
      <trkpt lat="22.216955" lon="113.204193">
        <ele>9.6</ele>
        <time>2024-04-27T08:19:04Z</time>
      </trkpt>
      <trkpt lat="22.216955" lon="113.204193">
        <ele>9.6</ele>
        <time>2024-04-27T08:19:05Z</time>
      </trkpt>
      <trkpt lat="22.216947" lon="113.204197">
        <ele>9.6</ele>
        <time>2024-04-27T08:19:06Z</time>
      </trkpt>
      <trkpt lat="22.216929" lon="113.204208">
        <ele>9.6</ele>
        <time>2024-04-27T08:19:07Z</time>
      </trkpt>
      <trkpt lat="22.216906" lon="113.204223">
        <ele>9.6</ele>
        <time>2024-04-27T08:19:08Z</time>
      </trkpt>
      <trkpt lat="22.216883" lon="113.204242">
        <ele>9.6</ele>
        <time>2024-04-27T08:19:09Z</time>
      </trkpt>
      <trkpt lat="22.21687" lon="113.204268">
        <ele>9.6</ele>
        <time>2024-04-27T08:19:10Z</time>
      </trkpt>
      <trkpt lat="22.216865" lon="113.204299">
        <ele>9.6</ele>
        <time>2024-04-27T08:19:11Z</time>
      </trkpt>
      <trkpt lat="22.216864" lon="113.204333">
        <ele>9.6</ele>
        <time>2024-04-27T08:19:12Z</time>
      </trkpt>
      <trkpt lat="22.216865" lon="113.204371">
        <ele>9.6</ele>
        <time>2024-04-27T08:19:13Z</time>
      </trkpt>
      <trkpt lat="22.216862" lon="113.204409">
        <ele>9.6</ele>
        <time>2024-04-27T08:19:14Z</time>
      </trkpt>
      <trkpt lat="22.216841" lon="113.20444">
        <ele>9.6</ele>
        <time>2024-04-27T08:19:15Z</time>
      </trkpt>
      <trkpt lat="22.216805" lon="113.20446">
        <ele>9.6</ele>
        <time>2024-04-27T08:19:16Z</time>
      </trkpt>
      <trkpt lat="22.216762" lon="113.204475">
        <ele>9.6</ele>
        <time>2024-04-27T08:19:17Z</time>
      </trkpt>
      <trkpt lat="22.216718" lon="113.204483">
        <ele>9.6</ele>
        <time>2024-04-27T08:19:18Z</time>
      </trkpt>
      <trkpt lat="22.216673" lon="113.204487">
        <ele>9.6</ele>
        <time>2024-04-27T08:19:19Z</time>
      </trkpt>
      <trkpt lat="22.21663" lon="113.204498">
        <ele>9.6</ele>
        <time>2024-04-27T08:19:20Z</time>
      </trkpt>
      <trkpt lat="22.21659" lon="113.204513">
        <ele>9.6</ele>
        <time>2024-04-27T08:19:21Z</time>
      </trkpt>
      <trkpt lat="22.216548" lon="113.204528">
        <ele>9.7</ele>
        <time>2024-04-27T08:19:22Z</time>
      </trkpt>
      <trkpt lat="22.216503" lon="113.20454">
        <ele>9.7</ele>
        <time>2024-04-27T08:19:23Z</time>
      </trkpt>
      <trkpt lat="22.216456" lon="113.204548">
        <ele>9.7</ele>
        <time>2024-04-27T08:19:24Z</time>
      </trkpt>
      <trkpt lat="22.216405" lon="113.204555">
        <ele>9.7</ele>
        <time>2024-04-27T08:19:25Z</time>
      </trkpt>
      <trkpt lat="22.216353" lon="113.204566">
        <ele>9.7</ele>
        <time>2024-04-27T08:19:26Z</time>
      </trkpt>
      <trkpt lat="22.216298" lon="113.204578">
        <ele>9.7</ele>
        <time>2024-04-27T08:19:27Z</time>
      </trkpt>
      <trkpt lat="22.216244" lon="113.204589">
        <ele>9.7</ele>
        <time>2024-04-27T08:19:28Z</time>
      </trkpt>
      <trkpt lat="22.216194" lon="113.204597">
        <ele>9.7</ele>
        <time>2024-04-27T08:19:29Z</time>
      </trkpt>
      <trkpt lat="22.216146" lon="113.204608">
        <ele>9.7</ele>
        <time>2024-04-27T08:19:30Z</time>
      </trkpt>
      <trkpt lat="22.216093" lon="113.204624">
        <ele>9.8</ele>
        <time>2024-04-27T08:19:31Z</time>
      </trkpt>
      <trkpt lat="22.216036" lon="113.204635">
        <ele>9.8</ele>
        <time>2024-04-27T08:19:32Z</time>
      </trkpt>
      <trkpt lat="22.215979" lon="113.20465">
        <ele>9.8</ele>
        <time>2024-04-27T08:19:33Z</time>
      </trkpt>
      <trkpt lat="22.215923" lon="113.204666">
        <ele>9.8</ele>
        <time>2024-04-27T08:19:34Z</time>
      </trkpt>
      <trkpt lat="22.215866" lon="113.204677">
        <ele>9.8</ele>
        <time>2024-04-27T08:19:35Z</time>
      </trkpt>
      <trkpt lat="22.215807" lon="113.204688">
        <ele>9.8</ele>
        <time>2024-04-27T08:19:36Z</time>
      </trkpt>
      <trkpt lat="22.215747" lon="113.204704">
        <ele>9.8</ele>
        <time>2024-04-27T08:19:37Z</time>
      </trkpt>
      <trkpt lat="22.215688" lon="113.204715">
        <ele>9.8</ele>
        <time>2024-04-27T08:19:38Z</time>
      </trkpt>
      <trkpt lat="22.215631" lon="113.204727">
        <ele>9.9</ele>
        <time>2024-04-27T08:19:39Z</time>
      </trkpt>
      <trkpt lat="22.215576" lon="113.204738">
        <ele>9.9</ele>
        <time>2024-04-27T08:19:40Z</time>
      </trkpt>
      <trkpt lat="22.215523" lon="113.204749">
        <ele>9.9</ele>
        <time>2024-04-27T08:19:41Z</time>
      </trkpt>
      <trkpt lat="22.215469" lon="113.204765">
        <ele>9.9</ele>
        <time>2024-04-27T08:19:42Z</time>
      </trkpt>
      <trkpt lat="22.215414" lon="113.20478">
        <ele>9.9</ele>
        <time>2024-04-27T08:19:43Z</time>
      </trkpt>
      <trkpt lat="22.215356" lon="113.204795">
        <ele>9.9</ele>
        <time>2024-04-27T08:19:44Z</time>
      </trkpt>
      <trkpt lat="22.2153" lon="113.204807">
        <ele>9.9</ele>
        <time>2024-04-27T08:19:45Z</time>
      </trkpt>
      <trkpt lat="22.215244" lon="113.204818">
        <ele>9.9</ele>
        <time>2024-04-27T08:19:46Z</time>
      </trkpt>
      <trkpt lat="22.215189" lon="113.20483">
        <ele>10</ele>
        <time>2024-04-27T08:19:47Z</time>
      </trkpt>
      <trkpt lat="22.215135" lon="113.204841">
        <ele>10</ele>
        <time>2024-04-27T08:19:48Z</time>
      </trkpt>
      <trkpt lat="22.215081" lon="113.204853">
        <ele>10</ele>
        <time>2024-04-27T08:19:49Z</time>
      </trkpt>
      <trkpt lat="22.215027" lon="113.204864">
        <ele>10.1</ele>
        <time>2024-04-27T08:19:50Z</time>
      </trkpt>
      <trkpt lat="22.214974" lon="113.204879">
        <ele>10.1</ele>
        <time>2024-04-27T08:19:51Z</time>
      </trkpt>
      <trkpt lat="22.214921" lon="113.204891">
        <ele>10.2</ele>
        <time>2024-04-27T08:19:52Z</time>
      </trkpt>
      <trkpt lat="22.214869" lon="113.204902">
        <ele>10.2</ele>
        <time>2024-04-27T08:19:53Z</time>
      </trkpt>
      <trkpt lat="22.214815" lon="113.204917">
        <ele>10.2</ele>
        <time>2024-04-27T08:19:54Z</time>
      </trkpt>
      <trkpt lat="22.214761" lon="113.204933">
        <ele>10.3</ele>
        <time>2024-04-27T08:19:55Z</time>
      </trkpt>
      <trkpt lat="22.214707" lon="113.204948">
        <ele>10.3</ele>
        <time>2024-04-27T08:19:56Z</time>
      </trkpt>
      <trkpt lat="22.214651" lon="113.204963">
        <ele>10.4</ele>
        <time>2024-04-27T08:19:57Z</time>
      </trkpt>
      <trkpt lat="22.214595" lon="113.204978">
        <ele>10.4</ele>
        <time>2024-04-27T08:19:58Z</time>
      </trkpt>
      <trkpt lat="22.214542" lon="113.204994">
        <ele>10.5</ele>
        <time>2024-04-27T08:19:59Z</time>
      </trkpt>
      <trkpt lat="22.214493" lon="113.205009">
        <ele>10.5</ele>
        <time>2024-04-27T08:20:00Z</time>
      </trkpt>
      <trkpt lat="22.214442" lon="113.205024">
        <ele>10.5</ele>
        <time>2024-04-27T08:20:01Z</time>
      </trkpt>
      <trkpt lat="22.21439" lon="113.205036">
        <ele>10.6</ele>
        <time>2024-04-27T08:20:02Z</time>
      </trkpt>
      <trkpt lat="22.214334" lon="113.205047">
        <ele>10.6</ele>
        <time>2024-04-27T08:20:03Z</time>
      </trkpt>
      <trkpt lat="22.214279" lon="113.205062">
        <ele>10.7</ele>
        <time>2024-04-27T08:20:04Z</time>
      </trkpt>
      <trkpt lat="22.214225" lon="113.205074">
        <ele>10.7</ele>
        <time>2024-04-27T08:20:05Z</time>
      </trkpt>
      <trkpt lat="22.214171" lon="113.205085">
        <ele>10.8</ele>
        <time>2024-04-27T08:20:06Z</time>
      </trkpt>
      <trkpt lat="22.214118" lon="113.2051">
        <ele>10.8</ele>
        <time>2024-04-27T08:20:07Z</time>
      </trkpt>
      <trkpt lat="22.214067" lon="113.205116">
        <ele>10.8</ele>
        <time>2024-04-27T08:20:08Z</time>
      </trkpt>
      <trkpt lat="22.214014" lon="113.205131">
        <ele>10.9</ele>
        <time>2024-04-27T08:20:09Z</time>
      </trkpt>
      <trkpt lat="22.213962" lon="113.205146">
        <ele>10.9</ele>
        <time>2024-04-27T08:20:10Z</time>
      </trkpt>
      <trkpt lat="22.21391" lon="113.205158">
        <ele>11</ele>
        <time>2024-04-27T08:20:11Z</time>
      </trkpt>
      <trkpt lat="22.213858" lon="113.205169">
        <ele>11</ele>
        <time>2024-04-27T08:20:12Z</time>
      </trkpt>
      <trkpt lat="22.213804" lon="113.205184">
        <ele>11</ele>
        <time>2024-04-27T08:20:13Z</time>
      </trkpt>
      <trkpt lat="22.21375" lon="113.205196">
        <ele>11.1</ele>
        <time>2024-04-27T08:20:14Z</time>
      </trkpt>
      <trkpt lat="22.213699" lon="113.205204">
        <ele>11.1</ele>
        <time>2024-04-27T08:20:15Z</time>
      </trkpt>
      <trkpt lat="22.213646" lon="113.205215">
        <ele>11.2</ele>
        <time>2024-04-27T08:20:16Z</time>
      </trkpt>
      <trkpt lat="22.213592" lon="113.20523">
        <ele>11.2</ele>
        <time>2024-04-27T08:20:17Z</time>
      </trkpt>
      <trkpt lat="22.213538" lon="113.205245">
        <ele>11.3</ele>
        <time>2024-04-27T08:20:18Z</time>
      </trkpt>
      <trkpt lat="22.213484" lon="113.205257">
        <ele>11.3</ele>
        <time>2024-04-27T08:20:19Z</time>
      </trkpt>
      <trkpt lat="22.213431" lon="113.205268">
        <ele>11.3</ele>
        <time>2024-04-27T08:20:20Z</time>
      </trkpt>
      <trkpt lat="22.213378" lon="113.20528">
        <ele>11.4</ele>
        <time>2024-04-27T08:20:21Z</time>
      </trkpt>
      <trkpt lat="22.213323" lon="113.205291">
        <ele>11.5</ele>
        <time>2024-04-27T08:20:22Z</time>
      </trkpt>
      <trkpt lat="22.213272" lon="113.205306">
        <ele>11.5</ele>
        <time>2024-04-27T08:20:23Z</time>
      </trkpt>
      <trkpt lat="22.21322" lon="113.205322">
        <ele>11.6</ele>
        <time>2024-04-27T08:20:24Z</time>
      </trkpt>
      <trkpt lat="22.213167" lon="113.205333">
        <ele>11.6</ele>
        <time>2024-04-27T08:20:25Z</time>
      </trkpt>
      <trkpt lat="22.213114" lon="113.205345">
        <ele>11.7</ele>
        <time>2024-04-27T08:20:26Z</time>
      </trkpt>
      <trkpt lat="22.213061" lon="113.205356">
        <ele>11.8</ele>
        <time>2024-04-27T08:20:27Z</time>
      </trkpt>
      <trkpt lat="22.213011" lon="113.205367">
        <ele>11.8</ele>
        <time>2024-04-27T08:20:28Z</time>
      </trkpt>
      <trkpt lat="22.212961" lon="113.205379">
        <ele>11.9</ele>
        <time>2024-04-27T08:20:29Z</time>
      </trkpt>
      <trkpt lat="22.212913" lon="113.20539">
        <ele>11.9</ele>
        <time>2024-04-27T08:20:30Z</time>
      </trkpt>
      <trkpt lat="22.212864" lon="113.205406">
        <ele>12</ele>
        <time>2024-04-27T08:20:31Z</time>
      </trkpt>
      <trkpt lat="22.212814" lon="113.205421">
        <ele>12</ele>
        <time>2024-04-27T08:20:32Z</time>
      </trkpt>
      <trkpt lat="22.212765" lon="113.205433">
        <ele>12.1</ele>
        <time>2024-04-27T08:20:33Z</time>
      </trkpt>
      <trkpt lat="22.212716" lon="113.20544">
        <ele>12.2</ele>
        <time>2024-04-27T08:20:34Z</time>
      </trkpt>
      <trkpt lat="22.212668" lon="113.205451">
        <ele>12.2</ele>
        <time>2024-04-27T08:20:35Z</time>
      </trkpt>
      <trkpt lat="22.212619" lon="113.205467">
        <ele>12.3</ele>
        <time>2024-04-27T08:20:36Z</time>
      </trkpt>
      <trkpt lat="22.21257" lon="113.205482">
        <ele>12.3</ele>
        <time>2024-04-27T08:20:37Z</time>
      </trkpt>
      <trkpt lat="22.212523" lon="113.205494">
        <ele>12.4</ele>
        <time>2024-04-27T08:20:38Z</time>
      </trkpt>
      <trkpt lat="22.212476" lon="113.205505">
        <ele>12.4</ele>
        <time>2024-04-27T08:20:39Z</time>
      </trkpt>
      <trkpt lat="22.212428" lon="113.205517">
        <ele>12.5</ele>
        <time>2024-04-27T08:20:40Z</time>
      </trkpt>
      <trkpt lat="22.212381" lon="113.205528">
        <ele>12.5</ele>
        <time>2024-04-27T08:20:41Z</time>
      </trkpt>
      <trkpt lat="22.212332" lon="113.205543">
        <ele>12.6</ele>
        <time>2024-04-27T08:20:42Z</time>
      </trkpt>
      <trkpt lat="22.212283" lon="113.205555">
        <ele>12.7</ele>
        <time>2024-04-27T08:20:43Z</time>
      </trkpt>
      <trkpt lat="22.212237" lon="113.205566">
        <ele>12.7</ele>
        <time>2024-04-27T08:20:44Z</time>
      </trkpt>
      <trkpt lat="22.212191" lon="113.205581">
        <ele>12.8</ele>
        <time>2024-04-27T08:20:45Z</time>
      </trkpt>
      <trkpt lat="22.212146" lon="113.205596">
        <ele>12.8</ele>
        <time>2024-04-27T08:20:46Z</time>
      </trkpt>
      <trkpt lat="22.212103" lon="113.205608">
        <ele>12.9</ele>
        <time>2024-04-27T08:20:47Z</time>
      </trkpt>
      <trkpt lat="22.212058" lon="113.205616">
        <ele>12.9</ele>
        <time>2024-04-27T08:20:48Z</time>
      </trkpt>
      <trkpt lat="22.21201" lon="113.205623">
        <ele>13</ele>
        <time>2024-04-27T08:20:49Z</time>
      </trkpt>
      <trkpt lat="22.211964" lon="113.205631">
        <ele>13</ele>
        <time>2024-04-27T08:20:50Z</time>
      </trkpt>
      <trkpt lat="22.211919" lon="113.205642">
        <ele>13.1</ele>
        <time>2024-04-27T08:20:51Z</time>
      </trkpt>
      <trkpt lat="22.211877" lon="113.205654">
        <ele>13.1</ele>
        <time>2024-04-27T08:20:52Z</time>
      </trkpt>
      <trkpt lat="22.211836" lon="113.205665">
        <ele>13.2</ele>
        <time>2024-04-27T08:20:53Z</time>
      </trkpt>
      <trkpt lat="22.211792" lon="113.20568">
        <ele>13.2</ele>
        <time>2024-04-27T08:20:54Z</time>
      </trkpt>
      <trkpt lat="22.211747" lon="113.205696">
        <ele>13.3</ele>
        <time>2024-04-27T08:20:55Z</time>
      </trkpt>
      <trkpt lat="22.211703" lon="113.205707">
        <ele>13.3</ele>
        <time>2024-04-27T08:20:56Z</time>
      </trkpt>
      <trkpt lat="22.21166" lon="113.205711">
        <ele>13.4</ele>
        <time>2024-04-27T08:20:57Z</time>
      </trkpt>
      <trkpt lat="22.211617" lon="113.205718">
        <ele>13.4</ele>
        <time>2024-04-27T08:20:58Z</time>
      </trkpt>
      <trkpt lat="22.211575" lon="113.20573">
        <ele>13.4</ele>
        <time>2024-04-27T08:20:59Z</time>
      </trkpt>
      <trkpt lat="22.211534" lon="113.205738">
        <ele>13.5</ele>
        <time>2024-04-27T08:21:00Z</time>
      </trkpt>
      <trkpt lat="22.211491" lon="113.205749">
        <ele>13.5</ele>
        <time>2024-04-27T08:21:01Z</time>
      </trkpt>
      <trkpt lat="22.211447" lon="113.205757">
        <ele>13.6</ele>
        <time>2024-04-27T08:21:02Z</time>
      </trkpt>
      <trkpt lat="22.211408" lon="113.205761">
        <ele>13.6</ele>
        <time>2024-04-27T08:21:03Z</time>
      </trkpt>
      <trkpt lat="22.211368" lon="113.205772">
        <ele>13.6</ele>
        <time>2024-04-27T08:21:04Z</time>
      </trkpt>
      <trkpt lat="22.211328" lon="113.205783">
        <ele>13.7</ele>
        <time>2024-04-27T08:21:05Z</time>
      </trkpt>
      <trkpt lat="22.211287" lon="113.205795">
        <ele>13.7</ele>
        <time>2024-04-27T08:21:06Z</time>
      </trkpt>
      <trkpt lat="22.211242" lon="113.205806">
        <ele>13.7</ele>
        <time>2024-04-27T08:21:07Z</time>
      </trkpt>
      <trkpt lat="22.211196" lon="113.205818">
        <ele>13.8</ele>
        <time>2024-04-27T08:21:08Z</time>
      </trkpt>
      <trkpt lat="22.211153" lon="113.205829">
        <ele>13.8</ele>
        <time>2024-04-27T08:21:09Z</time>
      </trkpt>
      <trkpt lat="22.21111" lon="113.205841">
        <ele>13.9</ele>
        <time>2024-04-27T08:21:10Z</time>
      </trkpt>
      <trkpt lat="22.211065" lon="113.205852">
        <ele>13.9</ele>
        <time>2024-04-27T08:21:11Z</time>
      </trkpt>
      <trkpt lat="22.21102" lon="113.205863">
        <ele>13.9</ele>
        <time>2024-04-27T08:21:12Z</time>
      </trkpt>
      <trkpt lat="22.210977" lon="113.205875">
        <ele>14</ele>
        <time>2024-04-27T08:21:13Z</time>
      </trkpt>
      <trkpt lat="22.210935" lon="113.205883">
        <ele>14</ele>
        <time>2024-04-27T08:21:14Z</time>
      </trkpt>
      <trkpt lat="22.210894" lon="113.20589">
        <ele>14</ele>
        <time>2024-04-27T08:21:15Z</time>
      </trkpt>
      <trkpt lat="22.210852" lon="113.205894">
        <ele>14.1</ele>
        <time>2024-04-27T08:21:16Z</time>
      </trkpt>
      <trkpt lat="22.210812" lon="113.205898">
        <ele>14.1</ele>
        <time>2024-04-27T08:21:17Z</time>
      </trkpt>
      <trkpt lat="22.210773" lon="113.205909">
        <ele>14.1</ele>
        <time>2024-04-27T08:21:18Z</time>
      </trkpt>
      <trkpt lat="22.210737" lon="113.205921">
        <ele>14.2</ele>
        <time>2024-04-27T08:21:19Z</time>
      </trkpt>
      <trkpt lat="22.210703" lon="113.205928">
        <ele>14.2</ele>
        <time>2024-04-27T08:21:20Z</time>
      </trkpt>
      <trkpt lat="22.21067" lon="113.20594">
        <ele>14.2</ele>
        <time>2024-04-27T08:21:21Z</time>
      </trkpt>
      <trkpt lat="22.210633" lon="113.205948">
        <ele>14.3</ele>
        <time>2024-04-27T08:21:22Z</time>
      </trkpt>
      <trkpt lat="22.210592" lon="113.205951">
        <ele>14.3</ele>
        <time>2024-04-27T08:21:23Z</time>
      </trkpt>
      <trkpt lat="22.210549" lon="113.205959">
        <ele>14.3</ele>
        <time>2024-04-27T08:21:24Z</time>
      </trkpt>
      <trkpt lat="22.210505" lon="113.20597">
        <ele>14.4</ele>
        <time>2024-04-27T08:21:25Z</time>
      </trkpt>
      <trkpt lat="22.21046" lon="113.205982">
        <ele>14.4</ele>
        <time>2024-04-27T08:21:26Z</time>
      </trkpt>
      <trkpt lat="22.210417" lon="113.20599">
        <ele>14.5</ele>
        <time>2024-04-27T08:21:27Z</time>
      </trkpt>
      <trkpt lat="22.210375" lon="113.206001">
        <ele>14.5</ele>
        <time>2024-04-27T08:21:28Z</time>
      </trkpt>
      <trkpt lat="22.210334" lon="113.206012">
        <ele>14.5</ele>
        <time>2024-04-27T08:21:29Z</time>
      </trkpt>
      <trkpt lat="22.210295" lon="113.206024">
        <ele>14.6</ele>
        <time>2024-04-27T08:21:30Z</time>
      </trkpt>
      <trkpt lat="22.210254" lon="113.206035">
        <ele>14.6</ele>
        <time>2024-04-27T08:21:31Z</time>
      </trkpt>
      <trkpt lat="22.21021" lon="113.206046">
        <ele>14.6</ele>
        <time>2024-04-27T08:21:32Z</time>
      </trkpt>
      <trkpt lat="22.210168" lon="113.206062">
        <ele>14.7</ele>
        <time>2024-04-27T08:21:33Z</time>
      </trkpt>
      <trkpt lat="22.210127" lon="113.206081">
        <ele>14.7</ele>
        <time>2024-04-27T08:21:34Z</time>
      </trkpt>
      <trkpt lat="22.210088" lon="113.2061">
        <ele>14.8</ele>
        <time>2024-04-27T08:21:35Z</time>
      </trkpt>
      <trkpt lat="22.210051" lon="113.206108">
        <ele>14.8</ele>
        <time>2024-04-27T08:21:36Z</time>
      </trkpt>
      <trkpt lat="22.210008" lon="113.206112">
        <ele>14.8</ele>
        <time>2024-04-27T08:21:37Z</time>
      </trkpt>
      <trkpt lat="22.209961" lon="113.206119">
        <ele>14.9</ele>
        <time>2024-04-27T08:21:38Z</time>
      </trkpt>
      <trkpt lat="22.209915" lon="113.20613">
        <ele>14.9</ele>
        <time>2024-04-27T08:21:39Z</time>
      </trkpt>
      <trkpt lat="22.20987" lon="113.206146">
        <ele>15</ele>
        <time>2024-04-27T08:21:40Z</time>
      </trkpt>
      <trkpt lat="22.209824" lon="113.206157">
        <ele>15</ele>
        <time>2024-04-27T08:21:41Z</time>
      </trkpt>
      <trkpt lat="22.209781" lon="113.206165">
        <ele>15.1</ele>
        <time>2024-04-27T08:21:42Z</time>
      </trkpt>
      <trkpt lat="22.209738" lon="113.206172">
        <ele>15.2</ele>
        <time>2024-04-27T08:21:43Z</time>
      </trkpt>
      <trkpt lat="22.209693" lon="113.20618">
        <ele>15.2</ele>
        <time>2024-04-27T08:21:44Z</time>
      </trkpt>
      <trkpt lat="22.20965" lon="113.206188">
        <ele>15.3</ele>
        <time>2024-04-27T08:21:45Z</time>
      </trkpt>
      <trkpt lat="22.209607" lon="113.206196">
        <ele>15.3</ele>
        <time>2024-04-27T08:21:46Z</time>
      </trkpt>
      <trkpt lat="22.209562" lon="113.206207">
        <ele>15.4</ele>
        <time>2024-04-27T08:21:47Z</time>
      </trkpt>
      <trkpt lat="22.209518" lon="113.206222">
        <ele>15.5</ele>
        <time>2024-04-27T08:21:48Z</time>
      </trkpt>
      <trkpt lat="22.209475" lon="113.206234">
        <ele>15.5</ele>
        <time>2024-04-27T08:21:49Z</time>
      </trkpt>
      <trkpt lat="22.209431" lon="113.206245">
        <ele>15.6</ele>
        <time>2024-04-27T08:21:50Z</time>
      </trkpt>
      <trkpt lat="22.209385" lon="113.20626">
        <ele>15.7</ele>
        <time>2024-04-27T08:21:51Z</time>
      </trkpt>
      <trkpt lat="22.209339" lon="113.206272">
        <ele>15.7</ele>
        <time>2024-04-27T08:21:52Z</time>
      </trkpt>
      <trkpt lat="22.209293" lon="113.206283">
        <ele>15.8</ele>
        <time>2024-04-27T08:21:53Z</time>
      </trkpt>
      <trkpt lat="22.209244" lon="113.206295">
        <ele>15.9</ele>
        <time>2024-04-27T08:21:54Z</time>
      </trkpt>
      <trkpt lat="22.209195" lon="113.206306">
        <ele>15.9</ele>
        <time>2024-04-27T08:21:55Z</time>
      </trkpt>
      <trkpt lat="22.209149" lon="113.206318">
        <ele>16</ele>
        <time>2024-04-27T08:21:56Z</time>
      </trkpt>
      <trkpt lat="22.209103" lon="113.206325">
        <ele>16.1</ele>
        <time>2024-04-27T08:21:57Z</time>
      </trkpt>
      <trkpt lat="22.209058" lon="113.206336">
        <ele>16.1</ele>
        <time>2024-04-27T08:21:58Z</time>
      </trkpt>
      <trkpt lat="22.209017" lon="113.206351">
        <ele>16.2</ele>
        <time>2024-04-27T08:21:59Z</time>
      </trkpt>
      <trkpt lat="22.208976" lon="113.206363">
        <ele>16.2</ele>
        <time>2024-04-27T08:22:00Z</time>
      </trkpt>
      <trkpt lat="22.208934" lon="113.206367">
        <ele>16.3</ele>
        <time>2024-04-27T08:22:01Z</time>
      </trkpt>
      <trkpt lat="22.208897" lon="113.206371">
        <ele>16.3</ele>
        <time>2024-04-27T08:22:02Z</time>
      </trkpt>
      <trkpt lat="22.208865" lon="113.206378">
        <ele>16.4</ele>
        <time>2024-04-27T08:22:03Z</time>
      </trkpt>
      <trkpt lat="22.208836" lon="113.206386">
        <ele>16.4</ele>
        <time>2024-04-27T08:22:04Z</time>
      </trkpt>
      <trkpt lat="22.208802" lon="113.206397">
        <ele>16.5</ele>
        <time>2024-04-27T08:22:05Z</time>
      </trkpt>
      <trkpt lat="22.208768" lon="113.206409">
        <ele>16.5</ele>
        <time>2024-04-27T08:22:06Z</time>
      </trkpt>
      <trkpt lat="22.208747" lon="113.20642">
        <ele>16.6</ele>
        <time>2024-04-27T08:22:07Z</time>
      </trkpt>
      <trkpt lat="22.208724" lon="113.206442">
        <ele>16.6</ele>
        <time>2024-04-27T08:22:08Z</time>
      </trkpt>
      <trkpt lat="22.208687" lon="113.206459">
        <ele>16.7</ele>
        <time>2024-04-27T08:22:09Z</time>
      </trkpt>
      <trkpt lat="22.208653" lon="113.206455">
        <ele>16.7</ele>
        <time>2024-04-27T08:22:10Z</time>
      </trkpt>
      <trkpt lat="22.208618" lon="113.206444">
        <ele>16.8</ele>
        <time>2024-04-27T08:22:11Z</time>
      </trkpt>
      <trkpt lat="22.208587" lon="113.206426">
        <ele>16.8</ele>
        <time>2024-04-27T08:22:12Z</time>
      </trkpt>
      <trkpt lat="22.208558" lon="113.206403">
        <ele>16.9</ele>
        <time>2024-04-27T08:22:13Z</time>
      </trkpt>
      <trkpt lat="22.208533" lon="113.20638">
        <ele>16.9</ele>
        <time>2024-04-27T08:22:14Z</time>
      </trkpt>
      <trkpt lat="22.208508" lon="113.206357">
        <ele>17</ele>
        <time>2024-04-27T08:22:15Z</time>
      </trkpt>
      <trkpt lat="22.208481" lon="113.206331">
        <ele>17</ele>
        <time>2024-04-27T08:22:16Z</time>
      </trkpt>
      <trkpt lat="22.208456" lon="113.206304">
        <ele>17.1</ele>
        <time>2024-04-27T08:22:17Z</time>
      </trkpt>
      <trkpt lat="22.20843" lon="113.206281">
        <ele>17.1</ele>
        <time>2024-04-27T08:22:18Z</time>
      </trkpt>
      <trkpt lat="22.2084" lon="113.206258">
        <ele>17.1</ele>
        <time>2024-04-27T08:22:19Z</time>
      </trkpt>
      <trkpt lat="22.20837" lon="113.206235">
        <ele>17.2</ele>
        <time>2024-04-27T08:22:20Z</time>
      </trkpt>
      <trkpt lat="22.208339" lon="113.206212">
        <ele>17.3</ele>
        <time>2024-04-27T08:22:21Z</time>
      </trkpt>
      <trkpt lat="22.208308" lon="113.206186">
        <ele>17.3</ele>
        <time>2024-04-27T08:22:22Z</time>
      </trkpt>
      <trkpt lat="22.208279" lon="113.206159">
        <ele>17.4</ele>
        <time>2024-04-27T08:22:23Z</time>
      </trkpt>
      <trkpt lat="22.208251" lon="113.206132">
        <ele>17.4</ele>
        <time>2024-04-27T08:22:24Z</time>
      </trkpt>
      <trkpt lat="22.208224" lon="113.206102">
        <ele>17.5</ele>
        <time>2024-04-27T08:22:25Z</time>
      </trkpt>
      <trkpt lat="22.208195" lon="113.206075">
        <ele>17.6</ele>
        <time>2024-04-27T08:22:26Z</time>
      </trkpt>
      <trkpt lat="22.208166" lon="113.206048">
        <ele>17.7</ele>
        <time>2024-04-27T08:22:27Z</time>
      </trkpt>
      <trkpt lat="22.208138" lon="113.206021">
        <ele>17.7</ele>
        <time>2024-04-27T08:22:28Z</time>
      </trkpt>
      <trkpt lat="22.208108" lon="113.205992">
        <ele>17.8</ele>
        <time>2024-04-27T08:22:29Z</time>
      </trkpt>
      <trkpt lat="22.208078" lon="113.205957">
        <ele>17.9</ele>
        <time>2024-04-27T08:22:30Z</time>
      </trkpt>
      <trkpt lat="22.208046" lon="113.20593">
        <ele>18</ele>
        <time>2024-04-27T08:22:31Z</time>
      </trkpt>
      <trkpt lat="22.208015" lon="113.205903">
        <ele>18.1</ele>
        <time>2024-04-27T08:22:32Z</time>
      </trkpt>
      <trkpt lat="22.207984" lon="113.205876">
        <ele>18.2</ele>
        <time>2024-04-27T08:22:33Z</time>
      </trkpt>
      <trkpt lat="22.207954" lon="113.20585">
        <ele>18.2</ele>
        <time>2024-04-27T08:22:34Z</time>
      </trkpt>
      <trkpt lat="22.207922" lon="113.205819">
        <ele>18.3</ele>
        <time>2024-04-27T08:22:35Z</time>
      </trkpt>
      <trkpt lat="22.20789" lon="113.205789">
        <ele>18.4</ele>
        <time>2024-04-27T08:22:36Z</time>
      </trkpt>
      <trkpt lat="22.20786" lon="113.205755">
        <ele>18.5</ele>
        <time>2024-04-27T08:22:37Z</time>
      </trkpt>
      <trkpt lat="22.207832" lon="113.205724">
        <ele>18.6</ele>
        <time>2024-04-27T08:22:38Z</time>
      </trkpt>
      <trkpt lat="22.207802" lon="113.205697">
        <ele>18.7</ele>
        <time>2024-04-27T08:22:39Z</time>
      </trkpt>
      <trkpt lat="22.207773" lon="113.205667">
        <ele>18.7</ele>
        <time>2024-04-27T08:22:40Z</time>
      </trkpt>
      <trkpt lat="22.207744" lon="113.205636">
        <ele>18.8</ele>
        <time>2024-04-27T08:22:41Z</time>
      </trkpt>
      <trkpt lat="22.207714" lon="113.205606">
        <ele>18.9</ele>
        <time>2024-04-27T08:22:42Z</time>
      </trkpt>
      <trkpt lat="22.207686" lon="113.205579">
        <ele>19</ele>
        <time>2024-04-27T08:22:43Z</time>
      </trkpt>
      <trkpt lat="22.207657" lon="113.205552">
        <ele>19.1</ele>
        <time>2024-04-27T08:22:44Z</time>
      </trkpt>
      <trkpt lat="22.207628" lon="113.205525">
        <ele>19.2</ele>
        <time>2024-04-27T08:22:45Z</time>
      </trkpt>
      <trkpt lat="22.207599" lon="113.205499">
        <ele>19.2</ele>
        <time>2024-04-27T08:22:46Z</time>
      </trkpt>
      <trkpt lat="22.207568" lon="113.205468">
        <ele>19.3</ele>
        <time>2024-04-27T08:22:47Z</time>
      </trkpt>
      <trkpt lat="22.207536" lon="113.205438">
        <ele>19.4</ele>
        <time>2024-04-27T08:22:48Z</time>
      </trkpt>
      <trkpt lat="22.207504" lon="113.205411">
        <ele>19.5</ele>
        <time>2024-04-27T08:22:49Z</time>
      </trkpt>
      <trkpt lat="22.207476" lon="113.205381">
        <ele>19.6</ele>
        <time>2024-04-27T08:22:50Z</time>
      </trkpt>
      <trkpt lat="22.207445" lon="113.205346">
        <ele>19.7</ele>
        <time>2024-04-27T08:22:51Z</time>
      </trkpt>
      <trkpt lat="22.207415" lon="113.205316">
        <ele>19.8</ele>
        <time>2024-04-27T08:22:52Z</time>
      </trkpt>
      <trkpt lat="22.207386" lon="113.205285">
        <ele>19.8</ele>
        <time>2024-04-27T08:22:53Z</time>
      </trkpt>
      <trkpt lat="22.207359" lon="113.205258">
        <ele>19.9</ele>
        <time>2024-04-27T08:22:54Z</time>
      </trkpt>
      <trkpt lat="22.207329" lon="113.205232">
        <ele>20</ele>
        <time>2024-04-27T08:22:55Z</time>
      </trkpt>
      <trkpt lat="22.207295" lon="113.205205">
        <ele>20.1</ele>
        <time>2024-04-27T08:22:56Z</time>
      </trkpt>
      <trkpt lat="22.207261" lon="113.205179">
        <ele>20.2</ele>
        <time>2024-04-27T08:22:57Z</time>
      </trkpt>
      <trkpt lat="22.20723" lon="113.205152">
        <ele>20.2</ele>
        <time>2024-04-27T08:22:58Z</time>
      </trkpt>
      <trkpt lat="22.207202" lon="113.205125">
        <ele>20.3</ele>
        <time>2024-04-27T08:22:59Z</time>
      </trkpt>
      <trkpt lat="22.207177" lon="113.205095">
        <ele>20.4</ele>
        <time>2024-04-27T08:23:00Z</time>
      </trkpt>
      <trkpt lat="22.207153" lon="113.20506">
        <ele>20.5</ele>
        <time>2024-04-27T08:23:01Z</time>
      </trkpt>
      <trkpt lat="22.207128" lon="113.205026">
        <ele>20.6</ele>
        <time>2024-04-27T08:23:02Z</time>
      </trkpt>
      <trkpt lat="22.207102" lon="113.204992">
        <ele>20.7</ele>
        <time>2024-04-27T08:23:03Z</time>
      </trkpt>
      <trkpt lat="22.207078" lon="113.204957">
        <ele>20.7</ele>
        <time>2024-04-27T08:23:04Z</time>
      </trkpt>
      <trkpt lat="22.207057" lon="113.204923">
        <ele>20.8</ele>
        <time>2024-04-27T08:23:05Z</time>
      </trkpt>
      <trkpt lat="22.20704" lon="113.204885">
        <ele>20.9</ele>
        <time>2024-04-27T08:23:06Z</time>
      </trkpt>
      <trkpt lat="22.207022" lon="113.204847">
        <ele>21</ele>
        <time>2024-04-27T08:23:07Z</time>
      </trkpt>
      <trkpt lat="22.207002" lon="113.204812">
        <ele>21.1</ele>
        <time>2024-04-27T08:23:08Z</time>
      </trkpt>
      <trkpt lat="22.206985" lon="113.204779">
        <ele>21.1</ele>
        <time>2024-04-27T08:23:09Z</time>
      </trkpt>
      <trkpt lat="22.206969" lon="113.204741">
        <ele>21.1</ele>
        <time>2024-04-27T08:23:10Z</time>
      </trkpt>
      <trkpt lat="22.206956" lon="113.204699">
        <ele>21.1</ele>
        <time>2024-04-27T08:23:11Z</time>
      </trkpt>
      <trkpt lat="22.206941" lon="113.204656">
        <ele>21.2</ele>
        <time>2024-04-27T08:23:12Z</time>
      </trkpt>
      <trkpt lat="22.206926" lon="113.204615">
        <ele>21.2</ele>
        <time>2024-04-27T08:23:13Z</time>
      </trkpt>
      <trkpt lat="22.20691" lon="113.204576">
        <ele>21.2</ele>
        <time>2024-04-27T08:23:14Z</time>
      </trkpt>
      <trkpt lat="22.206894" lon="113.204542">
        <ele>21.2</ele>
        <time>2024-04-27T08:23:15Z</time>
      </trkpt>
      <trkpt lat="22.206883" lon="113.204504">
        <ele>21.2</ele>
        <time>2024-04-27T08:23:16Z</time>
      </trkpt>
      <trkpt lat="22.206873" lon="113.204469">
        <ele>21.2</ele>
        <time>2024-04-27T08:23:17Z</time>
      </trkpt>
      <trkpt lat="22.20686" lon="113.204439">
        <ele>21.2</ele>
        <time>2024-04-27T08:23:18Z</time>
      </trkpt>
      <trkpt lat="22.206844" lon="113.204408">
        <ele>21.2</ele>
        <time>2024-04-27T08:23:19Z</time>
      </trkpt>
      <trkpt lat="22.206828" lon="113.204374">
        <ele>21.2</ele>
        <time>2024-04-27T08:23:20Z</time>
      </trkpt>
      <trkpt lat="22.206814" lon="113.204339">
        <ele>21.2</ele>
        <time>2024-04-27T08:23:21Z</time>
      </trkpt>
      <trkpt lat="22.206803" lon="113.204312">
        <ele>21.2</ele>
        <time>2024-04-27T08:23:22Z</time>
      </trkpt>
      <trkpt lat="22.20679" lon="113.204289">
        <ele>21.2</ele>
        <time>2024-04-27T08:23:23Z</time>
      </trkpt>
      <trkpt lat="22.20678" lon="113.204256">
        <ele>21.2</ele>
        <time>2024-04-27T08:23:24Z</time>
      </trkpt>
      <trkpt lat="22.206772" lon="113.204214">
        <ele>21.2</ele>
        <time>2024-04-27T08:23:25Z</time>
      </trkpt>
      <trkpt lat="22.206763" lon="113.204179">
        <ele>21.2</ele>
        <time>2024-04-27T08:23:26Z</time>
      </trkpt>
      <trkpt lat="22.206749" lon="113.204148">
        <ele>21.2</ele>
        <time>2024-04-27T08:23:27Z</time>
      </trkpt>
      <trkpt lat="22.206733" lon="113.204118">
        <ele>21.2</ele>
        <time>2024-04-27T08:23:28Z</time>
      </trkpt>
      <trkpt lat="22.206712" lon="113.204088">
        <ele>21.2</ele>
        <time>2024-04-27T08:23:29Z</time>
      </trkpt>
      <trkpt lat="22.206688" lon="113.204061">
        <ele>21.2</ele>
        <time>2024-04-27T08:23:30Z</time>
      </trkpt>
      <trkpt lat="22.206661" lon="113.204045">
        <ele>21.2</ele>
        <time>2024-04-27T08:23:31Z</time>
      </trkpt>
      <trkpt lat="22.206627" lon="113.204037">
        <ele>21.2</ele>
        <time>2024-04-27T08:23:32Z</time>
      </trkpt>
      <trkpt lat="22.206591" lon="113.204033">
        <ele>21.2</ele>
        <time>2024-04-27T08:23:33Z</time>
      </trkpt>
      <trkpt lat="22.206557" lon="113.204029">
        <ele>21.2</ele>
        <time>2024-04-27T08:23:34Z</time>
      </trkpt>
      <trkpt lat="22.206527" lon="113.204022">
        <ele>21.2</ele>
        <time>2024-04-27T08:23:35Z</time>
      </trkpt>
      <trkpt lat="22.206493" lon="113.204014">
        <ele>21.2</ele>
        <time>2024-04-27T08:23:36Z</time>
      </trkpt>
      <trkpt lat="22.20646" lon="113.204007">
        <ele>21.2</ele>
        <time>2024-04-27T08:23:37Z</time>
      </trkpt>
      <trkpt lat="22.206427" lon="113.204002">
        <ele>21.2</ele>
        <time>2024-04-27T08:23:38Z</time>
      </trkpt>
      <trkpt lat="22.206392" lon="113.203999">
        <ele>21.2</ele>
        <time>2024-04-27T08:23:39Z</time>
      </trkpt>
      <trkpt lat="22.206359" lon="113.203991">
        <ele>21.2</ele>
        <time>2024-04-27T08:23:40Z</time>
      </trkpt>
      <trkpt lat="22.206328" lon="113.203987">
        <ele>21.3</ele>
        <time>2024-04-27T08:23:41Z</time>
      </trkpt>
      <trkpt lat="22.206296" lon="113.203987">
        <ele>21.3</ele>
        <time>2024-04-27T08:23:42Z</time>
      </trkpt>
      <trkpt lat="22.206263" lon="113.203991">
        <ele>21.3</ele>
        <time>2024-04-27T08:23:43Z</time>
      </trkpt>
      <trkpt lat="22.206232" lon="113.203995">
        <ele>21.3</ele>
        <time>2024-04-27T08:23:44Z</time>
      </trkpt>
      <trkpt lat="22.206199" lon="113.203995">
        <ele>21.3</ele>
        <time>2024-04-27T08:23:45Z</time>
      </trkpt>
      <trkpt lat="22.206165" lon="113.203995">
        <ele>21.3</ele>
        <time>2024-04-27T08:23:46Z</time>
      </trkpt>
      <trkpt lat="22.206132" lon="113.203995">
        <ele>21.3</ele>
        <time>2024-04-27T08:23:47Z</time>
      </trkpt>
      <trkpt lat="22.206101" lon="113.203995">
        <ele>21.3</ele>
        <time>2024-04-27T08:23:48Z</time>
      </trkpt>
      <trkpt lat="22.206074" lon="113.203991">
        <ele>21.3</ele>
        <time>2024-04-27T08:23:49Z</time>
      </trkpt>
      <trkpt lat="22.206051" lon="113.203984">
        <ele>21.3</ele>
        <time>2024-04-27T08:23:50Z</time>
      </trkpt>
      <trkpt lat="22.206031" lon="113.203976">
        <ele>21.3</ele>
        <time>2024-04-27T08:23:51Z</time>
      </trkpt>
      <trkpt lat="22.206011" lon="113.203968">
        <ele>21.3</ele>
        <time>2024-04-27T08:23:52Z</time>
      </trkpt>
      <trkpt lat="22.205987" lon="113.203961">
        <ele>21.3</ele>
        <time>2024-04-27T08:23:53Z</time>
      </trkpt>
      <trkpt lat="22.205961" lon="113.20395">
        <ele>21.3</ele>
        <time>2024-04-27T08:23:54Z</time>
      </trkpt>
      <trkpt lat="22.205932" lon="113.203934">
        <ele>21.3</ele>
        <time>2024-04-27T08:23:55Z</time>
      </trkpt>
      <trkpt lat="22.205902" lon="113.203915">
        <ele>21.3</ele>
        <time>2024-04-27T08:23:56Z</time>
      </trkpt>
      <trkpt lat="22.205874" lon="113.203896">
        <ele>21.3</ele>
        <time>2024-04-27T08:23:57Z</time>
      </trkpt>
      <trkpt lat="22.205847" lon="113.203878">
        <ele>21.3</ele>
        <time>2024-04-27T08:23:58Z</time>
      </trkpt>
      <trkpt lat="22.205821" lon="113.203858">
        <ele>21.3</ele>
        <time>2024-04-27T08:23:59Z</time>
      </trkpt>
      <trkpt lat="22.205794" lon="113.203839">
        <ele>21.3</ele>
        <time>2024-04-27T08:24:00Z</time>
      </trkpt>
      <trkpt lat="22.205766" lon="113.20382">
        <ele>21.3</ele>
        <time>2024-04-27T08:24:01Z</time>
      </trkpt>
      <trkpt lat="22.205738" lon="113.203808">
        <ele>21.3</ele>
        <time>2024-04-27T08:24:02Z</time>
      </trkpt>
      <trkpt lat="22.205711" lon="113.203797">
        <ele>21.3</ele>
        <time>2024-04-27T08:24:03Z</time>
      </trkpt>
      <trkpt lat="22.205685" lon="113.203782">
        <ele>21.3</ele>
        <time>2024-04-27T08:24:04Z</time>
      </trkpt>
      <trkpt lat="22.205654" lon="113.203766">
        <ele>21.4</ele>
        <time>2024-04-27T08:24:05Z</time>
      </trkpt>
      <trkpt lat="22.205623" lon="113.203751">
        <ele>21.5</ele>
        <time>2024-04-27T08:24:06Z</time>
      </trkpt>
      <trkpt lat="22.205592" lon="113.203732">
        <ele>21.5</ele>
        <time>2024-04-27T08:24:07Z</time>
      </trkpt>
      <trkpt lat="22.205562" lon="113.20371">
        <ele>21.6</ele>
        <time>2024-04-27T08:24:08Z</time>
      </trkpt>
      <trkpt lat="22.205533" lon="113.20369">
        <ele>21.7</ele>
        <time>2024-04-27T08:24:09Z</time>
      </trkpt>
      <trkpt lat="22.205506" lon="113.203672">
        <ele>21.7</ele>
        <time>2024-04-27T08:24:10Z</time>
      </trkpt>
      <trkpt lat="22.205477" lon="113.203652">
        <ele>21.8</ele>
        <time>2024-04-27T08:24:11Z</time>
      </trkpt>
      <trkpt lat="22.205448" lon="113.203637">
        <ele>21.9</ele>
        <time>2024-04-27T08:24:12Z</time>
      </trkpt>
      <trkpt lat="22.205419" lon="113.203622">
        <ele>21.9</ele>
        <time>2024-04-27T08:24:13Z</time>
      </trkpt>
      <trkpt lat="22.205389" lon="113.203603">
        <ele>22</ele>
        <time>2024-04-27T08:24:14Z</time>
      </trkpt>
      <trkpt lat="22.205359" lon="113.203583">
        <ele>22.1</ele>
        <time>2024-04-27T08:24:15Z</time>
      </trkpt>
      <trkpt lat="22.205326" lon="113.203568">
        <ele>22.2</ele>
        <time>2024-04-27T08:24:16Z</time>
      </trkpt>
      <trkpt lat="22.205294" lon="113.203553">
        <ele>22.2</ele>
        <time>2024-04-27T08:24:17Z</time>
      </trkpt>
      <trkpt lat="22.205261" lon="113.203534">
        <ele>22.3</ele>
        <time>2024-04-27T08:24:18Z</time>
      </trkpt>
      <trkpt lat="22.205227" lon="113.203515">
        <ele>22.4</ele>
        <time>2024-04-27T08:24:19Z</time>
      </trkpt>
      <trkpt lat="22.205195" lon="113.203499">
        <ele>22.5</ele>
        <time>2024-04-27T08:24:20Z</time>
      </trkpt>
      <trkpt lat="22.205164" lon="113.203484">
        <ele>22.5</ele>
        <time>2024-04-27T08:24:21Z</time>
      </trkpt>
      <trkpt lat="22.205132" lon="113.203476">
        <ele>22.6</ele>
        <time>2024-04-27T08:24:22Z</time>
      </trkpt>
      <trkpt lat="22.2051" lon="113.203472">
        <ele>22.7</ele>
        <time>2024-04-27T08:24:23Z</time>
      </trkpt>
      <trkpt lat="22.20507" lon="113.203472">
        <ele>22.7</ele>
        <time>2024-04-27T08:24:24Z</time>
      </trkpt>
      <trkpt lat="22.205039" lon="113.203479">
        <ele>22.8</ele>
        <time>2024-04-27T08:24:25Z</time>
      </trkpt>
      <trkpt lat="22.205009" lon="113.20349">
        <ele>22.9</ele>
        <time>2024-04-27T08:24:26Z</time>
      </trkpt>
      <trkpt lat="22.204984" lon="113.203506">
        <ele>22.9</ele>
        <time>2024-04-27T08:24:27Z</time>
      </trkpt>
      <trkpt lat="22.204963" lon="113.203524">
        <ele>23</ele>
        <time>2024-04-27T08:24:28Z</time>
      </trkpt>
      <trkpt lat="22.204943" lon="113.203547">
        <ele>23</ele>
        <time>2024-04-27T08:24:29Z</time>
      </trkpt>
      <trkpt lat="22.204922" lon="113.20357">
        <ele>23.1</ele>
        <time>2024-04-27T08:24:30Z</time>
      </trkpt>
      <trkpt lat="22.204901" lon="113.203593">
        <ele>23.2</ele>
        <time>2024-04-27T08:24:31Z</time>
      </trkpt>
      <trkpt lat="22.204881" lon="113.20362">
        <ele>23.2</ele>
        <time>2024-04-27T08:24:32Z</time>
      </trkpt>
      <trkpt lat="22.204864" lon="113.203654">
        <ele>23.3</ele>
        <time>2024-04-27T08:24:33Z</time>
      </trkpt>
      <trkpt lat="22.204852" lon="113.203692">
        <ele>23.4</ele>
        <time>2024-04-27T08:24:34Z</time>
      </trkpt>
      <trkpt lat="22.204838" lon="113.20373">
        <ele>23.5</ele>
        <time>2024-04-27T08:24:35Z</time>
      </trkpt>
      <trkpt lat="22.20482" lon="113.203764">
        <ele>23.5</ele>
        <time>2024-04-27T08:24:36Z</time>
      </trkpt>
      <trkpt lat="22.2048" lon="113.203799">
        <ele>23.6</ele>
        <time>2024-04-27T08:24:37Z</time>
      </trkpt>
      <trkpt lat="22.204782" lon="113.203837">
        <ele>23.7</ele>
        <time>2024-04-27T08:24:38Z</time>
      </trkpt>
      <trkpt lat="22.204764" lon="113.203875">
        <ele>23.8</ele>
        <time>2024-04-27T08:24:39Z</time>
      </trkpt>
      <trkpt lat="22.204746" lon="113.203913">
        <ele>23.9</ele>
        <time>2024-04-27T08:24:40Z</time>
      </trkpt>
      <trkpt lat="22.204729" lon="113.203955">
        <ele>23.9</ele>
        <time>2024-04-27T08:24:41Z</time>
      </trkpt>
      <trkpt lat="22.204713" lon="113.203997">
        <ele>24</ele>
        <time>2024-04-27T08:24:42Z</time>
      </trkpt>
      <trkpt lat="22.204695" lon="113.204035">
        <ele>24.1</ele>
        <time>2024-04-27T08:24:43Z</time>
      </trkpt>
      <trkpt lat="22.204676" lon="113.20407">
        <ele>24.2</ele>
        <time>2024-04-27T08:24:44Z</time>
      </trkpt>
      <trkpt lat="22.204654" lon="113.204104">
        <ele>24.3</ele>
        <time>2024-04-27T08:24:45Z</time>
      </trkpt>
      <trkpt lat="22.204634" lon="113.204138">
        <ele>24.3</ele>
        <time>2024-04-27T08:24:46Z</time>
      </trkpt>
      <trkpt lat="22.204616" lon="113.204169">
        <ele>24.4</ele>
        <time>2024-04-27T08:24:47Z</time>
      </trkpt>
      <trkpt lat="22.204598" lon="113.204203">
        <ele>24.5</ele>
        <time>2024-04-27T08:24:48Z</time>
      </trkpt>
      <trkpt lat="22.204579" lon="113.204238">
        <ele>24.6</ele>
        <time>2024-04-27T08:24:49Z</time>
      </trkpt>
      <trkpt lat="22.20456" lon="113.204268">
        <ele>24.6</ele>
        <time>2024-04-27T08:24:50Z</time>
      </trkpt>
      <trkpt lat="22.204541" lon="113.204299">
        <ele>24.7</ele>
        <time>2024-04-27T08:24:51Z</time>
      </trkpt>
      <trkpt lat="22.204524" lon="113.204329">
        <ele>24.8</ele>
        <time>2024-04-27T08:24:52Z</time>
      </trkpt>
      <trkpt lat="22.20451" lon="113.204364">
        <ele>24.9</ele>
        <time>2024-04-27T08:24:53Z</time>
      </trkpt>
      <trkpt lat="22.204499" lon="113.204402">
        <ele>24.9</ele>
        <time>2024-04-27T08:24:54Z</time>
      </trkpt>
      <trkpt lat="22.204489" lon="113.204439">
        <ele>25</ele>
        <time>2024-04-27T08:24:55Z</time>
      </trkpt>
      <trkpt lat="22.204483" lon="113.204474">
        <ele>25</ele>
        <time>2024-04-27T08:24:56Z</time>
      </trkpt>
      <trkpt lat="22.204478" lon="113.204505">
        <ele>25</ele>
        <time>2024-04-27T08:24:57Z</time>
      </trkpt>
      <trkpt lat="22.204473" lon="113.204535">
        <ele>24.9</ele>
        <time>2024-04-27T08:24:58Z</time>
      </trkpt>
      <trkpt lat="22.204467" lon="113.204562">
        <ele>24.9</ele>
        <time>2024-04-27T08:24:59Z</time>
      </trkpt>
      <trkpt lat="22.20446" lon="113.204582">
        <ele>24.8</ele>
        <time>2024-04-27T08:25:00Z</time>
      </trkpt>
      <trkpt lat="22.204449" lon="113.204593">
        <ele>24.8</ele>
        <time>2024-04-27T08:25:01Z</time>
      </trkpt>
      <trkpt lat="22.204441" lon="113.204604">
        <ele>24.8</ele>
        <time>2024-04-27T08:25:02Z</time>
      </trkpt>
      <trkpt lat="22.204442" lon="113.204613">
        <ele>24.7</ele>
        <time>2024-04-27T08:25:03Z</time>
      </trkpt>
      <trkpt lat="22.20445" lon="113.204616">
        <ele>24.7</ele>
        <time>2024-04-27T08:25:04Z</time>
      </trkpt>
      <trkpt lat="22.204462" lon="113.20462">
        <ele>24.7</ele>
        <time>2024-04-27T08:25:05Z</time>
      </trkpt>
      <trkpt lat="22.20447" lon="113.204617">
        <ele>24.7</ele>
        <time>2024-04-27T08:25:06Z</time>
      </trkpt>
      <trkpt lat="22.204476" lon="113.204606">
        <ele>24.7</ele>
        <time>2024-04-27T08:25:07Z</time>
      </trkpt>
      <trkpt lat="22.20448" lon="113.204594">
        <ele>24.6</ele>
        <time>2024-04-27T08:25:08Z</time>
      </trkpt>
      <trkpt lat="22.204478" lon="113.204586">
        <ele>24.6</ele>
        <time>2024-04-27T08:25:09Z</time>
      </trkpt>
      <trkpt lat="22.204473" lon="113.204572">
        <ele>24.6</ele>
        <time>2024-04-27T08:25:10Z</time>
      </trkpt>
      <trkpt lat="22.20447" lon="113.204556">
        <ele>24.6</ele>
        <time>2024-04-27T08:25:11Z</time>
      </trkpt>
      <trkpt lat="22.204471" lon="113.204552">
        <ele>24.5</ele>
        <time>2024-04-27T08:25:12Z</time>
      </trkpt>
      <trkpt lat="22.20448" lon="113.204548">
        <ele>24.5</ele>
        <time>2024-04-27T08:25:13Z</time>
      </trkpt>
      <trkpt lat="22.204491" lon="113.204537">
        <ele>24.5</ele>
        <time>2024-04-27T08:25:14Z</time>
      </trkpt>
      <trkpt lat="22.204496" lon="113.204522">
        <ele>24.5</ele>
        <time>2024-04-27T08:25:15Z</time>
      </trkpt>
      <trkpt lat="22.204494" lon="113.204507">
        <ele>24.4</ele>
        <time>2024-04-27T08:25:16Z</time>
      </trkpt>
      <trkpt lat="22.204495" lon="113.204491">
        <ele>24.4</ele>
        <time>2024-04-27T08:25:17Z</time>
      </trkpt>
      <trkpt lat="22.204496" lon="113.204476">
        <ele>24.4</ele>
        <time>2024-04-27T08:25:18Z</time>
      </trkpt>
      <trkpt lat="22.204496" lon="113.204464">
        <ele>24.4</ele>
        <time>2024-04-27T08:25:19Z</time>
      </trkpt>
      <trkpt lat="22.204495" lon="113.204453">
        <ele>24.3</ele>
        <time>2024-04-27T08:25:20Z</time>
      </trkpt>
      <trkpt lat="22.2045" lon="113.204441">
        <ele>24.3</ele>
        <time>2024-04-27T08:25:21Z</time>
      </trkpt>
      <trkpt lat="22.204508" lon="113.20443">
        <ele>24.3</ele>
        <time>2024-04-27T08:25:22Z</time>
      </trkpt>
      <trkpt lat="22.204518" lon="113.204415">
        <ele>24.2</ele>
        <time>2024-04-27T08:25:23Z</time>
      </trkpt>
      <trkpt lat="22.204526" lon="113.204396">
        <ele>24.2</ele>
        <time>2024-04-27T08:25:24Z</time>
      </trkpt>
      <trkpt lat="22.204533" lon="113.204373">
        <ele>24.2</ele>
        <time>2024-04-27T08:25:25Z</time>
      </trkpt>
      <trkpt lat="22.204542" lon="113.204354">
        <ele>24.1</ele>
        <time>2024-04-27T08:25:26Z</time>
      </trkpt>
      <trkpt lat="22.20455" lon="113.204339">
        <ele>24.1</ele>
        <time>2024-04-27T08:25:27Z</time>
      </trkpt>
      <trkpt lat="22.204557" lon="113.20432">
        <ele>24</ele>
        <time>2024-04-27T08:25:28Z</time>
      </trkpt>
      <trkpt lat="22.204561" lon="113.2043">
        <ele>24</ele>
        <time>2024-04-27T08:25:29Z</time>
      </trkpt>
      <trkpt lat="22.204563" lon="113.204289">
        <ele>24</ele>
        <time>2024-04-27T08:25:30Z</time>
      </trkpt>
      <trkpt lat="22.204569" lon="113.204278">
        <ele>24</ele>
        <time>2024-04-27T08:25:31Z</time>
      </trkpt>
      <trkpt lat="22.204578" lon="113.204263">
        <ele>23.9</ele>
        <time>2024-04-27T08:25:32Z</time>
      </trkpt>
      <trkpt lat="22.204585" lon="113.204251">
        <ele>23.9</ele>
        <time>2024-04-27T08:25:33Z</time>
      </trkpt>
      <trkpt lat="22.204593" lon="113.20424">
        <ele>23.9</ele>
        <time>2024-04-27T08:25:34Z</time>
      </trkpt>
      <trkpt lat="22.204606" lon="113.204228">
        <ele>23.8</ele>
        <time>2024-04-27T08:25:35Z</time>
      </trkpt>
      <trkpt lat="22.204622" lon="113.204213">
        <ele>23.8</ele>
        <time>2024-04-27T08:25:36Z</time>
      </trkpt>
      <trkpt lat="22.204635" lon="113.20419">
        <ele>23.7</ele>
        <time>2024-04-27T08:25:37Z</time>
      </trkpt>
      <trkpt lat="22.204645" lon="113.204164">
        <ele>23.7</ele>
        <time>2024-04-27T08:25:38Z</time>
      </trkpt>
      <trkpt lat="22.204651" lon="113.204134">
        <ele>23.6</ele>
        <time>2024-04-27T08:25:39Z</time>
      </trkpt>
      <trkpt lat="22.20466" lon="113.204103">
        <ele>23.6</ele>
        <time>2024-04-27T08:25:40Z</time>
      </trkpt>
      <trkpt lat="22.204674" lon="113.204072">
        <ele>23.5</ele>
        <time>2024-04-27T08:25:41Z</time>
      </trkpt>
      <trkpt lat="22.204691" lon="113.204046">
        <ele>23.4</ele>
        <time>2024-04-27T08:25:42Z</time>
      </trkpt>
      <trkpt lat="22.204706" lon="113.204019">
        <ele>23.4</ele>
        <time>2024-04-27T08:25:43Z</time>
      </trkpt>
      <trkpt lat="22.204719" lon="113.203989">
        <ele>23.3</ele>
        <time>2024-04-27T08:25:44Z</time>
      </trkpt>
      <trkpt lat="22.204734" lon="113.203961">
        <ele>23.3</ele>
        <time>2024-04-27T08:25:45Z</time>
      </trkpt>
      <trkpt lat="22.204749" lon="113.203938">
        <ele>23.2</ele>
        <time>2024-04-27T08:25:46Z</time>
      </trkpt>
      <trkpt lat="22.204763" lon="113.203916">
        <ele>23.2</ele>
        <time>2024-04-27T08:25:47Z</time>
      </trkpt>
      <trkpt lat="22.204774" lon="113.203893">
        <ele>23.1</ele>
        <time>2024-04-27T08:25:48Z</time>
      </trkpt>
      <trkpt lat="22.204786" lon="113.20387">
        <ele>23.1</ele>
        <time>2024-04-27T08:25:49Z</time>
      </trkpt>
      <trkpt lat="22.204796" lon="113.203844">
        <ele>23</ele>
        <time>2024-04-27T08:25:50Z</time>
      </trkpt>
      <trkpt lat="22.204807" lon="113.203817">
        <ele>22.9</ele>
        <time>2024-04-27T08:25:51Z</time>
      </trkpt>
      <trkpt lat="22.204819" lon="113.20379">
        <ele>22.9</ele>
        <time>2024-04-27T08:25:52Z</time>
      </trkpt>
      <trkpt lat="22.204832" lon="113.20376">
        <ele>22.8</ele>
        <time>2024-04-27T08:25:53Z</time>
      </trkpt>
      <trkpt lat="22.204846" lon="113.203725">
        <ele>22.8</ele>
        <time>2024-04-27T08:25:54Z</time>
      </trkpt>
      <trkpt lat="22.204857" lon="113.203695">
        <ele>22.7</ele>
        <time>2024-04-27T08:25:55Z</time>
      </trkpt>
      <trkpt lat="22.204868" lon="113.203672">
        <ele>22.6</ele>
        <time>2024-04-27T08:25:56Z</time>
      </trkpt>
      <trkpt lat="22.204881" lon="113.203649">
        <ele>22.6</ele>
        <time>2024-04-27T08:25:57Z</time>
      </trkpt>
      <trkpt lat="22.204896" lon="113.203626">
        <ele>22.5</ele>
        <time>2024-04-27T08:25:58Z</time>
      </trkpt>
      <trkpt lat="22.204908" lon="113.203603">
        <ele>22.5</ele>
        <time>2024-04-27T08:25:59Z</time>
      </trkpt>
      <trkpt lat="22.204916" lon="113.203583">
        <ele>22.4</ele>
        <time>2024-04-27T08:26:00Z</time>
      </trkpt>
      <trkpt lat="22.204919" lon="113.203568">
        <ele>22.4</ele>
        <time>2024-04-27T08:26:01Z</time>
      </trkpt>
      <trkpt lat="22.204918" lon="113.20356">
        <ele>22.4</ele>
        <time>2024-04-27T08:26:02Z</time>
      </trkpt>
      <trkpt lat="22.204918" lon="113.20356">
        <ele>22.4</ele>
        <time>2024-04-27T08:26:03Z</time>
      </trkpt>
      <trkpt lat="22.205015" lon="113.203511">
        <ele>22.2</ele>
        <time>2024-04-27T08:27:18Z</time>
      </trkpt>
      <trkpt lat="22.205042" lon="113.203503">
        <ele>22.1</ele>
        <time>2024-04-27T08:27:19Z</time>
      </trkpt>
      <trkpt lat="22.205064" lon="113.203495">
        <ele>22.1</ele>
        <time>2024-04-27T08:27:20Z</time>
      </trkpt>
      <trkpt lat="22.205084" lon="113.203488">
        <ele>22</ele>
        <time>2024-04-27T08:27:21Z</time>
      </trkpt>
      <trkpt lat="22.205107" lon="113.203484">
        <ele>22</ele>
        <time>2024-04-27T08:27:22Z</time>
      </trkpt>
      <trkpt lat="22.205132" lon="113.203487">
        <ele>21.9</ele>
        <time>2024-04-27T08:27:23Z</time>
      </trkpt>
      <trkpt lat="22.205159" lon="113.203498">
        <ele>21.9</ele>
        <time>2024-04-27T08:27:24Z</time>
      </trkpt>
      <trkpt lat="22.205187" lon="113.203513">
        <ele>21.8</ele>
        <time>2024-04-27T08:27:25Z</time>
      </trkpt>
      <trkpt lat="22.205218" lon="113.203529">
        <ele>21.7</ele>
        <time>2024-04-27T08:27:26Z</time>
      </trkpt>
      <trkpt lat="22.205246" lon="113.203544">
        <ele>21.7</ele>
        <time>2024-04-27T08:27:27Z</time>
      </trkpt>
      <trkpt lat="22.205275" lon="113.203559">
        <ele>21.6</ele>
        <time>2024-04-27T08:27:28Z</time>
      </trkpt>
      <trkpt lat="22.205306" lon="113.203578">
        <ele>21.5</ele>
        <time>2024-04-27T08:27:29Z</time>
      </trkpt>
      <trkpt lat="22.205337" lon="113.203597">
        <ele>21.5</ele>
        <time>2024-04-27T08:27:30Z</time>
      </trkpt>
      <trkpt lat="22.205369" lon="113.203613">
        <ele>21.4</ele>
        <time>2024-04-27T08:27:31Z</time>
      </trkpt>
      <trkpt lat="22.205399" lon="113.203631">
        <ele>21.3</ele>
        <time>2024-04-27T08:27:32Z</time>
      </trkpt>
      <trkpt lat="22.205432" lon="113.203654">
        <ele>21.3</ele>
        <time>2024-04-27T08:27:33Z</time>
      </trkpt>
      <trkpt lat="22.205466" lon="113.203674">
        <ele>21.4</ele>
        <time>2024-04-27T08:27:34Z</time>
      </trkpt>
      <trkpt lat="22.205502" lon="113.203689">
        <ele>21.4</ele>
        <time>2024-04-27T08:27:35Z</time>
      </trkpt>
      <trkpt lat="22.205535" lon="113.203707">
        <ele>21.4</ele>
        <time>2024-04-27T08:27:36Z</time>
      </trkpt>
      <trkpt lat="22.205568" lon="113.203727">
        <ele>21.4</ele>
        <time>2024-04-27T08:27:37Z</time>
      </trkpt>
      <trkpt lat="22.205601" lon="113.203746">
        <ele>21.4</ele>
        <time>2024-04-27T08:27:38Z</time>
      </trkpt>
      <trkpt lat="22.205635" lon="113.203762">
        <ele>21.4</ele>
        <time>2024-04-27T08:27:39Z</time>
      </trkpt>
      <trkpt lat="22.205666" lon="113.203776">
        <ele>21.4</ele>
        <time>2024-04-27T08:27:40Z</time>
      </trkpt>
      <trkpt lat="22.205695" lon="113.203796">
        <ele>21.4</ele>
        <time>2024-04-27T08:27:41Z</time>
      </trkpt>
      <trkpt lat="22.205725" lon="113.203811">
        <ele>21.4</ele>
        <time>2024-04-27T08:27:42Z</time>
      </trkpt>
      <trkpt lat="22.205753" lon="113.203826">
        <ele>21.4</ele>
        <time>2024-04-27T08:27:43Z</time>
      </trkpt>
      <trkpt lat="22.205779" lon="113.203845">
        <ele>21.4</ele>
        <time>2024-04-27T08:27:44Z</time>
      </trkpt>
      <trkpt lat="22.205808" lon="113.203864">
        <ele>21.4</ele>
        <time>2024-04-27T08:27:45Z</time>
      </trkpt>
      <trkpt lat="22.20584" lon="113.203883">
        <ele>21.4</ele>
        <time>2024-04-27T08:27:46Z</time>
      </trkpt>
      <trkpt lat="22.205875" lon="113.203903">
        <ele>21.4</ele>
        <time>2024-04-27T08:27:47Z</time>
      </trkpt>
      <trkpt lat="22.205909" lon="113.203918">
        <ele>21.4</ele>
        <time>2024-04-27T08:27:48Z</time>
      </trkpt>
      <trkpt lat="22.205943" lon="113.203937">
        <ele>21.4</ele>
        <time>2024-04-27T08:27:49Z</time>
      </trkpt>
      <trkpt lat="22.205977" lon="113.203956">
        <ele>21.4</ele>
        <time>2024-04-27T08:27:50Z</time>
      </trkpt>
      <trkpt lat="22.206009" lon="113.203971">
        <ele>21.4</ele>
        <time>2024-04-27T08:27:51Z</time>
      </trkpt>
      <trkpt lat="22.206044" lon="113.203979">
        <ele>21.4</ele>
        <time>2024-04-27T08:27:52Z</time>
      </trkpt>
      <trkpt lat="22.206083" lon="113.203979">
        <ele>21.4</ele>
        <time>2024-04-27T08:27:53Z</time>
      </trkpt>
      <trkpt lat="22.206122" lon="113.203979">
        <ele>21.4</ele>
        <time>2024-04-27T08:27:54Z</time>
      </trkpt>
      <trkpt lat="22.206164" lon="113.203979">
        <ele>21.4</ele>
        <time>2024-04-27T08:27:55Z</time>
      </trkpt>
      <trkpt lat="22.206205" lon="113.203979">
        <ele>21.4</ele>
        <time>2024-04-27T08:27:56Z</time>
      </trkpt>
      <trkpt lat="22.206243" lon="113.203979">
        <ele>21.4</ele>
        <time>2024-04-27T08:27:57Z</time>
      </trkpt>
      <trkpt lat="22.206281" lon="113.203979">
        <ele>21.5</ele>
        <time>2024-04-27T08:27:58Z</time>
      </trkpt>
      <trkpt lat="22.206321" lon="113.203979">
        <ele>21.5</ele>
        <time>2024-04-27T08:27:59Z</time>
      </trkpt>
      <trkpt lat="22.206362" lon="113.203983">
        <ele>21.5</ele>
        <time>2024-04-27T08:28:00Z</time>
      </trkpt>
      <trkpt lat="22.206403" lon="113.203987">
        <ele>21.5</ele>
        <time>2024-04-27T08:28:01Z</time>
      </trkpt>
      <trkpt lat="22.206444" lon="113.203994">
        <ele>21.5</ele>
        <time>2024-04-27T08:28:02Z</time>
      </trkpt>
      <trkpt lat="22.206487" lon="113.204009">
        <ele>21.5</ele>
        <time>2024-04-27T08:28:03Z</time>
      </trkpt>
      <trkpt lat="22.206532" lon="113.204021">
        <ele>21.5</ele>
        <time>2024-04-27T08:28:04Z</time>
      </trkpt>
      <trkpt lat="22.206576" lon="113.204032">
        <ele>21.5</ele>
        <time>2024-04-27T08:28:05Z</time>
      </trkpt>
      <trkpt lat="22.206614" lon="113.204051">
        <ele>21.5</ele>
        <time>2024-04-27T08:28:06Z</time>
      </trkpt>
      <trkpt lat="22.206647" lon="113.204077">
        <ele>21.5</ele>
        <time>2024-04-27T08:28:07Z</time>
      </trkpt>
      <trkpt lat="22.206674" lon="113.204115">
        <ele>21.5</ele>
        <time>2024-04-27T08:28:08Z</time>
      </trkpt>
      <trkpt lat="22.206697" lon="113.204161">
        <ele>21.5</ele>
        <time>2024-04-27T08:28:09Z</time>
      </trkpt>
      <trkpt lat="22.206715" lon="113.204203">
        <ele>21.5</ele>
        <time>2024-04-27T08:28:10Z</time>
      </trkpt>
      <trkpt lat="22.206731" lon="113.204241">
        <ele>21.5</ele>
        <time>2024-04-27T08:28:11Z</time>
      </trkpt>
      <trkpt lat="22.206744" lon="113.204282">
        <ele>21.5</ele>
        <time>2024-04-27T08:28:12Z</time>
      </trkpt>
      <trkpt lat="22.206755" lon="113.204324">
        <ele>21.5</ele>
        <time>2024-04-27T08:28:13Z</time>
      </trkpt>
      <trkpt lat="22.206767" lon="113.204366">
        <ele>21.5</ele>
        <time>2024-04-27T08:28:14Z</time>
      </trkpt>
      <trkpt lat="22.206782" lon="113.204409">
        <ele>21.5</ele>
        <time>2024-04-27T08:28:15Z</time>
      </trkpt>
      <trkpt lat="22.206801" lon="113.20445">
        <ele>21.5</ele>
        <time>2024-04-27T08:28:16Z</time>
      </trkpt>
      <trkpt lat="22.20682" lon="113.204496">
        <ele>21.5</ele>
        <time>2024-04-27T08:28:17Z</time>
      </trkpt>
      <trkpt lat="22.206836" lon="113.204545">
        <ele>21.5</ele>
        <time>2024-04-27T08:28:18Z</time>
      </trkpt>
      <trkpt lat="22.206852" lon="113.204596">
        <ele>21.4</ele>
        <time>2024-04-27T08:28:19Z</time>
      </trkpt>
      <trkpt lat="22.206874" lon="113.204641">
        <ele>21.3</ele>
        <time>2024-04-27T08:28:20Z</time>
      </trkpt>
      <trkpt lat="22.2069" lon="113.20469">
        <ele>21.2</ele>
        <time>2024-04-27T08:28:21Z</time>
      </trkpt>
      <trkpt lat="22.206926" lon="113.204744">
        <ele>21.1</ele>
        <time>2024-04-27T08:28:22Z</time>
      </trkpt>
      <trkpt lat="22.206953" lon="113.204797">
        <ele>21</ele>
        <time>2024-04-27T08:28:23Z</time>
      </trkpt>
      <trkpt lat="22.206981" lon="113.20485">
        <ele>20.8</ele>
        <time>2024-04-27T08:28:24Z</time>
      </trkpt>
      <trkpt lat="22.207009" lon="113.204904">
        <ele>20.7</ele>
        <time>2024-04-27T08:28:25Z</time>
      </trkpt>
      <trkpt lat="22.207037" lon="113.204957">
        <ele>20.6</ele>
        <time>2024-04-27T08:28:26Z</time>
      </trkpt>
      <trkpt lat="22.207069" lon="113.20501">
        <ele>20.5</ele>
        <time>2024-04-27T08:28:27Z</time>
      </trkpt>
      <trkpt lat="22.207106" lon="113.205064">
        <ele>20.4</ele>
        <time>2024-04-27T08:28:28Z</time>
      </trkpt>
      <trkpt lat="22.207144" lon="113.205117">
        <ele>20.2</ele>
        <time>2024-04-27T08:28:29Z</time>
      </trkpt>
      <trkpt lat="22.207184" lon="113.205167">
        <ele>20.1</ele>
        <time>2024-04-27T08:28:30Z</time>
      </trkpt>
      <trkpt lat="22.207225" lon="113.205217">
        <ele>20</ele>
        <time>2024-04-27T08:28:31Z</time>
      </trkpt>
      <trkpt lat="22.207267" lon="113.205267">
        <ele>19.9</ele>
        <time>2024-04-27T08:28:32Z</time>
      </trkpt>
      <trkpt lat="22.207313" lon="113.205313">
        <ele>19.7</ele>
        <time>2024-04-27T08:28:33Z</time>
      </trkpt>
      <trkpt lat="22.207365" lon="113.205358">
        <ele>19.6</ele>
        <time>2024-04-27T08:28:34Z</time>
      </trkpt>
      <trkpt lat="22.207419" lon="113.205408">
        <ele>19.5</ele>
        <time>2024-04-27T08:28:35Z</time>
      </trkpt>
      <trkpt lat="22.207474" lon="113.205458">
        <ele>19.3</ele>
        <time>2024-04-27T08:28:36Z</time>
      </trkpt>
      <trkpt lat="22.207525" lon="113.205503">
        <ele>19.2</ele>
        <time>2024-04-27T08:28:37Z</time>
      </trkpt>
      <trkpt lat="22.207576" lon="113.205552">
        <ele>19</ele>
        <time>2024-04-27T08:28:38Z</time>
      </trkpt>
      <trkpt lat="22.207629" lon="113.205603">
        <ele>18.9</ele>
        <time>2024-04-27T08:28:39Z</time>
      </trkpt>
      <trkpt lat="22.207682" lon="113.205652">
        <ele>18.8</ele>
        <time>2024-04-27T08:28:40Z</time>
      </trkpt>
      <trkpt lat="22.207736" lon="113.205702">
        <ele>18.6</ele>
        <time>2024-04-27T08:28:41Z</time>
      </trkpt>
      <trkpt lat="22.20779" lon="113.20575">
        <ele>18.5</ele>
        <time>2024-04-27T08:28:42Z</time>
      </trkpt>
      <trkpt lat="22.207846" lon="113.205804">
        <ele>18.3</ele>
        <time>2024-04-27T08:28:43Z</time>
      </trkpt>
      <trkpt lat="22.207902" lon="113.205858">
        <ele>18.2</ele>
        <time>2024-04-27T08:28:44Z</time>
      </trkpt>
      <trkpt lat="22.207959" lon="113.205908">
        <ele>18</ele>
        <time>2024-04-27T08:28:45Z</time>
      </trkpt>
      <trkpt lat="22.208013" lon="113.205957">
        <ele>17.9</ele>
        <time>2024-04-27T08:28:46Z</time>
      </trkpt>
      <trkpt lat="22.208069" lon="113.20601">
        <ele>17.8</ele>
        <time>2024-04-27T08:28:47Z</time>
      </trkpt>
      <trkpt lat="22.208127" lon="113.20606">
        <ele>17.7</ele>
        <time>2024-04-27T08:28:48Z</time>
      </trkpt>
      <trkpt lat="22.208183" lon="113.206106">
        <ele>17.6</ele>
        <time>2024-04-27T08:28:49Z</time>
      </trkpt>
      <trkpt lat="22.208239" lon="113.206151">
        <ele>17.5</ele>
        <time>2024-04-27T08:28:50Z</time>
      </trkpt>
      <trkpt lat="22.208293" lon="113.206201">
        <ele>17.3</ele>
        <time>2024-04-27T08:28:51Z</time>
      </trkpt>
      <trkpt lat="22.208345" lon="113.206251">
        <ele>17.2</ele>
        <time>2024-04-27T08:28:52Z</time>
      </trkpt>
      <trkpt lat="22.208393" lon="113.206293">
        <ele>17.2</ele>
        <time>2024-04-27T08:28:53Z</time>
      </trkpt>
      <trkpt lat="22.208436" lon="113.206328">
        <ele>17.1</ele>
        <time>2024-04-27T08:28:54Z</time>
      </trkpt>
      <trkpt lat="22.208474" lon="113.206355">
        <ele>17</ele>
        <time>2024-04-27T08:28:55Z</time>
      </trkpt>
      <trkpt lat="22.208501" lon="113.206378">
        <ele>16.9</ele>
        <time>2024-04-27T08:28:56Z</time>
      </trkpt>
      <trkpt lat="22.208518" lon="113.206394">
        <ele>16.9</ele>
        <time>2024-04-27T08:28:57Z</time>
      </trkpt>
      <trkpt lat="22.208532" lon="113.206405">
        <ele>16.9</ele>
        <time>2024-04-27T08:28:58Z</time>
      </trkpt>
      <trkpt lat="22.208543" lon="113.20642">
        <ele>16.9</ele>
        <time>2024-04-27T08:28:59Z</time>
      </trkpt>
      <trkpt lat="22.208556" lon="113.206435">
        <ele>16.8</ele>
        <time>2024-04-27T08:29:00Z</time>
      </trkpt>
      <trkpt lat="22.208567" lon="113.206451">
        <ele>16.8</ele>
        <time>2024-04-27T08:29:01Z</time>
      </trkpt>
      <trkpt lat="22.208653" lon="113.206479">
        <ele>16.7</ele>
        <time>2024-04-27T08:30:19Z</time>
      </trkpt>
      <trkpt lat="22.208685" lon="113.206471">
        <ele>16.6</ele>
        <time>2024-04-27T08:30:20Z</time>
      </trkpt>
      <trkpt lat="22.208722" lon="113.206467">
        <ele>16.6</ele>
        <time>2024-04-27T08:30:21Z</time>
      </trkpt>
      <trkpt lat="22.208759" lon="113.206467">
        <ele>16.5</ele>
        <time>2024-04-27T08:30:22Z</time>
      </trkpt>
      <trkpt lat="22.208795" lon="113.206467">
        <ele>16.5</ele>
        <time>2024-04-27T08:30:23Z</time>
      </trkpt>
      <trkpt lat="22.208831" lon="113.20646">
        <ele>16.4</ele>
        <time>2024-04-27T08:30:24Z</time>
      </trkpt>
      <trkpt lat="22.208873" lon="113.206442">
        <ele>16.3</ele>
        <time>2024-04-27T08:30:25Z</time>
      </trkpt>
      <trkpt lat="22.20892" lon="113.206419">
        <ele>16.3</ele>
        <time>2024-04-27T08:30:26Z</time>
      </trkpt>
      <trkpt lat="22.208968" lon="113.206399">
        <ele>16.2</ele>
        <time>2024-04-27T08:30:27Z</time>
      </trkpt>
      <trkpt lat="22.209019" lon="113.206377">
        <ele>16.1</ele>
        <time>2024-04-27T08:30:28Z</time>
      </trkpt>
      <trkpt lat="22.20907" lon="113.20636">
        <ele>16</ele>
        <time>2024-04-27T08:30:29Z</time>
      </trkpt>
      <trkpt lat="22.209123" lon="113.20636">
        <ele>15.9</ele>
        <time>2024-04-27T08:30:30Z</time>
      </trkpt>
      <trkpt lat="22.209171" lon="113.20636">
        <ele>15.9</ele>
        <time>2024-04-27T08:30:31Z</time>
      </trkpt>
      <trkpt lat="22.209218" lon="113.206354">
        <ele>15.8</ele>
        <time>2024-04-27T08:30:32Z</time>
      </trkpt>
      <trkpt lat="22.209262" lon="113.206342">
        <ele>15.7</ele>
        <time>2024-04-27T08:30:33Z</time>
      </trkpt>
      <trkpt lat="22.209305" lon="113.206334">
        <ele>15.7</ele>
        <time>2024-04-27T08:30:34Z</time>
      </trkpt>
      <trkpt lat="22.209348" lon="113.206323">
        <ele>15.6</ele>
        <time>2024-04-27T08:30:35Z</time>
      </trkpt>
      <trkpt lat="22.209394" lon="113.206311">
        <ele>15.5</ele>
        <time>2024-04-27T08:30:36Z</time>
      </trkpt>
      <trkpt lat="22.209439" lon="113.206303">
        <ele>15.5</ele>
        <time>2024-04-27T08:30:37Z</time>
      </trkpt>
      <trkpt lat="22.209486" lon="113.206293">
        <ele>15.4</ele>
        <time>2024-04-27T08:30:38Z</time>
      </trkpt>
      <trkpt lat="22.209533" lon="113.206277">
        <ele>15.3</ele>
        <time>2024-04-27T08:30:39Z</time>
      </trkpt>
      <trkpt lat="22.20958" lon="113.206265">
        <ele>15.2</ele>
        <time>2024-04-27T08:30:40Z</time>
      </trkpt>
      <trkpt lat="22.209626" lon="113.206255">
        <ele>15.2</ele>
        <time>2024-04-27T08:30:41Z</time>
      </trkpt>
      <trkpt lat="22.209674" lon="113.206239">
        <ele>15.1</ele>
        <time>2024-04-27T08:30:42Z</time>
      </trkpt>
      <trkpt lat="22.209723" lon="113.206227">
        <ele>15.1</ele>
        <time>2024-04-27T08:30:43Z</time>
      </trkpt>
      <trkpt lat="22.209773" lon="113.206216">
        <ele>15</ele>
        <time>2024-04-27T08:30:44Z</time>
      </trkpt>
      <trkpt lat="22.209823" lon="113.206201">
        <ele>15</ele>
        <time>2024-04-27T08:30:45Z</time>
      </trkpt>
      <trkpt lat="22.209871" lon="113.206185">
        <ele>14.9</ele>
        <time>2024-04-27T08:30:46Z</time>
      </trkpt>
      <trkpt lat="22.20992" lon="113.20617">
        <ele>14.9</ele>
        <time>2024-04-27T08:30:47Z</time>
      </trkpt>
      <trkpt lat="22.209973" lon="113.206158">
        <ele>14.8</ele>
        <time>2024-04-27T08:30:48Z</time>
      </trkpt>
      <trkpt lat="22.210027" lon="113.206147">
        <ele>14.8</ele>
        <time>2024-04-27T08:30:49Z</time>
      </trkpt>
      <trkpt lat="22.210082" lon="113.206135">
        <ele>14.7</ele>
        <time>2024-04-27T08:30:50Z</time>
      </trkpt>
      <trkpt lat="22.210139" lon="113.206124">
        <ele>14.7</ele>
        <time>2024-04-27T08:30:51Z</time>
      </trkpt>
      <trkpt lat="22.210192" lon="113.206109">
        <ele>14.6</ele>
        <time>2024-04-27T08:30:52Z</time>
      </trkpt>
      <trkpt lat="22.210248" lon="113.206097">
        <ele>14.5</ele>
        <time>2024-04-27T08:30:53Z</time>
      </trkpt>
      <trkpt lat="22.210308" lon="113.206086">
        <ele>14.5</ele>
        <time>2024-04-27T08:30:54Z</time>
      </trkpt>
      <trkpt lat="22.210365" lon="113.206071">
        <ele>14.4</ele>
        <time>2024-04-27T08:30:55Z</time>
      </trkpt>
      <trkpt lat="22.210422" lon="113.206056">
        <ele>14.4</ele>
        <time>2024-04-27T08:30:56Z</time>
      </trkpt>
      <trkpt lat="22.210482" lon="113.206044">
        <ele>14.3</ele>
        <time>2024-04-27T08:30:57Z</time>
      </trkpt>
      <trkpt lat="22.210543" lon="113.206033">
        <ele>14.2</ele>
        <time>2024-04-27T08:30:58Z</time>
      </trkpt>
      <trkpt lat="22.210602" lon="113.206021">
        <ele>14.2</ele>
        <time>2024-04-27T08:30:59Z</time>
      </trkpt>
      <trkpt lat="22.210663" lon="113.20601">
        <ele>14.1</ele>
        <time>2024-04-27T08:31:00Z</time>
      </trkpt>
      <trkpt lat="22.210724" lon="113.205994">
        <ele>14</ele>
        <time>2024-04-27T08:31:01Z</time>
      </trkpt>
      <trkpt lat="22.210784" lon="113.205979">
        <ele>14</ele>
        <time>2024-04-27T08:31:02Z</time>
      </trkpt>
      <trkpt lat="22.210848" lon="113.205964">
        <ele>13.9</ele>
        <time>2024-04-27T08:31:03Z</time>
      </trkpt>
      <trkpt lat="22.210912" lon="113.205952">
        <ele>13.9</ele>
        <time>2024-04-27T08:31:04Z</time>
      </trkpt>
      <trkpt lat="22.210976" lon="113.205941">
        <ele>13.8</ele>
        <time>2024-04-27T08:31:05Z</time>
      </trkpt>
      <trkpt lat="22.211041" lon="113.205926">
        <ele>13.7</ele>
        <time>2024-04-27T08:31:06Z</time>
      </trkpt>
      <trkpt lat="22.211105" lon="113.20591">
        <ele>13.7</ele>
        <time>2024-04-27T08:31:07Z</time>
      </trkpt>
      <trkpt lat="22.211168" lon="113.205895">
        <ele>13.6</ele>
        <time>2024-04-27T08:31:08Z</time>
      </trkpt>
      <trkpt lat="22.211232" lon="113.205877">
        <ele>13.5</ele>
        <time>2024-04-27T08:31:09Z</time>
      </trkpt>
      <trkpt lat="22.211298" lon="113.205857">
        <ele>13.5</ele>
        <time>2024-04-27T08:31:10Z</time>
      </trkpt>
      <trkpt lat="22.211365" lon="113.205838">
        <ele>13.4</ele>
        <time>2024-04-27T08:31:11Z</time>
      </trkpt>
      <trkpt lat="22.211434" lon="113.205819">
        <ele>13.3</ele>
        <time>2024-04-27T08:31:12Z</time>
      </trkpt>
      <trkpt lat="22.211506" lon="113.205804">
        <ele>13.3</ele>
        <time>2024-04-27T08:31:13Z</time>
      </trkpt>
      <trkpt lat="22.211576" lon="113.205785">
        <ele>13.2</ele>
        <time>2024-04-27T08:31:14Z</time>
      </trkpt>
      <trkpt lat="22.211647" lon="113.205765">
        <ele>13.1</ele>
        <time>2024-04-27T08:31:15Z</time>
      </trkpt>
      <trkpt lat="22.211718" lon="113.20575">
        <ele>13.1</ele>
        <time>2024-04-27T08:31:16Z</time>
      </trkpt>
      <trkpt lat="22.21179" lon="113.205732">
        <ele>13</ele>
        <time>2024-04-27T08:31:17Z</time>
      </trkpt>
      <trkpt lat="22.211863" lon="113.205712">
        <ele>12.9</ele>
        <time>2024-04-27T08:31:18Z</time>
      </trkpt>
      <trkpt lat="22.211936" lon="113.205697">
        <ele>12.9</ele>
        <time>2024-04-27T08:31:19Z</time>
      </trkpt>
      <trkpt lat="22.212011" lon="113.205678">
        <ele>12.8</ele>
        <time>2024-04-27T08:31:20Z</time>
      </trkpt>
      <trkpt lat="22.212088" lon="113.205659">
        <ele>12.7</ele>
        <time>2024-04-27T08:31:21Z</time>
      </trkpt>
      <trkpt lat="22.212164" lon="113.20564">
        <ele>12.7</ele>
        <time>2024-04-27T08:31:22Z</time>
      </trkpt>
      <trkpt lat="22.212241" lon="113.205617">
        <ele>12.6</ele>
        <time>2024-04-27T08:31:23Z</time>
      </trkpt>
      <trkpt lat="22.21232" lon="113.205598">
        <ele>12.5</ele>
        <time>2024-04-27T08:31:24Z</time>
      </trkpt>
      <trkpt lat="22.212398" lon="113.205582">
        <ele>12.5</ele>
        <time>2024-04-27T08:31:25Z</time>
      </trkpt>
      <trkpt lat="22.212476" lon="113.205567">
        <ele>12.4</ele>
        <time>2024-04-27T08:31:26Z</time>
      </trkpt>
      <trkpt lat="22.212554" lon="113.205548">
        <ele>12.3</ele>
        <time>2024-04-27T08:31:27Z</time>
      </trkpt>
      <trkpt lat="22.212632" lon="113.205526">
        <ele>12.2</ele>
        <time>2024-04-27T08:31:28Z</time>
      </trkpt>
      <trkpt lat="22.212708" lon="113.205506">
        <ele>12.2</ele>
        <time>2024-04-27T08:31:29Z</time>
      </trkpt>
      <trkpt lat="22.212784" lon="113.205487">
        <ele>12.1</ele>
        <time>2024-04-27T08:31:30Z</time>
      </trkpt>
      <trkpt lat="22.212861" lon="113.205468">
        <ele>12</ele>
        <time>2024-04-27T08:31:31Z</time>
      </trkpt>
      <trkpt lat="22.212938" lon="113.205449">
        <ele>12</ele>
        <time>2024-04-27T08:31:32Z</time>
      </trkpt>
      <trkpt lat="22.213013" lon="113.20543">
        <ele>11.9</ele>
        <time>2024-04-27T08:31:33Z</time>
      </trkpt>
      <trkpt lat="22.213086" lon="113.205415">
        <ele>11.8</ele>
        <time>2024-04-27T08:31:34Z</time>
      </trkpt>
      <trkpt lat="22.213162" lon="113.205396">
        <ele>11.8</ele>
        <time>2024-04-27T08:31:35Z</time>
      </trkpt>
      <trkpt lat="22.21324" lon="113.205376">
        <ele>11.7</ele>
        <time>2024-04-27T08:31:36Z</time>
      </trkpt>
      <trkpt lat="22.213317" lon="113.205358">
        <ele>11.6</ele>
        <time>2024-04-27T08:31:37Z</time>
      </trkpt>
      <trkpt lat="22.213394" lon="113.205335">
        <ele>11.5</ele>
        <time>2024-04-27T08:31:38Z</time>
      </trkpt>
      <trkpt lat="22.213471" lon="113.205315">
        <ele>11.4</ele>
        <time>2024-04-27T08:31:39Z</time>
      </trkpt>
      <trkpt lat="22.213549" lon="113.205297">
        <ele>11.3</ele>
        <time>2024-04-27T08:31:40Z</time>
      </trkpt>
      <trkpt lat="22.213627" lon="113.205281">
        <ele>11.2</ele>
        <time>2024-04-27T08:31:41Z</time>
      </trkpt>
      <trkpt lat="22.213702" lon="113.205266">
        <ele>11.1</ele>
        <time>2024-04-27T08:31:42Z</time>
      </trkpt>
      <trkpt lat="22.213777" lon="113.205247">
        <ele>11</ele>
        <time>2024-04-27T08:31:43Z</time>
      </trkpt>
      <trkpt lat="22.21385" lon="113.205228">
        <ele>10.9</ele>
        <time>2024-04-27T08:31:44Z</time>
      </trkpt>
      <trkpt lat="22.213922" lon="113.205212">
        <ele>10.9</ele>
        <time>2024-04-27T08:31:45Z</time>
      </trkpt>
      <trkpt lat="22.213992" lon="113.205201">
        <ele>10.8</ele>
        <time>2024-04-27T08:31:46Z</time>
      </trkpt>
      <trkpt lat="22.214063" lon="113.205182">
        <ele>10.7</ele>
        <time>2024-04-27T08:31:47Z</time>
      </trkpt>
      <trkpt lat="22.214134" lon="113.205163">
        <ele>10.6</ele>
        <time>2024-04-27T08:31:48Z</time>
      </trkpt>
      <trkpt lat="22.214205" lon="113.205151">
        <ele>10.5</ele>
        <time>2024-04-27T08:31:49Z</time>
      </trkpt>
      <trkpt lat="22.214275" lon="113.205136">
        <ele>10.4</ele>
        <time>2024-04-27T08:31:50Z</time>
      </trkpt>
      <trkpt lat="22.214345" lon="113.205114">
        <ele>10.4</ele>
        <time>2024-04-27T08:31:51Z</time>
      </trkpt>
      <trkpt lat="22.214413" lon="113.205094">
        <ele>10.3</ele>
        <time>2024-04-27T08:31:52Z</time>
      </trkpt>
      <trkpt lat="22.214483" lon="113.205079">
        <ele>10.2</ele>
        <time>2024-04-27T08:31:53Z</time>
      </trkpt>
      <trkpt lat="22.214553" lon="113.205064">
        <ele>10.1</ele>
        <time>2024-04-27T08:31:54Z</time>
      </trkpt>
      <trkpt lat="22.214625" lon="113.205048">
        <ele>10</ele>
        <time>2024-04-27T08:31:55Z</time>
      </trkpt>
      <trkpt lat="22.214697" lon="113.205033">
        <ele>9.9</ele>
        <time>2024-04-27T08:31:56Z</time>
      </trkpt>
      <trkpt lat="22.214766" lon="113.205018">
        <ele>9.9</ele>
        <time>2024-04-27T08:31:57Z</time>
      </trkpt>
      <trkpt lat="22.214836" lon="113.204999">
        <ele>9.8</ele>
        <time>2024-04-27T08:31:58Z</time>
      </trkpt>
      <trkpt lat="22.214907" lon="113.204979">
        <ele>9.7</ele>
        <time>2024-04-27T08:31:59Z</time>
      </trkpt>
      <trkpt lat="22.214977" lon="113.204964">
        <ele>9.8</ele>
        <time>2024-04-27T08:32:00Z</time>
      </trkpt>
      <trkpt lat="22.215047" lon="113.204949">
        <ele>9.8</ele>
        <time>2024-04-27T08:32:01Z</time>
      </trkpt>
      <trkpt lat="22.215117" lon="113.204934">
        <ele>9.8</ele>
        <time>2024-04-27T08:32:02Z</time>
      </trkpt>
      <trkpt lat="22.215187" lon="113.204915">
        <ele>9.8</ele>
        <time>2024-04-27T08:32:03Z</time>
      </trkpt>
      <trkpt lat="22.215256" lon="113.204896">
        <ele>9.8</ele>
        <time>2024-04-27T08:32:04Z</time>
      </trkpt>
      <trkpt lat="22.215325" lon="113.204877">
        <ele>9.8</ele>
        <time>2024-04-27T08:32:05Z</time>
      </trkpt>
      <trkpt lat="22.215394" lon="113.204858">
        <ele>9.8</ele>
        <time>2024-04-27T08:32:06Z</time>
      </trkpt>
      <trkpt lat="22.215462" lon="113.204842">
        <ele>9.8</ele>
        <time>2024-04-27T08:32:07Z</time>
      </trkpt>
      <trkpt lat="22.215532" lon="113.204827">
        <ele>9.8</ele>
        <time>2024-04-27T08:32:08Z</time>
      </trkpt>
      <trkpt lat="22.215601" lon="113.204812">
        <ele>9.8</ele>
        <time>2024-04-27T08:32:09Z</time>
      </trkpt>
      <trkpt lat="22.215669" lon="113.204793">
        <ele>9.8</ele>
        <time>2024-04-27T08:32:10Z</time>
      </trkpt>
      <trkpt lat="22.215737" lon="113.204777">
        <ele>9.8</ele>
        <time>2024-04-27T08:32:11Z</time>
      </trkpt>
      <trkpt lat="22.215806" lon="113.204763">
        <ele>9.8</ele>
        <time>2024-04-27T08:32:12Z</time>
      </trkpt>
      <trkpt lat="22.215873" lon="113.204743">
        <ele>9.8</ele>
        <time>2024-04-27T08:32:13Z</time>
      </trkpt>
      <trkpt lat="22.21594" lon="113.204728">
        <ele>9.8</ele>
        <time>2024-04-27T08:32:14Z</time>
      </trkpt>
      <trkpt lat="22.216005" lon="113.204713">
        <ele>9.8</ele>
        <time>2024-04-27T08:32:15Z</time>
      </trkpt>
      <trkpt lat="22.216067" lon="113.204697">
        <ele>9.8</ele>
        <time>2024-04-27T08:32:16Z</time>
      </trkpt>
      <trkpt lat="22.216128" lon="113.204682">
        <ele>9.8</ele>
        <time>2024-04-27T08:32:17Z</time>
      </trkpt>
      <trkpt lat="22.216187" lon="113.204667">
        <ele>9.8</ele>
        <time>2024-04-27T08:32:18Z</time>
      </trkpt>
      <trkpt lat="22.216243" lon="113.204648">
        <ele>9.8</ele>
        <time>2024-04-27T08:32:19Z</time>
      </trkpt>
      <trkpt lat="22.216296" lon="113.204629">
        <ele>9.8</ele>
        <time>2024-04-27T08:32:20Z</time>
      </trkpt>
      <trkpt lat="22.216347" lon="113.20462">
        <ele>9.8</ele>
        <time>2024-04-27T08:32:21Z</time>
      </trkpt>
      <trkpt lat="22.216399" lon="113.204617">
        <ele>9.8</ele>
        <time>2024-04-27T08:32:22Z</time>
      </trkpt>
      <trkpt lat="22.216452" lon="113.204606">
        <ele>9.8</ele>
        <time>2024-04-27T08:32:23Z</time>
      </trkpt>
      <trkpt lat="22.216503" lon="113.204591">
        <ele>9.8</ele>
        <time>2024-04-27T08:32:24Z</time>
      </trkpt>
      <trkpt lat="22.216552" lon="113.204575">
        <ele>9.8</ele>
        <time>2024-04-27T08:32:25Z</time>
      </trkpt>
      <trkpt lat="22.216597" lon="113.20456">
        <ele>9.8</ele>
        <time>2024-04-27T08:32:26Z</time>
      </trkpt>
      <trkpt lat="22.216637" lon="113.204548">
        <ele>9.8</ele>
        <time>2024-04-27T08:32:27Z</time>
      </trkpt>
      <trkpt lat="22.216674" lon="113.204537">
        <ele>9.8</ele>
        <time>2024-04-27T08:32:28Z</time>
      </trkpt>
      <trkpt lat="22.216706" lon="113.204529">
        <ele>9.8</ele>
        <time>2024-04-27T08:32:29Z</time>
      </trkpt>
      <trkpt lat="22.216732" lon="113.204529">
        <ele>9.8</ele>
        <time>2024-04-27T08:32:30Z</time>
      </trkpt>
      <trkpt lat="22.216754" lon="113.204525">
        <ele>9.8</ele>
        <time>2024-04-27T08:32:31Z</time>
      </trkpt>
      <trkpt lat="22.21677" lon="113.204518">
        <ele>9.8</ele>
        <time>2024-04-27T08:32:32Z</time>
      </trkpt>
      <trkpt lat="22.216784" lon="113.204514">
        <ele>9.8</ele>
        <time>2024-04-27T08:32:33Z</time>
      </trkpt>
      <trkpt lat="22.216798" lon="113.20451">
        <ele>9.8</ele>
        <time>2024-04-27T08:32:34Z</time>
      </trkpt>
      <trkpt lat="22.216812" lon="113.204499">
        <ele>9.8</ele>
        <time>2024-04-27T08:32:35Z</time>
      </trkpt>
      <trkpt lat="22.216824" lon="113.204487">
        <ele>9.8</ele>
        <time>2024-04-27T08:32:36Z</time>
      </trkpt>
      <trkpt lat="22.216834" lon="113.204476">
        <ele>9.8</ele>
        <time>2024-04-27T08:32:37Z</time>
      </trkpt>
      <trkpt lat="22.216841" lon="113.204458">
        <ele>9.8</ele>
        <time>2024-04-27T08:32:38Z</time>
      </trkpt>
      <trkpt lat="22.216849" lon="113.204435">
        <ele>9.8</ele>
        <time>2024-04-27T08:32:39Z</time>
      </trkpt>
      <trkpt lat="22.216857" lon="113.204415">
        <ele>9.8</ele>
        <time>2024-04-27T08:32:40Z</time>
      </trkpt>
      <trkpt lat="22.216864" lon="113.2044">
        <ele>9.8</ele>
        <time>2024-04-27T08:32:41Z</time>
      </trkpt>
      <trkpt lat="22.216871" lon="113.204381">
        <ele>9.8</ele>
        <time>2024-04-27T08:32:42Z</time>
      </trkpt>
      <trkpt lat="22.216871" lon="113.204358">
        <ele>9.8</ele>
        <time>2024-04-27T08:32:43Z</time>
      </trkpt>
      <trkpt lat="22.216867" lon="113.204336">
        <ele>9.8</ele>
        <time>2024-04-27T08:32:44Z</time>
      </trkpt>
      <trkpt lat="22.21686" lon="113.204313">
        <ele>9.7</ele>
        <time>2024-04-27T08:32:45Z</time>
      </trkpt>
      <trkpt lat="22.216854" lon="113.20429">
        <ele>9.7</ele>
        <time>2024-04-27T08:32:46Z</time>
      </trkpt>
      <trkpt lat="22.216851" lon="113.204267">
        <ele>9.7</ele>
        <time>2024-04-27T08:32:47Z</time>
      </trkpt>
      <trkpt lat="22.216852" lon="113.204244">
        <ele>9.7</ele>
        <time>2024-04-27T08:32:48Z</time>
      </trkpt>
      <trkpt lat="22.216861" lon="113.204224">
        <ele>9.7</ele>
        <time>2024-04-27T08:32:49Z</time>
      </trkpt>
      <trkpt lat="22.216882" lon="113.204209">
        <ele>9.7</ele>
        <time>2024-04-27T08:32:50Z</time>
      </trkpt>
      <trkpt lat="22.216913" lon="113.204204">
        <ele>9.7</ele>
        <time>2024-04-27T08:32:51Z</time>
      </trkpt>
      <trkpt lat="22.216943" lon="113.204205">
        <ele>9.7</ele>
        <time>2024-04-27T08:32:52Z</time>
      </trkpt>
      <trkpt lat="22.216969" lon="113.204197">
        <ele>9.7</ele>
        <time>2024-04-27T08:32:53Z</time>
      </trkpt>
      <trkpt lat="22.216986" lon="113.204193">
        <ele>9.7</ele>
        <time>2024-04-27T08:32:54Z</time>
      </trkpt>
      <trkpt lat="22.216997" lon="113.204196">
        <ele>9.7</ele>
        <time>2024-04-27T08:32:55Z</time>
      </trkpt>
      <trkpt lat="22.217004" lon="113.204201">
        <ele>9.7</ele>
        <time>2024-04-27T08:32:56Z</time>
      </trkpt>
      <trkpt lat="22.21701" lon="113.204201">
        <ele>9.7</ele>
        <time>2024-04-27T08:32:57Z</time>
      </trkpt>
      <trkpt lat="22.217015" lon="113.204201">
        <ele>9.7</ele>
        <time>2024-04-27T08:32:58Z</time>
      </trkpt>
      <trkpt lat="22.217016" lon="113.204201">
        <ele>9.7</ele>
        <time>2024-04-27T08:32:59Z</time>
      </trkpt>
      <trkpt lat="22.217016" lon="113.204201">
        <ele>9.7</ele>
        <time>2024-04-27T08:33:00Z</time>
      </trkpt>
      <trkpt lat="22.217016" lon="113.204201">
        <ele>9.7</ele>
        <time>2024-04-27T08:33:01Z</time>
      </trkpt>
      <trkpt lat="22.217016" lon="113.204201">
        <ele>9.7</ele>
        <time>2024-04-27T08:33:02Z</time>
      </trkpt>
      <trkpt lat="22.21705" lon="113.20419">
        <ele>9.7</ele>
        <time>2024-04-27T08:33:18Z</time>
      </trkpt>
      <trkpt lat="22.217076" lon="113.204179">
        <ele>9.7</ele>
        <time>2024-04-27T08:33:19Z</time>
      </trkpt>
      <trkpt lat="22.217103" lon="113.204163">
        <ele>9.7</ele>
        <time>2024-04-27T08:33:20Z</time>
      </trkpt>
      <trkpt lat="22.217129" lon="113.204152">
        <ele>9.7</ele>
        <time>2024-04-27T08:33:21Z</time>
      </trkpt>
      <trkpt lat="22.217147" lon="113.20414">
        <ele>9.7</ele>
        <time>2024-04-27T08:33:22Z</time>
      </trkpt>
      <trkpt lat="22.217163" lon="113.204129">
        <ele>9.7</ele>
        <time>2024-04-27T08:33:23Z</time>
      </trkpt>
      <trkpt lat="22.217179" lon="113.204124">
        <ele>9.7</ele>
        <time>2024-04-27T08:33:24Z</time>
      </trkpt>
      <trkpt lat="22.217189" lon="113.204128">
        <ele>9.7</ele>
        <time>2024-04-27T08:33:25Z</time>
      </trkpt>
      <trkpt lat="22.217192" lon="113.204142">
        <ele>9.7</ele>
        <time>2024-04-27T08:33:26Z</time>
      </trkpt>
      <trkpt lat="22.217193" lon="113.204162">
        <ele>9.7</ele>
        <time>2024-04-27T08:33:27Z</time>
      </trkpt>
      <trkpt lat="22.217199" lon="113.204177">
        <ele>9.7</ele>
        <time>2024-04-27T08:33:28Z</time>
      </trkpt>
      <trkpt lat="22.217207" lon="113.204192">
        <ele>9.7</ele>
        <time>2024-04-27T08:33:29Z</time>
      </trkpt>
      <trkpt lat="22.217212" lon="113.204208">
        <ele>9.7</ele>
        <time>2024-04-27T08:33:30Z</time>
      </trkpt>
      <trkpt lat="22.21721" lon="113.204223">
        <ele>9.7</ele>
        <time>2024-04-27T08:33:31Z</time>
      </trkpt>
      <trkpt lat="22.217207" lon="113.204238">
        <ele>9.7</ele>
        <time>2024-04-27T08:33:32Z</time>
      </trkpt>
      <trkpt lat="22.21721" lon="113.204253">
        <ele>9.7</ele>
        <time>2024-04-27T08:33:33Z</time>
      </trkpt>
      <trkpt lat="22.217219" lon="113.204269">
        <ele>9.7</ele>
        <time>2024-04-27T08:33:34Z</time>
      </trkpt>
      <trkpt lat="22.217229" lon="113.20428">
        <ele>9.7</ele>
        <time>2024-04-27T08:33:35Z</time>
      </trkpt>
      <trkpt lat="22.217229" lon="113.204288">
        <ele>9.7</ele>
        <time>2024-04-27T08:33:36Z</time>
      </trkpt>
      <trkpt lat="22.217222" lon="113.204292">
        <ele>9.7</ele>
        <time>2024-04-27T08:33:37Z</time>
      </trkpt>
      <trkpt lat="22.217216" lon="113.204292">
        <ele>9.7</ele>
        <time>2024-04-27T08:33:38Z</time>
      </trkpt>
      <trkpt lat="22.217215" lon="113.204292">
        <ele>9.7</ele>
        <time>2024-04-27T08:33:39Z</time>
      </trkpt>
      <trkpt lat="22.217215" lon="113.204292">
        <ele>9.7</ele>
        <time>2024-04-27T08:33:40Z</time>
      </trkpt>
      <trkpt lat="22.217215" lon="113.204292">
        <ele>9.7</ele>
        <time>2024-04-27T08:33:41Z</time>
      </trkpt>
      <trkpt lat="22.217215" lon="113.204292">
        <ele>9.7</ele>
        <time>2024-04-27T08:33:42Z</time>
      </trkpt>
      <trkpt lat="22.217217" lon="113.204356">
        <ele>9.7</ele>
        <time>2024-04-27T08:33:56Z</time>
      </trkpt>
      <trkpt lat="22.217212" lon="113.204379">
        <ele>9.7</ele>
        <time>2024-04-27T08:33:57Z</time>
      </trkpt>
      <trkpt lat="22.217204" lon="113.204402">
        <ele>9.7</ele>
        <time>2024-04-27T08:33:58Z</time>
      </trkpt>
      <trkpt lat="22.217194" lon="113.204421">
        <ele>9.7</ele>
        <time>2024-04-27T08:33:59Z</time>
      </trkpt>
      <trkpt lat="22.217187" lon="113.20444">
        <ele>9.7</ele>
        <time>2024-04-27T08:34:00Z</time>
      </trkpt>
      <trkpt lat="22.217185" lon="113.204466">
        <ele>9.7</ele>
        <time>2024-04-27T08:34:01Z</time>
      </trkpt>
      <trkpt lat="22.217188" lon="113.204497">
        <ele>9.7</ele>
        <time>2024-04-27T08:34:02Z</time>
      </trkpt>
      <trkpt lat="22.217191" lon="113.204527">
        <ele>9.7</ele>
        <time>2024-04-27T08:34:03Z</time>
      </trkpt>
      <trkpt lat="22.217195" lon="113.204558">
        <ele>9.7</ele>
        <time>2024-04-27T08:34:04Z</time>
      </trkpt>
      <trkpt lat="22.217199" lon="113.204588">
        <ele>9.7</ele>
        <time>2024-04-27T08:34:05Z</time>
      </trkpt>
      <trkpt lat="22.217204" lon="113.204622">
        <ele>9.7</ele>
        <time>2024-04-27T08:34:06Z</time>
      </trkpt>
      <trkpt lat="22.21721" lon="113.204657">
        <ele>9.7</ele>
        <time>2024-04-27T08:34:07Z</time>
      </trkpt>
      <trkpt lat="22.217218" lon="113.204684">
        <ele>9.7</ele>
        <time>2024-04-27T08:34:08Z</time>
      </trkpt>
      <trkpt lat="22.217223" lon="113.204711">
        <ele>9.7</ele>
        <time>2024-04-27T08:34:09Z</time>
      </trkpt>
      <trkpt lat="22.217225" lon="113.204745">
        <ele>9.7</ele>
        <time>2024-04-27T08:34:10Z</time>
      </trkpt>
      <trkpt lat="22.217228" lon="113.204779">
        <ele>9.6</ele>
        <time>2024-04-27T08:34:11Z</time>
      </trkpt>
      <trkpt lat="22.217233" lon="113.204813">
        <ele>9.6</ele>
        <time>2024-04-27T08:34:12Z</time>
      </trkpt>
      <trkpt lat="22.217239" lon="113.204848">
        <ele>9.6</ele>
        <time>2024-04-27T08:34:13Z</time>
      </trkpt>
      <trkpt lat="22.217241" lon="113.204878">
        <ele>9.6</ele>
        <time>2024-04-27T08:34:14Z</time>
      </trkpt>
      <trkpt lat="22.217242" lon="113.204909">
        <ele>9.6</ele>
        <time>2024-04-27T08:34:15Z</time>
      </trkpt>
      <trkpt lat="22.217247" lon="113.204939">
        <ele>9.6</ele>
        <time>2024-04-27T08:34:16Z</time>
      </trkpt>
      <trkpt lat="22.21726" lon="113.20497">
        <ele>9.6</ele>
        <time>2024-04-27T08:34:17Z</time>
      </trkpt>
      <trkpt lat="22.217278" lon="113.205004">
        <ele>9.6</ele>
        <time>2024-04-27T08:34:18Z</time>
      </trkpt>
      <trkpt lat="22.217292" lon="113.205039">
        <ele>9.6</ele>
        <time>2024-04-27T08:34:19Z</time>
      </trkpt>
      <trkpt lat="22.217302" lon="113.205072">
        <ele>9.6</ele>
        <time>2024-04-27T08:34:20Z</time>
      </trkpt>
      <trkpt lat="22.21731" lon="113.205114">
        <ele>9.6</ele>
        <time>2024-04-27T08:34:21Z</time>
      </trkpt>
      <trkpt lat="22.217319" lon="113.205149">
        <ele>9.6</ele>
        <time>2024-04-27T08:34:22Z</time>
      </trkpt>
      <trkpt lat="22.217326" lon="113.205176">
        <ele>9.6</ele>
        <time>2024-04-27T08:34:23Z</time>
      </trkpt>
      <trkpt lat="22.217333" lon="113.205207">
        <ele>9.6</ele>
        <time>2024-04-27T08:34:24Z</time>
      </trkpt>
      <trkpt lat="22.21734" lon="113.205237">
        <ele>9.6</ele>
        <time>2024-04-27T08:34:25Z</time>
      </trkpt>
      <trkpt lat="22.217347" lon="113.205267">
        <ele>9.6</ele>
        <time>2024-04-27T08:34:26Z</time>
      </trkpt>
      <trkpt lat="22.217353" lon="113.205291">
        <ele>9.6</ele>
        <time>2024-04-27T08:34:27Z</time>
      </trkpt>
      <trkpt lat="22.217356" lon="113.205306">
        <ele>9.6</ele>
        <time>2024-04-27T08:34:28Z</time>
      </trkpt>
      <trkpt lat="22.217357" lon="113.205322">
        <ele>9.6</ele>
        <time>2024-04-27T08:34:29Z</time>
      </trkpt>
      <trkpt lat="22.217359" lon="113.205337">
        <ele>9.6</ele>
        <time>2024-04-27T08:34:30Z</time>
      </trkpt>
      <trkpt lat="22.217361" lon="113.205352">
        <ele>9.6</ele>
        <time>2024-04-27T08:34:31Z</time>
      </trkpt>
      <trkpt lat="22.217363" lon="113.205367">
        <ele>9.6</ele>
        <time>2024-04-27T08:34:32Z</time>
      </trkpt>
      <trkpt lat="22.217364" lon="113.205379">
        <ele>9.6</ele>
        <time>2024-04-27T08:34:33Z</time>
      </trkpt>
      <trkpt lat="22.217366" lon="113.205383">
        <ele>9.6</ele>
        <time>2024-04-27T08:34:34Z</time>
      </trkpt>
      <trkpt lat="22.21737" lon="113.205442">
        <ele>9.6</ele>
        <time>2024-04-27T08:34:51Z</time>
      </trkpt>
      <trkpt lat="22.217371" lon="113.205473">
        <ele>9.6</ele>
        <time>2024-04-27T08:34:52Z</time>
      </trkpt>
      <trkpt lat="22.217369" lon="113.2055">
        <ele>9.6</ele>
        <time>2024-04-27T08:34:53Z</time>
      </trkpt>
      <trkpt lat="22.217365" lon="113.205527">
        <ele>9.6</ele>
        <time>2024-04-27T08:34:54Z</time>
      </trkpt>
      <trkpt lat="22.217362" lon="113.205557">
        <ele>9.6</ele>
        <time>2024-04-27T08:34:55Z</time>
      </trkpt>
      <trkpt lat="22.217361" lon="113.205582">
        <ele>9.6</ele>
        <time>2024-04-27T08:34:56Z</time>
      </trkpt>
      <trkpt lat="22.217361" lon="113.205602">
        <ele>9.6</ele>
        <time>2024-04-27T08:34:57Z</time>
      </trkpt>
      <trkpt lat="22.217363" lon="113.205622">
        <ele>9.6</ele>
        <time>2024-04-27T08:34:58Z</time>
      </trkpt>
      <trkpt lat="22.217367" lon="113.205645">
        <ele>9.6</ele>
        <time>2024-04-27T08:34:59Z</time>
      </trkpt>
      <trkpt lat="22.217374" lon="113.205672">
        <ele>9.6</ele>
        <time>2024-04-27T08:35:00Z</time>
      </trkpt>
      <trkpt lat="22.217385" lon="113.205702">
        <ele>9.6</ele>
        <time>2024-04-27T08:35:01Z</time>
      </trkpt>
      <trkpt lat="22.217394" lon="113.205733">
        <ele>9.6</ele>
        <time>2024-04-27T08:35:02Z</time>
      </trkpt>
      <trkpt lat="22.217403" lon="113.205766">
        <ele>9.5</ele>
        <time>2024-04-27T08:35:03Z</time>
      </trkpt>
      <trkpt lat="22.21741" lon="113.205804">
        <ele>9.5</ele>
        <time>2024-04-27T08:35:04Z</time>
      </trkpt>
      <trkpt lat="22.217416" lon="113.205843">
        <ele>9.5</ele>
        <time>2024-04-27T08:35:05Z</time>
      </trkpt>
      <trkpt lat="22.21742" lon="113.205878">
        <ele>9.5</ele>
        <time>2024-04-27T08:35:06Z</time>
      </trkpt>
      <trkpt lat="22.217424" lon="113.205908">
        <ele>9.5</ele>
        <time>2024-04-27T08:35:07Z</time>
      </trkpt>
      <trkpt lat="22.21743" lon="113.205935">
        <ele>9.5</ele>
        <time>2024-04-27T08:35:08Z</time>
      </trkpt>
      <trkpt lat="22.217436" lon="113.205961">
        <ele>9.5</ele>
        <time>2024-04-27T08:35:09Z</time>
      </trkpt>
      <trkpt lat="22.217441" lon="113.205985">
        <ele>9.5</ele>
        <time>2024-04-27T08:35:10Z</time>
      </trkpt>
      <trkpt lat="22.217448" lon="113.206004">
        <ele>9.5</ele>
        <time>2024-04-27T08:35:11Z</time>
      </trkpt>
      <trkpt lat="22.217452" lon="113.206024">
        <ele>9.5</ele>
        <time>2024-04-27T08:35:12Z</time>
      </trkpt>
      <trkpt lat="22.217455" lon="113.206042">
        <ele>9.5</ele>
        <time>2024-04-27T08:35:13Z</time>
      </trkpt>
      <trkpt lat="22.217458" lon="113.206065">
        <ele>9.5</ele>
        <time>2024-04-27T08:35:14Z</time>
      </trkpt>
      <trkpt lat="22.217459" lon="113.206084">
        <ele>9.5</ele>
        <time>2024-04-27T08:35:15Z</time>
      </trkpt>
      <trkpt lat="22.217459" lon="113.206102">
        <ele>9.5</ele>
        <time>2024-04-27T08:35:16Z</time>
      </trkpt>
      <trkpt lat="22.217461" lon="113.206126">
        <ele>9.5</ele>
        <time>2024-04-27T08:35:17Z</time>
      </trkpt>
      <trkpt lat="22.217463" lon="113.206149">
        <ele>9.5</ele>
        <time>2024-04-27T08:35:18Z</time>
      </trkpt>
      <trkpt lat="22.217466" lon="113.206175">
        <ele>9.5</ele>
        <time>2024-04-27T08:35:19Z</time>
      </trkpt>
      <trkpt lat="22.217469" lon="113.206206">
        <ele>9.5</ele>
        <time>2024-04-27T08:35:20Z</time>
      </trkpt>
      <trkpt lat="22.217471" lon="113.20624">
        <ele>9.5</ele>
        <time>2024-04-27T08:35:21Z</time>
      </trkpt>
      <trkpt lat="22.217475" lon="113.206274">
        <ele>9.5</ele>
        <time>2024-04-27T08:35:22Z</time>
      </trkpt>
      <trkpt lat="22.217482" lon="113.206308">
        <ele>9.5</ele>
        <time>2024-04-27T08:35:23Z</time>
      </trkpt>
      <trkpt lat="22.217491" lon="113.206343">
        <ele>9.5</ele>
        <time>2024-04-27T08:35:24Z</time>
      </trkpt>
      <trkpt lat="22.217498" lon="113.20637">
        <ele>9.5</ele>
        <time>2024-04-27T08:35:25Z</time>
      </trkpt>
      <trkpt lat="22.217502" lon="113.206396">
        <ele>9.5</ele>
        <time>2024-04-27T08:35:26Z</time>
      </trkpt>
      <trkpt lat="22.217507" lon="113.206427">
        <ele>9.5</ele>
        <time>2024-04-27T08:35:27Z</time>
      </trkpt>
      <trkpt lat="22.217514" lon="113.206457">
        <ele>9.5</ele>
        <time>2024-04-27T08:35:28Z</time>
      </trkpt>
      <trkpt lat="22.217522" lon="113.206484">
        <ele>9.5</ele>
        <time>2024-04-27T08:35:29Z</time>
      </trkpt>
      <trkpt lat="22.21753" lon="113.206507">
        <ele>9.5</ele>
        <time>2024-04-27T08:35:30Z</time>
      </trkpt>
      <trkpt lat="22.217534" lon="113.206523">
        <ele>9.5</ele>
        <time>2024-04-27T08:35:31Z</time>
      </trkpt>
      <trkpt lat="22.217534" lon="113.206524">
        <ele>9.5</ele>
        <time>2024-04-27T08:35:32Z</time>
      </trkpt>
      <trkpt lat="22.217528" lon="113.206517">
        <ele>9.5</ele>
        <time>2024-04-27T08:35:33Z</time>
      </trkpt>
      <trkpt lat="22.217522" lon="113.206512">
        <ele>9.5</ele>
        <time>2024-04-27T08:35:34Z</time>
      </trkpt>
      <trkpt lat="22.217522" lon="113.206512">
        <ele>9.5</ele>
        <time>2024-04-27T08:35:35Z</time>
      </trkpt>
      <trkpt lat="22.217522" lon="113.206512">
        <ele>9.5</ele>
        <time>2024-04-27T08:35:36Z</time>
      </trkpt>
      <trkpt lat="22.21752" lon="113.206576">
        <ele>9.5</ele>
        <time>2024-04-27T08:36:07Z</time>
      </trkpt>
      <trkpt lat="22.217526" lon="113.206599">
        <ele>9.5</ele>
        <time>2024-04-27T08:36:08Z</time>
      </trkpt>
      <trkpt lat="22.217532" lon="113.206625">
        <ele>9.5</ele>
        <time>2024-04-27T08:36:09Z</time>
      </trkpt>
      <trkpt lat="22.217538" lon="113.206659">
        <ele>9.5</ele>
        <time>2024-04-27T08:36:10Z</time>
      </trkpt>
      <trkpt lat="22.217546" lon="113.206697">
        <ele>9.4</ele>
        <time>2024-04-27T08:36:11Z</time>
      </trkpt>
      <trkpt lat="22.217555" lon="113.206732">
        <ele>9.4</ele>
        <time>2024-04-27T08:36:12Z</time>
      </trkpt>
      <trkpt lat="22.217563" lon="113.206763">
        <ele>9.4</ele>
        <time>2024-04-27T08:36:13Z</time>
      </trkpt>
      <trkpt lat="22.21757" lon="113.206793">
        <ele>9.4</ele>
        <time>2024-04-27T08:36:14Z</time>
      </trkpt>
      <trkpt lat="22.217575" lon="113.206824">
        <ele>9.4</ele>
        <time>2024-04-27T08:36:15Z</time>
      </trkpt>
      <trkpt lat="22.217579" lon="113.206854">
        <ele>9.4</ele>
        <time>2024-04-27T08:36:16Z</time>
      </trkpt>
      <trkpt lat="22.217583" lon="113.206888">
        <ele>9.4</ele>
        <time>2024-04-27T08:36:17Z</time>
      </trkpt>
      <trkpt lat="22.217588" lon="113.206926">
        <ele>9.4</ele>
        <time>2024-04-27T08:36:18Z</time>
      </trkpt>
      <trkpt lat="22.217594" lon="113.206968">
        <ele>9.4</ele>
        <time>2024-04-27T08:36:19Z</time>
      </trkpt>
      <trkpt lat="22.217603" lon="113.207014">
        <ele>9.4</ele>
        <time>2024-04-27T08:36:20Z</time>
      </trkpt>
      <trkpt lat="22.217614" lon="113.20706">
        <ele>9.5</ele>
        <time>2024-04-27T08:36:21Z</time>
      </trkpt>
      <trkpt lat="22.217622" lon="113.207105">
        <ele>9.5</ele>
        <time>2024-04-27T08:36:22Z</time>
      </trkpt>
      <trkpt lat="22.21763" lon="113.207147">
        <ele>9.5</ele>
        <time>2024-04-27T08:36:23Z</time>
      </trkpt>
      <trkpt lat="22.217638" lon="113.207186">
        <ele>9.5</ele>
        <time>2024-04-27T08:36:24Z</time>
      </trkpt>
      <trkpt lat="22.217646" lon="113.207228">
        <ele>9.6</ele>
        <time>2024-04-27T08:36:25Z</time>
      </trkpt>
      <trkpt lat="22.217651" lon="113.20727">
        <ele>9.6</ele>
        <time>2024-04-27T08:36:26Z</time>
      </trkpt>
      <trkpt lat="22.217655" lon="113.207304">
        <ele>9.6</ele>
        <time>2024-04-27T08:36:27Z</time>
      </trkpt>
      <trkpt lat="22.21766" lon="113.207335">
        <ele>9.6</ele>
        <time>2024-04-27T08:36:28Z</time>
      </trkpt>
      <trkpt lat="22.217665" lon="113.207368">
        <ele>9.6</ele>
        <time>2024-04-27T08:36:29Z</time>
      </trkpt>
      <trkpt lat="22.217671" lon="113.207407">
        <ele>9.7</ele>
        <time>2024-04-27T08:36:30Z</time>
      </trkpt>
      <trkpt lat="22.21767" lon="113.207438">
        <ele>9.7</ele>
        <time>2024-04-27T08:36:31Z</time>
      </trkpt>
      <trkpt lat="22.217663" lon="113.207464">
        <ele>9.7</ele>
        <time>2024-04-27T08:36:32Z</time>
      </trkpt>
      <trkpt lat="22.21766" lon="113.207495">
        <ele>9.7</ele>
        <time>2024-04-27T08:36:33Z</time>
      </trkpt>
      <trkpt lat="22.217661" lon="113.207529">
        <ele>9.7</ele>
        <time>2024-04-27T08:36:34Z</time>
      </trkpt>
      <trkpt lat="22.217663" lon="113.207564">
        <ele>9.7</ele>
        <time>2024-04-27T08:36:35Z</time>
      </trkpt>
      <trkpt lat="22.217665" lon="113.207598">
        <ele>9.8</ele>
        <time>2024-04-27T08:36:36Z</time>
      </trkpt>
      <trkpt lat="22.217668" lon="113.207632">
        <ele>9.8</ele>
        <time>2024-04-27T08:36:37Z</time>
      </trkpt>
      <trkpt lat="22.217672" lon="113.207662">
        <ele>9.8</ele>
        <time>2024-04-27T08:36:38Z</time>
      </trkpt>
      <trkpt lat="22.217676" lon="113.207697">
        <ele>9.8</ele>
        <time>2024-04-27T08:36:39Z</time>
      </trkpt>
      <trkpt lat="22.217682" lon="113.207732">
        <ele>9.8</ele>
        <time>2024-04-27T08:36:40Z</time>
      </trkpt>
      <trkpt lat="22.217693" lon="113.207766">
        <ele>9.9</ele>
        <time>2024-04-27T08:36:41Z</time>
      </trkpt>
      <trkpt lat="22.217703" lon="113.2078">
        <ele>9.9</ele>
        <time>2024-04-27T08:36:42Z</time>
      </trkpt>
      <trkpt lat="22.217713" lon="113.207831">
        <ele>9.9</ele>
        <time>2024-04-27T08:36:43Z</time>
      </trkpt>
      <trkpt lat="22.217722" lon="113.207858">
        <ele>9.9</ele>
        <time>2024-04-27T08:36:44Z</time>
      </trkpt>
      <trkpt lat="22.21773" lon="113.207874">
        <ele>9.9</ele>
        <time>2024-04-27T08:36:45Z</time>
      </trkpt>
      <trkpt lat="22.217734" lon="113.207881">
        <ele>9.9</ele>
        <time>2024-04-27T08:36:46Z</time>
      </trkpt>
      <trkpt lat="22.217736" lon="113.207886">
        <ele>9.9</ele>
        <time>2024-04-27T08:36:47Z</time>
      </trkpt>
      <trkpt lat="22.217736" lon="113.20801">
        <ele>10</ele>
        <time>2024-04-27T08:37:07Z</time>
      </trkpt>
      <trkpt lat="22.217725" lon="113.20803">
        <ele>10</ele>
        <time>2024-04-27T08:37:08Z</time>
      </trkpt>
      <trkpt lat="22.217711" lon="113.208045">
        <ele>10</ele>
        <time>2024-04-27T08:37:09Z</time>
      </trkpt>
      <trkpt lat="22.2177" lon="113.208064">
        <ele>10</ele>
        <time>2024-04-27T08:37:10Z</time>
      </trkpt>
      <trkpt lat="22.2177" lon="113.208087">
        <ele>10</ele>
        <time>2024-04-27T08:37:11Z</time>
      </trkpt>
      <trkpt lat="22.217706" lon="113.208113">
        <ele>10.1</ele>
        <time>2024-04-27T08:37:12Z</time>
      </trkpt>
      <trkpt lat="22.217715" lon="113.208147">
        <ele>10.1</ele>
        <time>2024-04-27T08:37:13Z</time>
      </trkpt>
      <trkpt lat="22.217723" lon="113.208185">
        <ele>10.1</ele>
        <time>2024-04-27T08:37:14Z</time>
      </trkpt>
      <trkpt lat="22.217729" lon="113.20822">
        <ele>10.1</ele>
        <time>2024-04-27T08:37:15Z</time>
      </trkpt>
      <trkpt lat="22.217736" lon="113.208247">
        <ele>10.1</ele>
        <time>2024-04-27T08:37:16Z</time>
      </trkpt>
      <trkpt lat="22.217746" lon="113.208273">
        <ele>10.2</ele>
        <time>2024-04-27T08:37:17Z</time>
      </trkpt>
      <trkpt lat="22.217759" lon="113.208304">
        <ele>10.2</ele>
        <time>2024-04-27T08:37:18Z</time>
      </trkpt>
      <trkpt lat="22.21777" lon="113.208334">
        <ele>10.2</ele>
        <time>2024-04-27T08:37:19Z</time>
      </trkpt>
      <trkpt lat="22.217777" lon="113.208365">
        <ele>10.2</ele>
        <time>2024-04-27T08:37:20Z</time>
      </trkpt>
      <trkpt lat="22.217779" lon="113.208399">
        <ele>10.2</ele>
        <time>2024-04-27T08:37:21Z</time>
      </trkpt>
      <trkpt lat="22.21778" lon="113.208433">
        <ele>10.2</ele>
        <time>2024-04-27T08:37:22Z</time>
      </trkpt>
      <trkpt lat="22.217784" lon="113.208464">
        <ele>10.3</ele>
        <time>2024-04-27T08:37:23Z</time>
      </trkpt>
      <trkpt lat="22.217789" lon="113.208494">
        <ele>10.3</ele>
        <time>2024-04-27T08:37:24Z</time>
      </trkpt>
      <trkpt lat="22.217795" lon="113.208525">
        <ele>10.3</ele>
        <time>2024-04-27T08:37:25Z</time>
      </trkpt>
      <trkpt lat="22.217801" lon="113.208559">
        <ele>10.3</ele>
        <time>2024-04-27T08:37:26Z</time>
      </trkpt>
      <trkpt lat="22.217806" lon="113.208594">
        <ele>10.3</ele>
        <time>2024-04-27T08:37:27Z</time>
      </trkpt>
      <trkpt lat="22.217813" lon="113.208627">
        <ele>10.4</ele>
        <time>2024-04-27T08:37:28Z</time>
      </trkpt>
      <trkpt lat="22.21782" lon="113.208662">
        <ele>10.4</ele>
        <time>2024-04-27T08:37:29Z</time>
      </trkpt>
      <trkpt lat="22.217825" lon="113.208693">
        <ele>10.4</ele>
        <time>2024-04-27T08:37:30Z</time>
      </trkpt>
      <trkpt lat="22.217829" lon="113.208724">
        <ele>10.4</ele>
        <time>2024-04-27T08:37:31Z</time>
      </trkpt>
      <trkpt lat="22.217831" lon="113.208754">
        <ele>10.4</ele>
        <time>2024-04-27T08:37:32Z</time>
      </trkpt>
      <trkpt lat="22.217832" lon="113.208791">
        <ele>10.4</ele>
        <time>2024-04-27T08:37:33Z</time>
      </trkpt>
      <trkpt lat="22.217837" lon="113.20883">
        <ele>10.5</ele>
        <time>2024-04-27T08:37:34Z</time>
      </trkpt>
      <trkpt lat="22.217841" lon="113.208857">
        <ele>10.5</ele>
        <time>2024-04-27T08:37:35Z</time>
      </trkpt>
      <trkpt lat="22.217845" lon="113.208883">
        <ele>10.5</ele>
        <time>2024-04-27T08:37:36Z</time>
      </trkpt>
      <trkpt lat="22.21785" lon="113.208914">
        <ele>10.5</ele>
        <time>2024-04-27T08:37:37Z</time>
      </trkpt>
      <trkpt lat="22.217854" lon="113.208945">
        <ele>10.5</ele>
        <time>2024-04-27T08:37:38Z</time>
      </trkpt>
      <trkpt lat="22.217858" lon="113.208972">
        <ele>10.5</ele>
        <time>2024-04-27T08:37:39Z</time>
      </trkpt>
      <trkpt lat="22.217865" lon="113.208995">
        <ele>10.6</ele>
        <time>2024-04-27T08:37:40Z</time>
      </trkpt>
      <trkpt lat="22.217871" lon="113.209014">
        <ele>10.6</ele>
        <time>2024-04-27T08:37:41Z</time>
      </trkpt>
      <trkpt lat="22.217873" lon="113.209033">
        <ele>10.6</ele>
        <time>2024-04-27T08:37:42Z</time>
      </trkpt>
      <trkpt lat="22.217875" lon="113.209059">
        <ele>10.6</ele>
        <time>2024-04-27T08:37:43Z</time>
      </trkpt>
      <trkpt lat="22.217878" lon="113.209089">
        <ele>10.6</ele>
        <time>2024-04-27T08:37:44Z</time>
      </trkpt>
      <trkpt lat="22.217879" lon="113.20912">
        <ele>10.6</ele>
        <time>2024-04-27T08:37:45Z</time>
      </trkpt>
      <trkpt lat="22.217878" lon="113.209151">
        <ele>10.6</ele>
        <time>2024-04-27T08:37:46Z</time>
      </trkpt>
      <trkpt lat="22.217881" lon="113.209188">
        <ele>10.7</ele>
        <time>2024-04-27T08:37:47Z</time>
      </trkpt>
      <trkpt lat="22.217887" lon="113.209227">
        <ele>10.7</ele>
        <time>2024-04-27T08:37:48Z</time>
      </trkpt>
      <trkpt lat="22.217895" lon="113.209264">
        <ele>10.7</ele>
        <time>2024-04-27T08:37:49Z</time>
      </trkpt>
      <trkpt lat="22.217901" lon="113.209307">
        <ele>10.7</ele>
        <time>2024-04-27T08:37:50Z</time>
      </trkpt>
      <trkpt lat="22.217906" lon="113.209348">
        <ele>10.7</ele>
        <time>2024-04-27T08:37:51Z</time>
      </trkpt>
      <trkpt lat="22.217911" lon="113.20939">
        <ele>10.8</ele>
        <time>2024-04-27T08:37:52Z</time>
      </trkpt>
      <trkpt lat="22.217918" lon="113.209432">
        <ele>10.8</ele>
        <time>2024-04-27T08:37:53Z</time>
      </trkpt>
      <trkpt lat="22.217927" lon="113.209475">
        <ele>10.8</ele>
        <time>2024-04-27T08:37:54Z</time>
      </trkpt>
      <trkpt lat="22.21794" lon="113.209509">
        <ele>10.8</ele>
        <time>2024-04-27T08:37:55Z</time>
      </trkpt>
      <trkpt lat="22.217957" lon="113.20954">
        <ele>10.8</ele>
        <time>2024-04-27T08:37:56Z</time>
      </trkpt>
      <trkpt lat="22.217977" lon="113.209574">
        <ele>10.9</ele>
        <time>2024-04-27T08:37:57Z</time>
      </trkpt>
      <trkpt lat="22.217989" lon="113.209612">
        <ele>10.9</ele>
        <time>2024-04-27T08:37:58Z</time>
      </trkpt>
      <trkpt lat="22.217991" lon="113.20965">
        <ele>10.9</ele>
        <time>2024-04-27T08:37:59Z</time>
      </trkpt>
      <trkpt lat="22.217991" lon="113.209695">
        <ele>10.9</ele>
        <time>2024-04-27T08:38:00Z</time>
      </trkpt>
      <trkpt lat="22.217994" lon="113.209745">
        <ele>10.9</ele>
        <time>2024-04-27T08:38:01Z</time>
      </trkpt>
      <trkpt lat="22.218003" lon="113.20979">
        <ele>11</ele>
        <time>2024-04-27T08:38:02Z</time>
      </trkpt>
      <trkpt lat="22.218011" lon="113.209837">
        <ele>11</ele>
        <time>2024-04-27T08:38:03Z</time>
      </trkpt>
      <trkpt lat="22.218016" lon="113.209882">
        <ele>11</ele>
        <time>2024-04-27T08:38:04Z</time>
      </trkpt>
      <trkpt lat="22.218021" lon="113.209924">
        <ele>11</ele>
        <time>2024-04-27T08:38:05Z</time>
      </trkpt>
      <trkpt lat="22.218025" lon="113.209963">
        <ele>11.1</ele>
        <time>2024-04-27T08:38:06Z</time>
      </trkpt>
      <trkpt lat="22.21803" lon="113.210001">
        <ele>11.1</ele>
        <time>2024-04-27T08:38:07Z</time>
      </trkpt>
      <trkpt lat="22.218034" lon="113.210042">
        <ele>11.1</ele>
        <time>2024-04-27T08:38:08Z</time>
      </trkpt>
      <trkpt lat="22.218033" lon="113.210084">
        <ele>11.1</ele>
        <time>2024-04-27T08:38:09Z</time>
      </trkpt>
      <trkpt lat="22.218035" lon="113.210123">
        <ele>11.1</ele>
        <time>2024-04-27T08:38:10Z</time>
      </trkpt>
      <trkpt lat="22.218044" lon="113.210154">
        <ele>11.1</ele>
        <time>2024-04-27T08:38:11Z</time>
      </trkpt>
      <trkpt lat="22.218047" lon="113.21018">
        <ele>11.2</ele>
        <time>2024-04-27T08:38:12Z</time>
      </trkpt>
      <trkpt lat="22.218045" lon="113.210211">
        <ele>11.2</ele>
        <time>2024-04-27T08:38:13Z</time>
      </trkpt>
      <trkpt lat="22.218046" lon="113.210245">
        <ele>11.2</ele>
        <time>2024-04-27T08:38:14Z</time>
      </trkpt>
      <trkpt lat="22.218051" lon="113.210283">
        <ele>11.2</ele>
        <time>2024-04-27T08:38:15Z</time>
      </trkpt>
      <trkpt lat="22.218055" lon="113.210321">
        <ele>11.2</ele>
        <time>2024-04-27T08:38:16Z</time>
      </trkpt>
      <trkpt lat="22.218058" lon="113.210363">
        <ele>11.3</ele>
        <time>2024-04-27T08:38:17Z</time>
      </trkpt>
      <trkpt lat="22.218058" lon="113.210405">
        <ele>11.3</ele>
        <time>2024-04-27T08:38:18Z</time>
      </trkpt>
      <trkpt lat="22.218058" lon="113.210447">
        <ele>11.3</ele>
        <time>2024-04-27T08:38:19Z</time>
      </trkpt>
      <trkpt lat="22.218056" lon="113.210489">
        <ele>11.3</ele>
        <time>2024-04-27T08:38:20Z</time>
      </trkpt>
      <trkpt lat="22.218052" lon="113.210527">
        <ele>11.3</ele>
        <time>2024-04-27T08:38:21Z</time>
      </trkpt>
      <trkpt lat="22.218049" lon="113.210565">
        <ele>11.4</ele>
        <time>2024-04-27T08:38:22Z</time>
      </trkpt>
      <trkpt lat="22.218049" lon="113.2106">
        <ele>11.4</ele>
        <time>2024-04-27T08:38:23Z</time>
      </trkpt>
      <trkpt lat="22.218053" lon="113.210638">
        <ele>11.4</ele>
        <time>2024-04-27T08:38:24Z</time>
      </trkpt>
      <trkpt lat="22.218057" lon="113.21068">
        <ele>11.4</ele>
        <time>2024-04-27T08:38:25Z</time>
      </trkpt>
      <trkpt lat="22.21806" lon="113.210718">
        <ele>11.4</ele>
        <time>2024-04-27T08:38:26Z</time>
      </trkpt>
      <trkpt lat="22.21806" lon="113.210756">
        <ele>11.5</ele>
        <time>2024-04-27T08:38:27Z</time>
      </trkpt>
      <trkpt lat="22.218063" lon="113.210791">
        <ele>11.5</ele>
        <time>2024-04-27T08:38:28Z</time>
      </trkpt>
      <trkpt lat="22.218066" lon="113.210825">
        <ele>11.4</ele>
        <time>2024-04-27T08:38:29Z</time>
      </trkpt>
      <trkpt lat="22.218067" lon="113.210859">
        <ele>11.4</ele>
        <time>2024-04-27T08:38:30Z</time>
      </trkpt>
      <trkpt lat="22.218065" lon="113.210897">
        <ele>11.4</ele>
        <time>2024-04-27T08:38:31Z</time>
      </trkpt>
      <trkpt lat="22.21806" lon="113.210943">
        <ele>11.4</ele>
        <time>2024-04-27T08:38:32Z</time>
      </trkpt>
      <trkpt lat="22.218053" lon="113.210982">
        <ele>11.4</ele>
        <time>2024-04-27T08:38:33Z</time>
      </trkpt>
      <trkpt lat="22.218046" lon="113.211009">
        <ele>11.3</ele>
        <time>2024-04-27T08:38:34Z</time>
      </trkpt>
      <trkpt lat="22.218041" lon="113.211028">
        <ele>11.3</ele>
        <time>2024-04-27T08:38:35Z</time>
      </trkpt>
      <trkpt lat="22.218039" lon="113.21105">
        <ele>11.3</ele>
        <time>2024-04-27T08:38:36Z</time>
      </trkpt>
      <trkpt lat="22.218039" lon="113.211074">
        <ele>11.3</ele>
        <time>2024-04-27T08:38:37Z</time>
      </trkpt>
      <trkpt lat="22.218042" lon="113.211093">
        <ele>11.3</ele>
        <time>2024-04-27T08:38:38Z</time>
      </trkpt>
      <trkpt lat="22.218049" lon="113.211119">
        <ele>11.3</ele>
        <time>2024-04-27T08:38:39Z</time>
      </trkpt>
      <trkpt lat="22.21806" lon="113.211146">
        <ele>11.3</ele>
        <time>2024-04-27T08:38:40Z</time>
      </trkpt>
      <trkpt lat="22.218076" lon="113.211176">
        <ele>11.2</ele>
        <time>2024-04-27T08:38:41Z</time>
      </trkpt>
      <trkpt lat="22.218095" lon="113.21121">
        <ele>11.2</ele>
        <time>2024-04-27T08:38:42Z</time>
      </trkpt>
      <trkpt lat="22.218108" lon="113.211241">
        <ele>11.2</ele>
        <time>2024-04-27T08:38:43Z</time>
      </trkpt>
      <trkpt lat="22.218102" lon="113.211268">
        <ele>11.2</ele>
        <time>2024-04-27T08:38:44Z</time>
      </trkpt>
      <trkpt lat="22.218079" lon="113.211295">
        <ele>11.2</ele>
        <time>2024-04-27T08:38:45Z</time>
      </trkpt>
      <trkpt lat="22.218061" lon="113.211329">
        <ele>11.1</ele>
        <time>2024-04-27T08:38:46Z</time>
      </trkpt>
      <trkpt lat="22.218056" lon="113.211363">
        <ele>11.1</ele>
        <time>2024-04-27T08:38:47Z</time>
      </trkpt>
      <trkpt lat="22.218057" lon="113.211397">
        <ele>11.1</ele>
        <time>2024-04-27T08:38:48Z</time>
      </trkpt>
      <trkpt lat="22.218057" lon="113.211435">
        <ele>11.1</ele>
        <time>2024-04-27T08:38:49Z</time>
      </trkpt>
      <trkpt lat="22.218053" lon="113.211473">
        <ele>11.1</ele>
        <time>2024-04-27T08:38:50Z</time>
      </trkpt>
      <trkpt lat="22.21805" lon="113.211508">
        <ele>11</ele>
        <time>2024-04-27T08:38:51Z</time>
      </trkpt>
      <trkpt lat="22.218053" lon="113.211538">
        <ele>11</ele>
        <time>2024-04-27T08:38:52Z</time>
      </trkpt>
      <trkpt lat="22.218061" lon="113.211569">
        <ele>11</ele>
        <time>2024-04-27T08:38:53Z</time>
      </trkpt>
      <trkpt lat="22.218065" lon="113.2116">
        <ele>11</ele>
        <time>2024-04-27T08:38:54Z</time>
      </trkpt>
      <trkpt lat="22.218064" lon="113.211634">
        <ele>11</ele>
        <time>2024-04-27T08:38:55Z</time>
      </trkpt>
      <trkpt lat="22.21806" lon="113.211672">
        <ele>10.9</ele>
        <time>2024-04-27T08:38:56Z</time>
      </trkpt>
      <trkpt lat="22.218057" lon="113.211706">
        <ele>10.9</ele>
        <time>2024-04-27T08:38:57Z</time>
      </trkpt>
      <trkpt lat="22.21806" lon="113.211727">
        <ele>10.9</ele>
        <time>2024-04-27T08:38:58Z</time>
      </trkpt>
      <trkpt lat="22.218077" lon="113.211738">
        <ele>10.9</ele>
        <time>2024-04-27T08:38:59Z</time>
      </trkpt>
      <trkpt lat="22.218103" lon="113.211756">
        <ele>10.9</ele>
        <time>2024-04-27T08:39:00Z</time>
      </trkpt>
      <trkpt lat="22.218127" lon="113.211776">
        <ele>10.9</ele>
        <time>2024-04-27T08:39:01Z</time>
      </trkpt>
      <trkpt lat="22.218146" lon="113.211781">
        <ele>10.8</ele>
        <time>2024-04-27T08:39:02Z</time>
      </trkpt>
      <trkpt lat="22.218159" lon="113.211767">
        <ele>10.8</ele>
        <time>2024-04-27T08:39:03Z</time>
      </trkpt>
      <trkpt lat="22.218167" lon="113.211747">
        <ele>10.8</ele>
        <time>2024-04-27T08:39:04Z</time>
      </trkpt>
      <trkpt lat="22.21817" lon="113.211728">
        <ele>10.8</ele>
        <time>2024-04-27T08:39:05Z</time>
      </trkpt>
      <trkpt lat="22.218177" lon="113.211709">
        <ele>10.8</ele>
        <time>2024-04-27T08:39:06Z</time>
      </trkpt>
      <trkpt lat="22.218194" lon="113.211697">
        <ele>10.8</ele>
        <time>2024-04-27T08:39:07Z</time>
      </trkpt>
      <trkpt lat="22.21822" lon="113.211683">
        <ele>10.8</ele>
        <time>2024-04-27T08:39:08Z</time>
      </trkpt>
      <trkpt lat="22.218253" lon="113.211663">
        <ele>10.7</ele>
        <time>2024-04-27T08:39:09Z</time>
      </trkpt>
      <trkpt lat="22.218292" lon="113.211644">
        <ele>10.7</ele>
        <time>2024-04-27T08:39:10Z</time>
      </trkpt>
      <trkpt lat="22.218332" lon="113.211622">
        <ele>10.7</ele>
        <time>2024-04-27T08:39:11Z</time>
      </trkpt>
      <trkpt lat="22.218371" lon="113.211602">
        <ele>10.7</ele>
        <time>2024-04-27T08:39:12Z</time>
      </trkpt>
      <trkpt lat="22.21841" lon="113.211583">
        <ele>10.6</ele>
        <time>2024-04-27T08:39:13Z</time>
      </trkpt>
      <trkpt lat="22.218444" lon="113.211564">
        <ele>10.6</ele>
        <time>2024-04-27T08:39:14Z</time>
      </trkpt>
      <trkpt lat="22.218479" lon="113.211552">
        <ele>10.6</ele>
        <time>2024-04-27T08:39:15Z</time>
      </trkpt>
      <trkpt lat="22.21852" lon="113.211544">
        <ele>10.6</ele>
        <time>2024-04-27T08:39:16Z</time>
      </trkpt>
      <trkpt lat="22.218565" lon="113.211533">
        <ele>10.5</ele>
        <time>2024-04-27T08:39:17Z</time>
      </trkpt>
      <trkpt lat="22.218615" lon="113.211518">
        <ele>10.5</ele>
        <time>2024-04-27T08:39:18Z</time>
      </trkpt>
      <trkpt lat="22.218666" lon="113.211503">
        <ele>10.5</ele>
        <time>2024-04-27T08:39:19Z</time>
      </trkpt>
      <trkpt lat="22.218719" lon="113.211488">
        <ele>10.4</ele>
        <time>2024-04-27T08:39:20Z</time>
      </trkpt>
      <trkpt lat="22.218773" lon="113.211469">
        <ele>10.4</ele>
        <time>2024-04-27T08:39:21Z</time>
      </trkpt>
      <trkpt lat="22.218822" lon="113.211449">
        <ele>10.4</ele>
        <time>2024-04-27T08:39:22Z</time>
      </trkpt>
      <trkpt lat="22.218867" lon="113.211434">
        <ele>10.4</ele>
        <time>2024-04-27T08:39:23Z</time>
      </trkpt>
      <trkpt lat="22.21891" lon="113.211419">
        <ele>10.4</ele>
        <time>2024-04-27T08:39:24Z</time>
      </trkpt>
      <trkpt lat="22.218952" lon="113.211404">
        <ele>10.5</ele>
        <time>2024-04-27T08:39:25Z</time>
      </trkpt>
      <trkpt lat="22.218997" lon="113.211388">
        <ele>10.5</ele>
        <time>2024-04-27T08:39:26Z</time>
      </trkpt>
      <trkpt lat="22.219042" lon="113.211373">
        <ele>10.6</ele>
        <time>2024-04-27T08:39:27Z</time>
      </trkpt>
      <trkpt lat="22.219084" lon="113.211361">
        <ele>10.6</ele>
        <time>2024-04-27T08:39:28Z</time>
      </trkpt>
      <trkpt lat="22.219127" lon="113.21135">
        <ele>10.7</ele>
        <time>2024-04-27T08:39:29Z</time>
      </trkpt>
      <trkpt lat="22.219172" lon="113.211335">
        <ele>10.7</ele>
        <time>2024-04-27T08:39:30Z</time>
      </trkpt>
      <trkpt lat="22.219219" lon="113.21132">
        <ele>10.8</ele>
        <time>2024-04-27T08:39:31Z</time>
      </trkpt>
      <trkpt lat="22.219269" lon="113.211304">
        <ele>10.9</ele>
        <time>2024-04-27T08:39:32Z</time>
      </trkpt>
      <trkpt lat="22.219321" lon="113.211286">
        <ele>10.9</ele>
        <time>2024-04-27T08:39:33Z</time>
      </trkpt>
      <trkpt lat="22.219373" lon="113.211266">
        <ele>11</ele>
        <time>2024-04-27T08:39:34Z</time>
      </trkpt>
      <trkpt lat="22.219424" lon="113.211251">
        <ele>11</ele>
        <time>2024-04-27T08:39:35Z</time>
      </trkpt>
      <trkpt lat="22.219477" lon="113.211236">
        <ele>11.1</ele>
        <time>2024-04-27T08:39:36Z</time>
      </trkpt>
      <trkpt lat="22.21953" lon="113.211221">
        <ele>11.2</ele>
        <time>2024-04-27T08:39:37Z</time>
      </trkpt>
      <trkpt lat="22.219584" lon="113.211205">
        <ele>11.2</ele>
        <time>2024-04-27T08:39:38Z</time>
      </trkpt>
      <trkpt lat="22.219637" lon="113.21119">
        <ele>11.3</ele>
        <time>2024-04-27T08:39:39Z</time>
      </trkpt>
      <trkpt lat="22.219689" lon="113.211171">
        <ele>11.4</ele>
        <time>2024-04-27T08:39:40Z</time>
      </trkpt>
      <trkpt lat="22.219744" lon="113.211152">
        <ele>11.4</ele>
        <time>2024-04-27T08:39:41Z</time>
      </trkpt>
      <trkpt lat="22.219802" lon="113.211133">
        <ele>11.5</ele>
        <time>2024-04-27T08:39:42Z</time>
      </trkpt>
      <trkpt lat="22.21986" lon="113.211114">
        <ele>11.6</ele>
        <time>2024-04-27T08:39:43Z</time>
      </trkpt>
      <trkpt lat="22.219917" lon="113.211098">
        <ele>11.6</ele>
        <time>2024-04-27T08:39:44Z</time>
      </trkpt>
      <trkpt lat="22.219972" lon="113.211083">
        <ele>11.7</ele>
        <time>2024-04-27T08:39:45Z</time>
      </trkpt>
      <trkpt lat="22.220022" lon="113.211065">
        <ele>11.7</ele>
        <time>2024-04-27T08:39:46Z</time>
      </trkpt>
      <trkpt lat="22.220071" lon="113.211045">
        <ele>11.8</ele>
        <time>2024-04-27T08:39:47Z</time>
      </trkpt>
      <trkpt lat="22.220123" lon="113.21103">
        <ele>11.9</ele>
        <time>2024-04-27T08:39:48Z</time>
      </trkpt>
      <trkpt lat="22.220172" lon="113.211015">
        <ele>11.9</ele>
        <time>2024-04-27T08:39:49Z</time>
      </trkpt>
      <trkpt lat="22.22022" lon="113.210999">
        <ele>12</ele>
        <time>2024-04-27T08:39:50Z</time>
      </trkpt>
      <trkpt lat="22.220272" lon="113.210984">
        <ele>12</ele>
        <time>2024-04-27T08:39:51Z</time>
      </trkpt>
      <trkpt lat="22.220326" lon="113.210969">
        <ele>12.1</ele>
        <time>2024-04-27T08:39:52Z</time>
      </trkpt>
      <trkpt lat="22.22038" lon="113.210954">
        <ele>12.2</ele>
        <time>2024-04-27T08:39:53Z</time>
      </trkpt>
      <trkpt lat="22.220433" lon="113.210938">
        <ele>12.2</ele>
        <time>2024-04-27T08:39:54Z</time>
      </trkpt>
      <trkpt lat="22.220483" lon="113.210923">
        <ele>12.3</ele>
        <time>2024-04-27T08:39:55Z</time>
      </trkpt>
      <trkpt lat="22.220528" lon="113.210908">
        <ele>12.3</ele>
        <time>2024-04-27T08:39:56Z</time>
      </trkpt>
      <trkpt lat="22.220574" lon="113.210893">
        <ele>12.4</ele>
        <time>2024-04-27T08:39:57Z</time>
      </trkpt>
      <trkpt lat="22.220621" lon="113.210877">
        <ele>12.4</ele>
        <time>2024-04-27T08:39:58Z</time>
      </trkpt>
      <trkpt lat="22.220668" lon="113.210862">
        <ele>12.4</ele>
        <time>2024-04-27T08:39:59Z</time>
      </trkpt>
      <trkpt lat="22.220712" lon="113.210847">
        <ele>12.4</ele>
        <time>2024-04-27T08:40:00Z</time>
      </trkpt>
      <trkpt lat="22.220753" lon="113.210828">
        <ele>12.4</ele>
        <time>2024-04-27T08:40:01Z</time>
      </trkpt>
      <trkpt lat="22.220796" lon="113.210805">
        <ele>12.4</ele>
        <time>2024-04-27T08:40:02Z</time>
      </trkpt>
      <trkpt lat="22.220845" lon="113.210782">
        <ele>12.4</ele>
        <time>2024-04-27T08:40:03Z</time>
      </trkpt>
      <trkpt lat="22.220897" lon="113.210763">
        <ele>12.4</ele>
        <time>2024-04-27T08:40:04Z</time>
      </trkpt>
      <trkpt lat="22.220946" lon="113.210748">
        <ele>12.4</ele>
        <time>2024-04-27T08:40:05Z</time>
      </trkpt>
      <trkpt lat="22.220993" lon="113.210736">
        <ele>12.4</ele>
        <time>2024-04-27T08:40:06Z</time>
      </trkpt>
      <trkpt lat="22.221044" lon="113.210725">
        <ele>12.4</ele>
        <time>2024-04-27T08:40:07Z</time>
      </trkpt>
      <trkpt lat="22.221096" lon="113.210713">
        <ele>12.4</ele>
        <time>2024-04-27T08:40:08Z</time>
      </trkpt>
      <trkpt lat="22.221148" lon="113.210698">
        <ele>12.4</ele>
        <time>2024-04-27T08:40:09Z</time>
      </trkpt>
      <trkpt lat="22.221201" lon="113.210679">
        <ele>12.4</ele>
        <time>2024-04-27T08:40:10Z</time>
      </trkpt>
      <trkpt lat="22.221252" lon="113.21066">
        <ele>12.4</ele>
        <time>2024-04-27T08:40:11Z</time>
      </trkpt>
      <trkpt lat="22.221304" lon="113.210641">
        <ele>12.4</ele>
        <time>2024-04-27T08:40:12Z</time>
      </trkpt>
      <trkpt lat="22.221354" lon="113.210626">
        <ele>12.4</ele>
        <time>2024-04-27T08:40:13Z</time>
      </trkpt>
      <trkpt lat="22.221404" lon="113.21061">
        <ele>12.4</ele>
        <time>2024-04-27T08:40:14Z</time>
      </trkpt>
      <trkpt lat="22.221455" lon="113.210592">
        <ele>12.4</ele>
        <time>2024-04-27T08:40:15Z</time>
      </trkpt>
      <trkpt lat="22.221508" lon="113.210572">
        <ele>12.4</ele>
        <time>2024-04-27T08:40:16Z</time>
      </trkpt>
      <trkpt lat="22.221559" lon="113.210553">
        <ele>12.4</ele>
        <time>2024-04-27T08:40:17Z</time>
      </trkpt>
      <trkpt lat="22.221604" lon="113.210534">
        <ele>12.4</ele>
        <time>2024-04-27T08:40:18Z</time>
      </trkpt>
      <trkpt lat="22.221647" lon="113.210522">
        <ele>12.4</ele>
        <time>2024-04-27T08:40:19Z</time>
      </trkpt>
      <trkpt lat="22.221692" lon="113.210511">
        <ele>12.4</ele>
        <time>2024-04-27T08:40:20Z</time>
      </trkpt>
      <trkpt lat="22.221737" lon="113.210496">
        <ele>12.4</ele>
        <time>2024-04-27T08:40:21Z</time>
      </trkpt>
      <trkpt lat="22.221783" lon="113.210481">
        <ele>12.4</ele>
        <time>2024-04-27T08:40:22Z</time>
      </trkpt>
      <trkpt lat="22.221828" lon="113.210465">
        <ele>12.4</ele>
        <time>2024-04-27T08:40:23Z</time>
      </trkpt>
      <trkpt lat="22.221871" lon="113.21045">
        <ele>12.4</ele>
        <time>2024-04-27T08:40:24Z</time>
      </trkpt>
      <trkpt lat="22.221916" lon="113.210435">
        <ele>12.4</ele>
        <time>2024-04-27T08:40:25Z</time>
      </trkpt>
      <trkpt lat="22.221961" lon="113.210419">
        <ele>12.4</ele>
        <time>2024-04-27T08:40:26Z</time>
      </trkpt>
      <trkpt lat="22.222" lon="113.210411">
        <ele>12.4</ele>
        <time>2024-04-27T08:40:27Z</time>
      </trkpt>
      <trkpt lat="22.222031" lon="113.210425">
        <ele>12.4</ele>
        <time>2024-04-27T08:40:28Z</time>
      </trkpt>
      <trkpt lat="22.222058" lon="113.210459">
        <ele>12.4</ele>
        <time>2024-04-27T08:40:29Z</time>
      </trkpt>
      <trkpt lat="22.222085" lon="113.210497">
        <ele>12.4</ele>
        <time>2024-04-27T08:40:30Z</time>
      </trkpt>
      <trkpt lat="22.222114" lon="113.210528">
        <ele>12.4</ele>
        <time>2024-04-27T08:40:31Z</time>
      </trkpt>
      <trkpt lat="22.222149" lon="113.210548">
        <ele>12.4</ele>
        <time>2024-04-27T08:40:32Z</time>
      </trkpt>
      <trkpt lat="22.222184" lon="113.210566">
        <ele>12.4</ele>
        <time>2024-04-27T08:40:33Z</time>
      </trkpt>
      <trkpt lat="22.222214" lon="113.210592">
        <ele>12.4</ele>
        <time>2024-04-27T08:40:34Z</time>
      </trkpt>
      <trkpt lat="22.22224" lon="113.210628">
        <ele>12.5</ele>
        <time>2024-04-27T08:40:35Z</time>
      </trkpt>
      <trkpt lat="22.222266" lon="113.210668">
        <ele>12.6</ele>
        <time>2024-04-27T08:40:36Z</time>
      </trkpt>
      <trkpt lat="22.222297" lon="113.210698">
        <ele>12.7</ele>
        <time>2024-04-27T08:40:37Z</time>
      </trkpt>
      <trkpt lat="22.222331" lon="113.210731">
        <ele>12.8</ele>
        <time>2024-04-27T08:40:38Z</time>
      </trkpt>
      <trkpt lat="22.22236" lon="113.210768">
        <ele>13</ele>
        <time>2024-04-27T08:40:39Z</time>
      </trkpt>
      <trkpt lat="22.222392" lon="113.210812">
        <ele>13.1</ele>
        <time>2024-04-27T08:40:40Z</time>
      </trkpt>
      <trkpt lat="22.22242" lon="113.210858">
        <ele>13.2</ele>
        <time>2024-04-27T08:40:41Z</time>
      </trkpt>
      <trkpt lat="22.22245" lon="113.210904">
        <ele>13.4</ele>
        <time>2024-04-27T08:40:42Z</time>
      </trkpt>
      <trkpt lat="22.222485" lon="113.210947">
        <ele>13.5</ele>
        <time>2024-04-27T08:40:43Z</time>
      </trkpt>
      <trkpt lat="22.222523" lon="113.210984">
        <ele>13.7</ele>
        <time>2024-04-27T08:40:44Z</time>
      </trkpt>
      <trkpt lat="22.222561" lon="113.211026">
        <ele>13.8</ele>
        <time>2024-04-27T08:40:45Z</time>
      </trkpt>
      <trkpt lat="22.222597" lon="113.211069">
        <ele>14</ele>
        <time>2024-04-27T08:40:46Z</time>
      </trkpt>
      <trkpt lat="22.222631" lon="113.21111">
        <ele>14.1</ele>
        <time>2024-04-27T08:40:47Z</time>
      </trkpt>
      <trkpt lat="22.222662" lon="113.211159">
        <ele>14.2</ele>
        <time>2024-04-27T08:40:48Z</time>
      </trkpt>
      <trkpt lat="22.222687" lon="113.211212">
        <ele>14.4</ele>
        <time>2024-04-27T08:40:49Z</time>
      </trkpt>
      <trkpt lat="22.222709" lon="113.211262">
        <ele>14.5</ele>
        <time>2024-04-27T08:40:50Z</time>
      </trkpt>
      <trkpt lat="22.222735" lon="113.211312">
        <ele>14.7</ele>
        <time>2024-04-27T08:40:51Z</time>
      </trkpt>
      <trkpt lat="22.222769" lon="113.211362">
        <ele>14.8</ele>
        <time>2024-04-27T08:40:52Z</time>
      </trkpt>
      <trkpt lat="22.222803" lon="113.211407">
        <ele>15</ele>
        <time>2024-04-27T08:40:53Z</time>
      </trkpt>
      <trkpt lat="22.222839" lon="113.211453">
        <ele>15.1</ele>
        <time>2024-04-27T08:40:54Z</time>
      </trkpt>
      <trkpt lat="22.222876" lon="113.211498">
        <ele>15.3</ele>
        <time>2024-04-27T08:40:55Z</time>
      </trkpt>
      <trkpt lat="22.222913" lon="113.211547">
        <ele>15.5</ele>
        <time>2024-04-27T08:40:56Z</time>
      </trkpt>
      <trkpt lat="22.222951" lon="113.211598">
        <ele>15.6</ele>
        <time>2024-04-27T08:40:57Z</time>
      </trkpt>
      <trkpt lat="22.222988" lon="113.211644">
        <ele>15.8</ele>
        <time>2024-04-27T08:40:58Z</time>
      </trkpt>
      <trkpt lat="22.223025" lon="113.211693">
        <ele>15.9</ele>
        <time>2024-04-27T08:40:59Z</time>
      </trkpt>
      <trkpt lat="22.223064" lon="113.211743">
        <ele>16.1</ele>
        <time>2024-04-27T08:41:00Z</time>
      </trkpt>
      <trkpt lat="22.223103" lon="113.211792">
        <ele>16.3</ele>
        <time>2024-04-27T08:41:01Z</time>
      </trkpt>
      <trkpt lat="22.223139" lon="113.211842">
        <ele>16.4</ele>
        <time>2024-04-27T08:41:02Z</time>
      </trkpt>
      <trkpt lat="22.223179" lon="113.211891">
        <ele>16.6</ele>
        <time>2024-04-27T08:41:03Z</time>
      </trkpt>
      <trkpt lat="22.223217" lon="113.211942">
        <ele>16.8</ele>
        <time>2024-04-27T08:41:04Z</time>
      </trkpt>
      <trkpt lat="22.223253" lon="113.211987">
        <ele>16.9</ele>
        <time>2024-04-27T08:41:05Z</time>
      </trkpt>
      <trkpt lat="22.223288" lon="113.212036">
        <ele>17.1</ele>
        <time>2024-04-27T08:41:06Z</time>
      </trkpt>
      <trkpt lat="22.223324" lon="113.212086">
        <ele>17.2</ele>
        <time>2024-04-27T08:41:07Z</time>
      </trkpt>
      <trkpt lat="22.223359" lon="113.212132">
        <ele>17.4</ele>
        <time>2024-04-27T08:41:08Z</time>
      </trkpt>
      <trkpt lat="22.223395" lon="113.212181">
        <ele>17.5</ele>
        <time>2024-04-27T08:41:09Z</time>
      </trkpt>
      <trkpt lat="22.223437" lon="113.212231">
        <ele>17.7</ele>
        <time>2024-04-27T08:41:10Z</time>
      </trkpt>
      <trkpt lat="22.223477" lon="113.212278">
        <ele>17.8</ele>
        <time>2024-04-27T08:41:11Z</time>
      </trkpt>
      <trkpt lat="22.223515" lon="113.212324">
        <ele>17.9</ele>
        <time>2024-04-27T08:41:12Z</time>
      </trkpt>
      <trkpt lat="22.223551" lon="113.212373">
        <ele>18.1</ele>
        <time>2024-04-27T08:41:13Z</time>
      </trkpt>
      <trkpt lat="22.223587" lon="113.212421">
        <ele>18.2</ele>
        <time>2024-04-27T08:41:14Z</time>
      </trkpt>
      <trkpt lat="22.223624" lon="113.212464">
        <ele>18.3</ele>
        <time>2024-04-27T08:41:15Z</time>
      </trkpt>
      <trkpt lat="22.223662" lon="113.212507">
        <ele>18.4</ele>
        <time>2024-04-27T08:41:16Z</time>
      </trkpt>
      <trkpt lat="22.2237" lon="113.212553">
        <ele>18.6</ele>
        <time>2024-04-27T08:41:17Z</time>
      </trkpt>
      <trkpt lat="22.223733" lon="113.212598">
        <ele>18.7</ele>
        <time>2024-04-27T08:41:18Z</time>
      </trkpt>
      <trkpt lat="22.223767" lon="113.212644">
        <ele>18.8</ele>
        <time>2024-04-27T08:41:19Z</time>
      </trkpt>
      <trkpt lat="22.223803" lon="113.212686">
        <ele>18.9</ele>
        <time>2024-04-27T08:41:20Z</time>
      </trkpt>
      <trkpt lat="22.22384" lon="113.212724">
        <ele>19.1</ele>
        <time>2024-04-27T08:41:21Z</time>
      </trkpt>
      <trkpt lat="22.223875" lon="113.212766">
        <ele>19.2</ele>
        <time>2024-04-27T08:41:22Z</time>
      </trkpt>
      <trkpt lat="22.223908" lon="113.212808">
        <ele>19.3</ele>
        <time>2024-04-27T08:41:23Z</time>
      </trkpt>
      <trkpt lat="22.223939" lon="113.21285">
        <ele>19.4</ele>
        <time>2024-04-27T08:41:24Z</time>
      </trkpt>
      <trkpt lat="22.22397" lon="113.212892">
        <ele>19.5</ele>
        <time>2024-04-27T08:41:25Z</time>
      </trkpt>
      <trkpt lat="22.224001" lon="113.212931">
        <ele>19.6</ele>
        <time>2024-04-27T08:41:26Z</time>
      </trkpt>
      <trkpt lat="22.224035" lon="113.212969">
        <ele>19.8</ele>
        <time>2024-04-27T08:41:27Z</time>
      </trkpt>
      <trkpt lat="22.22407" lon="113.213007">
        <ele>19.9</ele>
        <time>2024-04-27T08:41:28Z</time>
      </trkpt>
      <trkpt lat="22.224103" lon="113.213041">
        <ele>20</ele>
        <time>2024-04-27T08:41:29Z</time>
      </trkpt>
      <trkpt lat="22.224134" lon="113.213068">
        <ele>20.1</ele>
        <time>2024-04-27T08:41:30Z</time>
      </trkpt>
      <trkpt lat="22.224161" lon="113.213091">
        <ele>20.1</ele>
        <time>2024-04-27T08:41:31Z</time>
      </trkpt>
      <trkpt lat="22.224185" lon="113.213111">
        <ele>20.2</ele>
        <time>2024-04-27T08:41:32Z</time>
      </trkpt>
      <trkpt lat="22.224205" lon="113.213126">
        <ele>20.3</ele>
        <time>2024-04-27T08:41:33Z</time>
      </trkpt>
      <trkpt lat="22.224216" lon="113.213148">
        <ele>20.3</ele>
        <time>2024-04-27T08:41:34Z</time>
      </trkpt>
      <trkpt lat="22.224214" lon="113.213182">
        <ele>20.4</ele>
        <time>2024-04-27T08:41:35Z</time>
      </trkpt>
      <trkpt lat="22.224196" lon="113.213214">
        <ele>20.5</ele>
        <time>2024-04-27T08:41:36Z</time>
      </trkpt>
      <trkpt lat="22.224165" lon="113.21323">
        <ele>20.6</ele>
        <time>2024-04-27T08:41:37Z</time>
      </trkpt>
      <trkpt lat="22.224129" lon="113.213244">
        <ele>20.6</ele>
        <time>2024-04-27T08:41:38Z</time>
      </trkpt>
      <trkpt lat="22.224092" lon="113.213264">
        <ele>20.7</ele>
        <time>2024-04-27T08:41:39Z</time>
      </trkpt>
      <trkpt lat="22.224061" lon="113.213282">
        <ele>20.8</ele>
        <time>2024-04-27T08:41:40Z</time>
      </trkpt>
      <trkpt lat="22.22403" lon="113.213298">
        <ele>20.9</ele>
        <time>2024-04-27T08:41:41Z</time>
      </trkpt>
      <trkpt lat="22.224002" lon="113.213316">
        <ele>21</ele>
        <time>2024-04-27T08:41:42Z</time>
      </trkpt>
      <trkpt lat="22.223971" lon="113.213343">
        <ele>21.1</ele>
        <time>2024-04-27T08:41:43Z</time>
      </trkpt>
      <trkpt lat="22.223941" lon="113.21337">
        <ele>21.2</ele>
        <time>2024-04-27T08:41:44Z</time>
      </trkpt>
      <trkpt lat="22.223909" lon="113.213397">
        <ele>21.2</ele>
        <time>2024-04-27T08:41:45Z</time>
      </trkpt>
      <trkpt lat="22.223876" lon="113.21342">
        <ele>21.3</ele>
        <time>2024-04-27T08:41:46Z</time>
      </trkpt>
      <trkpt lat="22.223842" lon="113.213446">
        <ele>21.4</ele>
        <time>2024-04-27T08:41:47Z</time>
      </trkpt>
      <trkpt lat="22.223813" lon="113.21347">
        <ele>21.5</ele>
        <time>2024-04-27T08:41:48Z</time>
      </trkpt>
      <trkpt lat="22.22379" lon="113.213485">
        <ele>21.6</ele>
        <time>2024-04-27T08:41:49Z</time>
      </trkpt>
      <trkpt lat="22.223767" lon="113.2135">
        <ele>21.6</ele>
        <time>2024-04-27T08:41:50Z</time>
      </trkpt>
      <trkpt lat="22.223743" lon="113.213515">
        <ele>21.7</ele>
        <time>2024-04-27T08:41:51Z</time>
      </trkpt>
      <trkpt lat="22.22372" lon="113.213531">
        <ele>21.8</ele>
        <time>2024-04-27T08:41:52Z</time>
      </trkpt>
      <trkpt lat="22.223696" lon="113.213549">
        <ele>21.8</ele>
        <time>2024-04-27T08:41:53Z</time>
      </trkpt>
      <trkpt lat="22.22367" lon="113.213572">
        <ele>21.9</ele>
        <time>2024-04-27T08:41:54Z</time>
      </trkpt>
      <trkpt lat="22.223643" lon="113.213592">
        <ele>22</ele>
        <time>2024-04-27T08:41:55Z</time>
      </trkpt>
      <trkpt lat="22.223616" lon="113.21361">
        <ele>22</ele>
        <time>2024-04-27T08:41:56Z</time>
      </trkpt>
      <trkpt lat="22.223589" lon="113.213626">
        <ele>22.1</ele>
        <time>2024-04-27T08:41:57Z</time>
      </trkpt>
      <trkpt lat="22.22356" lon="113.213641">
        <ele>22.2</ele>
        <time>2024-04-27T08:41:58Z</time>
      </trkpt>
      <trkpt lat="22.22353" lon="113.213664">
        <ele>22.3</ele>
        <time>2024-04-27T08:41:59Z</time>
      </trkpt>
      <trkpt lat="22.2235" lon="113.213683">
        <ele>22.3</ele>
        <time>2024-04-27T08:42:00Z</time>
      </trkpt>
      <trkpt lat="22.223472" lon="113.213702">
        <ele>22.4</ele>
        <time>2024-04-27T08:42:01Z</time>
      </trkpt>
      <trkpt lat="22.223444" lon="113.213725">
        <ele>22.5</ele>
        <time>2024-04-27T08:42:02Z</time>
      </trkpt>
      <trkpt lat="22.22341" lon="113.213751">
        <ele>22.6</ele>
        <time>2024-04-27T08:42:03Z</time>
      </trkpt>
      <trkpt lat="22.223375" lon="113.213782">
        <ele>22.7</ele>
        <time>2024-04-27T08:42:04Z</time>
      </trkpt>
      <trkpt lat="22.223346" lon="113.213809">
        <ele>22.8</ele>
        <time>2024-04-27T08:42:05Z</time>
      </trkpt>
      <trkpt lat="22.223313" lon="113.213828">
        <ele>22.8</ele>
        <time>2024-04-27T08:42:06Z</time>
      </trkpt>
      <trkpt lat="22.223277" lon="113.213847">
        <ele>22.9</ele>
        <time>2024-04-27T08:42:07Z</time>
      </trkpt>
      <trkpt lat="22.22324" lon="113.21387">
        <ele>23</ele>
        <time>2024-04-27T08:42:08Z</time>
      </trkpt>
      <trkpt lat="22.223204" lon="113.213889">
        <ele>23.1</ele>
        <time>2024-04-27T08:42:09Z</time>
      </trkpt>
      <trkpt lat="22.223169" lon="113.213908">
        <ele>23.2</ele>
        <time>2024-04-27T08:42:10Z</time>
      </trkpt>
      <trkpt lat="22.223133" lon="113.213927">
        <ele>23.3</ele>
        <time>2024-04-27T08:42:11Z</time>
      </trkpt>
      <trkpt lat="22.223096" lon="113.213946">
        <ele>23.4</ele>
        <time>2024-04-27T08:42:12Z</time>
      </trkpt>
      <trkpt lat="22.223057" lon="113.213966">
        <ele>23.5</ele>
        <time>2024-04-27T08:42:13Z</time>
      </trkpt>
      <trkpt lat="22.22302" lon="113.213981">
        <ele>23.6</ele>
        <time>2024-04-27T08:42:14Z</time>
      </trkpt>
      <trkpt lat="22.222985" lon="113.213996">
        <ele>23.6</ele>
        <time>2024-04-27T08:42:15Z</time>
      </trkpt>
      <trkpt lat="22.22294" lon="113.214015">
        <ele>23.8</ele>
        <time>2024-04-27T08:42:16Z</time>
      </trkpt>
      <trkpt lat="22.222896" lon="113.214034">
        <ele>23.9</ele>
        <time>2024-04-27T08:42:17Z</time>
      </trkpt>
      <trkpt lat="22.222857" lon="113.214053">
        <ele>24</ele>
        <time>2024-04-27T08:42:18Z</time>
      </trkpt>
      <trkpt lat="22.222819" lon="113.214072">
        <ele>24</ele>
        <time>2024-04-27T08:42:19Z</time>
      </trkpt>
      <trkpt lat="22.222783" lon="113.214091">
        <ele>24.1</ele>
        <time>2024-04-27T08:42:20Z</time>
      </trkpt>
      <trkpt lat="22.222753" lon="113.214114">
        <ele>24.2</ele>
        <time>2024-04-27T08:42:21Z</time>
      </trkpt>
      <trkpt lat="22.22273" lon="113.214144">
        <ele>24.3</ele>
        <time>2024-04-27T08:42:22Z</time>
      </trkpt>
      <trkpt lat="22.222713" lon="113.214178">
        <ele>24.4</ele>
        <time>2024-04-27T08:42:23Z</time>
      </trkpt>
      <trkpt lat="22.222702" lon="113.214209">
        <ele>24.4</ele>
        <time>2024-04-27T08:42:24Z</time>
      </trkpt>
      <trkpt lat="22.222694" lon="113.214239">
        <ele>24.5</ele>
        <time>2024-04-27T08:42:25Z</time>
      </trkpt>
      <trkpt lat="22.222689" lon="113.214269">
        <ele>24.6</ele>
        <time>2024-04-27T08:42:26Z</time>
      </trkpt>
      <trkpt lat="22.222684" lon="113.214297">
        <ele>24.6</ele>
        <time>2024-04-27T08:42:27Z</time>
      </trkpt>
      <trkpt lat="22.222678" lon="113.214316">
        <ele>24.7</ele>
        <time>2024-04-27T08:42:28Z</time>
      </trkpt>
      <trkpt lat="22.222673" lon="113.214328">
        <ele>24.7</ele>
        <time>2024-04-27T08:42:29Z</time>
      </trkpt>
      <trkpt lat="22.22267" lon="113.214329">
        <ele>24.7</ele>
        <time>2024-04-27T08:42:30Z</time>
      </trkpt>
      <trkpt lat="22.222675" lon="113.214468">
        <ele>25</ele>
        <time>2024-04-27T08:42:58Z</time>
      </trkpt>
      <trkpt lat="22.222668" lon="113.214502">
        <ele>25.1</ele>
        <time>2024-04-27T08:42:59Z</time>
      </trkpt>
      <trkpt lat="22.222661" lon="113.214533">
        <ele>25.1</ele>
        <time>2024-04-27T08:43:00Z</time>
      </trkpt>
      <trkpt lat="22.222653" lon="113.214555">
        <ele>25.2</ele>
        <time>2024-04-27T08:43:01Z</time>
      </trkpt>
      <trkpt lat="22.222644" lon="113.214578">
        <ele>25.2</ele>
        <time>2024-04-27T08:43:02Z</time>
      </trkpt>
      <trkpt lat="22.222634" lon="113.214602">
        <ele>25.3</ele>
        <time>2024-04-27T08:43:03Z</time>
      </trkpt>
      <trkpt lat="22.222627" lon="113.214632">
        <ele>25.3</ele>
        <time>2024-04-27T08:43:04Z</time>
      </trkpt>
      <trkpt lat="22.222621" lon="113.214666">
        <ele>25.4</ele>
        <time>2024-04-27T08:43:05Z</time>
      </trkpt>
      <trkpt lat="22.222615" lon="113.214693">
        <ele>25.5</ele>
        <time>2024-04-27T08:43:06Z</time>
      </trkpt>
      <trkpt lat="22.222609" lon="113.214718">
        <ele>25.5</ele>
        <time>2024-04-27T08:43:07Z</time>
      </trkpt>
      <trkpt lat="22.222604" lon="113.214749">
        <ele>25.6</ele>
        <time>2024-04-27T08:43:08Z</time>
      </trkpt>
      <trkpt lat="22.222596" lon="113.214782">
        <ele>25.7</ele>
        <time>2024-04-27T08:43:09Z</time>
      </trkpt>
      <trkpt lat="22.222586" lon="113.214818">
        <ele>25.8</ele>
        <time>2024-04-27T08:43:10Z</time>
      </trkpt>
      <trkpt lat="22.222578" lon="113.214848">
        <ele>25.9</ele>
        <time>2024-04-27T08:43:11Z</time>
      </trkpt>
      <trkpt lat="22.222569" lon="113.214878">
        <ele>26</ele>
        <time>2024-04-27T08:43:12Z</time>
      </trkpt>
      <trkpt lat="22.222559" lon="113.214908">
        <ele>26.1</ele>
        <time>2024-04-27T08:43:13Z</time>
      </trkpt>
      <trkpt lat="22.22255" lon="113.214942">
        <ele>26.2</ele>
        <time>2024-04-27T08:43:14Z</time>
      </trkpt>
      <trkpt lat="22.222541" lon="113.214978">
        <ele>26.3</ele>
        <time>2024-04-27T08:43:15Z</time>
      </trkpt>
      <trkpt lat="22.22253" lon="113.215011">
        <ele>26.4</ele>
        <time>2024-04-27T08:43:16Z</time>
      </trkpt>
      <trkpt lat="22.222514" lon="113.215046">
        <ele>26.5</ele>
        <time>2024-04-27T08:43:17Z</time>
      </trkpt>
      <trkpt lat="22.222499" lon="113.21508">
        <ele>26.6</ele>
        <time>2024-04-27T08:43:18Z</time>
      </trkpt>
      <trkpt lat="22.222487" lon="113.215118">
        <ele>26.7</ele>
        <time>2024-04-27T08:43:19Z</time>
      </trkpt>
      <trkpt lat="22.222475" lon="113.215153">
        <ele>26.8</ele>
        <time>2024-04-27T08:43:20Z</time>
      </trkpt>
      <trkpt lat="22.222466" lon="113.215187">
        <ele>26.9</ele>
        <time>2024-04-27T08:43:21Z</time>
      </trkpt>
      <trkpt lat="22.222456" lon="113.215219">
        <ele>27</ele>
        <time>2024-04-27T08:43:22Z</time>
      </trkpt>
      <trkpt lat="22.222447" lon="113.215251">
        <ele>27.1</ele>
        <time>2024-04-27T08:43:23Z</time>
      </trkpt>
      <trkpt lat="22.22244" lon="113.215293">
        <ele>27.2</ele>
        <time>2024-04-27T08:43:24Z</time>
      </trkpt>
      <trkpt lat="22.222434" lon="113.215334">
        <ele>27.3</ele>
        <time>2024-04-27T08:43:25Z</time>
      </trkpt>
      <trkpt lat="22.222427" lon="113.215377">
        <ele>27.4</ele>
        <time>2024-04-27T08:43:26Z</time>
      </trkpt>
      <trkpt lat="22.222421" lon="113.215413">
        <ele>27.5</ele>
        <time>2024-04-27T08:43:27Z</time>
      </trkpt>
      <trkpt lat="22.222416" lon="113.215449">
        <ele>27.6</ele>
        <time>2024-04-27T08:43:28Z</time>
      </trkpt>
      <trkpt lat="22.222411" lon="113.215492">
        <ele>27.8</ele>
        <time>2024-04-27T08:43:29Z</time>
      </trkpt>
      <trkpt lat="22.222412" lon="113.21553">
        <ele>27.9</ele>
        <time>2024-04-27T08:43:30Z</time>
      </trkpt>
      <trkpt lat="22.222416" lon="113.215568">
        <ele>28</ele>
        <time>2024-04-27T08:43:31Z</time>
      </trkpt>
      <trkpt lat="22.222423" lon="113.21561">
        <ele>28.1</ele>
        <time>2024-04-27T08:43:32Z</time>
      </trkpt>
      <trkpt lat="22.222431" lon="113.215657">
        <ele>28.2</ele>
        <time>2024-04-27T08:43:33Z</time>
      </trkpt>
      <trkpt lat="22.222438" lon="113.215698">
        <ele>28.3</ele>
        <time>2024-04-27T08:43:34Z</time>
      </trkpt>
      <trkpt lat="22.222441" lon="113.215736">
        <ele>28.4</ele>
        <time>2024-04-27T08:43:35Z</time>
      </trkpt>
      <trkpt lat="22.222443" lon="113.215778">
        <ele>28.6</ele>
        <time>2024-04-27T08:43:36Z</time>
      </trkpt>
      <trkpt lat="22.222447" lon="113.21582">
        <ele>28.7</ele>
        <time>2024-04-27T08:43:37Z</time>
      </trkpt>
      <trkpt lat="22.222452" lon="113.215858">
        <ele>28.8</ele>
        <time>2024-04-27T08:43:38Z</time>
      </trkpt>
      <trkpt lat="22.222458" lon="113.215899">
        <ele>28.9</ele>
        <time>2024-04-27T08:43:39Z</time>
      </trkpt>
      <trkpt lat="22.222461" lon="113.215942">
        <ele>29</ele>
        <time>2024-04-27T08:43:40Z</time>
      </trkpt>
      <trkpt lat="22.222466" lon="113.215987">
        <ele>29.1</ele>
        <time>2024-04-27T08:43:41Z</time>
      </trkpt>
      <trkpt lat="22.222473" lon="113.216036">
        <ele>29.3</ele>
        <time>2024-04-27T08:43:42Z</time>
      </trkpt>
      <trkpt lat="22.222481" lon="113.216079">
        <ele>29.4</ele>
        <time>2024-04-27T08:43:43Z</time>
      </trkpt>
      <trkpt lat="22.222488" lon="113.216117">
        <ele>29.5</ele>
        <time>2024-04-27T08:43:44Z</time>
      </trkpt>
      <trkpt lat="22.222498" lon="113.216159">
        <ele>29.6</ele>
        <time>2024-04-27T08:43:45Z</time>
      </trkpt>
      <trkpt lat="22.222507" lon="113.216202">
        <ele>29.7</ele>
        <time>2024-04-27T08:43:46Z</time>
      </trkpt>
      <trkpt lat="22.222513" lon="113.216239">
        <ele>29.8</ele>
        <time>2024-04-27T08:43:47Z</time>
      </trkpt>
      <trkpt lat="22.22252" lon="113.216275">
        <ele>29.9</ele>
        <time>2024-04-27T08:43:48Z</time>
      </trkpt>
      <trkpt lat="22.222528" lon="113.216309">
        <ele>30</ele>
        <time>2024-04-27T08:43:49Z</time>
      </trkpt>
      <trkpt lat="22.222537" lon="113.21635">
        <ele>30.2</ele>
        <time>2024-04-27T08:43:50Z</time>
      </trkpt>
      <trkpt lat="22.222549" lon="113.216392">
        <ele>30.3</ele>
        <time>2024-04-27T08:43:51Z</time>
      </trkpt>
      <trkpt lat="22.222561" lon="113.21643">
        <ele>30.4</ele>
        <time>2024-04-27T08:43:52Z</time>
      </trkpt>
      <trkpt lat="22.222571" lon="113.216468">
        <ele>30.5</ele>
        <time>2024-04-27T08:43:53Z</time>
      </trkpt>
      <trkpt lat="22.222582" lon="113.216503">
        <ele>30.6</ele>
        <time>2024-04-27T08:43:54Z</time>
      </trkpt>
      <trkpt lat="22.22259" lon="113.216531">
        <ele>30.7</ele>
        <time>2024-04-27T08:43:55Z</time>
      </trkpt>
      <trkpt lat="22.222599" lon="113.216556">
        <ele>30.8</ele>
        <time>2024-04-27T08:43:56Z</time>
      </trkpt>
      <trkpt lat="22.222608" lon="113.216587">
        <ele>30.8</ele>
        <time>2024-04-27T08:43:57Z</time>
      </trkpt>
      <trkpt lat="22.222618" lon="113.216615">
        <ele>30.9</ele>
        <time>2024-04-27T08:43:58Z</time>
      </trkpt>
      <trkpt lat="22.222627" lon="113.21664">
        <ele>30.9</ele>
        <time>2024-04-27T08:43:59Z</time>
      </trkpt>
      <trkpt lat="22.222634" lon="113.216671">
        <ele>30.9</ele>
        <time>2024-04-27T08:44:00Z</time>
      </trkpt>
      <trkpt lat="22.222635" lon="113.216702">
        <ele>31</ele>
        <time>2024-04-27T08:44:01Z</time>
      </trkpt>
      <trkpt lat="22.222631" lon="113.216738">
        <ele>31</ele>
        <time>2024-04-27T08:44:02Z</time>
      </trkpt>
      <trkpt lat="22.222623" lon="113.216778">
        <ele>31.1</ele>
        <time>2024-04-27T08:44:03Z</time>
      </trkpt>
      <trkpt lat="22.222614" lon="113.216813">
        <ele>31.1</ele>
        <time>2024-04-27T08:44:04Z</time>
      </trkpt>
      <trkpt lat="22.222604" lon="113.216847">
        <ele>31.2</ele>
        <time>2024-04-27T08:44:05Z</time>
      </trkpt>
      <trkpt lat="22.222591" lon="113.216877">
        <ele>31.2</ele>
        <time>2024-04-27T08:44:06Z</time>
      </trkpt>
      <trkpt lat="22.222574" lon="113.216907">
        <ele>31.3</ele>
        <time>2024-04-27T08:44:07Z</time>
      </trkpt>
      <trkpt lat="22.222554" lon="113.216935">
        <ele>31.3</ele>
        <time>2024-04-27T08:44:08Z</time>
      </trkpt>
      <trkpt lat="22.222539" lon="113.216961">
        <ele>31.4</ele>
        <time>2024-04-27T08:44:09Z</time>
      </trkpt>
      <trkpt lat="22.222534" lon="113.216988">
        <ele>31.4</ele>
        <time>2024-04-27T08:44:10Z</time>
      </trkpt>
      <trkpt lat="22.222537" lon="113.217012">
        <ele>31.4</ele>
        <time>2024-04-27T08:44:11Z</time>
      </trkpt>
      <trkpt lat="22.222549" lon="113.217034">
        <ele>31.5</ele>
        <time>2024-04-27T08:44:12Z</time>
      </trkpt>
      <trkpt lat="22.222569" lon="113.217059">
        <ele>31.5</ele>
        <time>2024-04-27T08:44:13Z</time>
      </trkpt>
      <trkpt lat="22.222596" lon="113.217091">
        <ele>31.6</ele>
        <time>2024-04-27T08:44:14Z</time>
      </trkpt>
      <trkpt lat="22.222623" lon="113.217124">
        <ele>31.6</ele>
        <time>2024-04-27T08:44:15Z</time>
      </trkpt>
      <trkpt lat="22.222647" lon="113.217162">
        <ele>31.7</ele>
        <time>2024-04-27T08:44:16Z</time>
      </trkpt>
      <trkpt lat="22.222669" lon="113.217198">
        <ele>31.8</ele>
        <time>2024-04-27T08:44:17Z</time>
      </trkpt>
      <trkpt lat="22.222696" lon="113.217228">
        <ele>31.8</ele>
        <time>2024-04-27T08:44:18Z</time>
      </trkpt>
      <trkpt lat="22.222723" lon="113.217259">
        <ele>31.9</ele>
        <time>2024-04-27T08:44:19Z</time>
      </trkpt>
      <trkpt lat="22.222749" lon="113.217286">
        <ele>31.9</ele>
        <time>2024-04-27T08:44:20Z</time>
      </trkpt>
      <trkpt lat="22.222783" lon="113.217309">
        <ele>32</ele>
        <time>2024-04-27T08:44:21Z</time>
      </trkpt>
      <trkpt lat="22.222825" lon="113.217329">
        <ele>32</ele>
        <time>2024-04-27T08:44:22Z</time>
      </trkpt>
      <trkpt lat="22.222864" lon="113.217344">
        <ele>32.1</ele>
        <time>2024-04-27T08:44:23Z</time>
      </trkpt>
      <trkpt lat="22.222904" lon="113.217357">
        <ele>32.2</ele>
        <time>2024-04-27T08:44:24Z</time>
      </trkpt>
      <trkpt lat="22.222944" lon="113.217367">
        <ele>32.2</ele>
        <time>2024-04-27T08:44:25Z</time>
      </trkpt>
      <trkpt lat="22.222981" lon="113.217382">
        <ele>32.3</ele>
        <time>2024-04-27T08:44:26Z</time>
      </trkpt>
      <trkpt lat="22.223024" lon="113.217401">
        <ele>32.4</ele>
        <time>2024-04-27T08:44:27Z</time>
      </trkpt>
      <trkpt lat="22.223069" lon="113.217426">
        <ele>32.4</ele>
        <time>2024-04-27T08:44:28Z</time>
      </trkpt>
      <trkpt lat="22.223102" lon="113.21746">
        <ele>32.5</ele>
        <time>2024-04-27T08:44:29Z</time>
      </trkpt>
      <trkpt lat="22.223124" lon="113.217501">
        <ele>32.6</ele>
        <time>2024-04-27T08:44:30Z</time>
      </trkpt>
      <trkpt lat="22.22313" lon="113.217549">
        <ele>32.6</ele>
        <time>2024-04-27T08:44:31Z</time>
      </trkpt>
      <trkpt lat="22.223122" lon="113.2176">
        <ele>32.7</ele>
        <time>2024-04-27T08:44:32Z</time>
      </trkpt>
      <trkpt lat="22.223099" lon="113.217642">
        <ele>32.8</ele>
        <time>2024-04-27T08:44:33Z</time>
      </trkpt>
      <trkpt lat="22.22307" lon="113.217681">
        <ele>32.8</ele>
        <time>2024-04-27T08:44:34Z</time>
      </trkpt>
      <trkpt lat="22.223042" lon="113.217722">
        <ele>32.9</ele>
        <time>2024-04-27T08:44:35Z</time>
      </trkpt>
      <trkpt lat="22.22302" lon="113.217768">
        <ele>33</ele>
        <time>2024-04-27T08:44:36Z</time>
      </trkpt>
      <trkpt lat="22.223004" lon="113.217814">
        <ele>33</ele>
        <time>2024-04-27T08:44:37Z</time>
      </trkpt>
      <trkpt lat="22.222995" lon="113.217857">
        <ele>33.1</ele>
        <time>2024-04-27T08:44:38Z</time>
      </trkpt>
      <trkpt lat="22.222995" lon="113.217898">
        <ele>33.1</ele>
        <time>2024-04-27T08:44:39Z</time>
      </trkpt>
      <trkpt lat="22.222997" lon="113.217943">
        <ele>33.2</ele>
        <time>2024-04-27T08:44:40Z</time>
      </trkpt>
      <trkpt lat="22.223004" lon="113.217989">
        <ele>33.3</ele>
        <time>2024-04-27T08:44:41Z</time>
      </trkpt>
      <trkpt lat="22.223016" lon="113.218041">
        <ele>33.3</ele>
        <time>2024-04-27T08:44:42Z</time>
      </trkpt>
      <trkpt lat="22.223029" lon="113.218093">
        <ele>33.4</ele>
        <time>2024-04-27T08:44:43Z</time>
      </trkpt>
      <trkpt lat="22.22304" lon="113.218137">
        <ele>33.4</ele>
        <time>2024-04-27T08:44:44Z</time>
      </trkpt>
      <trkpt lat="22.223055" lon="113.218191">
        <ele>33.5</ele>
        <time>2024-04-27T08:44:45Z</time>
      </trkpt>
      <trkpt lat="22.223073" lon="113.218241">
        <ele>33.5</ele>
        <time>2024-04-27T08:44:46Z</time>
      </trkpt>
      <trkpt lat="22.22309" lon="113.218284">
        <ele>33.5</ele>
        <time>2024-04-27T08:44:47Z</time>
      </trkpt>
      <trkpt lat="22.223107" lon="113.218324">
        <ele>33.6</ele>
        <time>2024-04-27T08:44:48Z</time>
      </trkpt>
      <trkpt lat="22.223127" lon="113.218367">
        <ele>33.6</ele>
        <time>2024-04-27T08:44:49Z</time>
      </trkpt>
      <trkpt lat="22.223149" lon="113.218406">
        <ele>33.6</ele>
        <time>2024-04-27T08:44:50Z</time>
      </trkpt>
      <trkpt lat="22.223172" lon="113.218444">
        <ele>33.7</ele>
        <time>2024-04-27T08:44:51Z</time>
      </trkpt>
      <trkpt lat="22.223196" lon="113.218482">
        <ele>33.7</ele>
        <time>2024-04-27T08:44:52Z</time>
      </trkpt>
      <trkpt lat="22.223222" lon="113.218524">
        <ele>33.7</ele>
        <time>2024-04-27T08:44:53Z</time>
      </trkpt>
      <trkpt lat="22.22324" lon="113.218571">
        <ele>33.8</ele>
        <time>2024-04-27T08:44:54Z</time>
      </trkpt>
      <trkpt lat="22.223253" lon="113.218627">
        <ele>33.8</ele>
        <time>2024-04-27T08:44:55Z</time>
      </trkpt>
      <trkpt lat="22.223258" lon="113.218686">
        <ele>33.8</ele>
        <time>2024-04-27T08:44:56Z</time>
      </trkpt>
      <trkpt lat="22.223256" lon="113.218745">
        <ele>33.9</ele>
        <time>2024-04-27T08:44:57Z</time>
      </trkpt>
      <trkpt lat="22.223245" lon="113.218811">
        <ele>33.9</ele>
        <time>2024-04-27T08:44:58Z</time>
      </trkpt>
      <trkpt lat="22.223223" lon="113.218872">
        <ele>34</ele>
        <time>2024-04-27T08:44:59Z</time>
      </trkpt>
      <trkpt lat="22.223192" lon="113.218933">
        <ele>34</ele>
        <time>2024-04-27T08:45:00Z</time>
      </trkpt>
      <trkpt lat="22.223159" lon="113.218988">
        <ele>34</ele>
        <time>2024-04-27T08:45:01Z</time>
      </trkpt>
      <trkpt lat="22.223126" lon="113.219034">
        <ele>34.1</ele>
        <time>2024-04-27T08:45:02Z</time>
      </trkpt>
      <trkpt lat="22.223092" lon="113.219081">
        <ele>34.1</ele>
        <time>2024-04-27T08:45:03Z</time>
      </trkpt>
      <trkpt lat="22.223066" lon="113.219125">
        <ele>34.2</ele>
        <time>2024-04-27T08:45:04Z</time>
      </trkpt>
      <trkpt lat="22.223042" lon="113.219162">
        <ele>34.2</ele>
        <time>2024-04-27T08:45:05Z</time>
      </trkpt>
      <trkpt lat="22.223015" lon="113.219196">
        <ele>34.2</ele>
        <time>2024-04-27T08:45:06Z</time>
      </trkpt>
      <trkpt lat="22.222984" lon="113.219227">
        <ele>34.2</ele>
        <time>2024-04-27T08:45:07Z</time>
      </trkpt>
      <trkpt lat="22.222944" lon="113.219254">
        <ele>34.3</ele>
        <time>2024-04-27T08:45:08Z</time>
      </trkpt>
      <trkpt lat="22.222894" lon="113.219272">
        <ele>34.3</ele>
        <time>2024-04-27T08:45:09Z</time>
      </trkpt>
      <trkpt lat="22.222843" lon="113.219282">
        <ele>34.3</ele>
        <time>2024-04-27T08:45:10Z</time>
      </trkpt>
      <trkpt lat="22.222798" lon="113.219295">
        <ele>34.4</ele>
        <time>2024-04-27T08:45:11Z</time>
      </trkpt>
      <trkpt lat="22.222755" lon="113.219302">
        <ele>34.4</ele>
        <time>2024-04-27T08:45:12Z</time>
      </trkpt>
      <trkpt lat="22.222709" lon="113.219307">
        <ele>34.4</ele>
        <time>2024-04-27T08:45:13Z</time>
      </trkpt>
      <trkpt lat="22.222663" lon="113.219307">
        <ele>34.5</ele>
        <time>2024-04-27T08:45:14Z</time>
      </trkpt>
      <trkpt lat="22.222619" lon="113.219307">
        <ele>34.5</ele>
        <time>2024-04-27T08:45:15Z</time>
      </trkpt>
      <trkpt lat="22.222575" lon="113.219312">
        <ele>34.5</ele>
        <time>2024-04-27T08:45:16Z</time>
      </trkpt>
      <trkpt lat="22.222529" lon="113.219325">
        <ele>34.6</ele>
        <time>2024-04-27T08:45:17Z</time>
      </trkpt>
      <trkpt lat="22.222482" lon="113.219332">
        <ele>34.6</ele>
        <time>2024-04-27T08:45:18Z</time>
      </trkpt>
      <trkpt lat="22.222436" lon="113.21934">
        <ele>34.6</ele>
        <time>2024-04-27T08:45:19Z</time>
      </trkpt>
      <trkpt lat="22.222389" lon="113.219348">
        <ele>34.7</ele>
        <time>2024-04-27T08:45:20Z</time>
      </trkpt>
      <trkpt lat="22.222348" lon="113.219355">
        <ele>34.7</ele>
        <time>2024-04-27T08:45:21Z</time>
      </trkpt>
      <trkpt lat="22.222312" lon="113.219363">
        <ele>34.7</ele>
        <time>2024-04-27T08:45:22Z</time>
      </trkpt>
      <trkpt lat="22.222276" lon="113.219376">
        <ele>34.7</ele>
        <time>2024-04-27T08:45:23Z</time>
      </trkpt>
      <trkpt lat="22.222242" lon="113.219402">
        <ele>34.7</ele>
        <time>2024-04-27T08:45:24Z</time>
      </trkpt>
      <trkpt lat="22.22221" lon="113.219433">
        <ele>34.7</ele>
        <time>2024-04-27T08:45:25Z</time>
      </trkpt>
      <trkpt lat="22.222182" lon="113.219466">
        <ele>34.7</ele>
        <time>2024-04-27T08:45:26Z</time>
      </trkpt>
      <trkpt lat="22.222157" lon="113.219508">
        <ele>34.7</ele>
        <time>2024-04-27T08:45:27Z</time>
      </trkpt>
      <trkpt lat="22.222131" lon="113.219554">
        <ele>34.7</ele>
        <time>2024-04-27T08:45:28Z</time>
      </trkpt>
      <trkpt lat="22.222107" lon="113.219599">
        <ele>34.7</ele>
        <time>2024-04-27T08:45:29Z</time>
      </trkpt>
      <trkpt lat="22.222089" lon="113.219647">
        <ele>34.8</ele>
        <time>2024-04-27T08:45:30Z</time>
      </trkpt>
      <trkpt lat="22.222077" lon="113.219703">
        <ele>34.8</ele>
        <time>2024-04-27T08:45:31Z</time>
      </trkpt>
      <trkpt lat="22.222067" lon="113.219767">
        <ele>34.8</ele>
        <time>2024-04-27T08:45:32Z</time>
      </trkpt>
      <trkpt lat="22.222064" lon="113.219832">
        <ele>34.8</ele>
        <time>2024-04-27T08:45:33Z</time>
      </trkpt>
      <trkpt lat="22.222069" lon="113.219895">
        <ele>34.8</ele>
        <time>2024-04-27T08:45:34Z</time>
      </trkpt>
      <trkpt lat="22.222082" lon="113.21996">
        <ele>34.8</ele>
        <time>2024-04-27T08:45:35Z</time>
      </trkpt>
      <trkpt lat="22.222096" lon="113.220027">
        <ele>34.8</ele>
        <time>2024-04-27T08:45:36Z</time>
      </trkpt>
      <trkpt lat="22.222115" lon="113.220085">
        <ele>34.8</ele>
        <time>2024-04-27T08:45:37Z</time>
      </trkpt>
      <trkpt lat="22.222138" lon="113.220133">
        <ele>34.8</ele>
        <time>2024-04-27T08:45:38Z</time>
      </trkpt>
      <trkpt lat="22.222162" lon="113.220181">
        <ele>34.9</ele>
        <time>2024-04-27T08:45:39Z</time>
      </trkpt>
      <trkpt lat="22.222179" lon="113.22024">
        <ele>34.9</ele>
        <time>2024-04-27T08:45:40Z</time>
      </trkpt>
      <trkpt lat="22.222183" lon="113.220311">
        <ele>34.9</ele>
        <time>2024-04-27T08:45:41Z</time>
      </trkpt>
      <trkpt lat="22.222166" lon="113.220388">
        <ele>34.9</ele>
        <time>2024-04-27T08:45:42Z</time>
      </trkpt>
      <trkpt lat="22.222137" lon="113.220458">
        <ele>34.9</ele>
        <time>2024-04-27T08:45:43Z</time>
      </trkpt>
      <trkpt lat="22.222104" lon="113.220516">
        <ele>34.9</ele>
        <time>2024-04-27T08:45:44Z</time>
      </trkpt>
      <trkpt lat="22.222069" lon="113.220561">
        <ele>34.9</ele>
        <time>2024-04-27T08:45:45Z</time>
      </trkpt>
      <trkpt lat="22.222034" lon="113.220589">
        <ele>34.9</ele>
        <time>2024-04-27T08:45:46Z</time>
      </trkpt>
      <trkpt lat="22.221995" lon="113.22061">
        <ele>35</ele>
        <time>2024-04-27T08:45:47Z</time>
      </trkpt>
      <trkpt lat="22.221951" lon="113.220625">
        <ele>35</ele>
        <time>2024-04-27T08:45:48Z</time>
      </trkpt>
      <trkpt lat="22.221906" lon="113.220634">
        <ele>35</ele>
        <time>2024-04-27T08:45:49Z</time>
      </trkpt>
      <trkpt lat="22.221864" lon="113.220634">
        <ele>35</ele>
        <time>2024-04-27T08:45:50Z</time>
      </trkpt>
      <trkpt lat="22.221822" lon="113.220632">
        <ele>35</ele>
        <time>2024-04-27T08:45:51Z</time>
      </trkpt>
      <trkpt lat="22.221786" lon="113.220624">
        <ele>35</ele>
        <time>2024-04-27T08:45:52Z</time>
      </trkpt>
      <trkpt lat="22.221753" lon="113.220616">
        <ele>35</ele>
        <time>2024-04-27T08:45:53Z</time>
      </trkpt>
      <trkpt lat="22.221713" lon="113.220606">
        <ele>35</ele>
        <time>2024-04-27T08:45:54Z</time>
      </trkpt>
      <trkpt lat="22.221676" lon="113.220596">
        <ele>35</ele>
        <time>2024-04-27T08:45:55Z</time>
      </trkpt>
      <trkpt lat="22.221642" lon="113.220599">
        <ele>35</ele>
        <time>2024-04-27T08:45:56Z</time>
      </trkpt>
      <trkpt lat="22.221599" lon="113.220604">
        <ele>34.9</ele>
        <time>2024-04-27T08:45:57Z</time>
      </trkpt>
      <trkpt lat="22.221559" lon="113.220604">
        <ele>34.7</ele>
        <time>2024-04-27T08:45:58Z</time>
      </trkpt>
      <trkpt lat="22.22152" lon="113.220601">
        <ele>34.4</ele>
        <time>2024-04-27T08:45:59Z</time>
      </trkpt>
      <trkpt lat="22.221479" lon="113.220596">
        <ele>34.2</ele>
        <time>2024-04-27T08:46:00Z</time>
      </trkpt>
      <trkpt lat="22.221437" lon="113.220596">
        <ele>33.9</ele>
        <time>2024-04-27T08:46:01Z</time>
      </trkpt>
      <trkpt lat="22.221399" lon="113.220599">
        <ele>33.7</ele>
        <time>2024-04-27T08:46:02Z</time>
      </trkpt>
      <trkpt lat="22.221364" lon="113.220601">
        <ele>33.5</ele>
        <time>2024-04-27T08:46:03Z</time>
      </trkpt>
      <trkpt lat="22.221326" lon="113.220593">
        <ele>33.2</ele>
        <time>2024-04-27T08:46:04Z</time>
      </trkpt>
      <trkpt lat="22.221285" lon="113.220589">
        <ele>33</ele>
        <time>2024-04-27T08:46:05Z</time>
      </trkpt>
      <trkpt lat="22.221244" lon="113.220586">
        <ele>32.7</ele>
        <time>2024-04-27T08:46:06Z</time>
      </trkpt>
      <trkpt lat="22.221202" lon="113.220581">
        <ele>32.5</ele>
        <time>2024-04-27T08:46:07Z</time>
      </trkpt>
      <trkpt lat="22.221164" lon="113.220584">
        <ele>32.3</ele>
        <time>2024-04-27T08:46:08Z</time>
      </trkpt>
      <trkpt lat="22.221122" lon="113.220594">
        <ele>32</ele>
        <time>2024-04-27T08:46:09Z</time>
      </trkpt>
      <trkpt lat="22.221078" lon="113.220609">
        <ele>31.7</ele>
        <time>2024-04-27T08:46:10Z</time>
      </trkpt>
      <trkpt lat="22.221033" lon="113.220628">
        <ele>31.4</ele>
        <time>2024-04-27T08:46:11Z</time>
      </trkpt>
      <trkpt lat="22.220985" lon="113.220651">
        <ele>31.1</ele>
        <time>2024-04-27T08:46:12Z</time>
      </trkpt>
      <trkpt lat="22.220939" lon="113.220679">
        <ele>30.8</ele>
        <time>2024-04-27T08:46:13Z</time>
      </trkpt>
      <trkpt lat="22.220894" lon="113.220714">
        <ele>30.4</ele>
        <time>2024-04-27T08:46:14Z</time>
      </trkpt>
      <trkpt lat="22.220846" lon="113.220748">
        <ele>30.1</ele>
        <time>2024-04-27T08:46:15Z</time>
      </trkpt>
      <trkpt lat="22.2208" lon="113.220786">
        <ele>29.7</ele>
        <time>2024-04-27T08:46:16Z</time>
      </trkpt>
      <trkpt lat="22.220755" lon="113.220824">
        <ele>29.4</ele>
        <time>2024-04-27T08:46:17Z</time>
      </trkpt>
      <trkpt lat="22.220706" lon="113.220859">
        <ele>29</ele>
        <time>2024-04-27T08:46:18Z</time>
      </trkpt>
      <trkpt lat="22.220658" lon="113.220889">
        <ele>28.7</ele>
        <time>2024-04-27T08:46:19Z</time>
      </trkpt>
      <trkpt lat="22.220609" lon="113.220923">
        <ele>28.3</ele>
        <time>2024-04-27T08:46:20Z</time>
      </trkpt>
      <trkpt lat="22.220558" lon="113.220959">
        <ele>28</ele>
        <time>2024-04-27T08:46:21Z</time>
      </trkpt>
      <trkpt lat="22.22051" lon="113.220992">
        <ele>27.6</ele>
        <time>2024-04-27T08:46:22Z</time>
      </trkpt>
      <trkpt lat="22.220462" lon="113.221024">
        <ele>27.3</ele>
        <time>2024-04-27T08:46:23Z</time>
      </trkpt>
      <trkpt lat="22.220411" lon="113.221047">
        <ele>26.9</ele>
        <time>2024-04-27T08:46:24Z</time>
      </trkpt>
      <trkpt lat="22.220359" lon="113.221065">
        <ele>26.6</ele>
        <time>2024-04-27T08:46:25Z</time>
      </trkpt>
      <trkpt lat="22.220305" lon="113.221069">
        <ele>26.3</ele>
        <time>2024-04-27T08:46:26Z</time>
      </trkpt>
      <trkpt lat="22.220249" lon="113.221069">
        <ele>25.9</ele>
        <time>2024-04-27T08:46:27Z</time>
      </trkpt>
      <trkpt lat="22.220192" lon="113.221072">
        <ele>25.6</ele>
        <time>2024-04-27T08:46:28Z</time>
      </trkpt>
      <trkpt lat="22.220136" lon="113.221083">
        <ele>25.2</ele>
        <time>2024-04-27T08:46:29Z</time>
      </trkpt>
      <trkpt lat="22.220083" lon="113.221101">
        <ele>24.9</ele>
        <time>2024-04-27T08:46:30Z</time>
      </trkpt>
      <trkpt lat="22.22003" lon="113.22113">
        <ele>24.5</ele>
        <time>2024-04-27T08:46:31Z</time>
      </trkpt>
      <trkpt lat="22.219981" lon="113.22117">
        <ele>24.2</ele>
        <time>2024-04-27T08:46:32Z</time>
      </trkpt>
      <trkpt lat="22.219932" lon="113.221216">
        <ele>24</ele>
        <time>2024-04-27T08:46:33Z</time>
      </trkpt>
      <trkpt lat="22.219887" lon="113.221265">
        <ele>24</ele>
        <time>2024-04-27T08:46:34Z</time>
      </trkpt>
      <trkpt lat="22.219843" lon="113.221315">
        <ele>24</ele>
        <time>2024-04-27T08:46:35Z</time>
      </trkpt>
      <trkpt lat="22.219802" lon="113.221363">
        <ele>24</ele>
        <time>2024-04-27T08:46:36Z</time>
      </trkpt>
      <trkpt lat="22.219763" lon="113.221417">
        <ele>24</ele>
        <time>2024-04-27T08:46:37Z</time>
      </trkpt>
      <trkpt lat="22.21973" lon="113.22147">
        <ele>24</ele>
        <time>2024-04-27T08:46:38Z</time>
      </trkpt>
      <trkpt lat="22.219702" lon="113.221527">
        <ele>24</ele>
        <time>2024-04-27T08:46:39Z</time>
      </trkpt>
      <trkpt lat="22.219679" lon="113.221588">
        <ele>23.9</ele>
        <time>2024-04-27T08:46:40Z</time>
      </trkpt>
      <trkpt lat="22.219663" lon="113.221652">
        <ele>23.9</ele>
        <time>2024-04-27T08:46:41Z</time>
      </trkpt>
      <trkpt lat="22.219656" lon="113.221718">
        <ele>23.9</ele>
        <time>2024-04-27T08:46:42Z</time>
      </trkpt>
      <trkpt lat="22.219659" lon="113.221775">
        <ele>23.9</ele>
        <time>2024-04-27T08:46:43Z</time>
      </trkpt>
      <trkpt lat="22.219673" lon="113.221829">
        <ele>23.9</ele>
        <time>2024-04-27T08:46:44Z</time>
      </trkpt>
      <trkpt lat="22.219692" lon="113.22188">
        <ele>23.9</ele>
        <time>2024-04-27T08:46:45Z</time>
      </trkpt>
      <trkpt lat="22.21971" lon="113.221925">
        <ele>23.9</ele>
        <time>2024-04-27T08:46:46Z</time>
      </trkpt>
      <trkpt lat="22.219727" lon="113.221971">
        <ele>23.9</ele>
        <time>2024-04-27T08:46:47Z</time>
      </trkpt>
      <trkpt lat="22.219744" lon="113.222016">
        <ele>23.9</ele>
        <time>2024-04-27T08:46:48Z</time>
      </trkpt>
      <trkpt lat="22.219762" lon="113.222059">
        <ele>23.8</ele>
        <time>2024-04-27T08:46:49Z</time>
      </trkpt>
      <trkpt lat="22.219781" lon="113.222099">
        <ele>23.8</ele>
        <time>2024-04-27T08:46:50Z</time>
      </trkpt>
      <trkpt lat="22.219795" lon="113.222135">
        <ele>23.8</ele>
        <time>2024-04-27T08:46:51Z</time>
      </trkpt>
      <trkpt lat="22.219801" lon="113.222169">
        <ele>23.8</ele>
        <time>2024-04-27T08:46:52Z</time>
      </trkpt>
      <trkpt lat="22.219808" lon="113.222206">
        <ele>23.8</ele>
        <time>2024-04-27T08:46:53Z</time>
      </trkpt>
      <trkpt lat="22.219818" lon="113.222244">
        <ele>23.8</ele>
        <time>2024-04-27T08:46:54Z</time>
      </trkpt>
      <trkpt lat="22.219831" lon="113.222278">
        <ele>23.8</ele>
        <time>2024-04-27T08:46:55Z</time>
      </trkpt>
      <trkpt lat="22.219845" lon="113.222311">
        <ele>23.8</ele>
        <time>2024-04-27T08:46:56Z</time>
      </trkpt>
      <trkpt lat="22.219861" lon="113.222347">
        <ele>23.8</ele>
        <time>2024-04-27T08:46:57Z</time>
      </trkpt>
      <trkpt lat="22.219878" lon="113.222375">
        <ele>23.8</ele>
        <time>2024-04-27T08:46:58Z</time>
      </trkpt>
      <trkpt lat="22.219899" lon="113.222402">
        <ele>23.8</ele>
        <time>2024-04-27T08:46:59Z</time>
      </trkpt>
      <trkpt lat="22.219924" lon="113.222432">
        <ele>23.8</ele>
        <time>2024-04-27T08:47:00Z</time>
      </trkpt>
      <trkpt lat="22.21995" lon="113.222462">
        <ele>23.8</ele>
        <time>2024-04-27T08:47:01Z</time>
      </trkpt>
      <trkpt lat="22.219979" lon="113.22249">
        <ele>23.7</ele>
        <time>2024-04-27T08:47:02Z</time>
      </trkpt>
      <trkpt lat="22.220008" lon="113.222513">
        <ele>23.7</ele>
        <time>2024-04-27T08:47:03Z</time>
      </trkpt>
      <trkpt lat="22.220035" lon="113.222535">
        <ele>23.7</ele>
        <time>2024-04-27T08:47:04Z</time>
      </trkpt>
      <trkpt lat="22.22006" lon="113.222561">
        <ele>23.7</ele>
        <time>2024-04-27T08:47:05Z</time>
      </trkpt>
      <trkpt lat="22.220087" lon="113.222594">
        <ele>23.7</ele>
        <time>2024-04-27T08:47:06Z</time>
      </trkpt>
      <trkpt lat="22.220111" lon="113.222632">
        <ele>23.7</ele>
        <time>2024-04-27T08:47:07Z</time>
      </trkpt>
      <trkpt lat="22.220131" lon="113.222673">
        <ele>23.7</ele>
        <time>2024-04-27T08:47:08Z</time>
      </trkpt>
      <trkpt lat="22.220144" lon="113.222719">
        <ele>23.7</ele>
        <time>2024-04-27T08:47:09Z</time>
      </trkpt>
      <trkpt lat="22.220155" lon="113.22277">
        <ele>23.7</ele>
        <time>2024-04-27T08:47:10Z</time>
      </trkpt>
      <trkpt lat="22.220171" lon="113.222832">
        <ele>23.7</ele>
        <time>2024-04-27T08:47:11Z</time>
      </trkpt>
      <trkpt lat="22.220188" lon="113.222894">
        <ele>23.6</ele>
        <time>2024-04-27T08:47:12Z</time>
      </trkpt>
      <trkpt lat="22.220205" lon="113.222955">
        <ele>23.4</ele>
        <time>2024-04-27T08:47:13Z</time>
      </trkpt>
      <trkpt lat="22.22022" lon="113.223011">
        <ele>23.3</ele>
        <time>2024-04-27T08:47:14Z</time>
      </trkpt>
      <trkpt lat="22.220235" lon="113.223062">
        <ele>23.2</ele>
        <time>2024-04-27T08:47:15Z</time>
      </trkpt>
      <trkpt lat="22.220247" lon="113.223109">
        <ele>23.1</ele>
        <time>2024-04-27T08:47:16Z</time>
      </trkpt>
      <trkpt lat="22.220252" lon="113.223151">
        <ele>23</ele>
        <time>2024-04-27T08:47:17Z</time>
      </trkpt>
      <trkpt lat="22.22024" lon="113.223186">
        <ele>23</ele>
        <time>2024-04-27T08:47:18Z</time>
      </trkpt>
      <trkpt lat="22.220208" lon="113.223211">
        <ele>22.9</ele>
        <time>2024-04-27T08:47:19Z</time>
      </trkpt>
      <trkpt lat="22.220162" lon="113.223227">
        <ele>22.8</ele>
        <time>2024-04-27T08:47:20Z</time>
      </trkpt>
      <trkpt lat="22.220112" lon="113.223233">
        <ele>22.7</ele>
        <time>2024-04-27T08:47:21Z</time>
      </trkpt>
      <trkpt lat="22.22006" lon="113.223226">
        <ele>22.6</ele>
        <time>2024-04-27T08:47:22Z</time>
      </trkpt>
      <trkpt lat="22.220006" lon="113.223215">
        <ele>22.4</ele>
        <time>2024-04-27T08:47:23Z</time>
      </trkpt>
      <trkpt lat="22.219943" lon="113.2232">
        <ele>22.3</ele>
        <time>2024-04-27T08:47:24Z</time>
      </trkpt>
      <trkpt lat="22.219881" lon="113.223187">
        <ele>22.2</ele>
        <time>2024-04-27T08:47:25Z</time>
      </trkpt>
      <trkpt lat="22.219818" lon="113.223177">
        <ele>22</ele>
        <time>2024-04-27T08:47:26Z</time>
      </trkpt>
      <trkpt lat="22.219752" lon="113.223159">
        <ele>21.9</ele>
        <time>2024-04-27T08:47:27Z</time>
      </trkpt>
      <trkpt lat="22.21969" lon="113.223136">
        <ele>21.7</ele>
        <time>2024-04-27T08:47:28Z</time>
      </trkpt>
      <trkpt lat="22.219631" lon="113.223113">
        <ele>21.6</ele>
        <time>2024-04-27T08:47:29Z</time>
      </trkpt>
      <trkpt lat="22.219576" lon="113.223093">
        <ele>21.5</ele>
        <time>2024-04-27T08:47:30Z</time>
      </trkpt>
      <trkpt lat="22.219523" lon="113.223083">
        <ele>21.4</ele>
        <time>2024-04-27T08:47:31Z</time>
      </trkpt>
      <trkpt lat="22.219467" lon="113.223083">
        <ele>21.2</ele>
        <time>2024-04-27T08:47:32Z</time>
      </trkpt>
      <trkpt lat="22.219409" lon="113.223083">
        <ele>21.1</ele>
        <time>2024-04-27T08:47:33Z</time>
      </trkpt>
      <trkpt lat="22.219352" lon="113.223083">
        <ele>21</ele>
        <time>2024-04-27T08:47:34Z</time>
      </trkpt>
      <trkpt lat="22.219296" lon="113.223086">
        <ele>20.9</ele>
        <time>2024-04-27T08:47:35Z</time>
      </trkpt>
      <trkpt lat="22.219243" lon="113.2231">
        <ele>20.8</ele>
        <time>2024-04-27T08:47:36Z</time>
      </trkpt>
      <trkpt lat="22.219201" lon="113.223123">
        <ele>20.7</ele>
        <time>2024-04-27T08:47:37Z</time>
      </trkpt>
      <trkpt lat="22.219171" lon="113.223155">
        <ele>20.6</ele>
        <time>2024-04-27T08:47:38Z</time>
      </trkpt>
      <trkpt lat="22.219145" lon="113.223203">
        <ele>20.5</ele>
        <time>2024-04-27T08:47:39Z</time>
      </trkpt>
      <trkpt lat="22.219116" lon="113.223256">
        <ele>20.3</ele>
        <time>2024-04-27T08:47:40Z</time>
      </trkpt>
      <trkpt lat="22.219083" lon="113.223309">
        <ele>20.2</ele>
        <time>2024-04-27T08:47:41Z</time>
      </trkpt>
      <trkpt lat="22.219046" lon="113.223362">
        <ele>20.1</ele>
        <time>2024-04-27T08:47:42Z</time>
      </trkpt>
      <trkpt lat="22.219002" lon="113.223413">
        <ele>19.9</ele>
        <time>2024-04-27T08:47:43Z</time>
      </trkpt>
      <trkpt lat="22.218961" lon="113.223461">
        <ele>19.8</ele>
        <time>2024-04-27T08:47:44Z</time>
      </trkpt>
      <trkpt lat="22.218932" lon="113.223513">
        <ele>19.9</ele>
        <time>2024-04-27T08:47:45Z</time>
      </trkpt>
      <trkpt lat="22.218915" lon="113.223558">
        <ele>19.9</ele>
        <time>2024-04-27T08:47:46Z</time>
      </trkpt>
      <trkpt lat="22.218913" lon="113.223606">
        <ele>19.9</ele>
        <time>2024-04-27T08:47:47Z</time>
      </trkpt>
      <trkpt lat="22.218922" lon="113.223661">
        <ele>20</ele>
        <time>2024-04-27T08:47:48Z</time>
      </trkpt>
      <trkpt lat="22.218934" lon="113.223711">
        <ele>20</ele>
        <time>2024-04-27T08:47:49Z</time>
      </trkpt>
      <trkpt lat="22.218948" lon="113.223757">
        <ele>20</ele>
        <time>2024-04-27T08:47:50Z</time>
      </trkpt>
      <trkpt lat="22.218963" lon="113.223804">
        <ele>20.1</ele>
        <time>2024-04-27T08:47:51Z</time>
      </trkpt>
      <trkpt lat="22.218976" lon="113.223853">
        <ele>20.1</ele>
        <time>2024-04-27T08:47:52Z</time>
      </trkpt>
      <trkpt lat="22.218987" lon="113.223901">
        <ele>20.1</ele>
        <time>2024-04-27T08:47:53Z</time>
      </trkpt>
      <trkpt lat="22.218998" lon="113.22395">
        <ele>20.2</ele>
        <time>2024-04-27T08:47:54Z</time>
      </trkpt>
      <trkpt lat="22.21901" lon="113.224001">
        <ele>20.2</ele>
        <time>2024-04-27T08:47:55Z</time>
      </trkpt>
      <trkpt lat="22.219022" lon="113.224049">
        <ele>20.2</ele>
        <time>2024-04-27T08:47:56Z</time>
      </trkpt>
      <trkpt lat="22.21903" lon="113.224102">
        <ele>20.3</ele>
        <time>2024-04-27T08:47:57Z</time>
      </trkpt>
      <trkpt lat="22.219033" lon="113.224156">
        <ele>20.3</ele>
        <time>2024-04-27T08:47:58Z</time>
      </trkpt>
      <trkpt lat="22.219036" lon="113.224209">
        <ele>20.3</ele>
        <time>2024-04-27T08:47:59Z</time>
      </trkpt>
      <trkpt lat="22.21904" lon="113.224263">
        <ele>20.4</ele>
        <time>2024-04-27T08:48:00Z</time>
      </trkpt>
      <trkpt lat="22.219045" lon="113.224314">
        <ele>20.4</ele>
        <time>2024-04-27T08:48:01Z</time>
      </trkpt>
      <trkpt lat="22.21905" lon="113.224359">
        <ele>20.4</ele>
        <time>2024-04-27T08:48:02Z</time>
      </trkpt>
      <trkpt lat="22.219055" lon="113.224403">
        <ele>20.5</ele>
        <time>2024-04-27T08:48:03Z</time>
      </trkpt>
      <trkpt lat="22.219057" lon="113.224448">
        <ele>20.5</ele>
        <time>2024-04-27T08:48:04Z</time>
      </trkpt>
      <trkpt lat="22.219058" lon="113.224499">
        <ele>20.5</ele>
        <time>2024-04-27T08:48:05Z</time>
      </trkpt>
      <trkpt lat="22.21906" lon="113.224546">
        <ele>20.6</ele>
        <time>2024-04-27T08:48:06Z</time>
      </trkpt>
      <trkpt lat="22.219062" lon="113.224599">
        <ele>20.6</ele>
        <time>2024-04-27T08:48:07Z</time>
      </trkpt>
      <trkpt lat="22.219068" lon="113.224655">
        <ele>20.6</ele>
        <time>2024-04-27T08:48:08Z</time>
      </trkpt>
      <trkpt lat="22.219078" lon="113.224713">
        <ele>20.7</ele>
        <time>2024-04-27T08:48:09Z</time>
      </trkpt>
      <trkpt lat="22.219085" lon="113.224766">
        <ele>20.7</ele>
        <time>2024-04-27T08:48:10Z</time>
      </trkpt>
      <trkpt lat="22.219087" lon="113.22482">
        <ele>20.7</ele>
        <time>2024-04-27T08:48:11Z</time>
      </trkpt>
      <trkpt lat="22.219082" lon="113.224874">
        <ele>20.8</ele>
        <time>2024-04-27T08:48:12Z</time>
      </trkpt>
      <trkpt lat="22.219073" lon="113.224927">
        <ele>20.8</ele>
        <time>2024-04-27T08:48:13Z</time>
      </trkpt>
      <trkpt lat="22.219062" lon="113.22498">
        <ele>20.8</ele>
        <time>2024-04-27T08:48:14Z</time>
      </trkpt>
      <trkpt lat="22.219053" lon="113.225033">
        <ele>20.9</ele>
        <time>2024-04-27T08:48:15Z</time>
      </trkpt>
      <trkpt lat="22.219047" lon="113.225084">
        <ele>20.9</ele>
        <time>2024-04-27T08:48:16Z</time>
      </trkpt>
      <trkpt lat="22.219037" lon="113.225134">
        <ele>20.9</ele>
        <time>2024-04-27T08:48:17Z</time>
      </trkpt>
      <trkpt lat="22.219023" lon="113.225184">
        <ele>21</ele>
        <time>2024-04-27T08:48:18Z</time>
      </trkpt>
      <trkpt lat="22.219008" lon="113.225233">
        <ele>21</ele>
        <time>2024-04-27T08:48:19Z</time>
      </trkpt>
      <trkpt lat="22.21899" lon="113.225287">
        <ele>21.1</ele>
        <time>2024-04-27T08:48:20Z</time>
      </trkpt>
      <trkpt lat="22.218973" lon="113.225339">
        <ele>21.1</ele>
        <time>2024-04-27T08:48:21Z</time>
      </trkpt>
      <trkpt lat="22.218964" lon="113.225393">
        <ele>21.1</ele>
        <time>2024-04-27T08:48:22Z</time>
      </trkpt>
      <trkpt lat="22.218969" lon="113.225446">
        <ele>21</ele>
        <time>2024-04-27T08:48:23Z</time>
      </trkpt>
      <trkpt lat="22.218981" lon="113.225496">
        <ele>20.9</ele>
        <time>2024-04-27T08:48:24Z</time>
      </trkpt>
      <trkpt lat="22.219" lon="113.225542">
        <ele>20.9</ele>
        <time>2024-04-27T08:48:25Z</time>
      </trkpt>
      <trkpt lat="22.21902" lon="113.22559">
        <ele>20.8</ele>
        <time>2024-04-27T08:48:26Z</time>
      </trkpt>
      <trkpt lat="22.219038" lon="113.225641">
        <ele>20.8</ele>
        <time>2024-04-27T08:48:27Z</time>
      </trkpt>
      <trkpt lat="22.219056" lon="113.225688">
        <ele>20.7</ele>
        <time>2024-04-27T08:48:28Z</time>
      </trkpt>
      <trkpt lat="22.219072" lon="113.225733">
        <ele>20.7</ele>
        <time>2024-04-27T08:48:29Z</time>
      </trkpt>
      <trkpt lat="22.219087" lon="113.225775">
        <ele>20.6</ele>
        <time>2024-04-27T08:48:30Z</time>
      </trkpt>
      <trkpt lat="22.2191" lon="113.225813">
        <ele>20.6</ele>
        <time>2024-04-27T08:48:31Z</time>
      </trkpt>
      <trkpt lat="22.219113" lon="113.225852">
        <ele>20.5</ele>
        <time>2024-04-27T08:48:32Z</time>
      </trkpt>
      <trkpt lat="22.219128" lon="113.22589">
        <ele>20.5</ele>
        <time>2024-04-27T08:48:33Z</time>
      </trkpt>
      <trkpt lat="22.219145" lon="113.225928">
        <ele>20.5</ele>
        <time>2024-04-27T08:48:34Z</time>
      </trkpt>
      <trkpt lat="22.21916" lon="113.225966">
        <ele>20.4</ele>
        <time>2024-04-27T08:48:35Z</time>
      </trkpt>
      <trkpt lat="22.219171" lon="113.226004">
        <ele>20.4</ele>
        <time>2024-04-27T08:48:36Z</time>
      </trkpt>
      <trkpt lat="22.219182" lon="113.226039">
        <ele>20.3</ele>
        <time>2024-04-27T08:48:37Z</time>
      </trkpt>
      <trkpt lat="22.219195" lon="113.22607">
        <ele>20.3</ele>
        <time>2024-04-27T08:48:38Z</time>
      </trkpt>
      <trkpt lat="22.219209" lon="113.226101">
        <ele>20.3</ele>
        <time>2024-04-27T08:48:39Z</time>
      </trkpt>
      <trkpt lat="22.219221" lon="113.226128">
        <ele>20.2</ele>
        <time>2024-04-27T08:48:40Z</time>
      </trkpt>
      <trkpt lat="22.219233" lon="113.226154">
        <ele>20.2</ele>
        <time>2024-04-27T08:48:41Z</time>
      </trkpt>
      <trkpt lat="22.219243" lon="113.226181">
        <ele>20.2</ele>
        <time>2024-04-27T08:48:42Z</time>
      </trkpt>
      <trkpt lat="22.219253" lon="113.226205">
        <ele>20.1</ele>
        <time>2024-04-27T08:48:43Z</time>
      </trkpt>
      <trkpt lat="22.219262" lon="113.226228">
        <ele>20.1</ele>
        <time>2024-04-27T08:48:44Z</time>
      </trkpt>
      <trkpt lat="22.219266" lon="113.226251">
        <ele>20.1</ele>
        <time>2024-04-27T08:48:45Z</time>
      </trkpt>
      <trkpt lat="22.219264" lon="113.22627">
        <ele>20.1</ele>
        <time>2024-04-27T08:48:46Z</time>
      </trkpt>
      <trkpt lat="22.219256" lon="113.226286">
        <ele>20</ele>
        <time>2024-04-27T08:48:47Z</time>
      </trkpt>
      <trkpt lat="22.219239" lon="113.226301">
        <ele>20</ele>
        <time>2024-04-27T08:48:48Z</time>
      </trkpt>
      <trkpt lat="22.219217" lon="113.226311">
        <ele>20</ele>
        <time>2024-04-27T08:48:49Z</time>
      </trkpt>
      <trkpt lat="22.219191" lon="113.226308">
        <ele>20</ele>
        <time>2024-04-27T08:48:50Z</time>
      </trkpt>
      <trkpt lat="22.219169" lon="113.226295">
        <ele>19.9</ele>
        <time>2024-04-27T08:48:51Z</time>
      </trkpt>
      <trkpt lat="22.219145" lon="113.226269">
        <ele>19.9</ele>
        <time>2024-04-27T08:48:52Z</time>
      </trkpt>
      <trkpt lat="22.219118" lon="113.226241">
        <ele>19.9</ele>
        <time>2024-04-27T08:48:53Z</time>
      </trkpt>
      <trkpt lat="22.219085" lon="113.226221">
        <ele>19.8</ele>
        <time>2024-04-27T08:48:54Z</time>
      </trkpt>
      <trkpt lat="22.219045" lon="113.226206">
        <ele>19.8</ele>
        <time>2024-04-27T08:48:55Z</time>
      </trkpt>
      <trkpt lat="22.219001" lon="113.226191">
        <ele>19.7</ele>
        <time>2024-04-27T08:48:56Z</time>
      </trkpt>
      <trkpt lat="22.21896" lon="113.226175">
        <ele>19.7</ele>
        <time>2024-04-27T08:48:57Z</time>
      </trkpt>
      <trkpt lat="22.218917" lon="113.226157">
        <ele>19.6</ele>
        <time>2024-04-27T08:48:58Z</time>
      </trkpt>
      <trkpt lat="22.218875" lon="113.226132">
        <ele>19.6</ele>
        <time>2024-04-27T08:48:59Z</time>
      </trkpt>
      <trkpt lat="22.21883" lon="113.226104">
        <ele>19.5</ele>
        <time>2024-04-27T08:49:00Z</time>
      </trkpt>
      <trkpt lat="22.218781" lon="113.226081">
        <ele>19.4</ele>
        <time>2024-04-27T08:49:01Z</time>
      </trkpt>
      <trkpt lat="22.218733" lon="113.226057">
        <ele>19.4</ele>
        <time>2024-04-27T08:49:02Z</time>
      </trkpt>
      <trkpt lat="22.218702" lon="113.226041">
        <ele>19.3</ele>
        <time>2024-04-27T08:49:03Z</time>
      </trkpt>
      <trkpt lat="22.218684" lon="113.226033">
        <ele>19.3</ele>
        <time>2024-04-27T08:49:04Z</time>
      </trkpt>
      <trkpt lat="22.218661" lon="113.226025">
        <ele>19.3</ele>
        <time>2024-04-27T08:49:05Z</time>
      </trkpt>
      <trkpt lat="22.218626" lon="113.226015">
        <ele>19.2</ele>
        <time>2024-04-27T08:49:06Z</time>
      </trkpt>
      <trkpt lat="22.218583" lon="113.225997">
        <ele>19.2</ele>
        <time>2024-04-27T08:49:07Z</time>
      </trkpt>
      <trkpt lat="22.218541" lon="113.225974">
        <ele>19.1</ele>
        <time>2024-04-27T08:49:08Z</time>
      </trkpt>
      <trkpt lat="22.218497" lon="113.225949">
        <ele>19.1</ele>
        <time>2024-04-27T08:49:09Z</time>
      </trkpt>
      <trkpt lat="22.218451" lon="113.225922">
        <ele>19.1</ele>
        <time>2024-04-27T08:49:10Z</time>
      </trkpt>
      <trkpt lat="22.218399" lon="113.225898">
        <ele>19.3</ele>
        <time>2024-04-27T08:49:11Z</time>
      </trkpt>
      <trkpt lat="22.218346" lon="113.225875">
        <ele>19.4</ele>
        <time>2024-04-27T08:49:12Z</time>
      </trkpt>
      <trkpt lat="22.218294" lon="113.22585">
        <ele>19.6</ele>
        <time>2024-04-27T08:49:13Z</time>
      </trkpt>
      <trkpt lat="22.218239" lon="113.225822">
        <ele>19.7</ele>
        <time>2024-04-27T08:49:14Z</time>
      </trkpt>
      <trkpt lat="22.218182" lon="113.225799">
        <ele>19.9</ele>
        <time>2024-04-27T08:49:15Z</time>
      </trkpt>
      <trkpt lat="22.218128" lon="113.225773">
        <ele>20.1</ele>
        <time>2024-04-27T08:49:16Z</time>
      </trkpt>
      <trkpt lat="22.218074" lon="113.225743">
        <ele>20.2</ele>
        <time>2024-04-27T08:49:17Z</time>
      </trkpt>
      <trkpt lat="22.218018" lon="113.225715">
        <ele>20.4</ele>
        <time>2024-04-27T08:49:18Z</time>
      </trkpt>
      <trkpt lat="22.21796" lon="113.225692">
        <ele>20.6</ele>
        <time>2024-04-27T08:49:19Z</time>
      </trkpt>
      <trkpt lat="22.217901" lon="113.225668">
        <ele>20.7</ele>
        <time>2024-04-27T08:49:20Z</time>
      </trkpt>
      <trkpt lat="22.217843" lon="113.225644">
        <ele>20.9</ele>
        <time>2024-04-27T08:49:21Z</time>
      </trkpt>
      <trkpt lat="22.217791" lon="113.225622">
        <ele>21</ele>
        <time>2024-04-27T08:49:22Z</time>
      </trkpt>
      <trkpt lat="22.217741" lon="113.225599">
        <ele>21.2</ele>
        <time>2024-04-27T08:49:23Z</time>
      </trkpt>
      <trkpt lat="22.217696" lon="113.225576">
        <ele>21.3</ele>
        <time>2024-04-27T08:49:24Z</time>
      </trkpt>
      <trkpt lat="22.217655" lon="113.225553">
        <ele>21.5</ele>
        <time>2024-04-27T08:49:25Z</time>
      </trkpt>
      <trkpt lat="22.217614" lon="113.225534">
        <ele>21.6</ele>
        <time>2024-04-27T08:49:26Z</time>
      </trkpt>
      <trkpt lat="22.217576" lon="113.225512">
        <ele>21.7</ele>
        <time>2024-04-27T08:49:27Z</time>
      </trkpt>
      <trkpt lat="22.217538" lon="113.225484">
        <ele>21.8</ele>
        <time>2024-04-27T08:49:28Z</time>
      </trkpt>
      <trkpt lat="22.217502" lon="113.225465">
        <ele>21.9</ele>
        <time>2024-04-27T08:49:29Z</time>
      </trkpt>
      <trkpt lat="22.217463" lon="113.225446">
        <ele>22</ele>
        <time>2024-04-27T08:49:30Z</time>
      </trkpt>
      <trkpt lat="22.217422" lon="113.225427">
        <ele>22.2</ele>
        <time>2024-04-27T08:49:31Z</time>
      </trkpt>
      <trkpt lat="22.217383" lon="113.225408">
        <ele>22.3</ele>
        <time>2024-04-27T08:49:32Z</time>
      </trkpt>
      <trkpt lat="22.217346" lon="113.225389">
        <ele>22.4</ele>
        <time>2024-04-27T08:49:33Z</time>
      </trkpt>
      <trkpt lat="22.217312" lon="113.225373">
        <ele>22.5</ele>
        <time>2024-04-27T08:49:34Z</time>
      </trkpt>
      <trkpt lat="22.217281" lon="113.225358">
        <ele>22.6</ele>
        <time>2024-04-27T08:49:35Z</time>
      </trkpt>
      <trkpt lat="22.217254" lon="113.225346">
        <ele>22.7</ele>
        <time>2024-04-27T08:49:36Z</time>
      </trkpt>
      <trkpt lat="22.217232" lon="113.225338">
        <ele>22.7</ele>
        <time>2024-04-27T08:49:37Z</time>
      </trkpt>
      <trkpt lat="22.217213" lon="113.225338">
        <ele>22.8</ele>
        <time>2024-04-27T08:49:38Z</time>
      </trkpt>
      <trkpt lat="22.217195" lon="113.225349">
        <ele>22.8</ele>
        <time>2024-04-27T08:49:39Z</time>
      </trkpt>
      <trkpt lat="22.217178" lon="113.225367">
        <ele>22.9</ele>
        <time>2024-04-27T08:49:40Z</time>
      </trkpt>
      <trkpt lat="22.217166" lon="113.225393">
        <ele>23</ele>
        <time>2024-04-27T08:49:41Z</time>
      </trkpt>
      <trkpt lat="22.217159" lon="113.22542">
        <ele>23</ele>
        <time>2024-04-27T08:49:42Z</time>
      </trkpt>
      <trkpt lat="22.21716" lon="113.22544">
        <ele>23.1</ele>
        <time>2024-04-27T08:49:43Z</time>
      </trkpt>
      <trkpt lat="22.217161" lon="113.225462">
        <ele>23.1</ele>
        <time>2024-04-27T08:49:44Z</time>
      </trkpt>
      <trkpt lat="22.217159" lon="113.225489">
        <ele>23.2</ele>
        <time>2024-04-27T08:49:45Z</time>
      </trkpt>
      <trkpt lat="22.217157" lon="113.225515">
        <ele>23.3</ele>
        <time>2024-04-27T08:49:46Z</time>
      </trkpt>
      <trkpt lat="22.217155" lon="113.225543">
        <ele>23.3</ele>
        <time>2024-04-27T08:49:47Z</time>
      </trkpt>
      <trkpt lat="22.217156" lon="113.225565">
        <ele>23.4</ele>
        <time>2024-04-27T08:49:48Z</time>
      </trkpt>
      <trkpt lat="22.217157" lon="113.225588">
        <ele>23.5</ele>
        <time>2024-04-27T08:49:49Z</time>
      </trkpt>
      <trkpt lat="22.217157" lon="113.225611">
        <ele>23.5</ele>
        <time>2024-04-27T08:49:50Z</time>
      </trkpt>
      <trkpt lat="22.217156" lon="113.225637">
        <ele>23.6</ele>
        <time>2024-04-27T08:49:51Z</time>
      </trkpt>
      <trkpt lat="22.217153" lon="113.225668">
        <ele>23.7</ele>
        <time>2024-04-27T08:49:52Z</time>
      </trkpt>
      <trkpt lat="22.217151" lon="113.225699">
        <ele>23.7</ele>
        <time>2024-04-27T08:49:53Z</time>
      </trkpt>
      <trkpt lat="22.217148" lon="113.225729">
        <ele>23.8</ele>
        <time>2024-04-27T08:49:54Z</time>
      </trkpt>
      <trkpt lat="22.217145" lon="113.225756">
        <ele>23.9</ele>
        <time>2024-04-27T08:49:55Z</time>
      </trkpt>
      <trkpt lat="22.217144" lon="113.225779">
        <ele>23.9</ele>
        <time>2024-04-27T08:49:56Z</time>
      </trkpt>
      <trkpt lat="22.217144" lon="113.225802">
        <ele>23.9</ele>
        <time>2024-04-27T08:49:57Z</time>
      </trkpt>
      <trkpt lat="22.217143" lon="113.225821">
        <ele>23.9</ele>
        <time>2024-04-27T08:49:58Z</time>
      </trkpt>
      <trkpt lat="22.21714" lon="113.22584">
        <ele>23.9</ele>
        <time>2024-04-27T08:49:59Z</time>
      </trkpt>
      <trkpt lat="22.217135" lon="113.225863">
        <ele>23.9</ele>
        <time>2024-04-27T08:50:00Z</time>
      </trkpt>
      <trkpt lat="22.217129" lon="113.225889">
        <ele>23.8</ele>
        <time>2024-04-27T08:50:01Z</time>
      </trkpt>
      <trkpt lat="22.217125" lon="113.225916">
        <ele>23.8</ele>
        <time>2024-04-27T08:50:02Z</time>
      </trkpt>
      <trkpt lat="22.217122" lon="113.225939">
        <ele>23.8</ele>
        <time>2024-04-27T08:50:03Z</time>
      </trkpt>
      <trkpt lat="22.217121" lon="113.225962">
        <ele>23.8</ele>
        <time>2024-04-27T08:50:04Z</time>
      </trkpt>
      <trkpt lat="22.217119" lon="113.225988">
        <ele>23.8</ele>
        <time>2024-04-27T08:50:05Z</time>
      </trkpt>
      <trkpt lat="22.217116" lon="113.226019">
        <ele>23.8</ele>
        <time>2024-04-27T08:50:06Z</time>
      </trkpt>
      <trkpt lat="22.217111" lon="113.226052">
        <ele>23.8</ele>
        <time>2024-04-27T08:50:07Z</time>
      </trkpt>
      <trkpt lat="22.217107" lon="113.226091">
        <ele>23.8</ele>
        <time>2024-04-27T08:50:08Z</time>
      </trkpt>
      <trkpt lat="22.217105" lon="113.226132">
        <ele>23.7</ele>
        <time>2024-04-27T08:50:09Z</time>
      </trkpt>
      <trkpt lat="22.217102" lon="113.226178">
        <ele>23.7</ele>
        <time>2024-04-27T08:50:10Z</time>
      </trkpt>
      <trkpt lat="22.217098" lon="113.22622">
        <ele>23.7</ele>
        <time>2024-04-27T08:50:11Z</time>
      </trkpt>
      <trkpt lat="22.217092" lon="113.226259">
        <ele>23.7</ele>
        <time>2024-04-27T08:50:12Z</time>
      </trkpt>
      <trkpt lat="22.217081" lon="113.2263">
        <ele>23.7</ele>
        <time>2024-04-27T08:50:13Z</time>
      </trkpt>
      <trkpt lat="22.217068" lon="113.226346">
        <ele>23.6</ele>
        <time>2024-04-27T08:50:14Z</time>
      </trkpt>
      <trkpt lat="22.217058" lon="113.226388">
        <ele>23.6</ele>
        <time>2024-04-27T08:50:15Z</time>
      </trkpt>
      <trkpt lat="22.217051" lon="113.226433">
        <ele>23.6</ele>
        <time>2024-04-27T08:50:16Z</time>
      </trkpt>
      <trkpt lat="22.217046" lon="113.226483">
        <ele>23.6</ele>
        <time>2024-04-27T08:50:17Z</time>
      </trkpt>
      <trkpt lat="22.217039" lon="113.226532">
        <ele>23.6</ele>
        <time>2024-04-27T08:50:18Z</time>
      </trkpt>
      <trkpt lat="22.217029" lon="113.226583">
        <ele>23.5</ele>
        <time>2024-04-27T08:50:19Z</time>
      </trkpt>
      <trkpt lat="22.217019" lon="113.226628">
        <ele>23.5</ele>
        <time>2024-04-27T08:50:20Z</time>
      </trkpt>
      <trkpt lat="22.217007" lon="113.226674">
        <ele>23.5</ele>
        <time>2024-04-27T08:50:21Z</time>
      </trkpt>
      <trkpt lat="22.216996" lon="113.22672">
        <ele>23.5</ele>
        <time>2024-04-27T08:50:22Z</time>
      </trkpt>
      <trkpt lat="22.216985" lon="113.226766">
        <ele>23.5</ele>
        <time>2024-04-27T08:50:23Z</time>
      </trkpt>
      <trkpt lat="22.216976" lon="113.226815">
        <ele>23.4</ele>
        <time>2024-04-27T08:50:24Z</time>
      </trkpt>
      <trkpt lat="22.216967" lon="113.226868">
        <ele>23.4</ele>
        <time>2024-04-27T08:50:25Z</time>
      </trkpt>
      <trkpt lat="22.21696" lon="113.226921">
        <ele>23.4</ele>
        <time>2024-04-27T08:50:26Z</time>
      </trkpt>
      <trkpt lat="22.216953" lon="113.226971">
        <ele>23.4</ele>
        <time>2024-04-27T08:50:27Z</time>
      </trkpt>
      <trkpt lat="22.216944" lon="113.227021">
        <ele>23.3</ele>
        <time>2024-04-27T08:50:28Z</time>
      </trkpt>
      <trkpt lat="22.216937" lon="113.227071">
        <ele>23.3</ele>
        <time>2024-04-27T08:50:29Z</time>
      </trkpt>
      <trkpt lat="22.216929" lon="113.227116">
        <ele>23.3</ele>
        <time>2024-04-27T08:50:30Z</time>
      </trkpt>
      <trkpt lat="22.216921" lon="113.227162">
        <ele>23.3</ele>
        <time>2024-04-27T08:50:31Z</time>
      </trkpt>
      <trkpt lat="22.216914" lon="113.227208">
        <ele>23.3</ele>
        <time>2024-04-27T08:50:32Z</time>
      </trkpt>
      <trkpt lat="22.216906" lon="113.22725">
        <ele>23.2</ele>
        <time>2024-04-27T08:50:33Z</time>
      </trkpt>
      <trkpt lat="22.216898" lon="113.227292">
        <ele>23.2</ele>
        <time>2024-04-27T08:50:34Z</time>
      </trkpt>
      <trkpt lat="22.21689" lon="113.227338">
        <ele>23.2</ele>
        <time>2024-04-27T08:50:35Z</time>
      </trkpt>
      <trkpt lat="22.216881" lon="113.227383">
        <ele>23.2</ele>
        <time>2024-04-27T08:50:36Z</time>
      </trkpt>
      <trkpt lat="22.216876" lon="113.227426">
        <ele>23.2</ele>
        <time>2024-04-27T08:50:37Z</time>
      </trkpt>
      <trkpt lat="22.216874" lon="113.227467">
        <ele>23.1</ele>
        <time>2024-04-27T08:50:38Z</time>
      </trkpt>
      <trkpt lat="22.216873" lon="113.227513">
        <ele>23.1</ele>
        <time>2024-04-27T08:50:39Z</time>
      </trkpt>
      <trkpt lat="22.216875" lon="113.227559">
        <ele>23.1</ele>
        <time>2024-04-27T08:50:40Z</time>
      </trkpt>
      <trkpt lat="22.216878" lon="113.227608">
        <ele>23.1</ele>
        <time>2024-04-27T08:50:41Z</time>
      </trkpt>
      <trkpt lat="22.216878" lon="113.227661">
        <ele>23.1</ele>
        <time>2024-04-27T08:50:42Z</time>
      </trkpt>
      <trkpt lat="22.216876" lon="113.227715">
        <ele>23.1</ele>
        <time>2024-04-27T08:50:43Z</time>
      </trkpt>
      <trkpt lat="22.216875" lon="113.227768">
        <ele>23.1</ele>
        <time>2024-04-27T08:50:44Z</time>
      </trkpt>
      <trkpt lat="22.216877" lon="113.227825">
        <ele>23.2</ele>
        <time>2024-04-27T08:50:45Z</time>
      </trkpt>
      <trkpt lat="22.216881" lon="113.227886">
        <ele>23.3</ele>
        <time>2024-04-27T08:50:46Z</time>
      </trkpt>
      <trkpt lat="22.216886" lon="113.227947">
        <ele>23.3</ele>
        <time>2024-04-27T08:50:47Z</time>
      </trkpt>
      <trkpt lat="22.216889" lon="113.228008">
        <ele>23.4</ele>
        <time>2024-04-27T08:50:48Z</time>
      </trkpt>
      <trkpt lat="22.216891" lon="113.228073">
        <ele>23.5</ele>
        <time>2024-04-27T08:50:49Z</time>
      </trkpt>
      <trkpt lat="22.216893" lon="113.228138">
        <ele>23.5</ele>
        <time>2024-04-27T08:50:50Z</time>
      </trkpt>
      <trkpt lat="22.216895" lon="113.228199">
        <ele>23.6</ele>
        <time>2024-04-27T08:50:51Z</time>
      </trkpt>
      <trkpt lat="22.216898" lon="113.228256">
        <ele>23.6</ele>
        <time>2024-04-27T08:50:52Z</time>
      </trkpt>
      <trkpt lat="22.216901" lon="113.228313">
        <ele>23.7</ele>
        <time>2024-04-27T08:50:53Z</time>
      </trkpt>
      <trkpt lat="22.216903" lon="113.228371">
        <ele>23.8</ele>
        <time>2024-04-27T08:50:54Z</time>
      </trkpt>
      <trkpt lat="22.216904" lon="113.228427">
        <ele>23.8</ele>
        <time>2024-04-27T08:50:55Z</time>
      </trkpt>
      <trkpt lat="22.216905" lon="113.228488">
        <ele>23.9</ele>
        <time>2024-04-27T08:50:56Z</time>
      </trkpt>
      <trkpt lat="22.216909" lon="113.228546">
        <ele>23.9</ele>
        <time>2024-04-27T08:50:57Z</time>
      </trkpt>
      <trkpt lat="22.216913" lon="113.228603">
        <ele>24</ele>
        <time>2024-04-27T08:50:58Z</time>
      </trkpt>
      <trkpt lat="22.216915" lon="113.228661">
        <ele>24.1</ele>
        <time>2024-04-27T08:50:59Z</time>
      </trkpt>
      <trkpt lat="22.216916" lon="113.228718">
        <ele>24.1</ele>
        <time>2024-04-27T08:51:00Z</time>
      </trkpt>
      <trkpt lat="22.216919" lon="113.228776">
        <ele>24.2</ele>
        <time>2024-04-27T08:51:01Z</time>
      </trkpt>
      <trkpt lat="22.216923" lon="113.228832">
        <ele>24.2</ele>
        <time>2024-04-27T08:51:02Z</time>
      </trkpt>
      <trkpt lat="22.216926" lon="113.228893">
        <ele>24.3</ele>
        <time>2024-04-27T08:51:03Z</time>
      </trkpt>
      <trkpt lat="22.216929" lon="113.228951">
        <ele>24.4</ele>
        <time>2024-04-27T08:51:04Z</time>
      </trkpt>
      <trkpt lat="22.216931" lon="113.229004">
        <ele>24.4</ele>
        <time>2024-04-27T08:51:05Z</time>
      </trkpt>
      <trkpt lat="22.216932" lon="113.229057">
        <ele>24.5</ele>
        <time>2024-04-27T08:51:06Z</time>
      </trkpt>
      <trkpt lat="22.216933" lon="113.229111">
        <ele>24.5</ele>
        <time>2024-04-27T08:51:07Z</time>
      </trkpt>
      <trkpt lat="22.216936" lon="113.229164">
        <ele>24.6</ele>
        <time>2024-04-27T08:51:08Z</time>
      </trkpt>
      <trkpt lat="22.216938" lon="113.229218">
        <ele>24.6</ele>
        <time>2024-04-27T08:51:09Z</time>
      </trkpt>
      <trkpt lat="22.216939" lon="113.229271">
        <ele>24.7</ele>
        <time>2024-04-27T08:51:10Z</time>
      </trkpt>
      <trkpt lat="22.216942" lon="113.229322">
        <ele>24.7</ele>
        <time>2024-04-27T08:51:11Z</time>
      </trkpt>
      <trkpt lat="22.216946" lon="113.229371">
        <ele>24.8</ele>
        <time>2024-04-27T08:51:12Z</time>
      </trkpt>
      <trkpt lat="22.216952" lon="113.229421">
        <ele>24.8</ele>
        <time>2024-04-27T08:51:13Z</time>
      </trkpt>
      <trkpt lat="22.216956" lon="113.229466">
        <ele>24.9</ele>
        <time>2024-04-27T08:51:14Z</time>
      </trkpt>
      <trkpt lat="22.216957" lon="113.229512">
        <ele>24.9</ele>
        <time>2024-04-27T08:51:15Z</time>
      </trkpt>
      <trkpt lat="22.216958" lon="113.229558">
        <ele>25</ele>
        <time>2024-04-27T08:51:16Z</time>
      </trkpt>
      <trkpt lat="22.216961" lon="113.229604">
        <ele>25</ele>
        <time>2024-04-27T08:51:17Z</time>
      </trkpt>
      <trkpt lat="22.216966" lon="113.22965">
        <ele>25.1</ele>
        <time>2024-04-27T08:51:18Z</time>
      </trkpt>
      <trkpt lat="22.216969" lon="113.229695">
        <ele>25.1</ele>
        <time>2024-04-27T08:51:19Z</time>
      </trkpt>
      <trkpt lat="22.216969" lon="113.229741">
        <ele>25.1</ele>
        <time>2024-04-27T08:51:20Z</time>
      </trkpt>
      <trkpt lat="22.216969" lon="113.229787">
        <ele>25.2</ele>
        <time>2024-04-27T08:51:21Z</time>
      </trkpt>
      <trkpt lat="22.21697" lon="113.229836">
        <ele>25.2</ele>
        <time>2024-04-27T08:51:22Z</time>
      </trkpt>
      <trkpt lat="22.216971" lon="113.229886">
        <ele>25.2</ele>
        <time>2024-04-27T08:51:23Z</time>
      </trkpt>
      <trkpt lat="22.216974" lon="113.229932">
        <ele>25.3</ele>
        <time>2024-04-27T08:51:24Z</time>
      </trkpt>
      <trkpt lat="22.216979" lon="113.229978">
        <ele>25.3</ele>
        <time>2024-04-27T08:51:25Z</time>
      </trkpt>
      <trkpt lat="22.216982" lon="113.230027">
        <ele>25.3</ele>
        <time>2024-04-27T08:51:26Z</time>
      </trkpt>
      <trkpt lat="22.216982" lon="113.230077">
        <ele>25.4</ele>
        <time>2024-04-27T08:51:27Z</time>
      </trkpt>
      <trkpt lat="22.216982" lon="113.230122">
        <ele>25.4</ele>
        <time>2024-04-27T08:51:28Z</time>
      </trkpt>
      <trkpt lat="22.216982" lon="113.230172">
        <ele>25.4</ele>
        <time>2024-04-27T08:51:29Z</time>
      </trkpt>
      <trkpt lat="22.21698" lon="113.230222">
        <ele>25.5</ele>
        <time>2024-04-27T08:51:30Z</time>
      </trkpt>
      <trkpt lat="22.216976" lon="113.230268">
        <ele>25.5</ele>
        <time>2024-04-27T08:51:31Z</time>
      </trkpt>
      <trkpt lat="22.216973" lon="113.230313">
        <ele>25.5</ele>
        <time>2024-04-27T08:51:32Z</time>
      </trkpt>
      <trkpt lat="22.216972" lon="113.230359">
        <ele>25.6</ele>
        <time>2024-04-27T08:51:33Z</time>
      </trkpt>
      <trkpt lat="22.21697" lon="113.230405">
        <ele>25.6</ele>
        <time>2024-04-27T08:51:34Z</time>
      </trkpt>
      <trkpt lat="22.216969" lon="113.230454">
        <ele>25.6</ele>
        <time>2024-04-27T08:51:35Z</time>
      </trkpt>
      <trkpt lat="22.216968" lon="113.230504">
        <ele>25.7</ele>
        <time>2024-04-27T08:51:36Z</time>
      </trkpt>
      <trkpt lat="22.216965" lon="113.23055">
        <ele>25.7</ele>
        <time>2024-04-27T08:51:37Z</time>
      </trkpt>
      <trkpt lat="22.216963" lon="113.230595">
        <ele>25.7</ele>
        <time>2024-04-27T08:51:38Z</time>
      </trkpt>
      <trkpt lat="22.216962" lon="113.230644">
        <ele>25.8</ele>
        <time>2024-04-27T08:51:39Z</time>
      </trkpt>
      <trkpt lat="22.216959" lon="113.230695">
        <ele>25.8</ele>
        <time>2024-04-27T08:51:40Z</time>
      </trkpt>
      <trkpt lat="22.216956" lon="113.23074">
        <ele>25.8</ele>
        <time>2024-04-27T08:51:41Z</time>
      </trkpt>
      <trkpt lat="22.216952" lon="113.230783">
        <ele>25.9</ele>
        <time>2024-04-27T08:51:42Z</time>
      </trkpt>
      <trkpt lat="22.216941" lon="113.230821">
        <ele>25.9</ele>
        <time>2024-04-27T08:51:43Z</time>
      </trkpt>
      <trkpt lat="22.216926" lon="113.230859">
        <ele>25.9</ele>
        <time>2024-04-27T08:51:44Z</time>
      </trkpt>
      <trkpt lat="22.216912" lon="113.230894">
        <ele>25.9</ele>
        <time>2024-04-27T08:51:45Z</time>
      </trkpt>
      <trkpt lat="22.216903" lon="113.230925">
        <ele>26</ele>
        <time>2024-04-27T08:51:46Z</time>
      </trkpt>
      <trkpt lat="22.216895" lon="113.230952">
        <ele>26</ele>
        <time>2024-04-27T08:51:47Z</time>
      </trkpt>
      <trkpt lat="22.216884" lon="113.230975">
        <ele>26</ele>
        <time>2024-04-27T08:51:48Z</time>
      </trkpt>
      <trkpt lat="22.216874" lon="113.230997">
        <ele>26</ele>
        <time>2024-04-27T08:51:49Z</time>
      </trkpt>
      <trkpt lat="22.216868" lon="113.231023">
        <ele>26</ele>
        <time>2024-04-27T08:51:50Z</time>
      </trkpt>
      <trkpt lat="22.216865" lon="113.231051">
        <ele>26.1</ele>
        <time>2024-04-27T08:51:51Z</time>
      </trkpt>
      <trkpt lat="22.216862" lon="113.23107">
        <ele>26.1</ele>
        <time>2024-04-27T08:51:52Z</time>
      </trkpt>
      <trkpt lat="22.216857" lon="113.231089">
        <ele>26.1</ele>
        <time>2024-04-27T08:51:53Z</time>
      </trkpt>
      <trkpt lat="22.216849" lon="113.231112">
        <ele>26.1</ele>
        <time>2024-04-27T08:51:54Z</time>
      </trkpt>
      <trkpt lat="22.21684" lon="113.231131">
        <ele>26.1</ele>
        <time>2024-04-27T08:51:55Z</time>
      </trkpt>
      <trkpt lat="22.216829" lon="113.231147">
        <ele>26.1</ele>
        <time>2024-04-27T08:51:56Z</time>
      </trkpt>
      <trkpt lat="22.216818" lon="113.231159">
        <ele>26.1</ele>
        <time>2024-04-27T08:51:57Z</time>
      </trkpt>
      <trkpt lat="22.21681" lon="113.231166">
        <ele>26.2</ele>
        <time>2024-04-27T08:51:58Z</time>
      </trkpt>
      <trkpt lat="22.216806" lon="113.231171">
        <ele>26.2</ele>
        <time>2024-04-27T08:51:59Z</time>
      </trkpt>
      <trkpt lat="22.216806" lon="113.231171">
        <ele>26.2</ele>
        <time>2024-04-27T08:52:00Z</time>
      </trkpt>
      <trkpt lat="22.216826" lon="113.231298">
        <ele>26.3</ele>
        <time>2024-04-27T08:52:14Z</time>
      </trkpt>
      <trkpt lat="22.216831" lon="113.231332">
        <ele>26.3</ele>
        <time>2024-04-27T08:52:15Z</time>
      </trkpt>
      <trkpt lat="22.216836" lon="113.23137">
        <ele>26.3</ele>
        <time>2024-04-27T08:52:16Z</time>
      </trkpt>
      <trkpt lat="22.216844" lon="113.231408">
        <ele>26.3</ele>
        <time>2024-04-27T08:52:17Z</time>
      </trkpt>
      <trkpt lat="22.216852" lon="113.231443">
        <ele>26.4</ele>
        <time>2024-04-27T08:52:18Z</time>
      </trkpt>
      <trkpt lat="22.216858" lon="113.231474">
        <ele>26.4</ele>
        <time>2024-04-27T08:52:19Z</time>
      </trkpt>
      <trkpt lat="22.216862" lon="113.231504">
        <ele>26.4</ele>
        <time>2024-04-27T08:52:20Z</time>
      </trkpt>
      <trkpt lat="22.216866" lon="113.231538">
        <ele>26.4</ele>
        <time>2024-04-27T08:52:21Z</time>
      </trkpt>
      <trkpt lat="22.216868" lon="113.231573">
        <ele>26.4</ele>
        <time>2024-04-27T08:52:22Z</time>
      </trkpt>
      <trkpt lat="22.216872" lon="113.231604">
        <ele>26.4</ele>
        <time>2024-04-27T08:52:23Z</time>
      </trkpt>
      <trkpt lat="22.216877" lon="113.231637">
        <ele>26.4</ele>
        <time>2024-04-27T08:52:24Z</time>
      </trkpt>
      <trkpt lat="22.216877" lon="113.231669">
        <ele>26.4</ele>
        <time>2024-04-27T08:52:25Z</time>
      </trkpt>
      <trkpt lat="22.216876" lon="113.231692">
        <ele>26.3</ele>
        <time>2024-04-27T08:52:26Z</time>
      </trkpt>
      <trkpt lat="22.216878" lon="113.231715">
        <ele>26.3</ele>
        <time>2024-04-27T08:52:27Z</time>
      </trkpt>
      <trkpt lat="22.216881" lon="113.231741">
        <ele>26.3</ele>
        <time>2024-04-27T08:52:28Z</time>
      </trkpt>
      <trkpt lat="22.216887" lon="113.231775">
        <ele>26.3</ele>
        <time>2024-04-27T08:52:29Z</time>
      </trkpt>
      <trkpt lat="22.216894" lon="113.231813">
        <ele>26.3</ele>
        <time>2024-04-27T08:52:30Z</time>
      </trkpt>
      <trkpt lat="22.216902" lon="113.231851">
        <ele>26.3</ele>
        <time>2024-04-27T08:52:31Z</time>
      </trkpt>
      <trkpt lat="22.216911" lon="113.231886">
        <ele>26.3</ele>
        <time>2024-04-27T08:52:32Z</time>
      </trkpt>
      <trkpt lat="22.216919" lon="113.23192">
        <ele>26.3</ele>
        <time>2024-04-27T08:52:33Z</time>
      </trkpt>
      <trkpt lat="22.21693" lon="113.231958">
        <ele>26.2</ele>
        <time>2024-04-27T08:52:34Z</time>
      </trkpt>
      <trkpt lat="22.216939" lon="113.231996">
        <ele>26.2</ele>
        <time>2024-04-27T08:52:35Z</time>
      </trkpt>
      <trkpt lat="22.216947" lon="113.232037">
        <ele>26.2</ele>
        <time>2024-04-27T08:52:36Z</time>
      </trkpt>
      <trkpt lat="22.216955" lon="113.23208">
        <ele>26.2</ele>
        <time>2024-04-27T08:52:37Z</time>
      </trkpt>
      <trkpt lat="22.216962" lon="113.232121">
        <ele>26.2</ele>
        <time>2024-04-27T08:52:38Z</time>
      </trkpt>
      <trkpt lat="22.216969" lon="113.232167">
        <ele>26.2</ele>
        <time>2024-04-27T08:52:39Z</time>
      </trkpt>
      <trkpt lat="22.216974" lon="113.232213">
        <ele>26.2</ele>
        <time>2024-04-27T08:52:40Z</time>
      </trkpt>
      <trkpt lat="22.21698" lon="113.232256">
        <ele>26.1</ele>
        <time>2024-04-27T08:52:41Z</time>
      </trkpt>
      <trkpt lat="22.216988" lon="113.232294">
        <ele>26.1</ele>
        <time>2024-04-27T08:52:42Z</time>
      </trkpt>
      <trkpt lat="22.216997" lon="113.232332">
        <ele>26.1</ele>
        <time>2024-04-27T08:52:43Z</time>
      </trkpt>
      <trkpt lat="22.217009" lon="113.232373">
        <ele>26.1</ele>
        <time>2024-04-27T08:52:44Z</time>
      </trkpt>
      <trkpt lat="22.217021" lon="113.232412">
        <ele>26.1</ele>
        <time>2024-04-27T08:52:45Z</time>
      </trkpt>
      <trkpt lat="22.21703" lon="113.232446">
        <ele>26.1</ele>
        <time>2024-04-27T08:52:46Z</time>
      </trkpt>
      <trkpt lat="22.217035" lon="113.232485">
        <ele>26</ele>
        <time>2024-04-27T08:52:47Z</time>
      </trkpt>
      <trkpt lat="22.217038" lon="113.232523">
        <ele>26</ele>
        <time>2024-04-27T08:52:48Z</time>
      </trkpt>
      <trkpt lat="22.217041" lon="113.232564">
        <ele>26</ele>
        <time>2024-04-27T08:52:49Z</time>
      </trkpt>
      <trkpt lat="22.217045" lon="113.232609">
        <ele>26</ele>
        <time>2024-04-27T08:52:50Z</time>
      </trkpt>
      <trkpt lat="22.217052" lon="113.232655">
        <ele>26</ele>
        <time>2024-04-27T08:52:51Z</time>
      </trkpt>
      <trkpt lat="22.217061" lon="113.232698">
        <ele>26</ele>
        <time>2024-04-27T08:52:52Z</time>
      </trkpt>
      <trkpt lat="22.217072" lon="113.232739">
        <ele>26</ele>
        <time>2024-04-27T08:52:53Z</time>
      </trkpt>
      <trkpt lat="22.217081" lon="113.232781">
        <ele>25.9</ele>
        <time>2024-04-27T08:52:54Z</time>
      </trkpt>
      <trkpt lat="22.217091" lon="113.232819">
        <ele>25.9</ele>
        <time>2024-04-27T08:52:55Z</time>
      </trkpt>
      <trkpt lat="22.2171" lon="113.232858">
        <ele>25.9</ele>
        <time>2024-04-27T08:52:56Z</time>
      </trkpt>
      <trkpt lat="22.21711" lon="113.232898">
        <ele>25.9</ele>
        <time>2024-04-27T08:52:57Z</time>
      </trkpt>
      <trkpt lat="22.217123" lon="113.23294">
        <ele>25.9</ele>
        <time>2024-04-27T08:52:58Z</time>
      </trkpt>
      <trkpt lat="22.217131" lon="113.232977">
        <ele>25.9</ele>
        <time>2024-04-27T08:52:59Z</time>
      </trkpt>
      <trkpt lat="22.217136" lon="113.233011">
        <ele>25.8</ele>
        <time>2024-04-27T08:53:00Z</time>
      </trkpt>
      <trkpt lat="22.217143" lon="113.233052">
        <ele>25.8</ele>
        <time>2024-04-27T08:53:01Z</time>
      </trkpt>
      <trkpt lat="22.217151" lon="113.233094">
        <ele>25.8</ele>
        <time>2024-04-27T08:53:02Z</time>
      </trkpt>
      <trkpt lat="22.217162" lon="113.233133">
        <ele>25.8</ele>
        <time>2024-04-27T08:53:03Z</time>
      </trkpt>
      <trkpt lat="22.217172" lon="113.233171">
        <ele>25.8</ele>
        <time>2024-04-27T08:53:04Z</time>
      </trkpt>
      <trkpt lat="22.217183" lon="113.233206">
        <ele>25.8</ele>
        <time>2024-04-27T08:53:05Z</time>
      </trkpt>
      <trkpt lat="22.21719" lon="113.233239">
        <ele>25.8</ele>
        <time>2024-04-27T08:53:06Z</time>
      </trkpt>
      <trkpt lat="22.217192" lon="113.233274">
        <ele>25.7</ele>
        <time>2024-04-27T08:53:07Z</time>
      </trkpt>
      <trkpt lat="22.217194" lon="113.233303">
        <ele>25.7</ele>
        <time>2024-04-27T08:53:08Z</time>
      </trkpt>
      <trkpt lat="22.217199" lon="113.23333">
        <ele>25.7</ele>
        <time>2024-04-27T08:53:09Z</time>
      </trkpt>
      <trkpt lat="22.217205" lon="113.233362">
        <ele>25.7</ele>
        <time>2024-04-27T08:53:10Z</time>
      </trkpt>
      <trkpt lat="22.217212" lon="113.2334">
        <ele>25.7</ele>
        <time>2024-04-27T08:53:11Z</time>
      </trkpt>
      <trkpt lat="22.217221" lon="113.233438">
        <ele>25.7</ele>
        <time>2024-04-27T08:53:12Z</time>
      </trkpt>
      <trkpt lat="22.21723" lon="113.233478">
        <ele>25.7</ele>
        <time>2024-04-27T08:53:13Z</time>
      </trkpt>
      <trkpt lat="22.217238" lon="113.23352">
        <ele>25.7</ele>
        <time>2024-04-27T08:53:14Z</time>
      </trkpt>
      <trkpt lat="22.217247" lon="113.233563">
        <ele>25.7</ele>
        <time>2024-04-27T08:53:15Z</time>
      </trkpt>
      <trkpt lat="22.217255" lon="113.233606">
        <ele>25.8</ele>
        <time>2024-04-27T08:53:16Z</time>
      </trkpt>
      <trkpt lat="22.217263" lon="113.233648">
        <ele>25.8</ele>
        <time>2024-04-27T08:53:17Z</time>
      </trkpt>
      <trkpt lat="22.217273" lon="113.233698">
        <ele>25.8</ele>
        <time>2024-04-27T08:53:18Z</time>
      </trkpt>
      <trkpt lat="22.217281" lon="113.233746">
        <ele>25.8</ele>
        <time>2024-04-27T08:53:19Z</time>
      </trkpt>
      <trkpt lat="22.217287" lon="113.233792">
        <ele>25.8</ele>
        <time>2024-04-27T08:53:20Z</time>
      </trkpt>
      <trkpt lat="22.217299" lon="113.233835">
        <ele>25.8</ele>
        <time>2024-04-27T08:53:21Z</time>
      </trkpt>
      <trkpt lat="22.217312" lon="113.233873">
        <ele>25.8</ele>
        <time>2024-04-27T08:53:22Z</time>
      </trkpt>
      <trkpt lat="22.217322" lon="113.233914">
        <ele>25.9</ele>
        <time>2024-04-27T08:53:23Z</time>
      </trkpt>
      <trkpt lat="22.217331" lon="113.23396">
        <ele>25.9</ele>
        <time>2024-04-27T08:53:24Z</time>
      </trkpt>
      <trkpt lat="22.217343" lon="113.234006">
        <ele>25.9</ele>
        <time>2024-04-27T08:53:25Z</time>
      </trkpt>
      <trkpt lat="22.217356" lon="113.234052">
        <ele>25.9</ele>
        <time>2024-04-27T08:53:26Z</time>
      </trkpt>
      <trkpt lat="22.217368" lon="113.234097">
        <ele>25.9</ele>
        <time>2024-04-27T08:53:27Z</time>
      </trkpt>
      <trkpt lat="22.21738" lon="113.234147">
        <ele>25.9</ele>
        <time>2024-04-27T08:53:28Z</time>
      </trkpt>
      <trkpt lat="22.21739" lon="113.234197">
        <ele>26</ele>
        <time>2024-04-27T08:53:29Z</time>
      </trkpt>
      <trkpt lat="22.217401" lon="113.234242">
        <ele>26</ele>
        <time>2024-04-27T08:53:30Z</time>
      </trkpt>
      <trkpt lat="22.217413" lon="113.234286">
        <ele>26</ele>
        <time>2024-04-27T08:53:31Z</time>
      </trkpt>
      <trkpt lat="22.217426" lon="113.234328">
        <ele>26</ele>
        <time>2024-04-27T08:53:32Z</time>
      </trkpt>
      <trkpt lat="22.217438" lon="113.23437">
        <ele>26</ele>
        <time>2024-04-27T08:53:33Z</time>
      </trkpt>
      <trkpt lat="22.217446" lon="113.234412">
        <ele>26</ele>
        <time>2024-04-27T08:53:34Z</time>
      </trkpt>
      <trkpt lat="22.217456" lon="113.234449">
        <ele>26</ele>
        <time>2024-04-27T08:53:35Z</time>
      </trkpt>
      <trkpt lat="22.217466" lon="113.234477">
        <ele>26</ele>
        <time>2024-04-27T08:53:36Z</time>
      </trkpt>
      <trkpt lat="22.217473" lon="113.234499">
        <ele>26.1</ele>
        <time>2024-04-27T08:53:37Z</time>
      </trkpt>
      <trkpt lat="22.21748" lon="113.234516">
        <ele>26.1</ele>
        <time>2024-04-27T08:53:38Z</time>
      </trkpt>
      <trkpt lat="22.217485" lon="113.234523">
        <ele>26.1</ele>
        <time>2024-04-27T08:53:39Z</time>
      </trkpt>
      <trkpt lat="22.217487" lon="113.234532">
        <ele>26.1</ele>
        <time>2024-04-27T08:53:40Z</time>
      </trkpt>
      <trkpt lat="22.217485" lon="113.234544">
        <ele>26.1</ele>
        <time>2024-04-27T08:53:41Z</time>
      </trkpt>
      <trkpt lat="22.217483" lon="113.23456">
        <ele>26.1</ele>
        <time>2024-04-27T08:53:42Z</time>
      </trkpt>
      <trkpt lat="22.217483" lon="113.234582">
        <ele>26.1</ele>
        <time>2024-04-27T08:53:43Z</time>
      </trkpt>
      <trkpt lat="22.217487" lon="113.234601">
        <ele>26.1</ele>
        <time>2024-04-27T08:53:44Z</time>
      </trkpt>
      <trkpt lat="22.217492" lon="113.234622">
        <ele>26.1</ele>
        <time>2024-04-27T08:53:45Z</time>
      </trkpt>
      <trkpt lat="22.217497" lon="113.234644">
        <ele>26.1</ele>
        <time>2024-04-27T08:53:46Z</time>
      </trkpt>
      <trkpt lat="22.217503" lon="113.234674">
        <ele>26.1</ele>
        <time>2024-04-27T08:53:47Z</time>
      </trkpt>
      <trkpt lat="22.21751" lon="113.234709">
        <ele>26.1</ele>
        <time>2024-04-27T08:53:48Z</time>
      </trkpt>
      <trkpt lat="22.217517" lon="113.234739">
        <ele>26.1</ele>
        <time>2024-04-27T08:53:49Z</time>
      </trkpt>
      <trkpt lat="22.217525" lon="113.234773">
        <ele>26.1</ele>
        <time>2024-04-27T08:53:50Z</time>
      </trkpt>
      <trkpt lat="22.217536" lon="113.234808">
        <ele>26.2</ele>
        <time>2024-04-27T08:53:51Z</time>
      </trkpt>
      <trkpt lat="22.217547" lon="113.234842">
        <ele>26.2</ele>
        <time>2024-04-27T08:53:52Z</time>
      </trkpt>
      <trkpt lat="22.217555" lon="113.234876">
        <ele>26.2</ele>
        <time>2024-04-27T08:53:53Z</time>
      </trkpt>
      <trkpt lat="22.217562" lon="113.23491">
        <ele>26.2</ele>
        <time>2024-04-27T08:53:54Z</time>
      </trkpt>
      <trkpt lat="22.21757" lon="113.234945">
        <ele>26.2</ele>
        <time>2024-04-27T08:53:55Z</time>
      </trkpt>
      <trkpt lat="22.217576" lon="113.234976">
        <ele>26.2</ele>
        <time>2024-04-27T08:53:56Z</time>
      </trkpt>
      <trkpt lat="22.217581" lon="113.235003">
        <ele>26.2</ele>
        <time>2024-04-27T08:53:57Z</time>
      </trkpt>
      <trkpt lat="22.217585" lon="113.235026">
        <ele>26.2</ele>
        <time>2024-04-27T08:53:58Z</time>
      </trkpt>
      <trkpt lat="22.217593" lon="113.235045">
        <ele>26.2</ele>
        <time>2024-04-27T08:53:59Z</time>
      </trkpt>
      <trkpt lat="22.217604" lon="113.235061">
        <ele>26.2</ele>
        <time>2024-04-27T08:54:00Z</time>
      </trkpt>
      <trkpt lat="22.217613" lon="113.235079">
        <ele>26.3</ele>
        <time>2024-04-27T08:54:01Z</time>
      </trkpt>
      <trkpt lat="22.21762" lon="113.235105">
        <ele>26.3</ele>
        <time>2024-04-27T08:54:02Z</time>
      </trkpt>
      <trkpt lat="22.217627" lon="113.235136">
        <ele>26.3</ele>
        <time>2024-04-27T08:54:03Z</time>
      </trkpt>
      <trkpt lat="22.217634" lon="113.235163">
        <ele>26.3</ele>
        <time>2024-04-27T08:54:04Z</time>
      </trkpt>
      <trkpt lat="22.21764" lon="113.235186">
        <ele>26.3</ele>
        <time>2024-04-27T08:54:05Z</time>
      </trkpt>
      <trkpt lat="22.217646" lon="113.235212">
        <ele>26.3</ele>
        <time>2024-04-27T08:54:06Z</time>
      </trkpt>
      <trkpt lat="22.217654" lon="113.235246">
        <ele>26.3</ele>
        <time>2024-04-27T08:54:07Z</time>
      </trkpt>
      <trkpt lat="22.217661" lon="113.235284">
        <ele>26.3</ele>
        <time>2024-04-27T08:54:08Z</time>
      </trkpt>
      <trkpt lat="22.217671" lon="113.235322">
        <ele>26.4</ele>
        <time>2024-04-27T08:54:09Z</time>
      </trkpt>
      <trkpt lat="22.217681" lon="113.235354">
        <ele>26.4</ele>
        <time>2024-04-27T08:54:10Z</time>
      </trkpt>
      <trkpt lat="22.217692" lon="113.23538">
        <ele>26.4</ele>
        <time>2024-04-27T08:54:11Z</time>
      </trkpt>
      <trkpt lat="22.217699" lon="113.23541">
        <ele>26.5</ele>
        <time>2024-04-27T08:54:12Z</time>
      </trkpt>
      <trkpt lat="22.217704" lon="113.235442">
        <ele>26.5</ele>
        <time>2024-04-27T08:54:13Z</time>
      </trkpt>
      <trkpt lat="22.217712" lon="113.235477">
        <ele>26.6</ele>
        <time>2024-04-27T08:54:14Z</time>
      </trkpt>
      <trkpt lat="22.21772" lon="113.23551">
        <ele>26.6</ele>
        <time>2024-04-27T08:54:15Z</time>
      </trkpt>
      <trkpt lat="22.21773" lon="113.235544">
        <ele>26.6</ele>
        <time>2024-04-27T08:54:16Z</time>
      </trkpt>
      <trkpt lat="22.217745" lon="113.23558">
        <ele>26.7</ele>
        <time>2024-04-27T08:54:17Z</time>
      </trkpt>
      <trkpt lat="22.217758" lon="113.235614">
        <ele>26.7</ele>
        <time>2024-04-27T08:54:18Z</time>
      </trkpt>
      <trkpt lat="22.217768" lon="113.23565">
        <ele>26.8</ele>
        <time>2024-04-27T08:54:19Z</time>
      </trkpt>
      <trkpt lat="22.217774" lon="113.235685">
        <ele>26.8</ele>
        <time>2024-04-27T08:54:20Z</time>
      </trkpt>
      <trkpt lat="22.217781" lon="113.235719">
        <ele>26.9</ele>
        <time>2024-04-27T08:54:21Z</time>
      </trkpt>
      <trkpt lat="22.217793" lon="113.235757">
        <ele>26.9</ele>
        <time>2024-04-27T08:54:22Z</time>
      </trkpt>
      <trkpt lat="22.217806" lon="113.235792">
        <ele>27</ele>
        <time>2024-04-27T08:54:23Z</time>
      </trkpt>
      <trkpt lat="22.217819" lon="113.235826">
        <ele>27</ele>
        <time>2024-04-27T08:54:24Z</time>
      </trkpt>
      <trkpt lat="22.217832" lon="113.235864">
        <ele>27.1</ele>
        <time>2024-04-27T08:54:25Z</time>
      </trkpt>
      <trkpt lat="22.217841" lon="113.235902">
        <ele>27.1</ele>
        <time>2024-04-27T08:54:26Z</time>
      </trkpt>
      <trkpt lat="22.217847" lon="113.23594">
        <ele>27.2</ele>
        <time>2024-04-27T08:54:27Z</time>
      </trkpt>
      <trkpt lat="22.217857" lon="113.235982">
        <ele>27.2</ele>
        <time>2024-04-27T08:54:28Z</time>
      </trkpt>
      <trkpt lat="22.217869" lon="113.236024">
        <ele>27.3</ele>
        <time>2024-04-27T08:54:29Z</time>
      </trkpt>
      <trkpt lat="22.217883" lon="113.236066">
        <ele>27.3</ele>
        <time>2024-04-27T08:54:30Z</time>
      </trkpt>
      <trkpt lat="22.217898" lon="113.236108">
        <ele>27.4</ele>
        <time>2024-04-27T08:54:31Z</time>
      </trkpt>
      <trkpt lat="22.217912" lon="113.23615">
        <ele>27.4</ele>
        <time>2024-04-27T08:54:32Z</time>
      </trkpt>
      <trkpt lat="22.217921" lon="113.236192">
        <ele>27.5</ele>
        <time>2024-04-27T08:54:33Z</time>
      </trkpt>
      <trkpt lat="22.217931" lon="113.23623">
        <ele>27.5</ele>
        <time>2024-04-27T08:54:34Z</time>
      </trkpt>
      <trkpt lat="22.217945" lon="113.236272">
        <ele>27.6</ele>
        <time>2024-04-27T08:54:35Z</time>
      </trkpt>
      <trkpt lat="22.217959" lon="113.236318">
        <ele>27.6</ele>
        <time>2024-04-27T08:54:36Z</time>
      </trkpt>
      <trkpt lat="22.217973" lon="113.23636">
        <ele>27.7</ele>
        <time>2024-04-27T08:54:37Z</time>
      </trkpt>
      <trkpt lat="22.217986" lon="113.236402">
        <ele>27.8</ele>
        <time>2024-04-27T08:54:38Z</time>
      </trkpt>
      <trkpt lat="22.218001" lon="113.236447">
        <ele>27.8</ele>
        <time>2024-04-27T08:54:39Z</time>
      </trkpt>
      <trkpt lat="22.218015" lon="113.23649">
        <ele>27.9</ele>
        <time>2024-04-27T08:54:40Z</time>
      </trkpt>
      <trkpt lat="22.218029" lon="113.236531">
        <ele>27.9</ele>
        <time>2024-04-27T08:54:41Z</time>
      </trkpt>
      <trkpt lat="22.218043" lon="113.236577">
        <ele>28</ele>
        <time>2024-04-27T08:54:42Z</time>
      </trkpt>
      <trkpt lat="22.218056" lon="113.236623">
        <ele>28</ele>
        <time>2024-04-27T08:54:43Z</time>
      </trkpt>
      <trkpt lat="22.21807" lon="113.236668">
        <ele>28.1</ele>
        <time>2024-04-27T08:54:44Z</time>
      </trkpt>
      <trkpt lat="22.218085" lon="113.236718">
        <ele>28.2</ele>
        <time>2024-04-27T08:54:45Z</time>
      </trkpt>
      <trkpt lat="22.2181" lon="113.236768">
        <ele>28.2</ele>
        <time>2024-04-27T08:54:46Z</time>
      </trkpt>
      <trkpt lat="22.218113" lon="113.236813">
        <ele>28.3</ele>
        <time>2024-04-27T08:54:47Z</time>
      </trkpt>
      <trkpt lat="22.218126" lon="113.236859">
        <ele>28.4</ele>
        <time>2024-04-27T08:54:48Z</time>
      </trkpt>
      <trkpt lat="22.218141" lon="113.236905">
        <ele>28.4</ele>
        <time>2024-04-27T08:54:49Z</time>
      </trkpt>
      <trkpt lat="22.218158" lon="113.236947">
        <ele>28.5</ele>
        <time>2024-04-27T08:54:50Z</time>
      </trkpt>
      <trkpt lat="22.218173" lon="113.236989">
        <ele>28.5</ele>
        <time>2024-04-27T08:54:51Z</time>
      </trkpt>
      <trkpt lat="22.218189" lon="113.237038">
        <ele>28.6</ele>
        <time>2024-04-27T08:54:52Z</time>
      </trkpt>
      <trkpt lat="22.218205" lon="113.237088">
        <ele>28.7</ele>
        <time>2024-04-27T08:54:53Z</time>
      </trkpt>
      <trkpt lat="22.21822" lon="113.237134">
        <ele>28.7</ele>
        <time>2024-04-27T08:54:54Z</time>
      </trkpt>
      <trkpt lat="22.218233" lon="113.23718">
        <ele>28.8</ele>
        <time>2024-04-27T08:54:55Z</time>
      </trkpt>
      <trkpt lat="22.218249" lon="113.237225">
        <ele>28.9</ele>
        <time>2024-04-27T08:54:56Z</time>
      </trkpt>
      <trkpt lat="22.218267" lon="113.237271">
        <ele>28.9</ele>
        <time>2024-04-27T08:54:57Z</time>
      </trkpt>
      <trkpt lat="22.218284" lon="113.237317">
        <ele>29</ele>
        <time>2024-04-27T08:54:58Z</time>
      </trkpt>
      <trkpt lat="22.218299" lon="113.237363">
        <ele>29.1</ele>
        <time>2024-04-27T08:54:59Z</time>
      </trkpt>
      <trkpt lat="22.218314" lon="113.237409">
        <ele>29.2</ele>
        <time>2024-04-27T08:55:00Z</time>
      </trkpt>
      <trkpt lat="22.218333" lon="113.237451">
        <ele>29.2</ele>
        <time>2024-04-27T08:55:01Z</time>
      </trkpt>
      <trkpt lat="22.218352" lon="113.237489">
        <ele>29.3</ele>
        <time>2024-04-27T08:55:02Z</time>
      </trkpt>
      <trkpt lat="22.218368" lon="113.237527">
        <ele>29.4</ele>
        <time>2024-04-27T08:55:03Z</time>
      </trkpt>
      <trkpt lat="22.218382" lon="113.237565">
        <ele>29.4</ele>
        <time>2024-04-27T08:55:04Z</time>
      </trkpt>
      <trkpt lat="22.218395" lon="113.237603">
        <ele>29.5</ele>
        <time>2024-04-27T08:55:05Z</time>
      </trkpt>
      <trkpt lat="22.218408" lon="113.237645">
        <ele>29.6</ele>
        <time>2024-04-27T08:55:06Z</time>
      </trkpt>
      <trkpt lat="22.21842" lon="113.237687">
        <ele>29.6</ele>
        <time>2024-04-27T08:55:07Z</time>
      </trkpt>
      <trkpt lat="22.218436" lon="113.237726">
        <ele>29.7</ele>
        <time>2024-04-27T08:55:08Z</time>
      </trkpt>
      <trkpt lat="22.218453" lon="113.237764">
        <ele>29.8</ele>
        <time>2024-04-27T08:55:09Z</time>
      </trkpt>
      <trkpt lat="22.218468" lon="113.237802">
        <ele>29.8</ele>
        <time>2024-04-27T08:55:10Z</time>
      </trkpt>
      <trkpt lat="22.218479" lon="113.23784">
        <ele>29.9</ele>
        <time>2024-04-27T08:55:11Z</time>
      </trkpt>
      <trkpt lat="22.218489" lon="113.237875">
        <ele>29.9</ele>
        <time>2024-04-27T08:55:12Z</time>
      </trkpt>
      <trkpt lat="22.218499" lon="113.237905">
        <ele>30</ele>
        <time>2024-04-27T08:55:13Z</time>
      </trkpt>
      <trkpt lat="22.218512" lon="113.237939">
        <ele>30.1</ele>
        <time>2024-04-27T08:55:14Z</time>
      </trkpt>
      <trkpt lat="22.218527" lon="113.237974">
        <ele>30.1</ele>
        <time>2024-04-27T08:55:15Z</time>
      </trkpt>
      <trkpt lat="22.218544" lon="113.238004">
        <ele>30.2</ele>
        <time>2024-04-27T08:55:16Z</time>
      </trkpt>
      <trkpt lat="22.21856" lon="113.238038">
        <ele>30.2</ele>
        <time>2024-04-27T08:55:17Z</time>
      </trkpt>
      <trkpt lat="22.218575" lon="113.238077">
        <ele>30.3</ele>
        <time>2024-04-27T08:55:18Z</time>
      </trkpt>
      <trkpt lat="22.218591" lon="113.238115">
        <ele>30.4</ele>
        <time>2024-04-27T08:55:19Z</time>
      </trkpt>
      <trkpt lat="22.218605" lon="113.238153">
        <ele>30.4</ele>
        <time>2024-04-27T08:55:20Z</time>
      </trkpt>
      <trkpt lat="22.21862" lon="113.238191">
        <ele>30.5</ele>
        <time>2024-04-27T08:55:21Z</time>
      </trkpt>
      <trkpt lat="22.218639" lon="113.238226">
        <ele>30.5</ele>
        <time>2024-04-27T08:55:22Z</time>
      </trkpt>
      <trkpt lat="22.218662" lon="113.238256">
        <ele>30.6</ele>
        <time>2024-04-27T08:55:23Z</time>
      </trkpt>
      <trkpt lat="22.218686" lon="113.238287">
        <ele>30.7</ele>
        <time>2024-04-27T08:55:24Z</time>
      </trkpt>
      <trkpt lat="22.218706" lon="113.238324">
        <ele>30.7</ele>
        <time>2024-04-27T08:55:25Z</time>
      </trkpt>
      <trkpt lat="22.218722" lon="113.238367">
        <ele>30.8</ele>
        <time>2024-04-27T08:55:26Z</time>
      </trkpt>
      <trkpt lat="22.218734" lon="113.238405">
        <ele>30.9</ele>
        <time>2024-04-27T08:55:27Z</time>
      </trkpt>
      <trkpt lat="22.218745" lon="113.238443">
        <ele>30.9</ele>
        <time>2024-04-27T08:55:28Z</time>
      </trkpt>
      <trkpt lat="22.218758" lon="113.238484">
        <ele>31</ele>
        <time>2024-04-27T08:55:29Z</time>
      </trkpt>
      <trkpt lat="22.218776" lon="113.238526">
        <ele>31.1</ele>
        <time>2024-04-27T08:55:30Z</time>
      </trkpt>
      <trkpt lat="22.218797" lon="113.238571">
        <ele>31.2</ele>
        <time>2024-04-27T08:55:31Z</time>
      </trkpt>
      <trkpt lat="22.218817" lon="113.238621">
        <ele>31.2</ele>
        <time>2024-04-27T08:55:32Z</time>
      </trkpt>
      <trkpt lat="22.218837" lon="113.238671">
        <ele>31.3</ele>
        <time>2024-04-27T08:55:33Z</time>
      </trkpt>
      <trkpt lat="22.218856" lon="113.238721">
        <ele>31.4</ele>
        <time>2024-04-27T08:55:34Z</time>
      </trkpt>
      <trkpt lat="22.218874" lon="113.238766">
        <ele>31.5</ele>
        <time>2024-04-27T08:55:35Z</time>
      </trkpt>
      <trkpt lat="22.218893" lon="113.238812">
        <ele>31.6</ele>
        <time>2024-04-27T08:55:36Z</time>
      </trkpt>
      <trkpt lat="22.218914" lon="113.238858">
        <ele>31.6</ele>
        <time>2024-04-27T08:55:37Z</time>
      </trkpt>
      <trkpt lat="22.218935" lon="113.238904">
        <ele>31.7</ele>
        <time>2024-04-27T08:55:38Z</time>
      </trkpt>
      <trkpt lat="22.218956" lon="113.23895">
        <ele>31.8</ele>
        <time>2024-04-27T08:55:39Z</time>
      </trkpt>
      <trkpt lat="22.218977" lon="113.238999">
        <ele>31.9</ele>
        <time>2024-04-27T08:55:40Z</time>
      </trkpt>
      <trkpt lat="22.218997" lon="113.239049">
        <ele>32</ele>
        <time>2024-04-27T08:55:41Z</time>
      </trkpt>
      <trkpt lat="22.219017" lon="113.239095">
        <ele>32.1</ele>
        <time>2024-04-27T08:55:42Z</time>
      </trkpt>
      <trkpt lat="22.219036" lon="113.239144">
        <ele>32.2</ele>
        <time>2024-04-27T08:55:43Z</time>
      </trkpt>
      <trkpt lat="22.219054" lon="113.239191">
        <ele>32.3</ele>
        <time>2024-04-27T08:55:44Z</time>
      </trkpt>
      <trkpt lat="22.219073" lon="113.239232">
        <ele>32.4</ele>
        <time>2024-04-27T08:55:45Z</time>
      </trkpt>
      <trkpt lat="22.219092" lon="113.239278">
        <ele>32.5</ele>
        <time>2024-04-27T08:55:46Z</time>
      </trkpt>
      <trkpt lat="22.21911" lon="113.239323">
        <ele>32.6</ele>
        <time>2024-04-27T08:55:47Z</time>
      </trkpt>
      <trkpt lat="22.219127" lon="113.239369">
        <ele>32.6</ele>
        <time>2024-04-27T08:55:48Z</time>
      </trkpt>
      <trkpt lat="22.219142" lon="113.239415">
        <ele>32.7</ele>
        <time>2024-04-27T08:55:49Z</time>
      </trkpt>
      <trkpt lat="22.219157" lon="113.239457">
        <ele>32.8</ele>
        <time>2024-04-27T08:55:50Z</time>
      </trkpt>
      <trkpt lat="22.219174" lon="113.239492">
        <ele>32.9</ele>
        <time>2024-04-27T08:55:51Z</time>
      </trkpt>
      <trkpt lat="22.219193" lon="113.239523">
        <ele>33</ele>
        <time>2024-04-27T08:55:52Z</time>
      </trkpt>
      <trkpt lat="22.219214" lon="113.239557">
        <ele>33</ele>
        <time>2024-04-27T08:55:53Z</time>
      </trkpt>
      <trkpt lat="22.219236" lon="113.239595">
        <ele>33.1</ele>
        <time>2024-04-27T08:55:54Z</time>
      </trkpt>
      <trkpt lat="22.219258" lon="113.239633">
        <ele>33.2</ele>
        <time>2024-04-27T08:55:55Z</time>
      </trkpt>
      <trkpt lat="22.219282" lon="113.239671">
        <ele>33.3</ele>
        <time>2024-04-27T08:55:56Z</time>
      </trkpt>
      <trkpt lat="22.219307" lon="113.239706">
        <ele>33.4</ele>
        <time>2024-04-27T08:55:57Z</time>
      </trkpt>
      <trkpt lat="22.219333" lon="113.239736">
        <ele>33.4</ele>
        <time>2024-04-27T08:55:58Z</time>
      </trkpt>
      <trkpt lat="22.219355" lon="113.239767">
        <ele>33.5</ele>
        <time>2024-04-27T08:55:59Z</time>
      </trkpt>
      <trkpt lat="22.219374" lon="113.239801">
        <ele>33.6</ele>
        <time>2024-04-27T08:56:00Z</time>
      </trkpt>
      <trkpt lat="22.219391" lon="113.239839">
        <ele>33.6</ele>
        <time>2024-04-27T08:56:01Z</time>
      </trkpt>
      <trkpt lat="22.219407" lon="113.239877">
        <ele>33.7</ele>
        <time>2024-04-27T08:56:02Z</time>
      </trkpt>
      <trkpt lat="22.219423" lon="113.239915">
        <ele>33.8</ele>
        <time>2024-04-27T08:56:03Z</time>
      </trkpt>
      <trkpt lat="22.21944" lon="113.239957">
        <ele>33.9</ele>
        <time>2024-04-27T08:56:04Z</time>
      </trkpt>
      <trkpt lat="22.219457" lon="113.239999">
        <ele>34</ele>
        <time>2024-04-27T08:56:05Z</time>
      </trkpt>
      <trkpt lat="22.219472" lon="113.240034">
        <ele>34</ele>
        <time>2024-04-27T08:56:06Z</time>
      </trkpt>
      <trkpt lat="22.219489" lon="113.240071">
        <ele>34.1</ele>
        <time>2024-04-27T08:56:07Z</time>
      </trkpt>
      <trkpt lat="22.219509" lon="113.240117">
        <ele>34.2</ele>
        <time>2024-04-27T08:56:08Z</time>
      </trkpt>
      <trkpt lat="22.219532" lon="113.240166">
        <ele>34.3</ele>
        <time>2024-04-27T08:56:09Z</time>
      </trkpt>
      <trkpt lat="22.219557" lon="113.240219">
        <ele>34.4</ele>
        <time>2024-04-27T08:56:10Z</time>
      </trkpt>
      <trkpt lat="22.219581" lon="113.24027">
        <ele>34.5</ele>
        <time>2024-04-27T08:56:11Z</time>
      </trkpt>
      <trkpt lat="22.219604" lon="113.240312">
        <ele>34.6</ele>
        <time>2024-04-27T08:56:12Z</time>
      </trkpt>
      <trkpt lat="22.219625" lon="113.240354">
        <ele>34.7</ele>
        <time>2024-04-27T08:56:13Z</time>
      </trkpt>
      <trkpt lat="22.219646" lon="113.240403">
        <ele>34.8</ele>
        <time>2024-04-27T08:56:14Z</time>
      </trkpt>
      <trkpt lat="22.219666" lon="113.240453">
        <ele>34.9</ele>
        <time>2024-04-27T08:56:15Z</time>
      </trkpt>
      <trkpt lat="22.219686" lon="113.240502">
        <ele>35</ele>
        <time>2024-04-27T08:56:16Z</time>
      </trkpt>
      <trkpt lat="22.219708" lon="113.240555">
        <ele>35.1</ele>
        <time>2024-04-27T08:56:17Z</time>
      </trkpt>
      <trkpt lat="22.219731" lon="113.240609">
        <ele>35.2</ele>
        <time>2024-04-27T08:56:18Z</time>
      </trkpt>
      <trkpt lat="22.219753" lon="113.240662">
        <ele>35.2</ele>
        <time>2024-04-27T08:56:19Z</time>
      </trkpt>
      <trkpt lat="22.219777" lon="113.240714">
        <ele>35</ele>
        <time>2024-04-27T08:56:20Z</time>
      </trkpt>
      <trkpt lat="22.219801" lon="113.240765">
        <ele>34.8</ele>
        <time>2024-04-27T08:56:21Z</time>
      </trkpt>
      <trkpt lat="22.219824" lon="113.240815">
        <ele>34.5</ele>
        <time>2024-04-27T08:56:22Z</time>
      </trkpt>
      <trkpt lat="22.219847" lon="113.240868">
        <ele>34.3</ele>
        <time>2024-04-27T08:56:23Z</time>
      </trkpt>
      <trkpt lat="22.219871" lon="113.240924">
        <ele>34.1</ele>
        <time>2024-04-27T08:56:24Z</time>
      </trkpt>
      <trkpt lat="22.219895" lon="113.240982">
        <ele>33.9</ele>
        <time>2024-04-27T08:56:25Z</time>
      </trkpt>
      <trkpt lat="22.219919" lon="113.241036">
        <ele>33.7</ele>
        <time>2024-04-27T08:56:26Z</time>
      </trkpt>
      <trkpt lat="22.219942" lon="113.241089">
        <ele>33.4</ele>
        <time>2024-04-27T08:56:27Z</time>
      </trkpt>
      <trkpt lat="22.219966" lon="113.241142">
        <ele>33.2</ele>
        <time>2024-04-27T08:56:28Z</time>
      </trkpt>
      <trkpt lat="22.219991" lon="113.241199">
        <ele>33</ele>
        <time>2024-04-27T08:56:29Z</time>
      </trkpt>
      <trkpt lat="22.220016" lon="113.24126">
        <ele>32.8</ele>
        <time>2024-04-27T08:56:30Z</time>
      </trkpt>
      <trkpt lat="22.220042" lon="113.241321">
        <ele>32.5</ele>
        <time>2024-04-27T08:56:31Z</time>
      </trkpt>
      <trkpt lat="22.220072" lon="113.241382">
        <ele>32.3</ele>
        <time>2024-04-27T08:56:32Z</time>
      </trkpt>
      <trkpt lat="22.220103" lon="113.241447">
        <ele>32</ele>
        <time>2024-04-27T08:56:33Z</time>
      </trkpt>
      <trkpt lat="22.220133" lon="113.241515">
        <ele>31.7</ele>
        <time>2024-04-27T08:56:34Z</time>
      </trkpt>
      <trkpt lat="22.220159" lon="113.241584">
        <ele>31.4</ele>
        <time>2024-04-27T08:56:35Z</time>
      </trkpt>
      <trkpt lat="22.220184" lon="113.24165">
        <ele>31.2</ele>
        <time>2024-04-27T08:56:36Z</time>
      </trkpt>
      <trkpt lat="22.220209" lon="113.241714">
        <ele>30.9</ele>
        <time>2024-04-27T08:56:37Z</time>
      </trkpt>
      <trkpt lat="22.220239" lon="113.241779">
        <ele>30.7</ele>
        <time>2024-04-27T08:56:38Z</time>
      </trkpt>
      <trkpt lat="22.220268" lon="113.24184">
        <ele>30.4</ele>
        <time>2024-04-27T08:56:39Z</time>
      </trkpt>
      <trkpt lat="22.220296" lon="113.241901">
        <ele>30.2</ele>
        <time>2024-04-27T08:56:40Z</time>
      </trkpt>
      <trkpt lat="22.220328" lon="113.241965">
        <ele>29.9</ele>
        <time>2024-04-27T08:56:41Z</time>
      </trkpt>
      <trkpt lat="22.220361" lon="113.242031">
        <ele>29.6</ele>
        <time>2024-04-27T08:56:42Z</time>
      </trkpt>
      <trkpt lat="22.220389" lon="113.242095">
        <ele>29.4</ele>
        <time>2024-04-27T08:56:43Z</time>
      </trkpt>
      <trkpt lat="22.220419" lon="113.242164">
        <ele>29.1</ele>
        <time>2024-04-27T08:56:44Z</time>
      </trkpt>
      <trkpt lat="22.22045" lon="113.242236">
        <ele>28.8</ele>
        <time>2024-04-27T08:56:45Z</time>
      </trkpt>
      <trkpt lat="22.220481" lon="113.242309">
        <ele>28.5</ele>
        <time>2024-04-27T08:56:46Z</time>
      </trkpt>
      <trkpt lat="22.22051" lon="113.242374">
        <ele>28.2</ele>
        <time>2024-04-27T08:56:47Z</time>
      </trkpt>
      <trkpt lat="22.220536" lon="113.242439">
        <ele>28.1</ele>
        <time>2024-04-27T08:56:48Z</time>
      </trkpt>
      <trkpt lat="22.220566" lon="113.242511">
        <ele>28</ele>
        <time>2024-04-27T08:56:49Z</time>
      </trkpt>
      <trkpt lat="22.220597" lon="113.242584">
        <ele>27.9</ele>
        <time>2024-04-27T08:56:50Z</time>
      </trkpt>
      <trkpt lat="22.220627" lon="113.242652">
        <ele>27.7</ele>
        <time>2024-04-27T08:56:51Z</time>
      </trkpt>
      <trkpt lat="22.220659" lon="113.242721">
        <ele>27.6</ele>
        <time>2024-04-27T08:56:52Z</time>
      </trkpt>
      <trkpt lat="22.220692" lon="113.24279">
        <ele>27.5</ele>
        <time>2024-04-27T08:56:53Z</time>
      </trkpt>
      <trkpt lat="22.220723" lon="113.242858">
        <ele>27.4</ele>
        <time>2024-04-27T08:56:54Z</time>
      </trkpt>
      <trkpt lat="22.220754" lon="113.24293">
        <ele>27.3</ele>
        <time>2024-04-27T08:56:55Z</time>
      </trkpt>
      <trkpt lat="22.220783" lon="113.243003">
        <ele>27.2</ele>
        <time>2024-04-27T08:56:56Z</time>
      </trkpt>
      <trkpt lat="22.220812" lon="113.243075">
        <ele>27.1</ele>
        <time>2024-04-27T08:56:57Z</time>
      </trkpt>
      <trkpt lat="22.220846" lon="113.243151">
        <ele>26.9</ele>
        <time>2024-04-27T08:56:58Z</time>
      </trkpt>
      <trkpt lat="22.22088" lon="113.243224">
        <ele>26.8</ele>
        <time>2024-04-27T08:56:59Z</time>
      </trkpt>
      <trkpt lat="22.220912" lon="113.243292">
        <ele>26.7</ele>
        <time>2024-04-27T08:57:00Z</time>
      </trkpt>
      <trkpt lat="22.220942" lon="113.243361">
        <ele>26.6</ele>
        <time>2024-04-27T08:57:01Z</time>
      </trkpt>
      <trkpt lat="22.220972" lon="113.243429">
        <ele>26.5</ele>
        <time>2024-04-27T08:57:02Z</time>
      </trkpt>
      <trkpt lat="22.221005" lon="113.243502">
        <ele>26.3</ele>
        <time>2024-04-27T08:57:03Z</time>
      </trkpt>
      <trkpt lat="22.221038" lon="113.243579">
        <ele>26.2</ele>
        <time>2024-04-27T08:57:04Z</time>
      </trkpt>
      <trkpt lat="22.221068" lon="113.243652">
        <ele>26.1</ele>
        <time>2024-04-27T08:57:05Z</time>
      </trkpt>
      <trkpt lat="22.221097" lon="113.243723">
        <ele>26</ele>
        <time>2024-04-27T08:57:06Z</time>
      </trkpt>
      <trkpt lat="22.221126" lon="113.243796">
        <ele>25.9</ele>
        <time>2024-04-27T08:57:07Z</time>
      </trkpt>
      <trkpt lat="22.221156" lon="113.243861">
        <ele>25.8</ele>
        <time>2024-04-27T08:57:08Z</time>
      </trkpt>
      <trkpt lat="22.221185" lon="113.243926">
        <ele>25.7</ele>
        <time>2024-04-27T08:57:09Z</time>
      </trkpt>
      <trkpt lat="22.221213" lon="113.243992">
        <ele>25.5</ele>
        <time>2024-04-27T08:57:10Z</time>
      </trkpt>
      <trkpt lat="22.22124" lon="113.244053">
        <ele>25.4</ele>
        <time>2024-04-27T08:57:11Z</time>
      </trkpt>
      <trkpt lat="22.221267" lon="113.244114">
        <ele>25.3</ele>
        <time>2024-04-27T08:57:12Z</time>
      </trkpt>
      <trkpt lat="22.22129" lon="113.244177">
        <ele>25.2</ele>
        <time>2024-04-27T08:57:13Z</time>
      </trkpt>
      <trkpt lat="22.221311" lon="113.244246">
        <ele>24.8</ele>
        <time>2024-04-27T08:57:14Z</time>
      </trkpt>
      <trkpt lat="22.221333" lon="113.244315">
        <ele>24.5</ele>
        <time>2024-04-27T08:57:15Z</time>
      </trkpt>
      <trkpt lat="22.22136" lon="113.244384">
        <ele>24.1</ele>
        <time>2024-04-27T08:57:16Z</time>
      </trkpt>
      <trkpt lat="22.221395" lon="113.24445">
        <ele>23.7</ele>
        <time>2024-04-27T08:57:17Z</time>
      </trkpt>
      <trkpt lat="22.221433" lon="113.24451">
        <ele>23.4</ele>
        <time>2024-04-27T08:57:18Z</time>
      </trkpt>
      <trkpt lat="22.22147" lon="113.244571">
        <ele>23.1</ele>
        <time>2024-04-27T08:57:19Z</time>
      </trkpt>
      <trkpt lat="22.221503" lon="113.244636">
        <ele>22.7</ele>
        <time>2024-04-27T08:57:20Z</time>
      </trkpt>
      <trkpt lat="22.221534" lon="113.244704">
        <ele>22.3</ele>
        <time>2024-04-27T08:57:21Z</time>
      </trkpt>
      <trkpt lat="22.221565" lon="113.244773">
        <ele>22</ele>
        <time>2024-04-27T08:57:22Z</time>
      </trkpt>
      <trkpt lat="22.221596" lon="113.244842">
        <ele>21.6</ele>
        <time>2024-04-27T08:57:23Z</time>
      </trkpt>
      <trkpt lat="22.221628" lon="113.24491">
        <ele>21.2</ele>
        <time>2024-04-27T08:57:24Z</time>
      </trkpt>
      <trkpt lat="22.221661" lon="113.244979">
        <ele>20.9</ele>
        <time>2024-04-27T08:57:25Z</time>
      </trkpt>
      <trkpt lat="22.221693" lon="113.245048">
        <ele>20.5</ele>
        <time>2024-04-27T08:57:26Z</time>
      </trkpt>
      <trkpt lat="22.221724" lon="113.245113">
        <ele>20.2</ele>
        <time>2024-04-27T08:57:27Z</time>
      </trkpt>
      <trkpt lat="22.221753" lon="113.245177">
        <ele>19.8</ele>
        <time>2024-04-27T08:57:28Z</time>
      </trkpt>
      <trkpt lat="22.221783" lon="113.245249">
        <ele>19.4</ele>
        <time>2024-04-27T08:57:29Z</time>
      </trkpt>
      <trkpt lat="22.221813" lon="113.245323">
        <ele>19.1</ele>
        <time>2024-04-27T08:57:30Z</time>
      </trkpt>
      <trkpt lat="22.221843" lon="113.245391">
        <ele>18.7</ele>
        <time>2024-04-27T08:57:31Z</time>
      </trkpt>
      <trkpt lat="22.221871" lon="113.245456">
        <ele>18.4</ele>
        <time>2024-04-27T08:57:32Z</time>
      </trkpt>
      <trkpt lat="22.2219" lon="113.245521">
        <ele>18</ele>
        <time>2024-04-27T08:57:33Z</time>
      </trkpt>
      <trkpt lat="22.221929" lon="113.245586">
        <ele>17.7</ele>
        <time>2024-04-27T08:57:34Z</time>
      </trkpt>
      <trkpt lat="22.221958" lon="113.245647">
        <ele>17.3</ele>
        <time>2024-04-27T08:57:35Z</time>
      </trkpt>
      <trkpt lat="22.221988" lon="113.245708">
        <ele>17</ele>
        <time>2024-04-27T08:57:36Z</time>
      </trkpt>
      <trkpt lat="22.222016" lon="113.245766">
        <ele>16.7</ele>
        <time>2024-04-27T08:57:37Z</time>
      </trkpt>
      <trkpt lat="22.222042" lon="113.245823">
        <ele>16.4</ele>
        <time>2024-04-27T08:57:38Z</time>
      </trkpt>
      <trkpt lat="22.222067" lon="113.245884">
        <ele>16.1</ele>
        <time>2024-04-27T08:57:39Z</time>
      </trkpt>
      <trkpt lat="22.222093" lon="113.245948">
        <ele>15.9</ele>
        <time>2024-04-27T08:57:40Z</time>
      </trkpt>
      <trkpt lat="22.222121" lon="113.246013">
        <ele>15.8</ele>
        <time>2024-04-27T08:57:41Z</time>
      </trkpt>
      <trkpt lat="22.22215" lon="113.246074">
        <ele>15.7</ele>
        <time>2024-04-27T08:57:42Z</time>
      </trkpt>
      <trkpt lat="22.222183" lon="113.246132">
        <ele>15.6</ele>
        <time>2024-04-27T08:57:43Z</time>
      </trkpt>
      <trkpt lat="22.222216" lon="113.246186">
        <ele>15.4</ele>
        <time>2024-04-27T08:57:44Z</time>
      </trkpt>
      <trkpt lat="22.22225" lon="113.246239">
        <ele>15.3</ele>
        <time>2024-04-27T08:57:45Z</time>
      </trkpt>
      <trkpt lat="22.222287" lon="113.246295">
        <ele>15.2</ele>
        <time>2024-04-27T08:57:46Z</time>
      </trkpt>
      <trkpt lat="22.222326" lon="113.246353">
        <ele>15.1</ele>
        <time>2024-04-27T08:57:47Z</time>
      </trkpt>
      <trkpt lat="22.222361" lon="113.246403">
        <ele>15</ele>
        <time>2024-04-27T08:57:48Z</time>
      </trkpt>
      <trkpt lat="22.222393" lon="113.246453">
        <ele>14.9</ele>
        <time>2024-04-27T08:57:49Z</time>
      </trkpt>
      <trkpt lat="22.222422" lon="113.246506">
        <ele>14.8</ele>
        <time>2024-04-27T08:57:50Z</time>
      </trkpt>
      <trkpt lat="22.222446" lon="113.246562">
        <ele>14.6</ele>
        <time>2024-04-27T08:57:51Z</time>
      </trkpt>
      <trkpt lat="22.222466" lon="113.246624">
        <ele>14.5</ele>
        <time>2024-04-27T08:57:52Z</time>
      </trkpt>
      <trkpt lat="22.222487" lon="113.246681">
        <ele>14.4</ele>
        <time>2024-04-27T08:57:53Z</time>
      </trkpt>
      <trkpt lat="22.22251" lon="113.246735">
        <ele>14.3</ele>
        <time>2024-04-27T08:57:54Z</time>
      </trkpt>
      <trkpt lat="22.222534" lon="113.246788">
        <ele>14.2</ele>
        <time>2024-04-27T08:57:55Z</time>
      </trkpt>
      <trkpt lat="22.22256" lon="113.246844">
        <ele>14.1</ele>
        <time>2024-04-27T08:57:56Z</time>
      </trkpt>
      <trkpt lat="22.222586" lon="113.246903">
        <ele>14</ele>
        <time>2024-04-27T08:57:57Z</time>
      </trkpt>
      <trkpt lat="22.222612" lon="113.246963">
        <ele>13.9</ele>
        <time>2024-04-27T08:57:58Z</time>
      </trkpt>
      <trkpt lat="22.22264" lon="113.247028">
        <ele>13.7</ele>
        <time>2024-04-27T08:57:59Z</time>
      </trkpt>
      <trkpt lat="22.222669" lon="113.247093">
        <ele>13.6</ele>
        <time>2024-04-27T08:58:00Z</time>
      </trkpt>
      <trkpt lat="22.222697" lon="113.247161">
        <ele>13.5</ele>
        <time>2024-04-27T08:58:01Z</time>
      </trkpt>
      <trkpt lat="22.222727" lon="113.24723">
        <ele>13.3</ele>
        <time>2024-04-27T08:58:02Z</time>
      </trkpt>
      <trkpt lat="22.222759" lon="113.247298">
        <ele>13.2</ele>
        <time>2024-04-27T08:58:03Z</time>
      </trkpt>
      <trkpt lat="22.22279" lon="113.247361">
        <ele>13.1</ele>
        <time>2024-04-27T08:58:04Z</time>
      </trkpt>
      <trkpt lat="22.222818" lon="113.247417">
        <ele>13</ele>
        <time>2024-04-27T08:58:05Z</time>
      </trkpt>
      <trkpt lat="22.222845" lon="113.247481">
        <ele>12.8</ele>
        <time>2024-04-27T08:58:06Z</time>
      </trkpt>
      <trkpt lat="22.222872" lon="113.247546">
        <ele>12.7</ele>
        <time>2024-04-27T08:58:07Z</time>
      </trkpt>
      <trkpt lat="22.222899" lon="113.247611">
        <ele>12.6</ele>
        <time>2024-04-27T08:58:08Z</time>
      </trkpt>
      <trkpt lat="22.222927" lon="113.247677">
        <ele>12.4</ele>
        <time>2024-04-27T08:58:09Z</time>
      </trkpt>
      <trkpt lat="22.222955" lon="113.247741">
        <ele>12.2</ele>
        <time>2024-04-27T08:58:10Z</time>
      </trkpt>
      <trkpt lat="22.222982" lon="113.247806">
        <ele>12</ele>
        <time>2024-04-27T08:58:11Z</time>
      </trkpt>
      <trkpt lat="22.223009" lon="113.247867">
        <ele>11.8</ele>
        <time>2024-04-27T08:58:12Z</time>
      </trkpt>
      <trkpt lat="22.223035" lon="113.247928">
        <ele>11.6</ele>
        <time>2024-04-27T08:58:13Z</time>
      </trkpt>
      <trkpt lat="22.22306" lon="113.247989">
        <ele>11.5</ele>
        <time>2024-04-27T08:58:14Z</time>
      </trkpt>
      <trkpt lat="22.223085" lon="113.248047">
        <ele>11.3</ele>
        <time>2024-04-27T08:58:15Z</time>
      </trkpt>
      <trkpt lat="22.22311" lon="113.248107">
        <ele>11.1</ele>
        <time>2024-04-27T08:58:16Z</time>
      </trkpt>
      <trkpt lat="22.223135" lon="113.248173">
        <ele>10.9</ele>
        <time>2024-04-27T08:58:17Z</time>
      </trkpt>
      <trkpt lat="22.223161" lon="113.24823">
        <ele>10.7</ele>
        <time>2024-04-27T08:58:18Z</time>
      </trkpt>
      <trkpt lat="22.223187" lon="113.248287">
        <ele>10.6</ele>
        <time>2024-04-27T08:58:19Z</time>
      </trkpt>
      <trkpt lat="22.223213" lon="113.248345">
        <ele>10.4</ele>
        <time>2024-04-27T08:58:20Z</time>
      </trkpt>
      <trkpt lat="22.223239" lon="113.248405">
        <ele>10.2</ele>
        <time>2024-04-27T08:58:21Z</time>
      </trkpt>
      <trkpt lat="22.223266" lon="113.248467">
        <ele>10</ele>
        <time>2024-04-27T08:58:22Z</time>
      </trkpt>
      <trkpt lat="22.223291" lon="113.248523">
        <ele>9.8</ele>
        <time>2024-04-27T08:58:23Z</time>
      </trkpt>
      <trkpt lat="22.223319" lon="113.248588">
        <ele>9.6</ele>
        <time>2024-04-27T08:58:24Z</time>
      </trkpt>
      <trkpt lat="22.223348" lon="113.248653">
        <ele>9.4</ele>
        <time>2024-04-27T08:58:25Z</time>
      </trkpt>
      <trkpt lat="22.223379" lon="113.248717">
        <ele>9.3</ele>
        <time>2024-04-27T08:58:26Z</time>
      </trkpt>
      <trkpt lat="22.223409" lon="113.248782">
        <ele>9.1</ele>
        <time>2024-04-27T08:58:27Z</time>
      </trkpt>
      <trkpt lat="22.223439" lon="113.248847">
        <ele>8.9</ele>
        <time>2024-04-27T08:58:28Z</time>
      </trkpt>
      <trkpt lat="22.22347" lon="113.248915">
        <ele>8.6</ele>
        <time>2024-04-27T08:58:29Z</time>
      </trkpt>
      <trkpt lat="22.2235" lon="113.248984">
        <ele>8.4</ele>
        <time>2024-04-27T08:58:30Z</time>
      </trkpt>
      <trkpt lat="22.223528" lon="113.24905">
        <ele>8.2</ele>
        <time>2024-04-27T08:58:31Z</time>
      </trkpt>
      <trkpt lat="22.223555" lon="113.249111">
        <ele>8.1</ele>
        <time>2024-04-27T08:58:32Z</time>
      </trkpt>
      <trkpt lat="22.223582" lon="113.249175">
        <ele>7.9</ele>
        <time>2024-04-27T08:58:33Z</time>
      </trkpt>
      <trkpt lat="22.223607" lon="113.24924">
        <ele>7.7</ele>
        <time>2024-04-27T08:58:34Z</time>
      </trkpt>
      <trkpt lat="22.223633" lon="113.249301">
        <ele>7.5</ele>
        <time>2024-04-27T08:58:35Z</time>
      </trkpt>
      <trkpt lat="22.22366" lon="113.249363">
        <ele>7.3</ele>
        <time>2024-04-27T08:58:36Z</time>
      </trkpt>
      <trkpt lat="22.223686" lon="113.249423">
        <ele>7.2</ele>
        <time>2024-04-27T08:58:37Z</time>
      </trkpt>
      <trkpt lat="22.223713" lon="113.249484">
        <ele>7.2</ele>
        <time>2024-04-27T08:58:38Z</time>
      </trkpt>
      <trkpt lat="22.223739" lon="113.249545">
        <ele>7.2</ele>
        <time>2024-04-27T08:58:39Z</time>
      </trkpt>
      <trkpt lat="22.223762" lon="113.249603">
        <ele>7.1</ele>
        <time>2024-04-27T08:58:40Z</time>
      </trkpt>
      <trkpt lat="22.223785" lon="113.249657">
        <ele>7.1</ele>
        <time>2024-04-27T08:58:41Z</time>
      </trkpt>
      <trkpt lat="22.223808" lon="113.249713">
        <ele>7.1</ele>
        <time>2024-04-27T08:58:42Z</time>
      </trkpt>
      <trkpt lat="22.22383" lon="113.249771">
        <ele>7</ele>
        <time>2024-04-27T08:58:43Z</time>
      </trkpt>
      <trkpt lat="22.223856" lon="113.249824">
        <ele>7</ele>
        <time>2024-04-27T08:58:44Z</time>
      </trkpt>
      <trkpt lat="22.223882" lon="113.249881">
        <ele>7</ele>
        <time>2024-04-27T08:58:45Z</time>
      </trkpt>
      <trkpt lat="22.223907" lon="113.249942">
        <ele>6.9</ele>
        <time>2024-04-27T08:58:46Z</time>
      </trkpt>
      <trkpt lat="22.223932" lon="113.250003">
        <ele>6.9</ele>
        <time>2024-04-27T08:58:47Z</time>
      </trkpt>
      <trkpt lat="22.22396" lon="113.250067">
        <ele>6.9</ele>
        <time>2024-04-27T08:58:48Z</time>
      </trkpt>
      <trkpt lat="22.223987" lon="113.250132">
        <ele>6.8</ele>
        <time>2024-04-27T08:58:49Z</time>
      </trkpt>
      <trkpt lat="22.224013" lon="113.250197">
        <ele>6.8</ele>
        <time>2024-04-27T08:58:50Z</time>
      </trkpt>
      <trkpt lat="22.224043" lon="113.250262">
        <ele>6.8</ele>
        <time>2024-04-27T08:58:51Z</time>
      </trkpt>
      <trkpt lat="22.224072" lon="113.250324">
        <ele>6.7</ele>
        <time>2024-04-27T08:58:52Z</time>
      </trkpt>
      <trkpt lat="22.224099" lon="113.250388">
        <ele>6.7</ele>
        <time>2024-04-27T08:58:53Z</time>
      </trkpt>
      <trkpt lat="22.224121" lon="113.250453">
        <ele>6.6</ele>
        <time>2024-04-27T08:58:54Z</time>
      </trkpt>
      <trkpt lat="22.224137" lon="113.250515">
        <ele>6.6</ele>
        <time>2024-04-27T08:58:55Z</time>
      </trkpt>
      <trkpt lat="22.224146" lon="113.250579">
        <ele>6.6</ele>
        <time>2024-04-27T08:58:56Z</time>
      </trkpt>
      <trkpt lat="22.224146" lon="113.250641">
        <ele>6.5</ele>
        <time>2024-04-27T08:58:57Z</time>
      </trkpt>
      <trkpt lat="22.224145" lon="113.250695">
        <ele>6.5</ele>
        <time>2024-04-27T08:58:58Z</time>
      </trkpt>
      <trkpt lat="22.224149" lon="113.250745">
        <ele>6.5</ele>
        <time>2024-04-27T08:58:59Z</time>
      </trkpt>
      <trkpt lat="22.224162" lon="113.250794">
        <ele>6.5</ele>
        <time>2024-04-27T08:59:00Z</time>
      </trkpt>
      <trkpt lat="22.224183" lon="113.250847">
        <ele>6.4</ele>
        <time>2024-04-27T08:59:01Z</time>
      </trkpt>
      <trkpt lat="22.224207" lon="113.250904">
        <ele>6.4</ele>
        <time>2024-04-27T08:59:02Z</time>
      </trkpt>
      <trkpt lat="22.224228" lon="113.250965">
        <ele>6.4</ele>
        <time>2024-04-27T08:59:03Z</time>
      </trkpt>
      <trkpt lat="22.224247" lon="113.251026">
        <ele>6.3</ele>
        <time>2024-04-27T08:59:04Z</time>
      </trkpt>
      <trkpt lat="22.224265" lon="113.251084">
        <ele>6.3</ele>
        <time>2024-04-27T08:59:05Z</time>
      </trkpt>
      <trkpt lat="22.224286" lon="113.251137">
        <ele>6.3</ele>
        <time>2024-04-27T08:59:06Z</time>
      </trkpt>
      <trkpt lat="22.224309" lon="113.251194">
        <ele>6.2</ele>
        <time>2024-04-27T08:59:07Z</time>
      </trkpt>
      <trkpt lat="22.224328" lon="113.251252">
        <ele>6.2</ele>
        <time>2024-04-27T08:59:08Z</time>
      </trkpt>
      <trkpt lat="22.224342" lon="113.251298">
        <ele>6.1</ele>
        <time>2024-04-27T08:59:09Z</time>
      </trkpt>
      <trkpt lat="22.224357" lon="113.251346">
        <ele>6</ele>
        <time>2024-04-27T08:59:10Z</time>
      </trkpt>
      <trkpt lat="22.224373" lon="113.251404">
        <ele>6</ele>
        <time>2024-04-27T08:59:11Z</time>
      </trkpt>
      <trkpt lat="22.22439" lon="113.251451">
        <ele>5.9</ele>
        <time>2024-04-27T08:59:12Z</time>
      </trkpt>
      <trkpt lat="22.224407" lon="113.251496">
        <ele>5.9</ele>
        <time>2024-04-27T08:59:13Z</time>
      </trkpt>
      <trkpt lat="22.224424" lon="113.251542">
        <ele>5.8</ele>
        <time>2024-04-27T08:59:14Z</time>
      </trkpt>
      <trkpt lat="22.22444" lon="113.251584">
        <ele>5.8</ele>
        <time>2024-04-27T08:59:15Z</time>
      </trkpt>
      <trkpt lat="22.224451" lon="113.251633">
        <ele>5.7</ele>
        <time>2024-04-27T08:59:16Z</time>
      </trkpt>
      <trkpt lat="22.22446" lon="113.251683">
        <ele>5.6</ele>
        <time>2024-04-27T08:59:17Z</time>
      </trkpt>
      <trkpt lat="22.22448" lon="113.251722">
        <ele>5.6</ele>
        <time>2024-04-27T08:59:18Z</time>
      </trkpt>
      <trkpt lat="22.224505" lon="113.251756">
        <ele>5.6</ele>
        <time>2024-04-27T08:59:19Z</time>
      </trkpt>
      <trkpt lat="22.224526" lon="113.251791">
        <ele>5.5</ele>
        <time>2024-04-27T08:59:20Z</time>
      </trkpt>
      <trkpt lat="22.224541" lon="113.251821">
        <ele>5.5</ele>
        <time>2024-04-27T08:59:21Z</time>
      </trkpt>
      <trkpt lat="22.224546" lon="113.251852">
        <ele>5.4</ele>
        <time>2024-04-27T08:59:22Z</time>
      </trkpt>
      <trkpt lat="22.224542" lon="113.251882">
        <ele>5.4</ele>
        <time>2024-04-27T08:59:23Z</time>
      </trkpt>
      <trkpt lat="22.224541" lon="113.251919">
        <ele>5.4</ele>
        <time>2024-04-27T08:59:24Z</time>
      </trkpt>
      <trkpt lat="22.224552" lon="113.251962">
        <ele>5.3</ele>
        <time>2024-04-27T08:59:25Z</time>
      </trkpt>
      <trkpt lat="22.224567" lon="113.251997">
        <ele>5.3</ele>
        <time>2024-04-27T08:59:26Z</time>
      </trkpt>
      <trkpt lat="22.224578" lon="113.252017">
        <ele>5.2</ele>
        <time>2024-04-27T08:59:27Z</time>
      </trkpt>
      <trkpt lat="22.224584" lon="113.252025">
        <ele>5.2</ele>
        <time>2024-04-27T08:59:28Z</time>
      </trkpt>
      <trkpt lat="22.224597" lon="113.252033">
        <ele>5.2</ele>
        <time>2024-04-27T08:59:31Z</time>
      </trkpt>
      <trkpt lat="22.224608" lon="113.252044">
        <ele>5.2</ele>
        <time>2024-04-27T08:59:32Z</time>
      </trkpt>
      <trkpt lat="22.224622" lon="113.252059">
        <ele>5.2</ele>
        <time>2024-04-27T08:59:33Z</time>
      </trkpt>
      <trkpt lat="22.224637" lon="113.252081">
        <ele>5.1</ele>
        <time>2024-04-27T08:59:34Z</time>
      </trkpt>
      <trkpt lat="22.224652" lon="113.252111">
        <ele>5.1</ele>
        <time>2024-04-27T08:59:35Z</time>
      </trkpt>
      <trkpt lat="22.224667" lon="113.252148">
        <ele>5.1</ele>
        <time>2024-04-27T08:59:36Z</time>
      </trkpt>
      <trkpt lat="22.22468" lon="113.252194">
        <ele>5</ele>
        <time>2024-04-27T08:59:37Z</time>
      </trkpt>
      <trkpt lat="22.224693" lon="113.252243">
        <ele>4.9</ele>
        <time>2024-04-27T08:59:38Z</time>
      </trkpt>
      <trkpt lat="22.224707" lon="113.252293">
        <ele>4.9</ele>
        <time>2024-04-27T08:59:39Z</time>
      </trkpt>
      <trkpt lat="22.224722" lon="113.252342">
        <ele>4.8</ele>
        <time>2024-04-27T08:59:40Z</time>
      </trkpt>
      <trkpt lat="22.224739" lon="113.252399">
        <ele>4.8</ele>
        <time>2024-04-27T08:59:41Z</time>
      </trkpt>
      <trkpt lat="22.224758" lon="113.25246">
        <ele>4.7</ele>
        <time>2024-04-27T08:59:42Z</time>
      </trkpt>
      <trkpt lat="22.224779" lon="113.252521">
        <ele>4.6</ele>
        <time>2024-04-27T08:59:43Z</time>
      </trkpt>
      <trkpt lat="22.2248" lon="113.252582">
        <ele>4.6</ele>
        <time>2024-04-27T08:59:44Z</time>
      </trkpt>
      <trkpt lat="22.224821" lon="113.252643">
        <ele>4.5</ele>
        <time>2024-04-27T08:59:45Z</time>
      </trkpt>
      <trkpt lat="22.224836" lon="113.252708">
        <ele>4.4</ele>
        <time>2024-04-27T08:59:46Z</time>
      </trkpt>
      <trkpt lat="22.224847" lon="113.252776">
        <ele>4.3</ele>
        <time>2024-04-27T08:59:47Z</time>
      </trkpt>
      <trkpt lat="22.224856" lon="113.252845">
        <ele>4.3</ele>
        <time>2024-04-27T08:59:48Z</time>
      </trkpt>
      <trkpt lat="22.224868" lon="113.252913">
        <ele>4.2</ele>
        <time>2024-04-27T08:59:49Z</time>
      </trkpt>
      <trkpt lat="22.224887" lon="113.252982">
        <ele>4.1</ele>
        <time>2024-04-27T08:59:50Z</time>
      </trkpt>
      <trkpt lat="22.224908" lon="113.253051">
        <ele>4.1</ele>
        <time>2024-04-27T08:59:51Z</time>
      </trkpt>
      <trkpt lat="22.224927" lon="113.253116">
        <ele>4.1</ele>
        <time>2024-04-27T08:59:52Z</time>
      </trkpt>
      <trkpt lat="22.224946" lon="113.253177">
        <ele>4.1</ele>
        <time>2024-04-27T08:59:53Z</time>
      </trkpt>
      <trkpt lat="22.224965" lon="113.253235">
        <ele>4</ele>
        <time>2024-04-27T08:59:54Z</time>
      </trkpt>
      <trkpt lat="22.224986" lon="113.253292">
        <ele>4</ele>
        <time>2024-04-27T08:59:55Z</time>
      </trkpt>
      <trkpt lat="22.225007" lon="113.253349">
        <ele>4</ele>
        <time>2024-04-27T08:59:56Z</time>
      </trkpt>
      <trkpt lat="22.225028" lon="113.253403">
        <ele>4</ele>
        <time>2024-04-27T08:59:57Z</time>
      </trkpt>
      <trkpt lat="22.225045" lon="113.25346">
        <ele>4</ele>
        <time>2024-04-27T08:59:58Z</time>
      </trkpt>
      <trkpt lat="22.22506" lon="113.253517">
        <ele>4</ele>
        <time>2024-04-27T08:59:59Z</time>
      </trkpt>
      <trkpt lat="22.225076" lon="113.253571">
        <ele>4</ele>
        <time>2024-04-27T09:00:00Z</time>
      </trkpt>
      <trkpt lat="22.225089" lon="113.253617">
        <ele>4</ele>
        <time>2024-04-27T09:00:01Z</time>
      </trkpt>
      <trkpt lat="22.225098" lon="113.253659">
        <ele>4</ele>
        <time>2024-04-27T09:00:02Z</time>
      </trkpt>
      <trkpt lat="22.225102" lon="113.253705">
        <ele>3.9</ele>
        <time>2024-04-27T09:00:03Z</time>
      </trkpt>
      <trkpt lat="22.225106" lon="113.253744">
        <ele>3.9</ele>
        <time>2024-04-27T09:00:04Z</time>
      </trkpt>
      <trkpt lat="22.225113" lon="113.253781">
        <ele>3.9</ele>
        <time>2024-04-27T09:00:05Z</time>
      </trkpt>
      <trkpt lat="22.225123" lon="113.253827">
        <ele>3.9</ele>
        <time>2024-04-27T09:00:06Z</time>
      </trkpt>
      <trkpt lat="22.225132" lon="113.253873">
        <ele>3.9</ele>
        <time>2024-04-27T09:00:07Z</time>
      </trkpt>
      <trkpt lat="22.225143" lon="113.253915">
        <ele>3.9</ele>
        <time>2024-04-27T09:00:08Z</time>
      </trkpt>
      <trkpt lat="22.225158" lon="113.253956">
        <ele>3.9</ele>
        <time>2024-04-27T09:00:09Z</time>
      </trkpt>
      <trkpt lat="22.225185" lon="113.253992">
        <ele>3.9</ele>
        <time>2024-04-27T09:00:10Z</time>
      </trkpt>
      <trkpt lat="22.225213" lon="113.254019">
        <ele>3.9</ele>
        <time>2024-04-27T09:00:11Z</time>
      </trkpt>
      <trkpt lat="22.225225" lon="113.254046">
        <ele>3.9</ele>
        <time>2024-04-27T09:00:12Z</time>
      </trkpt>
      <trkpt lat="22.225219" lon="113.254078">
        <ele>3.9</ele>
        <time>2024-04-27T09:00:13Z</time>
      </trkpt>
      <trkpt lat="22.225203" lon="113.254114">
        <ele>3.9</ele>
        <time>2024-04-27T09:00:14Z</time>
      </trkpt>
      <trkpt lat="22.225198" lon="113.254137">
        <ele>3.8</ele>
        <time>2024-04-27T09:00:15Z</time>
      </trkpt>
      <trkpt lat="22.225212" lon="113.25416">
        <ele>3.8</ele>
        <time>2024-04-27T09:00:16Z</time>
      </trkpt>
      <trkpt lat="22.22524" lon="113.254183">
        <ele>3.8</ele>
        <time>2024-04-27T09:00:17Z</time>
      </trkpt>
      <trkpt lat="22.225265" lon="113.254216">
        <ele>3.8</ele>
        <time>2024-04-27T09:00:18Z</time>
      </trkpt>
      <trkpt lat="22.225277" lon="113.254262">
        <ele>3.8</ele>
        <time>2024-04-27T09:00:19Z</time>
      </trkpt>
      <trkpt lat="22.225281" lon="113.254311">
        <ele>3.8</ele>
        <time>2024-04-27T09:00:20Z</time>
      </trkpt>
      <trkpt lat="22.225287" lon="113.254364">
        <ele>3.8</ele>
        <time>2024-04-27T09:00:21Z</time>
      </trkpt>
      <trkpt lat="22.225297" lon="113.254417">
        <ele>3.8</ele>
        <time>2024-04-27T09:00:22Z</time>
      </trkpt>
      <trkpt lat="22.225309" lon="113.254471">
        <ele>3.8</ele>
        <time>2024-04-27T09:00:23Z</time>
      </trkpt>
      <trkpt lat="22.225322" lon="113.254527">
        <ele>3.8</ele>
        <time>2024-04-27T09:00:24Z</time>
      </trkpt>
      <trkpt lat="22.225334" lon="113.254588">
        <ele>3.7</ele>
        <time>2024-04-27T09:00:25Z</time>
      </trkpt>
      <trkpt lat="22.225351" lon="113.254652">
        <ele>3.7</ele>
        <time>2024-04-27T09:00:26Z</time>
      </trkpt>
      <trkpt lat="22.225373" lon="113.254722">
        <ele>3.7</ele>
        <time>2024-04-27T09:00:27Z</time>
      </trkpt>
      <trkpt lat="22.225395" lon="113.254787">
        <ele>3.7</ele>
        <time>2024-04-27T09:00:28Z</time>
      </trkpt>
      <trkpt lat="22.225416" lon="113.254848">
        <ele>3.7</ele>
        <time>2024-04-27T09:00:29Z</time>
      </trkpt>
      <trkpt lat="22.225439" lon="113.254909">
        <ele>3.6</ele>
        <time>2024-04-27T09:00:30Z</time>
      </trkpt>
      <trkpt lat="22.225465" lon="113.25497">
        <ele>3.6</ele>
        <time>2024-04-27T09:00:31Z</time>
      </trkpt>
      <trkpt lat="22.22549" lon="113.255034">
        <ele>3.5</ele>
        <time>2024-04-27T09:00:32Z</time>
      </trkpt>
      <trkpt lat="22.22552" lon="113.255103">
        <ele>3.5</ele>
        <time>2024-04-27T09:00:33Z</time>
      </trkpt>
      <trkpt lat="22.225552" lon="113.255169">
        <ele>3.4</ele>
        <time>2024-04-27T09:00:34Z</time>
      </trkpt>
      <trkpt lat="22.22558" lon="113.25523">
        <ele>3.4</ele>
        <time>2024-04-27T09:00:35Z</time>
      </trkpt>
      <trkpt lat="22.225604" lon="113.25529">
        <ele>3.4</ele>
        <time>2024-04-27T09:00:36Z</time>
      </trkpt>
      <trkpt lat="22.225626" lon="113.255351">
        <ele>3.3</ele>
        <time>2024-04-27T09:00:37Z</time>
      </trkpt>
      <trkpt lat="22.225648" lon="113.255415">
        <ele>3.3</ele>
        <time>2024-04-27T09:00:38Z</time>
      </trkpt>
      <trkpt lat="22.225671" lon="113.255481">
        <ele>3.2</ele>
        <time>2024-04-27T09:00:39Z</time>
      </trkpt>
      <trkpt lat="22.225692" lon="113.255545">
        <ele>3.2</ele>
        <time>2024-04-27T09:00:40Z</time>
      </trkpt>
      <trkpt lat="22.225712" lon="113.255611">
        <ele>3.1</ele>
        <time>2024-04-27T09:00:41Z</time>
      </trkpt>
      <trkpt lat="22.22573" lon="113.255676">
        <ele>3.1</ele>
        <time>2024-04-27T09:00:42Z</time>
      </trkpt>
      <trkpt lat="22.225748" lon="113.255741">
        <ele>3</ele>
        <time>2024-04-27T09:00:43Z</time>
      </trkpt>
      <trkpt lat="22.225763" lon="113.255802">
        <ele>3</ele>
        <time>2024-04-27T09:00:44Z</time>
      </trkpt>
      <trkpt lat="22.225778" lon="113.255862">
        <ele>3</ele>
        <time>2024-04-27T09:00:45Z</time>
      </trkpt>
      <trkpt lat="22.225795" lon="113.255917">
        <ele>2.9</ele>
        <time>2024-04-27T09:00:46Z</time>
      </trkpt>
      <trkpt lat="22.225819" lon="113.255969">
        <ele>2.9</ele>
        <time>2024-04-27T09:00:47Z</time>
      </trkpt>
      <trkpt lat="22.225847" lon="113.25603">
        <ele>2.8</ele>
        <time>2024-04-27T09:00:48Z</time>
      </trkpt>
      <trkpt lat="22.225867" lon="113.256088">
        <ele>2.8</ele>
        <time>2024-04-27T09:00:49Z</time>
      </trkpt>
      <trkpt lat="22.225881" lon="113.256142">
        <ele>2.8</ele>
        <time>2024-04-27T09:00:50Z</time>
      </trkpt>
      <trkpt lat="22.225893" lon="113.256195">
        <ele>2.7</ele>
        <time>2024-04-27T09:00:51Z</time>
      </trkpt>
      <trkpt lat="22.225909" lon="113.256248">
        <ele>2.7</ele>
        <time>2024-04-27T09:00:52Z</time>
      </trkpt>
      <trkpt lat="22.225925" lon="113.256302">
        <ele>2.7</ele>
        <time>2024-04-27T09:00:53Z</time>
      </trkpt>
      <trkpt lat="22.225939" lon="113.256355">
        <ele>2.6</ele>
        <time>2024-04-27T09:00:54Z</time>
      </trkpt>
      <trkpt lat="22.225955" lon="113.256412">
        <ele>2.6</ele>
        <time>2024-04-27T09:00:55Z</time>
      </trkpt>
      <trkpt lat="22.225978" lon="113.256469">
        <ele>2.6</ele>
        <time>2024-04-27T09:00:56Z</time>
      </trkpt>
      <trkpt lat="22.226002" lon="113.256526">
        <ele>2.5</ele>
        <time>2024-04-27T09:00:57Z</time>
      </trkpt>
      <trkpt lat="22.226023" lon="113.256587">
        <ele>2.5</ele>
        <time>2024-04-27T09:00:58Z</time>
      </trkpt>
      <trkpt lat="22.226044" lon="113.256649">
        <ele>2.4</ele>
        <time>2024-04-27T09:00:59Z</time>
      </trkpt>
      <trkpt lat="22.226069" lon="113.256714">
        <ele>2.4</ele>
        <time>2024-04-27T09:01:00Z</time>
      </trkpt>
      <trkpt lat="22.226092" lon="113.256778">
        <ele>2.4</ele>
        <time>2024-04-27T09:01:01Z</time>
      </trkpt>
      <trkpt lat="22.226112" lon="113.25684">
        <ele>2.4</ele>
        <time>2024-04-27T09:01:02Z</time>
      </trkpt>
      <trkpt lat="22.226133" lon="113.256904">
        <ele>2.4</ele>
        <time>2024-04-27T09:01:03Z</time>
      </trkpt>
      <trkpt lat="22.226153" lon="113.256969">
        <ele>2.4</ele>
        <time>2024-04-27T09:01:04Z</time>
      </trkpt>
      <trkpt lat="22.226172" lon="113.25703">
        <ele>2.4</ele>
        <time>2024-04-27T09:01:05Z</time>
      </trkpt>
      <trkpt lat="22.22619" lon="113.257091">
        <ele>2.3</ele>
        <time>2024-04-27T09:01:06Z</time>
      </trkpt>
      <trkpt lat="22.226204" lon="113.257149">
        <ele>2.3</ele>
        <time>2024-04-27T09:01:07Z</time>
      </trkpt>
      <trkpt lat="22.226216" lon="113.257209">
        <ele>2.3</ele>
        <time>2024-04-27T09:01:08Z</time>
      </trkpt>
      <trkpt lat="22.226227" lon="113.257271">
        <ele>2.3</ele>
        <time>2024-04-27T09:01:09Z</time>
      </trkpt>
      <trkpt lat="22.226239" lon="113.257327">
        <ele>2.3</ele>
        <time>2024-04-27T09:01:10Z</time>
      </trkpt>
      <trkpt lat="22.226258" lon="113.257385">
        <ele>2.3</ele>
        <time>2024-04-27T09:01:11Z</time>
      </trkpt>
      <trkpt lat="22.226282" lon="113.257441">
        <ele>2.2</ele>
        <time>2024-04-27T09:01:12Z</time>
      </trkpt>
      <trkpt lat="22.226307" lon="113.257502">
        <ele>2.2</ele>
        <time>2024-04-27T09:01:13Z</time>
      </trkpt>
      <trkpt lat="22.226331" lon="113.257561">
        <ele>2.2</ele>
        <time>2024-04-27T09:01:14Z</time>
      </trkpt>
      <trkpt lat="22.226356" lon="113.257618">
        <ele>2.2</ele>
        <time>2024-04-27T09:01:15Z</time>
      </trkpt>
      <trkpt lat="22.226381" lon="113.257679">
        <ele>2.2</ele>
        <time>2024-04-27T09:01:16Z</time>
      </trkpt>
      <trkpt lat="22.226404" lon="113.257737">
        <ele>2.2</ele>
        <time>2024-04-27T09:01:17Z</time>
      </trkpt>
      <trkpt lat="22.226425" lon="113.257793">
        <ele>2.2</ele>
        <time>2024-04-27T09:01:18Z</time>
      </trkpt>
      <trkpt lat="22.226446" lon="113.257854">
        <ele>2.1</ele>
        <time>2024-04-27T09:01:19Z</time>
      </trkpt>
      <trkpt lat="22.226465" lon="113.257915">
        <ele>2.1</ele>
        <time>2024-04-27T09:01:20Z</time>
      </trkpt>
      <trkpt lat="22.226485" lon="113.257975">
        <ele>2.1</ele>
        <time>2024-04-27T09:01:21Z</time>
      </trkpt>
      <trkpt lat="22.226503" lon="113.258034">
        <ele>2.1</ele>
        <time>2024-04-27T09:01:22Z</time>
      </trkpt>
      <trkpt lat="22.22652" lon="113.258087">
        <ele>2.1</ele>
        <time>2024-04-27T09:01:23Z</time>
      </trkpt>
      <trkpt lat="22.226536" lon="113.258137">
        <ele>2.1</ele>
        <time>2024-04-27T09:01:24Z</time>
      </trkpt>
      <trkpt lat="22.226548" lon="113.25819">
        <ele>2.1</ele>
        <time>2024-04-27T09:01:25Z</time>
      </trkpt>
      <trkpt lat="22.226557" lon="113.258251">
        <ele>2</ele>
        <time>2024-04-27T09:01:26Z</time>
      </trkpt>
      <trkpt lat="22.22656" lon="113.258312">
        <ele>2</ele>
        <time>2024-04-27T09:01:27Z</time>
      </trkpt>
      <trkpt lat="22.226566" lon="113.258372">
        <ele>2</ele>
        <time>2024-04-27T09:01:28Z</time>
      </trkpt>
      <trkpt lat="22.226577" lon="113.25843">
        <ele>2</ele>
        <time>2024-04-27T09:01:29Z</time>
      </trkpt>
      <trkpt lat="22.226598" lon="113.258481">
        <ele>2</ele>
        <time>2024-04-27T09:01:30Z</time>
      </trkpt>
      <trkpt lat="22.226625" lon="113.258523">
        <ele>2</ele>
        <time>2024-04-27T09:01:31Z</time>
      </trkpt>
      <trkpt lat="22.226656" lon="113.258561">
        <ele>2</ele>
        <time>2024-04-27T09:01:32Z</time>
      </trkpt>
      <trkpt lat="22.226684" lon="113.258606">
        <ele>2</ele>
        <time>2024-04-27T09:01:33Z</time>
      </trkpt>
      <trkpt lat="22.226706" lon="113.258656">
        <ele>2</ele>
        <time>2024-04-27T09:01:34Z</time>
      </trkpt>
      <trkpt lat="22.226722" lon="113.258705">
        <ele>2</ele>
        <time>2024-04-27T09:01:35Z</time>
      </trkpt>
      <trkpt lat="22.226732" lon="113.258759">
        <ele>2</ele>
        <time>2024-04-27T09:01:36Z</time>
      </trkpt>
      <trkpt lat="22.226739" lon="113.258815">
        <ele>2.1</ele>
        <time>2024-04-27T09:01:37Z</time>
      </trkpt>
      <trkpt lat="22.226749" lon="113.258876">
        <ele>2.1</ele>
        <time>2024-04-27T09:01:38Z</time>
      </trkpt>
      <trkpt lat="22.226767" lon="113.258937">
        <ele>2.1</ele>
        <time>2024-04-27T09:01:39Z</time>
      </trkpt>
      <trkpt lat="22.226788" lon="113.258998">
        <ele>2.1</ele>
        <time>2024-04-27T09:01:40Z</time>
      </trkpt>
      <trkpt lat="22.226812" lon="113.259066">
        <ele>2.1</ele>
        <time>2024-04-27T09:01:41Z</time>
      </trkpt>
      <trkpt lat="22.226838" lon="113.259136">
        <ele>2.1</ele>
        <time>2024-04-27T09:01:42Z</time>
      </trkpt>
      <trkpt lat="22.226861" lon="113.259194">
        <ele>2.1</ele>
        <time>2024-04-27T09:01:43Z</time>
      </trkpt>
      <trkpt lat="22.22689" lon="113.259253">
        <ele>2.1</ele>
        <time>2024-04-27T09:01:44Z</time>
      </trkpt>
      <trkpt lat="22.22692" lon="113.259315">
        <ele>2.1</ele>
        <time>2024-04-27T09:01:45Z</time>
      </trkpt>
      <trkpt lat="22.226943" lon="113.259376">
        <ele>2.1</ele>
        <time>2024-04-27T09:01:46Z</time>
      </trkpt>
      <trkpt lat="22.226964" lon="113.259444">
        <ele>2.2</ele>
        <time>2024-04-27T09:01:47Z</time>
      </trkpt>
      <trkpt lat="22.226985" lon="113.259516">
        <ele>2.2</ele>
        <time>2024-04-27T09:01:48Z</time>
      </trkpt>
      <trkpt lat="22.227001" lon="113.259586">
        <ele>2.2</ele>
        <time>2024-04-27T09:01:49Z</time>
      </trkpt>
      <trkpt lat="22.227017" lon="113.259644">
        <ele>2.2</ele>
        <time>2024-04-27T09:01:50Z</time>
      </trkpt>
      <trkpt lat="22.227043" lon="113.259694">
        <ele>2.2</ele>
        <time>2024-04-27T09:01:51Z</time>
      </trkpt>
      <trkpt lat="22.227078" lon="113.259739">
        <ele>2.2</ele>
        <time>2024-04-27T09:01:52Z</time>
      </trkpt>
      <trkpt lat="22.227116" lon="113.259789">
        <ele>2.2</ele>
        <time>2024-04-27T09:01:53Z</time>
      </trkpt>
      <trkpt lat="22.227146" lon="113.259842">
        <ele>2.2</ele>
        <time>2024-04-27T09:01:54Z</time>
      </trkpt>
      <trkpt lat="22.227176" lon="113.259898">
        <ele>2.2</ele>
        <time>2024-04-27T09:01:55Z</time>
      </trkpt>
      <trkpt lat="22.227205" lon="113.259953">
        <ele>2.2</ele>
        <time>2024-04-27T09:01:56Z</time>
      </trkpt>
      <trkpt lat="22.227228" lon="113.259999">
        <ele>2.2</ele>
        <time>2024-04-27T09:01:57Z</time>
      </trkpt>
      <trkpt lat="22.227247" lon="113.260038">
        <ele>2.2</ele>
        <time>2024-04-27T09:01:58Z</time>
      </trkpt>
      <trkpt lat="22.227268" lon="113.260069">
        <ele>2.3</ele>
        <time>2024-04-27T09:01:59Z</time>
      </trkpt>
      <trkpt lat="22.227297" lon="113.260083">
        <ele>2.3</ele>
        <time>2024-04-27T09:02:00Z</time>
      </trkpt>
      <trkpt lat="22.227327" lon="113.260072">
        <ele>2.3</ele>
        <time>2024-04-27T09:02:01Z</time>
      </trkpt>
      <trkpt lat="22.227364" lon="113.260057">
        <ele>2.3</ele>
        <time>2024-04-27T09:02:02Z</time>
      </trkpt>
      <trkpt lat="22.227408" lon="113.260051">
        <ele>2.3</ele>
        <time>2024-04-27T09:02:03Z</time>
      </trkpt>
      <trkpt lat="22.227448" lon="113.260075">
        <ele>2.3</ele>
        <time>2024-04-27T09:02:04Z</time>
      </trkpt>
      <trkpt lat="22.227485" lon="113.260125">
        <ele>2.4</ele>
        <time>2024-04-27T09:02:05Z</time>
      </trkpt>
      <trkpt lat="22.227518" lon="113.260181">
        <ele>2.4</ele>
        <time>2024-04-27T09:02:06Z</time>
      </trkpt>
      <trkpt lat="22.227548" lon="113.260238">
        <ele>2.5</ele>
        <time>2024-04-27T09:02:07Z</time>
      </trkpt>
      <trkpt lat="22.227581" lon="113.260292">
        <ele>2.6</ele>
        <time>2024-04-27T09:02:08Z</time>
      </trkpt>
      <trkpt lat="22.227612" lon="113.260345">
        <ele>2.6</ele>
        <time>2024-04-27T09:02:09Z</time>
      </trkpt>
      <trkpt lat="22.227646" lon="113.260399">
        <ele>2.7</ele>
        <time>2024-04-27T09:02:10Z</time>
      </trkpt>
      <trkpt lat="22.227677" lon="113.260456">
        <ele>2.7</ele>
        <time>2024-04-27T09:02:11Z</time>
      </trkpt>
      <trkpt lat="22.227705" lon="113.260517">
        <ele>2.8</ele>
        <time>2024-04-27T09:02:12Z</time>
      </trkpt>
      <trkpt lat="22.227733" lon="113.260574">
        <ele>2.8</ele>
        <time>2024-04-27T09:02:13Z</time>
      </trkpt>
      <trkpt lat="22.227764" lon="113.260634">
        <ele>2.9</ele>
        <time>2024-04-27T09:02:14Z</time>
      </trkpt>
      <trkpt lat="22.227795" lon="113.260696">
        <ele>3</ele>
        <time>2024-04-27T09:02:15Z</time>
      </trkpt>
      <trkpt lat="22.227817" lon="113.260743">
        <ele>3</ele>
        <time>2024-04-27T09:02:16Z</time>
      </trkpt>
      <trkpt lat="22.227836" lon="113.260775">
        <ele>3</ele>
        <time>2024-04-27T09:02:17Z</time>
      </trkpt>
      <trkpt lat="22.227847" lon="113.260791">
        <ele>3.1</ele>
        <time>2024-04-27T09:02:18Z</time>
      </trkpt>
      <trkpt lat="22.227855" lon="113.260802">
        <ele>3.1</ele>
        <time>2024-04-27T09:02:19Z</time>
      </trkpt>
      <trkpt lat="22.227864" lon="113.260817">
        <ele>3.1</ele>
        <time>2024-04-27T09:02:20Z</time>
      </trkpt>
      <trkpt lat="22.227873" lon="113.260829">
        <ele>3.1</ele>
        <time>2024-04-27T09:02:21Z</time>
      </trkpt>
      <trkpt lat="22.227884" lon="113.260844">
        <ele>3.1</ele>
        <time>2024-04-27T09:02:22Z</time>
      </trkpt>
      <trkpt lat="22.227899" lon="113.260873">
        <ele>3.1</ele>
        <time>2024-04-27T09:02:23Z</time>
      </trkpt>
      <trkpt lat="22.227915" lon="113.260912">
        <ele>3.2</ele>
        <time>2024-04-27T09:02:24Z</time>
      </trkpt>
      <trkpt lat="22.227928" lon="113.260953">
        <ele>3.2</ele>
        <time>2024-04-27T09:02:25Z</time>
      </trkpt>
      <trkpt lat="22.227942" lon="113.260996">
        <ele>3.3</ele>
        <time>2024-04-27T09:02:26Z</time>
      </trkpt>
      <trkpt lat="22.227964" lon="113.261042">
        <ele>3.3</ele>
        <time>2024-04-27T09:02:27Z</time>
      </trkpt>
      <trkpt lat="22.227999" lon="113.261085">
        <ele>3.3</ele>
        <time>2024-04-27T09:02:28Z</time>
      </trkpt>
      <trkpt lat="22.228029" lon="113.261126">
        <ele>3.4</ele>
        <time>2024-04-27T09:02:29Z</time>
      </trkpt>
      <trkpt lat="22.228057" lon="113.261175">
        <ele>3.4</ele>
        <time>2024-04-27T09:02:30Z</time>
      </trkpt>
      <trkpt lat="22.228081" lon="113.261228">
        <ele>3.5</ele>
        <time>2024-04-27T09:02:31Z</time>
      </trkpt>
      <trkpt lat="22.228107" lon="113.261278">
        <ele>3.5</ele>
        <time>2024-04-27T09:02:32Z</time>
      </trkpt>
      <trkpt lat="22.228131" lon="113.261324">
        <ele>3.6</ele>
        <time>2024-04-27T09:02:33Z</time>
      </trkpt>
      <trkpt lat="22.228149" lon="113.261367">
        <ele>3.6</ele>
        <time>2024-04-27T09:02:34Z</time>
      </trkpt>
      <trkpt lat="22.228165" lon="113.261402">
        <ele>3.7</ele>
        <time>2024-04-27T09:02:35Z</time>
      </trkpt>
      <trkpt lat="22.228185" lon="113.261441">
        <ele>3.7</ele>
        <time>2024-04-27T09:02:36Z</time>
      </trkpt>
      <trkpt lat="22.228209" lon="113.261492">
        <ele>3.8</ele>
        <time>2024-04-27T09:02:37Z</time>
      </trkpt>
      <trkpt lat="22.228229" lon="113.26154">
        <ele>3.8</ele>
        <time>2024-04-27T09:02:38Z</time>
      </trkpt>
      <trkpt lat="22.22825" lon="113.261592">
        <ele>3.8</ele>
        <time>2024-04-27T09:02:39Z</time>
      </trkpt>
      <trkpt lat="22.228276" lon="113.261642">
        <ele>3.9</ele>
        <time>2024-04-27T09:02:40Z</time>
      </trkpt>
      <trkpt lat="22.228303" lon="113.261696">
        <ele>3.9</ele>
        <time>2024-04-27T09:02:41Z</time>
      </trkpt>
      <trkpt lat="22.228328" lon="113.261754">
        <ele>3.9</ele>
        <time>2024-04-27T09:02:42Z</time>
      </trkpt>
      <trkpt lat="22.228355" lon="113.26181">
        <ele>3.8</ele>
        <time>2024-04-27T09:02:43Z</time>
      </trkpt>
      <trkpt lat="22.228383" lon="113.261868">
        <ele>3.7</ele>
        <time>2024-04-27T09:02:44Z</time>
      </trkpt>
      <trkpt lat="22.228412" lon="113.261924">
        <ele>3.6</ele>
        <time>2024-04-27T09:02:45Z</time>
      </trkpt>
      <trkpt lat="22.228441" lon="113.261986">
        <ele>3.5</ele>
        <time>2024-04-27T09:02:46Z</time>
      </trkpt>
      <trkpt lat="22.228472" lon="113.262047">
        <ele>3.4</ele>
        <time>2024-04-27T09:02:47Z</time>
      </trkpt>
      <trkpt lat="22.228502" lon="113.262105">
        <ele>3.3</ele>
        <time>2024-04-27T09:02:48Z</time>
      </trkpt>
      <trkpt lat="22.228533" lon="113.262161">
        <ele>3.2</ele>
        <time>2024-04-27T09:02:49Z</time>
      </trkpt>
      <trkpt lat="22.228565" lon="113.26222">
        <ele>3.1</ele>
        <time>2024-04-27T09:02:50Z</time>
      </trkpt>
      <trkpt lat="22.228601" lon="113.262273">
        <ele>3</ele>
        <time>2024-04-27T09:02:51Z</time>
      </trkpt>
      <trkpt lat="22.228641" lon="113.262326">
        <ele>2.9</ele>
        <time>2024-04-27T09:02:52Z</time>
      </trkpt>
      <trkpt lat="22.228681" lon="113.26238">
        <ele>2.8</ele>
        <time>2024-04-27T09:02:53Z</time>
      </trkpt>
      <trkpt lat="22.228718" lon="113.262433">
        <ele>2.7</ele>
        <time>2024-04-27T09:02:54Z</time>
      </trkpt>
      <trkpt lat="22.228753" lon="113.262484">
        <ele>2.6</ele>
        <time>2024-04-27T09:02:55Z</time>
      </trkpt>
      <trkpt lat="22.228789" lon="113.262532">
        <ele>2.5</ele>
        <time>2024-04-27T09:02:56Z</time>
      </trkpt>
      <trkpt lat="22.228823" lon="113.262586">
        <ele>2.4</ele>
        <time>2024-04-27T09:02:57Z</time>
      </trkpt>
      <trkpt lat="22.228857" lon="113.262639">
        <ele>2.4</ele>
        <time>2024-04-27T09:02:58Z</time>
      </trkpt>
      <trkpt lat="22.228894" lon="113.262693">
        <ele>2.3</ele>
        <time>2024-04-27T09:02:59Z</time>
      </trkpt>
      <trkpt lat="22.228935" lon="113.262746">
        <ele>2.2</ele>
        <time>2024-04-27T09:03:00Z</time>
      </trkpt>
      <trkpt lat="22.228975" lon="113.262799">
        <ele>2.1</ele>
        <time>2024-04-27T09:03:01Z</time>
      </trkpt>
      <trkpt lat="22.229017" lon="113.262856">
        <ele>2</ele>
        <time>2024-04-27T09:03:02Z</time>
      </trkpt>
      <trkpt lat="22.229061" lon="113.262914">
        <ele>1.8</ele>
        <time>2024-04-27T09:03:03Z</time>
      </trkpt>
      <trkpt lat="22.229103" lon="113.262964">
        <ele>1.8</ele>
        <time>2024-04-27T09:03:04Z</time>
      </trkpt>
      <trkpt lat="22.22914" lon="113.263013">
        <ele>1.7</ele>
        <time>2024-04-27T09:03:05Z</time>
      </trkpt>
      <trkpt lat="22.229177" lon="113.263066">
        <ele>1.6</ele>
        <time>2024-04-27T09:03:06Z</time>
      </trkpt>
      <trkpt lat="22.229214" lon="113.263119">
        <ele>1.5</ele>
        <time>2024-04-27T09:03:07Z</time>
      </trkpt>
      <trkpt lat="22.229254" lon="113.26317">
        <ele>1.4</ele>
        <time>2024-04-27T09:03:08Z</time>
      </trkpt>
      <trkpt lat="22.229292" lon="113.263219">
        <ele>1.3</ele>
        <time>2024-04-27T09:03:09Z</time>
      </trkpt>
      <trkpt lat="22.229326" lon="113.26327">
        <ele>1.2</ele>
        <time>2024-04-27T09:03:10Z</time>
      </trkpt>
      <trkpt lat="22.229361" lon="113.263315">
        <ele>1.1</ele>
        <time>2024-04-27T09:03:11Z</time>
      </trkpt>
      <trkpt lat="22.229397" lon="113.263361">
        <ele>1.1</ele>
        <time>2024-04-27T09:03:12Z</time>
      </trkpt>
      <trkpt lat="22.22943" lon="113.263406">
        <ele>1.1</ele>
        <time>2024-04-27T09:03:13Z</time>
      </trkpt>
      <trkpt lat="22.229464" lon="113.263452">
        <ele>1</ele>
        <time>2024-04-27T09:03:14Z</time>
      </trkpt>
      <trkpt lat="22.229498" lon="113.263498">
        <ele>1</ele>
        <time>2024-04-27T09:03:15Z</time>
      </trkpt>
      <trkpt lat="22.22953" lon="113.263544">
        <ele>0.9</ele>
        <time>2024-04-27T09:03:16Z</time>
      </trkpt>
      <trkpt lat="22.229557" lon="113.263587">
        <ele>0.9</ele>
        <time>2024-04-27T09:03:17Z</time>
      </trkpt>
      <trkpt lat="22.229581" lon="113.263628">
        <ele>0.8</ele>
        <time>2024-04-27T09:03:18Z</time>
      </trkpt>
      <trkpt lat="22.229605" lon="113.263674">
        <ele>0.8</ele>
        <time>2024-04-27T09:03:19Z</time>
      </trkpt>
      <trkpt lat="22.229629" lon="113.263723">
        <ele>0.8</ele>
        <time>2024-04-27T09:03:20Z</time>
      </trkpt>
      <trkpt lat="22.229653" lon="113.263776">
        <ele>0.7</ele>
        <time>2024-04-27T09:03:21Z</time>
      </trkpt>
      <trkpt lat="22.229675" lon="113.263832">
        <ele>0.7</ele>
        <time>2024-04-27T09:03:22Z</time>
      </trkpt>
      <trkpt lat="22.22969" lon="113.263893">
        <ele>0.6</ele>
        <time>2024-04-27T09:03:23Z</time>
      </trkpt>
      <trkpt lat="22.229695" lon="113.263954">
        <ele>0.6</ele>
        <time>2024-04-27T09:03:24Z</time>
      </trkpt>
      <trkpt lat="22.229691" lon="113.264015">
        <ele>0.5</ele>
        <time>2024-04-27T09:03:25Z</time>
      </trkpt>
      <trkpt lat="22.229684" lon="113.264077">
        <ele>0.5</ele>
        <time>2024-04-27T09:03:26Z</time>
      </trkpt>
      <trkpt lat="22.229674" lon="113.264137">
        <ele>0.4</ele>
        <time>2024-04-27T09:03:27Z</time>
      </trkpt>
      <trkpt lat="22.229669" lon="113.264198">
        <ele>0.4</ele>
        <time>2024-04-27T09:03:28Z</time>
      </trkpt>
      <trkpt lat="22.229661" lon="113.264257">
        <ele>0.3</ele>
        <time>2024-04-27T09:03:29Z</time>
      </trkpt>
      <trkpt lat="22.22965" lon="113.264313">
        <ele>0.3</ele>
        <time>2024-04-27T09:03:30Z</time>
      </trkpt>
      <trkpt lat="22.229639" lon="113.264371">
        <ele>0.3</ele>
        <time>2024-04-27T09:03:31Z</time>
      </trkpt>
      <trkpt lat="22.22963" lon="113.264427">
        <ele>0.2</ele>
        <time>2024-04-27T09:03:32Z</time>
      </trkpt>
      <trkpt lat="22.229623" lon="113.264485">
        <ele>0.2</ele>
        <time>2024-04-27T09:03:33Z</time>
      </trkpt>
      <trkpt lat="22.229616" lon="113.264539">
        <ele>0.1</ele>
        <time>2024-04-27T09:03:34Z</time>
      </trkpt>
      <trkpt lat="22.229611" lon="113.264594">
        <ele>0.1</ele>
        <time>2024-04-27T09:03:35Z</time>
      </trkpt>
      <trkpt lat="22.229608" lon="113.264645">
        <ele>0.1</ele>
        <time>2024-04-27T09:03:36Z</time>
      </trkpt>
      <trkpt lat="22.229609" lon="113.264691">
        <ele>0</ele>
        <time>2024-04-27T09:03:37Z</time>
      </trkpt>
      <trkpt lat="22.229619" lon="113.264737">
        <ele>0</ele>
        <time>2024-04-27T09:03:38Z</time>
      </trkpt>
      <trkpt lat="22.229637" lon="113.264789">
        <ele>-0.1</ele>
        <time>2024-04-27T09:03:39Z</time>
      </trkpt>
      <trkpt lat="22.229659" lon="113.264847">
        <ele>-0.1</ele>
        <time>2024-04-27T09:03:40Z</time>
      </trkpt>
      <trkpt lat="22.229685" lon="113.2649">
        <ele>-0.2</ele>
        <time>2024-04-27T09:03:41Z</time>
      </trkpt>
      <trkpt lat="22.229712" lon="113.264953">
        <ele>-0.2</ele>
        <time>2024-04-27T09:03:42Z</time>
      </trkpt>
      <trkpt lat="22.229742" lon="113.26501">
        <ele>-0.2</ele>
        <time>2024-04-27T09:03:43Z</time>
      </trkpt>
      <trkpt lat="22.229775" lon="113.265071">
        <ele>-0.3</ele>
        <time>2024-04-27T09:03:44Z</time>
      </trkpt>
      <trkpt lat="22.229807" lon="113.265136">
        <ele>-0.3</ele>
        <time>2024-04-27T09:03:45Z</time>
      </trkpt>
      <trkpt lat="22.229838" lon="113.265201">
        <ele>-0.3</ele>
        <time>2024-04-27T09:03:46Z</time>
      </trkpt>
      <trkpt lat="22.229871" lon="113.265266">
        <ele>-0.3</ele>
        <time>2024-04-27T09:03:47Z</time>
      </trkpt>
      <trkpt lat="22.229904" lon="113.265331">
        <ele>-0.3</ele>
        <time>2024-04-27T09:03:48Z</time>
      </trkpt>
      <trkpt lat="22.229938" lon="113.265392">
        <ele>-0.3</ele>
        <time>2024-04-27T09:03:49Z</time>
      </trkpt>
      <trkpt lat="22.229974" lon="113.265456">
        <ele>-0.3</ele>
        <time>2024-04-27T09:03:50Z</time>
      </trkpt>
      <trkpt lat="22.230011" lon="113.265525">
        <ele>-0.3</ele>
        <time>2024-04-27T09:03:51Z</time>
      </trkpt>
      <trkpt lat="22.230044" lon="113.26559">
        <ele>-0.3</ele>
        <time>2024-04-27T09:03:52Z</time>
      </trkpt>
      <trkpt lat="22.230076" lon="113.265651">
        <ele>-0.3</ele>
        <time>2024-04-27T09:03:53Z</time>
      </trkpt>
      <trkpt lat="22.23011" lon="113.265716">
        <ele>-0.3</ele>
        <time>2024-04-27T09:03:54Z</time>
      </trkpt>
      <trkpt lat="22.230144" lon="113.265781">
        <ele>-0.3</ele>
        <time>2024-04-27T09:03:55Z</time>
      </trkpt>
      <trkpt lat="22.230178" lon="113.265842">
        <ele>-0.3</ele>
        <time>2024-04-27T09:03:56Z</time>
      </trkpt>
      <trkpt lat="22.230212" lon="113.265906">
        <ele>-0.3</ele>
        <time>2024-04-27T09:03:57Z</time>
      </trkpt>
      <trkpt lat="22.230243" lon="113.265971">
        <ele>-0.3</ele>
        <time>2024-04-27T09:03:58Z</time>
      </trkpt>
      <trkpt lat="22.230274" lon="113.266032">
        <ele>-0.3</ele>
        <time>2024-04-27T09:03:59Z</time>
      </trkpt>
      <trkpt lat="22.230308" lon="113.266097">
        <ele>-0.3</ele>
        <time>2024-04-27T09:04:00Z</time>
      </trkpt>
      <trkpt lat="22.230342" lon="113.266166">
        <ele>-0.3</ele>
        <time>2024-04-27T09:04:01Z</time>
      </trkpt>
      <trkpt lat="22.230374" lon="113.266231">
        <ele>-0.3</ele>
        <time>2024-04-27T09:04:02Z</time>
      </trkpt>
      <trkpt lat="22.230406" lon="113.266291">
        <ele>-0.3</ele>
        <time>2024-04-27T09:04:03Z</time>
      </trkpt>
      <trkpt lat="22.230435" lon="113.26635">
        <ele>-0.3</ele>
        <time>2024-04-27T09:04:04Z</time>
      </trkpt>
      <trkpt lat="22.230466" lon="113.26641">
        <ele>-0.3</ele>
        <time>2024-04-27T09:04:05Z</time>
      </trkpt>
      <trkpt lat="22.230496" lon="113.266472">
        <ele>-0.3</ele>
        <time>2024-04-27T09:04:06Z</time>
      </trkpt>
      <trkpt lat="22.230527" lon="113.266528">
        <ele>-0.3</ele>
        <time>2024-04-27T09:04:07Z</time>
      </trkpt>
      <trkpt lat="22.230562" lon="113.266593">
        <ele>-0.2</ele>
        <time>2024-04-27T09:04:08Z</time>
      </trkpt>
      <trkpt lat="22.230595" lon="113.266659">
        <ele>-0.2</ele>
        <time>2024-04-27T09:04:09Z</time>
      </trkpt>
      <trkpt lat="22.230625" lon="113.266716">
        <ele>-0.2</ele>
        <time>2024-04-27T09:04:10Z</time>
      </trkpt>
      <trkpt lat="22.230655" lon="113.26677">
        <ele>-0.2</ele>
        <time>2024-04-27T09:04:11Z</time>
      </trkpt>
      <trkpt lat="22.230683" lon="113.266823">
        <ele>-0.3</ele>
        <time>2024-04-27T09:04:12Z</time>
      </trkpt>
      <trkpt lat="22.230713" lon="113.26687">
        <ele>-0.3</ele>
        <time>2024-04-27T09:04:13Z</time>
      </trkpt>
      <trkpt lat="22.230746" lon="113.266911">
        <ele>-0.3</ele>
        <time>2024-04-27T09:04:14Z</time>
      </trkpt>
      <trkpt lat="22.230777" lon="113.266954">
        <ele>-0.3</ele>
        <time>2024-04-27T09:04:15Z</time>
      </trkpt>
      <trkpt lat="22.230806" lon="113.266992">
        <ele>-0.3</ele>
        <time>2024-04-27T09:04:16Z</time>
      </trkpt>
      <trkpt lat="22.230836" lon="113.26703">
        <ele>-0.3</ele>
        <time>2024-04-27T09:04:17Z</time>
      </trkpt>
      <trkpt lat="22.230857" lon="113.267065">
        <ele>-0.3</ele>
        <time>2024-04-27T09:04:18Z</time>
      </trkpt>
      <trkpt lat="22.230864" lon="113.267095">
        <ele>-0.3</ele>
        <time>2024-04-27T09:04:19Z</time>
      </trkpt>
      <trkpt lat="22.230865" lon="113.267123">
        <ele>-0.3</ele>
        <time>2024-04-27T09:04:20Z</time>
      </trkpt>
      <trkpt lat="22.230868" lon="113.267145">
        <ele>-0.3</ele>
        <time>2024-04-27T09:04:21Z</time>
      </trkpt>
      <trkpt lat="22.230882" lon="113.267175">
        <ele>-0.3</ele>
        <time>2024-04-27T09:04:22Z</time>
      </trkpt>
      <trkpt lat="22.230899" lon="113.26721">
        <ele>-0.3</ele>
        <time>2024-04-27T09:04:23Z</time>
      </trkpt>
      <trkpt lat="22.230912" lon="113.26723">
        <ele>-0.3</ele>
        <time>2024-04-27T09:04:24Z</time>
      </trkpt>
      <trkpt lat="22.230924" lon="113.267235">
        <ele>-0.3</ele>
        <time>2024-04-27T09:04:25Z</time>
      </trkpt>
      <trkpt lat="22.230943" lon="113.267238">
        <ele>-0.3</ele>
        <time>2024-04-27T09:04:26Z</time>
      </trkpt>
      <trkpt lat="22.230964" lon="113.267259">
        <ele>-0.3</ele>
        <time>2024-04-27T09:04:27Z</time>
      </trkpt>
      <trkpt lat="22.230973" lon="113.2673">
        <ele>-0.3</ele>
        <time>2024-04-27T09:04:28Z</time>
      </trkpt>
      <trkpt lat="22.23097" lon="113.267339">
        <ele>-0.3</ele>
        <time>2024-04-27T09:04:29Z</time>
      </trkpt>
      <trkpt lat="22.230962" lon="113.26737">
        <ele>-0.3</ele>
        <time>2024-04-27T09:04:30Z</time>
      </trkpt>
      <trkpt lat="22.230962" lon="113.267404">
        <ele>-0.3</ele>
        <time>2024-04-27T09:04:31Z</time>
      </trkpt>
      <trkpt lat="22.230977" lon="113.267439">
        <ele>-0.3</ele>
        <time>2024-04-27T09:04:32Z</time>
      </trkpt>
      <trkpt lat="22.231002" lon="113.267476">
        <ele>-0.4</ele>
        <time>2024-04-27T09:04:33Z</time>
      </trkpt>
      <trkpt lat="22.231028" lon="113.267528">
        <ele>-0.4</ele>
        <time>2024-04-27T09:04:34Z</time>
      </trkpt>
      <trkpt lat="22.231054" lon="113.267586">
        <ele>-0.4</ele>
        <time>2024-04-27T09:04:35Z</time>
      </trkpt>
      <trkpt lat="22.231082" lon="113.267643">
        <ele>-0.4</ele>
        <time>2024-04-27T09:04:36Z</time>
      </trkpt>
      <trkpt lat="22.231113" lon="113.267701">
        <ele>-0.4</ele>
        <time>2024-04-27T09:04:37Z</time>
      </trkpt>
      <trkpt lat="22.231146" lon="113.26776">
        <ele>-0.4</ele>
        <time>2024-04-27T09:04:38Z</time>
      </trkpt>
      <trkpt lat="22.231182" lon="113.267825">
        <ele>-0.4</ele>
        <time>2024-04-27T09:04:39Z</time>
      </trkpt>
      <trkpt lat="22.231218" lon="113.267887">
        <ele>-0.4</ele>
        <time>2024-04-27T09:04:40Z</time>
      </trkpt>
      <trkpt lat="22.231253" lon="113.267945">
        <ele>-0.4</ele>
        <time>2024-04-27T09:04:41Z</time>
      </trkpt>
      <trkpt lat="22.231287" lon="113.268002">
        <ele>-0.4</ele>
        <time>2024-04-27T09:04:42Z</time>
      </trkpt>
      <trkpt lat="22.231317" lon="113.268059">
        <ele>-0.4</ele>
        <time>2024-04-27T09:04:43Z</time>
      </trkpt>
      <trkpt lat="22.231345" lon="113.268112">
        <ele>-0.4</ele>
        <time>2024-04-27T09:04:44Z</time>
      </trkpt>
      <trkpt lat="22.231369" lon="113.268166">
        <ele>-0.5</ele>
        <time>2024-04-27T09:04:45Z</time>
      </trkpt>
      <trkpt lat="22.231395" lon="113.268219">
        <ele>-0.5</ele>
        <time>2024-04-27T09:04:46Z</time>
      </trkpt>
      <trkpt lat="22.231427" lon="113.268273">
        <ele>-0.5</ele>
        <time>2024-04-27T09:04:47Z</time>
      </trkpt>
      <trkpt lat="22.231461" lon="113.268329">
        <ele>-0.5</ele>
        <time>2024-04-27T09:04:48Z</time>
      </trkpt>
      <trkpt lat="22.231493" lon="113.26839">
        <ele>-0.5</ele>
        <time>2024-04-27T09:04:49Z</time>
      </trkpt>
      <trkpt lat="22.23152" lon="113.268451">
        <ele>-0.5</ele>
        <time>2024-04-27T09:04:50Z</time>
      </trkpt>
      <trkpt lat="22.23155" lon="113.268509">
        <ele>-0.5</ele>
        <time>2024-04-27T09:04:51Z</time>
      </trkpt>
      <trkpt lat="22.231581" lon="113.268563">
        <ele>-0.5</ele>
        <time>2024-04-27T09:04:52Z</time>
      </trkpt>
      <trkpt lat="22.231615" lon="113.268619">
        <ele>-0.5</ele>
        <time>2024-04-27T09:04:53Z</time>
      </trkpt>
      <trkpt lat="22.231649" lon="113.26868">
        <ele>-0.6</ele>
        <time>2024-04-27T09:04:54Z</time>
      </trkpt>
      <trkpt lat="22.231682" lon="113.268744">
        <ele>-0.6</ele>
        <time>2024-04-27T09:04:55Z</time>
      </trkpt>
      <trkpt lat="22.231714" lon="113.268809">
        <ele>-0.6</ele>
        <time>2024-04-27T09:04:56Z</time>
      </trkpt>
      <trkpt lat="22.231746" lon="113.26887">
        <ele>-0.6</ele>
        <time>2024-04-27T09:04:57Z</time>
      </trkpt>
      <trkpt lat="22.231777" lon="113.268932">
        <ele>-0.6</ele>
        <time>2024-04-27T09:04:58Z</time>
      </trkpt>
      <trkpt lat="22.231809" lon="113.268996">
        <ele>-0.6</ele>
        <time>2024-04-27T09:04:59Z</time>
      </trkpt>
      <trkpt lat="22.231842" lon="113.269061">
        <ele>-0.6</ele>
        <time>2024-04-27T09:05:00Z</time>
      </trkpt>
      <trkpt lat="22.231871" lon="113.269123">
        <ele>-0.7</ele>
        <time>2024-04-27T09:05:01Z</time>
      </trkpt>
      <trkpt lat="22.231902" lon="113.269184">
        <ele>-0.7</ele>
        <time>2024-04-27T09:05:02Z</time>
      </trkpt>
      <trkpt lat="22.231934" lon="113.269241">
        <ele>-0.7</ele>
        <time>2024-04-27T09:05:03Z</time>
      </trkpt>
      <trkpt lat="22.231965" lon="113.269291">
        <ele>-0.7</ele>
        <time>2024-04-27T09:05:04Z</time>
      </trkpt>
      <trkpt lat="22.231993" lon="113.269341">
        <ele>-0.7</ele>
        <time>2024-04-27T09:05:05Z</time>
      </trkpt>
      <trkpt lat="22.232019" lon="113.269394">
        <ele>-0.7</ele>
        <time>2024-04-27T09:05:06Z</time>
      </trkpt>
      <trkpt lat="22.232047" lon="113.269447">
        <ele>-0.7</ele>
        <time>2024-04-27T09:05:07Z</time>
      </trkpt>
      <trkpt lat="22.232076" lon="113.269505">
        <ele>-0.7</ele>
        <time>2024-04-27T09:05:08Z</time>
      </trkpt>
      <trkpt lat="22.232105" lon="113.269562">
        <ele>-0.8</ele>
        <time>2024-04-27T09:05:09Z</time>
      </trkpt>
      <trkpt lat="22.232137" lon="113.269615">
        <ele>-0.8</ele>
        <time>2024-04-27T09:05:10Z</time>
      </trkpt>
      <trkpt lat="22.232168" lon="113.269669">
        <ele>-0.8</ele>
        <time>2024-04-27T09:05:11Z</time>
      </trkpt>
      <trkpt lat="22.232196" lon="113.269722">
        <ele>-0.8</ele>
        <time>2024-04-27T09:05:12Z</time>
      </trkpt>
      <trkpt lat="22.232223" lon="113.269775">
        <ele>-0.8</ele>
        <time>2024-04-27T09:05:13Z</time>
      </trkpt>
      <trkpt lat="22.232251" lon="113.269832">
        <ele>-0.8</ele>
        <time>2024-04-27T09:05:14Z</time>
      </trkpt>
      <trkpt lat="22.232277" lon="113.26989">
        <ele>-0.8</ele>
        <time>2024-04-27T09:05:15Z</time>
      </trkpt>
      <trkpt lat="22.232301" lon="113.26994">
        <ele>-0.8</ele>
        <time>2024-04-27T09:05:16Z</time>
      </trkpt>
      <trkpt lat="22.232327" lon="113.269989">
        <ele>-0.9</ele>
        <time>2024-04-27T09:05:17Z</time>
      </trkpt>
      <trkpt lat="22.232355" lon="113.270035">
        <ele>-0.9</ele>
        <time>2024-04-27T09:05:18Z</time>
      </trkpt>
      <trkpt lat="22.232381" lon="113.27008">
        <ele>-0.9</ele>
        <time>2024-04-27T09:05:19Z</time>
      </trkpt>
      <trkpt lat="22.232405" lon="113.27013">
        <ele>-0.9</ele>
        <time>2024-04-27T09:05:20Z</time>
      </trkpt>
      <trkpt lat="22.23243" lon="113.27018">
        <ele>-0.9</ele>
        <time>2024-04-27T09:05:21Z</time>
      </trkpt>
      <trkpt lat="22.232456" lon="113.270227">
        <ele>-0.9</ele>
        <time>2024-04-27T09:05:22Z</time>
      </trkpt>
      <trkpt lat="22.23248" lon="113.270268">
        <ele>-0.9</ele>
        <time>2024-04-27T09:05:23Z</time>
      </trkpt>
      <trkpt lat="22.232505" lon="113.270307">
        <ele>-0.9</ele>
        <time>2024-04-27T09:05:24Z</time>
      </trkpt>
      <trkpt lat="22.232531" lon="113.270344">
        <ele>-0.9</ele>
        <time>2024-04-27T09:05:25Z</time>
      </trkpt>
      <trkpt lat="22.23256" lon="113.27039">
        <ele>-0.9</ele>
        <time>2024-04-27T09:05:26Z</time>
      </trkpt>
      <trkpt lat="22.232587" lon="113.270436">
        <ele>-0.9</ele>
        <time>2024-04-27T09:05:27Z</time>
      </trkpt>
      <trkpt lat="22.232611" lon="113.270485">
        <ele>-0.9</ele>
        <time>2024-04-27T09:05:28Z</time>
      </trkpt>
      <trkpt lat="22.232636" lon="113.270541">
        <ele>-0.9</ele>
        <time>2024-04-27T09:05:29Z</time>
      </trkpt>
      <trkpt lat="22.232666" lon="113.270606">
        <ele>-0.9</ele>
        <time>2024-04-27T09:05:30Z</time>
      </trkpt>
      <trkpt lat="22.232696" lon="113.270671">
        <ele>-0.9</ele>
        <time>2024-04-27T09:05:31Z</time>
      </trkpt>
      <trkpt lat="22.232725" lon="113.270732">
        <ele>-0.9</ele>
        <time>2024-04-27T09:05:32Z</time>
      </trkpt>
      <trkpt lat="22.232753" lon="113.270796">
        <ele>-0.9</ele>
        <time>2024-04-27T09:05:33Z</time>
      </trkpt>
      <trkpt lat="22.232786" lon="113.270862">
        <ele>-0.8</ele>
        <time>2024-04-27T09:05:34Z</time>
      </trkpt>
      <trkpt lat="22.232822" lon="113.270923">
        <ele>-0.8</ele>
        <time>2024-04-27T09:05:35Z</time>
      </trkpt>
      <trkpt lat="22.232856" lon="113.270984">
        <ele>-0.8</ele>
        <time>2024-04-27T09:05:36Z</time>
      </trkpt>
      <trkpt lat="22.232892" lon="113.271048">
        <ele>-0.8</ele>
        <time>2024-04-27T09:05:37Z</time>
      </trkpt>
      <trkpt lat="22.23293" lon="113.271117">
        <ele>-0.8</ele>
        <time>2024-04-27T09:05:38Z</time>
      </trkpt>
      <trkpt lat="22.232965" lon="113.271186">
        <ele>-0.8</ele>
        <time>2024-04-27T09:05:39Z</time>
      </trkpt>
      <trkpt lat="22.232999" lon="113.271251">
        <ele>-0.8</ele>
        <time>2024-04-27T09:05:40Z</time>
      </trkpt>
      <trkpt lat="22.233035" lon="113.271316">
        <ele>-0.8</ele>
        <time>2024-04-27T09:05:41Z</time>
      </trkpt>
      <trkpt lat="22.233073" lon="113.271381">
        <ele>-0.8</ele>
        <time>2024-04-27T09:05:42Z</time>
      </trkpt>
      <trkpt lat="22.233108" lon="113.271445">
        <ele>-0.8</ele>
        <time>2024-04-27T09:05:43Z</time>
      </trkpt>
      <trkpt lat="22.233142" lon="113.27151">
        <ele>-0.8</ele>
        <time>2024-04-27T09:05:44Z</time>
      </trkpt>
      <trkpt lat="22.23318" lon="113.271571">
        <ele>-0.8</ele>
        <time>2024-04-27T09:05:45Z</time>
      </trkpt>
      <trkpt lat="22.23322" lon="113.271629">
        <ele>-0.8</ele>
        <time>2024-04-27T09:05:46Z</time>
      </trkpt>
      <trkpt lat="22.233256" lon="113.271686">
        <ele>-0.8</ele>
        <time>2024-04-27T09:05:47Z</time>
      </trkpt>
      <trkpt lat="22.23329" lon="113.271754">
        <ele>-0.8</ele>
        <time>2024-04-27T09:05:48Z</time>
      </trkpt>
      <trkpt lat="22.233325" lon="113.271827">
        <ele>-0.8</ele>
        <time>2024-04-27T09:05:49Z</time>
      </trkpt>
      <trkpt lat="22.233358" lon="113.271891">
        <ele>-0.7</ele>
        <time>2024-04-27T09:05:50Z</time>
      </trkpt>
      <trkpt lat="22.233388" lon="113.271953">
        <ele>-0.7</ele>
        <time>2024-04-27T09:05:51Z</time>
      </trkpt>
      <trkpt lat="22.233418" lon="113.272014">
        <ele>-0.7</ele>
        <time>2024-04-27T09:05:52Z</time>
      </trkpt>
      <trkpt lat="22.233444" lon="113.272078">
        <ele>-0.7</ele>
        <time>2024-04-27T09:05:53Z</time>
      </trkpt>
      <trkpt lat="22.233469" lon="113.272143">
        <ele>-0.6</ele>
        <time>2024-04-27T09:05:54Z</time>
      </trkpt>
      <trkpt lat="22.233496" lon="113.272208">
        <ele>-0.6</ele>
        <time>2024-04-27T09:05:55Z</time>
      </trkpt>
      <trkpt lat="22.233527" lon="113.272273">
        <ele>-0.6</ele>
        <time>2024-04-27T09:05:56Z</time>
      </trkpt>
      <trkpt lat="22.233558" lon="113.272334">
        <ele>-0.5</ele>
        <time>2024-04-27T09:05:57Z</time>
      </trkpt>
      <trkpt lat="22.233591" lon="113.272396">
        <ele>-0.5</ele>
        <time>2024-04-27T09:05:58Z</time>
      </trkpt>
      <trkpt lat="22.233624" lon="113.272457">
        <ele>-0.5</ele>
        <time>2024-04-27T09:05:59Z</time>
      </trkpt>
      <trkpt lat="22.233656" lon="113.272518">
        <ele>-0.4</ele>
        <time>2024-04-27T09:06:00Z</time>
      </trkpt>
      <trkpt lat="22.233686" lon="113.272576">
        <ele>-0.4</ele>
        <time>2024-04-27T09:06:01Z</time>
      </trkpt>
      <trkpt lat="22.233718" lon="113.272632">
        <ele>-0.4</ele>
        <time>2024-04-27T09:06:02Z</time>
      </trkpt>
      <trkpt lat="22.233752" lon="113.272693">
        <ele>-0.3</ele>
        <time>2024-04-27T09:06:03Z</time>
      </trkpt>
      <trkpt lat="22.233783" lon="113.272754">
        <ele>-0.3</ele>
        <time>2024-04-27T09:06:04Z</time>
      </trkpt>
      <trkpt lat="22.233814" lon="113.272815">
        <ele>-0.3</ele>
        <time>2024-04-27T09:06:05Z</time>
      </trkpt>
      <trkpt lat="22.233844" lon="113.272876">
        <ele>-0.2</ele>
        <time>2024-04-27T09:06:06Z</time>
      </trkpt>
      <trkpt lat="22.233872" lon="113.272934">
        <ele>-0.2</ele>
        <time>2024-04-27T09:06:07Z</time>
      </trkpt>
      <trkpt lat="22.2339" lon="113.272987">
        <ele>-0.2</ele>
        <time>2024-04-27T09:06:08Z</time>
      </trkpt>
      <trkpt lat="22.233924" lon="113.273038">
        <ele>-0.1</ele>
        <time>2024-04-27T09:06:09Z</time>
      </trkpt>
      <trkpt lat="22.233945" lon="113.27309">
        <ele>-0.1</ele>
        <time>2024-04-27T09:06:10Z</time>
      </trkpt>
      <trkpt lat="22.233966" lon="113.273144">
        <ele>-0.1</ele>
        <time>2024-04-27T09:06:11Z</time>
      </trkpt>
      <trkpt lat="22.233988" lon="113.273193">
        <ele>-0.1</ele>
        <time>2024-04-27T09:06:12Z</time>
      </trkpt>
      <trkpt lat="22.234012" lon="113.273243">
        <ele>0</ele>
        <time>2024-04-27T09:06:13Z</time>
      </trkpt>
      <trkpt lat="22.234035" lon="113.273286">
        <ele>0</ele>
        <time>2024-04-27T09:06:14Z</time>
      </trkpt>
      <trkpt lat="22.234063" lon="113.273324">
        <ele>0</ele>
        <time>2024-04-27T09:06:15Z</time>
      </trkpt>
      <trkpt lat="22.234093" lon="113.273359">
        <ele>0</ele>
        <time>2024-04-27T09:06:16Z</time>
      </trkpt>
      <trkpt lat="22.234121" lon="113.27339">
        <ele>0</ele>
        <time>2024-04-27T09:06:17Z</time>
      </trkpt>
      <trkpt lat="22.234149" lon="113.273416">
        <ele>0.1</ele>
        <time>2024-04-27T09:06:18Z</time>
      </trkpt>
      <trkpt lat="22.234181" lon="113.273439">
        <ele>0.1</ele>
        <time>2024-04-27T09:06:19Z</time>
      </trkpt>
      <trkpt lat="22.234212" lon="113.273459">
        <ele>0.1</ele>
        <time>2024-04-27T09:06:20Z</time>
      </trkpt>
      <trkpt lat="22.234231" lon="113.273484">
        <ele>0.1</ele>
        <time>2024-04-27T09:06:21Z</time>
      </trkpt>
      <trkpt lat="22.234232" lon="113.273523">
        <ele>0.1</ele>
        <time>2024-04-27T09:06:22Z</time>
      </trkpt>
      <trkpt lat="22.234223" lon="113.273561">
        <ele>0</ele>
        <time>2024-04-27T09:06:23Z</time>
      </trkpt>
      <trkpt lat="22.234214" lon="113.273596">
        <ele>0</ele>
        <time>2024-04-27T09:06:24Z</time>
      </trkpt>
      <trkpt lat="22.234212" lon="113.273623">
        <ele>0</ele>
        <time>2024-04-27T09:06:25Z</time>
      </trkpt>
      <trkpt lat="22.234219" lon="113.273649">
        <ele>0</ele>
        <time>2024-04-27T09:06:26Z</time>
      </trkpt>
      <trkpt lat="22.234233" lon="113.273683">
        <ele>0</ele>
        <time>2024-04-27T09:06:27Z</time>
      </trkpt>
      <trkpt lat="22.234246" lon="113.273724">
        <ele>0</ele>
        <time>2024-04-27T09:06:28Z</time>
      </trkpt>
      <trkpt lat="22.234259" lon="113.273763">
        <ele>0</ele>
        <time>2024-04-27T09:06:29Z</time>
      </trkpt>
      <trkpt lat="22.23427" lon="113.273791">
        <ele>0</ele>
        <time>2024-04-27T09:06:30Z</time>
      </trkpt>
      <trkpt lat="22.234279" lon="113.27381">
        <ele>0</ele>
        <time>2024-04-27T09:06:31Z</time>
      </trkpt>
      <trkpt lat="22.234282" lon="113.273826">
        <ele>0</ele>
        <time>2024-04-27T09:06:32Z</time>
      </trkpt>
      <trkpt lat="22.234269" lon="113.273838">
        <ele>0</ele>
        <time>2024-04-27T09:06:33Z</time>
      </trkpt>
      <trkpt lat="22.234247" lon="113.273842">
        <ele>0</ele>
        <time>2024-04-27T09:06:34Z</time>
      </trkpt>
      <trkpt lat="22.234232" lon="113.273842">
        <ele>0</ele>
        <time>2024-04-27T09:06:35Z</time>
      </trkpt>
      <trkpt lat="22.234191" lon="113.273856">
        <ele>-0.1</ele>
        <time>2024-04-27T09:06:51Z</time>
      </trkpt>
      <trkpt lat="22.23417" lon="113.273875">
        <ele>-0.1</ele>
        <time>2024-04-27T09:06:52Z</time>
      </trkpt>
      <trkpt lat="22.234146" lon="113.273898">
        <ele>-0.1</ele>
        <time>2024-04-27T09:06:53Z</time>
      </trkpt>
      <trkpt lat="22.234122" lon="113.27392">
        <ele>-0.1</ele>
        <time>2024-04-27T09:06:54Z</time>
      </trkpt>
      <trkpt lat="22.234101" lon="113.273943">
        <ele>-0.1</ele>
        <time>2024-04-27T09:06:55Z</time>
      </trkpt>
      <trkpt lat="22.234076" lon="113.273963">
        <ele>-0.1</ele>
        <time>2024-04-27T09:06:56Z</time>
      </trkpt>
      <trkpt lat="22.23404" lon="113.273978">
        <ele>-0.1</ele>
        <time>2024-04-27T09:06:57Z</time>
      </trkpt>
      <trkpt lat="22.234004" lon="113.27399">
        <ele>-0.1</ele>
        <time>2024-04-27T09:06:58Z</time>
      </trkpt>
      <trkpt lat="22.233974" lon="113.274001">
        <ele>-0.1</ele>
        <time>2024-04-27T09:06:59Z</time>
      </trkpt>
      <trkpt lat="22.23395" lon="113.274023">
        <ele>-0.1</ele>
        <time>2024-04-27T09:07:00Z</time>
      </trkpt>
      <trkpt lat="22.233937" lon="113.274057">
        <ele>-0.2</ele>
        <time>2024-04-27T09:07:01Z</time>
      </trkpt>
      <trkpt lat="22.233938" lon="113.274095">
        <ele>-0.2</ele>
        <time>2024-04-27T09:07:02Z</time>
      </trkpt>
      <trkpt lat="22.233948" lon="113.274126">
        <ele>-0.2</ele>
        <time>2024-04-27T09:07:03Z</time>
      </trkpt>
      <trkpt lat="22.233963" lon="113.274146">
        <ele>-0.2</ele>
        <time>2024-04-27T09:07:04Z</time>
      </trkpt>
      <trkpt lat="22.233983" lon="113.274161">
        <ele>-0.2</ele>
        <time>2024-04-27T09:07:05Z</time>
      </trkpt>
      <trkpt lat="22.234014" lon="113.27418">
        <ele>-0.2</ele>
        <time>2024-04-27T09:07:06Z</time>
      </trkpt>
      <trkpt lat="22.234049" lon="113.274203">
        <ele>-0.2</ele>
        <time>2024-04-27T09:07:07Z</time>
      </trkpt>
      <trkpt lat="22.234081" lon="113.274229">
        <ele>-0.2</ele>
        <time>2024-04-27T09:07:08Z</time>
      </trkpt>
      <trkpt lat="22.234111" lon="113.274266">
        <ele>-0.2</ele>
        <time>2024-04-27T09:07:09Z</time>
      </trkpt>
      <trkpt lat="22.234136" lon="113.274308">
        <ele>-0.3</ele>
        <time>2024-04-27T09:07:10Z</time>
      </trkpt>
      <trkpt lat="22.234161" lon="113.274353">
        <ele>-0.3</ele>
        <time>2024-04-27T09:07:11Z</time>
      </trkpt>
      <trkpt lat="22.234185" lon="113.274403">
        <ele>-0.3</ele>
        <time>2024-04-27T09:07:12Z</time>
      </trkpt>
      <trkpt lat="22.234206" lon="113.274452">
        <ele>-0.3</ele>
        <time>2024-04-27T09:07:13Z</time>
      </trkpt>
      <trkpt lat="22.234227" lon="113.274505">
        <ele>-0.3</ele>
        <time>2024-04-27T09:07:14Z</time>
      </trkpt>
      <trkpt lat="22.234249" lon="113.274559">
        <ele>-0.3</ele>
        <time>2024-04-27T09:07:15Z</time>
      </trkpt>
      <trkpt lat="22.23427" lon="113.274609">
        <ele>-0.3</ele>
        <time>2024-04-27T09:07:16Z</time>
      </trkpt>
      <trkpt lat="22.234296" lon="113.274655">
        <ele>-0.4</ele>
        <time>2024-04-27T09:07:17Z</time>
      </trkpt>
      <trkpt lat="22.234324" lon="113.274701">
        <ele>-0.4</ele>
        <time>2024-04-27T09:07:18Z</time>
      </trkpt>
      <trkpt lat="22.234353" lon="113.274747">
        <ele>-0.4</ele>
        <time>2024-04-27T09:07:19Z</time>
      </trkpt>
      <trkpt lat="22.234386" lon="113.274792">
        <ele>-0.4</ele>
        <time>2024-04-27T09:07:20Z</time>
      </trkpt>
      <trkpt lat="22.234417" lon="113.274838">
        <ele>-0.4</ele>
        <time>2024-04-27T09:07:21Z</time>
      </trkpt>
      <trkpt lat="22.234441" lon="113.274884">
        <ele>-0.4</ele>
        <time>2024-04-27T09:07:22Z</time>
      </trkpt>
      <trkpt lat="22.234465" lon="113.274929">
        <ele>-0.5</ele>
        <time>2024-04-27T09:07:23Z</time>
      </trkpt>
      <trkpt lat="22.234491" lon="113.274975">
        <ele>-0.4</ele>
        <time>2024-04-27T09:07:24Z</time>
      </trkpt>
      <trkpt lat="22.23451" lon="113.275014">
        <ele>-0.4</ele>
        <time>2024-04-27T09:07:25Z</time>
      </trkpt>
      <trkpt lat="22.23453" lon="113.275051">
        <ele>-0.4</ele>
        <time>2024-04-27T09:07:26Z</time>
      </trkpt>
      <trkpt lat="22.23455" lon="113.275094">
        <ele>-0.4</ele>
        <time>2024-04-27T09:07:27Z</time>
      </trkpt>
      <trkpt lat="22.234569" lon="113.275136">
        <ele>-0.3</ele>
        <time>2024-04-27T09:07:28Z</time>
      </trkpt>
      <trkpt lat="22.234587" lon="113.275178">
        <ele>-0.3</ele>
        <time>2024-04-27T09:07:29Z</time>
      </trkpt>
      <trkpt lat="22.234602" lon="113.275216">
        <ele>-0.3</ele>
        <time>2024-04-27T09:07:30Z</time>
      </trkpt>
      <trkpt lat="22.234621" lon="113.275257">
        <ele>-0.3</ele>
        <time>2024-04-27T09:07:31Z</time>
      </trkpt>
      <trkpt lat="22.234646" lon="113.2753">
        <ele>-0.3</ele>
        <time>2024-04-27T09:07:32Z</time>
      </trkpt>
      <trkpt lat="22.234669" lon="113.275342">
        <ele>-0.2</ele>
        <time>2024-04-27T09:07:33Z</time>
      </trkpt>
      <trkpt lat="22.234686" lon="113.275384">
        <ele>-0.2</ele>
        <time>2024-04-27T09:07:34Z</time>
      </trkpt>
      <trkpt lat="22.234702" lon="113.275419">
        <ele>-0.2</ele>
        <time>2024-04-27T09:07:35Z</time>
      </trkpt>
      <trkpt lat="22.23472" lon="113.275456">
        <ele>-0.2</ele>
        <time>2024-04-27T09:07:36Z</time>
      </trkpt>
      <trkpt lat="22.23474" lon="113.275498">
        <ele>-0.1</ele>
        <time>2024-04-27T09:07:37Z</time>
      </trkpt>
      <trkpt lat="22.234756" lon="113.27554">
        <ele>-0.1</ele>
        <time>2024-04-27T09:07:38Z</time>
      </trkpt>
      <trkpt lat="22.234773" lon="113.275583">
        <ele>-0.1</ele>
        <time>2024-04-27T09:07:39Z</time>
      </trkpt>
      <trkpt lat="22.234791" lon="113.275624">
        <ele>-0.1</ele>
        <time>2024-04-27T09:07:40Z</time>
      </trkpt>
      <trkpt lat="22.234809" lon="113.275666">
        <ele>-0.1</ele>
        <time>2024-04-27T09:07:41Z</time>
      </trkpt>
      <trkpt lat="22.23483" lon="113.275708">
        <ele>0</ele>
        <time>2024-04-27T09:07:42Z</time>
      </trkpt>
      <trkpt lat="22.234851" lon="113.275757">
        <ele>0</ele>
        <time>2024-04-27T09:07:43Z</time>
      </trkpt>
      <trkpt lat="22.234874" lon="113.275807">
        <ele>0</ele>
        <time>2024-04-27T09:07:44Z</time>
      </trkpt>
      <trkpt lat="22.234896" lon="113.275853">
        <ele>0.1</ele>
        <time>2024-04-27T09:07:45Z</time>
      </trkpt>
      <trkpt lat="22.234914" lon="113.275895">
        <ele>0.1</ele>
        <time>2024-04-27T09:07:46Z</time>
      </trkpt>
      <trkpt lat="22.234932" lon="113.275934">
        <ele>0.1</ele>
        <time>2024-04-27T09:07:47Z</time>
      </trkpt>
      <trkpt lat="22.234951" lon="113.275972">
        <ele>0.1</ele>
        <time>2024-04-27T09:07:48Z</time>
      </trkpt>
      <trkpt lat="22.234968" lon="113.27601">
        <ele>0.1</ele>
        <time>2024-04-27T09:07:49Z</time>
      </trkpt>
      <trkpt lat="22.234985" lon="113.276048">
        <ele>0.2</ele>
        <time>2024-04-27T09:07:50Z</time>
      </trkpt>
      <trkpt lat="22.235003" lon="113.276086">
        <ele>0.2</ele>
        <time>2024-04-27T09:07:51Z</time>
      </trkpt>
      <trkpt lat="22.235022" lon="113.276124">
        <ele>0.2</ele>
        <time>2024-04-27T09:07:52Z</time>
      </trkpt>
      <trkpt lat="22.23504" lon="113.276162">
        <ele>0.2</ele>
        <time>2024-04-27T09:07:53Z</time>
      </trkpt>
      <trkpt lat="22.235056" lon="113.2762">
        <ele>0.2</ele>
        <time>2024-04-27T09:07:54Z</time>
      </trkpt>
      <trkpt lat="22.235073" lon="113.276241">
        <ele>0.3</ele>
        <time>2024-04-27T09:07:55Z</time>
      </trkpt>
      <trkpt lat="22.235092" lon="113.276284">
        <ele>0.3</ele>
        <time>2024-04-27T09:07:56Z</time>
      </trkpt>
      <trkpt lat="22.235112" lon="113.276322">
        <ele>0.3</ele>
        <time>2024-04-27T09:07:57Z</time>
      </trkpt>
      <trkpt lat="22.235134" lon="113.276361">
        <ele>0.3</ele>
        <time>2024-04-27T09:07:58Z</time>
      </trkpt>
      <trkpt lat="22.235156" lon="113.276402">
        <ele>0.4</ele>
        <time>2024-04-27T09:07:59Z</time>
      </trkpt>
      <trkpt lat="22.235175" lon="113.276445">
        <ele>0.4</ele>
        <time>2024-04-27T09:08:00Z</time>
      </trkpt>
      <trkpt lat="22.235193" lon="113.276486">
        <ele>0.4</ele>
        <time>2024-04-27T09:08:01Z</time>
      </trkpt>
      <trkpt lat="22.23521" lon="113.276528">
        <ele>0.4</ele>
        <time>2024-04-27T09:08:02Z</time>
      </trkpt>
      <trkpt lat="22.23523" lon="113.27657">
        <ele>0.4</ele>
        <time>2024-04-27T09:08:03Z</time>
      </trkpt>
      <trkpt lat="22.23525" lon="113.276612">
        <ele>0.5</ele>
        <time>2024-04-27T09:08:04Z</time>
      </trkpt>
      <trkpt lat="22.235268" lon="113.276651">
        <ele>0.5</ele>
        <time>2024-04-27T09:08:05Z</time>
      </trkpt>
      <trkpt lat="22.235287" lon="113.276689">
        <ele>0.5</ele>
        <time>2024-04-27T09:08:06Z</time>
      </trkpt>
      <trkpt lat="22.235306" lon="113.276727">
        <ele>0.5</ele>
        <time>2024-04-27T09:08:07Z</time>
      </trkpt>
      <trkpt lat="22.235326" lon="113.276768">
        <ele>0.4</ele>
        <time>2024-04-27T09:08:08Z</time>
      </trkpt>
      <trkpt lat="22.235347" lon="113.276814">
        <ele>0.4</ele>
        <time>2024-04-27T09:08:09Z</time>
      </trkpt>
      <trkpt lat="22.235368" lon="113.276856">
        <ele>0.4</ele>
        <time>2024-04-27T09:08:10Z</time>
      </trkpt>
      <trkpt lat="22.235389" lon="113.276898">
        <ele>0.4</ele>
        <time>2024-04-27T09:08:11Z</time>
      </trkpt>
      <trkpt lat="22.235408" lon="113.27694">
        <ele>0.3</ele>
        <time>2024-04-27T09:08:12Z</time>
      </trkpt>
      <trkpt lat="22.235424" lon="113.276979">
        <ele>0.3</ele>
        <time>2024-04-27T09:08:13Z</time>
      </trkpt>
      <trkpt lat="22.23544" lon="113.277017">
        <ele>0.3</ele>
        <time>2024-04-27T09:08:14Z</time>
      </trkpt>
      <trkpt lat="22.235458" lon="113.277052">
        <ele>0.3</ele>
        <time>2024-04-27T09:08:15Z</time>
      </trkpt>
      <trkpt lat="22.235475" lon="113.277085">
        <ele>0.3</ele>
        <time>2024-04-27T09:08:16Z</time>
      </trkpt>
      <trkpt lat="22.235492" lon="113.277124">
        <ele>0.2</ele>
        <time>2024-04-27T09:08:17Z</time>
      </trkpt>
      <trkpt lat="22.235509" lon="113.277165">
        <ele>0.2</ele>
        <time>2024-04-27T09:08:18Z</time>
      </trkpt>
      <trkpt lat="22.235527" lon="113.277204">
        <ele>0.2</ele>
        <time>2024-04-27T09:08:19Z</time>
      </trkpt>
      <trkpt lat="22.235542" lon="113.277235">
        <ele>0.2</ele>
        <time>2024-04-27T09:08:20Z</time>
      </trkpt>
      <trkpt lat="22.235557" lon="113.277269">
        <ele>0.2</ele>
        <time>2024-04-27T09:08:21Z</time>
      </trkpt>
      <trkpt lat="22.235573" lon="113.277307">
        <ele>0.1</ele>
        <time>2024-04-27T09:08:22Z</time>
      </trkpt>
      <trkpt lat="22.235591" lon="113.277345">
        <ele>0.1</ele>
        <time>2024-04-27T09:08:23Z</time>
      </trkpt>
      <trkpt lat="22.23561" lon="113.27738">
        <ele>0.1</ele>
        <time>2024-04-27T09:08:24Z</time>
      </trkpt>
      <trkpt lat="22.235627" lon="113.277414">
        <ele>0.1</ele>
        <time>2024-04-27T09:08:25Z</time>
      </trkpt>
      <trkpt lat="22.235642" lon="113.277448">
        <ele>0.1</ele>
        <time>2024-04-27T09:08:26Z</time>
      </trkpt>
      <trkpt lat="22.235658" lon="113.277482">
        <ele>0</ele>
        <time>2024-04-27T09:08:27Z</time>
      </trkpt>
      <trkpt lat="22.235673" lon="113.277517">
        <ele>0</ele>
        <time>2024-04-27T09:08:28Z</time>
      </trkpt>
      <trkpt lat="22.23569" lon="113.277551">
        <ele>0</ele>
        <time>2024-04-27T09:08:29Z</time>
      </trkpt>
      <trkpt lat="22.235708" lon="113.277589">
        <ele>0</ele>
        <time>2024-04-27T09:08:30Z</time>
      </trkpt>
      <trkpt lat="22.235726" lon="113.277627">
        <ele>0</ele>
        <time>2024-04-27T09:08:31Z</time>
      </trkpt>
      <trkpt lat="22.235744" lon="113.277665">
        <ele>-0.1</ele>
        <time>2024-04-27T09:08:32Z</time>
      </trkpt>
      <trkpt lat="22.235762" lon="113.277703">
        <ele>-0.1</ele>
        <time>2024-04-27T09:08:33Z</time>
      </trkpt>
      <trkpt lat="22.23578" lon="113.277742">
        <ele>-0.1</ele>
        <time>2024-04-27T09:08:34Z</time>
      </trkpt>
      <trkpt lat="22.235798" lon="113.27778">
        <ele>-0.1</ele>
        <time>2024-04-27T09:08:35Z</time>
      </trkpt>
      <trkpt lat="22.235816" lon="113.277818">
        <ele>-0.1</ele>
        <time>2024-04-27T09:08:36Z</time>
      </trkpt>
      <trkpt lat="22.235833" lon="113.277853">
        <ele>-0.2</ele>
        <time>2024-04-27T09:08:37Z</time>
      </trkpt>
      <trkpt lat="22.23585" lon="113.27789">
        <ele>-0.2</ele>
        <time>2024-04-27T09:08:38Z</time>
      </trkpt>
      <trkpt lat="22.235868" lon="113.277935">
        <ele>-0.2</ele>
        <time>2024-04-27T09:08:39Z</time>
      </trkpt>
      <trkpt lat="22.235886" lon="113.277978">
        <ele>-0.2</ele>
        <time>2024-04-27T09:08:40Z</time>
      </trkpt>
      <trkpt lat="22.235906" lon="113.278016">
        <ele>-0.3</ele>
        <time>2024-04-27T09:08:41Z</time>
      </trkpt>
      <trkpt lat="22.235927" lon="113.278058">
        <ele>-0.3</ele>
        <time>2024-04-27T09:08:42Z</time>
      </trkpt>
      <trkpt lat="22.235947" lon="113.2781">
        <ele>-0.3</ele>
        <time>2024-04-27T09:08:43Z</time>
      </trkpt>
      <trkpt lat="22.235966" lon="113.278138">
        <ele>-0.3</ele>
        <time>2024-04-27T09:08:44Z</time>
      </trkpt>
      <trkpt lat="22.235986" lon="113.278179">
        <ele>-0.4</ele>
        <time>2024-04-27T09:08:45Z</time>
      </trkpt>
      <trkpt lat="22.236006" lon="113.278225">
        <ele>-0.4</ele>
        <time>2024-04-27T09:08:46Z</time>
      </trkpt>
      <trkpt lat="22.236027" lon="113.278268">
        <ele>-0.4</ele>
        <time>2024-04-27T09:08:47Z</time>
      </trkpt>
      <trkpt lat="22.23605" lon="113.278309">
        <ele>-0.4</ele>
        <time>2024-04-27T09:08:48Z</time>
      </trkpt>
      <trkpt lat="22.236072" lon="113.278359">
        <ele>-0.5</ele>
        <time>2024-04-27T09:08:49Z</time>
      </trkpt>
      <trkpt lat="22.236093" lon="113.278409">
        <ele>-0.5</ele>
        <time>2024-04-27T09:08:50Z</time>
      </trkpt>
      <trkpt lat="22.236115" lon="113.278455">
        <ele>-0.4</ele>
        <time>2024-04-27T09:08:51Z</time>
      </trkpt>
      <trkpt lat="22.236138" lon="113.2785">
        <ele>-0.4</ele>
        <time>2024-04-27T09:08:52Z</time>
      </trkpt>
      <trkpt lat="22.23616" lon="113.278546">
        <ele>-0.4</ele>
        <time>2024-04-27T09:08:53Z</time>
      </trkpt>
      <trkpt lat="22.236181" lon="113.278592">
        <ele>-0.3</ele>
        <time>2024-04-27T09:08:54Z</time>
      </trkpt>
      <trkpt lat="22.236204" lon="113.278637">
        <ele>-0.3</ele>
        <time>2024-04-27T09:08:55Z</time>
      </trkpt>
      <trkpt lat="22.236227" lon="113.278686">
        <ele>-0.3</ele>
        <time>2024-04-27T09:08:56Z</time>
      </trkpt>
      <trkpt lat="22.236249" lon="113.278737">
        <ele>-0.3</ele>
        <time>2024-04-27T09:08:57Z</time>
      </trkpt>
      <trkpt lat="22.236272" lon="113.278786">
        <ele>-0.2</ele>
        <time>2024-04-27T09:08:58Z</time>
      </trkpt>
      <trkpt lat="22.236298" lon="113.278836">
        <ele>-0.2</ele>
        <time>2024-04-27T09:08:59Z</time>
      </trkpt>
      <trkpt lat="22.236325" lon="113.278885">
        <ele>-0.2</ele>
        <time>2024-04-27T09:09:00Z</time>
      </trkpt>
      <trkpt lat="22.236348" lon="113.278938">
        <ele>-0.1</ele>
        <time>2024-04-27T09:09:01Z</time>
      </trkpt>
      <trkpt lat="22.236374" lon="113.278991">
        <ele>-0.1</ele>
        <time>2024-04-27T09:09:02Z</time>
      </trkpt>
      <trkpt lat="22.2364" lon="113.279045">
        <ele>0</ele>
        <time>2024-04-27T09:09:03Z</time>
      </trkpt>
      <trkpt lat="22.236427" lon="113.279102">
        <ele>0</ele>
        <time>2024-04-27T09:09:04Z</time>
      </trkpt>
      <trkpt lat="22.236454" lon="113.27916">
        <ele>0</ele>
        <time>2024-04-27T09:09:05Z</time>
      </trkpt>
      <trkpt lat="22.236481" lon="113.279216">
        <ele>0.1</ele>
        <time>2024-04-27T09:09:06Z</time>
      </trkpt>
      <trkpt lat="22.23651" lon="113.279277">
        <ele>0.1</ele>
        <time>2024-04-27T09:09:07Z</time>
      </trkpt>
      <trkpt lat="22.23654" lon="113.279338">
        <ele>0.2</ele>
        <time>2024-04-27T09:09:08Z</time>
      </trkpt>
      <trkpt lat="22.23657" lon="113.279396">
        <ele>0.2</ele>
        <time>2024-04-27T09:09:09Z</time>
      </trkpt>
      <trkpt lat="22.236599" lon="113.279453">
        <ele>0.2</ele>
        <time>2024-04-27T09:09:10Z</time>
      </trkpt>
      <trkpt lat="22.236627" lon="113.279514">
        <ele>0.3</ele>
        <time>2024-04-27T09:09:11Z</time>
      </trkpt>
      <trkpt lat="22.236659" lon="113.279571">
        <ele>0.3</ele>
        <time>2024-04-27T09:09:12Z</time>
      </trkpt>
      <trkpt lat="22.236689" lon="113.279625">
        <ele>0.3</ele>
        <time>2024-04-27T09:09:13Z</time>
      </trkpt>
      <trkpt lat="22.236714" lon="113.279681">
        <ele>0.4</ele>
        <time>2024-04-27T09:09:14Z</time>
      </trkpt>
      <trkpt lat="22.236739" lon="113.279736">
        <ele>0.4</ele>
        <time>2024-04-27T09:09:15Z</time>
      </trkpt>
      <trkpt lat="22.236762" lon="113.279788">
        <ele>0.5</ele>
        <time>2024-04-27T09:09:16Z</time>
      </trkpt>
      <trkpt lat="22.236785" lon="113.279843">
        <ele>0.5</ele>
        <time>2024-04-27T09:09:17Z</time>
      </trkpt>
      <trkpt lat="22.236813" lon="113.279896">
        <ele>0.5</ele>
        <time>2024-04-27T09:09:18Z</time>
      </trkpt>
      <trkpt lat="22.23684" lon="113.27995">
        <ele>0.6</ele>
        <time>2024-04-27T09:09:19Z</time>
      </trkpt>
      <trkpt lat="22.236866" lon="113.280002">
        <ele>0.6</ele>
        <time>2024-04-27T09:09:20Z</time>
      </trkpt>
      <trkpt lat="22.236891" lon="113.280053">
        <ele>0.6</ele>
        <time>2024-04-27T09:09:21Z</time>
      </trkpt>
      <trkpt lat="22.236913" lon="113.280095">
        <ele>0.7</ele>
        <time>2024-04-27T09:09:22Z</time>
      </trkpt>
      <trkpt lat="22.236937" lon="113.280144">
        <ele>0.7</ele>
        <time>2024-04-27T09:09:23Z</time>
      </trkpt>
      <trkpt lat="22.236963" lon="113.280197">
        <ele>0.7</ele>
        <time>2024-04-27T09:09:24Z</time>
      </trkpt>
      <trkpt lat="22.236988" lon="113.28025">
        <ele>0.7</ele>
        <time>2024-04-27T09:09:25Z</time>
      </trkpt>
      <trkpt lat="22.237015" lon="113.280307">
        <ele>0.8</ele>
        <time>2024-04-27T09:09:26Z</time>
      </trkpt>
      <trkpt lat="22.237041" lon="113.280365">
        <ele>0.8</ele>
        <time>2024-04-27T09:09:27Z</time>
      </trkpt>
      <trkpt lat="22.237066" lon="113.280419">
        <ele>0.8</ele>
        <time>2024-04-27T09:09:28Z</time>
      </trkpt>
      <trkpt lat="22.237093" lon="113.280475">
        <ele>0.9</ele>
        <time>2024-04-27T09:09:29Z</time>
      </trkpt>
      <trkpt lat="22.237123" lon="113.280539">
        <ele>0.9</ele>
        <time>2024-04-27T09:09:30Z</time>
      </trkpt>
      <trkpt lat="22.237155" lon="113.280604">
        <ele>0.9</ele>
        <time>2024-04-27T09:09:31Z</time>
      </trkpt>
      <trkpt lat="22.237185" lon="113.280666">
        <ele>1</ele>
        <time>2024-04-27T09:09:32Z</time>
      </trkpt>
      <trkpt lat="22.237216" lon="113.28073">
        <ele>1</ele>
        <time>2024-04-27T09:09:33Z</time>
      </trkpt>
      <trkpt lat="22.237245" lon="113.280795">
        <ele>1.1</ele>
        <time>2024-04-27T09:09:34Z</time>
      </trkpt>
      <trkpt lat="22.237277" lon="113.28086">
        <ele>1.1</ele>
        <time>2024-04-27T09:09:35Z</time>
      </trkpt>
      <trkpt lat="22.237308" lon="113.280929">
        <ele>1.1</ele>
        <time>2024-04-27T09:09:36Z</time>
      </trkpt>
      <trkpt lat="22.237336" lon="113.281">
        <ele>1.2</ele>
        <time>2024-04-27T09:09:37Z</time>
      </trkpt>
      <trkpt lat="22.237365" lon="113.281073">
        <ele>1.2</ele>
        <time>2024-04-27T09:09:38Z</time>
      </trkpt>
      <trkpt lat="22.237394" lon="113.281142">
        <ele>1.2</ele>
        <time>2024-04-27T09:09:39Z</time>
      </trkpt>
      <trkpt lat="22.237425" lon="113.281207">
        <ele>1.3</ele>
        <time>2024-04-27T09:09:40Z</time>
      </trkpt>
      <trkpt lat="22.237457" lon="113.281272">
        <ele>1.3</ele>
        <time>2024-04-27T09:09:41Z</time>
      </trkpt>
      <trkpt lat="22.237488" lon="113.281341">
        <ele>1.4</ele>
        <time>2024-04-27T09:09:42Z</time>
      </trkpt>
      <trkpt lat="22.237519" lon="113.281409">
        <ele>1.4</ele>
        <time>2024-04-27T09:09:43Z</time>
      </trkpt>
      <trkpt lat="22.237551" lon="113.281478">
        <ele>1.4</ele>
        <time>2024-04-27T09:09:44Z</time>
      </trkpt>
      <trkpt lat="22.237583" lon="113.281546">
        <ele>1.5</ele>
        <time>2024-04-27T09:09:45Z</time>
      </trkpt>
      <trkpt lat="22.237616" lon="113.281615">
        <ele>1.5</ele>
        <time>2024-04-27T09:09:46Z</time>
      </trkpt>
      <trkpt lat="22.237648" lon="113.281684">
        <ele>1.5</ele>
        <time>2024-04-27T09:09:47Z</time>
      </trkpt>
      <trkpt lat="22.237679" lon="113.281752">
        <ele>1.6</ele>
        <time>2024-04-27T09:09:48Z</time>
      </trkpt>
      <trkpt lat="22.237712" lon="113.281821">
        <ele>1.6</ele>
        <time>2024-04-27T09:09:49Z</time>
      </trkpt>
      <trkpt lat="22.237746" lon="113.281889">
        <ele>1.6</ele>
        <time>2024-04-27T09:09:50Z</time>
      </trkpt>
      <trkpt lat="22.237776" lon="113.281958">
        <ele>1.6</ele>
        <time>2024-04-27T09:09:51Z</time>
      </trkpt>
      <trkpt lat="22.237807" lon="113.282027">
        <ele>1.6</ele>
        <time>2024-04-27T09:09:52Z</time>
      </trkpt>
      <trkpt lat="22.23784" lon="113.282096">
        <ele>1.6</ele>
        <time>2024-04-27T09:09:53Z</time>
      </trkpt>
      <trkpt lat="22.237874" lon="113.282165">
        <ele>1.6</ele>
        <time>2024-04-27T09:09:54Z</time>
      </trkpt>
      <trkpt lat="22.237908" lon="113.282236">
        <ele>1.6</ele>
        <time>2024-04-27T09:09:55Z</time>
      </trkpt>
      <trkpt lat="22.237941" lon="113.282309">
        <ele>1.6</ele>
        <time>2024-04-27T09:09:56Z</time>
      </trkpt>
      <trkpt lat="22.237975" lon="113.282378">
        <ele>1.6</ele>
        <time>2024-04-27T09:09:57Z</time>
      </trkpt>
      <trkpt lat="22.238008" lon="113.282449">
        <ele>1.6</ele>
        <time>2024-04-27T09:09:58Z</time>
      </trkpt>
      <trkpt lat="22.238042" lon="113.282523">
        <ele>1.6</ele>
        <time>2024-04-27T09:09:59Z</time>
      </trkpt>
      <trkpt lat="22.238077" lon="113.282594">
        <ele>1.6</ele>
        <time>2024-04-27T09:10:00Z</time>
      </trkpt>
      <trkpt lat="22.238113" lon="113.282671">
        <ele>1.6</ele>
        <time>2024-04-27T09:10:01Z</time>
      </trkpt>
      <trkpt lat="22.238149" lon="113.282744">
        <ele>1.6</ele>
        <time>2024-04-27T09:10:02Z</time>
      </trkpt>
      <trkpt lat="22.238186" lon="113.282813">
        <ele>1.6</ele>
        <time>2024-04-27T09:10:03Z</time>
      </trkpt>
      <trkpt lat="22.238222" lon="113.282885">
        <ele>1.6</ele>
        <time>2024-04-27T09:10:04Z</time>
      </trkpt>
      <trkpt lat="22.238256" lon="113.282961">
        <ele>1.6</ele>
        <time>2024-04-27T09:10:05Z</time>
      </trkpt>
      <trkpt lat="22.238289" lon="113.283031">
        <ele>1.6</ele>
        <time>2024-04-27T09:10:06Z</time>
      </trkpt>
      <trkpt lat="22.238321" lon="113.283098">
        <ele>1.6</ele>
        <time>2024-04-27T09:10:07Z</time>
      </trkpt>
      <trkpt lat="22.238355" lon="113.283172">
        <ele>1.6</ele>
        <time>2024-04-27T09:10:08Z</time>
      </trkpt>
      <trkpt lat="22.238388" lon="113.28324">
        <ele>1.6</ele>
        <time>2024-04-27T09:10:09Z</time>
      </trkpt>
      <trkpt lat="22.238418" lon="113.283315">
        <ele>1.6</ele>
        <time>2024-04-27T09:10:10Z</time>
      </trkpt>
      <trkpt lat="22.238446" lon="113.283393">
        <ele>1.6</ele>
        <time>2024-04-27T09:10:11Z</time>
      </trkpt>
      <trkpt lat="22.238471" lon="113.283465">
        <ele>1.6</ele>
        <time>2024-04-27T09:10:12Z</time>
      </trkpt>
      <trkpt lat="22.238499" lon="113.283541">
        <ele>1.6</ele>
        <time>2024-04-27T09:10:13Z</time>
      </trkpt>
      <trkpt lat="22.238531" lon="113.283613">
        <ele>1.5</ele>
        <time>2024-04-27T09:10:14Z</time>
      </trkpt>
      <trkpt lat="22.238559" lon="113.283682">
        <ele>1.5</ele>
        <time>2024-04-27T09:10:15Z</time>
      </trkpt>
      <trkpt lat="22.238586" lon="113.283748">
        <ele>1.5</ele>
        <time>2024-04-27T09:10:16Z</time>
      </trkpt>
      <trkpt lat="22.238612" lon="113.283809">
        <ele>1.5</ele>
        <time>2024-04-27T09:10:17Z</time>
      </trkpt>
      <trkpt lat="22.238637" lon="113.28387">
        <ele>1.5</ele>
        <time>2024-04-27T09:10:18Z</time>
      </trkpt>
      <trkpt lat="22.238662" lon="113.283931">
        <ele>1.5</ele>
        <time>2024-04-27T09:10:19Z</time>
      </trkpt>
      <trkpt lat="22.238687" lon="113.283995">
        <ele>1.5</ele>
        <time>2024-04-27T09:10:20Z</time>
      </trkpt>
      <trkpt lat="22.238713" lon="113.284061">
        <ele>1.4</ele>
        <time>2024-04-27T09:10:21Z</time>
      </trkpt>
      <trkpt lat="22.238739" lon="113.284122">
        <ele>1.4</ele>
        <time>2024-04-27T09:10:22Z</time>
      </trkpt>
      <trkpt lat="22.238767" lon="113.284183">
        <ele>1.4</ele>
        <time>2024-04-27T09:10:23Z</time>
      </trkpt>
      <trkpt lat="22.238796" lon="113.284241">
        <ele>1.4</ele>
        <time>2024-04-27T09:10:24Z</time>
      </trkpt>
      <trkpt lat="22.238827" lon="113.284291">
        <ele>1.4</ele>
        <time>2024-04-27T09:10:25Z</time>
      </trkpt>
      <trkpt lat="22.238855" lon="113.28434">
        <ele>1.4</ele>
        <time>2024-04-27T09:10:26Z</time>
      </trkpt>
      <trkpt lat="22.23888" lon="113.28439">
        <ele>1.3</ele>
        <time>2024-04-27T09:10:27Z</time>
      </trkpt>
      <trkpt lat="22.238907" lon="113.284439">
        <ele>1.3</ele>
        <time>2024-04-27T09:10:28Z</time>
      </trkpt>
      <trkpt lat="22.238933" lon="113.284492">
        <ele>1.3</ele>
        <time>2024-04-27T09:10:29Z</time>
      </trkpt>
      <trkpt lat="22.23896" lon="113.284549">
        <ele>1.3</ele>
        <time>2024-04-27T09:10:30Z</time>
      </trkpt>
      <trkpt lat="22.238987" lon="113.284607">
        <ele>1.3</ele>
        <time>2024-04-27T09:10:31Z</time>
      </trkpt>
      <trkpt lat="22.23901" lon="113.284664">
        <ele>1.3</ele>
        <time>2024-04-27T09:10:32Z</time>
      </trkpt>
      <trkpt lat="22.23903" lon="113.284721">
        <ele>1.3</ele>
        <time>2024-04-27T09:10:33Z</time>
      </trkpt>
      <trkpt lat="22.23905" lon="113.284778">
        <ele>1.2</ele>
        <time>2024-04-27T09:10:34Z</time>
      </trkpt>
      <trkpt lat="22.23907" lon="113.284836">
        <ele>1.2</ele>
        <time>2024-04-27T09:10:35Z</time>
      </trkpt>
      <trkpt lat="22.239092" lon="113.284892">
        <ele>1.2</ele>
        <time>2024-04-27T09:10:36Z</time>
      </trkpt>
      <trkpt lat="22.239115" lon="113.284953">
        <ele>1.2</ele>
        <time>2024-04-27T09:10:37Z</time>
      </trkpt>
      <trkpt lat="22.23914" lon="113.285015">
        <ele>1.2</ele>
        <time>2024-04-27T09:10:38Z</time>
      </trkpt>
      <trkpt lat="22.239168" lon="113.285076">
        <ele>1.2</ele>
        <time>2024-04-27T09:10:39Z</time>
      </trkpt>
      <trkpt lat="22.239198" lon="113.285137">
        <ele>1.2</ele>
        <time>2024-04-27T09:10:40Z</time>
      </trkpt>
      <trkpt lat="22.239224" lon="113.285194">
        <ele>1.1</ele>
        <time>2024-04-27T09:10:41Z</time>
      </trkpt>
      <trkpt lat="22.239249" lon="113.28525">
        <ele>1.1</ele>
        <time>2024-04-27T09:10:42Z</time>
      </trkpt>
      <trkpt lat="22.239277" lon="113.285311">
        <ele>1.1</ele>
        <time>2024-04-27T09:10:43Z</time>
      </trkpt>
      <trkpt lat="22.239304" lon="113.28537">
        <ele>1.1</ele>
        <time>2024-04-27T09:10:44Z</time>
      </trkpt>
      <trkpt lat="22.239333" lon="113.28543">
        <ele>1</ele>
        <time>2024-04-27T09:10:45Z</time>
      </trkpt>
      <trkpt lat="22.239363" lon="113.285489">
        <ele>0.8</ele>
        <time>2024-04-27T09:10:46Z</time>
      </trkpt>
      <trkpt lat="22.239392" lon="113.28554">
        <ele>0.8</ele>
        <time>2024-04-27T09:10:47Z</time>
      </trkpt>
      <trkpt lat="22.239425" lon="113.285595">
        <ele>0.6</ele>
        <time>2024-04-27T09:10:48Z</time>
      </trkpt>
      <trkpt lat="22.239452" lon="113.285638">
        <ele>0.6</ele>
        <time>2024-04-27T09:10:49Z</time>
      </trkpt>
      <trkpt lat="22.239469" lon="113.28567">
        <ele>0.5</ele>
        <time>2024-04-27T09:10:50Z</time>
      </trkpt>
      <trkpt lat="22.239476" lon="113.285689">
        <ele>0.5</ele>
        <time>2024-04-27T09:10:51Z</time>
      </trkpt>
      <trkpt lat="22.239474" lon="113.285701">
        <ele>0.5</ele>
        <time>2024-04-27T09:10:52Z</time>
      </trkpt>
      <trkpt lat="22.239467" lon="113.285715">
        <ele>0.4</ele>
        <time>2024-04-27T09:10:53Z</time>
      </trkpt>
      <trkpt lat="22.239455" lon="113.285742">
        <ele>0.4</ele>
        <time>2024-04-27T09:10:54Z</time>
      </trkpt>
      <trkpt lat="22.239447" lon="113.285775">
        <ele>0.3</ele>
        <time>2024-04-27T09:10:55Z</time>
      </trkpt>
      <trkpt lat="22.239444" lon="113.285813">
        <ele>0.3</ele>
        <time>2024-04-27T09:10:56Z</time>
      </trkpt>
      <trkpt lat="22.239439" lon="113.285848">
        <ele>0.2</ele>
        <time>2024-04-27T09:10:57Z</time>
      </trkpt>
      <trkpt lat="22.239421" lon="113.285882">
        <ele>0.1</ele>
        <time>2024-04-27T09:10:58Z</time>
      </trkpt>
      <trkpt lat="22.239388" lon="113.285917">
        <ele>0.1</ele>
        <time>2024-04-27T09:10:59Z</time>
      </trkpt>
      <trkpt lat="22.239347" lon="113.285941">
        <ele>0</ele>
        <time>2024-04-27T09:11:00Z</time>
      </trkpt>
      <trkpt lat="22.239312" lon="113.285959">
        <ele>-0.1</ele>
        <time>2024-04-27T09:11:01Z</time>
      </trkpt>
      <trkpt lat="22.239294" lon="113.285985">
        <ele>-0.1</ele>
        <time>2024-04-27T09:11:02Z</time>
      </trkpt>
      <trkpt lat="22.239283" lon="113.286015">
        <ele>-0.2</ele>
        <time>2024-04-27T09:11:03Z</time>
      </trkpt>
      <trkpt lat="22.239272" lon="113.286042">
        <ele>-0.2</ele>
        <time>2024-04-27T09:11:04Z</time>
      </trkpt>
      <trkpt lat="22.239263" lon="113.286066">
        <ele>-0.3</ele>
        <time>2024-04-27T09:11:05Z</time>
      </trkpt>
      <trkpt lat="22.239254" lon="113.286092">
        <ele>-0.3</ele>
        <time>2024-04-27T09:11:06Z</time>
      </trkpt>
      <trkpt lat="22.239241" lon="113.286116">
        <ele>-0.4</ele>
        <time>2024-04-27T09:11:07Z</time>
      </trkpt>
      <trkpt lat="22.23923" lon="113.286125">
        <ele>-0.4</ele>
        <time>2024-04-27T09:11:08Z</time>
      </trkpt>
      <trkpt lat="22.239215" lon="113.286125">
        <ele>-0.4</ele>
        <time>2024-04-27T09:11:09Z</time>
      </trkpt>
      <trkpt lat="22.239198" lon="113.286119">
        <ele>-0.4</ele>
        <time>2024-04-27T09:11:10Z</time>
      </trkpt>
      <trkpt lat="22.239186" lon="113.286101">
        <ele>-0.5</ele>
        <time>2024-04-27T09:11:11Z</time>
      </trkpt>
      <trkpt lat="22.239174" lon="113.286075">
        <ele>-0.5</ele>
        <time>2024-04-27T09:11:12Z</time>
      </trkpt>
      <trkpt lat="22.239153" lon="113.286042">
        <ele>-0.6</ele>
        <time>2024-04-27T09:11:13Z</time>
      </trkpt>
      <trkpt lat="22.239129" lon="113.286004">
        <ele>-0.7</ele>
        <time>2024-04-27T09:11:14Z</time>
      </trkpt>
      <trkpt lat="22.239103" lon="113.285965">
        <ele>-0.7</ele>
        <time>2024-04-27T09:11:15Z</time>
      </trkpt>
      <trkpt lat="22.239076" lon="113.285927">
        <ele>-0.8</ele>
        <time>2024-04-27T09:11:16Z</time>
      </trkpt>
      <trkpt lat="22.239051" lon="113.285889">
        <ele>-0.9</ele>
        <time>2024-04-27T09:11:17Z</time>
      </trkpt>
      <trkpt lat="22.23903" lon="113.285848">
        <ele>-1</ele>
        <time>2024-04-27T09:11:18Z</time>
      </trkpt>
      <trkpt lat="22.239009" lon="113.285808">
        <ele>-1</ele>
        <time>2024-04-27T09:11:19Z</time>
      </trkpt>
      <trkpt lat="22.238992" lon="113.285774">
        <ele>-1.1</ele>
        <time>2024-04-27T09:11:20Z</time>
      </trkpt>
      <trkpt lat="22.238976" lon="113.285733">
        <ele>-1.2</ele>
        <time>2024-04-27T09:11:21Z</time>
      </trkpt>
      <trkpt lat="22.238959" lon="113.285688">
        <ele>-1.2</ele>
        <time>2024-04-27T09:11:22Z</time>
      </trkpt>
      <trkpt lat="22.23894" lon="113.285642">
        <ele>-1.3</ele>
        <time>2024-04-27T09:11:23Z</time>
      </trkpt>
      <trkpt lat="22.23892" lon="113.285593">
        <ele>-1.4</ele>
        <time>2024-04-27T09:11:24Z</time>
      </trkpt>
      <trkpt lat="22.238899" lon="113.285543">
        <ele>-1.5</ele>
        <time>2024-04-27T09:11:25Z</time>
      </trkpt>
      <trkpt lat="22.238875" lon="113.285497">
        <ele>-1.6</ele>
        <time>2024-04-27T09:11:26Z</time>
      </trkpt>
      <trkpt lat="22.23885" lon="113.285448">
        <ele>-1.7</ele>
        <time>2024-04-27T09:11:27Z</time>
      </trkpt>
      <trkpt lat="22.238824" lon="113.285395">
        <ele>-1.7</ele>
        <time>2024-04-27T09:11:28Z</time>
      </trkpt>
      <trkpt lat="22.238801" lon="113.285348">
        <ele>-1.8</ele>
        <time>2024-04-27T09:11:29Z</time>
      </trkpt>
      <trkpt lat="22.238778" lon="113.285306">
        <ele>-1.9</ele>
        <time>2024-04-27T09:11:30Z</time>
      </trkpt>
      <trkpt lat="22.238756" lon="113.28526">
        <ele>-2</ele>
        <time>2024-04-27T09:11:31Z</time>
      </trkpt>
      <trkpt lat="22.238736" lon="113.285215">
        <ele>-1.9</ele>
        <time>2024-04-27T09:11:32Z</time>
      </trkpt>
      <trkpt lat="22.238714" lon="113.285169">
        <ele>-1.8</ele>
        <time>2024-04-27T09:11:33Z</time>
      </trkpt>
      <trkpt lat="22.238691" lon="113.285123">
        <ele>-1.8</ele>
        <time>2024-04-27T09:11:34Z</time>
      </trkpt>
      <trkpt lat="22.238668" lon="113.285081">
        <ele>-1.7</ele>
        <time>2024-04-27T09:11:35Z</time>
      </trkpt>
      <trkpt lat="22.238648" lon="113.285042">
        <ele>-1.6</ele>
        <time>2024-04-27T09:11:36Z</time>
      </trkpt>
      <trkpt lat="22.23863" lon="113.285004">
        <ele>-1.6</ele>
        <time>2024-04-27T09:11:37Z</time>
      </trkpt>
      <trkpt lat="22.238607" lon="113.284963">
        <ele>-1.5</ele>
        <time>2024-04-27T09:11:38Z</time>
      </trkpt>
      <trkpt lat="22.238583" lon="113.284918">
        <ele>-1.4</ele>
        <time>2024-04-27T09:11:39Z</time>
      </trkpt>
      <trkpt lat="22.238557" lon="113.284868">
        <ele>-1.3</ele>
        <time>2024-04-27T09:11:40Z</time>
      </trkpt>
      <trkpt lat="22.23853" lon="113.284815">
        <ele>-1.3</ele>
        <time>2024-04-27T09:11:41Z</time>
      </trkpt>
      <trkpt lat="22.238505" lon="113.284765">
        <ele>-1.2</ele>
        <time>2024-04-27T09:11:42Z</time>
      </trkpt>
      <trkpt lat="22.238484" lon="113.284719">
        <ele>-1.1</ele>
        <time>2024-04-27T09:11:43Z</time>
      </trkpt>
      <trkpt lat="22.238463" lon="113.284673">
        <ele>-1</ele>
        <time>2024-04-27T09:11:44Z</time>
      </trkpt>
      <trkpt lat="22.238442" lon="113.284627">
        <ele>-1</ele>
        <time>2024-04-27T09:11:45Z</time>
      </trkpt>
      <trkpt lat="22.238421" lon="113.284581">
        <ele>-0.9</ele>
        <time>2024-04-27T09:11:46Z</time>
      </trkpt>
      <trkpt lat="22.238404" lon="113.284542">
        <ele>-0.8</ele>
        <time>2024-04-27T09:11:47Z</time>
      </trkpt>
      <trkpt lat="22.238386" lon="113.284508">
        <ele>-0.8</ele>
        <time>2024-04-27T09:11:48Z</time>
      </trkpt>
      <trkpt lat="22.23836" lon="113.284465">
        <ele>-0.7</ele>
        <time>2024-04-27T09:11:49Z</time>
      </trkpt>
      <trkpt lat="22.238333" lon="113.284417">
        <ele>-0.6</ele>
        <time>2024-04-27T09:11:50Z</time>
      </trkpt>
      <trkpt lat="22.238313" lon="113.284378">
        <ele>-0.6</ele>
        <time>2024-04-27T09:11:51Z</time>
      </trkpt>
      <trkpt lat="22.238299" lon="113.284338">
        <ele>-0.5</ele>
        <time>2024-04-27T09:11:52Z</time>
      </trkpt>
      <trkpt lat="22.238289" lon="113.284295">
        <ele>-0.4</ele>
        <time>2024-04-27T09:11:53Z</time>
      </trkpt>
      <trkpt lat="22.23828" lon="113.284262">
        <ele>-0.4</ele>
        <time>2024-04-27T09:11:54Z</time>
      </trkpt>
      <trkpt lat="22.238266" lon="113.284237">
        <ele>-0.3</ele>
        <time>2024-04-27T09:11:55Z</time>
      </trkpt>
      <trkpt lat="22.238248" lon="113.284206">
        <ele>-0.3</ele>
        <time>2024-04-27T09:11:56Z</time>
      </trkpt>
      <trkpt lat="22.238228" lon="113.284171">
        <ele>-0.2</ele>
        <time>2024-04-27T09:11:57Z</time>
      </trkpt>
      <trkpt lat="22.238204" lon="113.284129">
        <ele>-0.2</ele>
        <time>2024-04-27T09:11:58Z</time>
      </trkpt>
      <trkpt lat="22.23818" lon="113.284089">
        <ele>-0.1</ele>
        <time>2024-04-27T09:11:59Z</time>
      </trkpt>
      <trkpt lat="22.238155" lon="113.284048">
        <ele>0</ele>
        <time>2024-04-27T09:12:00Z</time>
      </trkpt>
      <trkpt lat="22.238133" lon="113.284005">
        <ele>0</ele>
        <time>2024-04-27T09:12:01Z</time>
      </trkpt>
      <trkpt lat="22.238115" lon="113.283964">
        <ele>0.1</ele>
        <time>2024-04-27T09:12:02Z</time>
      </trkpt>
      <trkpt lat="22.2381" lon="113.283924">
        <ele>0.2</ele>
        <time>2024-04-27T09:12:03Z</time>
      </trkpt>
      <trkpt lat="22.238087" lon="113.283893">
        <ele>0.2</ele>
        <time>2024-04-27T09:12:04Z</time>
      </trkpt>
      <trkpt lat="22.238073" lon="113.283865">
        <ele>0.3</ele>
        <time>2024-04-27T09:12:05Z</time>
      </trkpt>
      <trkpt lat="22.238057" lon="113.283834">
        <ele>0.3</ele>
        <time>2024-04-27T09:12:06Z</time>
      </trkpt>
      <trkpt lat="22.238038" lon="113.283785">
        <ele>0.4</ele>
        <time>2024-04-27T09:12:07Z</time>
      </trkpt>
      <trkpt lat="22.238015" lon="113.283726">
        <ele>0.5</ele>
        <time>2024-04-27T09:12:08Z</time>
      </trkpt>
      <trkpt lat="22.237993" lon="113.283666">
        <ele>0.6</ele>
        <time>2024-04-27T09:12:09Z</time>
      </trkpt>
      <trkpt lat="22.237977" lon="113.283617">
        <ele>0.6</ele>
        <time>2024-04-27T09:12:10Z</time>
      </trkpt>
      <trkpt lat="22.237962" lon="113.28357">
        <ele>0.7</ele>
        <time>2024-04-27T09:12:11Z</time>
      </trkpt>
      <trkpt lat="22.237947" lon="113.283531">
        <ele>0.7</ele>
        <time>2024-04-27T09:12:12Z</time>
      </trkpt>
      <trkpt lat="22.237935" lon="113.283493">
        <ele>0.8</ele>
        <time>2024-04-27T09:12:13Z</time>
      </trkpt>
      <trkpt lat="22.237916" lon="113.28345">
        <ele>0.8</ele>
        <time>2024-04-27T09:12:14Z</time>
      </trkpt>
      <trkpt lat="22.237893" lon="113.283402">
        <ele>0.8</ele>
        <time>2024-04-27T09:12:15Z</time>
      </trkpt>
      <trkpt lat="22.237876" lon="113.283363">
        <ele>0.8</ele>
        <time>2024-04-27T09:12:16Z</time>
      </trkpt>
      <trkpt lat="22.237861" lon="113.283331">
        <ele>0.8</ele>
        <time>2024-04-27T09:12:17Z</time>
      </trkpt>
      <trkpt lat="22.237846" lon="113.283302">
        <ele>0.8</ele>
        <time>2024-04-27T09:12:18Z</time>
      </trkpt>
      <trkpt lat="22.237828" lon="113.283264">
        <ele>0.8</ele>
        <time>2024-04-27T09:12:19Z</time>
      </trkpt>
      <trkpt lat="22.237807" lon="113.283229">
        <ele>0.8</ele>
        <time>2024-04-27T09:12:20Z</time>
      </trkpt>
      <trkpt lat="22.237786" lon="113.283198">
        <ele>0.8</ele>
        <time>2024-04-27T09:12:21Z</time>
      </trkpt>
      <trkpt lat="22.237763" lon="113.283168">
        <ele>0.8</ele>
        <time>2024-04-27T09:12:22Z</time>
      </trkpt>
      <trkpt lat="22.237744" lon="113.283134">
        <ele>0.8</ele>
        <time>2024-04-27T09:12:23Z</time>
      </trkpt>
      <trkpt lat="22.237729" lon="113.283095">
        <ele>0.8</ele>
        <time>2024-04-27T09:12:24Z</time>
      </trkpt>
      <trkpt lat="22.237714" lon="113.283057">
        <ele>0.9</ele>
        <time>2024-04-27T09:12:25Z</time>
      </trkpt>
      <trkpt lat="22.2377" lon="113.283023">
        <ele>0.9</ele>
        <time>2024-04-27T09:12:26Z</time>
      </trkpt>
      <trkpt lat="22.237688" lon="113.282983">
        <ele>0.9</ele>
        <time>2024-04-27T09:12:27Z</time>
      </trkpt>
      <trkpt lat="22.237674" lon="113.282935">
        <ele>0.9</ele>
        <time>2024-04-27T09:12:28Z</time>
      </trkpt>
      <trkpt lat="22.237657" lon="113.282897">
        <ele>0.9</ele>
        <time>2024-04-27T09:12:29Z</time>
      </trkpt>
      <trkpt lat="22.237641" lon="113.282859">
        <ele>0.9</ele>
        <time>2024-04-27T09:12:30Z</time>
      </trkpt>
      <trkpt lat="22.237624" lon="113.282821">
        <ele>0.9</ele>
        <time>2024-04-27T09:12:31Z</time>
      </trkpt>
      <trkpt lat="22.237607" lon="113.282782">
        <ele>0.9</ele>
        <time>2024-04-27T09:12:32Z</time>
      </trkpt>
      <trkpt lat="22.237592" lon="113.282741">
        <ele>0.9</ele>
        <time>2024-04-27T09:12:33Z</time>
      </trkpt>
      <trkpt lat="22.237581" lon="113.282702">
        <ele>0.9</ele>
        <time>2024-04-27T09:12:34Z</time>
      </trkpt>
      <trkpt lat="22.237568" lon="113.282668">
        <ele>0.9</ele>
        <time>2024-04-27T09:12:35Z</time>
      </trkpt>
      <trkpt lat="22.237551" lon="113.282633">
        <ele>0.9</ele>
        <time>2024-04-27T09:12:36Z</time>
      </trkpt>
      <trkpt lat="22.237533" lon="113.282603">
        <ele>1</ele>
        <time>2024-04-27T09:12:37Z</time>
      </trkpt>
      <trkpt lat="22.237514" lon="113.282569">
        <ele>1</ele>
        <time>2024-04-27T09:12:38Z</time>
      </trkpt>
      <trkpt lat="22.237498" lon="113.282531">
        <ele>1</ele>
        <time>2024-04-27T09:12:39Z</time>
      </trkpt>
      <trkpt lat="22.237483" lon="113.282497">
        <ele>1</ele>
        <time>2024-04-27T09:12:40Z</time>
      </trkpt>
      <trkpt lat="22.237465" lon="113.282466">
        <ele>1</ele>
        <time>2024-04-27T09:12:41Z</time>
      </trkpt>
      <trkpt lat="22.237449" lon="113.282435">
        <ele>1</ele>
        <time>2024-04-27T09:12:42Z</time>
      </trkpt>
      <trkpt lat="22.237436" lon="113.282405">
        <ele>1</ele>
        <time>2024-04-27T09:12:43Z</time>
      </trkpt>
      <trkpt lat="22.237424" lon="113.282374">
        <ele>1</ele>
        <time>2024-04-27T09:12:44Z</time>
      </trkpt>
      <trkpt lat="22.23741" lon="113.282343">
        <ele>1</ele>
        <time>2024-04-27T09:12:45Z</time>
      </trkpt>
      <trkpt lat="22.237392" lon="113.282313">
        <ele>1</ele>
        <time>2024-04-27T09:12:46Z</time>
      </trkpt>
      <trkpt lat="22.237372" lon="113.282282">
        <ele>1</ele>
        <time>2024-04-27T09:12:47Z</time>
      </trkpt>
      <trkpt lat="22.237353" lon="113.282252">
        <ele>1</ele>
        <time>2024-04-27T09:12:48Z</time>
      </trkpt>
      <trkpt lat="22.237338" lon="113.282218">
        <ele>1</ele>
        <time>2024-04-27T09:12:49Z</time>
      </trkpt>
      <trkpt lat="22.237322" lon="113.282178">
        <ele>1</ele>
        <time>2024-04-27T09:12:50Z</time>
      </trkpt>
      <trkpt lat="22.2373" lon="113.282135">
        <ele>1.1</ele>
        <time>2024-04-27T09:12:51Z</time>
      </trkpt>
      <trkpt lat="22.237278" lon="113.282094">
        <ele>1.1</ele>
        <time>2024-04-27T09:12:52Z</time>
      </trkpt>
      <trkpt lat="22.237257" lon="113.282047">
        <ele>1.1</ele>
        <time>2024-04-27T09:12:53Z</time>
      </trkpt>
      <trkpt lat="22.23724" lon="113.282004">
        <ele>1.1</ele>
        <time>2024-04-27T09:12:54Z</time>
      </trkpt>
      <trkpt lat="22.237225" lon="113.281966">
        <ele>1.1</ele>
        <time>2024-04-27T09:12:55Z</time>
      </trkpt>
      <trkpt lat="22.237215" lon="113.281931">
        <ele>1.1</ele>
        <time>2024-04-27T09:12:56Z</time>
      </trkpt>
      <trkpt lat="22.237201" lon="113.281901">
        <ele>1.1</ele>
        <time>2024-04-27T09:12:57Z</time>
      </trkpt>
      <trkpt lat="22.237183" lon="113.281868">
        <ele>1.1</ele>
        <time>2024-04-27T09:12:58Z</time>
      </trkpt>
      <trkpt lat="22.237164" lon="113.281826">
        <ele>1.1</ele>
        <time>2024-04-27T09:12:59Z</time>
      </trkpt>
      <trkpt lat="22.237144" lon="113.281783">
        <ele>1.1</ele>
        <time>2024-04-27T09:13:00Z</time>
      </trkpt>
      <trkpt lat="22.237127" lon="113.281745">
        <ele>1.1</ele>
        <time>2024-04-27T09:13:01Z</time>
      </trkpt>
      <trkpt lat="22.237112" lon="113.281707">
        <ele>1.1</ele>
        <time>2024-04-27T09:13:02Z</time>
      </trkpt>
      <trkpt lat="22.237096" lon="113.281675">
        <ele>1.1</ele>
        <time>2024-04-27T09:13:03Z</time>
      </trkpt>
      <trkpt lat="22.237079" lon="113.281649">
        <ele>1.1</ele>
        <time>2024-04-27T09:13:04Z</time>
      </trkpt>
      <trkpt lat="22.237058" lon="113.281619">
        <ele>1.1</ele>
        <time>2024-04-27T09:13:05Z</time>
      </trkpt>
      <trkpt lat="22.237038" lon="113.281588">
        <ele>1.2</ele>
        <time>2024-04-27T09:13:06Z</time>
      </trkpt>
      <trkpt lat="22.237022" lon="113.281558">
        <ele>1.2</ele>
        <time>2024-04-27T09:13:07Z</time>
      </trkpt>
      <trkpt lat="22.237009" lon="113.281527">
        <ele>1.2</ele>
        <time>2024-04-27T09:13:08Z</time>
      </trkpt>
      <trkpt lat="22.237006" lon="113.2815">
        <ele>1.2</ele>
        <time>2024-04-27T09:13:09Z</time>
      </trkpt>
      <trkpt lat="22.237011" lon="113.28148">
        <ele>1.2</ele>
        <time>2024-04-27T09:13:10Z</time>
      </trkpt>
      <trkpt lat="22.237012" lon="113.281471">
        <ele>1.2</ele>
        <time>2024-04-27T09:13:11Z</time>
      </trkpt>
      <trkpt lat="22.237007" lon="113.281477">
        <ele>1.2</ele>
        <time>2024-04-27T09:13:12Z</time>
      </trkpt>
      <trkpt lat="22.236996" lon="113.28149">
        <ele>1.2</ele>
        <time>2024-04-27T09:13:13Z</time>
      </trkpt>
      <trkpt lat="22.236986" lon="113.281494">
        <ele>1.2</ele>
        <time>2024-04-27T09:13:14Z</time>
      </trkpt>
      <trkpt lat="22.236982" lon="113.281497">
        <ele>1.2</ele>
        <time>2024-04-27T09:13:15Z</time>
      </trkpt>
      <trkpt lat="22.236979" lon="113.281502">
        <ele>1.2</ele>
        <time>2024-04-27T09:13:16Z</time>
      </trkpt>
      <trkpt lat="22.236916" lon="113.281404">
        <ele>1.2</ele>
        <time>2024-04-27T09:13:44Z</time>
      </trkpt>
      <trkpt lat="22.236898" lon="113.281385">
        <ele>1.2</ele>
        <time>2024-04-27T09:13:45Z</time>
      </trkpt>
      <trkpt lat="22.236885" lon="113.281359">
        <ele>1.2</ele>
        <time>2024-04-27T09:13:46Z</time>
      </trkpt>
      <trkpt lat="22.236872" lon="113.281332">
        <ele>1.2</ele>
        <time>2024-04-27T09:13:47Z</time>
      </trkpt>
      <trkpt lat="22.236856" lon="113.281306">
        <ele>1.2</ele>
        <time>2024-04-27T09:13:48Z</time>
      </trkpt>
      <trkpt lat="22.236836" lon="113.281275">
        <ele>1.2</ele>
        <time>2024-04-27T09:13:49Z</time>
      </trkpt>
      <trkpt lat="22.236817" lon="113.281245">
        <ele>1.2</ele>
        <time>2024-04-27T09:13:50Z</time>
      </trkpt>
      <trkpt lat="22.236799" lon="113.281214">
        <ele>1.2</ele>
        <time>2024-04-27T09:13:51Z</time>
      </trkpt>
      <trkpt lat="22.236785" lon="113.281183">
        <ele>1.2</ele>
        <time>2024-04-27T09:13:52Z</time>
      </trkpt>
      <trkpt lat="22.236775" lon="113.281156">
        <ele>1.2</ele>
        <time>2024-04-27T09:13:53Z</time>
      </trkpt>
      <trkpt lat="22.236767" lon="113.281137">
        <ele>1.2</ele>
        <time>2024-04-27T09:13:54Z</time>
      </trkpt>
      <trkpt lat="22.236762" lon="113.281128">
        <ele>1.2</ele>
        <time>2024-04-27T09:13:55Z</time>
      </trkpt>
      <trkpt lat="22.236752" lon="113.281121">
        <ele>1.2</ele>
        <time>2024-04-27T09:13:56Z</time>
      </trkpt>
      <trkpt lat="22.236739" lon="113.281103">
        <ele>1.2</ele>
        <time>2024-04-27T09:13:57Z</time>
      </trkpt>
      <trkpt lat="22.236727" lon="113.281077">
        <ele>1.2</ele>
        <time>2024-04-27T09:13:58Z</time>
      </trkpt>
      <trkpt lat="22.236712" lon="113.281049">
        <ele>1.2</ele>
        <time>2024-04-27T09:13:59Z</time>
      </trkpt>
      <trkpt lat="22.236694" lon="113.281023">
        <ele>1.2</ele>
        <time>2024-04-27T09:14:00Z</time>
      </trkpt>
      <trkpt lat="22.236675" lon="113.280993">
        <ele>1.2</ele>
        <time>2024-04-27T09:14:01Z</time>
      </trkpt>
      <trkpt lat="22.236661" lon="113.280953">
        <ele>1.2</ele>
        <time>2024-04-27T09:14:02Z</time>
      </trkpt>
      <trkpt lat="22.236656" lon="113.280919">
        <ele>1.2</ele>
        <time>2024-04-27T09:14:03Z</time>
      </trkpt>
      <trkpt lat="22.236649" lon="113.280914">
        <ele>1.2</ele>
        <time>2024-04-27T09:14:04Z</time>
      </trkpt>
      <trkpt lat="22.23664" lon="113.280911">
        <ele>1.2</ele>
        <time>2024-04-27T09:14:05Z</time>
      </trkpt>
      <trkpt lat="22.236635" lon="113.28092">
        <ele>1.2</ele>
        <time>2024-04-27T09:14:06Z</time>
      </trkpt>
      <trkpt lat="22.236627" lon="113.280944">
        <ele>1.2</ele>
        <time>2024-04-27T09:14:07Z</time>
      </trkpt>
      <trkpt lat="22.236608" lon="113.280952">
        <ele>1.2</ele>
        <time>2024-04-27T09:14:08Z</time>
      </trkpt>
      <trkpt lat="22.236586" lon="113.280959">
        <ele>1.2</ele>
        <time>2024-04-27T09:14:09Z</time>
      </trkpt>
      <trkpt lat="22.236546" lon="113.28098">
        <ele>1.2</ele>
        <time>2024-04-27T09:14:10Z</time>
      </trkpt>
      <trkpt lat="22.236499" lon="113.28101">
        <ele>1.2</ele>
        <time>2024-04-27T09:14:11Z</time>
      </trkpt>
      <trkpt lat="22.236454" lon="113.28104">
        <ele>1.2</ele>
        <time>2024-04-27T09:14:12Z</time>
      </trkpt>
      <trkpt lat="22.236415" lon="113.28107">
        <ele>1.2</ele>
        <time>2024-04-27T09:14:13Z</time>
      </trkpt>
      <trkpt lat="22.236375" lon="113.281101">
        <ele>1.2</ele>
        <time>2024-04-27T09:14:14Z</time>
      </trkpt>
      <trkpt lat="22.236332" lon="113.281132">
        <ele>1.3</ele>
        <time>2024-04-27T09:14:15Z</time>
      </trkpt>
      <trkpt lat="22.236291" lon="113.281162">
        <ele>1.3</ele>
        <time>2024-04-27T09:14:16Z</time>
      </trkpt>
      <trkpt lat="22.23625" lon="113.28119">
        <ele>1.3</ele>
        <time>2024-04-27T09:14:17Z</time>
      </trkpt>
      <trkpt lat="22.236208" lon="113.281215">
        <ele>1.3</ele>
        <time>2024-04-27T09:14:18Z</time>
      </trkpt>
      <trkpt lat="22.236166" lon="113.281243">
        <ele>1.3</ele>
        <time>2024-04-27T09:14:19Z</time>
      </trkpt>
      <trkpt lat="22.236123" lon="113.281269">
        <ele>1.3</ele>
        <time>2024-04-27T09:14:20Z</time>
      </trkpt>
      <trkpt lat="22.236078" lon="113.2813">
        <ele>1.3</ele>
        <time>2024-04-27T09:14:21Z</time>
      </trkpt>
      <trkpt lat="22.236033" lon="113.281332">
        <ele>1.3</ele>
        <time>2024-04-27T09:14:22Z</time>
      </trkpt>
      <trkpt lat="22.235991" lon="113.281359">
        <ele>1.3</ele>
        <time>2024-04-27T09:14:23Z</time>
      </trkpt>
      <trkpt lat="22.235952" lon="113.281385">
        <ele>1.3</ele>
        <time>2024-04-27T09:14:24Z</time>
      </trkpt>
      <trkpt lat="22.235913" lon="113.281416">
        <ele>1.3</ele>
        <time>2024-04-27T09:14:25Z</time>
      </trkpt>
      <trkpt lat="22.235867" lon="113.281449">
        <ele>1.3</ele>
        <time>2024-04-27T09:14:26Z</time>
      </trkpt>
      <trkpt lat="22.235821" lon="113.281484">
        <ele>1.3</ele>
        <time>2024-04-27T09:14:27Z</time>
      </trkpt>
      <trkpt lat="22.235773" lon="113.281515">
        <ele>1.3</ele>
        <time>2024-04-27T09:14:28Z</time>
      </trkpt>
      <trkpt lat="22.235724" lon="113.281545">
        <ele>1.3</ele>
        <time>2024-04-27T09:14:29Z</time>
      </trkpt>
      <trkpt lat="22.235676" lon="113.281576">
        <ele>1.2</ele>
        <time>2024-04-27T09:14:30Z</time>
      </trkpt>
      <trkpt lat="22.235627" lon="113.281606">
        <ele>1.2</ele>
        <time>2024-04-27T09:14:31Z</time>
      </trkpt>
      <trkpt lat="22.235576" lon="113.28164">
        <ele>1.2</ele>
        <time>2024-04-27T09:14:32Z</time>
      </trkpt>
      <trkpt lat="22.235528" lon="113.281675">
        <ele>1.2</ele>
        <time>2024-04-27T09:14:33Z</time>
      </trkpt>
      <trkpt lat="22.235479" lon="113.281705">
        <ele>1.2</ele>
        <time>2024-04-27T09:14:34Z</time>
      </trkpt>
      <trkpt lat="22.235427" lon="113.281736">
        <ele>1.2</ele>
        <time>2024-04-27T09:14:35Z</time>
      </trkpt>
      <trkpt lat="22.235375" lon="113.281767">
        <ele>1.2</ele>
        <time>2024-04-27T09:14:36Z</time>
      </trkpt>
      <trkpt lat="22.235325" lon="113.2818">
        <ele>1.2</ele>
        <time>2024-04-27T09:14:37Z</time>
      </trkpt>
      <trkpt lat="22.235276" lon="113.281835">
        <ele>1.2</ele>
        <time>2024-04-27T09:14:38Z</time>
      </trkpt>
      <trkpt lat="22.235228" lon="113.281869">
        <ele>1.2</ele>
        <time>2024-04-27T09:14:39Z</time>
      </trkpt>
      <trkpt lat="22.235176" lon="113.281904">
        <ele>1.2</ele>
        <time>2024-04-27T09:14:40Z</time>
      </trkpt>
      <trkpt lat="22.235121" lon="113.281934">
        <ele>1.2</ele>
        <time>2024-04-27T09:14:41Z</time>
      </trkpt>
      <trkpt lat="22.235067" lon="113.281968">
        <ele>1.2</ele>
        <time>2024-04-27T09:14:42Z</time>
      </trkpt>
      <trkpt lat="22.235015" lon="113.282006">
        <ele>1.2</ele>
        <time>2024-04-27T09:14:43Z</time>
      </trkpt>
      <trkpt lat="22.234964" lon="113.282041">
        <ele>1.2</ele>
        <time>2024-04-27T09:14:44Z</time>
      </trkpt>
      <trkpt lat="22.234915" lon="113.282075">
        <ele>1.2</ele>
        <time>2024-04-27T09:14:45Z</time>
      </trkpt>
      <trkpt lat="22.234866" lon="113.282109">
        <ele>1.2</ele>
        <time>2024-04-27T09:14:46Z</time>
      </trkpt>
      <trkpt lat="22.234818" lon="113.28214">
        <ele>1.2</ele>
        <time>2024-04-27T09:14:47Z</time>
      </trkpt>
      <trkpt lat="22.234768" lon="113.282174">
        <ele>1.2</ele>
        <time>2024-04-27T09:14:48Z</time>
      </trkpt>
      <trkpt lat="22.234718" lon="113.282209">
        <ele>1.1</ele>
        <time>2024-04-27T09:14:49Z</time>
      </trkpt>
      <trkpt lat="22.234665" lon="113.28224">
        <ele>1.1</ele>
        <time>2024-04-27T09:14:50Z</time>
      </trkpt>
      <trkpt lat="22.234613" lon="113.282273">
        <ele>1.1</ele>
        <time>2024-04-27T09:14:51Z</time>
      </trkpt>
      <trkpt lat="22.234563" lon="113.282308">
        <ele>1.1</ele>
        <time>2024-04-27T09:14:52Z</time>
      </trkpt>
      <trkpt lat="22.234512" lon="113.282339">
        <ele>1.1</ele>
        <time>2024-04-27T09:14:53Z</time>
      </trkpt>
      <trkpt lat="22.234463" lon="113.282373">
        <ele>1.1</ele>
        <time>2024-04-27T09:14:54Z</time>
      </trkpt>
      <trkpt lat="22.234413" lon="113.282411">
        <ele>1.1</ele>
        <time>2024-04-27T09:14:55Z</time>
      </trkpt>
      <trkpt lat="22.234363" lon="113.282445">
        <ele>1.1</ele>
        <time>2024-04-27T09:14:56Z</time>
      </trkpt>
      <trkpt lat="22.234312" lon="113.282479">
        <ele>1</ele>
        <time>2024-04-27T09:14:57Z</time>
      </trkpt>
      <trkpt lat="22.234261" lon="113.282514">
        <ele>1</ele>
        <time>2024-04-27T09:14:58Z</time>
      </trkpt>
      <trkpt lat="22.234208" lon="113.282545">
        <ele>1</ele>
        <time>2024-04-27T09:14:59Z</time>
      </trkpt>
      <trkpt lat="22.234158" lon="113.282575">
        <ele>1</ele>
        <time>2024-04-27T09:15:00Z</time>
      </trkpt>
      <trkpt lat="22.234108" lon="113.282609">
        <ele>0.9</ele>
        <time>2024-04-27T09:15:01Z</time>
      </trkpt>
      <trkpt lat="22.234057" lon="113.282647">
        <ele>0.9</ele>
        <time>2024-04-27T09:15:02Z</time>
      </trkpt>
      <trkpt lat="22.234006" lon="113.282685">
        <ele>0.9</ele>
        <time>2024-04-27T09:15:03Z</time>
      </trkpt>
      <trkpt lat="22.233956" lon="113.28272">
        <ele>0.9</ele>
        <time>2024-04-27T09:15:04Z</time>
      </trkpt>
      <trkpt lat="22.233902" lon="113.282751">
        <ele>0.8</ele>
        <time>2024-04-27T09:15:05Z</time>
      </trkpt>
      <trkpt lat="22.233851" lon="113.282784">
        <ele>0.8</ele>
        <time>2024-04-27T09:15:06Z</time>
      </trkpt>
      <trkpt lat="22.2338" lon="113.282823">
        <ele>0.8</ele>
        <time>2024-04-27T09:15:07Z</time>
      </trkpt>
      <trkpt lat="22.233745" lon="113.282858">
        <ele>0.8</ele>
        <time>2024-04-27T09:15:08Z</time>
      </trkpt>
      <trkpt lat="22.233692" lon="113.282888">
        <ele>0.7</ele>
        <time>2024-04-27T09:15:09Z</time>
      </trkpt>
      <trkpt lat="22.233642" lon="113.282922">
        <ele>0.7</ele>
        <time>2024-04-27T09:15:10Z</time>
      </trkpt>
      <trkpt lat="22.233594" lon="113.282957">
        <ele>0.7</ele>
        <time>2024-04-27T09:15:11Z</time>
      </trkpt>
      <trkpt lat="22.233544" lon="113.282987">
        <ele>0.7</ele>
        <time>2024-04-27T09:15:12Z</time>
      </trkpt>
      <trkpt lat="22.233488" lon="113.283018">
        <ele>0.6</ele>
        <time>2024-04-27T09:15:13Z</time>
      </trkpt>
      <trkpt lat="22.233435" lon="113.283052">
        <ele>0.6</ele>
        <time>2024-04-27T09:15:14Z</time>
      </trkpt>
      <trkpt lat="22.233386" lon="113.283086">
        <ele>0.6</ele>
        <time>2024-04-27T09:15:15Z</time>
      </trkpt>
      <trkpt lat="22.233336" lon="113.28312">
        <ele>0.6</ele>
        <time>2024-04-27T09:15:16Z</time>
      </trkpt>
      <trkpt lat="22.233287" lon="113.283159">
        <ele>0.5</ele>
        <time>2024-04-27T09:15:17Z</time>
      </trkpt>
      <trkpt lat="22.233238" lon="113.283196">
        <ele>0.5</ele>
        <time>2024-04-27T09:15:18Z</time>
      </trkpt>
      <trkpt lat="22.233189" lon="113.283231">
        <ele>0.5</ele>
        <time>2024-04-27T09:15:19Z</time>
      </trkpt>
      <trkpt lat="22.23314" lon="113.283265">
        <ele>0.5</ele>
        <time>2024-04-27T09:15:20Z</time>
      </trkpt>
      <trkpt lat="22.23309" lon="113.2833">
        <ele>0.4</ele>
        <time>2024-04-27T09:15:21Z</time>
      </trkpt>
      <trkpt lat="22.23304" lon="113.28333">
        <ele>0.4</ele>
        <time>2024-04-27T09:15:22Z</time>
      </trkpt>
      <trkpt lat="22.232991" lon="113.283358">
        <ele>0.4</ele>
        <time>2024-04-27T09:15:23Z</time>
      </trkpt>
      <trkpt lat="22.232945" lon="113.283384">
        <ele>0.4</ele>
        <time>2024-04-27T09:15:24Z</time>
      </trkpt>
      <trkpt lat="22.232903" lon="113.283414">
        <ele>0.4</ele>
        <time>2024-04-27T09:15:25Z</time>
      </trkpt>
      <trkpt lat="22.232863" lon="113.283445">
        <ele>0.4</ele>
        <time>2024-04-27T09:15:26Z</time>
      </trkpt>
      <trkpt lat="22.232822" lon="113.283472">
        <ele>0.4</ele>
        <time>2024-04-27T09:15:27Z</time>
      </trkpt>
      <trkpt lat="22.232786" lon="113.283498">
        <ele>0.4</ele>
        <time>2024-04-27T09:15:28Z</time>
      </trkpt>
      <trkpt lat="22.232755" lon="113.283529">
        <ele>0.4</ele>
        <time>2024-04-27T09:15:29Z</time>
      </trkpt>
      <trkpt lat="22.232724" lon="113.283556">
        <ele>0.4</ele>
        <time>2024-04-27T09:15:30Z</time>
      </trkpt>
      <trkpt lat="22.232691" lon="113.283579">
        <ele>0.4</ele>
        <time>2024-04-27T09:15:31Z</time>
      </trkpt>
      <trkpt lat="22.232655" lon="113.283602">
        <ele>0.3</ele>
        <time>2024-04-27T09:15:32Z</time>
      </trkpt>
      <trkpt lat="22.232621" lon="113.283631">
        <ele>0.3</ele>
        <time>2024-04-27T09:15:33Z</time>
      </trkpt>
      <trkpt lat="22.232589" lon="113.28367">
        <ele>0.3</ele>
        <time>2024-04-27T09:15:34Z</time>
      </trkpt>
      <trkpt lat="22.232558" lon="113.283705">
        <ele>0.3</ele>
        <time>2024-04-27T09:15:35Z</time>
      </trkpt>
      <trkpt lat="22.232525" lon="113.283742">
        <ele>0.3</ele>
        <time>2024-04-27T09:15:36Z</time>
      </trkpt>
      <trkpt lat="22.23249" lon="113.283787">
        <ele>0.3</ele>
        <time>2024-04-27T09:15:37Z</time>
      </trkpt>
      <trkpt lat="22.232458" lon="113.283833">
        <ele>0.3</ele>
        <time>2024-04-27T09:15:38Z</time>
      </trkpt>
      <trkpt lat="22.232426" lon="113.283879">
        <ele>0.3</ele>
        <time>2024-04-27T09:15:39Z</time>
      </trkpt>
      <trkpt lat="22.232396" lon="113.283921">
        <ele>0.3</ele>
        <time>2024-04-27T09:15:40Z</time>
      </trkpt>
      <trkpt lat="22.232371" lon="113.283962">
        <ele>0.3</ele>
        <time>2024-04-27T09:15:41Z</time>
      </trkpt>
      <trkpt lat="22.232342" lon="113.284002">
        <ele>0.3</ele>
        <time>2024-04-27T09:15:42Z</time>
      </trkpt>
      <trkpt lat="22.232311" lon="113.284039">
        <ele>0.3</ele>
        <time>2024-04-27T09:15:43Z</time>
      </trkpt>
      <trkpt lat="22.232283" lon="113.284081">
        <ele>0.3</ele>
        <time>2024-04-27T09:15:44Z</time>
      </trkpt>
      <trkpt lat="22.232253" lon="113.284123">
        <ele>0.3</ele>
        <time>2024-04-27T09:15:45Z</time>
      </trkpt>
      <trkpt lat="22.232222" lon="113.284169">
        <ele>0.3</ele>
        <time>2024-04-27T09:15:46Z</time>
      </trkpt>
      <trkpt lat="22.232192" lon="113.284218">
        <ele>0.3</ele>
        <time>2024-04-27T09:15:47Z</time>
      </trkpt>
      <trkpt lat="22.232157" lon="113.284268">
        <ele>0.3</ele>
        <time>2024-04-27T09:15:48Z</time>
      </trkpt>
      <trkpt lat="22.232121" lon="113.284313">
        <ele>0.3</ele>
        <time>2024-04-27T09:15:49Z</time>
      </trkpt>
      <trkpt lat="22.23209" lon="113.284359">
        <ele>0.3</ele>
        <time>2024-04-27T09:15:50Z</time>
      </trkpt>
      <trkpt lat="22.232063" lon="113.284405">
        <ele>0.3</ele>
        <time>2024-04-27T09:15:51Z</time>
      </trkpt>
      <trkpt lat="22.232035" lon="113.284451">
        <ele>0.3</ele>
        <time>2024-04-27T09:15:52Z</time>
      </trkpt>
      <trkpt lat="22.232003" lon="113.284497">
        <ele>0.3</ele>
        <time>2024-04-27T09:15:53Z</time>
      </trkpt>
      <trkpt lat="22.231967" lon="113.284542">
        <ele>0.3</ele>
        <time>2024-04-27T09:15:54Z</time>
      </trkpt>
      <trkpt lat="22.231931" lon="113.284588">
        <ele>0.3</ele>
        <time>2024-04-27T09:15:55Z</time>
      </trkpt>
      <trkpt lat="22.231898" lon="113.284634">
        <ele>0.3</ele>
        <time>2024-04-27T09:15:56Z</time>
      </trkpt>
      <trkpt lat="22.231865" lon="113.28468">
        <ele>0.3</ele>
        <time>2024-04-27T09:15:57Z</time>
      </trkpt>
      <trkpt lat="22.231834" lon="113.284729">
        <ele>0.2</ele>
        <time>2024-04-27T09:15:58Z</time>
      </trkpt>
      <trkpt lat="22.231802" lon="113.284779">
        <ele>0.2</ele>
        <time>2024-04-27T09:15:59Z</time>
      </trkpt>
      <trkpt lat="22.231768" lon="113.284828">
        <ele>0.2</ele>
        <time>2024-04-27T09:16:00Z</time>
      </trkpt>
      <trkpt lat="22.231732" lon="113.284878">
        <ele>0.2</ele>
        <time>2024-04-27T09:16:01Z</time>
      </trkpt>
      <trkpt lat="22.231698" lon="113.284927">
        <ele>0.2</ele>
        <time>2024-04-27T09:16:02Z</time>
      </trkpt>
      <trkpt lat="22.231665" lon="113.284977">
        <ele>0.1</ele>
        <time>2024-04-27T09:16:03Z</time>
      </trkpt>
      <trkpt lat="22.231631" lon="113.285023">
        <ele>0.1</ele>
        <time>2024-04-27T09:16:04Z</time>
      </trkpt>
      <trkpt lat="22.231594" lon="113.285072">
        <ele>0.1</ele>
        <time>2024-04-27T09:16:05Z</time>
      </trkpt>
      <trkpt lat="22.231558" lon="113.285126">
        <ele>0.1</ele>
        <time>2024-04-27T09:16:06Z</time>
      </trkpt>
      <trkpt lat="22.231525" lon="113.285179">
        <ele>0</ele>
        <time>2024-04-27T09:16:07Z</time>
      </trkpt>
      <trkpt lat="22.231492" lon="113.285232">
        <ele>0</ele>
        <time>2024-04-27T09:16:08Z</time>
      </trkpt>
      <trkpt lat="22.231456" lon="113.285283">
        <ele>0</ele>
        <time>2024-04-27T09:16:09Z</time>
      </trkpt>
      <trkpt lat="22.231418" lon="113.285328">
        <ele>-0.1</ele>
        <time>2024-04-27T09:16:10Z</time>
      </trkpt>
      <trkpt lat="22.231385" lon="113.285377">
        <ele>-0.1</ele>
        <time>2024-04-27T09:16:11Z</time>
      </trkpt>
      <trkpt lat="22.231353" lon="113.285427">
        <ele>-0.1</ele>
        <time>2024-04-27T09:16:12Z</time>
      </trkpt>
      <trkpt lat="22.231318" lon="113.285476">
        <ele>-0.1</ele>
        <time>2024-04-27T09:16:13Z</time>
      </trkpt>
      <trkpt lat="22.231286" lon="113.28553">
        <ele>-0.2</ele>
        <time>2024-04-27T09:16:14Z</time>
      </trkpt>
      <trkpt lat="22.231251" lon="113.28558">
        <ele>-0.2</ele>
        <time>2024-04-27T09:16:15Z</time>
      </trkpt>
      <trkpt lat="22.231217" lon="113.285629">
        <ele>-0.2</ele>
        <time>2024-04-27T09:16:16Z</time>
      </trkpt>
      <trkpt lat="22.231181" lon="113.285682">
        <ele>-0.3</ele>
        <time>2024-04-27T09:16:17Z</time>
      </trkpt>
      <trkpt lat="22.231145" lon="113.285733">
        <ele>-0.3</ele>
        <time>2024-04-27T09:16:18Z</time>
      </trkpt>
      <trkpt lat="22.231113" lon="113.285782">
        <ele>-0.3</ele>
        <time>2024-04-27T09:16:19Z</time>
      </trkpt>
      <trkpt lat="22.231081" lon="113.285835">
        <ele>-0.3</ele>
        <time>2024-04-27T09:16:20Z</time>
      </trkpt>
      <trkpt lat="22.231048" lon="113.285885">
        <ele>-0.4</ele>
        <time>2024-04-27T09:16:21Z</time>
      </trkpt>
      <trkpt lat="22.231014" lon="113.285934">
        <ele>-0.4</ele>
        <time>2024-04-27T09:16:22Z</time>
      </trkpt>
      <trkpt lat="22.230979" lon="113.285985">
        <ele>-0.4</ele>
        <time>2024-04-27T09:16:23Z</time>
      </trkpt>
      <trkpt lat="22.230944" lon="113.286033">
        <ele>-0.5</ele>
        <time>2024-04-27T09:16:24Z</time>
      </trkpt>
      <trkpt lat="22.230907" lon="113.286083">
        <ele>-0.5</ele>
        <time>2024-04-27T09:16:25Z</time>
      </trkpt>
      <trkpt lat="22.230873" lon="113.286132">
        <ele>-0.5</ele>
        <time>2024-04-27T09:16:26Z</time>
      </trkpt>
      <trkpt lat="22.23084" lon="113.286186">
        <ele>-0.6</ele>
        <time>2024-04-27T09:16:27Z</time>
      </trkpt>
      <trkpt lat="22.230809" lon="113.286233">
        <ele>-0.6</ele>
        <time>2024-04-27T09:16:28Z</time>
      </trkpt>
      <trkpt lat="22.230778" lon="113.286278">
        <ele>-0.6</ele>
        <time>2024-04-27T09:16:29Z</time>
      </trkpt>
      <trkpt lat="22.230749" lon="113.286328">
        <ele>-0.6</ele>
        <time>2024-04-27T09:16:30Z</time>
      </trkpt>
      <trkpt lat="22.230725" lon="113.286374">
        <ele>-0.7</ele>
        <time>2024-04-27T09:16:31Z</time>
      </trkpt>
      <trkpt lat="22.230711" lon="113.286423">
        <ele>-0.7</ele>
        <time>2024-04-27T09:16:32Z</time>
      </trkpt>
      <trkpt lat="22.230711" lon="113.286479">
        <ele>-0.7</ele>
        <time>2024-04-27T09:16:33Z</time>
      </trkpt>
      <trkpt lat="22.230723" lon="113.28654">
        <ele>-0.8</ele>
        <time>2024-04-27T09:16:34Z</time>
      </trkpt>
      <trkpt lat="22.230746" lon="113.286598">
        <ele>-0.8</ele>
        <time>2024-04-27T09:16:35Z</time>
      </trkpt>
      <trkpt lat="22.230778" lon="113.286651">
        <ele>-0.8</ele>
        <time>2024-04-27T09:16:36Z</time>
      </trkpt>
      <trkpt lat="22.230814" lon="113.286702">
        <ele>-0.9</ele>
        <time>2024-04-27T09:16:37Z</time>
      </trkpt>
      <trkpt lat="22.230848" lon="113.286744">
        <ele>-0.9</ele>
        <time>2024-04-27T09:16:38Z</time>
      </trkpt>
      <trkpt lat="22.23088" lon="113.286786">
        <ele>-0.9</ele>
        <time>2024-04-27T09:16:39Z</time>
      </trkpt>
      <trkpt lat="22.230914" lon="113.286834">
        <ele>-1</ele>
        <time>2024-04-27T09:16:40Z</time>
      </trkpt>
      <trkpt lat="22.230951" lon="113.286888">
        <ele>-1</ele>
        <time>2024-04-27T09:16:41Z</time>
      </trkpt>
      <trkpt lat="22.230989" lon="113.286941">
        <ele>-1</ele>
        <time>2024-04-27T09:16:42Z</time>
      </trkpt>
      <trkpt lat="22.231026" lon="113.286994">
        <ele>-1.1</ele>
        <time>2024-04-27T09:16:43Z</time>
      </trkpt>
      <trkpt lat="22.231062" lon="113.287048">
        <ele>-1.1</ele>
        <time>2024-04-27T09:16:44Z</time>
      </trkpt>
      <trkpt lat="22.2311" lon="113.287102">
        <ele>-1.1</ele>
        <time>2024-04-27T09:16:45Z</time>
      </trkpt>
      <trkpt lat="22.231139" lon="113.287158">
        <ele>-1.2</ele>
        <time>2024-04-27T09:16:46Z</time>
      </trkpt>
      <trkpt lat="22.231178" lon="113.287216">
        <ele>-1.2</ele>
        <time>2024-04-27T09:16:47Z</time>
      </trkpt>
      <trkpt lat="22.231215" lon="113.287269">
        <ele>-1.3</ele>
        <time>2024-04-27T09:16:48Z</time>
      </trkpt>
      <trkpt lat="22.23125" lon="113.287323">
        <ele>-1.3</ele>
        <time>2024-04-27T09:16:49Z</time>
      </trkpt>
      <trkpt lat="22.231289" lon="113.287379">
        <ele>-1.3</ele>
        <time>2024-04-27T09:16:50Z</time>
      </trkpt>
      <trkpt lat="22.231329" lon="113.287437">
        <ele>-1.4</ele>
        <time>2024-04-27T09:16:51Z</time>
      </trkpt>
      <trkpt lat="22.231368" lon="113.287491">
        <ele>-1.4</ele>
        <time>2024-04-27T09:16:52Z</time>
      </trkpt>
      <trkpt lat="22.231405" lon="113.287544">
        <ele>-1.4</ele>
        <time>2024-04-27T09:16:53Z</time>
      </trkpt>
      <trkpt lat="22.231443" lon="113.2876">
        <ele>-1.5</ele>
        <time>2024-04-27T09:16:54Z</time>
      </trkpt>
      <trkpt lat="22.231483" lon="113.287661">
        <ele>-1.5</ele>
        <time>2024-04-27T09:16:55Z</time>
      </trkpt>
      <trkpt lat="22.23152" lon="113.287723">
        <ele>-1.6</ele>
        <time>2024-04-27T09:16:56Z</time>
      </trkpt>
      <trkpt lat="22.231561" lon="113.287784">
        <ele>-1.6</ele>
        <time>2024-04-27T09:16:57Z</time>
      </trkpt>
      <trkpt lat="22.231598" lon="113.287841">
        <ele>-1.6</ele>
        <time>2024-04-27T09:16:58Z</time>
      </trkpt>
      <trkpt lat="22.231635" lon="113.287898">
        <ele>-1.7</ele>
        <time>2024-04-27T09:16:59Z</time>
      </trkpt>
      <trkpt lat="22.231674" lon="113.287959">
        <ele>-1.7</ele>
        <time>2024-04-27T09:17:00Z</time>
      </trkpt>
      <trkpt lat="22.231713" lon="113.288017">
        <ele>-1.7</ele>
        <time>2024-04-27T09:17:01Z</time>
      </trkpt>
      <trkpt lat="22.231752" lon="113.288073">
        <ele>-1.6</ele>
        <time>2024-04-27T09:17:02Z</time>
      </trkpt>
      <trkpt lat="22.231791" lon="113.288131">
        <ele>-1.5</ele>
        <time>2024-04-27T09:17:03Z</time>
      </trkpt>
      <trkpt lat="22.231831" lon="113.288188">
        <ele>-1.4</ele>
        <time>2024-04-27T09:17:04Z</time>
      </trkpt>
      <trkpt lat="22.231871" lon="113.288246">
        <ele>-1.4</ele>
        <time>2024-04-27T09:17:05Z</time>
      </trkpt>
      <trkpt lat="22.231911" lon="113.288302">
        <ele>-1.3</ele>
        <time>2024-04-27T09:17:06Z</time>
      </trkpt>
      <trkpt lat="22.231951" lon="113.28836">
        <ele>-1.2</ele>
        <time>2024-04-27T09:17:07Z</time>
      </trkpt>
      <trkpt lat="22.23199" lon="113.288414">
        <ele>-1.1</ele>
        <time>2024-04-27T09:17:08Z</time>
      </trkpt>
      <trkpt lat="22.232026" lon="113.288467">
        <ele>-1</ele>
        <time>2024-04-27T09:17:09Z</time>
      </trkpt>
      <trkpt lat="22.232062" lon="113.288521">
        <ele>-0.9</ele>
        <time>2024-04-27T09:17:10Z</time>
      </trkpt>
      <trkpt lat="22.232096" lon="113.288571">
        <ele>-0.8</ele>
        <time>2024-04-27T09:17:11Z</time>
      </trkpt>
      <trkpt lat="22.23213" lon="113.28862">
        <ele>-0.8</ele>
        <time>2024-04-27T09:17:12Z</time>
      </trkpt>
      <trkpt lat="22.232164" lon="113.288667">
        <ele>-0.7</ele>
        <time>2024-04-27T09:17:13Z</time>
      </trkpt>
      <trkpt lat="22.232197" lon="113.288712">
        <ele>-0.6</ele>
        <time>2024-04-27T09:17:14Z</time>
      </trkpt>
      <trkpt lat="22.232232" lon="113.288762">
        <ele>-0.6</ele>
        <time>2024-04-27T09:17:15Z</time>
      </trkpt>
      <trkpt lat="22.232261" lon="113.288807">
        <ele>-0.5</ele>
        <time>2024-04-27T09:17:16Z</time>
      </trkpt>
      <trkpt lat="22.232288" lon="113.288856">
        <ele>-0.4</ele>
        <time>2024-04-27T09:17:17Z</time>
      </trkpt>
      <trkpt lat="22.232311" lon="113.28891">
        <ele>-0.3</ele>
        <time>2024-04-27T09:17:18Z</time>
      </trkpt>
      <trkpt lat="22.232322" lon="113.288963">
        <ele>-0.3</ele>
        <time>2024-04-27T09:17:19Z</time>
      </trkpt>
      <trkpt lat="22.232322" lon="113.28902">
        <ele>-0.2</ele>
        <time>2024-04-27T09:17:20Z</time>
      </trkpt>
      <trkpt lat="22.232315" lon="113.289081">
        <ele>-0.1</ele>
        <time>2024-04-27T09:17:21Z</time>
      </trkpt>
      <trkpt lat="22.232305" lon="113.289142">
        <ele>0</ele>
        <time>2024-04-27T09:17:22Z</time>
      </trkpt>
      <trkpt lat="22.232293" lon="113.2892">
        <ele>0</ele>
        <time>2024-04-27T09:17:23Z</time>
      </trkpt>
      <trkpt lat="22.232274" lon="113.289253">
        <ele>0.1</ele>
        <time>2024-04-27T09:17:24Z</time>
      </trkpt>
      <trkpt lat="22.232246" lon="113.289306">
        <ele>0.2</ele>
        <time>2024-04-27T09:17:25Z</time>
      </trkpt>
      <trkpt lat="22.232213" lon="113.289359">
        <ele>0.3</ele>
        <time>2024-04-27T09:17:26Z</time>
      </trkpt>
      <trkpt lat="22.232175" lon="113.28941">
        <ele>0.3</ele>
        <time>2024-04-27T09:17:27Z</time>
      </trkpt>
      <trkpt lat="22.232131" lon="113.289449">
        <ele>0.4</ele>
        <time>2024-04-27T09:17:28Z</time>
      </trkpt>
      <trkpt lat="22.232084" lon="113.289483">
        <ele>0.5</ele>
        <time>2024-04-27T09:17:29Z</time>
      </trkpt>
      <trkpt lat="22.232039" lon="113.289518">
        <ele>0.6</ele>
        <time>2024-04-27T09:17:30Z</time>
      </trkpt>
      <trkpt lat="22.232001" lon="113.289552">
        <ele>0.6</ele>
        <time>2024-04-27T09:17:31Z</time>
      </trkpt>
      <trkpt lat="22.231961" lon="113.28959">
        <ele>0.7</ele>
        <time>2024-04-27T09:17:32Z</time>
      </trkpt>
      <trkpt lat="22.231915" lon="113.289628">
        <ele>0.6</ele>
        <time>2024-04-27T09:17:33Z</time>
      </trkpt>
      <trkpt lat="22.231875" lon="113.289663">
        <ele>0.6</ele>
        <time>2024-04-27T09:17:34Z</time>
      </trkpt>
      <trkpt lat="22.231838" lon="113.289693">
        <ele>0.6</ele>
        <time>2024-04-27T09:17:35Z</time>
      </trkpt>
      <trkpt lat="22.231806" lon="113.289718">
        <ele>0.6</ele>
        <time>2024-04-27T09:17:36Z</time>
      </trkpt>
      <trkpt lat="22.231781" lon="113.289736">
        <ele>0.5</ele>
        <time>2024-04-27T09:17:37Z</time>
      </trkpt>
      <trkpt lat="22.231749" lon="113.289759">
        <ele>0.5</ele>
        <time>2024-04-27T09:17:38Z</time>
      </trkpt>
      <trkpt lat="22.231711" lon="113.289782">
        <ele>0.5</ele>
        <time>2024-04-27T09:17:39Z</time>
      </trkpt>
      <trkpt lat="22.231671" lon="113.289808">
        <ele>0.5</ele>
        <time>2024-04-27T09:17:40Z</time>
      </trkpt>
      <trkpt lat="22.231634" lon="113.289838">
        <ele>0.5</ele>
        <time>2024-04-27T09:17:41Z</time>
      </trkpt>
      <trkpt lat="22.2316" lon="113.289869">
        <ele>0.4</ele>
        <time>2024-04-27T09:17:42Z</time>
      </trkpt>
      <trkpt lat="22.231571" lon="113.289899">
        <ele>0.4</ele>
        <time>2024-04-27T09:17:43Z</time>
      </trkpt>
      <trkpt lat="22.231541" lon="113.289927">
        <ele>0.4</ele>
        <time>2024-04-27T09:17:44Z</time>
      </trkpt>
      <trkpt lat="22.231508" lon="113.289953">
        <ele>0.4</ele>
        <time>2024-04-27T09:17:45Z</time>
      </trkpt>
      <trkpt lat="22.23147" lon="113.289987">
        <ele>0.3</ele>
        <time>2024-04-27T09:17:46Z</time>
      </trkpt>
      <trkpt lat="22.231432" lon="113.290021">
        <ele>0.3</ele>
        <time>2024-04-27T09:17:47Z</time>
      </trkpt>
      <trkpt lat="22.231395" lon="113.290055">
        <ele>0.3</ele>
        <time>2024-04-27T09:17:48Z</time>
      </trkpt>
      <trkpt lat="22.231356" lon="113.290093">
        <ele>0.3</ele>
        <time>2024-04-27T09:17:49Z</time>
      </trkpt>
      <trkpt lat="22.231315" lon="113.290128">
        <ele>0.2</ele>
        <time>2024-04-27T09:17:50Z</time>
      </trkpt>
      <trkpt lat="22.231275" lon="113.290162">
        <ele>0.2</ele>
        <time>2024-04-27T09:17:51Z</time>
      </trkpt>
      <trkpt lat="22.231236" lon="113.290197">
        <ele>0.2</ele>
        <time>2024-04-27T09:17:52Z</time>
      </trkpt>
      <trkpt lat="22.231195" lon="113.29023">
        <ele>0.2</ele>
        <time>2024-04-27T09:17:53Z</time>
      </trkpt>
      <trkpt lat="22.231154" lon="113.290269">
        <ele>0.1</ele>
        <time>2024-04-27T09:17:54Z</time>
      </trkpt>
      <trkpt lat="22.231109" lon="113.290307">
        <ele>0.1</ele>
        <time>2024-04-27T09:17:55Z</time>
      </trkpt>
      <trkpt lat="22.231062" lon="113.290342">
        <ele>0.1</ele>
        <time>2024-04-27T09:17:56Z</time>
      </trkpt>
      <trkpt lat="22.231019" lon="113.290372">
        <ele>0.1</ele>
        <time>2024-04-27T09:17:57Z</time>
      </trkpt>
      <trkpt lat="22.230976" lon="113.290406">
        <ele>0</ele>
        <time>2024-04-27T09:17:58Z</time>
      </trkpt>
      <trkpt lat="22.230931" lon="113.290444">
        <ele>0</ele>
        <time>2024-04-27T09:17:59Z</time>
      </trkpt>
      <trkpt lat="22.230891" lon="113.290479">
        <ele>0</ele>
        <time>2024-04-27T09:18:00Z</time>
      </trkpt>
      <trkpt lat="22.230859" lon="113.29051">
        <ele>0</ele>
        <time>2024-04-27T09:18:01Z</time>
      </trkpt>
      <trkpt lat="22.230831" lon="113.29054">
        <ele>-0.1</ele>
        <time>2024-04-27T09:18:02Z</time>
      </trkpt>
      <trkpt lat="22.230802" lon="113.290571">
        <ele>-0.1</ele>
        <time>2024-04-27T09:18:03Z</time>
      </trkpt>
      <trkpt lat="22.230774" lon="113.290601">
        <ele>-0.1</ele>
        <time>2024-04-27T09:18:04Z</time>
      </trkpt>
      <trkpt lat="22.23074" lon="113.290629">
        <ele>-0.1</ele>
        <time>2024-04-27T09:18:05Z</time>
      </trkpt>
      <trkpt lat="22.230709" lon="113.290652">
        <ele>-0.1</ele>
        <time>2024-04-27T09:18:06Z</time>
      </trkpt>
      <trkpt lat="22.230683" lon="113.290674">
        <ele>-0.2</ele>
        <time>2024-04-27T09:18:07Z</time>
      </trkpt>
      <trkpt lat="22.230659" lon="113.290694">
        <ele>-0.2</ele>
        <time>2024-04-27T09:18:08Z</time>
      </trkpt>
      <trkpt lat="22.230629" lon="113.290712">
        <ele>-0.2</ele>
        <time>2024-04-27T09:18:09Z</time>
      </trkpt>
      <trkpt lat="22.230595" lon="113.290735">
        <ele>-0.2</ele>
        <time>2024-04-27T09:18:10Z</time>
      </trkpt>
      <trkpt lat="22.230562" lon="113.290765">
        <ele>-0.2</ele>
        <time>2024-04-27T09:18:11Z</time>
      </trkpt>
      <trkpt lat="22.230541" lon="113.290806">
        <ele>-0.2</ele>
        <time>2024-04-27T09:18:12Z</time>
      </trkpt>
      <trkpt lat="22.230536" lon="113.290858">
        <ele>-0.2</ele>
        <time>2024-04-27T09:18:13Z</time>
      </trkpt>
      <trkpt lat="22.230549" lon="113.290916">
        <ele>-0.2</ele>
        <time>2024-04-27T09:18:14Z</time>
      </trkpt>
      <trkpt lat="22.230578" lon="113.290973">
        <ele>-0.1</ele>
        <time>2024-04-27T09:18:15Z</time>
      </trkpt>
      <trkpt lat="22.230616" lon="113.291034">
        <ele>-0.1</ele>
        <time>2024-04-27T09:18:16Z</time>
      </trkpt>
      <trkpt lat="22.230661" lon="113.291095">
        <ele>-0.1</ele>
        <time>2024-04-27T09:18:17Z</time>
      </trkpt>
      <trkpt lat="22.230706" lon="113.291153">
        <ele>0</ele>
        <time>2024-04-27T09:18:18Z</time>
      </trkpt>
      <trkpt lat="22.230747" lon="113.291206">
        <ele>0</ele>
        <time>2024-04-27T09:18:19Z</time>
      </trkpt>
      <trkpt lat="22.230789" lon="113.291256">
        <ele>0</ele>
        <time>2024-04-27T09:18:20Z</time>
      </trkpt>
      <trkpt lat="22.230832" lon="113.291299">
        <ele>0.1</ele>
        <time>2024-04-27T09:18:21Z</time>
      </trkpt>
      <trkpt lat="22.230863" lon="113.29134">
        <ele>0.1</ele>
        <time>2024-04-27T09:18:22Z</time>
      </trkpt>
      <trkpt lat="22.230889" lon="113.291392">
        <ele>0.1</ele>
        <time>2024-04-27T09:18:23Z</time>
      </trkpt>
      <trkpt lat="22.230913" lon="113.29145">
        <ele>0.1</ele>
        <time>2024-04-27T09:18:24Z</time>
      </trkpt>
      <trkpt lat="22.230926" lon="113.291504">
        <ele>0.2</ele>
        <time>2024-04-27T09:18:25Z</time>
      </trkpt>
      <trkpt lat="22.230931" lon="113.29156">
        <ele>0.2</ele>
        <time>2024-04-27T09:18:26Z</time>
      </trkpt>
      <trkpt lat="22.230935" lon="113.291618">
        <ele>0.2</ele>
        <time>2024-04-27T09:18:27Z</time>
      </trkpt>
      <trkpt lat="22.230947" lon="113.291675">
        <ele>0.2</ele>
        <time>2024-04-27T09:18:28Z</time>
      </trkpt>
      <trkpt lat="22.230964" lon="113.291733">
        <ele>0.3</ele>
        <time>2024-04-27T09:18:29Z</time>
      </trkpt>
      <trkpt lat="22.230981" lon="113.291786">
        <ele>0.3</ele>
        <time>2024-04-27T09:18:30Z</time>
      </trkpt>
      <trkpt lat="22.230999" lon="113.291839">
        <ele>0.3</ele>
        <time>2024-04-27T09:18:31Z</time>
      </trkpt>
      <trkpt lat="22.231019" lon="113.291896">
        <ele>0.3</ele>
        <time>2024-04-27T09:18:32Z</time>
      </trkpt>
      <trkpt lat="22.231039" lon="113.29195">
        <ele>0.4</ele>
        <time>2024-04-27T09:18:33Z</time>
      </trkpt>
      <trkpt lat="22.231062" lon="113.291999">
        <ele>0.4</ele>
        <time>2024-04-27T09:18:34Z</time>
      </trkpt>
      <trkpt lat="22.231089" lon="113.29205">
        <ele>0.4</ele>
        <time>2024-04-27T09:18:35Z</time>
      </trkpt>
      <trkpt lat="22.231119" lon="113.292092">
        <ele>0.4</ele>
        <time>2024-04-27T09:18:36Z</time>
      </trkpt>
      <trkpt lat="22.231151" lon="113.292133">
        <ele>0.4</ele>
        <time>2024-04-27T09:18:37Z</time>
      </trkpt>
      <trkpt lat="22.231187" lon="113.292179">
        <ele>0.5</ele>
        <time>2024-04-27T09:18:38Z</time>
      </trkpt>
      <trkpt lat="22.231213" lon="113.292222">
        <ele>0.5</ele>
        <time>2024-04-27T09:18:39Z</time>
      </trkpt>
      <trkpt lat="22.231223" lon="113.29226">
        <ele>0.5</ele>
        <time>2024-04-27T09:18:40Z</time>
      </trkpt>
      <trkpt lat="22.231218" lon="113.292295">
        <ele>0.5</ele>
        <time>2024-04-27T09:18:41Z</time>
      </trkpt>
      <trkpt lat="22.231192" lon="113.292326">
        <ele>0.5</ele>
        <time>2024-04-27T09:18:42Z</time>
      </trkpt>
      <trkpt lat="22.23115" lon="113.292356">
        <ele>0.6</ele>
        <time>2024-04-27T09:18:43Z</time>
      </trkpt>
      <trkpt lat="22.231105" lon="113.292383">
        <ele>0.6</ele>
        <time>2024-04-27T09:18:44Z</time>
      </trkpt>
      <trkpt lat="22.23106" lon="113.292409">
        <ele>0.6</ele>
        <time>2024-04-27T09:18:45Z</time>
      </trkpt>
      <trkpt lat="22.231017" lon="113.29244">
        <ele>0.6</ele>
        <time>2024-04-27T09:18:46Z</time>
      </trkpt>
      <trkpt lat="22.230981" lon="113.292467">
        <ele>0.7</ele>
        <time>2024-04-27T09:18:47Z</time>
      </trkpt>
      <trkpt lat="22.230946" lon="113.29249">
        <ele>0.7</ele>
        <time>2024-04-27T09:18:48Z</time>
      </trkpt>
      <trkpt lat="22.230913" lon="113.292513">
        <ele>0.7</ele>
        <time>2024-04-27T09:18:49Z</time>
      </trkpt>
      <trkpt lat="22.230875" lon="113.292539">
        <ele>0.7</ele>
        <time>2024-04-27T09:18:50Z</time>
      </trkpt>
      <trkpt lat="22.230839" lon="113.292573">
        <ele>0.8</ele>
        <time>2024-04-27T09:18:51Z</time>
      </trkpt>
      <trkpt lat="22.230809" lon="113.292611">
        <ele>0.8</ele>
        <time>2024-04-27T09:18:52Z</time>
      </trkpt>
      <trkpt lat="22.230771" lon="113.292649">
        <ele>0.8</ele>
        <time>2024-04-27T09:18:53Z</time>
      </trkpt>
      <trkpt lat="22.230727" lon="113.292681">
        <ele>0.8</ele>
        <time>2024-04-27T09:18:54Z</time>
      </trkpt>
      <trkpt lat="22.230681" lon="113.292707">
        <ele>0.9</ele>
        <time>2024-04-27T09:18:55Z</time>
      </trkpt>
      <trkpt lat="22.230633" lon="113.292738">
        <ele>0.9</ele>
        <time>2024-04-27T09:18:56Z</time>
      </trkpt>
      <trkpt lat="22.230588" lon="113.292765">
        <ele>0.9</ele>
        <time>2024-04-27T09:18:57Z</time>
      </trkpt>
      <trkpt lat="22.230545" lon="113.292788">
        <ele>1</ele>
        <time>2024-04-27T09:18:58Z</time>
      </trkpt>
      <trkpt lat="22.2305" lon="113.292811">
        <ele>1</ele>
        <time>2024-04-27T09:18:59Z</time>
      </trkpt>
      <trkpt lat="22.230456" lon="113.292837">
        <ele>1</ele>
        <time>2024-04-27T09:19:00Z</time>
      </trkpt>
      <trkpt lat="22.230412" lon="113.292871">
        <ele>1</ele>
        <time>2024-04-27T09:19:01Z</time>
      </trkpt>
      <trkpt lat="22.23037" lon="113.292909">
        <ele>1.1</ele>
        <time>2024-04-27T09:19:02Z</time>
      </trkpt>
      <trkpt lat="22.230329" lon="113.292947">
        <ele>1.1</ele>
        <time>2024-04-27T09:19:03Z</time>
      </trkpt>
      <trkpt lat="22.230289" lon="113.292982">
        <ele>1.1</ele>
        <time>2024-04-27T09:19:04Z</time>
      </trkpt>
      <trkpt lat="22.230251" lon="113.293012">
        <ele>1.1</ele>
        <time>2024-04-27T09:19:05Z</time>
      </trkpt>
      <trkpt lat="22.230213" lon="113.293043">
        <ele>1.2</ele>
        <time>2024-04-27T09:19:06Z</time>
      </trkpt>
      <trkpt lat="22.230178" lon="113.293073">
        <ele>1.2</ele>
        <time>2024-04-27T09:19:07Z</time>
      </trkpt>
      <trkpt lat="22.230142" lon="113.293104">
        <ele>1.2</ele>
        <time>2024-04-27T09:19:08Z</time>
      </trkpt>
      <trkpt lat="22.230105" lon="113.293137">
        <ele>1.2</ele>
        <time>2024-04-27T09:19:09Z</time>
      </trkpt>
      <trkpt lat="22.230074" lon="113.293169">
        <ele>1.3</ele>
        <time>2024-04-27T09:19:10Z</time>
      </trkpt>
      <trkpt lat="22.23004" lon="113.293195">
        <ele>1.3</ele>
        <time>2024-04-27T09:19:11Z</time>
      </trkpt>
      <trkpt lat="22.230004" lon="113.293226">
        <ele>1.3</ele>
        <time>2024-04-27T09:19:12Z</time>
      </trkpt>
      <trkpt lat="22.229974" lon="113.293256">
        <ele>1.3</ele>
        <time>2024-04-27T09:19:13Z</time>
      </trkpt>
      <trkpt lat="22.229943" lon="113.293283">
        <ele>1.4</ele>
        <time>2024-04-27T09:19:14Z</time>
      </trkpt>
      <trkpt lat="22.229907" lon="113.293313">
        <ele>1.4</ele>
        <time>2024-04-27T09:19:15Z</time>
      </trkpt>
      <trkpt lat="22.22987" lon="113.293351">
        <ele>1.4</ele>
        <time>2024-04-27T09:19:16Z</time>
      </trkpt>
      <trkpt lat="22.229832" lon="113.293386">
        <ele>1.4</ele>
        <time>2024-04-27T09:19:17Z</time>
      </trkpt>
      <trkpt lat="22.229797" lon="113.293416">
        <ele>1.5</ele>
        <time>2024-04-27T09:19:18Z</time>
      </trkpt>
      <trkpt lat="22.229758" lon="113.29345">
        <ele>1.5</ele>
        <time>2024-04-27T09:19:19Z</time>
      </trkpt>
      <trkpt lat="22.229723" lon="113.293482">
        <ele>1.5</ele>
        <time>2024-04-27T09:19:20Z</time>
      </trkpt>
      <trkpt lat="22.229689" lon="113.293508">
        <ele>1.5</ele>
        <time>2024-04-27T09:19:21Z</time>
      </trkpt>
      <trkpt lat="22.229653" lon="113.293538">
        <ele>1.6</ele>
        <time>2024-04-27T09:19:22Z</time>
      </trkpt>
      <trkpt lat="22.229612" lon="113.293566">
        <ele>1.6</ele>
        <time>2024-04-27T09:19:23Z</time>
      </trkpt>
      <trkpt lat="22.229568" lon="113.293589">
        <ele>1.5</ele>
        <time>2024-04-27T09:19:24Z</time>
      </trkpt>
      <trkpt lat="22.229529" lon="113.293612">
        <ele>1.5</ele>
        <time>2024-04-27T09:19:25Z</time>
      </trkpt>
      <trkpt lat="22.229497" lon="113.293638">
        <ele>1.5</ele>
        <time>2024-04-27T09:19:26Z</time>
      </trkpt>
      <trkpt lat="22.229467" lon="113.293668">
        <ele>1.5</ele>
        <time>2024-04-27T09:19:27Z</time>
      </trkpt>
      <trkpt lat="22.229441" lon="113.293699">
        <ele>1.5</ele>
        <time>2024-04-27T09:19:28Z</time>
      </trkpt>
      <trkpt lat="22.229418" lon="113.293726">
        <ele>1.5</ele>
        <time>2024-04-27T09:19:29Z</time>
      </trkpt>
      <trkpt lat="22.229396" lon="113.293746">
        <ele>1.5</ele>
        <time>2024-04-27T09:19:30Z</time>
      </trkpt>
      <trkpt lat="22.229376" lon="113.293761">
        <ele>1.5</ele>
        <time>2024-04-27T09:19:31Z</time>
      </trkpt>
      <trkpt lat="22.229359" lon="113.293776">
        <ele>1.4</ele>
        <time>2024-04-27T09:19:32Z</time>
      </trkpt>
      <trkpt lat="22.229347" lon="113.293791">
        <ele>1.4</ele>
        <time>2024-04-27T09:19:33Z</time>
      </trkpt>
      <trkpt lat="22.229341" lon="113.293813">
        <ele>1.4</ele>
        <time>2024-04-27T09:19:34Z</time>
      </trkpt>
      <trkpt lat="22.229341" lon="113.293844">
        <ele>1.4</ele>
        <time>2024-04-27T09:19:35Z</time>
      </trkpt>
      <trkpt lat="22.229349" lon="113.293874">
        <ele>1.4</ele>
        <time>2024-04-27T09:19:36Z</time>
      </trkpt>
      <trkpt lat="22.229363" lon="113.293908">
        <ele>1.4</ele>
        <time>2024-04-27T09:19:37Z</time>
      </trkpt>
      <trkpt lat="22.229377" lon="113.29394">
        <ele>1.4</ele>
        <time>2024-04-27T09:19:38Z</time>
      </trkpt>
      <trkpt lat="22.229386" lon="113.293959">
        <ele>1.4</ele>
        <time>2024-04-27T09:19:39Z</time>
      </trkpt>
      <trkpt lat="22.22939" lon="113.293971">
        <ele>1.4</ele>
        <time>2024-04-27T09:19:40Z</time>
      </trkpt>
      <trkpt lat="22.229395" lon="113.293982">
        <ele>1.4</ele>
        <time>2024-04-27T09:19:41Z</time>
      </trkpt>
      <trkpt lat="22.229404" lon="113.293997">
        <ele>1.4</ele>
        <time>2024-04-27T09:19:42Z</time>
      </trkpt>
      <trkpt lat="22.229411" lon="113.294013">
        <ele>1.4</ele>
        <time>2024-04-27T09:19:43Z</time>
      </trkpt>
      <trkpt lat="22.229424" lon="113.294028">
        <ele>1.3</ele>
        <time>2024-04-27T09:19:44Z</time>
      </trkpt>
      <trkpt lat="22.229446" lon="113.294046">
        <ele>1.3</ele>
        <time>2024-04-27T09:19:45Z</time>
      </trkpt>
      <trkpt lat="22.229474" lon="113.294066">
        <ele>1.3</ele>
        <time>2024-04-27T09:19:46Z</time>
      </trkpt>
      <trkpt lat="22.229496" lon="113.294081">
        <ele>1.3</ele>
        <time>2024-04-27T09:19:47Z</time>
      </trkpt>
      <trkpt lat="22.229508" lon="113.2941">
        <ele>1.3</ele>
        <time>2024-04-27T09:19:48Z</time>
      </trkpt>
      <trkpt lat="22.229517" lon="113.294126">
        <ele>1.3</ele>
        <time>2024-04-27T09:19:49Z</time>
      </trkpt>
      <trkpt lat="22.229521" lon="113.294153">
        <ele>1.3</ele>
        <time>2024-04-27T09:19:50Z</time>
      </trkpt>
      <trkpt lat="22.229515" lon="113.294176">
        <ele>1.3</ele>
        <time>2024-04-27T09:19:51Z</time>
      </trkpt>
      <trkpt lat="22.229497" lon="113.294189">
        <ele>1.3</ele>
        <time>2024-04-27T09:19:52Z</time>
      </trkpt>
      <trkpt lat="22.229473" lon="113.294193">
        <ele>1.3</ele>
        <time>2024-04-27T09:19:53Z</time>
      </trkpt>
      <trkpt lat="22.229448" lon="113.294203">
        <ele>1.3</ele>
        <time>2024-04-27T09:19:54Z</time>
      </trkpt>
      <trkpt lat="22.229417" lon="113.294222">
        <ele>1.2</ele>
        <time>2024-04-27T09:19:55Z</time>
      </trkpt>
      <trkpt lat="22.229381" lon="113.294241">
        <ele>1.2</ele>
        <time>2024-04-27T09:19:56Z</time>
      </trkpt>
      <trkpt lat="22.229342" lon="113.294263">
        <ele>1.2</ele>
        <time>2024-04-27T09:19:57Z</time>
      </trkpt>
      <trkpt lat="22.2293" lon="113.294294">
        <ele>1.2</ele>
        <time>2024-04-27T09:19:58Z</time>
      </trkpt>
      <trkpt lat="22.229264" lon="113.294328">
        <ele>1.2</ele>
        <time>2024-04-27T09:19:59Z</time>
      </trkpt>
      <trkpt lat="22.229228" lon="113.294366">
        <ele>1.2</ele>
        <time>2024-04-27T09:20:00Z</time>
      </trkpt>
      <trkpt lat="22.229187" lon="113.294401">
        <ele>1.1</ele>
        <time>2024-04-27T09:20:01Z</time>
      </trkpt>
      <trkpt lat="22.229146" lon="113.294434">
        <ele>1.1</ele>
        <time>2024-04-27T09:20:02Z</time>
      </trkpt>
      <trkpt lat="22.229107" lon="113.294475">
        <ele>1.1</ele>
        <time>2024-04-27T09:20:03Z</time>
      </trkpt>
      <trkpt lat="22.229066" lon="113.294518">
        <ele>1.1</ele>
        <time>2024-04-27T09:20:04Z</time>
      </trkpt>
      <trkpt lat="22.229022" lon="113.294556">
        <ele>1.1</ele>
        <time>2024-04-27T09:20:05Z</time>
      </trkpt>
      <trkpt lat="22.228977" lon="113.294591">
        <ele>1</ele>
        <time>2024-04-27T09:20:06Z</time>
      </trkpt>
      <trkpt lat="22.228933" lon="113.294622">
        <ele>1</ele>
        <time>2024-04-27T09:20:07Z</time>
      </trkpt>
      <trkpt lat="22.228889" lon="113.294656">
        <ele>1</ele>
        <time>2024-04-27T09:20:08Z</time>
      </trkpt>
      <trkpt lat="22.228846" lon="113.294694">
        <ele>1</ele>
        <time>2024-04-27T09:20:09Z</time>
      </trkpt>
      <trkpt lat="22.228801" lon="113.294729">
        <ele>1</ele>
        <time>2024-04-27T09:20:10Z</time>
      </trkpt>
      <trkpt lat="22.228757" lon="113.294763">
        <ele>0.9</ele>
        <time>2024-04-27T09:20:11Z</time>
      </trkpt>
      <trkpt lat="22.228713" lon="113.2948">
        <ele>0.9</ele>
        <time>2024-04-27T09:20:12Z</time>
      </trkpt>
      <trkpt lat="22.228667" lon="113.294832">
        <ele>0.9</ele>
        <time>2024-04-27T09:20:13Z</time>
      </trkpt>
      <trkpt lat="22.228617" lon="113.294861">
        <ele>0.9</ele>
        <time>2024-04-27T09:20:14Z</time>
      </trkpt>
      <trkpt lat="22.228567" lon="113.294899">
        <ele>1</ele>
        <time>2024-04-27T09:20:15Z</time>
      </trkpt>
      <trkpt lat="22.228523" lon="113.294938">
        <ele>1</ele>
        <time>2024-04-27T09:20:16Z</time>
      </trkpt>
      <trkpt lat="22.228484" lon="113.294982">
        <ele>1</ele>
        <time>2024-04-27T09:20:17Z</time>
      </trkpt>
      <trkpt lat="22.228443" lon="113.295029">
        <ele>1</ele>
        <time>2024-04-27T09:20:18Z</time>
      </trkpt>
      <trkpt lat="22.228398" lon="113.295067">
        <ele>1</ele>
        <time>2024-04-27T09:20:19Z</time>
      </trkpt>
      <trkpt lat="22.228349" lon="113.295102">
        <ele>1</ele>
        <time>2024-04-27T09:20:20Z</time>
      </trkpt>
      <trkpt lat="22.228305" lon="113.295136">
        <ele>1</ele>
        <time>2024-04-27T09:20:21Z</time>
      </trkpt>
      <trkpt lat="22.228261" lon="113.295174">
        <ele>1.1</ele>
        <time>2024-04-27T09:20:22Z</time>
      </trkpt>
      <trkpt lat="22.228214" lon="113.295212">
        <ele>1.1</ele>
        <time>2024-04-27T09:20:23Z</time>
      </trkpt>
      <trkpt lat="22.228169" lon="113.295251">
        <ele>1.1</ele>
        <time>2024-04-27T09:20:24Z</time>
      </trkpt>
      <trkpt lat="22.228122" lon="113.295289">
        <ele>1.1</ele>
        <time>2024-04-27T09:20:25Z</time>
      </trkpt>
      <trkpt lat="22.228076" lon="113.295327">
        <ele>1.1</ele>
        <time>2024-04-27T09:20:26Z</time>
      </trkpt>
      <trkpt lat="22.228034" lon="113.295362">
        <ele>1.1</ele>
        <time>2024-04-27T09:20:27Z</time>
      </trkpt>
      <trkpt lat="22.227991" lon="113.295396">
        <ele>1.1</ele>
        <time>2024-04-27T09:20:28Z</time>
      </trkpt>
      <trkpt lat="22.227949" lon="113.295434">
        <ele>1.2</ele>
        <time>2024-04-27T09:20:29Z</time>
      </trkpt>
      <trkpt lat="22.22791" lon="113.295472">
        <ele>1.2</ele>
        <time>2024-04-27T09:20:30Z</time>
      </trkpt>
      <trkpt lat="22.227867" lon="113.295507">
        <ele>1.2</ele>
        <time>2024-04-27T09:20:31Z</time>
      </trkpt>
      <trkpt lat="22.227827" lon="113.29554">
        <ele>1.2</ele>
        <time>2024-04-27T09:20:32Z</time>
      </trkpt>
      <trkpt lat="22.227799" lon="113.295572">
        <ele>1.2</ele>
        <time>2024-04-27T09:20:33Z</time>
      </trkpt>
      <trkpt lat="22.22778" lon="113.295598">
        <ele>1.2</ele>
        <time>2024-04-27T09:20:34Z</time>
      </trkpt>
      <trkpt lat="22.227779" lon="113.295628">
        <ele>1.2</ele>
        <time>2024-04-27T09:20:35Z</time>
      </trkpt>
      <trkpt lat="22.227804" lon="113.295659">
        <ele>1.2</ele>
        <time>2024-04-27T09:20:36Z</time>
      </trkpt>
      <trkpt lat="22.227831" lon="113.295687">
        <ele>1.2</ele>
        <time>2024-04-27T09:20:37Z</time>
      </trkpt>
      <trkpt lat="22.227839" lon="113.295716">
        <ele>1.2</ele>
        <time>2024-04-27T09:20:38Z</time>
      </trkpt>
      <trkpt lat="22.227821" lon="113.295757">
        <ele>1.2</ele>
        <time>2024-04-27T09:20:39Z</time>
      </trkpt>
      <trkpt lat="22.227779" lon="113.295797">
        <ele>1.3</ele>
        <time>2024-04-27T09:20:40Z</time>
      </trkpt>
      <trkpt lat="22.227736" lon="113.295827">
        <ele>1.3</ele>
        <time>2024-04-27T09:20:41Z</time>
      </trkpt>
      <trkpt lat="22.227698" lon="113.295851">
        <ele>1.3</ele>
        <time>2024-04-27T09:20:42Z</time>
      </trkpt>
      <trkpt lat="22.22766" lon="113.29587">
        <ele>1.3</ele>
        <time>2024-04-27T09:20:43Z</time>
      </trkpt>
      <trkpt lat="22.227621" lon="113.295896">
        <ele>1.3</ele>
        <time>2024-04-27T09:20:44Z</time>
      </trkpt>
      <trkpt lat="22.227584" lon="113.295923">
        <ele>1.3</ele>
        <time>2024-04-27T09:20:45Z</time>
      </trkpt>
      <trkpt lat="22.227545" lon="113.295946">
        <ele>1.3</ele>
        <time>2024-04-27T09:20:46Z</time>
      </trkpt>
      <trkpt lat="22.227506" lon="113.295972">
        <ele>1.3</ele>
        <time>2024-04-27T09:20:47Z</time>
      </trkpt>
      <trkpt lat="22.227475" lon="113.296003">
        <ele>1.3</ele>
        <time>2024-04-27T09:20:48Z</time>
      </trkpt>
      <trkpt lat="22.227453" lon="113.296036">
        <ele>1.4</ele>
        <time>2024-04-27T09:20:49Z</time>
      </trkpt>
      <trkpt lat="22.227437" lon="113.296074">
        <ele>1.4</ele>
        <time>2024-04-27T09:20:50Z</time>
      </trkpt>
      <trkpt lat="22.22742" lon="113.296115">
        <ele>1.5</ele>
        <time>2024-04-27T09:20:51Z</time>
      </trkpt>
      <trkpt lat="22.227398" lon="113.296158">
        <ele>1.6</ele>
        <time>2024-04-27T09:20:52Z</time>
      </trkpt>
      <trkpt lat="22.227381" lon="113.2962">
        <ele>1.7</ele>
        <time>2024-04-27T09:20:53Z</time>
      </trkpt>
      <trkpt lat="22.227368" lon="113.296245">
        <ele>1.8</ele>
        <time>2024-04-27T09:20:54Z</time>
      </trkpt>
      <trkpt lat="22.227352" lon="113.296285">
        <ele>1.9</ele>
        <time>2024-04-27T09:20:55Z</time>
      </trkpt>
      <trkpt lat="22.227323" lon="113.296315">
        <ele>1.9</ele>
        <time>2024-04-27T09:20:56Z</time>
      </trkpt>
      <trkpt lat="22.227283" lon="113.29634">
        <ele>2</ele>
        <time>2024-04-27T09:20:57Z</time>
      </trkpt>
      <trkpt lat="22.227244" lon="113.296352">
        <ele>2.1</ele>
        <time>2024-04-27T09:20:58Z</time>
      </trkpt>
      <trkpt lat="22.227213" lon="113.296362">
        <ele>2.2</ele>
        <time>2024-04-27T09:20:59Z</time>
      </trkpt>
      <trkpt lat="22.22719" lon="113.296384">
        <ele>2.2</ele>
        <time>2024-04-27T09:21:00Z</time>
      </trkpt>
      <trkpt lat="22.227182" lon="113.296421">
        <ele>2.3</ele>
        <time>2024-04-27T09:21:01Z</time>
      </trkpt>
      <trkpt lat="22.227191" lon="113.29646">
        <ele>2.4</ele>
        <time>2024-04-27T09:21:02Z</time>
      </trkpt>
      <trkpt lat="22.227212" lon="113.296494">
        <ele>2.4</ele>
        <time>2024-04-27T09:21:03Z</time>
      </trkpt>
      <trkpt lat="22.227236" lon="113.296532">
        <ele>2.5</ele>
        <time>2024-04-27T09:21:04Z</time>
      </trkpt>
      <trkpt lat="22.227259" lon="113.29657">
        <ele>2.6</ele>
        <time>2024-04-27T09:21:05Z</time>
      </trkpt>
      <trkpt lat="22.227281" lon="113.296611">
        <ele>2.7</ele>
        <time>2024-04-27T09:21:06Z</time>
      </trkpt>
      <trkpt lat="22.227305" lon="113.296654">
        <ele>2.8</ele>
        <time>2024-04-27T09:21:07Z</time>
      </trkpt>
      <trkpt lat="22.227331" lon="113.296695">
        <ele>2.9</ele>
        <time>2024-04-27T09:21:08Z</time>
      </trkpt>
      <trkpt lat="22.227356" lon="113.296741">
        <ele>3</ele>
        <time>2024-04-27T09:21:09Z</time>
      </trkpt>
      <trkpt lat="22.227378" lon="113.296784">
        <ele>3.1</ele>
        <time>2024-04-27T09:21:10Z</time>
      </trkpt>
      <trkpt lat="22.227397" lon="113.296822">
        <ele>3.1</ele>
        <time>2024-04-27T09:21:11Z</time>
      </trkpt>
      <trkpt lat="22.227412" lon="113.296857">
        <ele>3.2</ele>
        <time>2024-04-27T09:21:12Z</time>
      </trkpt>
      <trkpt lat="22.227427" lon="113.296887">
        <ele>3.3</ele>
        <time>2024-04-27T09:21:13Z</time>
      </trkpt>
      <trkpt lat="22.227444" lon="113.296918">
        <ele>3.3</ele>
        <time>2024-04-27T09:21:14Z</time>
      </trkpt>
      <trkpt lat="22.227465" lon="113.296952">
        <ele>3.4</ele>
        <time>2024-04-27T09:21:15Z</time>
      </trkpt>
      <trkpt lat="22.227484" lon="113.296987">
        <ele>3.5</ele>
        <time>2024-04-27T09:21:16Z</time>
      </trkpt>
      <trkpt lat="22.227497" lon="113.29702">
        <ele>3.5</ele>
        <time>2024-04-27T09:21:17Z</time>
      </trkpt>
      <trkpt lat="22.227505" lon="113.297055">
        <ele>3.6</ele>
        <time>2024-04-27T09:21:18Z</time>
      </trkpt>
      <trkpt lat="22.22751" lon="113.297086">
        <ele>3.7</ele>
        <time>2024-04-27T09:21:19Z</time>
      </trkpt>
      <trkpt lat="22.22751" lon="113.29712">
        <ele>3.7</ele>
        <time>2024-04-27T09:21:20Z</time>
      </trkpt>
      <trkpt lat="22.227502" lon="113.297158">
        <ele>3.8</ele>
        <time>2024-04-27T09:21:21Z</time>
      </trkpt>
      <trkpt lat="22.22749" lon="113.297199">
        <ele>3.9</ele>
        <time>2024-04-27T09:21:22Z</time>
      </trkpt>
      <trkpt lat="22.227483" lon="113.297245">
        <ele>3.9</ele>
        <time>2024-04-27T09:21:23Z</time>
      </trkpt>
      <trkpt lat="22.227488" lon="113.297294">
        <ele>4</ele>
        <time>2024-04-27T09:21:24Z</time>
      </trkpt>
      <trkpt lat="22.227509" lon="113.297344">
        <ele>4.1</ele>
        <time>2024-04-27T09:21:25Z</time>
      </trkpt>
      <trkpt lat="22.227537" lon="113.297386">
        <ele>4.2</ele>
        <time>2024-04-27T09:21:26Z</time>
      </trkpt>
      <trkpt lat="22.227559" lon="113.297428">
        <ele>4.3</ele>
        <time>2024-04-27T09:21:27Z</time>
      </trkpt>
      <trkpt lat="22.227575" lon="113.297477">
        <ele>4.4</ele>
        <time>2024-04-27T09:21:28Z</time>
      </trkpt>
      <trkpt lat="22.227591" lon="113.297527">
        <ele>4.5</ele>
        <time>2024-04-27T09:21:29Z</time>
      </trkpt>
      <trkpt lat="22.227611" lon="113.297573">
        <ele>4.6</ele>
        <time>2024-04-27T09:21:30Z</time>
      </trkpt>
      <trkpt lat="22.227629" lon="113.297615">
        <ele>4.7</ele>
        <time>2024-04-27T09:21:31Z</time>
      </trkpt>
      <trkpt lat="22.227648" lon="113.29766">
        <ele>4.8</ele>
        <time>2024-04-27T09:21:32Z</time>
      </trkpt>
      <trkpt lat="22.227667" lon="113.297704">
        <ele>4.8</ele>
        <time>2024-04-27T09:21:33Z</time>
      </trkpt>
      <trkpt lat="22.227684" lon="113.297744">
        <ele>4.9</ele>
        <time>2024-04-27T09:21:34Z</time>
      </trkpt>
      <trkpt lat="22.227706" lon="113.297794">
        <ele>5</ele>
        <time>2024-04-27T09:21:35Z</time>
      </trkpt>
      <trkpt lat="22.227725" lon="113.297843">
        <ele>5</ele>
        <time>2024-04-27T09:21:36Z</time>
      </trkpt>
      <trkpt lat="22.227741" lon="113.29789">
        <ele>5.1</ele>
        <time>2024-04-27T09:21:37Z</time>
      </trkpt>
      <trkpt lat="22.227757" lon="113.297931">
        <ele>5.2</ele>
        <time>2024-04-27T09:21:38Z</time>
      </trkpt>
      <trkpt lat="22.227775" lon="113.297974">
        <ele>5.2</ele>
        <time>2024-04-27T09:21:39Z</time>
      </trkpt>
      <trkpt lat="22.227796" lon="113.298018">
        <ele>5.3</ele>
        <time>2024-04-27T09:21:40Z</time>
      </trkpt>
      <trkpt lat="22.227821" lon="113.298072">
        <ele>5.4</ele>
        <time>2024-04-27T09:21:41Z</time>
      </trkpt>
      <trkpt lat="22.227844" lon="113.298122">
        <ele>5.4</ele>
        <time>2024-04-27T09:21:42Z</time>
      </trkpt>
      <trkpt lat="22.227861" lon="113.298171">
        <ele>5.5</ele>
        <time>2024-04-27T09:21:43Z</time>
      </trkpt>
      <trkpt lat="22.227878" lon="113.298225">
        <ele>5.6</ele>
        <time>2024-04-27T09:21:44Z</time>
      </trkpt>
      <trkpt lat="22.227894" lon="113.298275">
        <ele>5.7</ele>
        <time>2024-04-27T09:21:45Z</time>
      </trkpt>
      <trkpt lat="22.22791" lon="113.298323">
        <ele>5.7</ele>
        <time>2024-04-27T09:21:46Z</time>
      </trkpt>
      <trkpt lat="22.227927" lon="113.298367">
        <ele>5.8</ele>
        <time>2024-04-27T09:21:47Z</time>
      </trkpt>
      <trkpt lat="22.227942" lon="113.298398">
        <ele>5.8</ele>
        <time>2024-04-27T09:21:48Z</time>
      </trkpt>
      <trkpt lat="22.227963" lon="113.298435">
        <ele>5.9</ele>
        <time>2024-04-27T09:21:49Z</time>
      </trkpt>
      <trkpt lat="22.227982" lon="113.298481">
        <ele>6</ele>
        <time>2024-04-27T09:21:50Z</time>
      </trkpt>
      <trkpt lat="22.228" lon="113.29853">
        <ele>6</ele>
        <time>2024-04-27T09:21:51Z</time>
      </trkpt>
      <trkpt lat="22.228019" lon="113.29858">
        <ele>6.1</ele>
        <time>2024-04-27T09:21:52Z</time>
      </trkpt>
      <trkpt lat="22.228039" lon="113.298626">
        <ele>6.2</ele>
        <time>2024-04-27T09:21:53Z</time>
      </trkpt>
      <trkpt lat="22.22806" lon="113.298672">
        <ele>6.2</ele>
        <time>2024-04-27T09:21:54Z</time>
      </trkpt>
      <trkpt lat="22.228081" lon="113.29872">
        <ele>6.3</ele>
        <time>2024-04-27T09:21:55Z</time>
      </trkpt>
      <trkpt lat="22.228101" lon="113.298774">
        <ele>6.4</ele>
        <time>2024-04-27T09:21:56Z</time>
      </trkpt>
      <trkpt lat="22.228121" lon="113.298824">
        <ele>6.4</ele>
        <time>2024-04-27T09:21:57Z</time>
      </trkpt>
      <trkpt lat="22.22814" lon="113.298873">
        <ele>6.5</ele>
        <time>2024-04-27T09:21:58Z</time>
      </trkpt>
      <trkpt lat="22.228161" lon="113.298926">
        <ele>6.6</ele>
        <time>2024-04-27T09:21:59Z</time>
      </trkpt>
      <trkpt lat="22.228179" lon="113.298971">
        <ele>6.7</ele>
        <time>2024-04-27T09:22:00Z</time>
      </trkpt>
      <trkpt lat="22.228197" lon="113.299014">
        <ele>6.7</ele>
        <time>2024-04-27T09:22:01Z</time>
      </trkpt>
      <trkpt lat="22.228218" lon="113.299065">
        <ele>6.8</ele>
        <time>2024-04-27T09:22:02Z</time>
      </trkpt>
      <trkpt lat="22.228234" lon="113.299109">
        <ele>6.9</ele>
        <time>2024-04-27T09:22:03Z</time>
      </trkpt>
      <trkpt lat="22.228255" lon="113.29916">
        <ele>6.9</ele>
        <time>2024-04-27T09:22:04Z</time>
      </trkpt>
      <trkpt lat="22.228274" lon="113.299205">
        <ele>7</ele>
        <time>2024-04-27T09:22:05Z</time>
      </trkpt>
      <trkpt lat="22.228295" lon="113.299254">
        <ele>7.1</ele>
        <time>2024-04-27T09:22:06Z</time>
      </trkpt>
      <trkpt lat="22.228315" lon="113.299301">
        <ele>7.1</ele>
        <time>2024-04-27T09:22:07Z</time>
      </trkpt>
      <trkpt lat="22.228332" lon="113.299343">
        <ele>7.2</ele>
        <time>2024-04-27T09:22:08Z</time>
      </trkpt>
      <trkpt lat="22.228348" lon="113.299385">
        <ele>7.3</ele>
        <time>2024-04-27T09:22:09Z</time>
      </trkpt>
      <trkpt lat="22.228366" lon="113.299426">
        <ele>7.3</ele>
        <time>2024-04-27T09:22:10Z</time>
      </trkpt>
      <trkpt lat="22.228386" lon="113.299472">
        <ele>7.4</ele>
        <time>2024-04-27T09:22:11Z</time>
      </trkpt>
      <trkpt lat="22.228407" lon="113.299518">
        <ele>7.4</ele>
        <time>2024-04-27T09:22:12Z</time>
      </trkpt>
      <trkpt lat="22.228427" lon="113.299558">
        <ele>7.4</ele>
        <time>2024-04-27T09:22:13Z</time>
      </trkpt>
      <trkpt lat="22.228445" lon="113.299592">
        <ele>7.4</ele>
        <time>2024-04-27T09:22:14Z</time>
      </trkpt>
      <trkpt lat="22.228468" lon="113.299623">
        <ele>7.4</ele>
        <time>2024-04-27T09:22:15Z</time>
      </trkpt>
      <trkpt lat="22.228492" lon="113.299637">
        <ele>7.4</ele>
        <time>2024-04-27T09:22:16Z</time>
      </trkpt>
      <trkpt lat="22.228517" lon="113.299643">
        <ele>7.4</ele>
        <time>2024-04-27T09:22:17Z</time>
      </trkpt>
      <trkpt lat="22.228543" lon="113.299662">
        <ele>7.4</ele>
        <time>2024-04-27T09:22:18Z</time>
      </trkpt>
      <trkpt lat="22.228557" lon="113.299691">
        <ele>7.4</ele>
        <time>2024-04-27T09:22:19Z</time>
      </trkpt>
      <trkpt lat="22.228572" lon="113.299726">
        <ele>7.4</ele>
        <time>2024-04-27T09:22:20Z</time>
      </trkpt>
      <trkpt lat="22.228587" lon="113.29975">
        <ele>7.4</ele>
        <time>2024-04-27T09:22:21Z</time>
      </trkpt>
      <trkpt lat="22.228607" lon="113.299765">
        <ele>7.4</ele>
        <time>2024-04-27T09:22:22Z</time>
      </trkpt>
      <trkpt lat="22.22863" lon="113.29978">
        <ele>7.4</ele>
        <time>2024-04-27T09:22:23Z</time>
      </trkpt>
      <trkpt lat="22.228648" lon="113.299796">
        <ele>7.4</ele>
        <time>2024-04-27T09:22:24Z</time>
      </trkpt>
      <trkpt lat="22.22866" lon="113.299814">
        <ele>7.4</ele>
        <time>2024-04-27T09:22:25Z</time>
      </trkpt>
      <trkpt lat="22.228673" lon="113.29984">
        <ele>7.4</ele>
        <time>2024-04-27T09:22:26Z</time>
      </trkpt>
      <trkpt lat="22.22869" lon="113.299864">
        <ele>7.4</ele>
        <time>2024-04-27T09:22:27Z</time>
      </trkpt>
      <trkpt lat="22.228713" lon="113.299883">
        <ele>7.4</ele>
        <time>2024-04-27T09:22:28Z</time>
      </trkpt>
      <trkpt lat="22.228751" lon="113.299906">
        <ele>7.4</ele>
        <time>2024-04-27T09:22:29Z</time>
      </trkpt>
      <trkpt lat="22.228795" lon="113.299931">
        <ele>7.4</ele>
        <time>2024-04-27T09:22:30Z</time>
      </trkpt>
      <trkpt lat="22.228843" lon="113.299959">
        <ele>7.4</ele>
        <time>2024-04-27T09:22:31Z</time>
      </trkpt>
      <trkpt lat="22.228893" lon="113.299985">
        <ele>7.4</ele>
        <time>2024-04-27T09:22:32Z</time>
      </trkpt>
      <trkpt lat="22.228944" lon="113.300013">
        <ele>7.4</ele>
        <time>2024-04-27T09:22:33Z</time>
      </trkpt>
      <trkpt lat="22.228996" lon="113.300042">
        <ele>7.4</ele>
        <time>2024-04-27T09:22:34Z</time>
      </trkpt>
      <trkpt lat="22.229046" lon="113.300077">
        <ele>7.4</ele>
        <time>2024-04-27T09:22:35Z</time>
      </trkpt>
      <trkpt lat="22.229098" lon="113.300111">
        <ele>7.4</ele>
        <time>2024-04-27T09:22:36Z</time>
      </trkpt>
      <trkpt lat="22.229144" lon="113.300149">
        <ele>7.4</ele>
        <time>2024-04-27T09:22:37Z</time>
      </trkpt>
      <trkpt lat="22.229177" lon="113.300183">
        <ele>7.4</ele>
        <time>2024-04-27T09:22:38Z</time>
      </trkpt>
      <trkpt lat="22.229195" lon="113.300217">
        <ele>7.4</ele>
        <time>2024-04-27T09:22:39Z</time>
      </trkpt>
      <trkpt lat="22.229191" lon="113.300256">
        <ele>7.4</ele>
        <time>2024-04-27T09:22:40Z</time>
      </trkpt>
      <trkpt lat="22.229165" lon="113.300294">
        <ele>7.4</ele>
        <time>2024-04-27T09:22:41Z</time>
      </trkpt>
      <trkpt lat="22.229134" lon="113.300329">
        <ele>7.4</ele>
        <time>2024-04-27T09:22:42Z</time>
      </trkpt>
      <trkpt lat="22.229097" lon="113.300353">
        <ele>7.4</ele>
        <time>2024-04-27T09:22:43Z</time>
      </trkpt>
      <trkpt lat="22.229055" lon="113.300368">
        <ele>7.4</ele>
        <time>2024-04-27T09:22:44Z</time>
      </trkpt>
      <trkpt lat="22.229023" lon="113.300386">
        <ele>7.4</ele>
        <time>2024-04-27T09:22:45Z</time>
      </trkpt>
      <trkpt lat="22.229" lon="113.300413">
        <ele>7.4</ele>
        <time>2024-04-27T09:22:46Z</time>
      </trkpt>
      <trkpt lat="22.228984" lon="113.300443">
        <ele>7.4</ele>
        <time>2024-04-27T09:22:47Z</time>
      </trkpt>
      <trkpt lat="22.228966" lon="113.30048">
        <ele>7.4</ele>
        <time>2024-04-27T09:22:48Z</time>
      </trkpt>
      <trkpt lat="22.228952" lon="113.300526">
        <ele>7.4</ele>
        <time>2024-04-27T09:22:49Z</time>
      </trkpt>
      <trkpt lat="22.228945" lon="113.300571">
        <ele>7.4</ele>
        <time>2024-04-27T09:22:50Z</time>
      </trkpt>
      <trkpt lat="22.22894" lon="113.300614">
        <ele>7.4</ele>
        <time>2024-04-27T09:22:51Z</time>
      </trkpt>
      <trkpt lat="22.228937" lon="113.300655">
        <ele>7.4</ele>
        <time>2024-04-27T09:22:52Z</time>
      </trkpt>
      <trkpt lat="22.228937" lon="113.300701">
        <ele>7.4</ele>
        <time>2024-04-27T09:22:53Z</time>
      </trkpt>
      <trkpt lat="22.228937" lon="113.300747">
        <ele>7.4</ele>
        <time>2024-04-27T09:22:54Z</time>
      </trkpt>
      <trkpt lat="22.22894" lon="113.300796">
        <ele>7.4</ele>
        <time>2024-04-27T09:22:55Z</time>
      </trkpt>
      <trkpt lat="22.228945" lon="113.300843">
        <ele>7.4</ele>
        <time>2024-04-27T09:22:56Z</time>
      </trkpt>
      <trkpt lat="22.228952" lon="113.30088">
        <ele>7.4</ele>
        <time>2024-04-27T09:22:57Z</time>
      </trkpt>
      <trkpt lat="22.228959" lon="113.300915">
        <ele>7.4</ele>
        <time>2024-04-27T09:22:58Z</time>
      </trkpt>
      <trkpt lat="22.228967" lon="113.30094">
        <ele>7.4</ele>
        <time>2024-04-27T09:22:59Z</time>
      </trkpt>
      <trkpt lat="22.22898" lon="113.300952">
        <ele>7.4</ele>
        <time>2024-04-27T09:23:00Z</time>
      </trkpt>
      <trkpt lat="22.228999" lon="113.30096">
        <ele>7.4</ele>
        <time>2024-04-27T09:23:01Z</time>
      </trkpt>
      <trkpt lat="22.229013" lon="113.300958">
        <ele>7.4</ele>
        <time>2024-04-27T09:23:02Z</time>
      </trkpt>
      <trkpt lat="22.229017" lon="113.300943">
        <ele>7.4</ele>
        <time>2024-04-27T09:23:03Z</time>
      </trkpt>
      <trkpt lat="22.229023" lon="113.300931">
        <ele>7.4</ele>
        <time>2024-04-27T09:23:04Z</time>
      </trkpt>
      <trkpt lat="22.229034" lon="113.300921">
        <ele>7.4</ele>
        <time>2024-04-27T09:23:05Z</time>
      </trkpt>
      <trkpt lat="22.229045" lon="113.300905">
        <ele>7.4</ele>
        <time>2024-04-27T09:23:06Z</time>
      </trkpt>
      <trkpt lat="22.229052" lon="113.300888">
        <ele>7.4</ele>
        <time>2024-04-27T09:23:07Z</time>
      </trkpt>
      <trkpt lat="22.229058" lon="113.300867">
        <ele>7.4</ele>
        <time>2024-04-27T09:23:08Z</time>
      </trkpt>
      <trkpt lat="22.229065" lon="113.300838">
        <ele>7.4</ele>
        <time>2024-04-27T09:23:09Z</time>
      </trkpt>
      <trkpt lat="22.229076" lon="113.300793">
        <ele>7.4</ele>
        <time>2024-04-27T09:23:10Z</time>
      </trkpt>
      <trkpt lat="22.229077" lon="113.300762">
        <ele>7.4</ele>
        <time>2024-04-27T09:23:11Z</time>
      </trkpt>
      <trkpt lat="22.229078" lon="113.30074">
        <ele>7.4</ele>
        <time>2024-04-27T09:23:12Z</time>
      </trkpt>
      <trkpt lat="22.229077" lon="113.300733">
        <ele>7.4</ele>
        <time>2024-04-27T09:23:13Z</time>
      </trkpt>
      <trkpt lat="22.229082" lon="113.300722">
        <ele>7.4</ele>
        <time>2024-04-27T09:23:14Z</time>
      </trkpt>
      <trkpt lat="22.22909" lon="113.300712">
        <ele>7.4</ele>
        <time>2024-04-27T09:23:15Z</time>
      </trkpt>
      <trkpt lat="22.229091" lon="113.300712">
        <ele>7.4</ele>
        <time>2024-04-27T09:23:16Z</time>
      </trkpt>
      <trkpt lat="22.229092" lon="113.300711">
        <ele>7.4</ele>
        <time>2024-04-27T09:23:17Z</time>
      </trkpt>
      <trkpt lat="22.229092" lon="113.30071">
        <ele>7.4</ele>
        <time>2024-04-27T09:23:18Z</time>
      </trkpt>
      <trkpt lat="22.229093" lon="113.300709">
        <ele>7.4</ele>
        <time>2024-04-27T09:23:19Z</time>
      </trkpt>
      <trkpt lat="22.229094" lon="113.300709">
        <ele>7.4</ele>
        <time>2024-04-27T09:23:20Z</time>
      </trkpt>
      <trkpt lat="22.229095" lon="113.300708">
        <ele>7.4</ele>
        <time>2024-04-27T09:23:21Z</time>
      </trkpt>
      <trkpt lat="22.229095" lon="113.300707">
        <ele>7.4</ele>
        <time>2024-04-27T09:23:22Z</time>
      </trkpt>
      <trkpt lat="22.229096" lon="113.300706">
        <ele>7.4</ele>
        <time>2024-04-27T09:23:23Z</time>
      </trkpt>
      <trkpt lat="22.229097" lon="113.300705">
        <ele>7.4</ele>
        <time>2024-04-27T09:23:24Z</time>
      </trkpt>
      <trkpt lat="22.229097" lon="113.300705">
        <ele>7.4</ele>
        <time>2024-04-27T09:23:25Z</time>
      </trkpt>
    </trkseg>
  </trk>
</gpx>