<?xml version="1.0" encoding="UTF-8"?>
<gpx xmlns="http://www.topografix.com/GPX/1/1" xmlns:xsi="http://www.w3.org/2001/XMLSchema-instance" xsi:schemaLocation="http://www.topografix.com/GPX/1/1 http://www.topografix.com/GPX/1/1/gpx.xsd" version="1.1" creator="鹏">
  <metadata>
    <name>🚴XC (Completed)</name>
    <desc>Distance: 17.082km, Estimated duration: 0.93h, Elevation up: 43.57842098048176m, Elevation down: 43.8887152220166m</desc>
    <author>
      <name>鹏</name>
      <link href="https://www.komoot.de/user/3342641231843">
        <text>View 鹏's Profile on Komoot</text>
      </link>
    </author>
    <link href="https://www.komoot.de/tour/1607659327">
      <text>View tour on Komoot</text>
    </link>
  </metadata>
  <trk>
    <name>🚴XC (Completed)</name>
    <desc>Distance: 17.082km, Estimated duration: 0.93h, Elevation up: 43.57842098048176m, Elevation down: 43.8887152220166m</desc>
    <link href="https://www.komoot.de/tour/1607659327">
      <text>View tour on Komoot</text>
    </link>
    <trkseg>
      <trkpt lat="22.226072" lon="113.301552">
        <ele>10.8</ele>
        <time>2024-05-26T10:53:32Z</time>
      </trkpt>
      <trkpt lat="22.226072" lon="113.301552">
        <ele>10.8</ele>
        <time>2024-05-26T10:53:33Z</time>
      </trkpt>
      <trkpt lat="22.226075" lon="113.301552">
        <ele>10.8</ele>
        <time>2024-05-26T10:53:34Z</time>
      </trkpt>
      <trkpt lat="22.226078" lon="113.301552">
        <ele>10.8</ele>
        <time>2024-05-26T10:53:35Z</time>
      </trkpt>
      <trkpt lat="22.226081" lon="113.301552">
        <ele>10.8</ele>
        <time>2024-05-26T10:53:36Z</time>
      </trkpt>
      <trkpt lat="22.226085" lon="113.301552">
        <ele>10.8</ele>
        <time>2024-05-26T10:53:37Z</time>
      </trkpt>
      <trkpt lat="22.226089" lon="113.301552">
        <ele>10.8</ele>
        <time>2024-05-26T10:53:38Z</time>
      </trkpt>
      <trkpt lat="22.226102" lon="113.301526">
        <ele>10.8</ele>
        <time>2024-05-26T10:53:39Z</time>
      </trkpt>
      <trkpt lat="22.226134" lon="113.301475">
        <ele>10.8</ele>
        <time>2024-05-26T10:53:40Z</time>
      </trkpt>
      <trkpt lat="22.226154" lon="113.301443">
        <ele>10.8</ele>
        <time>2024-05-26T10:53:41Z</time>
      </trkpt>
      <trkpt lat="22.226149" lon="113.301438">
        <ele>10.8</ele>
        <time>2024-05-26T10:53:42Z</time>
      </trkpt>
      <trkpt lat="22.22615" lon="113.301444">
        <ele>10.8</ele>
        <time>2024-05-26T10:53:43Z</time>
      </trkpt>
      <trkpt lat="22.226152" lon="113.301451">
        <ele>10.8</ele>
        <time>2024-05-26T10:53:44Z</time>
      </trkpt>
      <trkpt lat="22.226152" lon="113.301459">
        <ele>10.8</ele>
        <time>2024-05-26T10:53:45Z</time>
      </trkpt>
      <trkpt lat="22.226112" lon="113.301614">
        <ele>10.8</ele>
        <time>2024-05-26T10:54:06Z</time>
      </trkpt>
      <trkpt lat="22.226117" lon="113.301644">
        <ele>10.8</ele>
        <time>2024-05-26T10:54:07Z</time>
      </trkpt>
      <trkpt lat="22.226124" lon="113.301675">
        <ele>10.8</ele>
        <time>2024-05-26T10:54:08Z</time>
      </trkpt>
      <trkpt lat="22.22613" lon="113.301712">
        <ele>10.8</ele>
        <time>2024-05-26T10:54:09Z</time>
      </trkpt>
      <trkpt lat="22.226133" lon="113.301743">
        <ele>10.8</ele>
        <time>2024-05-26T10:54:10Z</time>
      </trkpt>
      <trkpt lat="22.226129" lon="113.301781">
        <ele>10.8</ele>
        <time>2024-05-26T10:54:11Z</time>
      </trkpt>
      <trkpt lat="22.226119" lon="113.301812">
        <ele>10.8</ele>
        <time>2024-05-26T10:54:12Z</time>
      </trkpt>
      <trkpt lat="22.226101" lon="113.301843">
        <ele>10.8</ele>
        <time>2024-05-26T10:54:13Z</time>
      </trkpt>
      <trkpt lat="22.226079" lon="113.301867">
        <ele>10.8</ele>
        <time>2024-05-26T10:54:14Z</time>
      </trkpt>
      <trkpt lat="22.226053" lon="113.301896">
        <ele>10.8</ele>
        <time>2024-05-26T10:54:15Z</time>
      </trkpt>
      <trkpt lat="22.226025" lon="113.301921">
        <ele>10.8</ele>
        <time>2024-05-26T10:54:16Z</time>
      </trkpt>
      <trkpt lat="22.225998" lon="113.301944">
        <ele>10.8</ele>
        <time>2024-05-26T10:54:17Z</time>
      </trkpt>
      <trkpt lat="22.225977" lon="113.301961">
        <ele>10.8</ele>
        <time>2024-05-26T10:54:18Z</time>
      </trkpt>
      <trkpt lat="22.225962" lon="113.301976">
        <ele>10.8</ele>
        <time>2024-05-26T10:54:19Z</time>
      </trkpt>
      <trkpt lat="22.225958" lon="113.301985">
        <ele>10.8</ele>
        <time>2024-05-26T10:54:20Z</time>
      </trkpt>
      <trkpt lat="22.225952" lon="113.301999">
        <ele>10.8</ele>
        <time>2024-05-26T10:54:21Z</time>
      </trkpt>
      <trkpt lat="22.225944" lon="113.302008">
        <ele>10.8</ele>
        <time>2024-05-26T10:54:22Z</time>
      </trkpt>
      <trkpt lat="22.225941" lon="113.302016">
        <ele>10.8</ele>
        <time>2024-05-26T10:54:23Z</time>
      </trkpt>
      <trkpt lat="22.225936" lon="113.302023">
        <ele>10.8</ele>
        <time>2024-05-26T10:54:24Z</time>
      </trkpt>
      <trkpt lat="22.225929" lon="113.302037">
        <ele>10.8</ele>
        <time>2024-05-26T10:54:25Z</time>
      </trkpt>
      <trkpt lat="22.225911" lon="113.302052">
        <ele>10.8</ele>
        <time>2024-05-26T10:54:26Z</time>
      </trkpt>
      <trkpt lat="22.22589" lon="113.302067">
        <ele>10.8</ele>
        <time>2024-05-26T10:54:27Z</time>
      </trkpt>
      <trkpt lat="22.225863" lon="113.302089">
        <ele>10.8</ele>
        <time>2024-05-26T10:54:28Z</time>
      </trkpt>
      <trkpt lat="22.225834" lon="113.302111">
        <ele>10.8</ele>
        <time>2024-05-26T10:54:29Z</time>
      </trkpt>
      <trkpt lat="22.225802" lon="113.302135">
        <ele>10.8</ele>
        <time>2024-05-26T10:54:30Z</time>
      </trkpt>
      <trkpt lat="22.22577" lon="113.302163">
        <ele>10.7</ele>
        <time>2024-05-26T10:54:31Z</time>
      </trkpt>
      <trkpt lat="22.225739" lon="113.302194">
        <ele>10.7</ele>
        <time>2024-05-26T10:54:32Z</time>
      </trkpt>
      <trkpt lat="22.225713" lon="113.302218">
        <ele>10.7</ele>
        <time>2024-05-26T10:54:33Z</time>
      </trkpt>
      <trkpt lat="22.22569" lon="113.302235">
        <ele>10.6</ele>
        <time>2024-05-26T10:54:34Z</time>
      </trkpt>
      <trkpt lat="22.225669" lon="113.302256">
        <ele>10.6</ele>
        <time>2024-05-26T10:54:35Z</time>
      </trkpt>
      <trkpt lat="22.225641" lon="113.302279">
        <ele>10.6</ele>
        <time>2024-05-26T10:54:36Z</time>
      </trkpt>
      <trkpt lat="22.22561" lon="113.302302">
        <ele>10.6</ele>
        <time>2024-05-26T10:54:37Z</time>
      </trkpt>
      <trkpt lat="22.225579" lon="113.302325">
        <ele>10.5</ele>
        <time>2024-05-26T10:54:38Z</time>
      </trkpt>
      <trkpt lat="22.22555" lon="113.302354">
        <ele>10.5</ele>
        <time>2024-05-26T10:54:39Z</time>
      </trkpt>
      <trkpt lat="22.225521" lon="113.302385">
        <ele>10.5</ele>
        <time>2024-05-26T10:54:40Z</time>
      </trkpt>
      <trkpt lat="22.225491" lon="113.302416">
        <ele>10.4</ele>
        <time>2024-05-26T10:54:41Z</time>
      </trkpt>
      <trkpt lat="22.225464" lon="113.302446">
        <ele>10.4</ele>
        <time>2024-05-26T10:54:42Z</time>
      </trkpt>
      <trkpt lat="22.225438" lon="113.302476">
        <ele>10.4</ele>
        <time>2024-05-26T10:54:43Z</time>
      </trkpt>
      <trkpt lat="22.22542" lon="113.302513">
        <ele>10.3</ele>
        <time>2024-05-26T10:54:44Z</time>
      </trkpt>
      <trkpt lat="22.225413" lon="113.302551">
        <ele>10.3</ele>
        <time>2024-05-26T10:54:45Z</time>
      </trkpt>
      <trkpt lat="22.225411" lon="113.302589">
        <ele>10.3</ele>
        <time>2024-05-26T10:54:46Z</time>
      </trkpt>
      <trkpt lat="22.225424" lon="113.302627">
        <ele>10.2</ele>
        <time>2024-05-26T10:54:47Z</time>
      </trkpt>
      <trkpt lat="22.225443" lon="113.302665">
        <ele>10.2</ele>
        <time>2024-05-26T10:54:48Z</time>
      </trkpt>
      <trkpt lat="22.225472" lon="113.302709">
        <ele>10.2</ele>
        <time>2024-05-26T10:54:49Z</time>
      </trkpt>
      <trkpt lat="22.225504" lon="113.302754">
        <ele>10.1</ele>
        <time>2024-05-26T10:54:50Z</time>
      </trkpt>
      <trkpt lat="22.22554" lon="113.302807">
        <ele>10.1</ele>
        <time>2024-05-26T10:54:51Z</time>
      </trkpt>
      <trkpt lat="22.225572" lon="113.30286">
        <ele>10</ele>
        <time>2024-05-26T10:54:52Z</time>
      </trkpt>
      <trkpt lat="22.225609" lon="113.302914">
        <ele>10</ele>
        <time>2024-05-26T10:54:53Z</time>
      </trkpt>
      <trkpt lat="22.22565" lon="113.302968">
        <ele>9.9</ele>
        <time>2024-05-26T10:54:54Z</time>
      </trkpt>
      <trkpt lat="22.225692" lon="113.303015">
        <ele>9.9</ele>
        <time>2024-05-26T10:54:55Z</time>
      </trkpt>
      <trkpt lat="22.225734" lon="113.303061">
        <ele>9.8</ele>
        <time>2024-05-26T10:54:56Z</time>
      </trkpt>
      <trkpt lat="22.225773" lon="113.303112">
        <ele>9.8</ele>
        <time>2024-05-26T10:54:57Z</time>
      </trkpt>
      <trkpt lat="22.225813" lon="113.303166">
        <ele>9.7</ele>
        <time>2024-05-26T10:54:58Z</time>
      </trkpt>
      <trkpt lat="22.225852" lon="113.303213">
        <ele>9.7</ele>
        <time>2024-05-26T10:54:59Z</time>
      </trkpt>
      <trkpt lat="22.225891" lon="113.303265">
        <ele>9.6</ele>
        <time>2024-05-26T10:55:00Z</time>
      </trkpt>
      <trkpt lat="22.22593" lon="113.303318">
        <ele>9.5</ele>
        <time>2024-05-26T10:55:01Z</time>
      </trkpt>
      <trkpt lat="22.225964" lon="113.303372">
        <ele>9.5</ele>
        <time>2024-05-26T10:55:02Z</time>
      </trkpt>
      <trkpt lat="22.225994" lon="113.30343">
        <ele>9.4</ele>
        <time>2024-05-26T10:55:03Z</time>
      </trkpt>
      <trkpt lat="22.226015" lon="113.303498">
        <ele>9.4</ele>
        <time>2024-05-26T10:55:04Z</time>
      </trkpt>
      <trkpt lat="22.226033" lon="113.303561">
        <ele>9.3</ele>
        <time>2024-05-26T10:55:05Z</time>
      </trkpt>
      <trkpt lat="22.22605" lon="113.303634">
        <ele>9.3</ele>
        <time>2024-05-26T10:55:06Z</time>
      </trkpt>
      <trkpt lat="22.226062" lon="113.303704">
        <ele>9.1</ele>
        <time>2024-05-26T10:55:07Z</time>
      </trkpt>
      <trkpt lat="22.226072" lon="113.303779">
        <ele>8.9</ele>
        <time>2024-05-26T10:55:08Z</time>
      </trkpt>
      <trkpt lat="22.226077" lon="113.303848">
        <ele>8.7</ele>
        <time>2024-05-26T10:55:09Z</time>
      </trkpt>
      <trkpt lat="22.226084" lon="113.303923">
        <ele>8.6</ele>
        <time>2024-05-26T10:55:10Z</time>
      </trkpt>
      <trkpt lat="22.22609" lon="113.304">
        <ele>8.4</ele>
        <time>2024-05-26T10:55:11Z</time>
      </trkpt>
      <trkpt lat="22.226096" lon="113.304071">
        <ele>8.2</ele>
        <time>2024-05-26T10:55:12Z</time>
      </trkpt>
      <trkpt lat="22.226096" lon="113.304145">
        <ele>8</ele>
        <time>2024-05-26T10:55:13Z</time>
      </trkpt>
      <trkpt lat="22.226094" lon="113.304215">
        <ele>7.9</ele>
        <time>2024-05-26T10:55:14Z</time>
      </trkpt>
      <trkpt lat="22.226089" lon="113.304284">
        <ele>7.7</ele>
        <time>2024-05-26T10:55:15Z</time>
      </trkpt>
      <trkpt lat="22.226088" lon="113.304352">
        <ele>7.5</ele>
        <time>2024-05-26T10:55:16Z</time>
      </trkpt>
      <trkpt lat="22.226085" lon="113.304415">
        <ele>7.4</ele>
        <time>2024-05-26T10:55:17Z</time>
      </trkpt>
      <trkpt lat="22.226078" lon="113.304483">
        <ele>7.2</ele>
        <time>2024-05-26T10:55:18Z</time>
      </trkpt>
      <trkpt lat="22.226072" lon="113.304551">
        <ele>7</ele>
        <time>2024-05-26T10:55:19Z</time>
      </trkpt>
      <trkpt lat="22.226064" lon="113.30462">
        <ele>6.9</ele>
        <time>2024-05-26T10:55:20Z</time>
      </trkpt>
      <trkpt lat="22.226055" lon="113.304689">
        <ele>6.7</ele>
        <time>2024-05-26T10:55:21Z</time>
      </trkpt>
      <trkpt lat="22.226046" lon="113.304757">
        <ele>6.6</ele>
        <time>2024-05-26T10:55:22Z</time>
      </trkpt>
      <trkpt lat="22.226036" lon="113.30482">
        <ele>6.4</ele>
        <time>2024-05-26T10:55:23Z</time>
      </trkpt>
      <trkpt lat="22.226024" lon="113.304887">
        <ele>6.2</ele>
        <time>2024-05-26T10:55:24Z</time>
      </trkpt>
      <trkpt lat="22.226009" lon="113.304955">
        <ele>6.1</ele>
        <time>2024-05-26T10:55:25Z</time>
      </trkpt>
      <trkpt lat="22.225989" lon="113.30503">
        <ele>5.9</ele>
        <time>2024-05-26T10:55:26Z</time>
      </trkpt>
      <trkpt lat="22.225967" lon="113.305106">
        <ele>5.7</ele>
        <time>2024-05-26T10:55:27Z</time>
      </trkpt>
      <trkpt lat="22.225944" lon="113.305175">
        <ele>5.5</ele>
        <time>2024-05-26T10:55:28Z</time>
      </trkpt>
      <trkpt lat="22.225917" lon="113.305238">
        <ele>5.3</ele>
        <time>2024-05-26T10:55:29Z</time>
      </trkpt>
      <trkpt lat="22.225888" lon="113.305293">
        <ele>5.2</ele>
        <time>2024-05-26T10:55:30Z</time>
      </trkpt>
      <trkpt lat="22.225862" lon="113.305353">
        <ele>5</ele>
        <time>2024-05-26T10:55:31Z</time>
      </trkpt>
      <trkpt lat="22.225837" lon="113.305414">
        <ele>4.9</ele>
        <time>2024-05-26T10:55:32Z</time>
      </trkpt>
      <trkpt lat="22.22582" lon="113.305481">
        <ele>4.7</ele>
        <time>2024-05-26T10:55:33Z</time>
      </trkpt>
      <trkpt lat="22.225812" lon="113.30555">
        <ele>4.6</ele>
        <time>2024-05-26T10:55:34Z</time>
      </trkpt>
      <trkpt lat="22.22581" lon="113.305613">
        <ele>4.5</ele>
        <time>2024-05-26T10:55:35Z</time>
      </trkpt>
      <trkpt lat="22.225806" lon="113.30568">
        <ele>4.5</ele>
        <time>2024-05-26T10:55:36Z</time>
      </trkpt>
      <trkpt lat="22.225807" lon="113.305742">
        <ele>4.4</ele>
        <time>2024-05-26T10:55:37Z</time>
      </trkpt>
      <trkpt lat="22.225809" lon="113.30581">
        <ele>4.4</ele>
        <time>2024-05-26T10:55:38Z</time>
      </trkpt>
      <trkpt lat="22.225811" lon="113.305872">
        <ele>4.3</ele>
        <time>2024-05-26T10:55:39Z</time>
      </trkpt>
      <trkpt lat="22.225813" lon="113.305933">
        <ele>4.3</ele>
        <time>2024-05-26T10:55:40Z</time>
      </trkpt>
      <trkpt lat="22.225814" lon="113.305994">
        <ele>4.2</ele>
        <time>2024-05-26T10:55:41Z</time>
      </trkpt>
      <trkpt lat="22.225818" lon="113.306056">
        <ele>4.2</ele>
        <time>2024-05-26T10:55:42Z</time>
      </trkpt>
      <trkpt lat="22.225823" lon="113.306116">
        <ele>4.1</ele>
        <time>2024-05-26T10:55:43Z</time>
      </trkpt>
      <trkpt lat="22.225836" lon="113.306177">
        <ele>4.1</ele>
        <time>2024-05-26T10:55:44Z</time>
      </trkpt>
      <trkpt lat="22.225859" lon="113.306239">
        <ele>4</ele>
        <time>2024-05-26T10:55:45Z</time>
      </trkpt>
      <trkpt lat="22.225887" lon="113.3063">
        <ele>4</ele>
        <time>2024-05-26T10:55:46Z</time>
      </trkpt>
      <trkpt lat="22.225917" lon="113.306354">
        <ele>3.9</ele>
        <time>2024-05-26T10:55:47Z</time>
      </trkpt>
      <trkpt lat="22.225951" lon="113.306408">
        <ele>3.9</ele>
        <time>2024-05-26T10:55:48Z</time>
      </trkpt>
      <trkpt lat="22.225982" lon="113.306461">
        <ele>3.8</ele>
        <time>2024-05-26T10:55:49Z</time>
      </trkpt>
      <trkpt lat="22.226006" lon="113.306515">
        <ele>3.7</ele>
        <time>2024-05-26T10:55:50Z</time>
      </trkpt>
      <trkpt lat="22.226023" lon="113.306568">
        <ele>3.7</ele>
        <time>2024-05-26T10:55:51Z</time>
      </trkpt>
      <trkpt lat="22.226033" lon="113.306628">
        <ele>3.7</ele>
        <time>2024-05-26T10:55:52Z</time>
      </trkpt>
      <trkpt lat="22.226033" lon="113.306683">
        <ele>3.6</ele>
        <time>2024-05-26T10:55:53Z</time>
      </trkpt>
      <trkpt lat="22.226026" lon="113.306737">
        <ele>3.6</ele>
        <time>2024-05-26T10:55:54Z</time>
      </trkpt>
      <trkpt lat="22.226014" lon="113.306796">
        <ele>3.5</ele>
        <time>2024-05-26T10:55:55Z</time>
      </trkpt>
      <trkpt lat="22.225999" lon="113.30685">
        <ele>3.5</ele>
        <time>2024-05-26T10:55:56Z</time>
      </trkpt>
      <trkpt lat="22.225987" lon="113.306909">
        <ele>3.4</ele>
        <time>2024-05-26T10:55:57Z</time>
      </trkpt>
      <trkpt lat="22.225977" lon="113.306971">
        <ele>3.4</ele>
        <time>2024-05-26T10:55:58Z</time>
      </trkpt>
      <trkpt lat="22.225972" lon="113.307032">
        <ele>3.3</ele>
        <time>2024-05-26T10:55:59Z</time>
      </trkpt>
      <trkpt lat="22.225967" lon="113.307093">
        <ele>3.3</ele>
        <time>2024-05-26T10:56:00Z</time>
      </trkpt>
      <trkpt lat="22.225961" lon="113.307153">
        <ele>3.2</ele>
        <time>2024-05-26T10:56:01Z</time>
      </trkpt>
      <trkpt lat="22.225952" lon="113.30721">
        <ele>3.2</ele>
        <time>2024-05-26T10:56:02Z</time>
      </trkpt>
      <trkpt lat="22.225937" lon="113.307268">
        <ele>3.1</ele>
        <time>2024-05-26T10:56:03Z</time>
      </trkpt>
      <trkpt lat="22.225915" lon="113.307324">
        <ele>3.1</ele>
        <time>2024-05-26T10:56:04Z</time>
      </trkpt>
      <trkpt lat="22.225898" lon="113.307383">
        <ele>3</ele>
        <time>2024-05-26T10:56:05Z</time>
      </trkpt>
      <trkpt lat="22.225883" lon="113.307445">
        <ele>3</ele>
        <time>2024-05-26T10:56:06Z</time>
      </trkpt>
      <trkpt lat="22.225869" lon="113.307499">
        <ele>3</ele>
        <time>2024-05-26T10:56:07Z</time>
      </trkpt>
      <trkpt lat="22.225857" lon="113.307558">
        <ele>2.9</ele>
        <time>2024-05-26T10:56:08Z</time>
      </trkpt>
      <trkpt lat="22.225846" lon="113.30762">
        <ele>2.9</ele>
        <time>2024-05-26T10:56:09Z</time>
      </trkpt>
      <trkpt lat="22.225834" lon="113.307687">
        <ele>2.9</ele>
        <time>2024-05-26T10:56:10Z</time>
      </trkpt>
      <trkpt lat="22.225822" lon="113.307748">
        <ele>2.9</ele>
        <time>2024-05-26T10:56:11Z</time>
      </trkpt>
      <trkpt lat="22.225805" lon="113.30781">
        <ele>2.8</ele>
        <time>2024-05-26T10:56:12Z</time>
      </trkpt>
      <trkpt lat="22.225791" lon="113.307877">
        <ele>2.8</ele>
        <time>2024-05-26T10:56:13Z</time>
      </trkpt>
      <trkpt lat="22.225776" lon="113.30794">
        <ele>2.8</ele>
        <time>2024-05-26T10:56:14Z</time>
      </trkpt>
      <trkpt lat="22.225761" lon="113.308007">
        <ele>2.8</ele>
        <time>2024-05-26T10:56:15Z</time>
      </trkpt>
      <trkpt lat="22.225747" lon="113.308076">
        <ele>2.7</ele>
        <time>2024-05-26T10:56:16Z</time>
      </trkpt>
      <trkpt lat="22.225734" lon="113.308144">
        <ele>2.7</ele>
        <time>2024-05-26T10:56:17Z</time>
      </trkpt>
      <trkpt lat="22.22572" lon="113.308213">
        <ele>2.7</ele>
        <time>2024-05-26T10:56:18Z</time>
      </trkpt>
      <trkpt lat="22.225709" lon="113.308279">
        <ele>2.7</ele>
        <time>2024-05-26T10:56:19Z</time>
      </trkpt>
      <trkpt lat="22.225696" lon="113.308344">
        <ele>2.6</ele>
        <time>2024-05-26T10:56:20Z</time>
      </trkpt>
      <trkpt lat="22.225682" lon="113.308411">
        <ele>2.6</ele>
        <time>2024-05-26T10:56:21Z</time>
      </trkpt>
      <trkpt lat="22.22567" lon="113.30848">
        <ele>2.6</ele>
        <time>2024-05-26T10:56:22Z</time>
      </trkpt>
      <trkpt lat="22.225657" lon="113.308548">
        <ele>2.5</ele>
        <time>2024-05-26T10:56:23Z</time>
      </trkpt>
      <trkpt lat="22.225637" lon="113.308608">
        <ele>2.5</ele>
        <time>2024-05-26T10:56:24Z</time>
      </trkpt>
      <trkpt lat="22.225613" lon="113.308669">
        <ele>2.5</ele>
        <time>2024-05-26T10:56:25Z</time>
      </trkpt>
      <trkpt lat="22.225591" lon="113.308729">
        <ele>2.5</ele>
        <time>2024-05-26T10:56:26Z</time>
      </trkpt>
      <trkpt lat="22.225575" lon="113.308797">
        <ele>2.4</ele>
        <time>2024-05-26T10:56:27Z</time>
      </trkpt>
      <trkpt lat="22.22556" lon="113.308866">
        <ele>2.4</ele>
        <time>2024-05-26T10:56:28Z</time>
      </trkpt>
      <trkpt lat="22.225546" lon="113.308935">
        <ele>2.4</ele>
        <time>2024-05-26T10:56:29Z</time>
      </trkpt>
      <trkpt lat="22.225533" lon="113.309003">
        <ele>2.4</ele>
        <time>2024-05-26T10:56:30Z</time>
      </trkpt>
      <trkpt lat="22.225518" lon="113.309064">
        <ele>2.3</ele>
        <time>2024-05-26T10:56:31Z</time>
      </trkpt>
      <trkpt lat="22.225503" lon="113.309138">
        <ele>2.3</ele>
        <time>2024-05-26T10:56:32Z</time>
      </trkpt>
      <trkpt lat="22.22549" lon="113.309202">
        <ele>2.3</ele>
        <time>2024-05-26T10:56:33Z</time>
      </trkpt>
      <trkpt lat="22.225476" lon="113.309263">
        <ele>2.3</ele>
        <time>2024-05-26T10:56:34Z</time>
      </trkpt>
      <trkpt lat="22.225457" lon="113.309337">
        <ele>2.3</ele>
        <time>2024-05-26T10:56:35Z</time>
      </trkpt>
      <trkpt lat="22.225438" lon="113.309401">
        <ele>2.3</ele>
        <time>2024-05-26T10:56:36Z</time>
      </trkpt>
      <trkpt lat="22.225421" lon="113.309468">
        <ele>2.3</ele>
        <time>2024-05-26T10:56:37Z</time>
      </trkpt>
      <trkpt lat="22.225402" lon="113.309537">
        <ele>2.4</ele>
        <time>2024-05-26T10:56:38Z</time>
      </trkpt>
      <trkpt lat="22.225384" lon="113.309606">
        <ele>2.4</ele>
        <time>2024-05-26T10:56:39Z</time>
      </trkpt>
      <trkpt lat="22.225375" lon="113.309668">
        <ele>2.4</ele>
        <time>2024-05-26T10:56:40Z</time>
      </trkpt>
      <trkpt lat="22.225368" lon="113.309735">
        <ele>2.4</ele>
        <time>2024-05-26T10:56:41Z</time>
      </trkpt>
      <trkpt lat="22.225357" lon="113.309797">
        <ele>2.5</ele>
        <time>2024-05-26T10:56:42Z</time>
      </trkpt>
      <trkpt lat="22.225344" lon="113.309852">
        <ele>2.5</ele>
        <time>2024-05-26T10:56:43Z</time>
      </trkpt>
      <trkpt lat="22.225329" lon="113.309906">
        <ele>2.5</ele>
        <time>2024-05-26T10:56:44Z</time>
      </trkpt>
      <trkpt lat="22.22532" lon="113.309965">
        <ele>2.5</ele>
        <time>2024-05-26T10:56:45Z</time>
      </trkpt>
      <trkpt lat="22.225316" lon="113.31002">
        <ele>2.5</ele>
        <time>2024-05-26T10:56:46Z</time>
      </trkpt>
      <trkpt lat="22.225313" lon="113.310067">
        <ele>2.5</ele>
        <time>2024-05-26T10:56:47Z</time>
      </trkpt>
      <trkpt lat="22.22531" lon="113.310118">
        <ele>2.6</ele>
        <time>2024-05-26T10:56:48Z</time>
      </trkpt>
      <trkpt lat="22.225301" lon="113.310165">
        <ele>2.6</ele>
        <time>2024-05-26T10:56:49Z</time>
      </trkpt>
      <trkpt lat="22.225287" lon="113.310199">
        <ele>2.6</ele>
        <time>2024-05-26T10:56:50Z</time>
      </trkpt>
      <trkpt lat="22.225268" lon="113.310242">
        <ele>2.6</ele>
        <time>2024-05-26T10:56:51Z</time>
      </trkpt>
      <trkpt lat="22.225251" lon="113.310288">
        <ele>2.6</ele>
        <time>2024-05-26T10:56:52Z</time>
      </trkpt>
      <trkpt lat="22.225236" lon="113.310327">
        <ele>2.6</ele>
        <time>2024-05-26T10:56:53Z</time>
      </trkpt>
      <trkpt lat="22.225225" lon="113.310378">
        <ele>2.7</ele>
        <time>2024-05-26T10:56:54Z</time>
      </trkpt>
      <trkpt lat="22.225217" lon="113.310432">
        <ele>2.7</ele>
        <time>2024-05-26T10:56:55Z</time>
      </trkpt>
      <trkpt lat="22.225206" lon="113.310478">
        <ele>2.7</ele>
        <time>2024-05-26T10:56:56Z</time>
      </trkpt>
      <trkpt lat="22.2252" lon="113.310531">
        <ele>2.7</ele>
        <time>2024-05-26T10:56:57Z</time>
      </trkpt>
      <trkpt lat="22.225192" lon="113.310585">
        <ele>2.7</ele>
        <time>2024-05-26T10:56:58Z</time>
      </trkpt>
      <trkpt lat="22.225186" lon="113.310638">
        <ele>2.8</ele>
        <time>2024-05-26T10:56:59Z</time>
      </trkpt>
      <trkpt lat="22.225182" lon="113.310685">
        <ele>2.8</ele>
        <time>2024-05-26T10:57:00Z</time>
      </trkpt>
      <trkpt lat="22.22518" lon="113.310737">
        <ele>2.8</ele>
        <time>2024-05-26T10:57:01Z</time>
      </trkpt>
      <trkpt lat="22.22518" lon="113.31079">
        <ele>2.8</ele>
        <time>2024-05-26T10:57:02Z</time>
      </trkpt>
      <trkpt lat="22.22517" lon="113.31085">
        <ele>2.8</ele>
        <time>2024-05-26T10:57:03Z</time>
      </trkpt>
      <trkpt lat="22.225155" lon="113.310905">
        <ele>2.9</ele>
        <time>2024-05-26T10:57:04Z</time>
      </trkpt>
      <trkpt lat="22.225141" lon="113.310957">
        <ele>2.9</ele>
        <time>2024-05-26T10:57:05Z</time>
      </trkpt>
      <trkpt lat="22.225128" lon="113.310999">
        <ele>2.9</ele>
        <time>2024-05-26T10:57:06Z</time>
      </trkpt>
      <trkpt lat="22.225123" lon="113.311037">
        <ele>2.9</ele>
        <time>2024-05-26T10:57:07Z</time>
      </trkpt>
      <trkpt lat="22.225118" lon="113.311075">
        <ele>2.9</ele>
        <time>2024-05-26T10:57:08Z</time>
      </trkpt>
      <trkpt lat="22.22511" lon="113.31112">
        <ele>2.9</ele>
        <time>2024-05-26T10:57:09Z</time>
      </trkpt>
      <trkpt lat="22.225104" lon="113.311172">
        <ele>2.9</ele>
        <time>2024-05-26T10:57:10Z</time>
      </trkpt>
      <trkpt lat="22.225097" lon="113.311225">
        <ele>2.9</ele>
        <time>2024-05-26T10:57:11Z</time>
      </trkpt>
      <trkpt lat="22.225075" lon="113.311279">
        <ele>2.9</ele>
        <time>2024-05-26T10:57:12Z</time>
      </trkpt>
      <trkpt lat="22.225058" lon="113.311332">
        <ele>2.9</ele>
        <time>2024-05-26T10:57:13Z</time>
      </trkpt>
      <trkpt lat="22.225044" lon="113.311386">
        <ele>2.8</ele>
        <time>2024-05-26T10:57:14Z</time>
      </trkpt>
      <trkpt lat="22.225029" lon="113.311439">
        <ele>2.8</ele>
        <time>2024-05-26T10:57:15Z</time>
      </trkpt>
      <trkpt lat="22.225017" lon="113.311486">
        <ele>2.8</ele>
        <time>2024-05-26T10:57:16Z</time>
      </trkpt>
      <trkpt lat="22.225009" lon="113.311545">
        <ele>2.8</ele>
        <time>2024-05-26T10:57:17Z</time>
      </trkpt>
      <trkpt lat="22.225" lon="113.311599">
        <ele>2.7</ele>
        <time>2024-05-26T10:57:18Z</time>
      </trkpt>
      <trkpt lat="22.22499" lon="113.311653">
        <ele>2.7</ele>
        <time>2024-05-26T10:57:19Z</time>
      </trkpt>
      <trkpt lat="22.224981" lon="113.311706">
        <ele>2.7</ele>
        <time>2024-05-26T10:57:20Z</time>
      </trkpt>
      <trkpt lat="22.224971" lon="113.311759">
        <ele>2.7</ele>
        <time>2024-05-26T10:57:21Z</time>
      </trkpt>
      <trkpt lat="22.224962" lon="113.311813">
        <ele>2.6</ele>
        <time>2024-05-26T10:57:22Z</time>
      </trkpt>
      <trkpt lat="22.224952" lon="113.311873">
        <ele>2.6</ele>
        <time>2024-05-26T10:57:23Z</time>
      </trkpt>
      <trkpt lat="22.224948" lon="113.311934">
        <ele>2.6</ele>
        <time>2024-05-26T10:57:24Z</time>
      </trkpt>
      <trkpt lat="22.224945" lon="113.311988">
        <ele>2.6</ele>
        <time>2024-05-26T10:57:25Z</time>
      </trkpt>
      <trkpt lat="22.22494" lon="113.312049">
        <ele>2.5</ele>
        <time>2024-05-26T10:57:26Z</time>
      </trkpt>
      <trkpt lat="22.224931" lon="113.312108">
        <ele>2.5</ele>
        <time>2024-05-26T10:57:27Z</time>
      </trkpt>
      <trkpt lat="22.224922" lon="113.312167">
        <ele>2.5</ele>
        <time>2024-05-26T10:57:28Z</time>
      </trkpt>
      <trkpt lat="22.224911" lon="113.312234">
        <ele>2.4</ele>
        <time>2024-05-26T10:57:29Z</time>
      </trkpt>
      <trkpt lat="22.224901" lon="113.312296">
        <ele>2.4</ele>
        <time>2024-05-26T10:57:30Z</time>
      </trkpt>
      <trkpt lat="22.22489" lon="113.312352">
        <ele>2.4</ele>
        <time>2024-05-26T10:57:31Z</time>
      </trkpt>
      <trkpt lat="22.224874" lon="113.312404">
        <ele>2.4</ele>
        <time>2024-05-26T10:57:32Z</time>
      </trkpt>
      <trkpt lat="22.224859" lon="113.312464">
        <ele>2.3</ele>
        <time>2024-05-26T10:57:33Z</time>
      </trkpt>
      <trkpt lat="22.224842" lon="113.312525">
        <ele>2.3</ele>
        <time>2024-05-26T10:57:34Z</time>
      </trkpt>
      <trkpt lat="22.224829" lon="113.31258">
        <ele>2.3</ele>
        <time>2024-05-26T10:57:35Z</time>
      </trkpt>
      <trkpt lat="22.22481" lon="113.312634">
        <ele>2.3</ele>
        <time>2024-05-26T10:57:36Z</time>
      </trkpt>
      <trkpt lat="22.224782" lon="113.312681">
        <ele>2.2</ele>
        <time>2024-05-26T10:57:37Z</time>
      </trkpt>
      <trkpt lat="22.224747" lon="113.312727">
        <ele>2.2</ele>
        <time>2024-05-26T10:57:38Z</time>
      </trkpt>
      <trkpt lat="22.224714" lon="113.312772">
        <ele>2.2</ele>
        <time>2024-05-26T10:57:39Z</time>
      </trkpt>
      <trkpt lat="22.224684" lon="113.312824">
        <ele>2.2</ele>
        <time>2024-05-26T10:57:40Z</time>
      </trkpt>
      <trkpt lat="22.224656" lon="113.312877">
        <ele>2.1</ele>
        <time>2024-05-26T10:57:41Z</time>
      </trkpt>
      <trkpt lat="22.22463" lon="113.31293">
        <ele>2.1</ele>
        <time>2024-05-26T10:57:42Z</time>
      </trkpt>
      <trkpt lat="22.224604" lon="113.312972">
        <ele>2.1</ele>
        <time>2024-05-26T10:57:43Z</time>
      </trkpt>
      <trkpt lat="22.224577" lon="113.313023">
        <ele>2.1</ele>
        <time>2024-05-26T10:57:44Z</time>
      </trkpt>
      <trkpt lat="22.224553" lon="113.31307">
        <ele>2.2</ele>
        <time>2024-05-26T10:57:45Z</time>
      </trkpt>
      <trkpt lat="22.224532" lon="113.313116">
        <ele>2.2</ele>
        <time>2024-05-26T10:57:46Z</time>
      </trkpt>
      <trkpt lat="22.224509" lon="113.313162">
        <ele>2.3</ele>
        <time>2024-05-26T10:57:47Z</time>
      </trkpt>
      <trkpt lat="22.224482" lon="113.313207">
        <ele>2.3</ele>
        <time>2024-05-26T10:57:48Z</time>
      </trkpt>
      <trkpt lat="22.224451" lon="113.313247">
        <ele>2.4</ele>
        <time>2024-05-26T10:57:49Z</time>
      </trkpt>
      <trkpt lat="22.224423" lon="113.313291">
        <ele>2.4</ele>
        <time>2024-05-26T10:57:50Z</time>
      </trkpt>
      <trkpt lat="22.2244" lon="113.313337">
        <ele>2.5</ele>
        <time>2024-05-26T10:57:51Z</time>
      </trkpt>
      <trkpt lat="22.224381" lon="113.313377">
        <ele>2.5</ele>
        <time>2024-05-26T10:57:52Z</time>
      </trkpt>
      <trkpt lat="22.224362" lon="113.313421">
        <ele>2.6</ele>
        <time>2024-05-26T10:57:53Z</time>
      </trkpt>
      <trkpt lat="22.224343" lon="113.31346">
        <ele>2.6</ele>
        <time>2024-05-26T10:57:54Z</time>
      </trkpt>
      <trkpt lat="22.224325" lon="113.313493">
        <ele>2.7</ele>
        <time>2024-05-26T10:57:55Z</time>
      </trkpt>
      <trkpt lat="22.224311" lon="113.313535">
        <ele>2.7</ele>
        <time>2024-05-26T10:57:56Z</time>
      </trkpt>
      <trkpt lat="22.224299" lon="113.313581">
        <ele>2.8</ele>
        <time>2024-05-26T10:57:57Z</time>
      </trkpt>
      <trkpt lat="22.224285" lon="113.313627">
        <ele>2.8</ele>
        <time>2024-05-26T10:57:58Z</time>
      </trkpt>
      <trkpt lat="22.224265" lon="113.313679">
        <ele>2.9</ele>
        <time>2024-05-26T10:57:59Z</time>
      </trkpt>
      <trkpt lat="22.224247" lon="113.313732">
        <ele>2.9</ele>
        <time>2024-05-26T10:58:00Z</time>
      </trkpt>
      <trkpt lat="22.224231" lon="113.313785">
        <ele>3</ele>
        <time>2024-05-26T10:58:01Z</time>
      </trkpt>
      <trkpt lat="22.224217" lon="113.313839">
        <ele>3</ele>
        <time>2024-05-26T10:58:02Z</time>
      </trkpt>
      <trkpt lat="22.224207" lon="113.313886">
        <ele>3.1</ele>
        <time>2024-05-26T10:58:03Z</time>
      </trkpt>
      <trkpt lat="22.224195" lon="113.313932">
        <ele>3.1</ele>
        <time>2024-05-26T10:58:04Z</time>
      </trkpt>
      <trkpt lat="22.224181" lon="113.313978">
        <ele>3.2</ele>
        <time>2024-05-26T10:58:05Z</time>
      </trkpt>
      <trkpt lat="22.224169" lon="113.314024">
        <ele>3.2</ele>
        <time>2024-05-26T10:58:06Z</time>
      </trkpt>
      <trkpt lat="22.224158" lon="113.314075">
        <ele>3.3</ele>
        <time>2024-05-26T10:58:07Z</time>
      </trkpt>
      <trkpt lat="22.224149" lon="113.314122">
        <ele>3.3</ele>
        <time>2024-05-26T10:58:08Z</time>
      </trkpt>
      <trkpt lat="22.224142" lon="113.314168">
        <ele>3.4</ele>
        <time>2024-05-26T10:58:09Z</time>
      </trkpt>
      <trkpt lat="22.224137" lon="113.31422">
        <ele>3.4</ele>
        <time>2024-05-26T10:58:10Z</time>
      </trkpt>
      <trkpt lat="22.224133" lon="113.314274">
        <ele>3.5</ele>
        <time>2024-05-26T10:58:11Z</time>
      </trkpt>
      <trkpt lat="22.22413" lon="113.314328">
        <ele>3.5</ele>
        <time>2024-05-26T10:58:12Z</time>
      </trkpt>
      <trkpt lat="22.224126" lon="113.314374">
        <ele>3.6</ele>
        <time>2024-05-26T10:58:13Z</time>
      </trkpt>
      <trkpt lat="22.224122" lon="113.314433">
        <ele>3.7</ele>
        <time>2024-05-26T10:58:14Z</time>
      </trkpt>
      <trkpt lat="22.224115" lon="113.314488">
        <ele>3.7</ele>
        <time>2024-05-26T10:58:15Z</time>
      </trkpt>
      <trkpt lat="22.224109" lon="113.314535">
        <ele>3.8</ele>
        <time>2024-05-26T10:58:16Z</time>
      </trkpt>
      <trkpt lat="22.224106" lon="113.314587">
        <ele>3.8</ele>
        <time>2024-05-26T10:58:17Z</time>
      </trkpt>
      <trkpt lat="22.224104" lon="113.314635">
        <ele>3.9</ele>
        <time>2024-05-26T10:58:18Z</time>
      </trkpt>
      <trkpt lat="22.224101" lon="113.314686">
        <ele>3.9</ele>
        <time>2024-05-26T10:58:19Z</time>
      </trkpt>
      <trkpt lat="22.224097" lon="113.31474">
        <ele>4</ele>
        <time>2024-05-26T10:58:20Z</time>
      </trkpt>
      <trkpt lat="22.224095" lon="113.314787">
        <ele>4</ele>
        <time>2024-05-26T10:58:21Z</time>
      </trkpt>
      <trkpt lat="22.224091" lon="113.314839">
        <ele>4.1</ele>
        <time>2024-05-26T10:58:22Z</time>
      </trkpt>
      <trkpt lat="22.224088" lon="113.314886">
        <ele>4.1</ele>
        <time>2024-05-26T10:58:23Z</time>
      </trkpt>
      <trkpt lat="22.224082" lon="113.314931">
        <ele>4.1</ele>
        <time>2024-05-26T10:58:24Z</time>
      </trkpt>
      <trkpt lat="22.22408" lon="113.314978">
        <ele>4.1</ele>
        <time>2024-05-26T10:58:25Z</time>
      </trkpt>
      <trkpt lat="22.224081" lon="113.315023">
        <ele>4.1</ele>
        <time>2024-05-26T10:58:26Z</time>
      </trkpt>
      <trkpt lat="22.22408" lon="113.315063">
        <ele>4.1</ele>
        <time>2024-05-26T10:58:27Z</time>
      </trkpt>
      <trkpt lat="22.224078" lon="113.315101">
        <ele>4</ele>
        <time>2024-05-26T10:58:28Z</time>
      </trkpt>
      <trkpt lat="22.224076" lon="113.315145">
        <ele>4</ele>
        <time>2024-05-26T10:58:29Z</time>
      </trkpt>
      <trkpt lat="22.224072" lon="113.315191">
        <ele>4</ele>
        <time>2024-05-26T10:58:30Z</time>
      </trkpt>
      <trkpt lat="22.224069" lon="113.315237">
        <ele>4</ele>
        <time>2024-05-26T10:58:31Z</time>
      </trkpt>
      <trkpt lat="22.224063" lon="113.315288">
        <ele>4</ele>
        <time>2024-05-26T10:58:32Z</time>
      </trkpt>
      <trkpt lat="22.224058" lon="113.315335">
        <ele>4</ele>
        <time>2024-05-26T10:58:33Z</time>
      </trkpt>
      <trkpt lat="22.224053" lon="113.315386">
        <ele>4</ele>
        <time>2024-05-26T10:58:34Z</time>
      </trkpt>
      <trkpt lat="22.224048" lon="113.315435">
        <ele>4</ele>
        <time>2024-05-26T10:58:35Z</time>
      </trkpt>
      <trkpt lat="22.224045" lon="113.315486">
        <ele>4</ele>
        <time>2024-05-26T10:58:36Z</time>
      </trkpt>
      <trkpt lat="22.224042" lon="113.315541">
        <ele>4</ele>
        <time>2024-05-26T10:58:37Z</time>
      </trkpt>
      <trkpt lat="22.224038" lon="113.315593">
        <ele>4</ele>
        <time>2024-05-26T10:58:38Z</time>
      </trkpt>
      <trkpt lat="22.224036" lon="113.315641">
        <ele>4</ele>
        <time>2024-05-26T10:58:39Z</time>
      </trkpt>
      <trkpt lat="22.224032" lon="113.315693">
        <ele>4</ele>
        <time>2024-05-26T10:58:40Z</time>
      </trkpt>
      <trkpt lat="22.224028" lon="113.315746">
        <ele>4</ele>
        <time>2024-05-26T10:58:41Z</time>
      </trkpt>
      <trkpt lat="22.224023" lon="113.3158">
        <ele>4</ele>
        <time>2024-05-26T10:58:42Z</time>
      </trkpt>
      <trkpt lat="22.224017" lon="113.315853">
        <ele>4</ele>
        <time>2024-05-26T10:58:43Z</time>
      </trkpt>
      <trkpt lat="22.22401" lon="113.315906">
        <ele>4</ele>
        <time>2024-05-26T10:58:44Z</time>
      </trkpt>
      <trkpt lat="22.224003" lon="113.315965">
        <ele>4</ele>
        <time>2024-05-26T10:58:45Z</time>
      </trkpt>
      <trkpt lat="22.223995" lon="113.316021">
        <ele>4</ele>
        <time>2024-05-26T10:58:46Z</time>
      </trkpt>
      <trkpt lat="22.223989" lon="113.316074">
        <ele>4</ele>
        <time>2024-05-26T10:58:47Z</time>
      </trkpt>
      <trkpt lat="22.223986" lon="113.316128">
        <ele>4</ele>
        <time>2024-05-26T10:58:48Z</time>
      </trkpt>
      <trkpt lat="22.223986" lon="113.316181">
        <ele>4</ele>
        <time>2024-05-26T10:58:49Z</time>
      </trkpt>
      <trkpt lat="22.223981" lon="113.316235">
        <ele>4</ele>
        <time>2024-05-26T10:58:50Z</time>
      </trkpt>
      <trkpt lat="22.223974" lon="113.316288">
        <ele>4</ele>
        <time>2024-05-26T10:58:51Z</time>
      </trkpt>
      <trkpt lat="22.223972" lon="113.316346">
        <ele>4</ele>
        <time>2024-05-26T10:58:52Z</time>
      </trkpt>
      <trkpt lat="22.223975" lon="113.316402">
        <ele>4</ele>
        <time>2024-05-26T10:58:53Z</time>
      </trkpt>
      <trkpt lat="22.223978" lon="113.316461">
        <ele>4</ele>
        <time>2024-05-26T10:58:54Z</time>
      </trkpt>
      <trkpt lat="22.223977" lon="113.316516">
        <ele>4</ele>
        <time>2024-05-26T10:58:55Z</time>
      </trkpt>
      <trkpt lat="22.223976" lon="113.31657">
        <ele>4</ele>
        <time>2024-05-26T10:58:56Z</time>
      </trkpt>
      <trkpt lat="22.223976" lon="113.316623">
        <ele>4</ele>
        <time>2024-05-26T10:58:57Z</time>
      </trkpt>
      <trkpt lat="22.223978" lon="113.316675">
        <ele>4</ele>
        <time>2024-05-26T10:58:58Z</time>
      </trkpt>
      <trkpt lat="22.22398" lon="113.31673">
        <ele>4</ele>
        <time>2024-05-26T10:58:59Z</time>
      </trkpt>
      <trkpt lat="22.223983" lon="113.316778">
        <ele>4</ele>
        <time>2024-05-26T10:59:00Z</time>
      </trkpt>
      <trkpt lat="22.223985" lon="113.31683">
        <ele>4</ele>
        <time>2024-05-26T10:59:01Z</time>
      </trkpt>
      <trkpt lat="22.223986" lon="113.316877">
        <ele>4</ele>
        <time>2024-05-26T10:59:02Z</time>
      </trkpt>
      <trkpt lat="22.223986" lon="113.316929">
        <ele>4.1</ele>
        <time>2024-05-26T10:59:03Z</time>
      </trkpt>
      <trkpt lat="22.223986" lon="113.316979">
        <ele>4.1</ele>
        <time>2024-05-26T10:59:04Z</time>
      </trkpt>
      <trkpt lat="22.22399" lon="113.317031">
        <ele>4.1</ele>
        <time>2024-05-26T10:59:05Z</time>
      </trkpt>
      <trkpt lat="22.223996" lon="113.317084">
        <ele>4.2</ele>
        <time>2024-05-26T10:59:06Z</time>
      </trkpt>
      <trkpt lat="22.224" lon="113.317131">
        <ele>4.2</ele>
        <time>2024-05-26T10:59:07Z</time>
      </trkpt>
      <trkpt lat="22.224006" lon="113.317178">
        <ele>4.2</ele>
        <time>2024-05-26T10:59:08Z</time>
      </trkpt>
      <trkpt lat="22.22401" lon="113.317223">
        <ele>4.3</ele>
        <time>2024-05-26T10:59:09Z</time>
      </trkpt>
      <trkpt lat="22.224015" lon="113.317269">
        <ele>4.3</ele>
        <time>2024-05-26T10:59:10Z</time>
      </trkpt>
      <trkpt lat="22.224021" lon="113.317321">
        <ele>4.3</ele>
        <time>2024-05-26T10:59:11Z</time>
      </trkpt>
      <trkpt lat="22.224025" lon="113.317374">
        <ele>4.3</ele>
        <time>2024-05-26T10:59:12Z</time>
      </trkpt>
      <trkpt lat="22.224027" lon="113.317421">
        <ele>4.4</ele>
        <time>2024-05-26T10:59:13Z</time>
      </trkpt>
      <trkpt lat="22.224031" lon="113.317474">
        <ele>4.4</ele>
        <time>2024-05-26T10:59:14Z</time>
      </trkpt>
      <trkpt lat="22.224028" lon="113.317534">
        <ele>4.4</ele>
        <time>2024-05-26T10:59:15Z</time>
      </trkpt>
      <trkpt lat="22.224029" lon="113.317594">
        <ele>4.5</ele>
        <time>2024-05-26T10:59:16Z</time>
      </trkpt>
      <trkpt lat="22.22403" lon="113.317649">
        <ele>4.5</ele>
        <time>2024-05-26T10:59:17Z</time>
      </trkpt>
      <trkpt lat="22.224034" lon="113.317702">
        <ele>4.5</ele>
        <time>2024-05-26T10:59:18Z</time>
      </trkpt>
      <trkpt lat="22.22404" lon="113.317762">
        <ele>4.6</ele>
        <time>2024-05-26T10:59:19Z</time>
      </trkpt>
      <trkpt lat="22.224044" lon="113.317823">
        <ele>4.6</ele>
        <time>2024-05-26T10:59:20Z</time>
      </trkpt>
      <trkpt lat="22.224046" lon="113.317891">
        <ele>4.6</ele>
        <time>2024-05-26T10:59:21Z</time>
      </trkpt>
      <trkpt lat="22.224053" lon="113.31794">
        <ele>4.7</ele>
        <time>2024-05-26T10:59:22Z</time>
      </trkpt>
      <trkpt lat="22.224069" lon="113.317992">
        <ele>4.7</ele>
        <time>2024-05-26T10:59:23Z</time>
      </trkpt>
      <trkpt lat="22.224084" lon="113.318046">
        <ele>4.7</ele>
        <time>2024-05-26T10:59:24Z</time>
      </trkpt>
      <trkpt lat="22.2241" lon="113.318086">
        <ele>4.8</ele>
        <time>2024-05-26T10:59:25Z</time>
      </trkpt>
      <trkpt lat="22.22411" lon="113.318125">
        <ele>4.8</ele>
        <time>2024-05-26T10:59:26Z</time>
      </trkpt>
      <trkpt lat="22.224129" lon="113.318163">
        <ele>4.8</ele>
        <time>2024-05-26T10:59:27Z</time>
      </trkpt>
      <trkpt lat="22.22415" lon="113.318207">
        <ele>4.8</ele>
        <time>2024-05-26T10:59:28Z</time>
      </trkpt>
      <trkpt lat="22.224173" lon="113.318253">
        <ele>4.9</ele>
        <time>2024-05-26T10:59:29Z</time>
      </trkpt>
      <trkpt lat="22.224194" lon="113.318292">
        <ele>4.9</ele>
        <time>2024-05-26T10:59:30Z</time>
      </trkpt>
      <trkpt lat="22.224217" lon="113.318337">
        <ele>4.9</ele>
        <time>2024-05-26T10:59:31Z</time>
      </trkpt>
      <trkpt lat="22.22424" lon="113.31837">
        <ele>5</ele>
        <time>2024-05-26T10:59:32Z</time>
      </trkpt>
      <trkpt lat="22.224263" lon="113.3184">
        <ele>5</ele>
        <time>2024-05-26T10:59:33Z</time>
      </trkpt>
      <trkpt lat="22.224286" lon="113.318431">
        <ele>5</ele>
        <time>2024-05-26T10:59:34Z</time>
      </trkpt>
      <trkpt lat="22.224303" lon="113.318468">
        <ele>5</ele>
        <time>2024-05-26T10:59:35Z</time>
      </trkpt>
      <trkpt lat="22.224324" lon="113.318499">
        <ele>5</ele>
        <time>2024-05-26T10:59:36Z</time>
      </trkpt>
      <trkpt lat="22.224325" lon="113.318536">
        <ele>5.1</ele>
        <time>2024-05-26T10:59:37Z</time>
      </trkpt>
      <trkpt lat="22.224306" lon="113.318581">
        <ele>5.1</ele>
        <time>2024-05-26T10:59:38Z</time>
      </trkpt>
      <trkpt lat="22.22427" lon="113.31862">
        <ele>5.1</ele>
        <time>2024-05-26T10:59:39Z</time>
      </trkpt>
      <trkpt lat="22.224222" lon="113.318639">
        <ele>5</ele>
        <time>2024-05-26T10:59:40Z</time>
      </trkpt>
      <trkpt lat="22.224179" lon="113.318661">
        <ele>5</ele>
        <time>2024-05-26T10:59:41Z</time>
      </trkpt>
      <trkpt lat="22.224142" lon="113.31869">
        <ele>4.9</ele>
        <time>2024-05-26T10:59:42Z</time>
      </trkpt>
      <trkpt lat="22.224122" lon="113.318721">
        <ele>4.8</ele>
        <time>2024-05-26T10:59:43Z</time>
      </trkpt>
      <trkpt lat="22.224101" lon="113.318751">
        <ele>4.8</ele>
        <time>2024-05-26T10:59:44Z</time>
      </trkpt>
      <trkpt lat="22.224077" lon="113.318782">
        <ele>4.7</ele>
        <time>2024-05-26T10:59:45Z</time>
      </trkpt>
      <trkpt lat="22.224045" lon="113.318819">
        <ele>4.7</ele>
        <time>2024-05-26T10:59:46Z</time>
      </trkpt>
      <trkpt lat="22.224007" lon="113.318851">
        <ele>4.6</ele>
        <time>2024-05-26T10:59:47Z</time>
      </trkpt>
      <trkpt lat="22.223977" lon="113.318881">
        <ele>4.6</ele>
        <time>2024-05-26T10:59:48Z</time>
      </trkpt>
      <trkpt lat="22.22395" lon="113.318918">
        <ele>4.5</ele>
        <time>2024-05-26T10:59:49Z</time>
      </trkpt>
      <trkpt lat="22.223915" lon="113.318949">
        <ele>4.4</ele>
        <time>2024-05-26T10:59:50Z</time>
      </trkpt>
      <trkpt lat="22.223879" lon="113.31898">
        <ele>4.4</ele>
        <time>2024-05-26T10:59:51Z</time>
      </trkpt>
      <trkpt lat="22.223844" lon="113.319011">
        <ele>4.3</ele>
        <time>2024-05-26T10:59:52Z</time>
      </trkpt>
      <trkpt lat="22.223815" lon="113.319041">
        <ele>4.3</ele>
        <time>2024-05-26T10:59:53Z</time>
      </trkpt>
      <trkpt lat="22.223783" lon="113.319078">
        <ele>4.2</ele>
        <time>2024-05-26T10:59:54Z</time>
      </trkpt>
      <trkpt lat="22.22375" lon="113.319116">
        <ele>4.1</ele>
        <time>2024-05-26T10:59:55Z</time>
      </trkpt>
      <trkpt lat="22.223716" lon="113.319148">
        <ele>4.1</ele>
        <time>2024-05-26T10:59:56Z</time>
      </trkpt>
      <trkpt lat="22.223687" lon="113.319178">
        <ele>4</ele>
        <time>2024-05-26T10:59:57Z</time>
      </trkpt>
      <trkpt lat="22.223658" lon="113.319209">
        <ele>3.9</ele>
        <time>2024-05-26T10:59:58Z</time>
      </trkpt>
      <trkpt lat="22.223626" lon="113.31924">
        <ele>3.9</ele>
        <time>2024-05-26T10:59:59Z</time>
      </trkpt>
      <trkpt lat="22.223594" lon="113.31927">
        <ele>3.8</ele>
        <time>2024-05-26T11:00:00Z</time>
      </trkpt>
      <trkpt lat="22.223563" lon="113.319294">
        <ele>3.8</ele>
        <time>2024-05-26T11:00:01Z</time>
      </trkpt>
      <trkpt lat="22.223533" lon="113.319317">
        <ele>3.7</ele>
        <time>2024-05-26T11:00:02Z</time>
      </trkpt>
      <trkpt lat="22.223502" lon="113.31934">
        <ele>3.7</ele>
        <time>2024-05-26T11:00:03Z</time>
      </trkpt>
      <trkpt lat="22.223468" lon="113.319376">
        <ele>3.6</ele>
        <time>2024-05-26T11:00:04Z</time>
      </trkpt>
      <trkpt lat="22.223434" lon="113.319407">
        <ele>3.5</ele>
        <time>2024-05-26T11:00:05Z</time>
      </trkpt>
      <trkpt lat="22.223404" lon="113.319438">
        <ele>3.5</ele>
        <time>2024-05-26T11:00:06Z</time>
      </trkpt>
      <trkpt lat="22.223379" lon="113.319475">
        <ele>3.4</ele>
        <time>2024-05-26T11:00:07Z</time>
      </trkpt>
      <trkpt lat="22.223353" lon="113.3195">
        <ele>3.4</ele>
        <time>2024-05-26T11:00:08Z</time>
      </trkpt>
      <trkpt lat="22.223321" lon="113.319523">
        <ele>3.3</ele>
        <time>2024-05-26T11:00:09Z</time>
      </trkpt>
      <trkpt lat="22.223289" lon="113.319546">
        <ele>3.3</ele>
        <time>2024-05-26T11:00:10Z</time>
      </trkpt>
      <trkpt lat="22.223256" lon="113.319569">
        <ele>3.2</ele>
        <time>2024-05-26T11:00:11Z</time>
      </trkpt>
      <trkpt lat="22.223224" lon="113.319592">
        <ele>3.2</ele>
        <time>2024-05-26T11:00:12Z</time>
      </trkpt>
      <trkpt lat="22.223193" lon="113.319615">
        <ele>3.1</ele>
        <time>2024-05-26T11:00:13Z</time>
      </trkpt>
      <trkpt lat="22.223161" lon="113.319637">
        <ele>3.1</ele>
        <time>2024-05-26T11:00:14Z</time>
      </trkpt>
      <trkpt lat="22.223132" lon="113.319667">
        <ele>3</ele>
        <time>2024-05-26T11:00:15Z</time>
      </trkpt>
      <trkpt lat="22.223103" lon="113.319691">
        <ele>2.9</ele>
        <time>2024-05-26T11:00:16Z</time>
      </trkpt>
      <trkpt lat="22.223073" lon="113.319714">
        <ele>2.9</ele>
        <time>2024-05-26T11:00:17Z</time>
      </trkpt>
      <trkpt lat="22.223047" lon="113.319743">
        <ele>2.8</ele>
        <time>2024-05-26T11:00:18Z</time>
      </trkpt>
      <trkpt lat="22.223021" lon="113.319767">
        <ele>2.8</ele>
        <time>2024-05-26T11:00:19Z</time>
      </trkpt>
      <trkpt lat="22.222993" lon="113.319796">
        <ele>2.7</ele>
        <time>2024-05-26T11:00:20Z</time>
      </trkpt>
      <trkpt lat="22.222953" lon="113.319833">
        <ele>2.7</ele>
        <time>2024-05-26T11:00:21Z</time>
      </trkpt>
      <trkpt lat="22.222916" lon="113.319865">
        <ele>2.6</ele>
        <time>2024-05-26T11:00:22Z</time>
      </trkpt>
      <trkpt lat="22.222879" lon="113.319889">
        <ele>2.5</ele>
        <time>2024-05-26T11:00:23Z</time>
      </trkpt>
      <trkpt lat="22.222843" lon="113.319906">
        <ele>2.5</ele>
        <time>2024-05-26T11:00:24Z</time>
      </trkpt>
      <trkpt lat="22.222812" lon="113.319921">
        <ele>2.4</ele>
        <time>2024-05-26T11:00:25Z</time>
      </trkpt>
      <trkpt lat="22.222783" lon="113.319943">
        <ele>2.4</ele>
        <time>2024-05-26T11:00:26Z</time>
      </trkpt>
      <trkpt lat="22.222756" lon="113.319966">
        <ele>2.3</ele>
        <time>2024-05-26T11:00:27Z</time>
      </trkpt>
      <trkpt lat="22.222729" lon="113.319988">
        <ele>2.3</ele>
        <time>2024-05-26T11:00:28Z</time>
      </trkpt>
      <trkpt lat="22.222701" lon="113.320011">
        <ele>2.3</ele>
        <time>2024-05-26T11:00:29Z</time>
      </trkpt>
      <trkpt lat="22.22267" lon="113.320028">
        <ele>2.2</ele>
        <time>2024-05-26T11:00:30Z</time>
      </trkpt>
      <trkpt lat="22.222641" lon="113.32005">
        <ele>2.2</ele>
        <time>2024-05-26T11:00:31Z</time>
      </trkpt>
      <trkpt lat="22.222616" lon="113.32006">
        <ele>2.1</ele>
        <time>2024-05-26T11:00:32Z</time>
      </trkpt>
      <trkpt lat="22.22259" lon="113.320074">
        <ele>2.1</ele>
        <time>2024-05-26T11:00:33Z</time>
      </trkpt>
      <trkpt lat="22.222565" lon="113.320089">
        <ele>2</ele>
        <time>2024-05-26T11:00:34Z</time>
      </trkpt>
      <trkpt lat="22.22254" lon="113.320104">
        <ele>2</ele>
        <time>2024-05-26T11:00:35Z</time>
      </trkpt>
      <trkpt lat="22.222515" lon="113.320126">
        <ele>2</ele>
        <time>2024-05-26T11:00:36Z</time>
      </trkpt>
      <trkpt lat="22.222492" lon="113.320142">
        <ele>1.9</ele>
        <time>2024-05-26T11:00:37Z</time>
      </trkpt>
      <trkpt lat="22.222469" lon="113.320157">
        <ele>1.9</ele>
        <time>2024-05-26T11:00:38Z</time>
      </trkpt>
      <trkpt lat="22.222454" lon="113.320166">
        <ele>1.9</ele>
        <time>2024-05-26T11:00:39Z</time>
      </trkpt>
      <trkpt lat="22.222452" lon="113.320168">
        <ele>1.9</ele>
        <time>2024-05-26T11:00:40Z</time>
      </trkpt>
      <trkpt lat="22.22237" lon="113.320197">
        <ele>1.7</ele>
        <time>2024-05-26T11:00:59Z</time>
      </trkpt>
      <trkpt lat="22.222341" lon="113.320217">
        <ele>1.7</ele>
        <time>2024-05-26T11:01:00Z</time>
      </trkpt>
      <trkpt lat="22.222309" lon="113.32024">
        <ele>1.6</ele>
        <time>2024-05-26T11:01:01Z</time>
      </trkpt>
      <trkpt lat="22.222278" lon="113.320263">
        <ele>1.6</ele>
        <time>2024-05-26T11:01:02Z</time>
      </trkpt>
      <trkpt lat="22.222249" lon="113.32028">
        <ele>1.5</ele>
        <time>2024-05-26T11:01:03Z</time>
      </trkpt>
      <trkpt lat="22.222222" lon="113.320295">
        <ele>1.5</ele>
        <time>2024-05-26T11:01:04Z</time>
      </trkpt>
      <trkpt lat="22.222195" lon="113.320316">
        <ele>1.5</ele>
        <time>2024-05-26T11:01:05Z</time>
      </trkpt>
      <trkpt lat="22.222167" lon="113.320333">
        <ele>1.4</ele>
        <time>2024-05-26T11:01:06Z</time>
      </trkpt>
      <trkpt lat="22.222138" lon="113.320355">
        <ele>1.4</ele>
        <time>2024-05-26T11:01:07Z</time>
      </trkpt>
      <trkpt lat="22.222105" lon="113.320378">
        <ele>1.3</ele>
        <time>2024-05-26T11:01:08Z</time>
      </trkpt>
      <trkpt lat="22.222066" lon="113.320394">
        <ele>1.3</ele>
        <time>2024-05-26T11:01:09Z</time>
      </trkpt>
      <trkpt lat="22.222027" lon="113.320416">
        <ele>1.2</ele>
        <time>2024-05-26T11:01:10Z</time>
      </trkpt>
      <trkpt lat="22.221989" lon="113.320432">
        <ele>1.1</ele>
        <time>2024-05-26T11:01:11Z</time>
      </trkpt>
      <trkpt lat="22.221949" lon="113.320454">
        <ele>1.1</ele>
        <time>2024-05-26T11:01:12Z</time>
      </trkpt>
      <trkpt lat="22.221913" lon="113.320477">
        <ele>1</ele>
        <time>2024-05-26T11:01:13Z</time>
      </trkpt>
      <trkpt lat="22.221876" lon="113.3205">
        <ele>1</ele>
        <time>2024-05-26T11:01:14Z</time>
      </trkpt>
      <trkpt lat="22.221844" lon="113.320516">
        <ele>0.9</ele>
        <time>2024-05-26T11:01:15Z</time>
      </trkpt>
      <trkpt lat="22.221811" lon="113.320538">
        <ele>0.9</ele>
        <time>2024-05-26T11:01:16Z</time>
      </trkpt>
      <trkpt lat="22.221775" lon="113.320554">
        <ele>0.8</ele>
        <time>2024-05-26T11:01:17Z</time>
      </trkpt>
      <trkpt lat="22.221742" lon="113.320569">
        <ele>0.8</ele>
        <time>2024-05-26T11:01:18Z</time>
      </trkpt>
      <trkpt lat="22.221708" lon="113.320578">
        <ele>0.7</ele>
        <time>2024-05-26T11:01:19Z</time>
      </trkpt>
      <trkpt lat="22.221677" lon="113.320599">
        <ele>0.7</ele>
        <time>2024-05-26T11:01:20Z</time>
      </trkpt>
      <trkpt lat="22.221644" lon="113.320615">
        <ele>0.6</ele>
        <time>2024-05-26T11:01:21Z</time>
      </trkpt>
      <trkpt lat="22.221607" lon="113.320637">
        <ele>0.6</ele>
        <time>2024-05-26T11:01:22Z</time>
      </trkpt>
      <trkpt lat="22.221573" lon="113.32066">
        <ele>0.5</ele>
        <time>2024-05-26T11:01:23Z</time>
      </trkpt>
      <trkpt lat="22.221537" lon="113.320676">
        <ele>0.5</ele>
        <time>2024-05-26T11:01:24Z</time>
      </trkpt>
      <trkpt lat="22.221497" lon="113.320698">
        <ele>0.4</ele>
        <time>2024-05-26T11:01:25Z</time>
      </trkpt>
      <trkpt lat="22.221454" lon="113.320714">
        <ele>0.3</ele>
        <time>2024-05-26T11:01:26Z</time>
      </trkpt>
      <trkpt lat="22.22141" lon="113.320736">
        <ele>0.3</ele>
        <time>2024-05-26T11:01:27Z</time>
      </trkpt>
      <trkpt lat="22.221363" lon="113.320759">
        <ele>0.2</ele>
        <time>2024-05-26T11:01:28Z</time>
      </trkpt>
      <trkpt lat="22.221317" lon="113.320782">
        <ele>0.2</ele>
        <time>2024-05-26T11:01:29Z</time>
      </trkpt>
      <trkpt lat="22.22127" lon="113.320805">
        <ele>0.2</ele>
        <time>2024-05-26T11:01:30Z</time>
      </trkpt>
      <trkpt lat="22.22122" lon="113.320821">
        <ele>0.1</ele>
        <time>2024-05-26T11:01:31Z</time>
      </trkpt>
      <trkpt lat="22.221174" lon="113.320843">
        <ele>0.1</ele>
        <time>2024-05-26T11:01:32Z</time>
      </trkpt>
      <trkpt lat="22.22113" lon="113.320866">
        <ele>0.1</ele>
        <time>2024-05-26T11:01:33Z</time>
      </trkpt>
      <trkpt lat="22.221086" lon="113.320882">
        <ele>0.1</ele>
        <time>2024-05-26T11:01:34Z</time>
      </trkpt>
      <trkpt lat="22.221045" lon="113.320898">
        <ele>0.1</ele>
        <time>2024-05-26T11:01:35Z</time>
      </trkpt>
      <trkpt lat="22.221003" lon="113.320919">
        <ele>0.1</ele>
        <time>2024-05-26T11:01:36Z</time>
      </trkpt>
      <trkpt lat="22.22096" lon="113.320935">
        <ele>0.1</ele>
        <time>2024-05-26T11:01:37Z</time>
      </trkpt>
      <trkpt lat="22.220914" lon="113.320957">
        <ele>0.1</ele>
        <time>2024-05-26T11:01:38Z</time>
      </trkpt>
      <trkpt lat="22.220857" lon="113.320974">
        <ele>0.1</ele>
        <time>2024-05-26T11:01:39Z</time>
      </trkpt>
      <trkpt lat="22.220803" lon="113.320989">
        <ele>0</ele>
        <time>2024-05-26T11:01:40Z</time>
      </trkpt>
      <trkpt lat="22.220751" lon="113.320998">
        <ele>0</ele>
        <time>2024-05-26T11:01:41Z</time>
      </trkpt>
      <trkpt lat="22.220703" lon="113.321012">
        <ele>0</ele>
        <time>2024-05-26T11:01:42Z</time>
      </trkpt>
      <trkpt lat="22.220652" lon="113.321027">
        <ele>0</ele>
        <time>2024-05-26T11:01:43Z</time>
      </trkpt>
      <trkpt lat="22.2206" lon="113.321049">
        <ele>0</ele>
        <time>2024-05-26T11:01:44Z</time>
      </trkpt>
      <trkpt lat="22.220549" lon="113.321072">
        <ele>0</ele>
        <time>2024-05-26T11:01:45Z</time>
      </trkpt>
      <trkpt lat="22.220499" lon="113.321088">
        <ele>0</ele>
        <time>2024-05-26T11:01:46Z</time>
      </trkpt>
      <trkpt lat="22.220453" lon="113.32111">
        <ele>0</ele>
        <time>2024-05-26T11:01:47Z</time>
      </trkpt>
      <trkpt lat="22.220412" lon="113.321133">
        <ele>0</ele>
        <time>2024-05-26T11:01:48Z</time>
      </trkpt>
      <trkpt lat="22.220368" lon="113.321156">
        <ele>-0.1</ele>
        <time>2024-05-26T11:01:49Z</time>
      </trkpt>
      <trkpt lat="22.220323" lon="113.321179">
        <ele>-0.1</ele>
        <time>2024-05-26T11:01:50Z</time>
      </trkpt>
      <trkpt lat="22.220274" lon="113.321195">
        <ele>-0.1</ele>
        <time>2024-05-26T11:01:51Z</time>
      </trkpt>
      <trkpt lat="22.220223" lon="113.321204">
        <ele>-0.1</ele>
        <time>2024-05-26T11:01:52Z</time>
      </trkpt>
      <trkpt lat="22.220171" lon="113.321224">
        <ele>-0.1</ele>
        <time>2024-05-26T11:01:53Z</time>
      </trkpt>
      <trkpt lat="22.220117" lon="113.321241">
        <ele>-0.1</ele>
        <time>2024-05-26T11:01:54Z</time>
      </trkpt>
      <trkpt lat="22.220065" lon="113.321262">
        <ele>-0.1</ele>
        <time>2024-05-26T11:01:55Z</time>
      </trkpt>
      <trkpt lat="22.220011" lon="113.321279">
        <ele>-0.1</ele>
        <time>2024-05-26T11:01:56Z</time>
      </trkpt>
      <trkpt lat="22.219958" lon="113.321294">
        <ele>-0.1</ele>
        <time>2024-05-26T11:01:57Z</time>
      </trkpt>
      <trkpt lat="22.219906" lon="113.321303">
        <ele>-0.2</ele>
        <time>2024-05-26T11:01:58Z</time>
      </trkpt>
      <trkpt lat="22.219855" lon="113.321317">
        <ele>-0.2</ele>
        <time>2024-05-26T11:01:59Z</time>
      </trkpt>
      <trkpt lat="22.219803" lon="113.32132">
        <ele>-0.2</ele>
        <time>2024-05-26T11:02:00Z</time>
      </trkpt>
      <trkpt lat="22.219755" lon="113.321326">
        <ele>-0.2</ele>
        <time>2024-05-26T11:02:01Z</time>
      </trkpt>
      <trkpt lat="22.21971" lon="113.321334">
        <ele>-0.2</ele>
        <time>2024-05-26T11:02:02Z</time>
      </trkpt>
      <trkpt lat="22.219665" lon="113.321341">
        <ele>-0.2</ele>
        <time>2024-05-26T11:02:03Z</time>
      </trkpt>
      <trkpt lat="22.219623" lon="113.321355">
        <ele>-0.2</ele>
        <time>2024-05-26T11:02:04Z</time>
      </trkpt>
      <trkpt lat="22.219578" lon="113.32137">
        <ele>-0.2</ele>
        <time>2024-05-26T11:02:05Z</time>
      </trkpt>
      <trkpt lat="22.21953" lon="113.321386">
        <ele>-0.2</ele>
        <time>2024-05-26T11:02:06Z</time>
      </trkpt>
      <trkpt lat="22.219482" lon="113.321395">
        <ele>-0.2</ele>
        <time>2024-05-26T11:02:07Z</time>
      </trkpt>
      <trkpt lat="22.219433" lon="113.321409">
        <ele>-0.2</ele>
        <time>2024-05-26T11:02:08Z</time>
      </trkpt>
      <trkpt lat="22.219385" lon="113.321418">
        <ele>-0.2</ele>
        <time>2024-05-26T11:02:09Z</time>
      </trkpt>
      <trkpt lat="22.21934" lon="113.321432">
        <ele>-0.2</ele>
        <time>2024-05-26T11:02:10Z</time>
      </trkpt>
      <trkpt lat="22.219293" lon="113.321447">
        <ele>-0.2</ele>
        <time>2024-05-26T11:02:11Z</time>
      </trkpt>
      <trkpt lat="22.219251" lon="113.321462">
        <ele>-0.2</ele>
        <time>2024-05-26T11:02:12Z</time>
      </trkpt>
      <trkpt lat="22.219207" lon="113.321471">
        <ele>-0.1</ele>
        <time>2024-05-26T11:02:13Z</time>
      </trkpt>
      <trkpt lat="22.219165" lon="113.321485">
        <ele>-0.1</ele>
        <time>2024-05-26T11:02:14Z</time>
      </trkpt>
      <trkpt lat="22.219123" lon="113.3215">
        <ele>-0.1</ele>
        <time>2024-05-26T11:02:15Z</time>
      </trkpt>
      <trkpt lat="22.219078" lon="113.321509">
        <ele>-0.1</ele>
        <time>2024-05-26T11:02:16Z</time>
      </trkpt>
      <trkpt lat="22.21903" lon="113.321523">
        <ele>-0.1</ele>
        <time>2024-05-26T11:02:17Z</time>
      </trkpt>
      <trkpt lat="22.218984" lon="113.321532">
        <ele>-0.1</ele>
        <time>2024-05-26T11:02:18Z</time>
      </trkpt>
      <trkpt lat="22.218937" lon="113.321546">
        <ele>-0.1</ele>
        <time>2024-05-26T11:02:19Z</time>
      </trkpt>
      <trkpt lat="22.218886" lon="113.321561">
        <ele>-0.1</ele>
        <time>2024-05-26T11:02:20Z</time>
      </trkpt>
      <trkpt lat="22.218834" lon="113.321577">
        <ele>-0.1</ele>
        <time>2024-05-26T11:02:21Z</time>
      </trkpt>
      <trkpt lat="22.218784" lon="113.321592">
        <ele>-0.1</ele>
        <time>2024-05-26T11:02:22Z</time>
      </trkpt>
      <trkpt lat="22.218735" lon="113.321607">
        <ele>-0.1</ele>
        <time>2024-05-26T11:02:23Z</time>
      </trkpt>
      <trkpt lat="22.218683" lon="113.321616">
        <ele>-0.1</ele>
        <time>2024-05-26T11:02:24Z</time>
      </trkpt>
      <trkpt lat="22.218627" lon="113.321636">
        <ele>0</ele>
        <time>2024-05-26T11:02:25Z</time>
      </trkpt>
      <trkpt lat="22.218575" lon="113.321653">
        <ele>0</ele>
        <time>2024-05-26T11:02:26Z</time>
      </trkpt>
      <trkpt lat="22.21852" lon="113.321668">
        <ele>0</ele>
        <time>2024-05-26T11:02:27Z</time>
      </trkpt>
      <trkpt lat="22.218463" lon="113.321677">
        <ele>0</ele>
        <time>2024-05-26T11:02:28Z</time>
      </trkpt>
      <trkpt lat="22.218408" lon="113.321691">
        <ele>0</ele>
        <time>2024-05-26T11:02:29Z</time>
      </trkpt>
      <trkpt lat="22.218359" lon="113.321706">
        <ele>0</ele>
        <time>2024-05-26T11:02:30Z</time>
      </trkpt>
      <trkpt lat="22.218308" lon="113.321715">
        <ele>0</ele>
        <time>2024-05-26T11:02:31Z</time>
      </trkpt>
      <trkpt lat="22.218259" lon="113.321729">
        <ele>0</ele>
        <time>2024-05-26T11:02:32Z</time>
      </trkpt>
      <trkpt lat="22.218212" lon="113.321738">
        <ele>0</ele>
        <time>2024-05-26T11:02:33Z</time>
      </trkpt>
      <trkpt lat="22.218163" lon="113.321746">
        <ele>0</ele>
        <time>2024-05-26T11:02:34Z</time>
      </trkpt>
      <trkpt lat="22.218116" lon="113.32176">
        <ele>0</ele>
        <time>2024-05-26T11:02:35Z</time>
      </trkpt>
      <trkpt lat="22.218066" lon="113.321775">
        <ele>0.1</ele>
        <time>2024-05-26T11:02:36Z</time>
      </trkpt>
      <trkpt lat="22.218016" lon="113.321784">
        <ele>0.1</ele>
        <time>2024-05-26T11:02:37Z</time>
      </trkpt>
      <trkpt lat="22.217964" lon="113.321798">
        <ele>0.1</ele>
        <time>2024-05-26T11:02:38Z</time>
      </trkpt>
      <trkpt lat="22.217912" lon="113.321807">
        <ele>0.1</ele>
        <time>2024-05-26T11:02:39Z</time>
      </trkpt>
      <trkpt lat="22.217859" lon="113.321821">
        <ele>0.1</ele>
        <time>2024-05-26T11:02:40Z</time>
      </trkpt>
      <trkpt lat="22.217807" lon="113.321829">
        <ele>0</ele>
        <time>2024-05-26T11:02:41Z</time>
      </trkpt>
      <trkpt lat="22.217759" lon="113.321843">
        <ele>0</ele>
        <time>2024-05-26T11:02:42Z</time>
      </trkpt>
      <trkpt lat="22.217715" lon="113.321852">
        <ele>0</ele>
        <time>2024-05-26T11:02:43Z</time>
      </trkpt>
      <trkpt lat="22.217672" lon="113.32186">
        <ele>-0.1</ele>
        <time>2024-05-26T11:02:44Z</time>
      </trkpt>
      <trkpt lat="22.217629" lon="113.321874">
        <ele>-0.1</ele>
        <time>2024-05-26T11:02:45Z</time>
      </trkpt>
      <trkpt lat="22.217586" lon="113.321889">
        <ele>-0.1</ele>
        <time>2024-05-26T11:02:46Z</time>
      </trkpt>
      <trkpt lat="22.217547" lon="113.321898">
        <ele>-0.2</ele>
        <time>2024-05-26T11:02:47Z</time>
      </trkpt>
      <trkpt lat="22.217507" lon="113.321912">
        <ele>-0.2</ele>
        <time>2024-05-26T11:02:48Z</time>
      </trkpt>
      <trkpt lat="22.217471" lon="113.321927">
        <ele>-0.2</ele>
        <time>2024-05-26T11:02:49Z</time>
      </trkpt>
      <trkpt lat="22.217434" lon="113.321943">
        <ele>-0.2</ele>
        <time>2024-05-26T11:02:50Z</time>
      </trkpt>
      <trkpt lat="22.217405" lon="113.321952">
        <ele>-0.3</ele>
        <time>2024-05-26T11:02:51Z</time>
      </trkpt>
      <trkpt lat="22.217389" lon="113.321972">
        <ele>-0.3</ele>
        <time>2024-05-26T11:02:52Z</time>
      </trkpt>
      <trkpt lat="22.217385" lon="113.322008">
        <ele>-0.3</ele>
        <time>2024-05-26T11:02:53Z</time>
      </trkpt>
      <trkpt lat="22.217391" lon="113.322046">
        <ele>-0.3</ele>
        <time>2024-05-26T11:02:54Z</time>
      </trkpt>
      <trkpt lat="22.217402" lon="113.322078">
        <ele>-0.3</ele>
        <time>2024-05-26T11:02:55Z</time>
      </trkpt>
      <trkpt lat="22.217411" lon="113.322108">
        <ele>-0.4</ele>
        <time>2024-05-26T11:02:56Z</time>
      </trkpt>
      <trkpt lat="22.217418" lon="113.322132">
        <ele>-0.4</ele>
        <time>2024-05-26T11:02:57Z</time>
      </trkpt>
      <trkpt lat="22.217422" lon="113.322155">
        <ele>-0.4</ele>
        <time>2024-05-26T11:02:58Z</time>
      </trkpt>
      <trkpt lat="22.217424" lon="113.322172">
        <ele>-0.4</ele>
        <time>2024-05-26T11:02:59Z</time>
      </trkpt>
      <trkpt lat="22.217424" lon="113.322174">
        <ele>-0.4</ele>
        <time>2024-05-26T11:03:00Z</time>
      </trkpt>
      <trkpt lat="22.217426" lon="113.322181">
        <ele>-0.4</ele>
        <time>2024-05-26T11:03:01Z</time>
      </trkpt>
      <trkpt lat="22.217422" lon="113.322238">
        <ele>-0.5</ele>
        <time>2024-05-26T11:03:45Z</time>
      </trkpt>
      <trkpt lat="22.217422" lon="113.322268">
        <ele>-0.5</ele>
        <time>2024-05-26T11:03:46Z</time>
      </trkpt>
      <trkpt lat="22.217421" lon="113.322299">
        <ele>-0.5</ele>
        <time>2024-05-26T11:03:47Z</time>
      </trkpt>
      <trkpt lat="22.217417" lon="113.322323">
        <ele>-0.5</ele>
        <time>2024-05-26T11:03:48Z</time>
      </trkpt>
      <trkpt lat="22.217401" lon="113.322346">
        <ele>-0.5</ele>
        <time>2024-05-26T11:03:49Z</time>
      </trkpt>
      <trkpt lat="22.217382" lon="113.322369">
        <ele>-0.5</ele>
        <time>2024-05-26T11:03:50Z</time>
      </trkpt>
      <trkpt lat="22.217375" lon="113.322379">
        <ele>-0.6</ele>
        <time>2024-05-26T11:03:51Z</time>
      </trkpt>
      <trkpt lat="22.217375" lon="113.322393">
        <ele>-0.6</ele>
        <time>2024-05-26T11:03:52Z</time>
      </trkpt>
      <trkpt lat="22.217375" lon="113.322402">
        <ele>-0.6</ele>
        <time>2024-05-26T11:03:53Z</time>
      </trkpt>
      <trkpt lat="22.217373" lon="113.322403">
        <ele>-0.6</ele>
        <time>2024-05-26T11:03:54Z</time>
      </trkpt>
      <trkpt lat="22.217371" lon="113.322403">
        <ele>-0.6</ele>
        <time>2024-05-26T11:03:55Z</time>
      </trkpt>
      <trkpt lat="22.217369" lon="113.322403">
        <ele>-0.6</ele>
        <time>2024-05-26T11:03:56Z</time>
      </trkpt>
      <trkpt lat="22.217369" lon="113.322403">
        <ele>-0.6</ele>
        <time>2024-05-26T11:03:57Z</time>
      </trkpt>
      <trkpt lat="22.217369" lon="113.322403">
        <ele>-0.6</ele>
        <time>2024-05-26T11:03:58Z</time>
      </trkpt>
      <trkpt lat="22.217339" lon="113.322439">
        <ele>-0.6</ele>
        <time>2024-05-26T11:04:04Z</time>
      </trkpt>
      <trkpt lat="22.217333" lon="113.32246">
        <ele>-0.6</ele>
        <time>2024-05-26T11:04:05Z</time>
      </trkpt>
      <trkpt lat="22.217339" lon="113.32249">
        <ele>-0.6</ele>
        <time>2024-05-26T11:04:06Z</time>
      </trkpt>
      <trkpt lat="22.217361" lon="113.322526">
        <ele>-0.7</ele>
        <time>2024-05-26T11:04:07Z</time>
      </trkpt>
      <trkpt lat="22.217389" lon="113.322571">
        <ele>-0.7</ele>
        <time>2024-05-26T11:04:08Z</time>
      </trkpt>
      <trkpt lat="22.217413" lon="113.322624">
        <ele>-0.7</ele>
        <time>2024-05-26T11:04:09Z</time>
      </trkpt>
      <trkpt lat="22.217436" lon="113.32267">
        <ele>-0.8</ele>
        <time>2024-05-26T11:04:10Z</time>
      </trkpt>
      <trkpt lat="22.217459" lon="113.322716">
        <ele>-0.8</ele>
        <time>2024-05-26T11:04:11Z</time>
      </trkpt>
      <trkpt lat="22.21748" lon="113.322768">
        <ele>-0.8</ele>
        <time>2024-05-26T11:04:12Z</time>
      </trkpt>
      <trkpt lat="22.217503" lon="113.322816">
        <ele>-0.9</ele>
        <time>2024-05-26T11:04:13Z</time>
      </trkpt>
      <trkpt lat="22.217521" lon="113.322861">
        <ele>-0.9</ele>
        <time>2024-05-26T11:04:14Z</time>
      </trkpt>
      <trkpt lat="22.217543" lon="113.322913">
        <ele>-0.9</ele>
        <time>2024-05-26T11:04:15Z</time>
      </trkpt>
      <trkpt lat="22.217566" lon="113.322967">
        <ele>-1</ele>
        <time>2024-05-26T11:04:16Z</time>
      </trkpt>
      <trkpt lat="22.217584" lon="113.323014">
        <ele>-1</ele>
        <time>2024-05-26T11:04:17Z</time>
      </trkpt>
      <trkpt lat="22.217599" lon="113.323059">
        <ele>-1</ele>
        <time>2024-05-26T11:04:18Z</time>
      </trkpt>
      <trkpt lat="22.217621" lon="113.323105">
        <ele>-1.1</ele>
        <time>2024-05-26T11:04:19Z</time>
      </trkpt>
      <trkpt lat="22.217642" lon="113.323151">
        <ele>-1.1</ele>
        <time>2024-05-26T11:04:20Z</time>
      </trkpt>
      <trkpt lat="22.217665" lon="113.32321">
        <ele>-1.1</ele>
        <time>2024-05-26T11:04:21Z</time>
      </trkpt>
      <trkpt lat="22.217688" lon="113.323265">
        <ele>-1.1</ele>
        <time>2024-05-26T11:04:22Z</time>
      </trkpt>
      <trkpt lat="22.217708" lon="113.323318">
        <ele>-1.1</ele>
        <time>2024-05-26T11:04:23Z</time>
      </trkpt>
      <trkpt lat="22.217727" lon="113.323371">
        <ele>-1.1</ele>
        <time>2024-05-26T11:04:24Z</time>
      </trkpt>
      <trkpt lat="22.217747" lon="113.323405">
        <ele>-1.1</ele>
        <time>2024-05-26T11:04:25Z</time>
      </trkpt>
      <trkpt lat="22.217776" lon="113.323455">
        <ele>-1.1</ele>
        <time>2024-05-26T11:04:26Z</time>
      </trkpt>
      <trkpt lat="22.2178" lon="113.323502">
        <ele>-1.1</ele>
        <time>2024-05-26T11:04:27Z</time>
      </trkpt>
      <trkpt lat="22.217825" lon="113.323548">
        <ele>-1.1</ele>
        <time>2024-05-26T11:04:28Z</time>
      </trkpt>
      <trkpt lat="22.217845" lon="113.3236">
        <ele>-1</ele>
        <time>2024-05-26T11:04:29Z</time>
      </trkpt>
      <trkpt lat="22.217867" lon="113.32366">
        <ele>-1</ele>
        <time>2024-05-26T11:04:30Z</time>
      </trkpt>
      <trkpt lat="22.217882" lon="113.323701">
        <ele>-1</ele>
        <time>2024-05-26T11:04:31Z</time>
      </trkpt>
      <trkpt lat="22.217895" lon="113.323753">
        <ele>-1</ele>
        <time>2024-05-26T11:04:32Z</time>
      </trkpt>
      <trkpt lat="22.217915" lon="113.3238">
        <ele>-1</ele>
        <time>2024-05-26T11:04:33Z</time>
      </trkpt>
      <trkpt lat="22.217936" lon="113.323845">
        <ele>-1</ele>
        <time>2024-05-26T11:04:34Z</time>
      </trkpt>
      <trkpt lat="22.217954" lon="113.323898">
        <ele>-1</ele>
        <time>2024-05-26T11:04:35Z</time>
      </trkpt>
      <trkpt lat="22.217977" lon="113.323944">
        <ele>-1</ele>
        <time>2024-05-26T11:04:36Z</time>
      </trkpt>
      <trkpt lat="22.218001" lon="113.323984">
        <ele>-1</ele>
        <time>2024-05-26T11:04:37Z</time>
      </trkpt>
      <trkpt lat="22.218022" lon="113.324048">
        <ele>-0.9</ele>
        <time>2024-05-26T11:04:38Z</time>
      </trkpt>
      <trkpt lat="22.218046" lon="113.324102">
        <ele>-0.9</ele>
        <time>2024-05-26T11:04:39Z</time>
      </trkpt>
      <trkpt lat="22.218068" lon="113.32417">
        <ele>-0.9</ele>
        <time>2024-05-26T11:04:40Z</time>
      </trkpt>
      <trkpt lat="22.218089" lon="113.324219">
        <ele>-0.9</ele>
        <time>2024-05-26T11:04:41Z</time>
      </trkpt>
      <trkpt lat="22.218106" lon="113.324259">
        <ele>-0.9</ele>
        <time>2024-05-26T11:04:42Z</time>
      </trkpt>
      <trkpt lat="22.218125" lon="113.324316">
        <ele>-0.9</ele>
        <time>2024-05-26T11:04:43Z</time>
      </trkpt>
      <trkpt lat="22.218142" lon="113.324377">
        <ele>-0.9</ele>
        <time>2024-05-26T11:04:44Z</time>
      </trkpt>
      <trkpt lat="22.218163" lon="113.324438">
        <ele>-0.8</ele>
        <time>2024-05-26T11:04:45Z</time>
      </trkpt>
      <trkpt lat="22.218181" lon="113.324505">
        <ele>-0.8</ele>
        <time>2024-05-26T11:04:46Z</time>
      </trkpt>
      <trkpt lat="22.218201" lon="113.324555">
        <ele>-0.8</ele>
        <time>2024-05-26T11:04:47Z</time>
      </trkpt>
      <trkpt lat="22.218216" lon="113.324601">
        <ele>-0.8</ele>
        <time>2024-05-26T11:04:48Z</time>
      </trkpt>
      <trkpt lat="22.218227" lon="113.324633">
        <ele>-0.8</ele>
        <time>2024-05-26T11:04:49Z</time>
      </trkpt>
      <trkpt lat="22.218241" lon="113.324664">
        <ele>-0.8</ele>
        <time>2024-05-26T11:04:50Z</time>
      </trkpt>
      <trkpt lat="22.218249" lon="113.324694">
        <ele>-0.8</ele>
        <time>2024-05-26T11:04:51Z</time>
      </trkpt>
      <trkpt lat="22.218263" lon="113.324725">
        <ele>-0.8</ele>
        <time>2024-05-26T11:04:52Z</time>
      </trkpt>
      <trkpt lat="22.21828" lon="113.324762">
        <ele>-0.8</ele>
        <time>2024-05-26T11:04:53Z</time>
      </trkpt>
      <trkpt lat="22.218297" lon="113.324807">
        <ele>-0.8</ele>
        <time>2024-05-26T11:04:54Z</time>
      </trkpt>
      <trkpt lat="22.218321" lon="113.324858">
        <ele>-0.7</ele>
        <time>2024-05-26T11:04:55Z</time>
      </trkpt>
      <trkpt lat="22.218339" lon="113.324912">
        <ele>-0.7</ele>
        <time>2024-05-26T11:04:56Z</time>
      </trkpt>
      <trkpt lat="22.218356" lon="113.324946">
        <ele>-0.7</ele>
        <time>2024-05-26T11:04:57Z</time>
      </trkpt>
      <trkpt lat="22.218372" lon="113.324996">
        <ele>-0.7</ele>
        <time>2024-05-26T11:04:58Z</time>
      </trkpt>
      <trkpt lat="22.218392" lon="113.325049">
        <ele>-0.7</ele>
        <time>2024-05-26T11:04:59Z</time>
      </trkpt>
      <trkpt lat="22.218412" lon="113.325108">
        <ele>-0.7</ele>
        <time>2024-05-26T11:05:00Z</time>
      </trkpt>
      <trkpt lat="22.218434" lon="113.325157">
        <ele>-0.6</ele>
        <time>2024-05-26T11:05:01Z</time>
      </trkpt>
      <trkpt lat="22.218455" lon="113.325203">
        <ele>-0.6</ele>
        <time>2024-05-26T11:05:02Z</time>
      </trkpt>
      <trkpt lat="22.218474" lon="113.325243">
        <ele>-0.6</ele>
        <time>2024-05-26T11:05:03Z</time>
      </trkpt>
      <trkpt lat="22.218495" lon="113.325294">
        <ele>-0.6</ele>
        <time>2024-05-26T11:05:04Z</time>
      </trkpt>
      <trkpt lat="22.218517" lon="113.325353">
        <ele>-0.5</ele>
        <time>2024-05-26T11:05:05Z</time>
      </trkpt>
      <trkpt lat="22.218545" lon="113.325401">
        <ele>-0.5</ele>
        <time>2024-05-26T11:05:06Z</time>
      </trkpt>
      <trkpt lat="22.218567" lon="113.325447">
        <ele>-0.5</ele>
        <time>2024-05-26T11:05:07Z</time>
      </trkpt>
      <trkpt lat="22.218598" lon="113.325493">
        <ele>-0.5</ele>
        <time>2024-05-26T11:05:08Z</time>
      </trkpt>
      <trkpt lat="22.218624" lon="113.325545">
        <ele>-0.4</ele>
        <time>2024-05-26T11:05:09Z</time>
      </trkpt>
      <trkpt lat="22.218641" lon="113.325592">
        <ele>-0.4</ele>
        <time>2024-05-26T11:05:10Z</time>
      </trkpt>
      <trkpt lat="22.218657" lon="113.325638">
        <ele>-0.4</ele>
        <time>2024-05-26T11:05:11Z</time>
      </trkpt>
      <trkpt lat="22.218676" lon="113.325697">
        <ele>-0.4</ele>
        <time>2024-05-26T11:05:12Z</time>
      </trkpt>
      <trkpt lat="22.218695" lon="113.325745">
        <ele>-0.3</ele>
        <time>2024-05-26T11:05:13Z</time>
      </trkpt>
      <trkpt lat="22.218718" lon="113.325804">
        <ele>-0.3</ele>
        <time>2024-05-26T11:05:14Z</time>
      </trkpt>
      <trkpt lat="22.218737" lon="113.325857">
        <ele>-0.3</ele>
        <time>2024-05-26T11:05:15Z</time>
      </trkpt>
      <trkpt lat="22.218756" lon="113.325905">
        <ele>-0.3</ele>
        <time>2024-05-26T11:05:16Z</time>
      </trkpt>
      <trkpt lat="22.218772" lon="113.325957">
        <ele>-0.2</ele>
        <time>2024-05-26T11:05:17Z</time>
      </trkpt>
      <trkpt lat="22.218786" lon="113.326005">
        <ele>-0.2</ele>
        <time>2024-05-26T11:05:18Z</time>
      </trkpt>
      <trkpt lat="22.218801" lon="113.32605">
        <ele>-0.2</ele>
        <time>2024-05-26T11:05:19Z</time>
      </trkpt>
      <trkpt lat="22.218819" lon="113.326102">
        <ele>-0.2</ele>
        <time>2024-05-26T11:05:20Z</time>
      </trkpt>
      <trkpt lat="22.218838" lon="113.326156">
        <ele>-0.2</ele>
        <time>2024-05-26T11:05:21Z</time>
      </trkpt>
      <trkpt lat="22.218851" lon="113.326202">
        <ele>-0.1</ele>
        <time>2024-05-26T11:05:22Z</time>
      </trkpt>
      <trkpt lat="22.218866" lon="113.326248">
        <ele>-0.1</ele>
        <time>2024-05-26T11:05:23Z</time>
      </trkpt>
      <trkpt lat="22.218884" lon="113.3263">
        <ele>-0.1</ele>
        <time>2024-05-26T11:05:24Z</time>
      </trkpt>
      <trkpt lat="22.218905" lon="113.326354">
        <ele>-0.1</ele>
        <time>2024-05-26T11:05:25Z</time>
      </trkpt>
      <trkpt lat="22.218925" lon="113.326408">
        <ele>0</ele>
        <time>2024-05-26T11:05:26Z</time>
      </trkpt>
      <trkpt lat="22.218944" lon="113.326461">
        <ele>0</ele>
        <time>2024-05-26T11:05:27Z</time>
      </trkpt>
      <trkpt lat="22.218966" lon="113.326514">
        <ele>0</ele>
        <time>2024-05-26T11:05:28Z</time>
      </trkpt>
      <trkpt lat="22.218989" lon="113.326574">
        <ele>0</ele>
        <time>2024-05-26T11:05:29Z</time>
      </trkpt>
      <trkpt lat="22.219011" lon="113.326629">
        <ele>0.1</ele>
        <time>2024-05-26T11:05:30Z</time>
      </trkpt>
      <trkpt lat="22.219034" lon="113.326688">
        <ele>0.1</ele>
        <time>2024-05-26T11:05:31Z</time>
      </trkpt>
      <trkpt lat="22.219059" lon="113.326749">
        <ele>0.1</ele>
        <time>2024-05-26T11:05:32Z</time>
      </trkpt>
      <trkpt lat="22.219083" lon="113.326804">
        <ele>0.1</ele>
        <time>2024-05-26T11:05:33Z</time>
      </trkpt>
      <trkpt lat="22.219107" lon="113.326864">
        <ele>0.1</ele>
        <time>2024-05-26T11:05:34Z</time>
      </trkpt>
      <trkpt lat="22.219133" lon="113.326931">
        <ele>0</ele>
        <time>2024-05-26T11:05:35Z</time>
      </trkpt>
      <trkpt lat="22.21916" lon="113.326994">
        <ele>0</ele>
        <time>2024-05-26T11:05:36Z</time>
      </trkpt>
      <trkpt lat="22.219185" lon="113.327054">
        <ele>0</ele>
        <time>2024-05-26T11:05:37Z</time>
      </trkpt>
      <trkpt lat="22.219206" lon="113.327109">
        <ele>-0.1</ele>
        <time>2024-05-26T11:05:38Z</time>
      </trkpt>
      <trkpt lat="22.219229" lon="113.327169">
        <ele>-0.1</ele>
        <time>2024-05-26T11:05:39Z</time>
      </trkpt>
      <trkpt lat="22.21925" lon="113.327223">
        <ele>-0.1</ele>
        <time>2024-05-26T11:05:40Z</time>
      </trkpt>
      <trkpt lat="22.219271" lon="113.327276">
        <ele>-0.2</ele>
        <time>2024-05-26T11:05:41Z</time>
      </trkpt>
      <trkpt lat="22.219292" lon="113.32733">
        <ele>-0.2</ele>
        <time>2024-05-26T11:05:42Z</time>
      </trkpt>
      <trkpt lat="22.219313" lon="113.327384">
        <ele>-0.2</ele>
        <time>2024-05-26T11:05:43Z</time>
      </trkpt>
      <trkpt lat="22.219334" lon="113.327437">
        <ele>-0.3</ele>
        <time>2024-05-26T11:05:44Z</time>
      </trkpt>
      <trkpt lat="22.219353" lon="113.327491">
        <ele>-0.3</ele>
        <time>2024-05-26T11:05:45Z</time>
      </trkpt>
      <trkpt lat="22.219371" lon="113.327538">
        <ele>-0.3</ele>
        <time>2024-05-26T11:05:46Z</time>
      </trkpt>
      <trkpt lat="22.219391" lon="113.32759">
        <ele>-0.4</ele>
        <time>2024-05-26T11:05:47Z</time>
      </trkpt>
      <trkpt lat="22.219414" lon="113.327643">
        <ele>-0.4</ele>
        <time>2024-05-26T11:05:48Z</time>
      </trkpt>
      <trkpt lat="22.219437" lon="113.327697">
        <ele>-0.4</ele>
        <time>2024-05-26T11:05:49Z</time>
      </trkpt>
      <trkpt lat="22.219458" lon="113.32775">
        <ele>-0.5</ele>
        <time>2024-05-26T11:05:50Z</time>
      </trkpt>
      <trkpt lat="22.219481" lon="113.327804">
        <ele>-0.5</ele>
        <time>2024-05-26T11:05:51Z</time>
      </trkpt>
      <trkpt lat="22.219502" lon="113.327857">
        <ele>-0.5</ele>
        <time>2024-05-26T11:05:52Z</time>
      </trkpt>
      <trkpt lat="22.219525" lon="113.327911">
        <ele>-0.6</ele>
        <time>2024-05-26T11:05:53Z</time>
      </trkpt>
      <trkpt lat="22.219549" lon="113.327964">
        <ele>-0.6</ele>
        <time>2024-05-26T11:05:54Z</time>
      </trkpt>
      <trkpt lat="22.219571" lon="113.328017">
        <ele>-0.6</ele>
        <time>2024-05-26T11:05:55Z</time>
      </trkpt>
      <trkpt lat="22.219595" lon="113.328076">
        <ele>-0.7</ele>
        <time>2024-05-26T11:05:56Z</time>
      </trkpt>
      <trkpt lat="22.219619" lon="113.328138">
        <ele>-0.7</ele>
        <time>2024-05-26T11:05:57Z</time>
      </trkpt>
      <trkpt lat="22.219646" lon="113.328193">
        <ele>-0.8</ele>
        <time>2024-05-26T11:05:58Z</time>
      </trkpt>
      <trkpt lat="22.219668" lon="113.328253">
        <ele>-0.8</ele>
        <time>2024-05-26T11:05:59Z</time>
      </trkpt>
      <trkpt lat="22.219694" lon="113.328307">
        <ele>-0.8</ele>
        <time>2024-05-26T11:06:00Z</time>
      </trkpt>
      <trkpt lat="22.219717" lon="113.32836">
        <ele>-0.9</ele>
        <time>2024-05-26T11:06:01Z</time>
      </trkpt>
      <trkpt lat="22.219737" lon="113.328414">
        <ele>-0.9</ele>
        <time>2024-05-26T11:06:02Z</time>
      </trkpt>
      <trkpt lat="22.219761" lon="113.328468">
        <ele>-0.9</ele>
        <time>2024-05-26T11:06:03Z</time>
      </trkpt>
      <trkpt lat="22.219787" lon="113.328527">
        <ele>-1</ele>
        <time>2024-05-26T11:06:04Z</time>
      </trkpt>
      <trkpt lat="22.219812" lon="113.328575">
        <ele>-1</ele>
        <time>2024-05-26T11:06:05Z</time>
      </trkpt>
      <trkpt lat="22.219834" lon="113.328621">
        <ele>-1</ele>
        <time>2024-05-26T11:06:06Z</time>
      </trkpt>
      <trkpt lat="22.21985" lon="113.328667">
        <ele>-1</ele>
        <time>2024-05-26T11:06:07Z</time>
      </trkpt>
      <trkpt lat="22.219868" lon="113.328719">
        <ele>-1</ele>
        <time>2024-05-26T11:06:08Z</time>
      </trkpt>
      <trkpt lat="22.219888" lon="113.328766">
        <ele>-1</ele>
        <time>2024-05-26T11:06:09Z</time>
      </trkpt>
      <trkpt lat="22.219911" lon="113.328812">
        <ele>-1</ele>
        <time>2024-05-26T11:06:10Z</time>
      </trkpt>
      <trkpt lat="22.219934" lon="113.328857">
        <ele>-1</ele>
        <time>2024-05-26T11:06:11Z</time>
      </trkpt>
      <trkpt lat="22.219954" lon="113.32891">
        <ele>-1</ele>
        <time>2024-05-26T11:06:12Z</time>
      </trkpt>
      <trkpt lat="22.21997" lon="113.328951">
        <ele>-1</ele>
        <time>2024-05-26T11:06:13Z</time>
      </trkpt>
      <trkpt lat="22.219982" lon="113.328988">
        <ele>-1</ele>
        <time>2024-05-26T11:06:14Z</time>
      </trkpt>
      <trkpt lat="22.219997" lon="113.329033">
        <ele>-1</ele>
        <time>2024-05-26T11:06:15Z</time>
      </trkpt>
      <trkpt lat="22.220017" lon="113.329079">
        <ele>-1</ele>
        <time>2024-05-26T11:06:16Z</time>
      </trkpt>
      <trkpt lat="22.220035" lon="113.329125">
        <ele>-1</ele>
        <time>2024-05-26T11:06:17Z</time>
      </trkpt>
      <trkpt lat="22.220053" lon="113.32917">
        <ele>-1</ele>
        <time>2024-05-26T11:06:18Z</time>
      </trkpt>
      <trkpt lat="22.220071" lon="113.329222">
        <ele>-1</ele>
        <time>2024-05-26T11:06:19Z</time>
      </trkpt>
      <trkpt lat="22.220091" lon="113.329269">
        <ele>-0.9</ele>
        <time>2024-05-26T11:06:20Z</time>
      </trkpt>
      <trkpt lat="22.220115" lon="113.329322">
        <ele>-0.9</ele>
        <time>2024-05-26T11:06:21Z</time>
      </trkpt>
      <trkpt lat="22.220135" lon="113.329369">
        <ele>-0.9</ele>
        <time>2024-05-26T11:06:22Z</time>
      </trkpt>
      <trkpt lat="22.220156" lon="113.329414">
        <ele>-0.9</ele>
        <time>2024-05-26T11:06:23Z</time>
      </trkpt>
      <trkpt lat="22.220175" lon="113.329467">
        <ele>-0.9</ele>
        <time>2024-05-26T11:06:24Z</time>
      </trkpt>
      <trkpt lat="22.220195" lon="113.329514">
        <ele>-0.9</ele>
        <time>2024-05-26T11:06:25Z</time>
      </trkpt>
      <trkpt lat="22.220214" lon="113.329566">
        <ele>-0.9</ele>
        <time>2024-05-26T11:06:26Z</time>
      </trkpt>
      <trkpt lat="22.220231" lon="113.329613">
        <ele>-0.9</ele>
        <time>2024-05-26T11:06:27Z</time>
      </trkpt>
      <trkpt lat="22.22025" lon="113.329659">
        <ele>-0.9</ele>
        <time>2024-05-26T11:06:28Z</time>
      </trkpt>
      <trkpt lat="22.220269" lon="113.329711">
        <ele>-0.9</ele>
        <time>2024-05-26T11:06:29Z</time>
      </trkpt>
      <trkpt lat="22.220288" lon="113.329765">
        <ele>-0.9</ele>
        <time>2024-05-26T11:06:30Z</time>
      </trkpt>
      <trkpt lat="22.220309" lon="113.329818">
        <ele>-0.9</ele>
        <time>2024-05-26T11:06:31Z</time>
      </trkpt>
      <trkpt lat="22.220331" lon="113.329871">
        <ele>-0.9</ele>
        <time>2024-05-26T11:06:32Z</time>
      </trkpt>
      <trkpt lat="22.220351" lon="113.329924">
        <ele>-0.9</ele>
        <time>2024-05-26T11:06:33Z</time>
      </trkpt>
      <trkpt lat="22.22037" lon="113.329971">
        <ele>-0.9</ele>
        <time>2024-05-26T11:06:34Z</time>
      </trkpt>
      <trkpt lat="22.220389" lon="113.330023">
        <ele>-0.9</ele>
        <time>2024-05-26T11:06:35Z</time>
      </trkpt>
      <trkpt lat="22.220408" lon="113.330071">
        <ele>-0.9</ele>
        <time>2024-05-26T11:06:36Z</time>
      </trkpt>
      <trkpt lat="22.220429" lon="113.330122">
        <ele>-0.9</ele>
        <time>2024-05-26T11:06:37Z</time>
      </trkpt>
      <trkpt lat="22.220453" lon="113.330182">
        <ele>-0.9</ele>
        <time>2024-05-26T11:06:38Z</time>
      </trkpt>
      <trkpt lat="22.220475" lon="113.330231">
        <ele>-0.9</ele>
        <time>2024-05-26T11:06:39Z</time>
      </trkpt>
      <trkpt lat="22.220494" lon="113.330277">
        <ele>-0.9</ele>
        <time>2024-05-26T11:06:40Z</time>
      </trkpt>
      <trkpt lat="22.220515" lon="113.330323">
        <ele>-0.9</ele>
        <time>2024-05-26T11:06:41Z</time>
      </trkpt>
      <trkpt lat="22.220534" lon="113.330368">
        <ele>-0.9</ele>
        <time>2024-05-26T11:06:42Z</time>
      </trkpt>
      <trkpt lat="22.220556" lon="113.330414">
        <ele>-0.9</ele>
        <time>2024-05-26T11:06:43Z</time>
      </trkpt>
      <trkpt lat="22.220576" lon="113.330453">
        <ele>-0.9</ele>
        <time>2024-05-26T11:06:44Z</time>
      </trkpt>
      <trkpt lat="22.220594" lon="113.330492">
        <ele>-0.9</ele>
        <time>2024-05-26T11:06:45Z</time>
      </trkpt>
      <trkpt lat="22.220608" lon="113.330536">
        <ele>-0.9</ele>
        <time>2024-05-26T11:06:46Z</time>
      </trkpt>
      <trkpt lat="22.220624" lon="113.330576">
        <ele>-0.9</ele>
        <time>2024-05-26T11:06:47Z</time>
      </trkpt>
      <trkpt lat="22.220646" lon="113.330613">
        <ele>-0.9</ele>
        <time>2024-05-26T11:06:48Z</time>
      </trkpt>
      <trkpt lat="22.220662" lon="113.330639">
        <ele>-0.9</ele>
        <time>2024-05-26T11:06:49Z</time>
      </trkpt>
      <trkpt lat="22.220671" lon="113.330655">
        <ele>-0.9</ele>
        <time>2024-05-26T11:06:50Z</time>
      </trkpt>
      <trkpt lat="22.220682" lon="113.330652">
        <ele>-0.9</ele>
        <time>2024-05-26T11:06:52Z</time>
      </trkpt>
      <trkpt lat="22.220677" lon="113.330637">
        <ele>-0.9</ele>
        <time>2024-05-26T11:06:53Z</time>
      </trkpt>
      <trkpt lat="22.220661" lon="113.330616">
        <ele>-0.9</ele>
        <time>2024-05-26T11:06:54Z</time>
      </trkpt>
      <trkpt lat="22.220638" lon="113.330606">
        <ele>-0.9</ele>
        <time>2024-05-26T11:06:55Z</time>
      </trkpt>
      <trkpt lat="22.220617" lon="113.330598">
        <ele>-0.9</ele>
        <time>2024-05-26T11:06:56Z</time>
      </trkpt>
      <trkpt lat="22.220597" lon="113.330578">
        <ele>-0.9</ele>
        <time>2024-05-26T11:06:57Z</time>
      </trkpt>
      <trkpt lat="22.220583" lon="113.330548">
        <ele>-0.9</ele>
        <time>2024-05-26T11:06:58Z</time>
      </trkpt>
      <trkpt lat="22.220571" lon="113.330518">
        <ele>-0.9</ele>
        <time>2024-05-26T11:06:59Z</time>
      </trkpt>
      <trkpt lat="22.220563" lon="113.330487">
        <ele>-0.9</ele>
        <time>2024-05-26T11:07:00Z</time>
      </trkpt>
      <trkpt lat="22.220551" lon="113.330451">
        <ele>-0.9</ele>
        <time>2024-05-26T11:07:01Z</time>
      </trkpt>
      <trkpt lat="22.220536" lon="113.330419">
        <ele>-0.9</ele>
        <time>2024-05-26T11:07:02Z</time>
      </trkpt>
      <trkpt lat="22.220519" lon="113.330382">
        <ele>-0.8</ele>
        <time>2024-05-26T11:07:03Z</time>
      </trkpt>
      <trkpt lat="22.220502" lon="113.330337">
        <ele>-0.8</ele>
        <time>2024-05-26T11:07:04Z</time>
      </trkpt>
      <trkpt lat="22.220485" lon="113.330298">
        <ele>-0.8</ele>
        <time>2024-05-26T11:07:05Z</time>
      </trkpt>
      <trkpt lat="22.220469" lon="113.33026">
        <ele>-0.8</ele>
        <time>2024-05-26T11:07:06Z</time>
      </trkpt>
      <trkpt lat="22.220467" lon="113.330222">
        <ele>-0.8</ele>
        <time>2024-05-26T11:07:07Z</time>
      </trkpt>
      <trkpt lat="22.220468" lon="113.33019">
        <ele>-0.8</ele>
        <time>2024-05-26T11:07:08Z</time>
      </trkpt>
      <trkpt lat="22.220467" lon="113.330159">
        <ele>-0.8</ele>
        <time>2024-05-26T11:07:09Z</time>
      </trkpt>
      <trkpt lat="22.220467" lon="113.330129">
        <ele>-0.8</ele>
        <time>2024-05-26T11:07:10Z</time>
      </trkpt>
      <trkpt lat="22.220462" lon="113.330098">
        <ele>-0.8</ele>
        <time>2024-05-26T11:07:11Z</time>
      </trkpt>
      <trkpt lat="22.220453" lon="113.330074">
        <ele>-0.8</ele>
        <time>2024-05-26T11:07:12Z</time>
      </trkpt>
      <trkpt lat="22.220443" lon="113.330045">
        <ele>-0.8</ele>
        <time>2024-05-26T11:07:13Z</time>
      </trkpt>
      <trkpt lat="22.220432" lon="113.330008">
        <ele>-0.8</ele>
        <time>2024-05-26T11:07:14Z</time>
      </trkpt>
      <trkpt lat="22.220429" lon="113.32997">
        <ele>-0.8</ele>
        <time>2024-05-26T11:07:15Z</time>
      </trkpt>
      <trkpt lat="22.220425" lon="113.329938">
        <ele>-0.8</ele>
        <time>2024-05-26T11:07:16Z</time>
      </trkpt>
      <trkpt lat="22.220418" lon="113.329908">
        <ele>-0.8</ele>
        <time>2024-05-26T11:07:17Z</time>
      </trkpt>
      <trkpt lat="22.220411" lon="113.329877">
        <ele>-0.8</ele>
        <time>2024-05-26T11:07:18Z</time>
      </trkpt>
      <trkpt lat="22.220403" lon="113.329847">
        <ele>-0.8</ele>
        <time>2024-05-26T11:07:19Z</time>
      </trkpt>
      <trkpt lat="22.220402" lon="113.329822">
        <ele>-0.8</ele>
        <time>2024-05-26T11:07:20Z</time>
      </trkpt>
      <trkpt lat="22.2204" lon="113.329806">
        <ele>-0.8</ele>
        <time>2024-05-26T11:07:21Z</time>
      </trkpt>
      <trkpt lat="22.220398" lon="113.329803">
        <ele>-0.8</ele>
        <time>2024-05-26T11:07:22Z</time>
      </trkpt>
      <trkpt lat="22.220395" lon="113.32981">
        <ele>-0.8</ele>
        <time>2024-05-26T11:07:23Z</time>
      </trkpt>
      <trkpt lat="22.220397" lon="113.329824">
        <ele>-0.8</ele>
        <time>2024-05-26T11:07:24Z</time>
      </trkpt>
      <trkpt lat="22.220401" lon="113.329833">
        <ele>-0.8</ele>
        <time>2024-05-26T11:07:25Z</time>
      </trkpt>
      <trkpt lat="22.220403" lon="113.329847">
        <ele>-0.8</ele>
        <time>2024-05-26T11:07:26Z</time>
      </trkpt>
      <trkpt lat="22.220339" lon="113.329845">
        <ele>-0.8</ele>
        <time>2024-05-26T11:07:30Z</time>
      </trkpt>
      <trkpt lat="22.220329" lon="113.32981">
        <ele>-0.8</ele>
        <time>2024-05-26T11:07:31Z</time>
      </trkpt>
      <trkpt lat="22.220316" lon="113.329772">
        <ele>-0.8</ele>
        <time>2024-05-26T11:07:32Z</time>
      </trkpt>
      <trkpt lat="22.220306" lon="113.32974">
        <ele>-0.8</ele>
        <time>2024-05-26T11:07:33Z</time>
      </trkpt>
      <trkpt lat="22.220305" lon="113.32971">
        <ele>-0.8</ele>
        <time>2024-05-26T11:07:34Z</time>
      </trkpt>
      <trkpt lat="22.220301" lon="113.329679">
        <ele>-0.8</ele>
        <time>2024-05-26T11:07:35Z</time>
      </trkpt>
      <trkpt lat="22.220293" lon="113.329648">
        <ele>-0.8</ele>
        <time>2024-05-26T11:07:36Z</time>
      </trkpt>
      <trkpt lat="22.220279" lon="113.329618">
        <ele>-0.8</ele>
        <time>2024-05-26T11:07:37Z</time>
      </trkpt>
      <trkpt lat="22.220265" lon="113.329581">
        <ele>-0.8</ele>
        <time>2024-05-26T11:07:38Z</time>
      </trkpt>
      <trkpt lat="22.22025" lon="113.329542">
        <ele>-0.8</ele>
        <time>2024-05-26T11:07:39Z</time>
      </trkpt>
      <trkpt lat="22.220233" lon="113.329505">
        <ele>-0.8</ele>
        <time>2024-05-26T11:07:40Z</time>
      </trkpt>
      <trkpt lat="22.220219" lon="113.329473">
        <ele>-0.8</ele>
        <time>2024-05-26T11:07:41Z</time>
      </trkpt>
      <trkpt lat="22.220205" lon="113.329436">
        <ele>-0.8</ele>
        <time>2024-05-26T11:07:42Z</time>
      </trkpt>
      <trkpt lat="22.220192" lon="113.329404">
        <ele>-0.8</ele>
        <time>2024-05-26T11:07:43Z</time>
      </trkpt>
      <trkpt lat="22.220174" lon="113.329374">
        <ele>-0.8</ele>
        <time>2024-05-26T11:07:44Z</time>
      </trkpt>
      <trkpt lat="22.220157" lon="113.329337">
        <ele>-0.8</ele>
        <time>2024-05-26T11:07:45Z</time>
      </trkpt>
      <trkpt lat="22.220143" lon="113.329299">
        <ele>-0.8</ele>
        <time>2024-05-26T11:07:46Z</time>
      </trkpt>
      <trkpt lat="22.220129" lon="113.32926">
        <ele>-0.8</ele>
        <time>2024-05-26T11:07:47Z</time>
      </trkpt>
      <trkpt lat="22.220119" lon="113.329229">
        <ele>-0.7</ele>
        <time>2024-05-26T11:07:48Z</time>
      </trkpt>
      <trkpt lat="22.2201" lon="113.329191">
        <ele>-0.7</ele>
        <time>2024-05-26T11:07:49Z</time>
      </trkpt>
      <trkpt lat="22.220082" lon="113.329148">
        <ele>-0.7</ele>
        <time>2024-05-26T11:07:50Z</time>
      </trkpt>
      <trkpt lat="22.220068" lon="113.329108">
        <ele>-0.7</ele>
        <time>2024-05-26T11:07:51Z</time>
      </trkpt>
      <trkpt lat="22.220053" lon="113.32907">
        <ele>-0.7</ele>
        <time>2024-05-26T11:07:52Z</time>
      </trkpt>
      <trkpt lat="22.220036" lon="113.329032">
        <ele>-0.7</ele>
        <time>2024-05-26T11:07:53Z</time>
      </trkpt>
      <trkpt lat="22.220016" lon="113.328993">
        <ele>-0.7</ele>
        <time>2024-05-26T11:07:54Z</time>
      </trkpt>
      <trkpt lat="22.219993" lon="113.328955">
        <ele>-0.6</ele>
        <time>2024-05-26T11:07:55Z</time>
      </trkpt>
      <trkpt lat="22.219972" lon="113.328917">
        <ele>-0.6</ele>
        <time>2024-05-26T11:07:56Z</time>
      </trkpt>
      <trkpt lat="22.219956" lon="113.328872">
        <ele>-0.6</ele>
        <time>2024-05-26T11:07:57Z</time>
      </trkpt>
      <trkpt lat="22.219941" lon="113.328827">
        <ele>-0.6</ele>
        <time>2024-05-26T11:07:58Z</time>
      </trkpt>
      <trkpt lat="22.219926" lon="113.328788">
        <ele>-0.6</ele>
        <time>2024-05-26T11:07:59Z</time>
      </trkpt>
      <trkpt lat="22.21991" lon="113.328756">
        <ele>-0.6</ele>
        <time>2024-05-26T11:08:00Z</time>
      </trkpt>
      <trkpt lat="22.219897" lon="113.328719">
        <ele>-0.6</ele>
        <time>2024-05-26T11:08:01Z</time>
      </trkpt>
      <trkpt lat="22.219883" lon="113.32868">
        <ele>-0.6</ele>
        <time>2024-05-26T11:08:02Z</time>
      </trkpt>
      <trkpt lat="22.219872" lon="113.328636">
        <ele>-0.5</ele>
        <time>2024-05-26T11:08:03Z</time>
      </trkpt>
      <trkpt lat="22.219855" lon="113.328596">
        <ele>-0.5</ele>
        <time>2024-05-26T11:08:04Z</time>
      </trkpt>
      <trkpt lat="22.219836" lon="113.328558">
        <ele>-0.5</ele>
        <time>2024-05-26T11:08:05Z</time>
      </trkpt>
      <trkpt lat="22.219814" lon="113.328514">
        <ele>-0.5</ele>
        <time>2024-05-26T11:08:06Z</time>
      </trkpt>
      <trkpt lat="22.21979" lon="113.328474">
        <ele>-0.5</ele>
        <time>2024-05-26T11:08:07Z</time>
      </trkpt>
      <trkpt lat="22.219768" lon="113.32843">
        <ele>-0.5</ele>
        <time>2024-05-26T11:08:08Z</time>
      </trkpt>
      <trkpt lat="22.21975" lon="113.328384">
        <ele>-0.5</ele>
        <time>2024-05-26T11:08:09Z</time>
      </trkpt>
      <trkpt lat="22.219735" lon="113.328332">
        <ele>-0.4</ele>
        <time>2024-05-26T11:08:10Z</time>
      </trkpt>
      <trkpt lat="22.219724" lon="113.328285">
        <ele>-0.4</ele>
        <time>2024-05-26T11:08:11Z</time>
      </trkpt>
      <trkpt lat="22.21971" lon="113.32824">
        <ele>-0.4</ele>
        <time>2024-05-26T11:08:12Z</time>
      </trkpt>
      <trkpt lat="22.219699" lon="113.328193">
        <ele>-0.4</ele>
        <time>2024-05-26T11:08:13Z</time>
      </trkpt>
      <trkpt lat="22.219687" lon="113.328141">
        <ele>-0.4</ele>
        <time>2024-05-26T11:08:14Z</time>
      </trkpt>
      <trkpt lat="22.219678" lon="113.328094">
        <ele>-0.4</ele>
        <time>2024-05-26T11:08:15Z</time>
      </trkpt>
      <trkpt lat="22.219662" lon="113.328042">
        <ele>-0.3</ele>
        <time>2024-05-26T11:08:16Z</time>
      </trkpt>
      <trkpt lat="22.219639" lon="113.327995">
        <ele>-0.3</ele>
        <time>2024-05-26T11:08:17Z</time>
      </trkpt>
      <trkpt lat="22.219619" lon="113.327949">
        <ele>-0.3</ele>
        <time>2024-05-26T11:08:18Z</time>
      </trkpt>
      <trkpt lat="22.219602" lon="113.327903">
        <ele>-0.3</ele>
        <time>2024-05-26T11:08:19Z</time>
      </trkpt>
      <trkpt lat="22.219581" lon="113.327864">
        <ele>-0.3</ele>
        <time>2024-05-26T11:08:20Z</time>
      </trkpt>
      <trkpt lat="22.219562" lon="113.32782">
        <ele>-0.3</ele>
        <time>2024-05-26T11:08:21Z</time>
      </trkpt>
      <trkpt lat="22.219541" lon="113.327774">
        <ele>-0.3</ele>
        <time>2024-05-26T11:08:22Z</time>
      </trkpt>
      <trkpt lat="22.219516" lon="113.327729">
        <ele>-0.2</ele>
        <time>2024-05-26T11:08:23Z</time>
      </trkpt>
      <trkpt lat="22.219498" lon="113.327676">
        <ele>-0.2</ele>
        <time>2024-05-26T11:08:24Z</time>
      </trkpt>
      <trkpt lat="22.21948" lon="113.327623">
        <ele>-0.2</ele>
        <time>2024-05-26T11:08:25Z</time>
      </trkpt>
      <trkpt lat="22.219462" lon="113.327582">
        <ele>-0.2</ele>
        <time>2024-05-26T11:08:26Z</time>
      </trkpt>
      <trkpt lat="22.219448" lon="113.327543">
        <ele>-0.2</ele>
        <time>2024-05-26T11:08:27Z</time>
      </trkpt>
      <trkpt lat="22.219432" lon="113.327499">
        <ele>-0.2</ele>
        <time>2024-05-26T11:08:28Z</time>
      </trkpt>
      <trkpt lat="22.219413" lon="113.327454">
        <ele>-0.2</ele>
        <time>2024-05-26T11:08:29Z</time>
      </trkpt>
      <trkpt lat="22.219389" lon="113.327407">
        <ele>-0.2</ele>
        <time>2024-05-26T11:08:30Z</time>
      </trkpt>
      <trkpt lat="22.219368" lon="113.327356">
        <ele>-0.2</ele>
        <time>2024-05-26T11:08:31Z</time>
      </trkpt>
      <trkpt lat="22.219348" lon="113.327309">
        <ele>-0.2</ele>
        <time>2024-05-26T11:08:32Z</time>
      </trkpt>
      <trkpt lat="22.219327" lon="113.327256">
        <ele>-0.2</ele>
        <time>2024-05-26T11:08:33Z</time>
      </trkpt>
      <trkpt lat="22.21931" lon="113.327203">
        <ele>-0.2</ele>
        <time>2024-05-26T11:08:34Z</time>
      </trkpt>
      <trkpt lat="22.219293" lon="113.327156">
        <ele>-0.2</ele>
        <time>2024-05-26T11:08:35Z</time>
      </trkpt>
      <trkpt lat="22.219275" lon="113.327116">
        <ele>-0.2</ele>
        <time>2024-05-26T11:08:36Z</time>
      </trkpt>
      <trkpt lat="22.219258" lon="113.327078">
        <ele>-0.2</ele>
        <time>2024-05-26T11:08:37Z</time>
      </trkpt>
      <trkpt lat="22.219243" lon="113.327034">
        <ele>-0.3</ele>
        <time>2024-05-26T11:08:38Z</time>
      </trkpt>
      <trkpt lat="22.219228" lon="113.326996">
        <ele>-0.3</ele>
        <time>2024-05-26T11:08:39Z</time>
      </trkpt>
      <trkpt lat="22.219211" lon="113.326951">
        <ele>-0.3</ele>
        <time>2024-05-26T11:08:40Z</time>
      </trkpt>
      <trkpt lat="22.219195" lon="113.32691">
        <ele>-0.3</ele>
        <time>2024-05-26T11:08:41Z</time>
      </trkpt>
      <trkpt lat="22.219176" lon="113.326872">
        <ele>-0.3</ele>
        <time>2024-05-26T11:08:42Z</time>
      </trkpt>
      <trkpt lat="22.219161" lon="113.326828">
        <ele>-0.3</ele>
        <time>2024-05-26T11:08:43Z</time>
      </trkpt>
      <trkpt lat="22.219145" lon="113.326782">
        <ele>-0.3</ele>
        <time>2024-05-26T11:08:44Z</time>
      </trkpt>
      <trkpt lat="22.219128" lon="113.326736">
        <ele>-0.3</ele>
        <time>2024-05-26T11:08:45Z</time>
      </trkpt>
      <trkpt lat="22.219113" lon="113.326691">
        <ele>-0.3</ele>
        <time>2024-05-26T11:08:46Z</time>
      </trkpt>
      <trkpt lat="22.219096" lon="113.326638">
        <ele>-0.3</ele>
        <time>2024-05-26T11:08:47Z</time>
      </trkpt>
      <trkpt lat="22.219076" lon="113.326591">
        <ele>-0.3</ele>
        <time>2024-05-26T11:08:48Z</time>
      </trkpt>
      <trkpt lat="22.219058" lon="113.326546">
        <ele>-0.3</ele>
        <time>2024-05-26T11:08:49Z</time>
      </trkpt>
      <trkpt lat="22.219039" lon="113.326493">
        <ele>-0.3</ele>
        <time>2024-05-26T11:08:50Z</time>
      </trkpt>
      <trkpt lat="22.219017" lon="113.326446">
        <ele>-0.3</ele>
        <time>2024-05-26T11:08:51Z</time>
      </trkpt>
      <trkpt lat="22.218996" lon="113.326394">
        <ele>-0.3</ele>
        <time>2024-05-26T11:08:52Z</time>
      </trkpt>
      <trkpt lat="22.218975" lon="113.326341">
        <ele>-0.3</ele>
        <time>2024-05-26T11:08:53Z</time>
      </trkpt>
      <trkpt lat="22.218955" lon="113.326294">
        <ele>-0.3</ele>
        <time>2024-05-26T11:08:54Z</time>
      </trkpt>
      <trkpt lat="22.218938" lon="113.326248">
        <ele>-0.3</ele>
        <time>2024-05-26T11:08:55Z</time>
      </trkpt>
      <trkpt lat="22.218918" lon="113.326196">
        <ele>-0.3</ele>
        <time>2024-05-26T11:08:56Z</time>
      </trkpt>
      <trkpt lat="22.218897" lon="113.326136">
        <ele>-0.3</ele>
        <time>2024-05-26T11:08:57Z</time>
      </trkpt>
      <trkpt lat="22.218871" lon="113.326081">
        <ele>-0.4</ele>
        <time>2024-05-26T11:08:58Z</time>
      </trkpt>
      <trkpt lat="22.218844" lon="113.326022">
        <ele>-0.4</ele>
        <time>2024-05-26T11:08:59Z</time>
      </trkpt>
      <trkpt lat="22.218819" lon="113.325967">
        <ele>-0.4</ele>
        <time>2024-05-26T11:09:00Z</time>
      </trkpt>
      <trkpt lat="22.218796" lon="113.325914">
        <ele>-0.4</ele>
        <time>2024-05-26T11:09:01Z</time>
      </trkpt>
      <trkpt lat="22.218774" lon="113.32586">
        <ele>-0.4</ele>
        <time>2024-05-26T11:09:02Z</time>
      </trkpt>
      <trkpt lat="22.218752" lon="113.325813">
        <ele>-0.4</ele>
        <time>2024-05-26T11:09:03Z</time>
      </trkpt>
      <trkpt lat="22.218727" lon="113.325761">
        <ele>-0.4</ele>
        <time>2024-05-26T11:09:04Z</time>
      </trkpt>
      <trkpt lat="22.218699" lon="113.325701">
        <ele>-0.4</ele>
        <time>2024-05-26T11:09:05Z</time>
      </trkpt>
      <trkpt lat="22.218672" lon="113.325634">
        <ele>-0.4</ele>
        <time>2024-05-26T11:09:06Z</time>
      </trkpt>
      <trkpt lat="22.218646" lon="113.325572">
        <ele>-0.5</ele>
        <time>2024-05-26T11:09:07Z</time>
      </trkpt>
      <trkpt lat="22.218622" lon="113.325523">
        <ele>-0.5</ele>
        <time>2024-05-26T11:09:08Z</time>
      </trkpt>
      <trkpt lat="22.218603" lon="113.325471">
        <ele>-0.5</ele>
        <time>2024-05-26T11:09:09Z</time>
      </trkpt>
      <trkpt lat="22.21858" lon="113.325417">
        <ele>-0.5</ele>
        <time>2024-05-26T11:09:10Z</time>
      </trkpt>
      <trkpt lat="22.218559" lon="113.325371">
        <ele>-0.5</ele>
        <time>2024-05-26T11:09:11Z</time>
      </trkpt>
      <trkpt lat="22.218536" lon="113.325319">
        <ele>-0.5</ele>
        <time>2024-05-26T11:09:12Z</time>
      </trkpt>
      <trkpt lat="22.218513" lon="113.325265">
        <ele>-0.6</ele>
        <time>2024-05-26T11:09:13Z</time>
      </trkpt>
      <trkpt lat="22.218491" lon="113.325212">
        <ele>-0.6</ele>
        <time>2024-05-26T11:09:14Z</time>
      </trkpt>
      <trkpt lat="22.218468" lon="113.325165">
        <ele>-0.6</ele>
        <time>2024-05-26T11:09:15Z</time>
      </trkpt>
      <trkpt lat="22.21845" lon="113.325106">
        <ele>-0.6</ele>
        <time>2024-05-26T11:09:16Z</time>
      </trkpt>
      <trkpt lat="22.218432" lon="113.325051">
        <ele>-0.6</ele>
        <time>2024-05-26T11:09:17Z</time>
      </trkpt>
      <trkpt lat="22.218412" lon="113.324998">
        <ele>-0.6</ele>
        <time>2024-05-26T11:09:18Z</time>
      </trkpt>
      <trkpt lat="22.218386" lon="113.324945">
        <ele>-0.7</ele>
        <time>2024-05-26T11:09:19Z</time>
      </trkpt>
      <trkpt lat="22.218368" lon="113.324891">
        <ele>-0.7</ele>
        <time>2024-05-26T11:09:20Z</time>
      </trkpt>
      <trkpt lat="22.218342" lon="113.324832">
        <ele>-0.7</ele>
        <time>2024-05-26T11:09:21Z</time>
      </trkpt>
      <trkpt lat="22.21832" lon="113.32477">
        <ele>-0.7</ele>
        <time>2024-05-26T11:09:22Z</time>
      </trkpt>
      <trkpt lat="22.2183" lon="113.32471">
        <ele>-0.7</ele>
        <time>2024-05-26T11:09:23Z</time>
      </trkpt>
      <trkpt lat="22.218279" lon="113.324642">
        <ele>-0.7</ele>
        <time>2024-05-26T11:09:24Z</time>
      </trkpt>
      <trkpt lat="22.218254" lon="113.324579">
        <ele>-0.8</ele>
        <time>2024-05-26T11:09:25Z</time>
      </trkpt>
      <trkpt lat="22.218231" lon="113.324525">
        <ele>-0.8</ele>
        <time>2024-05-26T11:09:26Z</time>
      </trkpt>
      <trkpt lat="22.218204" lon="113.324472">
        <ele>-0.8</ele>
        <time>2024-05-26T11:09:27Z</time>
      </trkpt>
      <trkpt lat="22.218178" lon="113.324412">
        <ele>-0.8</ele>
        <time>2024-05-26T11:09:28Z</time>
      </trkpt>
      <trkpt lat="22.218161" lon="113.324357">
        <ele>-0.8</ele>
        <time>2024-05-26T11:09:29Z</time>
      </trkpt>
      <trkpt lat="22.218141" lon="113.324297">
        <ele>-0.9</ele>
        <time>2024-05-26T11:09:30Z</time>
      </trkpt>
      <trkpt lat="22.218122" lon="113.324243">
        <ele>-0.9</ele>
        <time>2024-05-26T11:09:31Z</time>
      </trkpt>
      <trkpt lat="22.218096" lon="113.324189">
        <ele>-0.9</ele>
        <time>2024-05-26T11:09:32Z</time>
      </trkpt>
      <trkpt lat="22.21807" lon="113.324149">
        <ele>-0.9</ele>
        <time>2024-05-26T11:09:33Z</time>
      </trkpt>
      <trkpt lat="22.218048" lon="113.324104">
        <ele>-0.9</ele>
        <time>2024-05-26T11:09:34Z</time>
      </trkpt>
      <trkpt lat="22.218033" lon="113.324051">
        <ele>-0.9</ele>
        <time>2024-05-26T11:09:35Z</time>
      </trkpt>
      <trkpt lat="22.218018" lon="113.323992">
        <ele>-0.9</ele>
        <time>2024-05-26T11:09:36Z</time>
      </trkpt>
      <trkpt lat="22.217992" lon="113.323937">
        <ele>-0.9</ele>
        <time>2024-05-26T11:09:37Z</time>
      </trkpt>
      <trkpt lat="22.21797" lon="113.323878">
        <ele>-0.9</ele>
        <time>2024-05-26T11:09:38Z</time>
      </trkpt>
      <trkpt lat="22.217952" lon="113.32383">
        <ele>-0.9</ele>
        <time>2024-05-26T11:09:39Z</time>
      </trkpt>
      <trkpt lat="22.217925" lon="113.323777">
        <ele>-0.9</ele>
        <time>2024-05-26T11:09:40Z</time>
      </trkpt>
      <trkpt lat="22.217907" lon="113.323736">
        <ele>-0.9</ele>
        <time>2024-05-26T11:09:41Z</time>
      </trkpt>
      <trkpt lat="22.217889" lon="113.323705">
        <ele>-0.9</ele>
        <time>2024-05-26T11:09:42Z</time>
      </trkpt>
      <trkpt lat="22.217869" lon="113.323662">
        <ele>-0.9</ele>
        <time>2024-05-26T11:09:43Z</time>
      </trkpt>
      <trkpt lat="22.217851" lon="113.323616">
        <ele>-0.9</ele>
        <time>2024-05-26T11:09:44Z</time>
      </trkpt>
      <trkpt lat="22.21783" lon="113.323576">
        <ele>-0.9</ele>
        <time>2024-05-26T11:09:45Z</time>
      </trkpt>
      <trkpt lat="22.217813" lon="113.323532">
        <ele>-0.9</ele>
        <time>2024-05-26T11:09:46Z</time>
      </trkpt>
      <trkpt lat="22.217799" lon="113.323486">
        <ele>-0.9</ele>
        <time>2024-05-26T11:09:47Z</time>
      </trkpt>
      <trkpt lat="22.217779" lon="113.32344">
        <ele>-0.9</ele>
        <time>2024-05-26T11:09:48Z</time>
      </trkpt>
      <trkpt lat="22.217761" lon="113.323395">
        <ele>-0.9</ele>
        <time>2024-05-26T11:09:49Z</time>
      </trkpt>
      <trkpt lat="22.217741" lon="113.323349">
        <ele>-0.9</ele>
        <time>2024-05-26T11:09:50Z</time>
      </trkpt>
      <trkpt lat="22.217718" lon="113.323297">
        <ele>-0.9</ele>
        <time>2024-05-26T11:09:51Z</time>
      </trkpt>
      <trkpt lat="22.217695" lon="113.32325">
        <ele>-0.9</ele>
        <time>2024-05-26T11:09:52Z</time>
      </trkpt>
      <trkpt lat="22.217675" lon="113.323204">
        <ele>-0.8</ele>
        <time>2024-05-26T11:09:53Z</time>
      </trkpt>
      <trkpt lat="22.217653" lon="113.323152">
        <ele>-0.8</ele>
        <time>2024-05-26T11:09:54Z</time>
      </trkpt>
      <trkpt lat="22.217629" lon="113.323098">
        <ele>-0.8</ele>
        <time>2024-05-26T11:09:55Z</time>
      </trkpt>
      <trkpt lat="22.217609" lon="113.323044">
        <ele>-0.8</ele>
        <time>2024-05-26T11:09:56Z</time>
      </trkpt>
      <trkpt lat="22.217583" lon="113.322985">
        <ele>-0.8</ele>
        <time>2024-05-26T11:09:57Z</time>
      </trkpt>
      <trkpt lat="22.217566" lon="113.322943">
        <ele>-0.8</ele>
        <time>2024-05-26T11:09:58Z</time>
      </trkpt>
      <trkpt lat="22.217543" lon="113.322892">
        <ele>-0.8</ele>
        <time>2024-05-26T11:09:59Z</time>
      </trkpt>
      <trkpt lat="22.217518" lon="113.322845">
        <ele>-0.8</ele>
        <time>2024-05-26T11:10:00Z</time>
      </trkpt>
      <trkpt lat="22.217487" lon="113.322806">
        <ele>-0.8</ele>
        <time>2024-05-26T11:10:01Z</time>
      </trkpt>
      <trkpt lat="22.217467" lon="113.322761">
        <ele>-0.8</ele>
        <time>2024-05-26T11:10:02Z</time>
      </trkpt>
      <trkpt lat="22.217448" lon="113.322722">
        <ele>-0.8</ele>
        <time>2024-05-26T11:10:03Z</time>
      </trkpt>
      <trkpt lat="22.217426" lon="113.322684">
        <ele>-0.8</ele>
        <time>2024-05-26T11:10:04Z</time>
      </trkpt>
      <trkpt lat="22.2174" lon="113.322645">
        <ele>-0.8</ele>
        <time>2024-05-26T11:10:05Z</time>
      </trkpt>
      <trkpt lat="22.217377" lon="113.322608">
        <ele>-0.8</ele>
        <time>2024-05-26T11:10:06Z</time>
      </trkpt>
      <trkpt lat="22.217355" lon="113.322576">
        <ele>-0.8</ele>
        <time>2024-05-26T11:10:07Z</time>
      </trkpt>
      <trkpt lat="22.217338" lon="113.322539">
        <ele>-0.8</ele>
        <time>2024-05-26T11:10:08Z</time>
      </trkpt>
      <trkpt lat="22.21732" lon="113.322501">
        <ele>-0.8</ele>
        <time>2024-05-26T11:10:09Z</time>
      </trkpt>
      <trkpt lat="22.217308" lon="113.322469">
        <ele>-0.8</ele>
        <time>2024-05-26T11:10:10Z</time>
      </trkpt>
      <trkpt lat="22.217293" lon="113.322445">
        <ele>-0.8</ele>
        <time>2024-05-26T11:10:11Z</time>
      </trkpt>
      <trkpt lat="22.217272" lon="113.322428">
        <ele>-0.8</ele>
        <time>2024-05-26T11:10:12Z</time>
      </trkpt>
      <trkpt lat="22.217246" lon="113.322432">
        <ele>-0.8</ele>
        <time>2024-05-26T11:10:13Z</time>
      </trkpt>
      <trkpt lat="22.217219" lon="113.322434">
        <ele>-0.7</ele>
        <time>2024-05-26T11:10:14Z</time>
      </trkpt>
      <trkpt lat="22.217191" lon="113.322434">
        <ele>-0.7</ele>
        <time>2024-05-26T11:10:15Z</time>
      </trkpt>
      <trkpt lat="22.217159" lon="113.32244">
        <ele>-0.7</ele>
        <time>2024-05-26T11:10:16Z</time>
      </trkpt>
      <trkpt lat="22.217123" lon="113.322447">
        <ele>-0.7</ele>
        <time>2024-05-26T11:10:17Z</time>
      </trkpt>
      <trkpt lat="22.217082" lon="113.322462">
        <ele>-0.7</ele>
        <time>2024-05-26T11:10:18Z</time>
      </trkpt>
      <trkpt lat="22.217042" lon="113.322477">
        <ele>-0.7</ele>
        <time>2024-05-26T11:10:19Z</time>
      </trkpt>
      <trkpt lat="22.217002" lon="113.322492">
        <ele>-0.7</ele>
        <time>2024-05-26T11:10:20Z</time>
      </trkpt>
      <trkpt lat="22.216962" lon="113.322501">
        <ele>-0.7</ele>
        <time>2024-05-26T11:10:21Z</time>
      </trkpt>
      <trkpt lat="22.216922" lon="113.322515">
        <ele>-0.7</ele>
        <time>2024-05-26T11:10:22Z</time>
      </trkpt>
      <trkpt lat="22.216884" lon="113.322524">
        <ele>-0.7</ele>
        <time>2024-05-26T11:10:23Z</time>
      </trkpt>
      <trkpt lat="22.216844" lon="113.322531">
        <ele>-0.7</ele>
        <time>2024-05-26T11:10:24Z</time>
      </trkpt>
      <trkpt lat="22.216802" lon="113.322539">
        <ele>-0.7</ele>
        <time>2024-05-26T11:10:25Z</time>
      </trkpt>
      <trkpt lat="22.216758" lon="113.322547">
        <ele>-0.7</ele>
        <time>2024-05-26T11:10:26Z</time>
      </trkpt>
      <trkpt lat="22.216711" lon="113.322561">
        <ele>-0.7</ele>
        <time>2024-05-26T11:10:27Z</time>
      </trkpt>
      <trkpt lat="22.216663" lon="113.322576">
        <ele>-0.7</ele>
        <time>2024-05-26T11:10:28Z</time>
      </trkpt>
      <trkpt lat="22.216616" lon="113.322585">
        <ele>-0.7</ele>
        <time>2024-05-26T11:10:29Z</time>
      </trkpt>
      <trkpt lat="22.216567" lon="113.322592">
        <ele>-0.7</ele>
        <time>2024-05-26T11:10:30Z</time>
      </trkpt>
      <trkpt lat="22.21652" lon="113.322607">
        <ele>-0.7</ele>
        <time>2024-05-26T11:10:31Z</time>
      </trkpt>
      <trkpt lat="22.216471" lon="113.322622">
        <ele>-0.7</ele>
        <time>2024-05-26T11:10:32Z</time>
      </trkpt>
      <trkpt lat="22.21642" lon="113.322637">
        <ele>-0.7</ele>
        <time>2024-05-26T11:10:33Z</time>
      </trkpt>
      <trkpt lat="22.216373" lon="113.322652">
        <ele>-0.7</ele>
        <time>2024-05-26T11:10:34Z</time>
      </trkpt>
      <trkpt lat="22.216332" lon="113.322661">
        <ele>-0.7</ele>
        <time>2024-05-26T11:10:35Z</time>
      </trkpt>
      <trkpt lat="22.216288" lon="113.322669">
        <ele>-0.7</ele>
        <time>2024-05-26T11:10:36Z</time>
      </trkpt>
      <trkpt lat="22.216242" lon="113.322683">
        <ele>-0.7</ele>
        <time>2024-05-26T11:10:37Z</time>
      </trkpt>
      <trkpt lat="22.216193" lon="113.322698">
        <ele>-0.7</ele>
        <time>2024-05-26T11:10:38Z</time>
      </trkpt>
      <trkpt lat="22.216147" lon="113.322707">
        <ele>-0.7</ele>
        <time>2024-05-26T11:10:39Z</time>
      </trkpt>
      <trkpt lat="22.216097" lon="113.322721">
        <ele>-0.7</ele>
        <time>2024-05-26T11:10:40Z</time>
      </trkpt>
      <trkpt lat="22.216048" lon="113.32273">
        <ele>-0.7</ele>
        <time>2024-05-26T11:10:41Z</time>
      </trkpt>
      <trkpt lat="22.216001" lon="113.322744">
        <ele>-0.7</ele>
        <time>2024-05-26T11:10:42Z</time>
      </trkpt>
      <trkpt lat="22.215956" lon="113.322753">
        <ele>-0.7</ele>
        <time>2024-05-26T11:10:43Z</time>
      </trkpt>
      <trkpt lat="22.21591" lon="113.322767">
        <ele>-0.7</ele>
        <time>2024-05-26T11:10:44Z</time>
      </trkpt>
      <trkpt lat="22.21587" lon="113.322776">
        <ele>-0.7</ele>
        <time>2024-05-26T11:10:45Z</time>
      </trkpt>
      <trkpt lat="22.215831" lon="113.322783">
        <ele>-0.7</ele>
        <time>2024-05-26T11:10:46Z</time>
      </trkpt>
      <trkpt lat="22.215788" lon="113.322797">
        <ele>-0.7</ele>
        <time>2024-05-26T11:10:47Z</time>
      </trkpt>
      <trkpt lat="22.215745" lon="113.322806">
        <ele>-0.7</ele>
        <time>2024-05-26T11:10:48Z</time>
      </trkpt>
      <trkpt lat="22.215705" lon="113.32282">
        <ele>-0.7</ele>
        <time>2024-05-26T11:10:49Z</time>
      </trkpt>
      <trkpt lat="22.215665" lon="113.322829">
        <ele>-0.7</ele>
        <time>2024-05-26T11:10:50Z</time>
      </trkpt>
      <trkpt lat="22.215626" lon="113.322843">
        <ele>-0.7</ele>
        <time>2024-05-26T11:10:51Z</time>
      </trkpt>
      <trkpt lat="22.215593" lon="113.322852">
        <ele>-0.7</ele>
        <time>2024-05-26T11:10:52Z</time>
      </trkpt>
      <trkpt lat="22.215559" lon="113.322859">
        <ele>-0.7</ele>
        <time>2024-05-26T11:10:53Z</time>
      </trkpt>
      <trkpt lat="22.215526" lon="113.322867">
        <ele>-0.7</ele>
        <time>2024-05-26T11:10:54Z</time>
      </trkpt>
      <trkpt lat="22.215486" lon="113.322875">
        <ele>-0.7</ele>
        <time>2024-05-26T11:10:55Z</time>
      </trkpt>
      <trkpt lat="22.215444" lon="113.322882">
        <ele>-0.7</ele>
        <time>2024-05-26T11:10:56Z</time>
      </trkpt>
      <trkpt lat="22.215402" lon="113.32289">
        <ele>-0.7</ele>
        <time>2024-05-26T11:10:57Z</time>
      </trkpt>
      <trkpt lat="22.215362" lon="113.322904">
        <ele>-0.7</ele>
        <time>2024-05-26T11:10:58Z</time>
      </trkpt>
      <trkpt lat="22.215324" lon="113.322913">
        <ele>-0.7</ele>
        <time>2024-05-26T11:10:59Z</time>
      </trkpt>
      <trkpt lat="22.215288" lon="113.322921">
        <ele>-0.7</ele>
        <time>2024-05-26T11:11:00Z</time>
      </trkpt>
      <trkpt lat="22.215247" lon="113.322935">
        <ele>-0.7</ele>
        <time>2024-05-26T11:11:01Z</time>
      </trkpt>
      <trkpt lat="22.215208" lon="113.322937">
        <ele>-0.7</ele>
        <time>2024-05-26T11:11:02Z</time>
      </trkpt>
      <trkpt lat="22.215175" lon="113.322943">
        <ele>-0.7</ele>
        <time>2024-05-26T11:11:03Z</time>
      </trkpt>
      <trkpt lat="22.215145" lon="113.322957">
        <ele>-0.7</ele>
        <time>2024-05-26T11:11:04Z</time>
      </trkpt>
      <trkpt lat="22.215116" lon="113.322966">
        <ele>-0.7</ele>
        <time>2024-05-26T11:11:05Z</time>
      </trkpt>
      <trkpt lat="22.215087" lon="113.322974">
        <ele>-0.7</ele>
        <time>2024-05-26T11:11:06Z</time>
      </trkpt>
      <trkpt lat="22.215055" lon="113.322975">
        <ele>-0.7</ele>
        <time>2024-05-26T11:11:07Z</time>
      </trkpt>
      <trkpt lat="22.215022" lon="113.322982">
        <ele>-0.7</ele>
        <time>2024-05-26T11:11:08Z</time>
      </trkpt>
      <trkpt lat="22.214989" lon="113.322989">
        <ele>-0.7</ele>
        <time>2024-05-26T11:11:09Z</time>
      </trkpt>
      <trkpt lat="22.214949" lon="113.322997">
        <ele>-0.7</ele>
        <time>2024-05-26T11:11:10Z</time>
      </trkpt>
      <trkpt lat="22.214916" lon="113.323004">
        <ele>-0.7</ele>
        <time>2024-05-26T11:11:11Z</time>
      </trkpt>
      <trkpt lat="22.214885" lon="113.323012">
        <ele>-0.7</ele>
        <time>2024-05-26T11:11:12Z</time>
      </trkpt>
      <trkpt lat="22.214856" lon="113.323013">
        <ele>-0.7</ele>
        <time>2024-05-26T11:11:13Z</time>
      </trkpt>
      <trkpt lat="22.214829" lon="113.323026">
        <ele>-0.7</ele>
        <time>2024-05-26T11:11:14Z</time>
      </trkpt>
      <trkpt lat="22.214802" lon="113.323035">
        <ele>-0.7</ele>
        <time>2024-05-26T11:11:15Z</time>
      </trkpt>
      <trkpt lat="22.214774" lon="113.323043">
        <ele>-0.7</ele>
        <time>2024-05-26T11:11:16Z</time>
      </trkpt>
      <trkpt lat="22.21475" lon="113.323044">
        <ele>-0.7</ele>
        <time>2024-05-26T11:11:17Z</time>
      </trkpt>
      <trkpt lat="22.214729" lon="113.32305">
        <ele>-0.7</ele>
        <time>2024-05-26T11:11:18Z</time>
      </trkpt>
      <trkpt lat="22.214708" lon="113.323064">
        <ele>-0.7</ele>
        <time>2024-05-26T11:11:19Z</time>
      </trkpt>
      <trkpt lat="22.214683" lon="113.323073">
        <ele>-0.7</ele>
        <time>2024-05-26T11:11:20Z</time>
      </trkpt>
      <trkpt lat="22.214655" lon="113.323087">
        <ele>-0.7</ele>
        <time>2024-05-26T11:11:21Z</time>
      </trkpt>
      <trkpt lat="22.214625" lon="113.32309">
        <ele>-0.7</ele>
        <time>2024-05-26T11:11:22Z</time>
      </trkpt>
      <trkpt lat="22.214593" lon="113.323096">
        <ele>-0.7</ele>
        <time>2024-05-26T11:11:23Z</time>
      </trkpt>
      <trkpt lat="22.214559" lon="113.323104">
        <ele>-0.7</ele>
        <time>2024-05-26T11:11:24Z</time>
      </trkpt>
      <trkpt lat="22.214527" lon="113.323111">
        <ele>-0.7</ele>
        <time>2024-05-26T11:11:25Z</time>
      </trkpt>
      <trkpt lat="22.214496" lon="113.323119">
        <ele>-0.7</ele>
        <time>2024-05-26T11:11:26Z</time>
      </trkpt>
      <trkpt lat="22.214467" lon="113.323127">
        <ele>-0.7</ele>
        <time>2024-05-26T11:11:27Z</time>
      </trkpt>
      <trkpt lat="22.214441" lon="113.323134">
        <ele>-0.7</ele>
        <time>2024-05-26T11:11:28Z</time>
      </trkpt>
      <trkpt lat="22.214417" lon="113.323142">
        <ele>-0.7</ele>
        <time>2024-05-26T11:11:29Z</time>
      </trkpt>
      <trkpt lat="22.21439" lon="113.323143">
        <ele>-0.7</ele>
        <time>2024-05-26T11:11:30Z</time>
      </trkpt>
      <trkpt lat="22.21436" lon="113.323143">
        <ele>-0.7</ele>
        <time>2024-05-26T11:11:31Z</time>
      </trkpt>
      <trkpt lat="22.214328" lon="113.323143">
        <ele>-0.7</ele>
        <time>2024-05-26T11:11:32Z</time>
      </trkpt>
      <trkpt lat="22.214298" lon="113.323143">
        <ele>-0.7</ele>
        <time>2024-05-26T11:11:33Z</time>
      </trkpt>
      <trkpt lat="22.214267" lon="113.323137">
        <ele>-0.7</ele>
        <time>2024-05-26T11:11:34Z</time>
      </trkpt>
      <trkpt lat="22.214233" lon="113.323135">
        <ele>-0.7</ele>
        <time>2024-05-26T11:11:35Z</time>
      </trkpt>
      <trkpt lat="22.214199" lon="113.323142">
        <ele>-0.7</ele>
        <time>2024-05-26T11:11:36Z</time>
      </trkpt>
      <trkpt lat="22.214162" lon="113.323143">
        <ele>-0.7</ele>
        <time>2024-05-26T11:11:37Z</time>
      </trkpt>
      <trkpt lat="22.214123" lon="113.323149">
        <ele>-0.7</ele>
        <time>2024-05-26T11:11:38Z</time>
      </trkpt>
      <trkpt lat="22.214083" lon="113.323151">
        <ele>-0.7</ele>
        <time>2024-05-26T11:11:39Z</time>
      </trkpt>
      <trkpt lat="22.214047" lon="113.323157">
        <ele>-0.7</ele>
        <time>2024-05-26T11:11:40Z</time>
      </trkpt>
      <trkpt lat="22.214009" lon="113.323165">
        <ele>-0.7</ele>
        <time>2024-05-26T11:11:41Z</time>
      </trkpt>
      <trkpt lat="22.213971" lon="113.323172">
        <ele>-0.7</ele>
        <time>2024-05-26T11:11:42Z</time>
      </trkpt>
      <trkpt lat="22.213933" lon="113.32318">
        <ele>-0.7</ele>
        <time>2024-05-26T11:11:43Z</time>
      </trkpt>
      <trkpt lat="22.213891" lon="113.323188">
        <ele>-0.7</ele>
        <time>2024-05-26T11:11:44Z</time>
      </trkpt>
      <trkpt lat="22.213851" lon="113.323195">
        <ele>-0.7</ele>
        <time>2024-05-26T11:11:45Z</time>
      </trkpt>
      <trkpt lat="22.213812" lon="113.323203">
        <ele>-0.7</ele>
        <time>2024-05-26T11:11:46Z</time>
      </trkpt>
      <trkpt lat="22.213776" lon="113.323204">
        <ele>-0.7</ele>
        <time>2024-05-26T11:11:47Z</time>
      </trkpt>
      <trkpt lat="22.213741" lon="113.32321">
        <ele>-0.7</ele>
        <time>2024-05-26T11:11:48Z</time>
      </trkpt>
      <trkpt lat="22.213702" lon="113.323218">
        <ele>-0.7</ele>
        <time>2024-05-26T11:11:49Z</time>
      </trkpt>
      <trkpt lat="22.213665" lon="113.323226">
        <ele>-0.7</ele>
        <time>2024-05-26T11:11:50Z</time>
      </trkpt>
      <trkpt lat="22.213634" lon="113.32324">
        <ele>-0.7</ele>
        <time>2024-05-26T11:11:51Z</time>
      </trkpt>
      <trkpt lat="22.21361" lon="113.323268">
        <ele>-0.7</ele>
        <time>2024-05-26T11:11:52Z</time>
      </trkpt>
      <trkpt lat="22.213585" lon="113.323298">
        <ele>-0.7</ele>
        <time>2024-05-26T11:11:53Z</time>
      </trkpt>
      <trkpt lat="22.21356" lon="113.323322">
        <ele>-0.7</ele>
        <time>2024-05-26T11:11:54Z</time>
      </trkpt>
      <trkpt lat="22.213532" lon="113.323339">
        <ele>-0.7</ele>
        <time>2024-05-26T11:11:55Z</time>
      </trkpt>
      <trkpt lat="22.213502" lon="113.323354">
        <ele>-0.7</ele>
        <time>2024-05-26T11:11:56Z</time>
      </trkpt>
      <trkpt lat="22.213471" lon="113.323363">
        <ele>-0.7</ele>
        <time>2024-05-26T11:11:57Z</time>
      </trkpt>
      <trkpt lat="22.213438" lon="113.323351">
        <ele>-0.8</ele>
        <time>2024-05-26T11:11:58Z</time>
      </trkpt>
      <trkpt lat="22.213405" lon="113.323343">
        <ele>-0.8</ele>
        <time>2024-05-26T11:11:59Z</time>
      </trkpt>
      <trkpt lat="22.213374" lon="113.323329">
        <ele>-0.8</ele>
        <time>2024-05-26T11:12:00Z</time>
      </trkpt>
      <trkpt lat="22.213349" lon="113.323313">
        <ele>-0.8</ele>
        <time>2024-05-26T11:12:01Z</time>
      </trkpt>
      <trkpt lat="22.213325" lon="113.323298">
        <ele>-0.8</ele>
        <time>2024-05-26T11:12:02Z</time>
      </trkpt>
      <trkpt lat="22.213314" lon="113.323296">
        <ele>-0.8</ele>
        <time>2024-05-26T11:12:03Z</time>
      </trkpt>
      <trkpt lat="22.213235" lon="113.32334">
        <ele>-0.8</ele>
        <time>2024-05-26T11:13:47Z</time>
      </trkpt>
      <trkpt lat="22.213219" lon="113.323354">
        <ele>-0.8</ele>
        <time>2024-05-26T11:13:48Z</time>
      </trkpt>
      <trkpt lat="22.213214" lon="113.323376">
        <ele>-0.8</ele>
        <time>2024-05-26T11:13:49Z</time>
      </trkpt>
      <trkpt lat="22.213219" lon="113.323405">
        <ele>-0.8</ele>
        <time>2024-05-26T11:13:50Z</time>
      </trkpt>
      <trkpt lat="22.213227" lon="113.323442">
        <ele>-0.9</ele>
        <time>2024-05-26T11:13:51Z</time>
      </trkpt>
      <trkpt lat="22.213239" lon="113.323474">
        <ele>-0.9</ele>
        <time>2024-05-26T11:13:52Z</time>
      </trkpt>
      <trkpt lat="22.213245" lon="113.323504">
        <ele>-0.9</ele>
        <time>2024-05-26T11:13:53Z</time>
      </trkpt>
      <trkpt lat="22.213253" lon="113.323541">
        <ele>-0.9</ele>
        <time>2024-05-26T11:13:54Z</time>
      </trkpt>
      <trkpt lat="22.213253" lon="113.323579">
        <ele>-0.9</ele>
        <time>2024-05-26T11:13:55Z</time>
      </trkpt>
      <trkpt lat="22.213253" lon="113.323618">
        <ele>-0.9</ele>
        <time>2024-05-26T11:13:56Z</time>
      </trkpt>
      <trkpt lat="22.213251" lon="113.323649">
        <ele>-0.9</ele>
        <time>2024-05-26T11:13:57Z</time>
      </trkpt>
      <trkpt lat="22.213256" lon="113.32368">
        <ele>-0.9</ele>
        <time>2024-05-26T11:13:58Z</time>
      </trkpt>
      <trkpt lat="22.213262" lon="113.32371">
        <ele>-0.9</ele>
        <time>2024-05-26T11:13:59Z</time>
      </trkpt>
      <trkpt lat="22.213266" lon="113.323753">
        <ele>-1</ele>
        <time>2024-05-26T11:14:00Z</time>
      </trkpt>
      <trkpt lat="22.213266" lon="113.323793">
        <ele>-1</ele>
        <time>2024-05-26T11:14:01Z</time>
      </trkpt>
      <trkpt lat="22.213263" lon="113.323838">
        <ele>-1</ele>
        <time>2024-05-26T11:14:02Z</time>
      </trkpt>
      <trkpt lat="22.213263" lon="113.323877">
        <ele>-1</ele>
        <time>2024-05-26T11:14:03Z</time>
      </trkpt>
      <trkpt lat="22.213261" lon="113.323915">
        <ele>-1</ele>
        <time>2024-05-26T11:14:04Z</time>
      </trkpt>
      <trkpt lat="22.213259" lon="113.323953">
        <ele>-1</ele>
        <time>2024-05-26T11:14:05Z</time>
      </trkpt>
      <trkpt lat="22.213254" lon="113.323991">
        <ele>-1</ele>
        <time>2024-05-26T11:14:06Z</time>
      </trkpt>
      <trkpt lat="22.213253" lon="113.324029">
        <ele>-1</ele>
        <time>2024-05-26T11:14:07Z</time>
      </trkpt>
      <trkpt lat="22.213256" lon="113.324067">
        <ele>-1</ele>
        <time>2024-05-26T11:14:08Z</time>
      </trkpt>
      <trkpt lat="22.213258" lon="113.324099">
        <ele>-1.1</ele>
        <time>2024-05-26T11:14:09Z</time>
      </trkpt>
      <trkpt lat="22.213259" lon="113.324137">
        <ele>-1.1</ele>
        <time>2024-05-26T11:14:10Z</time>
      </trkpt>
      <trkpt lat="22.213259" lon="113.32418">
        <ele>-1.1</ele>
        <time>2024-05-26T11:14:11Z</time>
      </trkpt>
      <trkpt lat="22.21326" lon="113.32422">
        <ele>-1.1</ele>
        <time>2024-05-26T11:14:12Z</time>
      </trkpt>
      <trkpt lat="22.213262" lon="113.324258">
        <ele>-1.1</ele>
        <time>2024-05-26T11:14:13Z</time>
      </trkpt>
      <trkpt lat="22.213263" lon="113.324303">
        <ele>-1.1</ele>
        <time>2024-05-26T11:14:14Z</time>
      </trkpt>
      <trkpt lat="22.213266" lon="113.324349">
        <ele>-1.1</ele>
        <time>2024-05-26T11:14:15Z</time>
      </trkpt>
      <trkpt lat="22.213268" lon="113.324394">
        <ele>-1.1</ele>
        <time>2024-05-26T11:14:16Z</time>
      </trkpt>
      <trkpt lat="22.213272" lon="113.32444">
        <ele>-1.2</ele>
        <time>2024-05-26T11:14:17Z</time>
      </trkpt>
      <trkpt lat="22.213274" lon="113.324486">
        <ele>-1.2</ele>
        <time>2024-05-26T11:14:18Z</time>
      </trkpt>
      <trkpt lat="22.21328" lon="113.324532">
        <ele>-1.2</ele>
        <time>2024-05-26T11:14:19Z</time>
      </trkpt>
      <trkpt lat="22.21329" lon="113.324578">
        <ele>-1.2</ele>
        <time>2024-05-26T11:14:20Z</time>
      </trkpt>
      <trkpt lat="22.213298" lon="113.324623">
        <ele>-1.2</ele>
        <time>2024-05-26T11:14:21Z</time>
      </trkpt>
      <trkpt lat="22.213308" lon="113.324663">
        <ele>-1.2</ele>
        <time>2024-05-26T11:14:22Z</time>
      </trkpt>
      <trkpt lat="22.213317" lon="113.324701">
        <ele>-1.2</ele>
        <time>2024-05-26T11:14:23Z</time>
      </trkpt>
      <trkpt lat="22.213324" lon="113.324739">
        <ele>-1.2</ele>
        <time>2024-05-26T11:14:24Z</time>
      </trkpt>
      <trkpt lat="22.213329" lon="113.324777">
        <ele>-1.3</ele>
        <time>2024-05-26T11:14:25Z</time>
      </trkpt>
      <trkpt lat="22.213331" lon="113.324815">
        <ele>-1.3</ele>
        <time>2024-05-26T11:14:26Z</time>
      </trkpt>
      <trkpt lat="22.213333" lon="113.324859">
        <ele>-1.3</ele>
        <time>2024-05-26T11:14:27Z</time>
      </trkpt>
      <trkpt lat="22.213333" lon="113.324905">
        <ele>-1.3</ele>
        <time>2024-05-26T11:14:28Z</time>
      </trkpt>
      <trkpt lat="22.213336" lon="113.324951">
        <ele>-1.3</ele>
        <time>2024-05-26T11:14:29Z</time>
      </trkpt>
      <trkpt lat="22.213345" lon="113.324997">
        <ele>-1.3</ele>
        <time>2024-05-26T11:14:30Z</time>
      </trkpt>
      <trkpt lat="22.213358" lon="113.325037">
        <ele>-1.3</ele>
        <time>2024-05-26T11:14:31Z</time>
      </trkpt>
      <trkpt lat="22.213369" lon="113.325081">
        <ele>-1.3</ele>
        <time>2024-05-26T11:14:32Z</time>
      </trkpt>
      <trkpt lat="22.213386" lon="113.325127">
        <ele>-1.3</ele>
        <time>2024-05-26T11:14:33Z</time>
      </trkpt>
      <trkpt lat="22.213403" lon="113.325179">
        <ele>-1.3</ele>
        <time>2024-05-26T11:14:34Z</time>
      </trkpt>
      <trkpt lat="22.213417" lon="113.325232">
        <ele>-1.3</ele>
        <time>2024-05-26T11:14:35Z</time>
      </trkpt>
      <trkpt lat="22.213425" lon="113.325279">
        <ele>-1.3</ele>
        <time>2024-05-26T11:14:36Z</time>
      </trkpt>
      <trkpt lat="22.213435" lon="113.325325">
        <ele>-1.3</ele>
        <time>2024-05-26T11:14:37Z</time>
      </trkpt>
      <trkpt lat="22.213444" lon="113.325371">
        <ele>-1.3</ele>
        <time>2024-05-26T11:14:38Z</time>
      </trkpt>
      <trkpt lat="22.213454" lon="113.32541">
        <ele>-1.3</ele>
        <time>2024-05-26T11:14:39Z</time>
      </trkpt>
      <trkpt lat="22.213457" lon="113.325454">
        <ele>-1.3</ele>
        <time>2024-05-26T11:14:40Z</time>
      </trkpt>
      <trkpt lat="22.213451" lon="113.325494">
        <ele>-1.3</ele>
        <time>2024-05-26T11:14:41Z</time>
      </trkpt>
      <trkpt lat="22.213438" lon="113.325539">
        <ele>-1.3</ele>
        <time>2024-05-26T11:14:42Z</time>
      </trkpt>
      <trkpt lat="22.213422" lon="113.325578">
        <ele>-1.3</ele>
        <time>2024-05-26T11:14:43Z</time>
      </trkpt>
      <trkpt lat="22.213398" lon="113.32561">
        <ele>-1.4</ele>
        <time>2024-05-26T11:14:44Z</time>
      </trkpt>
      <trkpt lat="22.213367" lon="113.32564">
        <ele>-1.4</ele>
        <time>2024-05-26T11:14:45Z</time>
      </trkpt>
      <trkpt lat="22.213333" lon="113.325652">
        <ele>-1.4</ele>
        <time>2024-05-26T11:14:46Z</time>
      </trkpt>
      <trkpt lat="22.213292" lon="113.325672">
        <ele>-1.4</ele>
        <time>2024-05-26T11:14:47Z</time>
      </trkpt>
      <trkpt lat="22.213244" lon="113.325689">
        <ele>-1.4</ele>
        <time>2024-05-26T11:14:48Z</time>
      </trkpt>
      <trkpt lat="22.213198" lon="113.325704">
        <ele>-1.4</ele>
        <time>2024-05-26T11:14:49Z</time>
      </trkpt>
      <trkpt lat="22.213153" lon="113.325719">
        <ele>-1.4</ele>
        <time>2024-05-26T11:14:50Z</time>
      </trkpt>
      <trkpt lat="22.213108" lon="113.325728">
        <ele>-1.4</ele>
        <time>2024-05-26T11:14:51Z</time>
      </trkpt>
      <trkpt lat="22.213062" lon="113.325742">
        <ele>-1.4</ele>
        <time>2024-05-26T11:14:52Z</time>
      </trkpt>
      <trkpt lat="22.213018" lon="113.325751">
        <ele>-1.4</ele>
        <time>2024-05-26T11:14:53Z</time>
      </trkpt>
      <trkpt lat="22.212974" lon="113.325765">
        <ele>-1.4</ele>
        <time>2024-05-26T11:14:54Z</time>
      </trkpt>
      <trkpt lat="22.21293" lon="113.32578">
        <ele>-1.4</ele>
        <time>2024-05-26T11:14:55Z</time>
      </trkpt>
      <trkpt lat="22.212885" lon="113.325796">
        <ele>-1.4</ele>
        <time>2024-05-26T11:14:56Z</time>
      </trkpt>
      <trkpt lat="22.212839" lon="113.325804">
        <ele>-1.4</ele>
        <time>2024-05-26T11:14:57Z</time>
      </trkpt>
      <trkpt lat="22.212797" lon="113.325812">
        <ele>-1.4</ele>
        <time>2024-05-26T11:14:58Z</time>
      </trkpt>
      <trkpt lat="22.212754" lon="113.325813">
        <ele>-1.4</ele>
        <time>2024-05-26T11:14:59Z</time>
      </trkpt>
      <trkpt lat="22.212713" lon="113.325826">
        <ele>-1.4</ele>
        <time>2024-05-26T11:15:00Z</time>
      </trkpt>
      <trkpt lat="22.21267" lon="113.325841">
        <ele>-1.4</ele>
        <time>2024-05-26T11:15:01Z</time>
      </trkpt>
      <trkpt lat="22.21262" lon="113.325857">
        <ele>-1.5</ele>
        <time>2024-05-26T11:15:02Z</time>
      </trkpt>
      <trkpt lat="22.212572" lon="113.325865">
        <ele>-1.5</ele>
        <time>2024-05-26T11:15:03Z</time>
      </trkpt>
      <trkpt lat="22.212523" lon="113.32588">
        <ele>-1.5</ele>
        <time>2024-05-26T11:15:04Z</time>
      </trkpt>
      <trkpt lat="22.212476" lon="113.325888">
        <ele>-1.5</ele>
        <time>2024-05-26T11:15:05Z</time>
      </trkpt>
      <trkpt lat="22.212431" lon="113.325902">
        <ele>-1.5</ele>
        <time>2024-05-26T11:15:06Z</time>
      </trkpt>
      <trkpt lat="22.212385" lon="113.325918">
        <ele>-1.5</ele>
        <time>2024-05-26T11:15:07Z</time>
      </trkpt>
      <trkpt lat="22.212341" lon="113.325939">
        <ele>-1.4</ele>
        <time>2024-05-26T11:15:08Z</time>
      </trkpt>
      <trkpt lat="22.212297" lon="113.325962">
        <ele>-1.4</ele>
        <time>2024-05-26T11:15:09Z</time>
      </trkpt>
      <trkpt lat="22.212254" lon="113.325992">
        <ele>-1.4</ele>
        <time>2024-05-26T11:15:10Z</time>
      </trkpt>
      <trkpt lat="22.212212" lon="113.326015">
        <ele>-1.4</ele>
        <time>2024-05-26T11:15:11Z</time>
      </trkpt>
      <trkpt lat="22.212164" lon="113.326038">
        <ele>-1.4</ele>
        <time>2024-05-26T11:15:12Z</time>
      </trkpt>
      <trkpt lat="22.212113" lon="113.326068">
        <ele>-1.4</ele>
        <time>2024-05-26T11:15:13Z</time>
      </trkpt>
      <trkpt lat="22.212059" lon="113.326085">
        <ele>-1.4</ele>
        <time>2024-05-26T11:15:14Z</time>
      </trkpt>
      <trkpt lat="22.212003" lon="113.326094">
        <ele>-1.4</ele>
        <time>2024-05-26T11:15:15Z</time>
      </trkpt>
      <trkpt lat="22.21195" lon="113.326108">
        <ele>-1.3</ele>
        <time>2024-05-26T11:15:16Z</time>
      </trkpt>
      <trkpt lat="22.211898" lon="113.326124">
        <ele>-1.3</ele>
        <time>2024-05-26T11:15:17Z</time>
      </trkpt>
      <trkpt lat="22.211846" lon="113.326139">
        <ele>-1.3</ele>
        <time>2024-05-26T11:15:18Z</time>
      </trkpt>
      <trkpt lat="22.211791" lon="113.326154">
        <ele>-1.3</ele>
        <time>2024-05-26T11:15:19Z</time>
      </trkpt>
      <trkpt lat="22.211734" lon="113.326176">
        <ele>-1.3</ele>
        <time>2024-05-26T11:15:20Z</time>
      </trkpt>
      <trkpt lat="22.211677" lon="113.326192">
        <ele>-1.3</ele>
        <time>2024-05-26T11:15:21Z</time>
      </trkpt>
      <trkpt lat="22.211619" lon="113.326207">
        <ele>-1.3</ele>
        <time>2024-05-26T11:15:22Z</time>
      </trkpt>
      <trkpt lat="22.211559" lon="113.326216">
        <ele>-1.3</ele>
        <time>2024-05-26T11:15:23Z</time>
      </trkpt>
      <trkpt lat="22.2115" lon="113.326231">
        <ele>-1.2</ele>
        <time>2024-05-26T11:15:24Z</time>
      </trkpt>
      <trkpt lat="22.211443" lon="113.326246">
        <ele>-1.2</ele>
        <time>2024-05-26T11:15:25Z</time>
      </trkpt>
      <trkpt lat="22.211388" lon="113.326261">
        <ele>-1.2</ele>
        <time>2024-05-26T11:15:26Z</time>
      </trkpt>
      <trkpt lat="22.211335" lon="113.326276">
        <ele>-1.2</ele>
        <time>2024-05-26T11:15:27Z</time>
      </trkpt>
      <trkpt lat="22.211282" lon="113.326291">
        <ele>-1.2</ele>
        <time>2024-05-26T11:15:28Z</time>
      </trkpt>
      <trkpt lat="22.21123" lon="113.326313">
        <ele>-1.2</ele>
        <time>2024-05-26T11:15:29Z</time>
      </trkpt>
      <trkpt lat="22.211176" lon="113.32633">
        <ele>-1.2</ele>
        <time>2024-05-26T11:15:30Z</time>
      </trkpt>
      <trkpt lat="22.21112" lon="113.326345">
        <ele>-1.2</ele>
        <time>2024-05-26T11:15:31Z</time>
      </trkpt>
      <trkpt lat="22.211067" lon="113.32636">
        <ele>-1.2</ele>
        <time>2024-05-26T11:15:32Z</time>
      </trkpt>
      <trkpt lat="22.211015" lon="113.326375">
        <ele>-1.1</ele>
        <time>2024-05-26T11:15:33Z</time>
      </trkpt>
      <trkpt lat="22.210962" lon="113.326391">
        <ele>-1.1</ele>
        <time>2024-05-26T11:15:34Z</time>
      </trkpt>
      <trkpt lat="22.210908" lon="113.326406">
        <ele>-1.1</ele>
        <time>2024-05-26T11:15:35Z</time>
      </trkpt>
      <trkpt lat="22.210853" lon="113.326421">
        <ele>-1.1</ele>
        <time>2024-05-26T11:15:36Z</time>
      </trkpt>
      <trkpt lat="22.210797" lon="113.326437">
        <ele>-1.1</ele>
        <time>2024-05-26T11:15:37Z</time>
      </trkpt>
      <trkpt lat="22.210744" lon="113.326458">
        <ele>-1.1</ele>
        <time>2024-05-26T11:15:38Z</time>
      </trkpt>
      <trkpt lat="22.210687" lon="113.326475">
        <ele>-1.1</ele>
        <time>2024-05-26T11:15:39Z</time>
      </trkpt>
      <trkpt lat="22.210632" lon="113.32649">
        <ele>-1.1</ele>
        <time>2024-05-26T11:15:40Z</time>
      </trkpt>
      <trkpt lat="22.210577" lon="113.326511">
        <ele>-1.1</ele>
        <time>2024-05-26T11:15:41Z</time>
      </trkpt>
      <trkpt lat="22.210523" lon="113.326528">
        <ele>-1.1</ele>
        <time>2024-05-26T11:15:42Z</time>
      </trkpt>
      <trkpt lat="22.210468" lon="113.326543">
        <ele>-1.2</ele>
        <time>2024-05-26T11:15:43Z</time>
      </trkpt>
      <trkpt lat="22.210416" lon="113.326558">
        <ele>-1.2</ele>
        <time>2024-05-26T11:15:44Z</time>
      </trkpt>
      <trkpt lat="22.210366" lon="113.32658">
        <ele>-1.2</ele>
        <time>2024-05-26T11:15:45Z</time>
      </trkpt>
      <trkpt lat="22.210316" lon="113.326597">
        <ele>-1.2</ele>
        <time>2024-05-26T11:15:46Z</time>
      </trkpt>
      <trkpt lat="22.210266" lon="113.326612">
        <ele>-1.2</ele>
        <time>2024-05-26T11:15:47Z</time>
      </trkpt>
      <trkpt lat="22.210218" lon="113.326627">
        <ele>-1.2</ele>
        <time>2024-05-26T11:15:48Z</time>
      </trkpt>
      <trkpt lat="22.210169" lon="113.326636">
        <ele>-1.2</ele>
        <time>2024-05-26T11:15:49Z</time>
      </trkpt>
      <trkpt lat="22.21012" lon="113.32665">
        <ele>-1.2</ele>
        <time>2024-05-26T11:15:50Z</time>
      </trkpt>
      <trkpt lat="22.210072" lon="113.326659">
        <ele>-1.3</ele>
        <time>2024-05-26T11:15:51Z</time>
      </trkpt>
      <trkpt lat="22.210024" lon="113.326673">
        <ele>-1.3</ele>
        <time>2024-05-26T11:15:52Z</time>
      </trkpt>
      <trkpt lat="22.209979" lon="113.326688">
        <ele>-1.3</ele>
        <time>2024-05-26T11:15:53Z</time>
      </trkpt>
      <trkpt lat="22.209936" lon="113.326704">
        <ele>-1.3</ele>
        <time>2024-05-26T11:15:54Z</time>
      </trkpt>
      <trkpt lat="22.209891" lon="113.326712">
        <ele>-1.3</ele>
        <time>2024-05-26T11:15:55Z</time>
      </trkpt>
      <trkpt lat="22.209846" lon="113.326726">
        <ele>-1.3</ele>
        <time>2024-05-26T11:15:56Z</time>
      </trkpt>
      <trkpt lat="22.2098" lon="113.326742">
        <ele>-1.3</ele>
        <time>2024-05-26T11:15:57Z</time>
      </trkpt>
      <trkpt lat="22.209755" lon="113.326757">
        <ele>-1.3</ele>
        <time>2024-05-26T11:15:58Z</time>
      </trkpt>
      <trkpt lat="22.209709" lon="113.326772">
        <ele>-1.3</ele>
        <time>2024-05-26T11:15:59Z</time>
      </trkpt>
      <trkpt lat="22.209662" lon="113.326781">
        <ele>-1.4</ele>
        <time>2024-05-26T11:16:00Z</time>
      </trkpt>
      <trkpt lat="22.209615" lon="113.326789">
        <ele>-1.4</ele>
        <time>2024-05-26T11:16:01Z</time>
      </trkpt>
      <trkpt lat="22.20957" lon="113.32679">
        <ele>-1.4</ele>
        <time>2024-05-26T11:16:02Z</time>
      </trkpt>
      <trkpt lat="22.209527" lon="113.326803">
        <ele>-1.4</ele>
        <time>2024-05-26T11:16:03Z</time>
      </trkpt>
      <trkpt lat="22.209488" lon="113.326812">
        <ele>-1.4</ele>
        <time>2024-05-26T11:16:04Z</time>
      </trkpt>
      <trkpt lat="22.20945" lon="113.326819">
        <ele>-1.4</ele>
        <time>2024-05-26T11:16:05Z</time>
      </trkpt>
      <trkpt lat="22.209414" lon="113.326827">
        <ele>-1.4</ele>
        <time>2024-05-26T11:16:06Z</time>
      </trkpt>
      <trkpt lat="22.209376" lon="113.326834">
        <ele>-1.4</ele>
        <time>2024-05-26T11:16:07Z</time>
      </trkpt>
      <trkpt lat="22.209339" lon="113.326842">
        <ele>-1.4</ele>
        <time>2024-05-26T11:16:08Z</time>
      </trkpt>
      <trkpt lat="22.2093" lon="113.326843">
        <ele>-1.4</ele>
        <time>2024-05-26T11:16:09Z</time>
      </trkpt>
      <trkpt lat="22.20926" lon="113.326837">
        <ele>-1.4</ele>
        <time>2024-05-26T11:16:10Z</time>
      </trkpt>
      <trkpt lat="22.209218" lon="113.326836">
        <ele>-1.5</ele>
        <time>2024-05-26T11:16:11Z</time>
      </trkpt>
      <trkpt lat="22.209176" lon="113.326842">
        <ele>-1.5</ele>
        <time>2024-05-26T11:16:12Z</time>
      </trkpt>
      <trkpt lat="22.209134" lon="113.32685">
        <ele>-1.5</ele>
        <time>2024-05-26T11:16:13Z</time>
      </trkpt>
      <trkpt lat="22.209094" lon="113.326857">
        <ele>-1.5</ele>
        <time>2024-05-26T11:16:14Z</time>
      </trkpt>
      <trkpt lat="22.209052" lon="113.326871">
        <ele>-1.5</ele>
        <time>2024-05-26T11:16:15Z</time>
      </trkpt>
      <trkpt lat="22.209014" lon="113.326886">
        <ele>-1.5</ele>
        <time>2024-05-26T11:16:16Z</time>
      </trkpt>
      <trkpt lat="22.208975" lon="113.326908">
        <ele>-1.5</ele>
        <time>2024-05-26T11:16:17Z</time>
      </trkpt>
      <trkpt lat="22.208939" lon="113.326925">
        <ele>-1.5</ele>
        <time>2024-05-26T11:16:18Z</time>
      </trkpt>
      <trkpt lat="22.208903" lon="113.326946">
        <ele>-1.5</ele>
        <time>2024-05-26T11:16:19Z</time>
      </trkpt>
      <trkpt lat="22.208862" lon="113.326956">
        <ele>-1.5</ele>
        <time>2024-05-26T11:16:20Z</time>
      </trkpt>
      <trkpt lat="22.208816" lon="113.326964">
        <ele>-1.5</ele>
        <time>2024-05-26T11:16:21Z</time>
      </trkpt>
      <trkpt lat="22.208779" lon="113.326972">
        <ele>-1.5</ele>
        <time>2024-05-26T11:16:22Z</time>
      </trkpt>
      <trkpt lat="22.208746" lon="113.326986">
        <ele>-1.5</ele>
        <time>2024-05-26T11:16:23Z</time>
      </trkpt>
      <trkpt lat="22.20871" lon="113.327001">
        <ele>-1.5</ele>
        <time>2024-05-26T11:16:24Z</time>
      </trkpt>
      <trkpt lat="22.208677" lon="113.32701">
        <ele>-1.5</ele>
        <time>2024-05-26T11:16:25Z</time>
      </trkpt>
      <trkpt lat="22.208647" lon="113.327011">
        <ele>-1.5</ele>
        <time>2024-05-26T11:16:26Z</time>
      </trkpt>
      <trkpt lat="22.208617" lon="113.327011">
        <ele>-1.5</ele>
        <time>2024-05-26T11:16:27Z</time>
      </trkpt>
      <trkpt lat="22.208587" lon="113.327017">
        <ele>-1.5</ele>
        <time>2024-05-26T11:16:28Z</time>
      </trkpt>
      <trkpt lat="22.208556" lon="113.327025">
        <ele>-1.5</ele>
        <time>2024-05-26T11:16:29Z</time>
      </trkpt>
      <trkpt lat="22.208529" lon="113.327039">
        <ele>-1.5</ele>
        <time>2024-05-26T11:16:30Z</time>
      </trkpt>
      <trkpt lat="22.208504" lon="113.327048">
        <ele>-1.5</ele>
        <time>2024-05-26T11:16:31Z</time>
      </trkpt>
      <trkpt lat="22.208478" lon="113.327056">
        <ele>-1.5</ele>
        <time>2024-05-26T11:16:32Z</time>
      </trkpt>
      <trkpt lat="22.208453" lon="113.327063">
        <ele>-1.5</ele>
        <time>2024-05-26T11:16:33Z</time>
      </trkpt>
      <trkpt lat="22.208428" lon="113.327071">
        <ele>-1.5</ele>
        <time>2024-05-26T11:16:34Z</time>
      </trkpt>
      <trkpt lat="22.208401" lon="113.327072">
        <ele>-1.5</ele>
        <time>2024-05-26T11:16:35Z</time>
      </trkpt>
      <trkpt lat="22.208381" lon="113.327072">
        <ele>-1.5</ele>
        <time>2024-05-26T11:16:36Z</time>
      </trkpt>
      <trkpt lat="22.208355" lon="113.327079">
        <ele>-1.5</ele>
        <time>2024-05-26T11:16:37Z</time>
      </trkpt>
      <trkpt lat="22.208324" lon="113.327093">
        <ele>-1.5</ele>
        <time>2024-05-26T11:16:38Z</time>
      </trkpt>
      <trkpt lat="22.20829" lon="113.327114">
        <ele>-1.4</ele>
        <time>2024-05-26T11:16:39Z</time>
      </trkpt>
      <trkpt lat="22.208254" lon="113.327131">
        <ele>-1.4</ele>
        <time>2024-05-26T11:16:40Z</time>
      </trkpt>
      <trkpt lat="22.208211" lon="113.32714">
        <ele>-1.4</ele>
        <time>2024-05-26T11:16:41Z</time>
      </trkpt>
      <trkpt lat="22.208165" lon="113.327147">
        <ele>-1.4</ele>
        <time>2024-05-26T11:16:42Z</time>
      </trkpt>
      <trkpt lat="22.208119" lon="113.327148">
        <ele>-1.4</ele>
        <time>2024-05-26T11:16:43Z</time>
      </trkpt>
      <trkpt lat="22.208076" lon="113.327142">
        <ele>-1.4</ele>
        <time>2024-05-26T11:16:44Z</time>
      </trkpt>
      <trkpt lat="22.208038" lon="113.327128">
        <ele>-1.4</ele>
        <time>2024-05-26T11:16:45Z</time>
      </trkpt>
      <trkpt lat="22.208007" lon="113.327119">
        <ele>-1.4</ele>
        <time>2024-05-26T11:16:46Z</time>
      </trkpt>
      <trkpt lat="22.207983" lon="113.327131">
        <ele>-1.4</ele>
        <time>2024-05-26T11:16:47Z</time>
      </trkpt>
      <trkpt lat="22.207957" lon="113.327146">
        <ele>-1.4</ele>
        <time>2024-05-26T11:16:48Z</time>
      </trkpt>
      <trkpt lat="22.207925" lon="113.327148">
        <ele>-1.4</ele>
        <time>2024-05-26T11:16:49Z</time>
      </trkpt>
      <trkpt lat="22.207888" lon="113.327148">
        <ele>-1.4</ele>
        <time>2024-05-26T11:16:50Z</time>
      </trkpt>
      <trkpt lat="22.207855" lon="113.327155">
        <ele>-1.4</ele>
        <time>2024-05-26T11:16:51Z</time>
      </trkpt>
      <trkpt lat="22.207827" lon="113.327169">
        <ele>-1.4</ele>
        <time>2024-05-26T11:16:52Z</time>
      </trkpt>
      <trkpt lat="22.2078" lon="113.327184">
        <ele>-1.4</ele>
        <time>2024-05-26T11:16:53Z</time>
      </trkpt>
      <trkpt lat="22.207771" lon="113.327193">
        <ele>-1.4</ele>
        <time>2024-05-26T11:16:54Z</time>
      </trkpt>
      <trkpt lat="22.20774" lon="113.327207">
        <ele>-1.4</ele>
        <time>2024-05-26T11:16:55Z</time>
      </trkpt>
      <trkpt lat="22.207705" lon="113.327222">
        <ele>-1.4</ele>
        <time>2024-05-26T11:16:56Z</time>
      </trkpt>
      <trkpt lat="22.207672" lon="113.327231">
        <ele>-1.4</ele>
        <time>2024-05-26T11:16:57Z</time>
      </trkpt>
      <trkpt lat="22.207636" lon="113.327239">
        <ele>-1.4</ele>
        <time>2024-05-26T11:16:58Z</time>
      </trkpt>
      <trkpt lat="22.2076" lon="113.327246">
        <ele>-1.4</ele>
        <time>2024-05-26T11:16:59Z</time>
      </trkpt>
      <trkpt lat="22.207562" lon="113.327267">
        <ele>-1.4</ele>
        <time>2024-05-26T11:17:00Z</time>
      </trkpt>
      <trkpt lat="22.207522" lon="113.327302">
        <ele>-1.4</ele>
        <time>2024-05-26T11:17:01Z</time>
      </trkpt>
      <trkpt lat="22.207479" lon="113.327334">
        <ele>-1.4</ele>
        <time>2024-05-26T11:17:02Z</time>
      </trkpt>
      <trkpt lat="22.207432" lon="113.327352">
        <ele>-1.4</ele>
        <time>2024-05-26T11:17:03Z</time>
      </trkpt>
      <trkpt lat="22.20738" lon="113.327367">
        <ele>-1.4</ele>
        <time>2024-05-26T11:17:04Z</time>
      </trkpt>
      <trkpt lat="22.20733" lon="113.327376">
        <ele>-1.4</ele>
        <time>2024-05-26T11:17:05Z</time>
      </trkpt>
      <trkpt lat="22.207277" lon="113.32739">
        <ele>-1.4</ele>
        <time>2024-05-26T11:17:06Z</time>
      </trkpt>
      <trkpt lat="22.207226" lon="113.327399">
        <ele>-1.4</ele>
        <time>2024-05-26T11:17:07Z</time>
      </trkpt>
      <trkpt lat="22.207175" lon="113.327407">
        <ele>-1.3</ele>
        <time>2024-05-26T11:17:08Z</time>
      </trkpt>
      <trkpt lat="22.207124" lon="113.327414">
        <ele>-1.3</ele>
        <time>2024-05-26T11:17:09Z</time>
      </trkpt>
      <trkpt lat="22.207072" lon="113.327428">
        <ele>-1.3</ele>
        <time>2024-05-26T11:17:10Z</time>
      </trkpt>
      <trkpt lat="22.207019" lon="113.327443">
        <ele>-1.3</ele>
        <time>2024-05-26T11:17:11Z</time>
      </trkpt>
      <trkpt lat="22.206967" lon="113.327452">
        <ele>-1.3</ele>
        <time>2024-05-26T11:17:12Z</time>
      </trkpt>
      <trkpt lat="22.206916" lon="113.32746">
        <ele>-1.3</ele>
        <time>2024-05-26T11:17:13Z</time>
      </trkpt>
      <trkpt lat="22.206868" lon="113.327468">
        <ele>-1.3</ele>
        <time>2024-05-26T11:17:14Z</time>
      </trkpt>
      <trkpt lat="22.206821" lon="113.327475">
        <ele>-1.3</ele>
        <time>2024-05-26T11:17:15Z</time>
      </trkpt>
      <trkpt lat="22.206774" lon="113.327476">
        <ele>-1.3</ele>
        <time>2024-05-26T11:17:16Z</time>
      </trkpt>
      <trkpt lat="22.206724" lon="113.327489">
        <ele>-1.3</ele>
        <time>2024-05-26T11:17:17Z</time>
      </trkpt>
      <trkpt lat="22.206674" lon="113.327498">
        <ele>-1.2</ele>
        <time>2024-05-26T11:17:18Z</time>
      </trkpt>
      <trkpt lat="22.20662" lon="113.327506">
        <ele>-1.2</ele>
        <time>2024-05-26T11:17:19Z</time>
      </trkpt>
      <trkpt lat="22.206574" lon="113.327513">
        <ele>-1.2</ele>
        <time>2024-05-26T11:17:20Z</time>
      </trkpt>
      <trkpt lat="22.206528" lon="113.327527">
        <ele>-1.2</ele>
        <time>2024-05-26T11:17:21Z</time>
      </trkpt>
      <trkpt lat="22.206482" lon="113.327543">
        <ele>-1.2</ele>
        <time>2024-05-26T11:17:22Z</time>
      </trkpt>
      <trkpt lat="22.206433" lon="113.327552">
        <ele>-1.2</ele>
        <time>2024-05-26T11:17:23Z</time>
      </trkpt>
      <trkpt lat="22.20638" lon="113.327565">
        <ele>-1.2</ele>
        <time>2024-05-26T11:17:24Z</time>
      </trkpt>
      <trkpt lat="22.20633" lon="113.327574">
        <ele>-1.2</ele>
        <time>2024-05-26T11:17:25Z</time>
      </trkpt>
      <trkpt lat="22.206275" lon="113.327595">
        <ele>-1.2</ele>
        <time>2024-05-26T11:17:26Z</time>
      </trkpt>
      <trkpt lat="22.206225" lon="113.327611">
        <ele>-1.2</ele>
        <time>2024-05-26T11:17:27Z</time>
      </trkpt>
      <trkpt lat="22.206175" lon="113.32762">
        <ele>-1.1</ele>
        <time>2024-05-26T11:17:28Z</time>
      </trkpt>
      <trkpt lat="22.206124" lon="113.327628">
        <ele>-1.1</ele>
        <time>2024-05-26T11:17:29Z</time>
      </trkpt>
      <trkpt lat="22.20607" lon="113.327629">
        <ele>-1.1</ele>
        <time>2024-05-26T11:17:30Z</time>
      </trkpt>
      <trkpt lat="22.206015" lon="113.327635">
        <ele>-1.1</ele>
        <time>2024-05-26T11:17:31Z</time>
      </trkpt>
      <trkpt lat="22.205959" lon="113.327643">
        <ele>-1.1</ele>
        <time>2024-05-26T11:17:32Z</time>
      </trkpt>
      <trkpt lat="22.205905" lon="113.327651">
        <ele>-1.1</ele>
        <time>2024-05-26T11:17:33Z</time>
      </trkpt>
      <trkpt lat="22.205853" lon="113.327652">
        <ele>-1.1</ele>
        <time>2024-05-26T11:17:34Z</time>
      </trkpt>
      <trkpt lat="22.205799" lon="113.327658">
        <ele>-1.1</ele>
        <time>2024-05-26T11:17:35Z</time>
      </trkpt>
      <trkpt lat="22.205742" lon="113.327666">
        <ele>-1.1</ele>
        <time>2024-05-26T11:17:36Z</time>
      </trkpt>
      <trkpt lat="22.205681" lon="113.327667">
        <ele>-1</ele>
        <time>2024-05-26T11:17:37Z</time>
      </trkpt>
      <trkpt lat="22.20562" lon="113.327667">
        <ele>-1</ele>
        <time>2024-05-26T11:17:38Z</time>
      </trkpt>
      <trkpt lat="22.205562" lon="113.327667">
        <ele>-1</ele>
        <time>2024-05-26T11:17:39Z</time>
      </trkpt>
      <trkpt lat="22.205504" lon="113.327661">
        <ele>-1</ele>
        <time>2024-05-26T11:17:40Z</time>
      </trkpt>
      <trkpt lat="22.205443" lon="113.32766">
        <ele>-1</ele>
        <time>2024-05-26T11:17:41Z</time>
      </trkpt>
      <trkpt lat="22.20538" lon="113.327666">
        <ele>-1</ele>
        <time>2024-05-26T11:17:42Z</time>
      </trkpt>
      <trkpt lat="22.205322" lon="113.327674">
        <ele>-1</ele>
        <time>2024-05-26T11:17:43Z</time>
      </trkpt>
      <trkpt lat="22.205264" lon="113.327681">
        <ele>-1</ele>
        <time>2024-05-26T11:17:44Z</time>
      </trkpt>
      <trkpt lat="22.205206" lon="113.327689">
        <ele>-0.9</ele>
        <time>2024-05-26T11:17:45Z</time>
      </trkpt>
      <trkpt lat="22.205151" lon="113.32769">
        <ele>-0.9</ele>
        <time>2024-05-26T11:17:46Z</time>
      </trkpt>
      <trkpt lat="22.2051" lon="113.32769">
        <ele>-0.9</ele>
        <time>2024-05-26T11:17:47Z</time>
      </trkpt>
      <trkpt lat="22.205044" lon="113.327684">
        <ele>-0.9</ele>
        <time>2024-05-26T11:17:48Z</time>
      </trkpt>
      <trkpt lat="22.20499" lon="113.327683">
        <ele>-0.9</ele>
        <time>2024-05-26T11:17:49Z</time>
      </trkpt>
      <trkpt lat="22.204935" lon="113.327676">
        <ele>-0.9</ele>
        <time>2024-05-26T11:17:50Z</time>
      </trkpt>
      <trkpt lat="22.204883" lon="113.327675">
        <ele>-0.9</ele>
        <time>2024-05-26T11:17:51Z</time>
      </trkpt>
      <trkpt lat="22.204833" lon="113.327675">
        <ele>-0.9</ele>
        <time>2024-05-26T11:17:52Z</time>
      </trkpt>
      <trkpt lat="22.20478" lon="113.327675">
        <ele>-0.9</ele>
        <time>2024-05-26T11:17:53Z</time>
      </trkpt>
      <trkpt lat="22.204728" lon="113.327675">
        <ele>-0.8</ele>
        <time>2024-05-26T11:17:54Z</time>
      </trkpt>
      <trkpt lat="22.204678" lon="113.327669">
        <ele>-0.8</ele>
        <time>2024-05-26T11:17:55Z</time>
      </trkpt>
      <trkpt lat="22.204627" lon="113.327667">
        <ele>-0.8</ele>
        <time>2024-05-26T11:17:56Z</time>
      </trkpt>
      <trkpt lat="22.204577" lon="113.327667">
        <ele>-0.8</ele>
        <time>2024-05-26T11:17:57Z</time>
      </trkpt>
      <trkpt lat="22.204528" lon="113.327661">
        <ele>-0.8</ele>
        <time>2024-05-26T11:17:58Z</time>
      </trkpt>
      <trkpt lat="22.204481" lon="113.32766">
        <ele>-0.8</ele>
        <time>2024-05-26T11:17:59Z</time>
      </trkpt>
      <trkpt lat="22.204439" lon="113.327653">
        <ele>-0.8</ele>
        <time>2024-05-26T11:18:00Z</time>
      </trkpt>
      <trkpt lat="22.2044" lon="113.327646">
        <ele>-0.8</ele>
        <time>2024-05-26T11:18:01Z</time>
      </trkpt>
      <trkpt lat="22.204363" lon="113.327638">
        <ele>-0.8</ele>
        <time>2024-05-26T11:18:02Z</time>
      </trkpt>
      <trkpt lat="22.20433" lon="113.327637">
        <ele>-0.8</ele>
        <time>2024-05-26T11:18:03Z</time>
      </trkpt>
      <trkpt lat="22.204299" lon="113.32763">
        <ele>-0.8</ele>
        <time>2024-05-26T11:18:04Z</time>
      </trkpt>
      <trkpt lat="22.204269" lon="113.327616">
        <ele>-0.7</ele>
        <time>2024-05-26T11:18:05Z</time>
      </trkpt>
      <trkpt lat="22.204235" lon="113.327601">
        <ele>-0.7</ele>
        <time>2024-05-26T11:18:06Z</time>
      </trkpt>
      <trkpt lat="22.204197" lon="113.327586">
        <ele>-0.7</ele>
        <time>2024-05-26T11:18:07Z</time>
      </trkpt>
      <trkpt lat="22.204163" lon="113.327577">
        <ele>-0.7</ele>
        <time>2024-05-26T11:18:08Z</time>
      </trkpt>
      <trkpt lat="22.204127" lon="113.327576">
        <ele>-0.7</ele>
        <time>2024-05-26T11:18:09Z</time>
      </trkpt>
      <trkpt lat="22.204092" lon="113.327582">
        <ele>-0.7</ele>
        <time>2024-05-26T11:18:10Z</time>
      </trkpt>
      <trkpt lat="22.204058" lon="113.32759">
        <ele>-0.7</ele>
        <time>2024-05-26T11:18:11Z</time>
      </trkpt>
      <trkpt lat="22.20403" lon="113.327591">
        <ele>-0.7</ele>
        <time>2024-05-26T11:18:12Z</time>
      </trkpt>
      <trkpt lat="22.204001" lon="113.327604">
        <ele>-0.7</ele>
        <time>2024-05-26T11:18:13Z</time>
      </trkpt>
      <trkpt lat="22.20397" lon="113.327613">
        <ele>-0.7</ele>
        <time>2024-05-26T11:18:14Z</time>
      </trkpt>
      <trkpt lat="22.203932" lon="113.32762">
        <ele>-0.7</ele>
        <time>2024-05-26T11:18:15Z</time>
      </trkpt>
      <trkpt lat="22.20389" lon="113.327628">
        <ele>-0.7</ele>
        <time>2024-05-26T11:18:16Z</time>
      </trkpt>
      <trkpt lat="22.203844" lon="113.327623">
        <ele>-0.7</ele>
        <time>2024-05-26T11:18:17Z</time>
      </trkpt>
      <trkpt lat="22.2038" lon="113.327615">
        <ele>-0.6</ele>
        <time>2024-05-26T11:18:18Z</time>
      </trkpt>
      <trkpt lat="22.203754" lon="113.327601">
        <ele>-0.6</ele>
        <time>2024-05-26T11:18:19Z</time>
      </trkpt>
      <trkpt lat="22.203712" lon="113.327599">
        <ele>-0.7</ele>
        <time>2024-05-26T11:18:20Z</time>
      </trkpt>
      <trkpt lat="22.203666" lon="113.327592">
        <ele>-0.7</ele>
        <time>2024-05-26T11:18:21Z</time>
      </trkpt>
      <trkpt lat="22.203621" lon="113.327591">
        <ele>-0.7</ele>
        <time>2024-05-26T11:18:22Z</time>
      </trkpt>
      <trkpt lat="22.203572" lon="113.327572">
        <ele>-0.7</ele>
        <time>2024-05-26T11:18:23Z</time>
      </trkpt>
      <trkpt lat="22.203516" lon="113.327555">
        <ele>-0.7</ele>
        <time>2024-05-26T11:18:24Z</time>
      </trkpt>
      <trkpt lat="22.20346" lon="113.32754">
        <ele>-0.7</ele>
        <time>2024-05-26T11:18:25Z</time>
      </trkpt>
      <trkpt lat="22.203403" lon="113.327525">
        <ele>-0.7</ele>
        <time>2024-05-26T11:18:26Z</time>
      </trkpt>
      <trkpt lat="22.203354" lon="113.327516">
        <ele>-0.8</ele>
        <time>2024-05-26T11:18:27Z</time>
      </trkpt>
      <trkpt lat="22.203301" lon="113.327515">
        <ele>-0.8</ele>
        <time>2024-05-26T11:18:28Z</time>
      </trkpt>
      <trkpt lat="22.203248" lon="113.327508">
        <ele>-0.8</ele>
        <time>2024-05-26T11:18:29Z</time>
      </trkpt>
      <trkpt lat="22.203191" lon="113.327501">
        <ele>-0.8</ele>
        <time>2024-05-26T11:18:30Z</time>
      </trkpt>
      <trkpt lat="22.203139" lon="113.327493">
        <ele>-0.8</ele>
        <time>2024-05-26T11:18:31Z</time>
      </trkpt>
      <trkpt lat="22.203088" lon="113.327485">
        <ele>-0.8</ele>
        <time>2024-05-26T11:18:32Z</time>
      </trkpt>
      <trkpt lat="22.203041" lon="113.327484">
        <ele>-0.9</ele>
        <time>2024-05-26T11:18:33Z</time>
      </trkpt>
      <trkpt lat="22.202991" lon="113.327478">
        <ele>-0.9</ele>
        <time>2024-05-26T11:18:34Z</time>
      </trkpt>
      <trkpt lat="22.20294" lon="113.327476">
        <ele>-0.9</ele>
        <time>2024-05-26T11:18:35Z</time>
      </trkpt>
      <trkpt lat="22.202891" lon="113.32747">
        <ele>-0.9</ele>
        <time>2024-05-26T11:18:36Z</time>
      </trkpt>
      <trkpt lat="22.202838" lon="113.327469">
        <ele>-0.9</ele>
        <time>2024-05-26T11:18:37Z</time>
      </trkpt>
      <trkpt lat="22.202785" lon="113.327463">
        <ele>-0.9</ele>
        <time>2024-05-26T11:18:38Z</time>
      </trkpt>
      <trkpt lat="22.202735" lon="113.327455">
        <ele>-0.9</ele>
        <time>2024-05-26T11:18:39Z</time>
      </trkpt>
      <trkpt lat="22.202687" lon="113.327447">
        <ele>-1</ele>
        <time>2024-05-26T11:18:40Z</time>
      </trkpt>
      <trkpt lat="22.202645" lon="113.32744">
        <ele>-1</ele>
        <time>2024-05-26T11:18:41Z</time>
      </trkpt>
      <trkpt lat="22.202604" lon="113.327432">
        <ele>-1</ele>
        <time>2024-05-26T11:18:42Z</time>
      </trkpt>
      <trkpt lat="22.202558" lon="113.327424">
        <ele>-1</ele>
        <time>2024-05-26T11:18:43Z</time>
      </trkpt>
      <trkpt lat="22.202511" lon="113.327417">
        <ele>-1</ele>
        <time>2024-05-26T11:18:44Z</time>
      </trkpt>
      <trkpt lat="22.202464" lon="113.327415">
        <ele>-1</ele>
        <time>2024-05-26T11:18:45Z</time>
      </trkpt>
      <trkpt lat="22.202416" lon="113.327403">
        <ele>-1</ele>
        <time>2024-05-26T11:18:46Z</time>
      </trkpt>
      <trkpt lat="22.202366" lon="113.327387">
        <ele>-1.1</ele>
        <time>2024-05-26T11:18:47Z</time>
      </trkpt>
      <trkpt lat="22.202314" lon="113.327366">
        <ele>-1.1</ele>
        <time>2024-05-26T11:18:48Z</time>
      </trkpt>
      <trkpt lat="22.202254" lon="113.327343">
        <ele>-1.1</ele>
        <time>2024-05-26T11:18:49Z</time>
      </trkpt>
      <trkpt lat="22.202194" lon="113.327333">
        <ele>-1.1</ele>
        <time>2024-05-26T11:18:50Z</time>
      </trkpt>
      <trkpt lat="22.202138" lon="113.327319">
        <ele>-1.1</ele>
        <time>2024-05-26T11:18:51Z</time>
      </trkpt>
      <trkpt lat="22.202088" lon="113.327297">
        <ele>-1.1</ele>
        <time>2024-05-26T11:18:52Z</time>
      </trkpt>
      <trkpt lat="22.202039" lon="113.327287">
        <ele>-1.1</ele>
        <time>2024-05-26T11:18:53Z</time>
      </trkpt>
      <trkpt lat="22.201991" lon="113.32728">
        <ele>-1.2</ele>
        <time>2024-05-26T11:18:54Z</time>
      </trkpt>
      <trkpt lat="22.201938" lon="113.327266">
        <ele>-1.2</ele>
        <time>2024-05-26T11:18:55Z</time>
      </trkpt>
      <trkpt lat="22.201891" lon="113.327257">
        <ele>-1.2</ele>
        <time>2024-05-26T11:18:56Z</time>
      </trkpt>
      <trkpt lat="22.201845" lon="113.327255">
        <ele>-1.2</ele>
        <time>2024-05-26T11:18:57Z</time>
      </trkpt>
      <trkpt lat="22.201799" lon="113.327249">
        <ele>-1.2</ele>
        <time>2024-05-26T11:18:58Z</time>
      </trkpt>
      <trkpt lat="22.201758" lon="113.327228">
        <ele>-1.2</ele>
        <time>2024-05-26T11:18:59Z</time>
      </trkpt>
      <trkpt lat="22.20171" lon="113.327212">
        <ele>-1.2</ele>
        <time>2024-05-26T11:19:00Z</time>
      </trkpt>
      <trkpt lat="22.201663" lon="113.327203">
        <ele>-1.2</ele>
        <time>2024-05-26T11:19:01Z</time>
      </trkpt>
      <trkpt lat="22.201612" lon="113.327196">
        <ele>-1.2</ele>
        <time>2024-05-26T11:19:02Z</time>
      </trkpt>
      <trkpt lat="22.201563" lon="113.327182">
        <ele>-1.2</ele>
        <time>2024-05-26T11:19:03Z</time>
      </trkpt>
      <trkpt lat="22.20152" lon="113.327166">
        <ele>-1.2</ele>
        <time>2024-05-26T11:19:04Z</time>
      </trkpt>
      <trkpt lat="22.201478" lon="113.327151">
        <ele>-1.3</ele>
        <time>2024-05-26T11:19:05Z</time>
      </trkpt>
      <trkpt lat="22.201435" lon="113.327136">
        <ele>-1.3</ele>
        <time>2024-05-26T11:19:06Z</time>
      </trkpt>
      <trkpt lat="22.201397" lon="113.327121">
        <ele>-1.3</ele>
        <time>2024-05-26T11:19:07Z</time>
      </trkpt>
      <trkpt lat="22.201366" lon="113.327099">
        <ele>-1.3</ele>
        <time>2024-05-26T11:19:08Z</time>
      </trkpt>
      <trkpt lat="22.201337" lon="113.32707">
        <ele>-1.3</ele>
        <time>2024-05-26T11:19:09Z</time>
      </trkpt>
      <trkpt lat="22.201299" lon="113.327045">
        <ele>-1.3</ele>
        <time>2024-05-26T11:19:10Z</time>
      </trkpt>
      <trkpt lat="22.201258" lon="113.327022">
        <ele>-1.3</ele>
        <time>2024-05-26T11:19:11Z</time>
      </trkpt>
      <trkpt lat="22.201217" lon="113.327">
        <ele>-1.3</ele>
        <time>2024-05-26T11:19:12Z</time>
      </trkpt>
      <trkpt lat="22.201172" lon="113.326989">
        <ele>-1.3</ele>
        <time>2024-05-26T11:19:13Z</time>
      </trkpt>
      <trkpt lat="22.201125" lon="113.326982">
        <ele>-1.3</ele>
        <time>2024-05-26T11:19:14Z</time>
      </trkpt>
      <trkpt lat="22.201077" lon="113.326974">
        <ele>-1.3</ele>
        <time>2024-05-26T11:19:15Z</time>
      </trkpt>
      <trkpt lat="22.201029" lon="113.326973">
        <ele>-1.3</ele>
        <time>2024-05-26T11:19:16Z</time>
      </trkpt>
      <trkpt lat="22.200982" lon="113.326967">
        <ele>-1.3</ele>
        <time>2024-05-26T11:19:17Z</time>
      </trkpt>
      <trkpt lat="22.200934" lon="113.326959">
        <ele>-1.4</ele>
        <time>2024-05-26T11:19:18Z</time>
      </trkpt>
      <trkpt lat="22.200884" lon="113.326951">
        <ele>-1.4</ele>
        <time>2024-05-26T11:19:19Z</time>
      </trkpt>
      <trkpt lat="22.200835" lon="113.326944">
        <ele>-1.4</ele>
        <time>2024-05-26T11:19:20Z</time>
      </trkpt>
      <trkpt lat="22.200782" lon="113.32693">
        <ele>-1.4</ele>
        <time>2024-05-26T11:19:21Z</time>
      </trkpt>
      <trkpt lat="22.200734" lon="113.326915">
        <ele>-1.4</ele>
        <time>2024-05-26T11:19:22Z</time>
      </trkpt>
      <trkpt lat="22.200686" lon="113.326899">
        <ele>-1.4</ele>
        <time>2024-05-26T11:19:23Z</time>
      </trkpt>
      <trkpt lat="22.200637" lon="113.326878">
        <ele>-1.4</ele>
        <time>2024-05-26T11:19:24Z</time>
      </trkpt>
      <trkpt lat="22.200582" lon="113.326861">
        <ele>-1.4</ele>
        <time>2024-05-26T11:19:25Z</time>
      </trkpt>
      <trkpt lat="22.200528" lon="113.326846">
        <ele>-1.4</ele>
        <time>2024-05-26T11:19:26Z</time>
      </trkpt>
      <trkpt lat="22.200477" lon="113.326831">
        <ele>-1.4</ele>
        <time>2024-05-26T11:19:27Z</time>
      </trkpt>
      <trkpt lat="22.200427" lon="113.326815">
        <ele>-1.4</ele>
        <time>2024-05-26T11:19:28Z</time>
      </trkpt>
      <trkpt lat="22.200379" lon="113.3268">
        <ele>-1.5</ele>
        <time>2024-05-26T11:19:29Z</time>
      </trkpt>
      <trkpt lat="22.200333" lon="113.326778">
        <ele>-1.5</ele>
        <time>2024-05-26T11:19:30Z</time>
      </trkpt>
      <trkpt lat="22.200292" lon="113.326762">
        <ele>-1.5</ele>
        <time>2024-05-26T11:19:31Z</time>
      </trkpt>
      <trkpt lat="22.200246" lon="113.32674">
        <ele>-1.5</ele>
        <time>2024-05-26T11:19:32Z</time>
      </trkpt>
      <trkpt lat="22.200194" lon="113.326717">
        <ele>-1.5</ele>
        <time>2024-05-26T11:19:33Z</time>
      </trkpt>
      <trkpt lat="22.200143" lon="113.326688">
        <ele>-1.4</ele>
        <time>2024-05-26T11:19:34Z</time>
      </trkpt>
      <trkpt lat="22.20009" lon="113.326664">
        <ele>-1.4</ele>
        <time>2024-05-26T11:19:35Z</time>
      </trkpt>
      <trkpt lat="22.200033" lon="113.326641">
        <ele>-1.4</ele>
        <time>2024-05-26T11:19:36Z</time>
      </trkpt>
      <trkpt lat="22.199976" lon="113.326618">
        <ele>-1.4</ele>
        <time>2024-05-26T11:19:37Z</time>
      </trkpt>
      <trkpt lat="22.19992" lon="113.326589">
        <ele>-1.4</ele>
        <time>2024-05-26T11:19:38Z</time>
      </trkpt>
      <trkpt lat="22.199871" lon="113.326571">
        <ele>-1.4</ele>
        <time>2024-05-26T11:19:39Z</time>
      </trkpt>
      <trkpt lat="22.199822" lon="113.32655">
        <ele>-1.4</ele>
        <time>2024-05-26T11:19:40Z</time>
      </trkpt>
      <trkpt lat="22.199768" lon="113.32652">
        <ele>-1.4</ele>
        <time>2024-05-26T11:19:41Z</time>
      </trkpt>
      <trkpt lat="22.199715" lon="113.32649">
        <ele>-1.4</ele>
        <time>2024-05-26T11:19:42Z</time>
      </trkpt>
      <trkpt lat="22.199664" lon="113.326459">
        <ele>-1.4</ele>
        <time>2024-05-26T11:19:43Z</time>
      </trkpt>
      <trkpt lat="22.199613" lon="113.326429">
        <ele>-1.4</ele>
        <time>2024-05-26T11:19:44Z</time>
      </trkpt>
      <trkpt lat="22.199564" lon="113.326405">
        <ele>-1.4</ele>
        <time>2024-05-26T11:19:45Z</time>
      </trkpt>
      <trkpt lat="22.199507" lon="113.326382">
        <ele>-1.4</ele>
        <time>2024-05-26T11:19:46Z</time>
      </trkpt>
      <trkpt lat="22.199455" lon="113.326359">
        <ele>-1.4</ele>
        <time>2024-05-26T11:19:47Z</time>
      </trkpt>
      <trkpt lat="22.199403" lon="113.326342">
        <ele>-1.4</ele>
        <time>2024-05-26T11:19:48Z</time>
      </trkpt>
      <trkpt lat="22.199353" lon="113.326333">
        <ele>-1.4</ele>
        <time>2024-05-26T11:19:49Z</time>
      </trkpt>
      <trkpt lat="22.199303" lon="113.326319">
        <ele>-1.3</ele>
        <time>2024-05-26T11:19:50Z</time>
      </trkpt>
      <trkpt lat="22.199254" lon="113.326304">
        <ele>-1.3</ele>
        <time>2024-05-26T11:19:51Z</time>
      </trkpt>
      <trkpt lat="22.199207" lon="113.326283">
        <ele>-1.3</ele>
        <time>2024-05-26T11:19:52Z</time>
      </trkpt>
      <trkpt lat="22.19916" lon="113.32626">
        <ele>-1.3</ele>
        <time>2024-05-26T11:19:53Z</time>
      </trkpt>
      <trkpt lat="22.199112" lon="113.32623">
        <ele>-1.3</ele>
        <time>2024-05-26T11:19:54Z</time>
      </trkpt>
      <trkpt lat="22.199069" lon="113.326206">
        <ele>-1.3</ele>
        <time>2024-05-26T11:19:55Z</time>
      </trkpt>
      <trkpt lat="22.199027" lon="113.326171">
        <ele>-1.3</ele>
        <time>2024-05-26T11:19:56Z</time>
      </trkpt>
      <trkpt lat="22.198982" lon="113.326133">
        <ele>-1.3</ele>
        <time>2024-05-26T11:19:57Z</time>
      </trkpt>
      <trkpt lat="22.198936" lon="113.326101">
        <ele>-1.3</ele>
        <time>2024-05-26T11:19:58Z</time>
      </trkpt>
      <trkpt lat="22.198894" lon="113.32607">
        <ele>-1.3</ele>
        <time>2024-05-26T11:19:59Z</time>
      </trkpt>
      <trkpt lat="22.198849" lon="113.326034">
        <ele>-1.3</ele>
        <time>2024-05-26T11:20:00Z</time>
      </trkpt>
      <trkpt lat="22.198798" lon="113.326002">
        <ele>-1.3</ele>
        <time>2024-05-26T11:20:01Z</time>
      </trkpt>
      <trkpt lat="22.198751" lon="113.325977">
        <ele>-1.3</ele>
        <time>2024-05-26T11:20:02Z</time>
      </trkpt>
      <trkpt lat="22.198706" lon="113.325948">
        <ele>-1.3</ele>
        <time>2024-05-26T11:20:03Z</time>
      </trkpt>
      <trkpt lat="22.198662" lon="113.325911">
        <ele>-1.3</ele>
        <time>2024-05-26T11:20:04Z</time>
      </trkpt>
      <trkpt lat="22.198619" lon="113.325873">
        <ele>-1.2</ele>
        <time>2024-05-26T11:20:05Z</time>
      </trkpt>
      <trkpt lat="22.198571" lon="113.325842">
        <ele>-1.2</ele>
        <time>2024-05-26T11:20:06Z</time>
      </trkpt>
      <trkpt lat="22.198528" lon="113.325811">
        <ele>-1.2</ele>
        <time>2024-05-26T11:20:07Z</time>
      </trkpt>
      <trkpt lat="22.19848" lon="113.325787">
        <ele>-1.2</ele>
        <time>2024-05-26T11:20:08Z</time>
      </trkpt>
      <trkpt lat="22.198428" lon="113.325757">
        <ele>-1.2</ele>
        <time>2024-05-26T11:20:09Z</time>
      </trkpt>
      <trkpt lat="22.19838" lon="113.325733">
        <ele>-1.2</ele>
        <time>2024-05-26T11:20:10Z</time>
      </trkpt>
      <trkpt lat="22.198334" lon="113.32571">
        <ele>-1.2</ele>
        <time>2024-05-26T11:20:11Z</time>
      </trkpt>
      <trkpt lat="22.19829" lon="113.325687">
        <ele>-1.1</ele>
        <time>2024-05-26T11:20:12Z</time>
      </trkpt>
      <trkpt lat="22.198242" lon="113.325671">
        <ele>-1.1</ele>
        <time>2024-05-26T11:20:13Z</time>
      </trkpt>
      <trkpt lat="22.198193" lon="113.325656">
        <ele>-1.1</ele>
        <time>2024-05-26T11:20:14Z</time>
      </trkpt>
      <trkpt lat="22.198147" lon="113.32564">
        <ele>-1.1</ele>
        <time>2024-05-26T11:20:15Z</time>
      </trkpt>
      <trkpt lat="22.1981" lon="113.325613">
        <ele>-1.1</ele>
        <time>2024-05-26T11:20:16Z</time>
      </trkpt>
      <trkpt lat="22.198049" lon="113.325582">
        <ele>-1.1</ele>
        <time>2024-05-26T11:20:17Z</time>
      </trkpt>
      <trkpt lat="22.197999" lon="113.325558">
        <ele>-1.1</ele>
        <time>2024-05-26T11:20:18Z</time>
      </trkpt>
      <trkpt lat="22.197952" lon="113.325529">
        <ele>-1</ele>
        <time>2024-05-26T11:20:19Z</time>
      </trkpt>
      <trkpt lat="22.197905" lon="113.325504">
        <ele>-1</ele>
        <time>2024-05-26T11:20:20Z</time>
      </trkpt>
      <trkpt lat="22.197857" lon="113.325488">
        <ele>-1</ele>
        <time>2024-05-26T11:20:21Z</time>
      </trkpt>
      <trkpt lat="22.197811" lon="113.325466">
        <ele>-1</ele>
        <time>2024-05-26T11:20:22Z</time>
      </trkpt>
      <trkpt lat="22.197764" lon="113.325437">
        <ele>-1</ele>
        <time>2024-05-26T11:20:23Z</time>
      </trkpt>
      <trkpt lat="22.197718" lon="113.325406">
        <ele>-1</ele>
        <time>2024-05-26T11:20:24Z</time>
      </trkpt>
      <trkpt lat="22.197669" lon="113.32537">
        <ele>-1</ele>
        <time>2024-05-26T11:20:25Z</time>
      </trkpt>
      <trkpt lat="22.197621" lon="113.325338">
        <ele>-0.9</ele>
        <time>2024-05-26T11:20:26Z</time>
      </trkpt>
      <trkpt lat="22.197576" lon="113.325314">
        <ele>-0.9</ele>
        <time>2024-05-26T11:20:27Z</time>
      </trkpt>
      <trkpt lat="22.197534" lon="113.325278">
        <ele>-0.9</ele>
        <time>2024-05-26T11:20:28Z</time>
      </trkpt>
      <trkpt lat="22.197492" lon="113.325246">
        <ele>-0.9</ele>
        <time>2024-05-26T11:20:29Z</time>
      </trkpt>
      <trkpt lat="22.197449" lon="113.325216">
        <ele>-0.9</ele>
        <time>2024-05-26T11:20:30Z</time>
      </trkpt>
      <trkpt lat="22.197404" lon="113.325186">
        <ele>-0.9</ele>
        <time>2024-05-26T11:20:31Z</time>
      </trkpt>
      <trkpt lat="22.197359" lon="113.325161">
        <ele>-0.9</ele>
        <time>2024-05-26T11:20:32Z</time>
      </trkpt>
      <trkpt lat="22.197319" lon="113.325138">
        <ele>-0.8</ele>
        <time>2024-05-26T11:20:33Z</time>
      </trkpt>
      <trkpt lat="22.197274" lon="113.325115">
        <ele>-0.8</ele>
        <time>2024-05-26T11:20:34Z</time>
      </trkpt>
      <trkpt lat="22.197229" lon="113.325092">
        <ele>-0.8</ele>
        <time>2024-05-26T11:20:35Z</time>
      </trkpt>
      <trkpt lat="22.197187" lon="113.32507">
        <ele>-0.8</ele>
        <time>2024-05-26T11:20:36Z</time>
      </trkpt>
      <trkpt lat="22.197142" lon="113.325053">
        <ele>-0.8</ele>
        <time>2024-05-26T11:20:37Z</time>
      </trkpt>
      <trkpt lat="22.197093" lon="113.325038">
        <ele>-0.8</ele>
        <time>2024-05-26T11:20:38Z</time>
      </trkpt>
      <trkpt lat="22.19704" lon="113.325022">
        <ele>-0.7</ele>
        <time>2024-05-26T11:20:39Z</time>
      </trkpt>
      <trkpt lat="22.196985" lon="113.325013">
        <ele>-0.7</ele>
        <time>2024-05-26T11:20:40Z</time>
      </trkpt>
      <trkpt lat="22.196928" lon="113.324993">
        <ele>-0.6</ele>
        <time>2024-05-26T11:20:41Z</time>
      </trkpt>
      <trkpt lat="22.196874" lon="113.324977">
        <ele>-0.6</ele>
        <time>2024-05-26T11:20:42Z</time>
      </trkpt>
      <trkpt lat="22.196821" lon="113.324955">
        <ele>-0.6</ele>
        <time>2024-05-26T11:20:43Z</time>
      </trkpt>
      <trkpt lat="22.19677" lon="113.324932">
        <ele>-0.5</ele>
        <time>2024-05-26T11:20:44Z</time>
      </trkpt>
      <trkpt lat="22.196717" lon="113.324909">
        <ele>-0.5</ele>
        <time>2024-05-26T11:20:45Z</time>
      </trkpt>
      <trkpt lat="22.196666" lon="113.32488">
        <ele>-0.4</ele>
        <time>2024-05-26T11:20:46Z</time>
      </trkpt>
      <trkpt lat="22.196618" lon="113.324856">
        <ele>-0.4</ele>
        <time>2024-05-26T11:20:47Z</time>
      </trkpt>
      <trkpt lat="22.19657" lon="113.324833">
        <ele>-0.3</ele>
        <time>2024-05-26T11:20:48Z</time>
      </trkpt>
      <trkpt lat="22.196521" lon="113.324804">
        <ele>-0.3</ele>
        <time>2024-05-26T11:20:49Z</time>
      </trkpt>
      <trkpt lat="22.196471" lon="113.324773">
        <ele>-0.3</ele>
        <time>2024-05-26T11:20:50Z</time>
      </trkpt>
      <trkpt lat="22.196425" lon="113.324743">
        <ele>-0.2</ele>
        <time>2024-05-26T11:20:51Z</time>
      </trkpt>
      <trkpt lat="22.196375" lon="113.324713">
        <ele>-0.2</ele>
        <time>2024-05-26T11:20:52Z</time>
      </trkpt>
      <trkpt lat="22.196323" lon="113.324688">
        <ele>-0.1</ele>
        <time>2024-05-26T11:20:53Z</time>
      </trkpt>
      <trkpt lat="22.19627" lon="113.324659">
        <ele>-0.1</ele>
        <time>2024-05-26T11:20:54Z</time>
      </trkpt>
      <trkpt lat="22.196218" lon="113.324629">
        <ele>0</ele>
        <time>2024-05-26T11:20:55Z</time>
      </trkpt>
      <trkpt lat="22.196167" lon="113.324598">
        <ele>0</ele>
        <time>2024-05-26T11:20:56Z</time>
      </trkpt>
      <trkpt lat="22.196115" lon="113.324568">
        <ele>0.1</ele>
        <time>2024-05-26T11:20:57Z</time>
      </trkpt>
      <trkpt lat="22.196068" lon="113.324537">
        <ele>0.1</ele>
        <time>2024-05-26T11:20:58Z</time>
      </trkpt>
      <trkpt lat="22.196019" lon="113.324506">
        <ele>0.2</ele>
        <time>2024-05-26T11:20:59Z</time>
      </trkpt>
      <trkpt lat="22.195966" lon="113.324482">
        <ele>0.2</ele>
        <time>2024-05-26T11:21:00Z</time>
      </trkpt>
      <trkpt lat="22.195917" lon="113.324453">
        <ele>0.2</ele>
        <time>2024-05-26T11:21:01Z</time>
      </trkpt>
      <trkpt lat="22.195865" lon="113.324422">
        <ele>0.3</ele>
        <time>2024-05-26T11:21:02Z</time>
      </trkpt>
      <trkpt lat="22.195815" lon="113.324398">
        <ele>0.3</ele>
        <time>2024-05-26T11:21:03Z</time>
      </trkpt>
      <trkpt lat="22.195771" lon="113.324375">
        <ele>0.4</ele>
        <time>2024-05-26T11:21:04Z</time>
      </trkpt>
      <trkpt lat="22.195725" lon="113.324353">
        <ele>0.4</ele>
        <time>2024-05-26T11:21:05Z</time>
      </trkpt>
      <trkpt lat="22.195682" lon="113.324329">
        <ele>0.4</ele>
        <time>2024-05-26T11:21:06Z</time>
      </trkpt>
      <trkpt lat="22.195639" lon="113.324313">
        <ele>0.5</ele>
        <time>2024-05-26T11:21:07Z</time>
      </trkpt>
      <trkpt lat="22.195597" lon="113.324292">
        <ele>0.5</ele>
        <time>2024-05-26T11:21:08Z</time>
      </trkpt>
      <trkpt lat="22.195559" lon="113.324262">
        <ele>0.6</ele>
        <time>2024-05-26T11:21:09Z</time>
      </trkpt>
      <trkpt lat="22.195534" lon="113.324226">
        <ele>0.6</ele>
        <time>2024-05-26T11:21:10Z</time>
      </trkpt>
      <trkpt lat="22.195524" lon="113.324187">
        <ele>0.6</ele>
        <time>2024-05-26T11:21:11Z</time>
      </trkpt>
      <trkpt lat="22.195516" lon="113.324149">
        <ele>0.6</ele>
        <time>2024-05-26T11:21:12Z</time>
      </trkpt>
      <trkpt lat="22.195501" lon="113.324118">
        <ele>0.7</ele>
        <time>2024-05-26T11:21:13Z</time>
      </trkpt>
      <trkpt lat="22.195463" lon="113.324106">
        <ele>0.7</ele>
        <time>2024-05-26T11:21:14Z</time>
      </trkpt>
      <trkpt lat="22.195418" lon="113.324111">
        <ele>0.7</ele>
        <time>2024-05-26T11:21:15Z</time>
      </trkpt>
      <trkpt lat="22.19537" lon="113.324131">
        <ele>0.8</ele>
        <time>2024-05-26T11:21:16Z</time>
      </trkpt>
      <trkpt lat="22.195324" lon="113.324141">
        <ele>0.8</ele>
        <time>2024-05-26T11:21:17Z</time>
      </trkpt>
      <trkpt lat="22.19528" lon="113.32413">
        <ele>0.8</ele>
        <time>2024-05-26T11:21:18Z</time>
      </trkpt>
      <trkpt lat="22.195236" lon="113.324108">
        <ele>0.9</ele>
        <time>2024-05-26T11:21:19Z</time>
      </trkpt>
      <trkpt lat="22.195193" lon="113.324086">
        <ele>0.9</ele>
        <time>2024-05-26T11:21:20Z</time>
      </trkpt>
      <trkpt lat="22.195147" lon="113.324063">
        <ele>0.9</ele>
        <time>2024-05-26T11:21:21Z</time>
      </trkpt>
      <trkpt lat="22.195097" lon="113.32404">
        <ele>1</ele>
        <time>2024-05-26T11:21:22Z</time>
      </trkpt>
      <trkpt lat="22.195047" lon="113.324017">
        <ele>1</ele>
        <time>2024-05-26T11:21:23Z</time>
      </trkpt>
      <trkpt lat="22.194997" lon="113.323988">
        <ele>1</ele>
        <time>2024-05-26T11:21:24Z</time>
      </trkpt>
      <trkpt lat="22.194946" lon="113.323963">
        <ele>1.1</ele>
        <time>2024-05-26T11:21:25Z</time>
      </trkpt>
      <trkpt lat="22.194893" lon="113.323934">
        <ele>1.1</ele>
        <time>2024-05-26T11:21:26Z</time>
      </trkpt>
      <trkpt lat="22.194838" lon="113.32391">
        <ele>1.2</ele>
        <time>2024-05-26T11:21:27Z</time>
      </trkpt>
      <trkpt lat="22.194782" lon="113.323881">
        <ele>1.2</ele>
        <time>2024-05-26T11:21:28Z</time>
      </trkpt>
      <trkpt lat="22.194727" lon="113.323857">
        <ele>1.3</ele>
        <time>2024-05-26T11:21:29Z</time>
      </trkpt>
      <trkpt lat="22.194672" lon="113.323834">
        <ele>1.3</ele>
        <time>2024-05-26T11:21:30Z</time>
      </trkpt>
      <trkpt lat="22.194626" lon="113.323811">
        <ele>1.3</ele>
        <time>2024-05-26T11:21:31Z</time>
      </trkpt>
      <trkpt lat="22.194571" lon="113.323782">
        <ele>1.4</ele>
        <time>2024-05-26T11:21:32Z</time>
      </trkpt>
      <trkpt lat="22.194515" lon="113.323751">
        <ele>1.4</ele>
        <time>2024-05-26T11:21:33Z</time>
      </trkpt>
      <trkpt lat="22.194463" lon="113.323727">
        <ele>1.5</ele>
        <time>2024-05-26T11:21:34Z</time>
      </trkpt>
      <trkpt lat="22.194415" lon="113.323704">
        <ele>1.5</ele>
        <time>2024-05-26T11:21:35Z</time>
      </trkpt>
      <trkpt lat="22.194369" lon="113.323687">
        <ele>1.5</ele>
        <time>2024-05-26T11:21:36Z</time>
      </trkpt>
      <trkpt lat="22.194321" lon="113.323672">
        <ele>1.6</ele>
        <time>2024-05-26T11:21:37Z</time>
      </trkpt>
      <trkpt lat="22.194274" lon="113.323644">
        <ele>1.6</ele>
        <time>2024-05-26T11:21:38Z</time>
      </trkpt>
      <trkpt lat="22.194229" lon="113.323614">
        <ele>1.6</ele>
        <time>2024-05-26T11:21:39Z</time>
      </trkpt>
      <trkpt lat="22.194183" lon="113.323583">
        <ele>1.7</ele>
        <time>2024-05-26T11:21:40Z</time>
      </trkpt>
      <trkpt lat="22.194138" lon="113.323559">
        <ele>1.7</ele>
        <time>2024-05-26T11:21:41Z</time>
      </trkpt>
      <trkpt lat="22.19409" lon="113.323524">
        <ele>1.8</ele>
        <time>2024-05-26T11:21:42Z</time>
      </trkpt>
      <trkpt lat="22.194038" lon="113.323498">
        <ele>1.8</ele>
        <time>2024-05-26T11:21:43Z</time>
      </trkpt>
      <trkpt lat="22.193985" lon="113.323469">
        <ele>1.8</ele>
        <time>2024-05-26T11:21:44Z</time>
      </trkpt>
      <trkpt lat="22.193935" lon="113.323438">
        <ele>1.9</ele>
        <time>2024-05-26T11:21:45Z</time>
      </trkpt>
      <trkpt lat="22.193872" lon="113.323408">
        <ele>1.9</ele>
        <time>2024-05-26T11:21:46Z</time>
      </trkpt>
      <trkpt lat="22.193817" lon="113.323384">
        <ele>1.8</ele>
        <time>2024-05-26T11:21:47Z</time>
      </trkpt>
      <trkpt lat="22.193761" lon="113.323354">
        <ele>1.8</ele>
        <time>2024-05-26T11:21:48Z</time>
      </trkpt>
      <trkpt lat="22.193708" lon="113.323324">
        <ele>1.7</ele>
        <time>2024-05-26T11:21:49Z</time>
      </trkpt>
      <trkpt lat="22.193658" lon="113.323293">
        <ele>1.7</ele>
        <time>2024-05-26T11:21:50Z</time>
      </trkpt>
      <trkpt lat="22.193607" lon="113.323263">
        <ele>1.6</ele>
        <time>2024-05-26T11:21:51Z</time>
      </trkpt>
      <trkpt lat="22.19356" lon="113.323239">
        <ele>1.6</ele>
        <time>2024-05-26T11:21:52Z</time>
      </trkpt>
      <trkpt lat="22.19351" lon="113.323216">
        <ele>1.5</ele>
        <time>2024-05-26T11:21:53Z</time>
      </trkpt>
      <trkpt lat="22.193456" lon="113.323186">
        <ele>1.5</ele>
        <time>2024-05-26T11:21:54Z</time>
      </trkpt>
      <trkpt lat="22.193403" lon="113.323162">
        <ele>1.5</ele>
        <time>2024-05-26T11:21:55Z</time>
      </trkpt>
      <trkpt lat="22.193353" lon="113.32314">
        <ele>1.4</ele>
        <time>2024-05-26T11:21:56Z</time>
      </trkpt>
      <trkpt lat="22.193305" lon="113.32311">
        <ele>1.4</ele>
        <time>2024-05-26T11:21:57Z</time>
      </trkpt>
      <trkpt lat="22.193257" lon="113.32308">
        <ele>1.3</ele>
        <time>2024-05-26T11:21:58Z</time>
      </trkpt>
      <trkpt lat="22.193213" lon="113.32305">
        <ele>1.3</ele>
        <time>2024-05-26T11:21:59Z</time>
      </trkpt>
      <trkpt lat="22.19317" lon="113.323025">
        <ele>1.2</ele>
        <time>2024-05-26T11:22:00Z</time>
      </trkpt>
      <trkpt lat="22.193128" lon="113.323008">
        <ele>1.2</ele>
        <time>2024-05-26T11:22:01Z</time>
      </trkpt>
      <trkpt lat="22.193086" lon="113.322987">
        <ele>1.2</ele>
        <time>2024-05-26T11:22:02Z</time>
      </trkpt>
      <trkpt lat="22.193054" lon="113.322964">
        <ele>1.1</ele>
        <time>2024-05-26T11:22:03Z</time>
      </trkpt>
      <trkpt lat="22.193025" lon="113.322928">
        <ele>1.1</ele>
        <time>2024-05-26T11:22:04Z</time>
      </trkpt>
      <trkpt lat="22.193009" lon="113.322884">
        <ele>1.1</ele>
        <time>2024-05-26T11:22:05Z</time>
      </trkpt>
      <trkpt lat="22.193002" lon="113.322832">
        <ele>1</ele>
        <time>2024-05-26T11:22:06Z</time>
      </trkpt>
      <trkpt lat="22.193007" lon="113.322779">
        <ele>1</ele>
        <time>2024-05-26T11:22:07Z</time>
      </trkpt>
      <trkpt lat="22.193024" lon="113.322726">
        <ele>1</ele>
        <time>2024-05-26T11:22:08Z</time>
      </trkpt>
      <trkpt lat="22.193057" lon="113.322678">
        <ele>0.9</ele>
        <time>2024-05-26T11:22:09Z</time>
      </trkpt>
      <trkpt lat="22.193098" lon="113.322645">
        <ele>0.9</ele>
        <time>2024-05-26T11:22:10Z</time>
      </trkpt>
      <trkpt lat="22.193135" lon="113.322608">
        <ele>0.8</ele>
        <time>2024-05-26T11:22:11Z</time>
      </trkpt>
      <trkpt lat="22.193172" lon="113.32257">
        <ele>0.8</ele>
        <time>2024-05-26T11:22:12Z</time>
      </trkpt>
      <trkpt lat="22.193208" lon="113.322532">
        <ele>0.8</ele>
        <time>2024-05-26T11:22:13Z</time>
      </trkpt>
      <trkpt lat="22.193242" lon="113.322494">
        <ele>0.7</ele>
        <time>2024-05-26T11:22:14Z</time>
      </trkpt>
      <trkpt lat="22.193275" lon="113.322456">
        <ele>0.7</ele>
        <time>2024-05-26T11:22:15Z</time>
      </trkpt>
      <trkpt lat="22.193309" lon="113.322417">
        <ele>0.6</ele>
        <time>2024-05-26T11:22:16Z</time>
      </trkpt>
      <trkpt lat="22.193347" lon="113.322379">
        <ele>0.6</ele>
        <time>2024-05-26T11:22:17Z</time>
      </trkpt>
      <trkpt lat="22.193382" lon="113.322334">
        <ele>0.6</ele>
        <time>2024-05-26T11:22:18Z</time>
      </trkpt>
      <trkpt lat="22.193416" lon="113.322295">
        <ele>0.5</ele>
        <time>2024-05-26T11:22:19Z</time>
      </trkpt>
      <trkpt lat="22.19345" lon="113.322257">
        <ele>0.5</ele>
        <time>2024-05-26T11:22:20Z</time>
      </trkpt>
      <trkpt lat="22.19348" lon="113.322219">
        <ele>0.5</ele>
        <time>2024-05-26T11:22:21Z</time>
      </trkpt>
      <trkpt lat="22.193513" lon="113.322181">
        <ele>0.5</ele>
        <time>2024-05-26T11:22:22Z</time>
      </trkpt>
      <trkpt lat="22.193545" lon="113.322143">
        <ele>0.5</ele>
        <time>2024-05-26T11:22:23Z</time>
      </trkpt>
      <trkpt lat="22.193576" lon="113.322111">
        <ele>0.5</ele>
        <time>2024-05-26T11:22:24Z</time>
      </trkpt>
      <trkpt lat="22.193608" lon="113.322074">
        <ele>0.4</ele>
        <time>2024-05-26T11:22:25Z</time>
      </trkpt>
      <trkpt lat="22.193636" lon="113.322042">
        <ele>0.4</ele>
        <time>2024-05-26T11:22:26Z</time>
      </trkpt>
      <trkpt lat="22.193664" lon="113.322018">
        <ele>0.4</ele>
        <time>2024-05-26T11:22:27Z</time>
      </trkpt>
      <trkpt lat="22.193687" lon="113.322008">
        <ele>0.4</ele>
        <time>2024-05-26T11:22:28Z</time>
      </trkpt>
      <trkpt lat="22.193705" lon="113.321994">
        <ele>0.4</ele>
        <time>2024-05-26T11:22:29Z</time>
      </trkpt>
      <trkpt lat="22.193716" lon="113.321978">
        <ele>0.4</ele>
        <time>2024-05-26T11:22:30Z</time>
      </trkpt>
      <trkpt lat="22.193726" lon="113.321963">
        <ele>0.4</ele>
        <time>2024-05-26T11:22:31Z</time>
      </trkpt>
      <trkpt lat="22.193729" lon="113.321948">
        <ele>0.4</ele>
        <time>2024-05-26T11:22:32Z</time>
      </trkpt>
      <trkpt lat="22.193728" lon="113.321933">
        <ele>0.4</ele>
        <time>2024-05-26T11:22:33Z</time>
      </trkpt>
      <trkpt lat="22.193735" lon="113.321924">
        <ele>0.4</ele>
        <time>2024-05-26T11:22:34Z</time>
      </trkpt>
      <trkpt lat="22.193748" lon="113.32191">
        <ele>0.4</ele>
        <time>2024-05-26T11:22:35Z</time>
      </trkpt>
      <trkpt lat="22.193761" lon="113.321901">
        <ele>0.4</ele>
        <time>2024-05-26T11:22:36Z</time>
      </trkpt>
      <trkpt lat="22.193773" lon="113.321899">
        <ele>0.4</ele>
        <time>2024-05-26T11:22:37Z</time>
      </trkpt>
      <trkpt lat="22.193781" lon="113.321893">
        <ele>0.4</ele>
        <time>2024-05-26T11:22:38Z</time>
      </trkpt>
      <trkpt lat="22.193788" lon="113.321892">
        <ele>0.4</ele>
        <time>2024-05-26T11:22:39Z</time>
      </trkpt>
      <trkpt lat="22.193784" lon="113.321892">
        <ele>0.4</ele>
        <time>2024-05-26T11:22:40Z</time>
      </trkpt>
      <trkpt lat="22.193725" lon="113.321824">
        <ele>0.4</ele>
        <time>2024-05-26T11:22:51Z</time>
      </trkpt>
      <trkpt lat="22.193695" lon="113.321823">
        <ele>0.4</ele>
        <time>2024-05-26T11:22:52Z</time>
      </trkpt>
      <trkpt lat="22.193664" lon="113.321836">
        <ele>0.4</ele>
        <time>2024-05-26T11:22:53Z</time>
      </trkpt>
      <trkpt lat="22.193634" lon="113.321857">
        <ele>0.4</ele>
        <time>2024-05-26T11:22:54Z</time>
      </trkpt>
      <trkpt lat="22.193604" lon="113.32188">
        <ele>0.4</ele>
        <time>2024-05-26T11:22:55Z</time>
      </trkpt>
      <trkpt lat="22.193572" lon="113.321903">
        <ele>0.3</ele>
        <time>2024-05-26T11:22:56Z</time>
      </trkpt>
      <trkpt lat="22.193537" lon="113.321932">
        <ele>0.3</ele>
        <time>2024-05-26T11:22:57Z</time>
      </trkpt>
      <trkpt lat="22.193503" lon="113.321963">
        <ele>0.3</ele>
        <time>2024-05-26T11:22:58Z</time>
      </trkpt>
      <trkpt lat="22.19347" lon="113.321999">
        <ele>0.3</ele>
        <time>2024-05-26T11:22:59Z</time>
      </trkpt>
      <trkpt lat="22.193439" lon="113.322038">
        <ele>0.3</ele>
        <time>2024-05-26T11:23:00Z</time>
      </trkpt>
      <trkpt lat="22.193408" lon="113.322082">
        <ele>0.3</ele>
        <time>2024-05-26T11:23:01Z</time>
      </trkpt>
      <trkpt lat="22.193375" lon="113.322121">
        <ele>0.3</ele>
        <time>2024-05-26T11:23:02Z</time>
      </trkpt>
      <trkpt lat="22.193342" lon="113.32216">
        <ele>0.3</ele>
        <time>2024-05-26T11:23:03Z</time>
      </trkpt>
      <trkpt lat="22.19331" lon="113.322192">
        <ele>0.3</ele>
        <time>2024-05-26T11:23:04Z</time>
      </trkpt>
      <trkpt lat="22.193276" lon="113.322228">
        <ele>0.3</ele>
        <time>2024-05-26T11:23:05Z</time>
      </trkpt>
      <trkpt lat="22.19324" lon="113.322266">
        <ele>0.2</ele>
        <time>2024-05-26T11:23:06Z</time>
      </trkpt>
      <trkpt lat="22.193202" lon="113.322305">
        <ele>0.2</ele>
        <time>2024-05-26T11:23:07Z</time>
      </trkpt>
      <trkpt lat="22.193164" lon="113.322349">
        <ele>0.2</ele>
        <time>2024-05-26T11:23:08Z</time>
      </trkpt>
      <trkpt lat="22.193127" lon="113.322389">
        <ele>0.2</ele>
        <time>2024-05-26T11:23:09Z</time>
      </trkpt>
      <trkpt lat="22.193093" lon="113.322433">
        <ele>0.2</ele>
        <time>2024-05-26T11:23:10Z</time>
      </trkpt>
      <trkpt lat="22.193058" lon="113.322479">
        <ele>0.2</ele>
        <time>2024-05-26T11:23:11Z</time>
      </trkpt>
      <trkpt lat="22.193024" lon="113.322524">
        <ele>0.2</ele>
        <time>2024-05-26T11:23:12Z</time>
      </trkpt>
      <trkpt lat="22.192989" lon="113.322564">
        <ele>0.2</ele>
        <time>2024-05-26T11:23:13Z</time>
      </trkpt>
      <trkpt lat="22.192951" lon="113.322602">
        <ele>0.2</ele>
        <time>2024-05-26T11:23:14Z</time>
      </trkpt>
      <trkpt lat="22.192911" lon="113.32264">
        <ele>0.2</ele>
        <time>2024-05-26T11:23:15Z</time>
      </trkpt>
      <trkpt lat="22.192874" lon="113.322679">
        <ele>0.1</ele>
        <time>2024-05-26T11:23:16Z</time>
      </trkpt>
      <trkpt lat="22.192836" lon="113.322717">
        <ele>0.1</ele>
        <time>2024-05-26T11:23:17Z</time>
      </trkpt>
      <trkpt lat="22.192799" lon="113.322761">
        <ele>0.1</ele>
        <time>2024-05-26T11:23:18Z</time>
      </trkpt>
      <trkpt lat="22.192762" lon="113.3228">
        <ele>0.1</ele>
        <time>2024-05-26T11:23:19Z</time>
      </trkpt>
      <trkpt lat="22.192725" lon="113.322845">
        <ele>0.1</ele>
        <time>2024-05-26T11:23:20Z</time>
      </trkpt>
      <trkpt lat="22.192689" lon="113.322897">
        <ele>0.1</ele>
        <time>2024-05-26T11:23:21Z</time>
      </trkpt>
      <trkpt lat="22.192651" lon="113.322944">
        <ele>0.1</ele>
        <time>2024-05-26T11:23:22Z</time>
      </trkpt>
      <trkpt lat="22.192613" lon="113.322983">
        <ele>0.1</ele>
        <time>2024-05-26T11:23:23Z</time>
      </trkpt>
      <trkpt lat="22.192573" lon="113.323028">
        <ele>0.1</ele>
        <time>2024-05-26T11:23:24Z</time>
      </trkpt>
      <trkpt lat="22.192533" lon="113.323067">
        <ele>0.1</ele>
        <time>2024-05-26T11:23:25Z</time>
      </trkpt>
      <trkpt lat="22.192493" lon="113.323118">
        <ele>0.1</ele>
        <time>2024-05-26T11:23:26Z</time>
      </trkpt>
      <trkpt lat="22.19245" lon="113.323159">
        <ele>0.1</ele>
        <time>2024-05-26T11:23:27Z</time>
      </trkpt>
      <trkpt lat="22.192409" lon="113.323204">
        <ele>0.1</ele>
        <time>2024-05-26T11:23:28Z</time>
      </trkpt>
      <trkpt lat="22.19237" lon="113.32325">
        <ele>0.1</ele>
        <time>2024-05-26T11:23:29Z</time>
      </trkpt>
      <trkpt lat="22.19233" lon="113.323296">
        <ele>0.1</ele>
        <time>2024-05-26T11:23:30Z</time>
      </trkpt>
      <trkpt lat="22.192292" lon="113.323341">
        <ele>0.1</ele>
        <time>2024-05-26T11:23:31Z</time>
      </trkpt>
      <trkpt lat="22.192255" lon="113.323392">
        <ele>0.1</ele>
        <time>2024-05-26T11:23:32Z</time>
      </trkpt>
      <trkpt lat="22.192218" lon="113.323445">
        <ele>0.1</ele>
        <time>2024-05-26T11:23:33Z</time>
      </trkpt>
      <trkpt lat="22.192183" lon="113.3235">
        <ele>0.1</ele>
        <time>2024-05-26T11:23:34Z</time>
      </trkpt>
      <trkpt lat="22.19215" lon="113.323554">
        <ele>0.1</ele>
        <time>2024-05-26T11:23:35Z</time>
      </trkpt>
      <trkpt lat="22.192116" lon="113.323606">
        <ele>0.1</ele>
        <time>2024-05-26T11:23:36Z</time>
      </trkpt>
      <trkpt lat="22.192083" lon="113.32366">
        <ele>0.1</ele>
        <time>2024-05-26T11:23:37Z</time>
      </trkpt>
      <trkpt lat="22.192054" lon="113.323719">
        <ele>0.1</ele>
        <time>2024-05-26T11:23:38Z</time>
      </trkpt>
      <trkpt lat="22.192026" lon="113.323774">
        <ele>0</ele>
        <time>2024-05-26T11:23:39Z</time>
      </trkpt>
      <trkpt lat="22.192" lon="113.323828">
        <ele>0</ele>
        <time>2024-05-26T11:23:40Z</time>
      </trkpt>
      <trkpt lat="22.191973" lon="113.323888">
        <ele>0</ele>
        <time>2024-05-26T11:23:41Z</time>
      </trkpt>
      <trkpt lat="22.191947" lon="113.323943">
        <ele>0</ele>
        <time>2024-05-26T11:23:42Z</time>
      </trkpt>
      <trkpt lat="22.19192" lon="113.324002">
        <ele>0</ele>
        <time>2024-05-26T11:23:43Z</time>
      </trkpt>
      <trkpt lat="22.191896" lon="113.324063">
        <ele>0</ele>
        <time>2024-05-26T11:23:44Z</time>
      </trkpt>
      <trkpt lat="22.191875" lon="113.324118">
        <ele>0</ele>
        <time>2024-05-26T11:23:45Z</time>
      </trkpt>
      <trkpt lat="22.191858" lon="113.324178">
        <ele>0</ele>
        <time>2024-05-26T11:23:46Z</time>
      </trkpt>
      <trkpt lat="22.19184" lon="113.324239">
        <ele>0</ele>
        <time>2024-05-26T11:23:47Z</time>
      </trkpt>
      <trkpt lat="22.191823" lon="113.324294">
        <ele>0</ele>
        <time>2024-05-26T11:23:48Z</time>
      </trkpt>
      <trkpt lat="22.191803" lon="113.324347">
        <ele>0.1</ele>
        <time>2024-05-26T11:23:49Z</time>
      </trkpt>
      <trkpt lat="22.191779" lon="113.324406">
        <ele>0.1</ele>
        <time>2024-05-26T11:23:50Z</time>
      </trkpt>
      <trkpt lat="22.191756" lon="113.324467">
        <ele>0.2</ele>
        <time>2024-05-26T11:23:51Z</time>
      </trkpt>
      <trkpt lat="22.191731" lon="113.324528">
        <ele>0.2</ele>
        <time>2024-05-26T11:23:52Z</time>
      </trkpt>
      <trkpt lat="22.191699" lon="113.324589">
        <ele>0.3</ele>
        <time>2024-05-26T11:23:53Z</time>
      </trkpt>
      <trkpt lat="22.191667" lon="113.324644">
        <ele>0.3</ele>
        <time>2024-05-26T11:23:54Z</time>
      </trkpt>
      <trkpt lat="22.191632" lon="113.324698">
        <ele>0.4</ele>
        <time>2024-05-26T11:23:55Z</time>
      </trkpt>
      <trkpt lat="22.191598" lon="113.32475">
        <ele>0.4</ele>
        <time>2024-05-26T11:23:56Z</time>
      </trkpt>
      <trkpt lat="22.19156" lon="113.324804">
        <ele>0.5</ele>
        <time>2024-05-26T11:23:57Z</time>
      </trkpt>
      <trkpt lat="22.191522" lon="113.324858">
        <ele>0.5</ele>
        <time>2024-05-26T11:23:58Z</time>
      </trkpt>
      <trkpt lat="22.191482" lon="113.324912">
        <ele>0.6</ele>
        <time>2024-05-26T11:23:59Z</time>
      </trkpt>
      <trkpt lat="22.191441" lon="113.32497">
        <ele>0.6</ele>
        <time>2024-05-26T11:24:00Z</time>
      </trkpt>
      <trkpt lat="22.191398" lon="113.325026">
        <ele>0.7</ele>
        <time>2024-05-26T11:24:01Z</time>
      </trkpt>
      <trkpt lat="22.191355" lon="113.325079">
        <ele>0.7</ele>
        <time>2024-05-26T11:24:02Z</time>
      </trkpt>
      <trkpt lat="22.191311" lon="113.325132">
        <ele>0.8</ele>
        <time>2024-05-26T11:24:03Z</time>
      </trkpt>
      <trkpt lat="22.191268" lon="113.325193">
        <ele>0.9</ele>
        <time>2024-05-26T11:24:04Z</time>
      </trkpt>
      <trkpt lat="22.19123" lon="113.325241">
        <ele>0.9</ele>
        <time>2024-05-26T11:24:05Z</time>
      </trkpt>
      <trkpt lat="22.191191" lon="113.325287">
        <ele>0.9</ele>
        <time>2024-05-26T11:24:06Z</time>
      </trkpt>
      <trkpt lat="22.191152" lon="113.325326">
        <ele>1</ele>
        <time>2024-05-26T11:24:07Z</time>
      </trkpt>
      <trkpt lat="22.191115" lon="113.325358">
        <ele>1</ele>
        <time>2024-05-26T11:24:08Z</time>
      </trkpt>
      <trkpt lat="22.191081" lon="113.325401">
        <ele>1.1</ele>
        <time>2024-05-26T11:24:09Z</time>
      </trkpt>
      <trkpt lat="22.191045" lon="113.325453">
        <ele>1.1</ele>
        <time>2024-05-26T11:24:10Z</time>
      </trkpt>
      <trkpt lat="22.191007" lon="113.3255">
        <ele>1.2</ele>
        <time>2024-05-26T11:24:11Z</time>
      </trkpt>
      <trkpt lat="22.190965" lon="113.325546">
        <ele>1.2</ele>
        <time>2024-05-26T11:24:12Z</time>
      </trkpt>
      <trkpt lat="22.190925" lon="113.325598">
        <ele>1.3</ele>
        <time>2024-05-26T11:24:13Z</time>
      </trkpt>
      <trkpt lat="22.190885" lon="113.325638">
        <ele>1.3</ele>
        <time>2024-05-26T11:24:14Z</time>
      </trkpt>
      <trkpt lat="22.190845" lon="113.325683">
        <ele>1.4</ele>
        <time>2024-05-26T11:24:15Z</time>
      </trkpt>
      <trkpt lat="22.190806" lon="113.325729">
        <ele>1.4</ele>
        <time>2024-05-26T11:24:16Z</time>
      </trkpt>
      <trkpt lat="22.190764" lon="113.325781">
        <ele>1.5</ele>
        <time>2024-05-26T11:24:17Z</time>
      </trkpt>
      <trkpt lat="22.190717" lon="113.325841">
        <ele>1.4</ele>
        <time>2024-05-26T11:24:18Z</time>
      </trkpt>
      <trkpt lat="22.190667" lon="113.325902">
        <ele>1.3</ele>
        <time>2024-05-26T11:24:19Z</time>
      </trkpt>
      <trkpt lat="22.190625" lon="113.325957">
        <ele>1.2</ele>
        <time>2024-05-26T11:24:20Z</time>
      </trkpt>
      <trkpt lat="22.19059" lon="113.326003">
        <ele>1.2</ele>
        <time>2024-05-26T11:24:21Z</time>
      </trkpt>
      <trkpt lat="22.190563" lon="113.326043">
        <ele>1.1</ele>
        <time>2024-05-26T11:24:22Z</time>
      </trkpt>
      <trkpt lat="22.190536" lon="113.326081">
        <ele>1.1</ele>
        <time>2024-05-26T11:24:23Z</time>
      </trkpt>
      <trkpt lat="22.190507" lon="113.326126">
        <ele>1</ele>
        <time>2024-05-26T11:24:24Z</time>
      </trkpt>
      <trkpt lat="22.190476" lon="113.326177">
        <ele>0.9</ele>
        <time>2024-05-26T11:24:25Z</time>
      </trkpt>
      <trkpt lat="22.190443" lon="113.326212">
        <ele>0.9</ele>
        <time>2024-05-26T11:24:26Z</time>
      </trkpt>
      <trkpt lat="22.190415" lon="113.326249">
        <ele>0.8</ele>
        <time>2024-05-26T11:24:27Z</time>
      </trkpt>
      <trkpt lat="22.190389" lon="113.326294">
        <ele>0.8</ele>
        <time>2024-05-26T11:24:28Z</time>
      </trkpt>
      <trkpt lat="22.190356" lon="113.326345">
        <ele>0.7</ele>
        <time>2024-05-26T11:24:29Z</time>
      </trkpt>
      <trkpt lat="22.190314" lon="113.326393">
        <ele>0.6</ele>
        <time>2024-05-26T11:24:30Z</time>
      </trkpt>
      <trkpt lat="22.190274" lon="113.326438">
        <ele>0.6</ele>
        <time>2024-05-26T11:24:31Z</time>
      </trkpt>
      <trkpt lat="22.190234" lon="113.326478">
        <ele>0.5</ele>
        <time>2024-05-26T11:24:32Z</time>
      </trkpt>
      <trkpt lat="22.190198" lon="113.326522">
        <ele>0.4</ele>
        <time>2024-05-26T11:24:33Z</time>
      </trkpt>
      <trkpt lat="22.190161" lon="113.326562">
        <ele>0.4</ele>
        <time>2024-05-26T11:24:34Z</time>
      </trkpt>
      <trkpt lat="22.190128" lon="113.326606">
        <ele>0.3</ele>
        <time>2024-05-26T11:24:35Z</time>
      </trkpt>
      <trkpt lat="22.190091" lon="113.326646">
        <ele>0.3</ele>
        <time>2024-05-26T11:24:36Z</time>
      </trkpt>
      <trkpt lat="22.190053" lon="113.326691">
        <ele>0.2</ele>
        <time>2024-05-26T11:24:37Z</time>
      </trkpt>
      <trkpt lat="22.190015" lon="113.32673">
        <ele>0.1</ele>
        <time>2024-05-26T11:24:38Z</time>
      </trkpt>
      <trkpt lat="22.18998" lon="113.326768">
        <ele>0.1</ele>
        <time>2024-05-26T11:24:39Z</time>
      </trkpt>
      <trkpt lat="22.189946" lon="113.326806">
        <ele>0</ele>
        <time>2024-05-26T11:24:40Z</time>
      </trkpt>
      <trkpt lat="22.189907" lon="113.326832">
        <ele>0</ele>
        <time>2024-05-26T11:24:41Z</time>
      </trkpt>
      <trkpt lat="22.189861" lon="113.32686">
        <ele>-0.1</ele>
        <time>2024-05-26T11:24:42Z</time>
      </trkpt>
      <trkpt lat="22.189816" lon="113.326885">
        <ele>-0.2</ele>
        <time>2024-05-26T11:24:43Z</time>
      </trkpt>
      <trkpt lat="22.189764" lon="113.326902">
        <ele>-0.2</ele>
        <time>2024-05-26T11:24:44Z</time>
      </trkpt>
      <trkpt lat="22.189712" lon="113.326917">
        <ele>-0.3</ele>
        <time>2024-05-26T11:24:45Z</time>
      </trkpt>
      <trkpt lat="22.189658" lon="113.326932">
        <ele>-0.3</ele>
        <time>2024-05-26T11:24:46Z</time>
      </trkpt>
      <trkpt lat="22.1896" lon="113.326947">
        <ele>-0.4</ele>
        <time>2024-05-26T11:24:47Z</time>
      </trkpt>
      <trkpt lat="22.189549" lon="113.326956">
        <ele>-0.5</ele>
        <time>2024-05-26T11:24:48Z</time>
      </trkpt>
      <trkpt lat="22.189495" lon="113.32697">
        <ele>-0.5</ele>
        <time>2024-05-26T11:24:49Z</time>
      </trkpt>
      <trkpt lat="22.189443" lon="113.326986">
        <ele>-0.6</ele>
        <time>2024-05-26T11:24:50Z</time>
      </trkpt>
      <trkpt lat="22.189392" lon="113.327001">
        <ele>-0.6</ele>
        <time>2024-05-26T11:24:51Z</time>
      </trkpt>
      <trkpt lat="22.189343" lon="113.327016">
        <ele>-0.7</ele>
        <time>2024-05-26T11:24:52Z</time>
      </trkpt>
      <trkpt lat="22.189302" lon="113.327031">
        <ele>-0.7</ele>
        <time>2024-05-26T11:24:53Z</time>
      </trkpt>
      <trkpt lat="22.189268" lon="113.327053">
        <ele>-0.7</ele>
        <time>2024-05-26T11:24:54Z</time>
      </trkpt>
      <trkpt lat="22.189239" lon="113.327082">
        <ele>-0.7</ele>
        <time>2024-05-26T11:24:55Z</time>
      </trkpt>
      <trkpt lat="22.189209" lon="113.327112">
        <ele>-0.7</ele>
        <time>2024-05-26T11:24:56Z</time>
      </trkpt>
      <trkpt lat="22.189178" lon="113.327149">
        <ele>-0.7</ele>
        <time>2024-05-26T11:24:57Z</time>
      </trkpt>
      <trkpt lat="22.189143" lon="113.327194">
        <ele>-0.7</ele>
        <time>2024-05-26T11:24:58Z</time>
      </trkpt>
      <trkpt lat="22.189106" lon="113.327233">
        <ele>-0.7</ele>
        <time>2024-05-26T11:24:59Z</time>
      </trkpt>
      <trkpt lat="22.189069" lon="113.327277">
        <ele>-0.7</ele>
        <time>2024-05-26T11:25:00Z</time>
      </trkpt>
      <trkpt lat="22.189034" lon="113.327317">
        <ele>-0.8</ele>
        <time>2024-05-26T11:25:01Z</time>
      </trkpt>
      <trkpt lat="22.188998" lon="113.327362">
        <ele>-0.8</ele>
        <time>2024-05-26T11:25:02Z</time>
      </trkpt>
      <trkpt lat="22.188965" lon="113.327408">
        <ele>-0.8</ele>
        <time>2024-05-26T11:25:03Z</time>
      </trkpt>
      <trkpt lat="22.188929" lon="113.327447">
        <ele>-0.8</ele>
        <time>2024-05-26T11:25:04Z</time>
      </trkpt>
      <trkpt lat="22.188892" lon="113.327485">
        <ele>-0.8</ele>
        <time>2024-05-26T11:25:05Z</time>
      </trkpt>
      <trkpt lat="22.18885" lon="113.32753">
        <ele>-0.8</ele>
        <time>2024-05-26T11:25:06Z</time>
      </trkpt>
      <trkpt lat="22.188804" lon="113.327568">
        <ele>-0.8</ele>
        <time>2024-05-26T11:25:07Z</time>
      </trkpt>
      <trkpt lat="22.188764" lon="113.327613">
        <ele>-0.8</ele>
        <time>2024-05-26T11:25:08Z</time>
      </trkpt>
      <trkpt lat="22.188726" lon="113.327659">
        <ele>-0.9</ele>
        <time>2024-05-26T11:25:09Z</time>
      </trkpt>
      <trkpt lat="22.188689" lon="113.327705">
        <ele>-0.9</ele>
        <time>2024-05-26T11:25:10Z</time>
      </trkpt>
      <trkpt lat="22.188653" lon="113.327751">
        <ele>-0.9</ele>
        <time>2024-05-26T11:25:11Z</time>
      </trkpt>
      <trkpt lat="22.188613" lon="113.327803">
        <ele>-0.9</ele>
        <time>2024-05-26T11:25:12Z</time>
      </trkpt>
      <trkpt lat="22.188573" lon="113.327857">
        <ele>-0.9</ele>
        <time>2024-05-26T11:25:13Z</time>
      </trkpt>
      <trkpt lat="22.188531" lon="113.327904">
        <ele>-0.9</ele>
        <time>2024-05-26T11:25:14Z</time>
      </trkpt>
      <trkpt lat="22.188492" lon="113.327955">
        <ele>-0.9</ele>
        <time>2024-05-26T11:25:15Z</time>
      </trkpt>
      <trkpt lat="22.18845" lon="113.328002">
        <ele>-1</ele>
        <time>2024-05-26T11:25:16Z</time>
      </trkpt>
      <trkpt lat="22.188407" lon="113.328054">
        <ele>-1</ele>
        <time>2024-05-26T11:25:17Z</time>
      </trkpt>
      <trkpt lat="22.188361" lon="113.328108">
        <ele>-1</ele>
        <time>2024-05-26T11:25:18Z</time>
      </trkpt>
      <trkpt lat="22.188317" lon="113.328161">
        <ele>-1</ele>
        <time>2024-05-26T11:25:19Z</time>
      </trkpt>
      <trkpt lat="22.188274" lon="113.328215">
        <ele>-1</ele>
        <time>2024-05-26T11:25:20Z</time>
      </trkpt>
      <trkpt lat="22.188234" lon="113.328262">
        <ele>-1</ele>
        <time>2024-05-26T11:25:21Z</time>
      </trkpt>
      <trkpt lat="22.188197" lon="113.328307">
        <ele>-1.1</ele>
        <time>2024-05-26T11:25:22Z</time>
      </trkpt>
      <trkpt lat="22.188159" lon="113.328353">
        <ele>-1.1</ele>
        <time>2024-05-26T11:25:23Z</time>
      </trkpt>
      <trkpt lat="22.188122" lon="113.3284">
        <ele>-1.1</ele>
        <time>2024-05-26T11:25:24Z</time>
      </trkpt>
      <trkpt lat="22.188088" lon="113.328445">
        <ele>-1.1</ele>
        <time>2024-05-26T11:25:25Z</time>
      </trkpt>
      <trkpt lat="22.188049" lon="113.328491">
        <ele>-1.1</ele>
        <time>2024-05-26T11:25:26Z</time>
      </trkpt>
      <trkpt lat="22.188012" lon="113.328536">
        <ele>-1.1</ele>
        <time>2024-05-26T11:25:27Z</time>
      </trkpt>
      <trkpt lat="22.187974" lon="113.328582">
        <ele>-1.1</ele>
        <time>2024-05-26T11:25:28Z</time>
      </trkpt>
      <trkpt lat="22.187937" lon="113.328628">
        <ele>-1.1</ele>
        <time>2024-05-26T11:25:29Z</time>
      </trkpt>
      <trkpt lat="22.1879" lon="113.328674">
        <ele>-1.1</ele>
        <time>2024-05-26T11:25:30Z</time>
      </trkpt>
      <trkpt lat="22.187861" lon="113.32872">
        <ele>-1.1</ele>
        <time>2024-05-26T11:25:31Z</time>
      </trkpt>
      <trkpt lat="22.187826" lon="113.328766">
        <ele>-1.1</ele>
        <time>2024-05-26T11:25:32Z</time>
      </trkpt>
      <trkpt lat="22.187791" lon="113.328811">
        <ele>-1.1</ele>
        <time>2024-05-26T11:25:33Z</time>
      </trkpt>
      <trkpt lat="22.187753" lon="113.328851">
        <ele>-1.1</ele>
        <time>2024-05-26T11:25:34Z</time>
      </trkpt>
      <trkpt lat="22.187717" lon="113.328894">
        <ele>-1.1</ele>
        <time>2024-05-26T11:25:35Z</time>
      </trkpt>
      <trkpt lat="22.187675" lon="113.328941">
        <ele>-1.1</ele>
        <time>2024-05-26T11:25:36Z</time>
      </trkpt>
      <trkpt lat="22.187637" lon="113.328987">
        <ele>-1.1</ele>
        <time>2024-05-26T11:25:37Z</time>
      </trkpt>
      <trkpt lat="22.1876" lon="113.329032">
        <ele>-1.1</ele>
        <time>2024-05-26T11:25:38Z</time>
      </trkpt>
      <trkpt lat="22.187565" lon="113.329078">
        <ele>-1.2</ele>
        <time>2024-05-26T11:25:39Z</time>
      </trkpt>
      <trkpt lat="22.187531" lon="113.329124">
        <ele>-1.2</ele>
        <time>2024-05-26T11:25:40Z</time>
      </trkpt>
      <trkpt lat="22.187495" lon="113.329175">
        <ele>-1.2</ele>
        <time>2024-05-26T11:25:41Z</time>
      </trkpt>
      <trkpt lat="22.187459" lon="113.329223">
        <ele>-1.2</ele>
        <time>2024-05-26T11:25:42Z</time>
      </trkpt>
      <trkpt lat="22.187421" lon="113.329269">
        <ele>-1.2</ele>
        <time>2024-05-26T11:25:43Z</time>
      </trkpt>
      <trkpt lat="22.187381" lon="113.329309">
        <ele>-1.2</ele>
        <time>2024-05-26T11:25:44Z</time>
      </trkpt>
      <trkpt lat="22.187346" lon="113.329353">
        <ele>-1.2</ele>
        <time>2024-05-26T11:25:45Z</time>
      </trkpt>
      <trkpt lat="22.18731" lon="113.329405">
        <ele>-1.2</ele>
        <time>2024-05-26T11:25:46Z</time>
      </trkpt>
      <trkpt lat="22.187274" lon="113.329458">
        <ele>-1.2</ele>
        <time>2024-05-26T11:25:47Z</time>
      </trkpt>
      <trkpt lat="22.187234" lon="113.329506">
        <ele>-1.2</ele>
        <time>2024-05-26T11:25:48Z</time>
      </trkpt>
      <trkpt lat="22.187197" lon="113.329552">
        <ele>-1.2</ele>
        <time>2024-05-26T11:25:49Z</time>
      </trkpt>
      <trkpt lat="22.18716" lon="113.329597">
        <ele>-1.2</ele>
        <time>2024-05-26T11:25:50Z</time>
      </trkpt>
      <trkpt lat="22.187123" lon="113.329636">
        <ele>-1.2</ele>
        <time>2024-05-26T11:25:51Z</time>
      </trkpt>
      <trkpt lat="22.187085" lon="113.329681">
        <ele>-1.2</ele>
        <time>2024-05-26T11:25:52Z</time>
      </trkpt>
      <trkpt lat="22.187047" lon="113.329721">
        <ele>-1.2</ele>
        <time>2024-05-26T11:25:53Z</time>
      </trkpt>
      <trkpt lat="22.187006" lon="113.329764">
        <ele>-1.2</ele>
        <time>2024-05-26T11:25:54Z</time>
      </trkpt>
      <trkpt lat="22.186964" lon="113.329811">
        <ele>-1.2</ele>
        <time>2024-05-26T11:25:55Z</time>
      </trkpt>
      <trkpt lat="22.186923" lon="113.329857">
        <ele>-1.2</ele>
        <time>2024-05-26T11:25:56Z</time>
      </trkpt>
      <trkpt lat="22.186884" lon="113.329902">
        <ele>-1.2</ele>
        <time>2024-05-26T11:25:57Z</time>
      </trkpt>
      <trkpt lat="22.186845" lon="113.329954">
        <ele>-1.2</ele>
        <time>2024-05-26T11:25:58Z</time>
      </trkpt>
      <trkpt lat="22.186806" lon="113.330001">
        <ele>-1.2</ele>
        <time>2024-05-26T11:25:59Z</time>
      </trkpt>
      <trkpt lat="22.186767" lon="113.330047">
        <ele>-1.2</ele>
        <time>2024-05-26T11:26:00Z</time>
      </trkpt>
      <trkpt lat="22.186731" lon="113.330098">
        <ele>-1.2</ele>
        <time>2024-05-26T11:26:01Z</time>
      </trkpt>
      <trkpt lat="22.186694" lon="113.330146">
        <ele>-1.2</ele>
        <time>2024-05-26T11:26:02Z</time>
      </trkpt>
      <trkpt lat="22.186662" lon="113.330199">
        <ele>-1.2</ele>
        <time>2024-05-26T11:26:03Z</time>
      </trkpt>
      <trkpt lat="22.186629" lon="113.330245">
        <ele>-1.2</ele>
        <time>2024-05-26T11:26:04Z</time>
      </trkpt>
      <trkpt lat="22.186593" lon="113.330291">
        <ele>-1.2</ele>
        <time>2024-05-26T11:26:05Z</time>
      </trkpt>
      <trkpt lat="22.186551" lon="113.330337">
        <ele>-1.2</ele>
        <time>2024-05-26T11:26:06Z</time>
      </trkpt>
      <trkpt lat="22.186508" lon="113.330389">
        <ele>-1.2</ele>
        <time>2024-05-26T11:26:07Z</time>
      </trkpt>
      <trkpt lat="22.186469" lon="113.330436">
        <ele>-1.2</ele>
        <time>2024-05-26T11:26:08Z</time>
      </trkpt>
      <trkpt lat="22.186434" lon="113.330482">
        <ele>-1.2</ele>
        <time>2024-05-26T11:26:09Z</time>
      </trkpt>
      <trkpt lat="22.186401" lon="113.330528">
        <ele>-1.2</ele>
        <time>2024-05-26T11:26:10Z</time>
      </trkpt>
      <trkpt lat="22.186367" lon="113.330561">
        <ele>-1.2</ele>
        <time>2024-05-26T11:26:11Z</time>
      </trkpt>
      <trkpt lat="22.186335" lon="113.330598">
        <ele>-1.2</ele>
        <time>2024-05-26T11:26:12Z</time>
      </trkpt>
      <trkpt lat="22.186302" lon="113.330636">
        <ele>-1.2</ele>
        <time>2024-05-26T11:26:13Z</time>
      </trkpt>
      <trkpt lat="22.186271" lon="113.330674">
        <ele>-1.2</ele>
        <time>2024-05-26T11:26:14Z</time>
      </trkpt>
      <trkpt lat="22.186238" lon="113.330712">
        <ele>-1.2</ele>
        <time>2024-05-26T11:26:15Z</time>
      </trkpt>
      <trkpt lat="22.186206" lon="113.330755">
        <ele>-1.2</ele>
        <time>2024-05-26T11:26:16Z</time>
      </trkpt>
      <trkpt lat="22.186173" lon="113.330802">
        <ele>-1.2</ele>
        <time>2024-05-26T11:26:17Z</time>
      </trkpt>
      <trkpt lat="22.186139" lon="113.330848">
        <ele>-1.2</ele>
        <time>2024-05-26T11:26:18Z</time>
      </trkpt>
      <trkpt lat="22.186099" lon="113.330888">
        <ele>-1.2</ele>
        <time>2024-05-26T11:26:19Z</time>
      </trkpt>
      <trkpt lat="22.186059" lon="113.330926">
        <ele>-1.2</ele>
        <time>2024-05-26T11:26:20Z</time>
      </trkpt>
      <trkpt lat="22.186021" lon="113.330964">
        <ele>-1.2</ele>
        <time>2024-05-26T11:26:21Z</time>
      </trkpt>
      <trkpt lat="22.185984" lon="113.331002">
        <ele>-1.2</ele>
        <time>2024-05-26T11:26:22Z</time>
      </trkpt>
      <trkpt lat="22.18595" lon="113.331047">
        <ele>-1.2</ele>
        <time>2024-05-26T11:26:23Z</time>
      </trkpt>
      <trkpt lat="22.185914" lon="113.331086">
        <ele>-1.2</ele>
        <time>2024-05-26T11:26:24Z</time>
      </trkpt>
      <trkpt lat="22.185876" lon="113.331124">
        <ele>-1.2</ele>
        <time>2024-05-26T11:26:25Z</time>
      </trkpt>
      <trkpt lat="22.185838" lon="113.331168">
        <ele>-1.2</ele>
        <time>2024-05-26T11:26:26Z</time>
      </trkpt>
      <trkpt lat="22.185803" lon="113.331215">
        <ele>-1.2</ele>
        <time>2024-05-26T11:26:27Z</time>
      </trkpt>
      <trkpt lat="22.185767" lon="113.33126">
        <ele>-1.2</ele>
        <time>2024-05-26T11:26:28Z</time>
      </trkpt>
      <trkpt lat="22.185729" lon="113.331312">
        <ele>-1.2</ele>
        <time>2024-05-26T11:26:29Z</time>
      </trkpt>
      <trkpt lat="22.185694" lon="113.331359">
        <ele>-1.2</ele>
        <time>2024-05-26T11:26:30Z</time>
      </trkpt>
      <trkpt lat="22.185659" lon="113.331405">
        <ele>-1.2</ele>
        <time>2024-05-26T11:26:31Z</time>
      </trkpt>
      <trkpt lat="22.185621" lon="113.331451">
        <ele>-1.2</ele>
        <time>2024-05-26T11:26:32Z</time>
      </trkpt>
      <trkpt lat="22.18558" lon="113.331496">
        <ele>-1.1</ele>
        <time>2024-05-26T11:26:33Z</time>
      </trkpt>
      <trkpt lat="22.185537" lon="113.331543">
        <ele>-1.1</ele>
        <time>2024-05-26T11:26:34Z</time>
      </trkpt>
      <trkpt lat="22.185498" lon="113.331582">
        <ele>-1.1</ele>
        <time>2024-05-26T11:26:35Z</time>
      </trkpt>
      <trkpt lat="22.185461" lon="113.331626">
        <ele>-1.1</ele>
        <time>2024-05-26T11:26:36Z</time>
      </trkpt>
      <trkpt lat="22.185425" lon="113.331678">
        <ele>-1.1</ele>
        <time>2024-05-26T11:26:37Z</time>
      </trkpt>
      <trkpt lat="22.185388" lon="113.331732">
        <ele>-1.1</ele>
        <time>2024-05-26T11:26:38Z</time>
      </trkpt>
      <trkpt lat="22.185351" lon="113.331779">
        <ele>-1.1</ele>
        <time>2024-05-26T11:26:39Z</time>
      </trkpt>
      <trkpt lat="22.185313" lon="113.331825">
        <ele>-1.1</ele>
        <time>2024-05-26T11:26:40Z</time>
      </trkpt>
      <trkpt lat="22.185272" lon="113.33187">
        <ele>-1</ele>
        <time>2024-05-26T11:26:41Z</time>
      </trkpt>
      <trkpt lat="22.185231" lon="113.331923">
        <ele>-1</ele>
        <time>2024-05-26T11:26:42Z</time>
      </trkpt>
      <trkpt lat="22.185193" lon="113.331969">
        <ele>-1</ele>
        <time>2024-05-26T11:26:43Z</time>
      </trkpt>
      <trkpt lat="22.18516" lon="113.332016">
        <ele>-1</ele>
        <time>2024-05-26T11:26:44Z</time>
      </trkpt>
      <trkpt lat="22.185124" lon="113.332062">
        <ele>-1</ele>
        <time>2024-05-26T11:26:45Z</time>
      </trkpt>
      <trkpt lat="22.185088" lon="113.332101">
        <ele>-1</ele>
        <time>2024-05-26T11:26:46Z</time>
      </trkpt>
      <trkpt lat="22.18505" lon="113.332139">
        <ele>-1</ele>
        <time>2024-05-26T11:26:47Z</time>
      </trkpt>
      <trkpt lat="22.185014" lon="113.332183">
        <ele>-1</ele>
        <time>2024-05-26T11:26:48Z</time>
      </trkpt>
      <trkpt lat="22.184979" lon="113.332228">
        <ele>-1</ele>
        <time>2024-05-26T11:26:49Z</time>
      </trkpt>
      <trkpt lat="22.184943" lon="113.332275">
        <ele>-0.9</ele>
        <time>2024-05-26T11:26:50Z</time>
      </trkpt>
      <trkpt lat="22.184904" lon="113.33232">
        <ele>-0.9</ele>
        <time>2024-05-26T11:26:51Z</time>
      </trkpt>
      <trkpt lat="22.184861" lon="113.33236">
        <ele>-0.9</ele>
        <time>2024-05-26T11:26:52Z</time>
      </trkpt>
      <trkpt lat="22.184821" lon="113.332405">
        <ele>-0.9</ele>
        <time>2024-05-26T11:26:53Z</time>
      </trkpt>
      <trkpt lat="22.184783" lon="113.33245">
        <ele>-0.9</ele>
        <time>2024-05-26T11:26:54Z</time>
      </trkpt>
      <trkpt lat="22.184747" lon="113.332495">
        <ele>-0.9</ele>
        <time>2024-05-26T11:26:55Z</time>
      </trkpt>
      <trkpt lat="22.184709" lon="113.332541">
        <ele>-0.9</ele>
        <time>2024-05-26T11:26:56Z</time>
      </trkpt>
      <trkpt lat="22.184671" lon="113.332588">
        <ele>-0.9</ele>
        <time>2024-05-26T11:26:57Z</time>
      </trkpt>
      <trkpt lat="22.18463" lon="113.332628">
        <ele>-0.9</ele>
        <time>2024-05-26T11:26:58Z</time>
      </trkpt>
      <trkpt lat="22.184592" lon="113.332672">
        <ele>-0.8</ele>
        <time>2024-05-26T11:26:59Z</time>
      </trkpt>
      <trkpt lat="22.184553" lon="113.332718">
        <ele>-0.8</ele>
        <time>2024-05-26T11:27:00Z</time>
      </trkpt>
      <trkpt lat="22.184514" lon="113.332769">
        <ele>-0.8</ele>
        <time>2024-05-26T11:27:01Z</time>
      </trkpt>
      <trkpt lat="22.184476" lon="113.332817">
        <ele>-0.8</ele>
        <time>2024-05-26T11:27:02Z</time>
      </trkpt>
      <trkpt lat="22.184441" lon="113.332862">
        <ele>-0.9</ele>
        <time>2024-05-26T11:27:03Z</time>
      </trkpt>
      <trkpt lat="22.184405" lon="113.332902">
        <ele>-0.9</ele>
        <time>2024-05-26T11:27:04Z</time>
      </trkpt>
      <trkpt lat="22.184372" lon="113.332946">
        <ele>-0.9</ele>
        <time>2024-05-26T11:27:05Z</time>
      </trkpt>
      <trkpt lat="22.184332" lon="113.332991">
        <ele>-0.9</ele>
        <time>2024-05-26T11:27:06Z</time>
      </trkpt>
      <trkpt lat="22.18429" lon="113.333038">
        <ele>-0.9</ele>
        <time>2024-05-26T11:27:07Z</time>
      </trkpt>
      <trkpt lat="22.184251" lon="113.333084">
        <ele>-0.9</ele>
        <time>2024-05-26T11:27:08Z</time>
      </trkpt>
      <trkpt lat="22.184212" lon="113.333129">
        <ele>-0.9</ele>
        <time>2024-05-26T11:27:09Z</time>
      </trkpt>
      <trkpt lat="22.184177" lon="113.333175">
        <ele>-0.9</ele>
        <time>2024-05-26T11:27:10Z</time>
      </trkpt>
      <trkpt lat="22.18414" lon="113.333221">
        <ele>-0.9</ele>
        <time>2024-05-26T11:27:11Z</time>
      </trkpt>
      <trkpt lat="22.184102" lon="113.333261">
        <ele>-0.9</ele>
        <time>2024-05-26T11:27:12Z</time>
      </trkpt>
      <trkpt lat="22.184066" lon="113.333298">
        <ele>-0.9</ele>
        <time>2024-05-26T11:27:13Z</time>
      </trkpt>
      <trkpt lat="22.184029" lon="113.333343">
        <ele>-0.9</ele>
        <time>2024-05-26T11:27:14Z</time>
      </trkpt>
      <trkpt lat="22.183994" lon="113.333382">
        <ele>-0.9</ele>
        <time>2024-05-26T11:27:15Z</time>
      </trkpt>
      <trkpt lat="22.183957" lon="113.333427">
        <ele>-0.9</ele>
        <time>2024-05-26T11:27:16Z</time>
      </trkpt>
      <trkpt lat="22.183922" lon="113.333466">
        <ele>-0.9</ele>
        <time>2024-05-26T11:27:17Z</time>
      </trkpt>
      <trkpt lat="22.183891" lon="113.333505">
        <ele>-0.9</ele>
        <time>2024-05-26T11:27:18Z</time>
      </trkpt>
      <trkpt lat="22.18386" lon="113.333543">
        <ele>-0.9</ele>
        <time>2024-05-26T11:27:19Z</time>
      </trkpt>
      <trkpt lat="22.183833" lon="113.333581">
        <ele>-0.9</ele>
        <time>2024-05-26T11:27:20Z</time>
      </trkpt>
      <trkpt lat="22.183804" lon="113.333619">
        <ele>-0.9</ele>
        <time>2024-05-26T11:27:21Z</time>
      </trkpt>
      <trkpt lat="22.183772" lon="113.333663">
        <ele>-0.9</ele>
        <time>2024-05-26T11:27:22Z</time>
      </trkpt>
      <trkpt lat="22.183739" lon="113.333709">
        <ele>-0.9</ele>
        <time>2024-05-26T11:27:23Z</time>
      </trkpt>
      <trkpt lat="22.183705" lon="113.333749">
        <ele>-0.9</ele>
        <time>2024-05-26T11:27:24Z</time>
      </trkpt>
      <trkpt lat="22.183671" lon="113.333787">
        <ele>-0.9</ele>
        <time>2024-05-26T11:27:25Z</time>
      </trkpt>
      <trkpt lat="22.183635" lon="113.333831">
        <ele>-0.9</ele>
        <time>2024-05-26T11:27:26Z</time>
      </trkpt>
      <trkpt lat="22.1836" lon="113.333871">
        <ele>-0.9</ele>
        <time>2024-05-26T11:27:27Z</time>
      </trkpt>
      <trkpt lat="22.183567" lon="113.333915">
        <ele>-0.9</ele>
        <time>2024-05-26T11:27:28Z</time>
      </trkpt>
      <trkpt lat="22.183535" lon="113.333961">
        <ele>-0.9</ele>
        <time>2024-05-26T11:27:29Z</time>
      </trkpt>
      <trkpt lat="22.183499" lon="113.334013">
        <ele>-0.9</ele>
        <time>2024-05-26T11:27:30Z</time>
      </trkpt>
      <trkpt lat="22.183461" lon="113.334054">
        <ele>-0.9</ele>
        <time>2024-05-26T11:27:31Z</time>
      </trkpt>
      <trkpt lat="22.183423" lon="113.334092">
        <ele>-0.9</ele>
        <time>2024-05-26T11:27:32Z</time>
      </trkpt>
      <trkpt lat="22.18339" lon="113.334136">
        <ele>-0.9</ele>
        <time>2024-05-26T11:27:33Z</time>
      </trkpt>
      <trkpt lat="22.183353" lon="113.334182">
        <ele>-0.9</ele>
        <time>2024-05-26T11:27:34Z</time>
      </trkpt>
      <trkpt lat="22.183313" lon="113.334227">
        <ele>-0.9</ele>
        <time>2024-05-26T11:27:35Z</time>
      </trkpt>
      <trkpt lat="22.183279" lon="113.334274">
        <ele>-1</ele>
        <time>2024-05-26T11:27:36Z</time>
      </trkpt>
      <trkpt lat="22.183247" lon="113.334313">
        <ele>-1</ele>
        <time>2024-05-26T11:27:37Z</time>
      </trkpt>
      <trkpt lat="22.183213" lon="113.334351">
        <ele>-1</ele>
        <time>2024-05-26T11:27:38Z</time>
      </trkpt>
      <trkpt lat="22.183177" lon="113.334389">
        <ele>-1</ele>
        <time>2024-05-26T11:27:39Z</time>
      </trkpt>
      <trkpt lat="22.183136" lon="113.334434">
        <ele>-1</ele>
        <time>2024-05-26T11:27:40Z</time>
      </trkpt>
      <trkpt lat="22.183098" lon="113.33448">
        <ele>-1</ele>
        <time>2024-05-26T11:27:41Z</time>
      </trkpt>
      <trkpt lat="22.183059" lon="113.334525">
        <ele>-1.1</ele>
        <time>2024-05-26T11:27:42Z</time>
      </trkpt>
      <trkpt lat="22.183022" lon="113.334571">
        <ele>-1.1</ele>
        <time>2024-05-26T11:27:43Z</time>
      </trkpt>
      <trkpt lat="22.182986" lon="113.334617">
        <ele>-1.1</ele>
        <time>2024-05-26T11:27:44Z</time>
      </trkpt>
      <trkpt lat="22.182945" lon="113.334663">
        <ele>-1.1</ele>
        <time>2024-05-26T11:27:45Z</time>
      </trkpt>
      <trkpt lat="22.182906" lon="113.334709">
        <ele>-1.1</ele>
        <time>2024-05-26T11:27:46Z</time>
      </trkpt>
      <trkpt lat="22.18287" lon="113.334761">
        <ele>-1.2</ele>
        <time>2024-05-26T11:27:47Z</time>
      </trkpt>
      <trkpt lat="22.182832" lon="113.334802">
        <ele>-1.2</ele>
        <time>2024-05-26T11:27:48Z</time>
      </trkpt>
      <trkpt lat="22.182795" lon="113.334846">
        <ele>-1.2</ele>
        <time>2024-05-26T11:27:49Z</time>
      </trkpt>
      <trkpt lat="22.182762" lon="113.334891">
        <ele>-1.2</ele>
        <time>2024-05-26T11:27:50Z</time>
      </trkpt>
      <trkpt lat="22.18273" lon="113.334925">
        <ele>-1.2</ele>
        <time>2024-05-26T11:27:51Z</time>
      </trkpt>
      <trkpt lat="22.182699" lon="113.334968">
        <ele>-1.2</ele>
        <time>2024-05-26T11:27:52Z</time>
      </trkpt>
      <trkpt lat="22.182665" lon="113.335008">
        <ele>-1.2</ele>
        <time>2024-05-26T11:27:53Z</time>
      </trkpt>
      <trkpt lat="22.182629" lon="113.335052">
        <ele>-1.3</ele>
        <time>2024-05-26T11:27:54Z</time>
      </trkpt>
      <trkpt lat="22.182598" lon="113.335098">
        <ele>-1.3</ele>
        <time>2024-05-26T11:27:55Z</time>
      </trkpt>
      <trkpt lat="22.182567" lon="113.335144">
        <ele>-1.3</ele>
        <time>2024-05-26T11:27:56Z</time>
      </trkpt>
      <trkpt lat="22.182533" lon="113.33519">
        <ele>-1.3</ele>
        <time>2024-05-26T11:27:57Z</time>
      </trkpt>
      <trkpt lat="22.182499" lon="113.335229">
        <ele>-1.3</ele>
        <time>2024-05-26T11:27:58Z</time>
      </trkpt>
      <trkpt lat="22.182463" lon="113.335267">
        <ele>-1.3</ele>
        <time>2024-05-26T11:27:59Z</time>
      </trkpt>
      <trkpt lat="22.182429" lon="113.335311">
        <ele>-1.4</ele>
        <time>2024-05-26T11:28:00Z</time>
      </trkpt>
      <trkpt lat="22.182396" lon="113.335351">
        <ele>-1.4</ele>
        <time>2024-05-26T11:28:01Z</time>
      </trkpt>
      <trkpt lat="22.182362" lon="113.335395">
        <ele>-1.4</ele>
        <time>2024-05-26T11:28:02Z</time>
      </trkpt>
      <trkpt lat="22.182324" lon="113.335429">
        <ele>-1.4</ele>
        <time>2024-05-26T11:28:03Z</time>
      </trkpt>
      <trkpt lat="22.18229" lon="113.335459">
        <ele>-1.4</ele>
        <time>2024-05-26T11:28:04Z</time>
      </trkpt>
      <trkpt lat="22.182255" lon="113.335496">
        <ele>-1.4</ele>
        <time>2024-05-26T11:28:05Z</time>
      </trkpt>
      <trkpt lat="22.182218" lon="113.33554">
        <ele>-1.4</ele>
        <time>2024-05-26T11:28:06Z</time>
      </trkpt>
      <trkpt lat="22.182178" lon="113.33558">
        <ele>-1.5</ele>
        <time>2024-05-26T11:28:07Z</time>
      </trkpt>
      <trkpt lat="22.182135" lon="113.335618">
        <ele>-1.5</ele>
        <time>2024-05-26T11:28:08Z</time>
      </trkpt>
      <trkpt lat="22.182092" lon="113.335656">
        <ele>-1.5</ele>
        <time>2024-05-26T11:28:09Z</time>
      </trkpt>
      <trkpt lat="22.182052" lon="113.3357">
        <ele>-1.5</ele>
        <time>2024-05-26T11:28:10Z</time>
      </trkpt>
      <trkpt lat="22.182012" lon="113.33574">
        <ele>-1.5</ele>
        <time>2024-05-26T11:28:11Z</time>
      </trkpt>
      <trkpt lat="22.181971" lon="113.335778">
        <ele>-1.5</ele>
        <time>2024-05-26T11:28:12Z</time>
      </trkpt>
      <trkpt lat="22.181928" lon="113.33581">
        <ele>-1.5</ele>
        <time>2024-05-26T11:28:13Z</time>
      </trkpt>
      <trkpt lat="22.181888" lon="113.335847">
        <ele>-1.5</ele>
        <time>2024-05-26T11:28:14Z</time>
      </trkpt>
      <trkpt lat="22.181845" lon="113.335885">
        <ele>-1.5</ele>
        <time>2024-05-26T11:28:15Z</time>
      </trkpt>
      <trkpt lat="22.181804" lon="113.33593">
        <ele>-1.5</ele>
        <time>2024-05-26T11:28:16Z</time>
      </trkpt>
      <trkpt lat="22.181766" lon="113.335969">
        <ele>-1.5</ele>
        <time>2024-05-26T11:28:17Z</time>
      </trkpt>
      <trkpt lat="22.181731" lon="113.336001">
        <ele>-1.5</ele>
        <time>2024-05-26T11:28:18Z</time>
      </trkpt>
      <trkpt lat="22.181698" lon="113.336038">
        <ele>-1.5</ele>
        <time>2024-05-26T11:28:19Z</time>
      </trkpt>
      <trkpt lat="22.181666" lon="113.336069">
        <ele>-1.5</ele>
        <time>2024-05-26T11:28:20Z</time>
      </trkpt>
      <trkpt lat="22.181633" lon="113.3361">
        <ele>-1.5</ele>
        <time>2024-05-26T11:28:21Z</time>
      </trkpt>
      <trkpt lat="22.181595" lon="113.33613">
        <ele>-1.5</ele>
        <time>2024-05-26T11:28:22Z</time>
      </trkpt>
      <trkpt lat="22.181556" lon="113.336161">
        <ele>-1.5</ele>
        <time>2024-05-26T11:28:23Z</time>
      </trkpt>
      <trkpt lat="22.181516" lon="113.336191">
        <ele>-1.5</ele>
        <time>2024-05-26T11:28:24Z</time>
      </trkpt>
      <trkpt lat="22.181479" lon="113.336235">
        <ele>-1.6</ele>
        <time>2024-05-26T11:28:25Z</time>
      </trkpt>
      <trkpt lat="22.181444" lon="113.336268">
        <ele>-1.6</ele>
        <time>2024-05-26T11:28:26Z</time>
      </trkpt>
      <trkpt lat="22.18141" lon="113.336299">
        <ele>-1.6</ele>
        <time>2024-05-26T11:28:27Z</time>
      </trkpt>
      <trkpt lat="22.181372" lon="113.336335">
        <ele>-1.6</ele>
        <time>2024-05-26T11:28:28Z</time>
      </trkpt>
      <trkpt lat="22.181339" lon="113.336361">
        <ele>-1.6</ele>
        <time>2024-05-26T11:28:29Z</time>
      </trkpt>
      <trkpt lat="22.18131" lon="113.33639">
        <ele>-1.6</ele>
        <time>2024-05-26T11:28:30Z</time>
      </trkpt>
      <trkpt lat="22.181281" lon="113.336414">
        <ele>-1.6</ele>
        <time>2024-05-26T11:28:31Z</time>
      </trkpt>
      <trkpt lat="22.181259" lon="113.336424">
        <ele>-1.6</ele>
        <time>2024-05-26T11:28:32Z</time>
      </trkpt>
      <trkpt lat="22.181252" lon="113.336432">
        <ele>-1.6</ele>
        <time>2024-05-26T11:28:33Z</time>
      </trkpt>
      <trkpt lat="22.181276" lon="113.336432">
        <ele>-1.6</ele>
        <time>2024-05-26T11:28:35Z</time>
      </trkpt>
      <trkpt lat="22.181291" lon="113.336427">
        <ele>-1.6</ele>
        <time>2024-05-26T11:28:36Z</time>
      </trkpt>
      <trkpt lat="22.181303" lon="113.336413">
        <ele>-1.6</ele>
        <time>2024-05-26T11:28:37Z</time>
      </trkpt>
      <trkpt lat="22.181311" lon="113.336398">
        <ele>-1.6</ele>
        <time>2024-05-26T11:28:38Z</time>
      </trkpt>
      <trkpt lat="22.181322" lon="113.336376">
        <ele>-1.6</ele>
        <time>2024-05-26T11:28:39Z</time>
      </trkpt>
      <trkpt lat="22.181335" lon="113.336353">
        <ele>-1.6</ele>
        <time>2024-05-26T11:28:40Z</time>
      </trkpt>
      <trkpt lat="22.181355" lon="113.336337">
        <ele>-1.6</ele>
        <time>2024-05-26T11:28:41Z</time>
      </trkpt>
      <trkpt lat="22.18138" lon="113.336316">
        <ele>-1.6</ele>
        <time>2024-05-26T11:28:42Z</time>
      </trkpt>
      <trkpt lat="22.181408" lon="113.336299">
        <ele>-1.6</ele>
        <time>2024-05-26T11:28:43Z</time>
      </trkpt>
      <trkpt lat="22.18144" lon="113.336271">
        <ele>-1.6</ele>
        <time>2024-05-26T11:28:44Z</time>
      </trkpt>
      <trkpt lat="22.181472" lon="113.336247">
        <ele>-1.6</ele>
        <time>2024-05-26T11:28:45Z</time>
      </trkpt>
      <trkpt lat="22.181504" lon="113.336217">
        <ele>-1.6</ele>
        <time>2024-05-26T11:28:46Z</time>
      </trkpt>
      <trkpt lat="22.181535" lon="113.33618">
        <ele>-1.6</ele>
        <time>2024-05-26T11:28:47Z</time>
      </trkpt>
      <trkpt lat="22.18157" lon="113.336148">
        <ele>-1.6</ele>
        <time>2024-05-26T11:28:48Z</time>
      </trkpt>
      <trkpt lat="22.181611" lon="113.336118">
        <ele>-1.6</ele>
        <time>2024-05-26T11:28:49Z</time>
      </trkpt>
      <trkpt lat="22.181648" lon="113.336088">
        <ele>-1.6</ele>
        <time>2024-05-26T11:28:50Z</time>
      </trkpt>
      <trkpt lat="22.181684" lon="113.336057">
        <ele>-1.6</ele>
        <time>2024-05-26T11:28:51Z</time>
      </trkpt>
      <trkpt lat="22.18172" lon="113.33602">
        <ele>-1.6</ele>
        <time>2024-05-26T11:28:52Z</time>
      </trkpt>
      <trkpt lat="22.181756" lon="113.335989">
        <ele>-1.6</ele>
        <time>2024-05-26T11:28:53Z</time>
      </trkpt>
      <trkpt lat="22.181795" lon="113.335958">
        <ele>-1.6</ele>
        <time>2024-05-26T11:28:54Z</time>
      </trkpt>
      <trkpt lat="22.181837" lon="113.335922">
        <ele>-1.6</ele>
        <time>2024-05-26T11:28:55Z</time>
      </trkpt>
      <trkpt lat="22.181884" lon="113.335877">
        <ele>-1.6</ele>
        <time>2024-05-26T11:28:56Z</time>
      </trkpt>
      <trkpt lat="22.181929" lon="113.335837">
        <ele>-1.6</ele>
        <time>2024-05-26T11:28:57Z</time>
      </trkpt>
      <trkpt lat="22.181968" lon="113.335805">
        <ele>-1.6</ele>
        <time>2024-05-26T11:28:58Z</time>
      </trkpt>
      <trkpt lat="22.182004" lon="113.335769">
        <ele>-1.5</ele>
        <time>2024-05-26T11:28:59Z</time>
      </trkpt>
      <trkpt lat="22.182044" lon="113.335731">
        <ele>-1.5</ele>
        <time>2024-05-26T11:29:00Z</time>
      </trkpt>
      <trkpt lat="22.182082" lon="113.335693">
        <ele>-1.5</ele>
        <time>2024-05-26T11:29:01Z</time>
      </trkpt>
      <trkpt lat="22.182119" lon="113.335661">
        <ele>-1.5</ele>
        <time>2024-05-26T11:29:02Z</time>
      </trkpt>
      <trkpt lat="22.182158" lon="113.33563">
        <ele>-1.5</ele>
        <time>2024-05-26T11:29:03Z</time>
      </trkpt>
      <trkpt lat="22.182196" lon="113.3356">
        <ele>-1.5</ele>
        <time>2024-05-26T11:29:04Z</time>
      </trkpt>
      <trkpt lat="22.182233" lon="113.335563">
        <ele>-1.5</ele>
        <time>2024-05-26T11:29:05Z</time>
      </trkpt>
      <trkpt lat="22.182268" lon="113.335524">
        <ele>-1.5</ele>
        <time>2024-05-26T11:29:06Z</time>
      </trkpt>
      <trkpt lat="22.182304" lon="113.335486">
        <ele>-1.4</ele>
        <time>2024-05-26T11:29:07Z</time>
      </trkpt>
      <trkpt lat="22.18234" lon="113.335448">
        <ele>-1.4</ele>
        <time>2024-05-26T11:29:08Z</time>
      </trkpt>
      <trkpt lat="22.182379" lon="113.33541">
        <ele>-1.4</ele>
        <time>2024-05-26T11:29:09Z</time>
      </trkpt>
      <trkpt lat="22.182416" lon="113.335366">
        <ele>-1.4</ele>
        <time>2024-05-26T11:29:10Z</time>
      </trkpt>
      <trkpt lat="22.182453" lon="113.335326">
        <ele>-1.4</ele>
        <time>2024-05-26T11:29:11Z</time>
      </trkpt>
      <trkpt lat="22.182487" lon="113.335288">
        <ele>-1.4</ele>
        <time>2024-05-26T11:29:12Z</time>
      </trkpt>
      <trkpt lat="22.18252" lon="113.335244">
        <ele>-1.4</ele>
        <time>2024-05-26T11:29:13Z</time>
      </trkpt>
      <trkpt lat="22.182556" lon="113.335204">
        <ele>-1.4</ele>
        <time>2024-05-26T11:29:14Z</time>
      </trkpt>
      <trkpt lat="22.182592" lon="113.335166">
        <ele>-1.3</ele>
        <time>2024-05-26T11:29:15Z</time>
      </trkpt>
      <trkpt lat="22.182625" lon="113.335122">
        <ele>-1.3</ele>
        <time>2024-05-26T11:29:16Z</time>
      </trkpt>
      <trkpt lat="22.182657" lon="113.335076">
        <ele>-1.3</ele>
        <time>2024-05-26T11:29:17Z</time>
      </trkpt>
      <trkpt lat="22.182691" lon="113.335024">
        <ele>-1.3</ele>
        <time>2024-05-26T11:29:18Z</time>
      </trkpt>
      <trkpt lat="22.182725" lon="113.334971">
        <ele>-1.3</ele>
        <time>2024-05-26T11:29:19Z</time>
      </trkpt>
      <trkpt lat="22.182761" lon="113.334924">
        <ele>-1.3</ele>
        <time>2024-05-26T11:29:20Z</time>
      </trkpt>
      <trkpt lat="22.182801" lon="113.334877">
        <ele>-1.3</ele>
        <time>2024-05-26T11:29:21Z</time>
      </trkpt>
      <trkpt lat="22.182842" lon="113.334826">
        <ele>-1.3</ele>
        <time>2024-05-26T11:29:22Z</time>
      </trkpt>
      <trkpt lat="22.182881" lon="113.334785">
        <ele>-1.2</ele>
        <time>2024-05-26T11:29:23Z</time>
      </trkpt>
      <trkpt lat="22.182921" lon="113.33474">
        <ele>-1.2</ele>
        <time>2024-05-26T11:29:24Z</time>
      </trkpt>
      <trkpt lat="22.182954" lon="113.334695">
        <ele>-1.2</ele>
        <time>2024-05-26T11:29:25Z</time>
      </trkpt>
      <trkpt lat="22.182989" lon="113.334655">
        <ele>-1.2</ele>
        <time>2024-05-26T11:29:26Z</time>
      </trkpt>
      <trkpt lat="22.183023" lon="113.334617">
        <ele>-1.2</ele>
        <time>2024-05-26T11:29:27Z</time>
      </trkpt>
      <trkpt lat="22.183059" lon="113.334572">
        <ele>-1.2</ele>
        <time>2024-05-26T11:29:28Z</time>
      </trkpt>
      <trkpt lat="22.183092" lon="113.334527">
        <ele>-1.2</ele>
        <time>2024-05-26T11:29:29Z</time>
      </trkpt>
      <trkpt lat="22.183124" lon="113.334488">
        <ele>-1.2</ele>
        <time>2024-05-26T11:29:30Z</time>
      </trkpt>
      <trkpt lat="22.18316" lon="113.334443">
        <ele>-1.2</ele>
        <time>2024-05-26T11:29:31Z</time>
      </trkpt>
      <trkpt lat="22.183198" lon="113.334397">
        <ele>-1.1</ele>
        <time>2024-05-26T11:29:32Z</time>
      </trkpt>
      <trkpt lat="22.183236" lon="113.334357">
        <ele>-1.1</ele>
        <time>2024-05-26T11:29:33Z</time>
      </trkpt>
      <trkpt lat="22.183274" lon="113.334313">
        <ele>-1.1</ele>
        <time>2024-05-26T11:29:34Z</time>
      </trkpt>
      <trkpt lat="22.183311" lon="113.334274">
        <ele>-1.1</ele>
        <time>2024-05-26T11:29:35Z</time>
      </trkpt>
      <trkpt lat="22.183344" lon="113.334229">
        <ele>-1.1</ele>
        <time>2024-05-26T11:29:36Z</time>
      </trkpt>
      <trkpt lat="22.183376" lon="113.334177">
        <ele>-1.1</ele>
        <time>2024-05-26T11:29:37Z</time>
      </trkpt>
      <trkpt lat="22.183414" lon="113.334136">
        <ele>-1.1</ele>
        <time>2024-05-26T11:29:38Z</time>
      </trkpt>
      <trkpt lat="22.183447" lon="113.334092">
        <ele>-1.1</ele>
        <time>2024-05-26T11:29:39Z</time>
      </trkpt>
      <trkpt lat="22.183479" lon="113.334046">
        <ele>-1</ele>
        <time>2024-05-26T11:29:40Z</time>
      </trkpt>
      <trkpt lat="22.183515" lon="113.334013">
        <ele>-1</ele>
        <time>2024-05-26T11:29:41Z</time>
      </trkpt>
      <trkpt lat="22.183545" lon="113.333976">
        <ele>-1</ele>
        <time>2024-05-26T11:29:42Z</time>
      </trkpt>
      <trkpt lat="22.183575" lon="113.333931">
        <ele>-1</ele>
        <time>2024-05-26T11:29:43Z</time>
      </trkpt>
      <trkpt lat="22.183607" lon="113.333892">
        <ele>-1</ele>
        <time>2024-05-26T11:29:44Z</time>
      </trkpt>
      <trkpt lat="22.183638" lon="113.333854">
        <ele>-1</ele>
        <time>2024-05-26T11:29:45Z</time>
      </trkpt>
      <trkpt lat="22.183676" lon="113.333809">
        <ele>-1</ele>
        <time>2024-05-26T11:29:46Z</time>
      </trkpt>
      <trkpt lat="22.183713" lon="113.333757">
        <ele>-1</ele>
        <time>2024-05-26T11:29:47Z</time>
      </trkpt>
      <trkpt lat="22.183751" lon="113.33371">
        <ele>-1</ele>
        <time>2024-05-26T11:29:48Z</time>
      </trkpt>
      <trkpt lat="22.183791" lon="113.333671">
        <ele>-1</ele>
        <time>2024-05-26T11:29:49Z</time>
      </trkpt>
      <trkpt lat="22.183823" lon="113.333626">
        <ele>-0.9</ele>
        <time>2024-05-26T11:29:50Z</time>
      </trkpt>
      <trkpt lat="22.183857" lon="113.333586">
        <ele>-0.9</ele>
        <time>2024-05-26T11:29:51Z</time>
      </trkpt>
      <trkpt lat="22.183889" lon="113.333549">
        <ele>-0.9</ele>
        <time>2024-05-26T11:29:52Z</time>
      </trkpt>
      <trkpt lat="22.183925" lon="113.333504">
        <ele>-0.9</ele>
        <time>2024-05-26T11:29:53Z</time>
      </trkpt>
      <trkpt lat="22.183963" lon="113.333458">
        <ele>-0.9</ele>
        <time>2024-05-26T11:29:54Z</time>
      </trkpt>
      <trkpt lat="22.184001" lon="113.333413">
        <ele>-0.9</ele>
        <time>2024-05-26T11:29:55Z</time>
      </trkpt>
      <trkpt lat="22.184039" lon="113.333367">
        <ele>-0.9</ele>
        <time>2024-05-26T11:29:56Z</time>
      </trkpt>
      <trkpt lat="22.184074" lon="113.333321">
        <ele>-0.9</ele>
        <time>2024-05-26T11:29:57Z</time>
      </trkpt>
      <trkpt lat="22.184107" lon="113.333282">
        <ele>-0.9</ele>
        <time>2024-05-26T11:29:58Z</time>
      </trkpt>
      <trkpt lat="22.184142" lon="113.333238">
        <ele>-0.8</ele>
        <time>2024-05-26T11:29:59Z</time>
      </trkpt>
      <trkpt lat="22.184177" lon="113.333191">
        <ele>-0.8</ele>
        <time>2024-05-26T11:30:00Z</time>
      </trkpt>
      <trkpt lat="22.184218" lon="113.333152">
        <ele>-0.8</ele>
        <time>2024-05-26T11:30:01Z</time>
      </trkpt>
      <trkpt lat="22.184258" lon="113.333107">
        <ele>-0.9</ele>
        <time>2024-05-26T11:30:02Z</time>
      </trkpt>
      <trkpt lat="22.184296" lon="113.333068">
        <ele>-0.9</ele>
        <time>2024-05-26T11:30:03Z</time>
      </trkpt>
      <trkpt lat="22.18433" lon="113.333024">
        <ele>-0.9</ele>
        <time>2024-05-26T11:30:04Z</time>
      </trkpt>
      <trkpt lat="22.184363" lon="113.332984">
        <ele>-0.9</ele>
        <time>2024-05-26T11:30:05Z</time>
      </trkpt>
      <trkpt lat="22.184398" lon="113.332939">
        <ele>-0.9</ele>
        <time>2024-05-26T11:30:06Z</time>
      </trkpt>
      <trkpt lat="22.184431" lon="113.3329">
        <ele>-0.9</ele>
        <time>2024-05-26T11:30:07Z</time>
      </trkpt>
      <trkpt lat="22.184467" lon="113.332856">
        <ele>-0.9</ele>
        <time>2024-05-26T11:30:08Z</time>
      </trkpt>
      <trkpt lat="22.184503" lon="113.33281">
        <ele>-0.9</ele>
        <time>2024-05-26T11:30:09Z</time>
      </trkpt>
      <trkpt lat="22.184539" lon="113.332771">
        <ele>-0.9</ele>
        <time>2024-05-26T11:30:10Z</time>
      </trkpt>
      <trkpt lat="22.184574" lon="113.332726">
        <ele>-0.9</ele>
        <time>2024-05-26T11:30:11Z</time>
      </trkpt>
      <trkpt lat="22.184608" lon="113.332686">
        <ele>-0.9</ele>
        <time>2024-05-26T11:30:12Z</time>
      </trkpt>
      <trkpt lat="22.184641" lon="113.332642">
        <ele>-0.9</ele>
        <time>2024-05-26T11:30:13Z</time>
      </trkpt>
      <trkpt lat="22.184675" lon="113.332596">
        <ele>-0.9</ele>
        <time>2024-05-26T11:30:14Z</time>
      </trkpt>
      <trkpt lat="22.184711" lon="113.332557">
        <ele>-0.9</ele>
        <time>2024-05-26T11:30:15Z</time>
      </trkpt>
      <trkpt lat="22.184749" lon="113.332512">
        <ele>-0.9</ele>
        <time>2024-05-26T11:30:16Z</time>
      </trkpt>
      <trkpt lat="22.184785" lon="113.332461">
        <ele>-0.9</ele>
        <time>2024-05-26T11:30:17Z</time>
      </trkpt>
      <trkpt lat="22.184821" lon="113.33242">
        <ele>-0.9</ele>
        <time>2024-05-26T11:30:18Z</time>
      </trkpt>
      <trkpt lat="22.184859" lon="113.332375">
        <ele>-0.9</ele>
        <time>2024-05-26T11:30:19Z</time>
      </trkpt>
      <trkpt lat="22.184898" lon="113.332329">
        <ele>-0.9</ele>
        <time>2024-05-26T11:30:20Z</time>
      </trkpt>
      <trkpt lat="22.184937" lon="113.332271">
        <ele>-0.9</ele>
        <time>2024-05-26T11:30:21Z</time>
      </trkpt>
      <trkpt lat="22.184974" lon="113.332229">
        <ele>-0.9</ele>
        <time>2024-05-26T11:30:22Z</time>
      </trkpt>
      <trkpt lat="22.185008" lon="113.332185">
        <ele>-0.9</ele>
        <time>2024-05-26T11:30:23Z</time>
      </trkpt>
      <trkpt lat="22.185043" lon="113.332145">
        <ele>-0.9</ele>
        <time>2024-05-26T11:30:24Z</time>
      </trkpt>
      <trkpt lat="22.185079" lon="113.332113">
        <ele>-0.9</ele>
        <time>2024-05-26T11:30:25Z</time>
      </trkpt>
      <trkpt lat="22.185115" lon="113.332083">
        <ele>-0.9</ele>
        <time>2024-05-26T11:30:26Z</time>
      </trkpt>
      <trkpt lat="22.185147" lon="113.332046">
        <ele>-0.9</ele>
        <time>2024-05-26T11:30:27Z</time>
      </trkpt>
      <trkpt lat="22.185176" lon="113.332007">
        <ele>-0.9</ele>
        <time>2024-05-26T11:30:28Z</time>
      </trkpt>
      <trkpt lat="22.185207" lon="113.331963">
        <ele>-1</ele>
        <time>2024-05-26T11:30:29Z</time>
      </trkpt>
      <trkpt lat="22.185238" lon="113.331923">
        <ele>-1</ele>
        <time>2024-05-26T11:30:30Z</time>
      </trkpt>
      <trkpt lat="22.185275" lon="113.331879">
        <ele>-1</ele>
        <time>2024-05-26T11:30:31Z</time>
      </trkpt>
      <trkpt lat="22.185316" lon="113.331834">
        <ele>-1</ele>
        <time>2024-05-26T11:30:32Z</time>
      </trkpt>
      <trkpt lat="22.185353" lon="113.331794">
        <ele>-1</ele>
        <time>2024-05-26T11:30:33Z</time>
      </trkpt>
      <trkpt lat="22.185388" lon="113.331756">
        <ele>-1</ele>
        <time>2024-05-26T11:30:34Z</time>
      </trkpt>
      <trkpt lat="22.185421" lon="113.331718">
        <ele>-1</ele>
        <time>2024-05-26T11:30:35Z</time>
      </trkpt>
      <trkpt lat="22.185453" lon="113.33168">
        <ele>-1</ele>
        <time>2024-05-26T11:30:36Z</time>
      </trkpt>
      <trkpt lat="22.185486" lon="113.331635">
        <ele>-1</ele>
        <time>2024-05-26T11:30:37Z</time>
      </trkpt>
      <trkpt lat="22.18552" lon="113.331596">
        <ele>-1</ele>
        <time>2024-05-26T11:30:38Z</time>
      </trkpt>
      <trkpt lat="22.185554" lon="113.331551">
        <ele>-1</ele>
        <time>2024-05-26T11:30:39Z</time>
      </trkpt>
      <trkpt lat="22.185588" lon="113.331506">
        <ele>-1.1</ele>
        <time>2024-05-26T11:30:40Z</time>
      </trkpt>
      <trkpt lat="22.185621" lon="113.33146">
        <ele>-1.1</ele>
        <time>2024-05-26T11:30:41Z</time>
      </trkpt>
      <trkpt lat="22.18566" lon="113.331414">
        <ele>-1.1</ele>
        <time>2024-05-26T11:30:42Z</time>
      </trkpt>
      <trkpt lat="22.1857" lon="113.331375">
        <ele>-1.1</ele>
        <time>2024-05-26T11:30:43Z</time>
      </trkpt>
      <trkpt lat="22.185738" lon="113.331336">
        <ele>-1.1</ele>
        <time>2024-05-26T11:30:44Z</time>
      </trkpt>
      <trkpt lat="22.185777" lon="113.331292">
        <ele>-1.1</ele>
        <time>2024-05-26T11:30:45Z</time>
      </trkpt>
      <trkpt lat="22.185807" lon="113.331252">
        <ele>-1.1</ele>
        <time>2024-05-26T11:30:46Z</time>
      </trkpt>
      <trkpt lat="22.185844" lon="113.331207">
        <ele>-1.1</ele>
        <time>2024-05-26T11:30:47Z</time>
      </trkpt>
      <trkpt lat="22.185877" lon="113.331168">
        <ele>-1.1</ele>
        <time>2024-05-26T11:30:48Z</time>
      </trkpt>
      <trkpt lat="22.185913" lon="113.331131">
        <ele>-1.2</ele>
        <time>2024-05-26T11:30:49Z</time>
      </trkpt>
      <trkpt lat="22.185947" lon="113.331086">
        <ele>-1.2</ele>
        <time>2024-05-26T11:30:50Z</time>
      </trkpt>
      <trkpt lat="22.185983" lon="113.331034">
        <ele>-1.2</ele>
        <time>2024-05-26T11:30:51Z</time>
      </trkpt>
      <trkpt lat="22.186016" lon="113.330986">
        <ele>-1.2</ele>
        <time>2024-05-26T11:30:52Z</time>
      </trkpt>
      <trkpt lat="22.186048" lon="113.330947">
        <ele>-1.2</ele>
        <time>2024-05-26T11:30:53Z</time>
      </trkpt>
      <trkpt lat="22.186085" lon="113.330903">
        <ele>-1.2</ele>
        <time>2024-05-26T11:30:54Z</time>
      </trkpt>
      <trkpt lat="22.186128" lon="113.330863">
        <ele>-1.2</ele>
        <time>2024-05-26T11:30:55Z</time>
      </trkpt>
      <trkpt lat="22.186171" lon="113.330818">
        <ele>-1.3</ele>
        <time>2024-05-26T11:30:56Z</time>
      </trkpt>
      <trkpt lat="22.186205" lon="113.330779">
        <ele>-1.3</ele>
        <time>2024-05-26T11:30:57Z</time>
      </trkpt>
      <trkpt lat="22.186237" lon="113.330735">
        <ele>-1.3</ele>
        <time>2024-05-26T11:30:58Z</time>
      </trkpt>
      <trkpt lat="22.186269" lon="113.330702">
        <ele>-1.3</ele>
        <time>2024-05-26T11:30:59Z</time>
      </trkpt>
      <trkpt lat="22.186304" lon="113.330665">
        <ele>-1.3</ele>
        <time>2024-05-26T11:31:00Z</time>
      </trkpt>
      <trkpt lat="22.186338" lon="113.330633">
        <ele>-1.3</ele>
        <time>2024-05-26T11:31:01Z</time>
      </trkpt>
      <trkpt lat="22.186366" lon="113.330596">
        <ele>-1.3</ele>
        <time>2024-05-26T11:31:02Z</time>
      </trkpt>
      <trkpt lat="22.186393" lon="113.330558">
        <ele>-1.3</ele>
        <time>2024-05-26T11:31:03Z</time>
      </trkpt>
      <trkpt lat="22.186424" lon="113.330514">
        <ele>-1.3</ele>
        <time>2024-05-26T11:31:04Z</time>
      </trkpt>
      <trkpt lat="22.186458" lon="113.330468">
        <ele>-1.4</ele>
        <time>2024-05-26T11:31:05Z</time>
      </trkpt>
      <trkpt lat="22.186495" lon="113.330423">
        <ele>-1.4</ele>
        <time>2024-05-26T11:31:06Z</time>
      </trkpt>
      <trkpt lat="22.186536" lon="113.330377">
        <ele>-1.4</ele>
        <time>2024-05-26T11:31:07Z</time>
      </trkpt>
      <trkpt lat="22.186579" lon="113.33033">
        <ele>-1.4</ele>
        <time>2024-05-26T11:31:08Z</time>
      </trkpt>
      <trkpt lat="22.186618" lon="113.330285">
        <ele>-1.4</ele>
        <time>2024-05-26T11:31:09Z</time>
      </trkpt>
      <trkpt lat="22.186659" lon="113.330233">
        <ele>-1.4</ele>
        <time>2024-05-26T11:31:10Z</time>
      </trkpt>
      <trkpt lat="22.186695" lon="113.330186">
        <ele>-1.4</ele>
        <time>2024-05-26T11:31:11Z</time>
      </trkpt>
      <trkpt lat="22.186734" lon="113.33014">
        <ele>-1.4</ele>
        <time>2024-05-26T11:31:12Z</time>
      </trkpt>
      <trkpt lat="22.186771" lon="113.330095">
        <ele>-1.4</ele>
        <time>2024-05-26T11:31:13Z</time>
      </trkpt>
      <trkpt lat="22.186812" lon="113.330042">
        <ele>-1.4</ele>
        <time>2024-05-26T11:31:14Z</time>
      </trkpt>
      <trkpt lat="22.186853" lon="113.329989">
        <ele>-1.4</ele>
        <time>2024-05-26T11:31:15Z</time>
      </trkpt>
      <trkpt lat="22.186892" lon="113.329942">
        <ele>-1.3</ele>
        <time>2024-05-26T11:31:16Z</time>
      </trkpt>
      <trkpt lat="22.186932" lon="113.329889">
        <ele>-1.3</ele>
        <time>2024-05-26T11:31:17Z</time>
      </trkpt>
      <trkpt lat="22.186972" lon="113.329842">
        <ele>-1.3</ele>
        <time>2024-05-26T11:31:18Z</time>
      </trkpt>
      <trkpt lat="22.187012" lon="113.329797">
        <ele>-1.3</ele>
        <time>2024-05-26T11:31:19Z</time>
      </trkpt>
      <trkpt lat="22.187048" lon="113.32975">
        <ele>-1.3</ele>
        <time>2024-05-26T11:31:20Z</time>
      </trkpt>
      <trkpt lat="22.187082" lon="113.329711">
        <ele>-1.3</ele>
        <time>2024-05-26T11:31:21Z</time>
      </trkpt>
      <trkpt lat="22.187115" lon="113.329666">
        <ele>-1.3</ele>
        <time>2024-05-26T11:31:22Z</time>
      </trkpt>
      <trkpt lat="22.187155" lon="113.329621">
        <ele>-1.3</ele>
        <time>2024-05-26T11:31:23Z</time>
      </trkpt>
      <trkpt lat="22.187195" lon="113.329582">
        <ele>-1.3</ele>
        <time>2024-05-26T11:31:24Z</time>
      </trkpt>
      <trkpt lat="22.187231" lon="113.329543">
        <ele>-1.3</ele>
        <time>2024-05-26T11:31:25Z</time>
      </trkpt>
      <trkpt lat="22.187268" lon="113.329493">
        <ele>-1.3</ele>
        <time>2024-05-26T11:31:26Z</time>
      </trkpt>
      <trkpt lat="22.187301" lon="113.329446">
        <ele>-1.3</ele>
        <time>2024-05-26T11:31:27Z</time>
      </trkpt>
      <trkpt lat="22.187337" lon="113.329394">
        <ele>-1.3</ele>
        <time>2024-05-26T11:31:28Z</time>
      </trkpt>
      <trkpt lat="22.187375" lon="113.329346">
        <ele>-1.3</ele>
        <time>2024-05-26T11:31:29Z</time>
      </trkpt>
      <trkpt lat="22.187413" lon="113.329294">
        <ele>-1.3</ele>
        <time>2024-05-26T11:31:30Z</time>
      </trkpt>
      <trkpt lat="22.187453" lon="113.329247">
        <ele>-1.3</ele>
        <time>2024-05-26T11:31:31Z</time>
      </trkpt>
      <trkpt lat="22.187493" lon="113.329201">
        <ele>-1.3</ele>
        <time>2024-05-26T11:31:32Z</time>
      </trkpt>
      <trkpt lat="22.18753" lon="113.329156">
        <ele>-1.3</ele>
        <time>2024-05-26T11:31:33Z</time>
      </trkpt>
      <trkpt lat="22.187571" lon="113.32911">
        <ele>-1.3</ele>
        <time>2024-05-26T11:31:34Z</time>
      </trkpt>
      <trkpt lat="22.187608" lon="113.32907">
        <ele>-1.3</ele>
        <time>2024-05-26T11:31:35Z</time>
      </trkpt>
      <trkpt lat="22.187649" lon="113.329026">
        <ele>-1.3</ele>
        <time>2024-05-26T11:31:36Z</time>
      </trkpt>
      <trkpt lat="22.187688" lon="113.32898">
        <ele>-1.3</ele>
        <time>2024-05-26T11:31:37Z</time>
      </trkpt>
      <trkpt lat="22.187724" lon="113.328941">
        <ele>-1.3</ele>
        <time>2024-05-26T11:31:38Z</time>
      </trkpt>
      <trkpt lat="22.187762" lon="113.32889">
        <ele>-1.2</ele>
        <time>2024-05-26T11:31:39Z</time>
      </trkpt>
      <trkpt lat="22.187797" lon="113.328843">
        <ele>-1.2</ele>
        <time>2024-05-26T11:31:40Z</time>
      </trkpt>
      <trkpt lat="22.187836" lon="113.328791">
        <ele>-1.2</ele>
        <time>2024-05-26T11:31:41Z</time>
      </trkpt>
      <trkpt lat="22.187872" lon="113.32875">
        <ele>-1.2</ele>
        <time>2024-05-26T11:31:42Z</time>
      </trkpt>
      <trkpt lat="22.187907" lon="113.328705">
        <ele>-1.2</ele>
        <time>2024-05-26T11:31:43Z</time>
      </trkpt>
      <trkpt lat="22.187939" lon="113.328666">
        <ele>-1.2</ele>
        <time>2024-05-26T11:31:44Z</time>
      </trkpt>
      <trkpt lat="22.187974" lon="113.328621">
        <ele>-1.2</ele>
        <time>2024-05-26T11:31:45Z</time>
      </trkpt>
      <trkpt lat="22.188011" lon="113.328582">
        <ele>-1.1</ele>
        <time>2024-05-26T11:31:46Z</time>
      </trkpt>
      <trkpt lat="22.188047" lon="113.328537">
        <ele>-1.1</ele>
        <time>2024-05-26T11:31:47Z</time>
      </trkpt>
      <trkpt lat="22.188081" lon="113.328492">
        <ele>-1.1</ele>
        <time>2024-05-26T11:31:48Z</time>
      </trkpt>
      <trkpt lat="22.188117" lon="113.328446">
        <ele>-1.1</ele>
        <time>2024-05-26T11:31:49Z</time>
      </trkpt>
      <trkpt lat="22.18815" lon="113.328401">
        <ele>-1.1</ele>
        <time>2024-05-26T11:31:50Z</time>
      </trkpt>
      <trkpt lat="22.188182" lon="113.328361">
        <ele>-1.1</ele>
        <time>2024-05-26T11:31:51Z</time>
      </trkpt>
      <trkpt lat="22.188213" lon="113.328323">
        <ele>-1.1</ele>
        <time>2024-05-26T11:31:52Z</time>
      </trkpt>
      <trkpt lat="22.188244" lon="113.328285">
        <ele>-1.1</ele>
        <time>2024-05-26T11:31:53Z</time>
      </trkpt>
      <trkpt lat="22.188281" lon="113.328246">
        <ele>-1</ele>
        <time>2024-05-26T11:31:54Z</time>
      </trkpt>
      <trkpt lat="22.188319" lon="113.328208">
        <ele>-1</ele>
        <time>2024-05-26T11:31:55Z</time>
      </trkpt>
      <trkpt lat="22.188352" lon="113.328164">
        <ele>-1</ele>
        <time>2024-05-26T11:31:56Z</time>
      </trkpt>
      <trkpt lat="22.188386" lon="113.328118">
        <ele>-1</ele>
        <time>2024-05-26T11:31:57Z</time>
      </trkpt>
      <trkpt lat="22.188419" lon="113.328072">
        <ele>-1</ele>
        <time>2024-05-26T11:31:58Z</time>
      </trkpt>
      <trkpt lat="22.188452" lon="113.328033">
        <ele>-1</ele>
        <time>2024-05-26T11:31:59Z</time>
      </trkpt>
      <trkpt lat="22.188486" lon="113.327994">
        <ele>-1</ele>
        <time>2024-05-26T11:32:00Z</time>
      </trkpt>
      <trkpt lat="22.188523" lon="113.32795">
        <ele>-1</ele>
        <time>2024-05-26T11:32:01Z</time>
      </trkpt>
      <trkpt lat="22.18856" lon="113.327904">
        <ele>-0.9</ele>
        <time>2024-05-26T11:32:02Z</time>
      </trkpt>
      <trkpt lat="22.188597" lon="113.327865">
        <ele>-0.9</ele>
        <time>2024-05-26T11:32:03Z</time>
      </trkpt>
      <trkpt lat="22.188637" lon="113.32782">
        <ele>-0.9</ele>
        <time>2024-05-26T11:32:04Z</time>
      </trkpt>
      <trkpt lat="22.188672" lon="113.327775">
        <ele>-0.9</ele>
        <time>2024-05-26T11:32:05Z</time>
      </trkpt>
      <trkpt lat="22.188708" lon="113.327735">
        <ele>-0.9</ele>
        <time>2024-05-26T11:32:06Z</time>
      </trkpt>
      <trkpt lat="22.188742" lon="113.32769">
        <ele>-0.9</ele>
        <time>2024-05-26T11:32:07Z</time>
      </trkpt>
      <trkpt lat="22.188774" lon="113.327651">
        <ele>-0.9</ele>
        <time>2024-05-26T11:32:08Z</time>
      </trkpt>
      <trkpt lat="22.188808" lon="113.327614">
        <ele>-0.8</ele>
        <time>2024-05-26T11:32:09Z</time>
      </trkpt>
      <trkpt lat="22.188838" lon="113.327575">
        <ele>-0.8</ele>
        <time>2024-05-26T11:32:10Z</time>
      </trkpt>
      <trkpt lat="22.18887" lon="113.327536">
        <ele>-0.8</ele>
        <time>2024-05-26T11:32:11Z</time>
      </trkpt>
      <trkpt lat="22.188902" lon="113.327499">
        <ele>-0.8</ele>
        <time>2024-05-26T11:32:12Z</time>
      </trkpt>
      <trkpt lat="22.188929" lon="113.327454">
        <ele>-0.8</ele>
        <time>2024-05-26T11:32:13Z</time>
      </trkpt>
      <trkpt lat="22.188956" lon="113.327415">
        <ele>-0.8</ele>
        <time>2024-05-26T11:32:14Z</time>
      </trkpt>
      <trkpt lat="22.188984" lon="113.327371">
        <ele>-0.7</ele>
        <time>2024-05-26T11:32:15Z</time>
      </trkpt>
      <trkpt lat="22.189016" lon="113.327331">
        <ele>-0.7</ele>
        <time>2024-05-26T11:32:16Z</time>
      </trkpt>
      <trkpt lat="22.189049" lon="113.327293">
        <ele>-0.6</ele>
        <time>2024-05-26T11:32:17Z</time>
      </trkpt>
      <trkpt lat="22.189084" lon="113.327254">
        <ele>-0.6</ele>
        <time>2024-05-26T11:32:18Z</time>
      </trkpt>
      <trkpt lat="22.189119" lon="113.32721">
        <ele>-0.5</ele>
        <time>2024-05-26T11:32:19Z</time>
      </trkpt>
      <trkpt lat="22.189158" lon="113.327171">
        <ele>-0.5</ele>
        <time>2024-05-26T11:32:20Z</time>
      </trkpt>
      <trkpt lat="22.189201" lon="113.327139">
        <ele>-0.4</ele>
        <time>2024-05-26T11:32:21Z</time>
      </trkpt>
      <trkpt lat="22.189243" lon="113.327108">
        <ele>-0.4</ele>
        <time>2024-05-26T11:32:22Z</time>
      </trkpt>
      <trkpt lat="22.189287" lon="113.327084">
        <ele>-0.3</ele>
        <time>2024-05-26T11:32:23Z</time>
      </trkpt>
      <trkpt lat="22.189334" lon="113.327061">
        <ele>-0.3</ele>
        <time>2024-05-26T11:32:24Z</time>
      </trkpt>
      <trkpt lat="22.189385" lon="113.327038">
        <ele>-0.2</ele>
        <time>2024-05-26T11:32:25Z</time>
      </trkpt>
      <trkpt lat="22.189433" lon="113.327015">
        <ele>-0.2</ele>
        <time>2024-05-26T11:32:26Z</time>
      </trkpt>
      <trkpt lat="22.189485" lon="113.326992">
        <ele>-0.1</ele>
        <time>2024-05-26T11:32:27Z</time>
      </trkpt>
      <trkpt lat="22.189543" lon="113.326976">
        <ele>-0.1</ele>
        <time>2024-05-26T11:32:28Z</time>
      </trkpt>
      <trkpt lat="22.1896" lon="113.32696">
        <ele>0</ele>
        <time>2024-05-26T11:32:29Z</time>
      </trkpt>
      <trkpt lat="22.189655" lon="113.326945">
        <ele>0</ele>
        <time>2024-05-26T11:32:30Z</time>
      </trkpt>
      <trkpt lat="22.189708" lon="113.326924">
        <ele>0.1</ele>
        <time>2024-05-26T11:32:31Z</time>
      </trkpt>
      <trkpt lat="22.189762" lon="113.326907">
        <ele>0.1</ele>
        <time>2024-05-26T11:32:32Z</time>
      </trkpt>
      <trkpt lat="22.189815" lon="113.326892">
        <ele>0.2</ele>
        <time>2024-05-26T11:32:33Z</time>
      </trkpt>
      <trkpt lat="22.189862" lon="113.32687">
        <ele>0.2</ele>
        <time>2024-05-26T11:32:34Z</time>
      </trkpt>
      <trkpt lat="22.189908" lon="113.326847">
        <ele>0.3</ele>
        <time>2024-05-26T11:32:35Z</time>
      </trkpt>
      <trkpt lat="22.189952" lon="113.326818">
        <ele>0.3</ele>
        <time>2024-05-26T11:32:36Z</time>
      </trkpt>
      <trkpt lat="22.18999" lon="113.326788">
        <ele>0.4</ele>
        <time>2024-05-26T11:32:37Z</time>
      </trkpt>
      <trkpt lat="22.190028" lon="113.326751">
        <ele>0.4</ele>
        <time>2024-05-26T11:32:38Z</time>
      </trkpt>
      <trkpt lat="22.190062" lon="113.326713">
        <ele>0.5</ele>
        <time>2024-05-26T11:32:39Z</time>
      </trkpt>
      <trkpt lat="22.190096" lon="113.326674">
        <ele>0.5</ele>
        <time>2024-05-26T11:32:40Z</time>
      </trkpt>
      <trkpt lat="22.19013" lon="113.32663">
        <ele>0.6</ele>
        <time>2024-05-26T11:32:41Z</time>
      </trkpt>
      <trkpt lat="22.190169" lon="113.326584">
        <ele>0.6</ele>
        <time>2024-05-26T11:32:42Z</time>
      </trkpt>
      <trkpt lat="22.190206" lon="113.326539">
        <ele>0.7</ele>
        <time>2024-05-26T11:32:43Z</time>
      </trkpt>
      <trkpt lat="22.190242" lon="113.326487">
        <ele>0.7</ele>
        <time>2024-05-26T11:32:44Z</time>
      </trkpt>
      <trkpt lat="22.190278" lon="113.32644">
        <ele>0.8</ele>
        <time>2024-05-26T11:32:45Z</time>
      </trkpt>
      <trkpt lat="22.190314" lon="113.326395">
        <ele>0.8</ele>
        <time>2024-05-26T11:32:46Z</time>
      </trkpt>
      <trkpt lat="22.190349" lon="113.326349">
        <ele>0.9</ele>
        <time>2024-05-26T11:32:47Z</time>
      </trkpt>
      <trkpt lat="22.190386" lon="113.326302">
        <ele>0.9</ele>
        <time>2024-05-26T11:32:48Z</time>
      </trkpt>
      <trkpt lat="22.190425" lon="113.326256">
        <ele>0.9</ele>
        <time>2024-05-26T11:32:49Z</time>
      </trkpt>
      <trkpt lat="22.190461" lon="113.326211">
        <ele>0.8</ele>
        <time>2024-05-26T11:32:50Z</time>
      </trkpt>
      <trkpt lat="22.190499" lon="113.326165">
        <ele>0.8</ele>
        <time>2024-05-26T11:32:51Z</time>
      </trkpt>
      <trkpt lat="22.190537" lon="113.326119">
        <ele>0.8</ele>
        <time>2024-05-26T11:32:52Z</time>
      </trkpt>
      <trkpt lat="22.190571" lon="113.326067">
        <ele>0.8</ele>
        <time>2024-05-26T11:32:53Z</time>
      </trkpt>
      <trkpt lat="22.19061" lon="113.32602">
        <ele>0.8</ele>
        <time>2024-05-26T11:32:54Z</time>
      </trkpt>
      <trkpt lat="22.190649" lon="113.325968">
        <ele>0.8</ele>
        <time>2024-05-26T11:32:55Z</time>
      </trkpt>
      <trkpt lat="22.190689" lon="113.325921">
        <ele>0.7</ele>
        <time>2024-05-26T11:32:56Z</time>
      </trkpt>
      <trkpt lat="22.190732" lon="113.325881">
        <ele>0.7</ele>
        <time>2024-05-26T11:32:57Z</time>
      </trkpt>
      <trkpt lat="22.190774" lon="113.325844">
        <ele>0.7</ele>
        <time>2024-05-26T11:32:58Z</time>
      </trkpt>
      <trkpt lat="22.190809" lon="113.325799">
        <ele>0.7</ele>
        <time>2024-05-26T11:32:59Z</time>
      </trkpt>
      <trkpt lat="22.190842" lon="113.325759">
        <ele>0.7</ele>
        <time>2024-05-26T11:33:00Z</time>
      </trkpt>
      <trkpt lat="22.190868" lon="113.325715">
        <ele>0.7</ele>
        <time>2024-05-26T11:33:01Z</time>
      </trkpt>
      <trkpt lat="22.190892" lon="113.325682">
        <ele>0.7</ele>
        <time>2024-05-26T11:33:02Z</time>
      </trkpt>
      <trkpt lat="22.190918" lon="113.325651">
        <ele>0.6</ele>
        <time>2024-05-26T11:33:03Z</time>
      </trkpt>
      <trkpt lat="22.190944" lon="113.325621">
        <ele>0.6</ele>
        <time>2024-05-26T11:33:04Z</time>
      </trkpt>
      <trkpt lat="22.190975" lon="113.325584">
        <ele>0.6</ele>
        <time>2024-05-26T11:33:05Z</time>
      </trkpt>
      <trkpt lat="22.191006" lon="113.325545">
        <ele>0.6</ele>
        <time>2024-05-26T11:33:06Z</time>
      </trkpt>
      <trkpt lat="22.191038" lon="113.325514">
        <ele>0.6</ele>
        <time>2024-05-26T11:33:07Z</time>
      </trkpt>
      <trkpt lat="22.191072" lon="113.325483">
        <ele>0.6</ele>
        <time>2024-05-26T11:33:08Z</time>
      </trkpt>
      <trkpt lat="22.191106" lon="113.325453">
        <ele>0.6</ele>
        <time>2024-05-26T11:33:09Z</time>
      </trkpt>
      <trkpt lat="22.191139" lon="113.325422">
        <ele>0.6</ele>
        <time>2024-05-26T11:33:10Z</time>
      </trkpt>
      <trkpt lat="22.191176" lon="113.325379">
        <ele>0.5</ele>
        <time>2024-05-26T11:33:11Z</time>
      </trkpt>
      <trkpt lat="22.191212" lon="113.325339">
        <ele>0.5</ele>
        <time>2024-05-26T11:33:12Z</time>
      </trkpt>
      <trkpt lat="22.191244" lon="113.325295">
        <ele>0.5</ele>
        <time>2024-05-26T11:33:13Z</time>
      </trkpt>
      <trkpt lat="22.191277" lon="113.325249">
        <ele>0.5</ele>
        <time>2024-05-26T11:33:14Z</time>
      </trkpt>
      <trkpt lat="22.191317" lon="113.325197">
        <ele>0.5</ele>
        <time>2024-05-26T11:33:15Z</time>
      </trkpt>
      <trkpt lat="22.191363" lon="113.325144">
        <ele>0.5</ele>
        <time>2024-05-26T11:33:16Z</time>
      </trkpt>
      <trkpt lat="22.191415" lon="113.325091">
        <ele>0.4</ele>
        <time>2024-05-26T11:33:17Z</time>
      </trkpt>
      <trkpt lat="22.191466" lon="113.325037">
        <ele>0.4</ele>
        <time>2024-05-26T11:33:18Z</time>
      </trkpt>
      <trkpt lat="22.191508" lon="113.324984">
        <ele>0.4</ele>
        <time>2024-05-26T11:33:19Z</time>
      </trkpt>
      <trkpt lat="22.191546" lon="113.324924">
        <ele>0.4</ele>
        <time>2024-05-26T11:33:20Z</time>
      </trkpt>
      <trkpt lat="22.191586" lon="113.324863">
        <ele>0.4</ele>
        <time>2024-05-26T11:33:21Z</time>
      </trkpt>
      <trkpt lat="22.191623" lon="113.324802">
        <ele>0.4</ele>
        <time>2024-05-26T11:33:22Z</time>
      </trkpt>
      <trkpt lat="22.191658" lon="113.324741">
        <ele>0.4</ele>
        <time>2024-05-26T11:33:23Z</time>
      </trkpt>
      <trkpt lat="22.191687" lon="113.324674">
        <ele>0.4</ele>
        <time>2024-05-26T11:33:24Z</time>
      </trkpt>
      <trkpt lat="22.191718" lon="113.324611">
        <ele>0.3</ele>
        <time>2024-05-26T11:33:25Z</time>
      </trkpt>
      <trkpt lat="22.191748" lon="113.324543">
        <ele>0.3</ele>
        <time>2024-05-26T11:33:26Z</time>
      </trkpt>
      <trkpt lat="22.191777" lon="113.324481">
        <ele>0.3</ele>
        <time>2024-05-26T11:33:27Z</time>
      </trkpt>
      <trkpt lat="22.191806" lon="113.32442">
        <ele>0.3</ele>
        <time>2024-05-26T11:33:28Z</time>
      </trkpt>
      <trkpt lat="22.19183" lon="113.324359">
        <ele>0.3</ele>
        <time>2024-05-26T11:33:29Z</time>
      </trkpt>
      <trkpt lat="22.191854" lon="113.324304">
        <ele>0.3</ele>
        <time>2024-05-26T11:33:30Z</time>
      </trkpt>
      <trkpt lat="22.191878" lon="113.324246">
        <ele>0.3</ele>
        <time>2024-05-26T11:33:31Z</time>
      </trkpt>
      <trkpt lat="22.191905" lon="113.324184">
        <ele>0.3</ele>
        <time>2024-05-26T11:33:32Z</time>
      </trkpt>
      <trkpt lat="22.191935" lon="113.324123">
        <ele>0.3</ele>
        <time>2024-05-26T11:33:33Z</time>
      </trkpt>
      <trkpt lat="22.191961" lon="113.324061">
        <ele>0.3</ele>
        <time>2024-05-26T11:33:34Z</time>
      </trkpt>
      <trkpt lat="22.191985" lon="113.324001">
        <ele>0.3</ele>
        <time>2024-05-26T11:33:35Z</time>
      </trkpt>
      <trkpt lat="22.192012" lon="113.32394">
        <ele>0.3</ele>
        <time>2024-05-26T11:33:36Z</time>
      </trkpt>
      <trkpt lat="22.192039" lon="113.323879">
        <ele>0.3</ele>
        <time>2024-05-26T11:33:37Z</time>
      </trkpt>
      <trkpt lat="22.192068" lon="113.323824">
        <ele>0.3</ele>
        <time>2024-05-26T11:33:38Z</time>
      </trkpt>
      <trkpt lat="22.192097" lon="113.323765">
        <ele>0.3</ele>
        <time>2024-05-26T11:33:39Z</time>
      </trkpt>
      <trkpt lat="22.192127" lon="113.323704">
        <ele>0.3</ele>
        <time>2024-05-26T11:33:40Z</time>
      </trkpt>
      <trkpt lat="22.192159" lon="113.323637">
        <ele>0.2</ele>
        <time>2024-05-26T11:33:41Z</time>
      </trkpt>
      <trkpt lat="22.192193" lon="113.32358">
        <ele>0.2</ele>
        <time>2024-05-26T11:33:42Z</time>
      </trkpt>
      <trkpt lat="22.192226" lon="113.323527">
        <ele>0.2</ele>
        <time>2024-05-26T11:33:43Z</time>
      </trkpt>
      <trkpt lat="22.192262" lon="113.323473">
        <ele>0.2</ele>
        <time>2024-05-26T11:33:44Z</time>
      </trkpt>
      <trkpt lat="22.192301" lon="113.32342">
        <ele>0.2</ele>
        <time>2024-05-26T11:33:45Z</time>
      </trkpt>
      <trkpt lat="22.192343" lon="113.323373">
        <ele>0.2</ele>
        <time>2024-05-26T11:33:46Z</time>
      </trkpt>
      <trkpt lat="22.192385" lon="113.323321">
        <ele>0.2</ele>
        <time>2024-05-26T11:33:47Z</time>
      </trkpt>
      <trkpt lat="22.192427" lon="113.323273">
        <ele>0.2</ele>
        <time>2024-05-26T11:33:48Z</time>
      </trkpt>
      <trkpt lat="22.19247" lon="113.323222">
        <ele>0.2</ele>
        <time>2024-05-26T11:33:49Z</time>
      </trkpt>
      <trkpt lat="22.192515" lon="113.323175">
        <ele>0.2</ele>
        <time>2024-05-26T11:33:50Z</time>
      </trkpt>
      <trkpt lat="22.192564" lon="113.323129">
        <ele>0.2</ele>
        <time>2024-05-26T11:33:51Z</time>
      </trkpt>
      <trkpt lat="22.192614" lon="113.323083">
        <ele>0.3</ele>
        <time>2024-05-26T11:33:52Z</time>
      </trkpt>
      <trkpt lat="22.192661" lon="113.323037">
        <ele>0.3</ele>
        <time>2024-05-26T11:33:53Z</time>
      </trkpt>
      <trkpt lat="22.192702" lon="113.322997">
        <ele>0.3</ele>
        <time>2024-05-26T11:33:54Z</time>
      </trkpt>
      <trkpt lat="22.19274" lon="113.322953">
        <ele>0.3</ele>
        <time>2024-05-26T11:33:55Z</time>
      </trkpt>
      <trkpt lat="22.192782" lon="113.32292">
        <ele>0.3</ele>
        <time>2024-05-26T11:33:56Z</time>
      </trkpt>
      <trkpt lat="22.192833" lon="113.322902">
        <ele>0.4</ele>
        <time>2024-05-26T11:33:57Z</time>
      </trkpt>
      <trkpt lat="22.192883" lon="113.322899">
        <ele>0.4</ele>
        <time>2024-05-26T11:33:58Z</time>
      </trkpt>
      <trkpt lat="22.192932" lon="113.322893">
        <ele>0.4</ele>
        <time>2024-05-26T11:33:59Z</time>
      </trkpt>
      <trkpt lat="22.192971" lon="113.322873">
        <ele>0.4</ele>
        <time>2024-05-26T11:34:00Z</time>
      </trkpt>
      <trkpt lat="22.193001" lon="113.322831">
        <ele>0.4</ele>
        <time>2024-05-26T11:34:01Z</time>
      </trkpt>
      <trkpt lat="22.193025" lon="113.322786">
        <ele>0.4</ele>
        <time>2024-05-26T11:34:02Z</time>
      </trkpt>
      <trkpt lat="22.193043" lon="113.322728">
        <ele>0.5</ele>
        <time>2024-05-26T11:34:03Z</time>
      </trkpt>
      <trkpt lat="22.193068" lon="113.322673">
        <ele>0.5</ele>
        <time>2024-05-26T11:34:04Z</time>
      </trkpt>
      <trkpt lat="22.193104" lon="113.322625">
        <ele>0.5</ele>
        <time>2024-05-26T11:34:05Z</time>
      </trkpt>
      <trkpt lat="22.193147" lon="113.322573">
        <ele>0.5</ele>
        <time>2024-05-26T11:34:06Z</time>
      </trkpt>
      <trkpt lat="22.193193" lon="113.322526">
        <ele>0.5</ele>
        <time>2024-05-26T11:34:07Z</time>
      </trkpt>
      <trkpt lat="22.193241" lon="113.322474">
        <ele>0.6</ele>
        <time>2024-05-26T11:34:08Z</time>
      </trkpt>
      <trkpt lat="22.193287" lon="113.322427">
        <ele>0.6</ele>
        <time>2024-05-26T11:34:09Z</time>
      </trkpt>
      <trkpt lat="22.193335" lon="113.322375">
        <ele>0.6</ele>
        <time>2024-05-26T11:34:10Z</time>
      </trkpt>
      <trkpt lat="22.193379" lon="113.322327">
        <ele>0.6</ele>
        <time>2024-05-26T11:34:11Z</time>
      </trkpt>
      <trkpt lat="22.193422" lon="113.322269">
        <ele>0.6</ele>
        <time>2024-05-26T11:34:12Z</time>
      </trkpt>
      <trkpt lat="22.193464" lon="113.322214">
        <ele>0.7</ele>
        <time>2024-05-26T11:34:13Z</time>
      </trkpt>
      <trkpt lat="22.193511" lon="113.322154">
        <ele>0.7</ele>
        <time>2024-05-26T11:34:14Z</time>
      </trkpt>
      <trkpt lat="22.193561" lon="113.3221">
        <ele>0.7</ele>
        <time>2024-05-26T11:34:15Z</time>
      </trkpt>
      <trkpt lat="22.19361" lon="113.322053">
        <ele>0.7</ele>
        <time>2024-05-26T11:34:16Z</time>
      </trkpt>
      <trkpt lat="22.193658" lon="113.322007">
        <ele>0.8</ele>
        <time>2024-05-26T11:34:17Z</time>
      </trkpt>
      <trkpt lat="22.193704" lon="113.321961">
        <ele>0.8</ele>
        <time>2024-05-26T11:34:18Z</time>
      </trkpt>
      <trkpt lat="22.193748" lon="113.321915">
        <ele>0.8</ele>
        <time>2024-05-26T11:34:19Z</time>
      </trkpt>
      <trkpt lat="22.193792" lon="113.321876">
        <ele>0.8</ele>
        <time>2024-05-26T11:34:20Z</time>
      </trkpt>
      <trkpt lat="22.193833" lon="113.321838">
        <ele>0.8</ele>
        <time>2024-05-26T11:34:21Z</time>
      </trkpt>
      <trkpt lat="22.193882" lon="113.321806">
        <ele>0.8</ele>
        <time>2024-05-26T11:34:22Z</time>
      </trkpt>
      <trkpt lat="22.193937" lon="113.321781">
        <ele>0.8</ele>
        <time>2024-05-26T11:34:23Z</time>
      </trkpt>
      <trkpt lat="22.193989" lon="113.321752">
        <ele>0.8</ele>
        <time>2024-05-26T11:34:24Z</time>
      </trkpt>
      <trkpt lat="22.194037" lon="113.321728">
        <ele>0.8</ele>
        <time>2024-05-26T11:34:25Z</time>
      </trkpt>
      <trkpt lat="22.194082" lon="113.321693">
        <ele>0.8</ele>
        <time>2024-05-26T11:34:26Z</time>
      </trkpt>
      <trkpt lat="22.194121" lon="113.321648">
        <ele>0.8</ele>
        <time>2024-05-26T11:34:27Z</time>
      </trkpt>
      <trkpt lat="22.194159" lon="113.321596">
        <ele>0.8</ele>
        <time>2024-05-26T11:34:28Z</time>
      </trkpt>
      <trkpt lat="22.194196" lon="113.321543">
        <ele>0.8</ele>
        <time>2024-05-26T11:34:29Z</time>
      </trkpt>
      <trkpt lat="22.194235" lon="113.32149">
        <ele>0.9</ele>
        <time>2024-05-26T11:34:30Z</time>
      </trkpt>
      <trkpt lat="22.194277" lon="113.321436">
        <ele>0.9</ele>
        <time>2024-05-26T11:34:31Z</time>
      </trkpt>
      <trkpt lat="22.194319" lon="113.321376">
        <ele>0.9</ele>
        <time>2024-05-26T11:34:32Z</time>
      </trkpt>
      <trkpt lat="22.194358" lon="113.321322">
        <ele>0.9</ele>
        <time>2024-05-26T11:34:33Z</time>
      </trkpt>
      <trkpt lat="22.194394" lon="113.321268">
        <ele>0.9</ele>
        <time>2024-05-26T11:34:34Z</time>
      </trkpt>
      <trkpt lat="22.194431" lon="113.321221">
        <ele>0.9</ele>
        <time>2024-05-26T11:34:35Z</time>
      </trkpt>
      <trkpt lat="22.194465" lon="113.321176">
        <ele>0.9</ele>
        <time>2024-05-26T11:34:36Z</time>
      </trkpt>
      <trkpt lat="22.194502" lon="113.321124">
        <ele>0.9</ele>
        <time>2024-05-26T11:34:37Z</time>
      </trkpt>
      <trkpt lat="22.194547" lon="113.32107">
        <ele>0.9</ele>
        <time>2024-05-26T11:34:38Z</time>
      </trkpt>
      <trkpt lat="22.194591" lon="113.321017">
        <ele>0.9</ele>
        <time>2024-05-26T11:34:39Z</time>
      </trkpt>
      <trkpt lat="22.194635" lon="113.320963">
        <ele>0.9</ele>
        <time>2024-05-26T11:34:40Z</time>
      </trkpt>
      <trkpt lat="22.194676" lon="113.320909">
        <ele>0.9</ele>
        <time>2024-05-26T11:34:41Z</time>
      </trkpt>
      <trkpt lat="22.194714" lon="113.320862">
        <ele>0.9</ele>
        <time>2024-05-26T11:34:42Z</time>
      </trkpt>
      <trkpt lat="22.194751" lon="113.320817">
        <ele>0.9</ele>
        <time>2024-05-26T11:34:43Z</time>
      </trkpt>
      <trkpt lat="22.194784" lon="113.320765">
        <ele>0.9</ele>
        <time>2024-05-26T11:34:44Z</time>
      </trkpt>
      <trkpt lat="22.194816" lon="113.320717">
        <ele>0.9</ele>
        <time>2024-05-26T11:34:45Z</time>
      </trkpt>
      <trkpt lat="22.194849" lon="113.320672">
        <ele>0.9</ele>
        <time>2024-05-26T11:34:46Z</time>
      </trkpt>
      <trkpt lat="22.194881" lon="113.320632">
        <ele>1</ele>
        <time>2024-05-26T11:34:47Z</time>
      </trkpt>
      <trkpt lat="22.194903" lon="113.320606">
        <ele>1</ele>
        <time>2024-05-26T11:34:48Z</time>
      </trkpt>
      <trkpt lat="22.194913" lon="113.320596">
        <ele>1</ele>
        <time>2024-05-26T11:34:49Z</time>
      </trkpt>
      <trkpt lat="22.194957" lon="113.32054">
        <ele>1</ele>
        <time>2024-05-26T11:35:27Z</time>
      </trkpt>
      <trkpt lat="22.194972" lon="113.320515">
        <ele>1</ele>
        <time>2024-05-26T11:35:28Z</time>
      </trkpt>
      <trkpt lat="22.194991" lon="113.320492">
        <ele>1</ele>
        <time>2024-05-26T11:35:29Z</time>
      </trkpt>
      <trkpt lat="22.195013" lon="113.320463">
        <ele>1</ele>
        <time>2024-05-26T11:35:30Z</time>
      </trkpt>
      <trkpt lat="22.195037" lon="113.320432">
        <ele>1.1</ele>
        <time>2024-05-26T11:35:31Z</time>
      </trkpt>
      <trkpt lat="22.195064" lon="113.320396">
        <ele>1.1</ele>
        <time>2024-05-26T11:35:32Z</time>
      </trkpt>
      <trkpt lat="22.195088" lon="113.320352">
        <ele>1.2</ele>
        <time>2024-05-26T11:35:33Z</time>
      </trkpt>
      <trkpt lat="22.195113" lon="113.320306">
        <ele>1.2</ele>
        <time>2024-05-26T11:35:34Z</time>
      </trkpt>
      <trkpt lat="22.19514" lon="113.320254">
        <ele>1.3</ele>
        <time>2024-05-26T11:35:35Z</time>
      </trkpt>
      <trkpt lat="22.195163" lon="113.3202">
        <ele>1.3</ele>
        <time>2024-05-26T11:35:36Z</time>
      </trkpt>
      <trkpt lat="22.195186" lon="113.320147">
        <ele>1.4</ele>
        <time>2024-05-26T11:35:37Z</time>
      </trkpt>
      <trkpt lat="22.195211" lon="113.320093">
        <ele>1.4</ele>
        <time>2024-05-26T11:35:38Z</time>
      </trkpt>
      <trkpt lat="22.195238" lon="113.320046">
        <ele>1.5</ele>
        <time>2024-05-26T11:35:39Z</time>
      </trkpt>
      <trkpt lat="22.195269" lon="113.319994">
        <ele>1.5</ele>
        <time>2024-05-26T11:35:40Z</time>
      </trkpt>
      <trkpt lat="22.195298" lon="113.319941">
        <ele>1.6</ele>
        <time>2024-05-26T11:35:41Z</time>
      </trkpt>
      <trkpt lat="22.195328" lon="113.319881">
        <ele>1.7</ele>
        <time>2024-05-26T11:35:42Z</time>
      </trkpt>
      <trkpt lat="22.195358" lon="113.319814">
        <ele>1.7</ele>
        <time>2024-05-26T11:35:43Z</time>
      </trkpt>
      <trkpt lat="22.195394" lon="113.319745">
        <ele>1.8</ele>
        <time>2024-05-26T11:35:44Z</time>
      </trkpt>
      <trkpt lat="22.195428" lon="113.319683">
        <ele>1.9</ele>
        <time>2024-05-26T11:35:45Z</time>
      </trkpt>
      <trkpt lat="22.195464" lon="113.319616">
        <ele>1.9</ele>
        <time>2024-05-26T11:35:46Z</time>
      </trkpt>
      <trkpt lat="22.195502" lon="113.319548">
        <ele>2</ele>
        <time>2024-05-26T11:35:47Z</time>
      </trkpt>
      <trkpt lat="22.19554" lon="113.319478">
        <ele>2.1</ele>
        <time>2024-05-26T11:35:48Z</time>
      </trkpt>
      <trkpt lat="22.195578" lon="113.31941">
        <ele>2.1</ele>
        <time>2024-05-26T11:35:49Z</time>
      </trkpt>
      <trkpt lat="22.195616" lon="113.319341">
        <ele>2.2</ele>
        <time>2024-05-26T11:35:50Z</time>
      </trkpt>
      <trkpt lat="22.195653" lon="113.319272">
        <ele>2.3</ele>
        <time>2024-05-26T11:35:51Z</time>
      </trkpt>
      <trkpt lat="22.195689" lon="113.31921">
        <ele>2.3</ele>
        <time>2024-05-26T11:35:52Z</time>
      </trkpt>
      <trkpt lat="22.195727" lon="113.319137">
        <ele>2.4</ele>
        <time>2024-05-26T11:35:53Z</time>
      </trkpt>
      <trkpt lat="22.195765" lon="113.319072">
        <ele>2.5</ele>
        <time>2024-05-26T11:35:54Z</time>
      </trkpt>
      <trkpt lat="22.195805" lon="113.319005">
        <ele>2.6</ele>
        <time>2024-05-26T11:35:55Z</time>
      </trkpt>
      <trkpt lat="22.195845" lon="113.318943">
        <ele>2.6</ele>
        <time>2024-05-26T11:35:56Z</time>
      </trkpt>
      <trkpt lat="22.195879" lon="113.318869">
        <ele>2.7</ele>
        <time>2024-05-26T11:35:57Z</time>
      </trkpt>
      <trkpt lat="22.195916" lon="113.318806">
        <ele>2.6</ele>
        <time>2024-05-26T11:35:58Z</time>
      </trkpt>
      <trkpt lat="22.195949" lon="113.318739">
        <ele>2.5</ele>
        <time>2024-05-26T11:35:59Z</time>
      </trkpt>
      <trkpt lat="22.19599" lon="113.318669">
        <ele>2.4</ele>
        <time>2024-05-26T11:36:00Z</time>
      </trkpt>
      <trkpt lat="22.196032" lon="113.318607">
        <ele>2.3</ele>
        <time>2024-05-26T11:36:01Z</time>
      </trkpt>
      <trkpt lat="22.196071" lon="113.318539">
        <ele>2.3</ele>
        <time>2024-05-26T11:36:02Z</time>
      </trkpt>
      <trkpt lat="22.19611" lon="113.318471">
        <ele>2.2</ele>
        <time>2024-05-26T11:36:03Z</time>
      </trkpt>
      <trkpt lat="22.196152" lon="113.318402">
        <ele>2.1</ele>
        <time>2024-05-26T11:36:04Z</time>
      </trkpt>
      <trkpt lat="22.196192" lon="113.318334">
        <ele>2</ele>
        <time>2024-05-26T11:36:05Z</time>
      </trkpt>
      <trkpt lat="22.196233" lon="113.318254">
        <ele>1.9</ele>
        <time>2024-05-26T11:36:06Z</time>
      </trkpt>
      <trkpt lat="22.19628" lon="113.318188">
        <ele>1.8</ele>
        <time>2024-05-26T11:36:07Z</time>
      </trkpt>
      <trkpt lat="22.196319" lon="113.318114">
        <ele>1.7</ele>
        <time>2024-05-26T11:36:08Z</time>
      </trkpt>
      <trkpt lat="22.196355" lon="113.318044">
        <ele>1.6</ele>
        <time>2024-05-26T11:36:09Z</time>
      </trkpt>
      <trkpt lat="22.196396" lon="113.317981">
        <ele>1.5</ele>
        <time>2024-05-26T11:36:10Z</time>
      </trkpt>
      <trkpt lat="22.196435" lon="113.31792">
        <ele>1.4</ele>
        <time>2024-05-26T11:36:11Z</time>
      </trkpt>
      <trkpt lat="22.196474" lon="113.317866">
        <ele>1.4</ele>
        <time>2024-05-26T11:36:12Z</time>
      </trkpt>
      <trkpt lat="22.196514" lon="113.317801">
        <ele>1.3</ele>
        <time>2024-05-26T11:36:13Z</time>
      </trkpt>
      <trkpt lat="22.196556" lon="113.317725">
        <ele>1.2</ele>
        <time>2024-05-26T11:36:14Z</time>
      </trkpt>
      <trkpt lat="22.196597" lon="113.317648">
        <ele>1.1</ele>
        <time>2024-05-26T11:36:15Z</time>
      </trkpt>
      <trkpt lat="22.196638" lon="113.317572">
        <ele>1</ele>
        <time>2024-05-26T11:36:16Z</time>
      </trkpt>
      <trkpt lat="22.196677" lon="113.317496">
        <ele>0.9</ele>
        <time>2024-05-26T11:36:17Z</time>
      </trkpt>
      <trkpt lat="22.196714" lon="113.317421">
        <ele>0.8</ele>
        <time>2024-05-26T11:36:18Z</time>
      </trkpt>
      <trkpt lat="22.196756" lon="113.317351">
        <ele>0.7</ele>
        <time>2024-05-26T11:36:19Z</time>
      </trkpt>
      <trkpt lat="22.196792" lon="113.317282">
        <ele>0.6</ele>
        <time>2024-05-26T11:36:20Z</time>
      </trkpt>
      <trkpt lat="22.196829" lon="113.317218">
        <ele>0.6</ele>
        <time>2024-05-26T11:36:21Z</time>
      </trkpt>
      <trkpt lat="22.19687" lon="113.317144">
        <ele>0.6</ele>
        <time>2024-05-26T11:36:22Z</time>
      </trkpt>
      <trkpt lat="22.196906" lon="113.317076">
        <ele>0.7</ele>
        <time>2024-05-26T11:36:23Z</time>
      </trkpt>
      <trkpt lat="22.19694" lon="113.317001">
        <ele>0.8</ele>
        <time>2024-05-26T11:36:24Z</time>
      </trkpt>
      <trkpt lat="22.196979" lon="113.316918">
        <ele>0.9</ele>
        <time>2024-05-26T11:36:25Z</time>
      </trkpt>
      <trkpt lat="22.197025" lon="113.316852">
        <ele>0.9</ele>
        <time>2024-05-26T11:36:26Z</time>
      </trkpt>
      <trkpt lat="22.197069" lon="113.316785">
        <ele>1</ele>
        <time>2024-05-26T11:36:27Z</time>
      </trkpt>
      <trkpt lat="22.197113" lon="113.316716">
        <ele>1.1</ele>
        <time>2024-05-26T11:36:28Z</time>
      </trkpt>
      <trkpt lat="22.197156" lon="113.316648">
        <ele>1.1</ele>
        <time>2024-05-26T11:36:29Z</time>
      </trkpt>
      <trkpt lat="22.197198" lon="113.31658">
        <ele>1.2</ele>
        <time>2024-05-26T11:36:30Z</time>
      </trkpt>
      <trkpt lat="22.197239" lon="113.316517">
        <ele>1.3</ele>
        <time>2024-05-26T11:36:31Z</time>
      </trkpt>
      <trkpt lat="22.197269" lon="113.316451">
        <ele>1.3</ele>
        <time>2024-05-26T11:36:32Z</time>
      </trkpt>
      <trkpt lat="22.197302" lon="113.316387">
        <ele>1.4</ele>
        <time>2024-05-26T11:36:33Z</time>
      </trkpt>
      <trkpt lat="22.197335" lon="113.316337">
        <ele>1.5</ele>
        <time>2024-05-26T11:36:34Z</time>
      </trkpt>
      <trkpt lat="22.197368" lon="113.316289">
        <ele>1.5</ele>
        <time>2024-05-26T11:36:35Z</time>
      </trkpt>
      <trkpt lat="22.1974" lon="113.316231">
        <ele>1.6</ele>
        <time>2024-05-26T11:36:36Z</time>
      </trkpt>
      <trkpt lat="22.197429" lon="113.316169">
        <ele>1.6</ele>
        <time>2024-05-26T11:36:37Z</time>
      </trkpt>
      <trkpt lat="22.197459" lon="113.316108">
        <ele>1.7</ele>
        <time>2024-05-26T11:36:38Z</time>
      </trkpt>
      <trkpt lat="22.197489" lon="113.316053">
        <ele>1.7</ele>
        <time>2024-05-26T11:36:39Z</time>
      </trkpt>
      <trkpt lat="22.197521" lon="113.316">
        <ele>1.8</ele>
        <time>2024-05-26T11:36:40Z</time>
      </trkpt>
      <trkpt lat="22.197552" lon="113.31594">
        <ele>1.9</ele>
        <time>2024-05-26T11:36:41Z</time>
      </trkpt>
      <trkpt lat="22.197584" lon="113.315879">
        <ele>1.9</ele>
        <time>2024-05-26T11:36:42Z</time>
      </trkpt>
      <trkpt lat="22.197616" lon="113.315824">
        <ele>2</ele>
        <time>2024-05-26T11:36:43Z</time>
      </trkpt>
      <trkpt lat="22.19765" lon="113.315765">
        <ele>2</ele>
        <time>2024-05-26T11:36:44Z</time>
      </trkpt>
      <trkpt lat="22.197683" lon="113.31571">
        <ele>2.1</ele>
        <time>2024-05-26T11:36:45Z</time>
      </trkpt>
      <trkpt lat="22.197717" lon="113.31565">
        <ele>2.2</ele>
        <time>2024-05-26T11:36:46Z</time>
      </trkpt>
      <trkpt lat="22.19775" lon="113.315589">
        <ele>2.2</ele>
        <time>2024-05-26T11:36:47Z</time>
      </trkpt>
      <trkpt lat="22.197784" lon="113.315528">
        <ele>2.2</ele>
        <time>2024-05-26T11:36:48Z</time>
      </trkpt>
      <trkpt lat="22.19782" lon="113.315467">
        <ele>2.2</ele>
        <time>2024-05-26T11:36:49Z</time>
      </trkpt>
      <trkpt lat="22.197856" lon="113.315406">
        <ele>2.2</ele>
        <time>2024-05-26T11:36:50Z</time>
      </trkpt>
      <trkpt lat="22.197889" lon="113.315346">
        <ele>2.1</ele>
        <time>2024-05-26T11:36:51Z</time>
      </trkpt>
      <trkpt lat="22.197924" lon="113.315279">
        <ele>2.1</ele>
        <time>2024-05-26T11:36:52Z</time>
      </trkpt>
      <trkpt lat="22.197961" lon="113.31521">
        <ele>2.1</ele>
        <time>2024-05-26T11:36:53Z</time>
      </trkpt>
      <trkpt lat="22.197998" lon="113.315147">
        <ele>2.1</ele>
        <time>2024-05-26T11:36:54Z</time>
      </trkpt>
      <trkpt lat="22.198035" lon="113.315086">
        <ele>2</ele>
        <time>2024-05-26T11:36:55Z</time>
      </trkpt>
      <trkpt lat="22.198071" lon="113.315019">
        <ele>2</ele>
        <time>2024-05-26T11:36:56Z</time>
      </trkpt>
      <trkpt lat="22.198107" lon="113.314962">
        <ele>2</ele>
        <time>2024-05-26T11:36:57Z</time>
      </trkpt>
      <trkpt lat="22.198144" lon="113.314897">
        <ele>1.9</ele>
        <time>2024-05-26T11:36:58Z</time>
      </trkpt>
      <trkpt lat="22.198179" lon="113.31484">
        <ele>1.9</ele>
        <time>2024-05-26T11:36:59Z</time>
      </trkpt>
      <trkpt lat="22.198211" lon="113.314781">
        <ele>1.9</ele>
        <time>2024-05-26T11:37:00Z</time>
      </trkpt>
      <trkpt lat="22.198245" lon="113.314719">
        <ele>1.9</ele>
        <time>2024-05-26T11:37:01Z</time>
      </trkpt>
      <trkpt lat="22.198278" lon="113.314659">
        <ele>1.8</ele>
        <time>2024-05-26T11:37:02Z</time>
      </trkpt>
      <trkpt lat="22.19831" lon="113.314598">
        <ele>1.8</ele>
        <time>2024-05-26T11:37:03Z</time>
      </trkpt>
      <trkpt lat="22.19834" lon="113.314542">
        <ele>1.8</ele>
        <time>2024-05-26T11:37:04Z</time>
      </trkpt>
      <trkpt lat="22.19837" lon="113.314489">
        <ele>1.8</ele>
        <time>2024-05-26T11:37:05Z</time>
      </trkpt>
      <trkpt lat="22.198402" lon="113.314441">
        <ele>1.7</ele>
        <time>2024-05-26T11:37:06Z</time>
      </trkpt>
      <trkpt lat="22.198433" lon="113.31439">
        <ele>1.7</ele>
        <time>2024-05-26T11:37:07Z</time>
      </trkpt>
      <trkpt lat="22.198462" lon="113.314342">
        <ele>1.7</ele>
        <time>2024-05-26T11:37:08Z</time>
      </trkpt>
      <trkpt lat="22.198489" lon="113.314291">
        <ele>1.7</ele>
        <time>2024-05-26T11:37:09Z</time>
      </trkpt>
      <trkpt lat="22.198515" lon="113.314237">
        <ele>1.7</ele>
        <time>2024-05-26T11:37:10Z</time>
      </trkpt>
      <trkpt lat="22.198537" lon="113.314184">
        <ele>1.6</ele>
        <time>2024-05-26T11:37:11Z</time>
      </trkpt>
      <trkpt lat="22.198556" lon="113.314136">
        <ele>1.6</ele>
        <time>2024-05-26T11:37:12Z</time>
      </trkpt>
      <trkpt lat="22.198575" lon="113.31409">
        <ele>1.6</ele>
        <time>2024-05-26T11:37:13Z</time>
      </trkpt>
      <trkpt lat="22.198598" lon="113.314039">
        <ele>1.6</ele>
        <time>2024-05-26T11:37:14Z</time>
      </trkpt>
      <trkpt lat="22.198627" lon="113.313992">
        <ele>1.6</ele>
        <time>2024-05-26T11:37:15Z</time>
      </trkpt>
      <trkpt lat="22.198657" lon="113.313939">
        <ele>1.5</ele>
        <time>2024-05-26T11:37:16Z</time>
      </trkpt>
      <trkpt lat="22.198686" lon="113.313886">
        <ele>1.5</ele>
        <time>2024-05-26T11:37:17Z</time>
      </trkpt>
      <trkpt lat="22.198713" lon="113.313838">
        <ele>1.5</ele>
        <time>2024-05-26T11:37:18Z</time>
      </trkpt>
      <trkpt lat="22.198742" lon="113.313784">
        <ele>1.5</ele>
        <time>2024-05-26T11:37:19Z</time>
      </trkpt>
      <trkpt lat="22.198774" lon="113.313736">
        <ele>1.4</ele>
        <time>2024-05-26T11:37:20Z</time>
      </trkpt>
      <trkpt lat="22.198803" lon="113.313685">
        <ele>1.4</ele>
        <time>2024-05-26T11:37:21Z</time>
      </trkpt>
      <trkpt lat="22.19883" lon="113.313632">
        <ele>1.4</ele>
        <time>2024-05-26T11:37:22Z</time>
      </trkpt>
      <trkpt lat="22.198859" lon="113.313578">
        <ele>1.4</ele>
        <time>2024-05-26T11:37:23Z</time>
      </trkpt>
      <trkpt lat="22.198886" lon="113.313531">
        <ele>1.4</ele>
        <time>2024-05-26T11:37:24Z</time>
      </trkpt>
      <trkpt lat="22.198912" lon="113.313479">
        <ele>1.3</ele>
        <time>2024-05-26T11:37:25Z</time>
      </trkpt>
      <trkpt lat="22.198939" lon="113.313426">
        <ele>1.3</ele>
        <time>2024-05-26T11:37:26Z</time>
      </trkpt>
      <trkpt lat="22.198967" lon="113.313372">
        <ele>1.3</ele>
        <time>2024-05-26T11:37:27Z</time>
      </trkpt>
      <trkpt lat="22.199" lon="113.313319">
        <ele>1.3</ele>
        <time>2024-05-26T11:37:28Z</time>
      </trkpt>
      <trkpt lat="22.199034" lon="113.313271">
        <ele>1.3</ele>
        <time>2024-05-26T11:37:29Z</time>
      </trkpt>
      <trkpt lat="22.199067" lon="113.31322">
        <ele>1.2</ele>
        <time>2024-05-26T11:37:30Z</time>
      </trkpt>
      <trkpt lat="22.1991" lon="113.313166">
        <ele>1.2</ele>
        <time>2024-05-26T11:37:31Z</time>
      </trkpt>
      <trkpt lat="22.199132" lon="113.313119">
        <ele>1.2</ele>
        <time>2024-05-26T11:37:32Z</time>
      </trkpt>
      <trkpt lat="22.199167" lon="113.313067">
        <ele>1.2</ele>
        <time>2024-05-26T11:37:33Z</time>
      </trkpt>
      <trkpt lat="22.199199" lon="113.313013">
        <ele>1.1</ele>
        <time>2024-05-26T11:37:34Z</time>
      </trkpt>
      <trkpt lat="22.199229" lon="113.312954">
        <ele>1.1</ele>
        <time>2024-05-26T11:37:35Z</time>
      </trkpt>
      <trkpt lat="22.199256" lon="113.312887">
        <ele>1.1</ele>
        <time>2024-05-26T11:37:36Z</time>
      </trkpt>
      <trkpt lat="22.199282" lon="113.312824">
        <ele>1.1</ele>
        <time>2024-05-26T11:37:37Z</time>
      </trkpt>
      <trkpt lat="22.199311" lon="113.312763">
        <ele>1</ele>
        <time>2024-05-26T11:37:38Z</time>
      </trkpt>
      <trkpt lat="22.19934" lon="113.312703">
        <ele>1</ele>
        <time>2024-05-26T11:37:39Z</time>
      </trkpt>
      <trkpt lat="22.199373" lon="113.312641">
        <ele>1</ele>
        <time>2024-05-26T11:37:40Z</time>
      </trkpt>
      <trkpt lat="22.199404" lon="113.312586">
        <ele>1</ele>
        <time>2024-05-26T11:37:41Z</time>
      </trkpt>
      <trkpt lat="22.199436" lon="113.312526">
        <ele>0.9</ele>
        <time>2024-05-26T11:37:42Z</time>
      </trkpt>
      <trkpt lat="22.199465" lon="113.312472">
        <ele>0.9</ele>
        <time>2024-05-26T11:37:43Z</time>
      </trkpt>
      <trkpt lat="22.199497" lon="113.312412">
        <ele>0.9</ele>
        <time>2024-05-26T11:37:44Z</time>
      </trkpt>
      <trkpt lat="22.199531" lon="113.312357">
        <ele>0.9</ele>
        <time>2024-05-26T11:37:45Z</time>
      </trkpt>
      <trkpt lat="22.199565" lon="113.312304">
        <ele>0.9</ele>
        <time>2024-05-26T11:37:46Z</time>
      </trkpt>
      <trkpt lat="22.199595" lon="113.312256">
        <ele>0.8</ele>
        <time>2024-05-26T11:37:47Z</time>
      </trkpt>
      <trkpt lat="22.199627" lon="113.312204">
        <ele>0.8</ele>
        <time>2024-05-26T11:37:48Z</time>
      </trkpt>
      <trkpt lat="22.199658" lon="113.312151">
        <ele>0.8</ele>
        <time>2024-05-26T11:37:49Z</time>
      </trkpt>
      <trkpt lat="22.199688" lon="113.312098">
        <ele>0.8</ele>
        <time>2024-05-26T11:37:50Z</time>
      </trkpt>
      <trkpt lat="22.199715" lon="113.312038">
        <ele>0.8</ele>
        <time>2024-05-26T11:37:51Z</time>
      </trkpt>
      <trkpt lat="22.199741" lon="113.311977">
        <ele>0.8</ele>
        <time>2024-05-26T11:37:52Z</time>
      </trkpt>
      <trkpt lat="22.199766" lon="113.311924">
        <ele>0.8</ele>
        <time>2024-05-26T11:37:53Z</time>
      </trkpt>
      <trkpt lat="22.199797" lon="113.311869">
        <ele>0.7</ele>
        <time>2024-05-26T11:37:54Z</time>
      </trkpt>
      <trkpt lat="22.199834" lon="113.311828">
        <ele>0.7</ele>
        <time>2024-05-26T11:37:55Z</time>
      </trkpt>
      <trkpt lat="22.199869" lon="113.311783">
        <ele>0.7</ele>
        <time>2024-05-26T11:37:56Z</time>
      </trkpt>
      <trkpt lat="22.1999" lon="113.311732">
        <ele>0.7</ele>
        <time>2024-05-26T11:37:57Z</time>
      </trkpt>
      <trkpt lat="22.199926" lon="113.311678">
        <ele>0.7</ele>
        <time>2024-05-26T11:37:58Z</time>
      </trkpt>
      <trkpt lat="22.199952" lon="113.311625">
        <ele>0.7</ele>
        <time>2024-05-26T11:37:59Z</time>
      </trkpt>
      <trkpt lat="22.199976" lon="113.311578">
        <ele>0.7</ele>
        <time>2024-05-26T11:38:00Z</time>
      </trkpt>
      <trkpt lat="22.2" lon="113.311526">
        <ele>0.7</ele>
        <time>2024-05-26T11:38:01Z</time>
      </trkpt>
      <trkpt lat="22.200031" lon="113.311473">
        <ele>0.6</ele>
        <time>2024-05-26T11:38:02Z</time>
      </trkpt>
      <trkpt lat="22.200063" lon="113.311425">
        <ele>0.6</ele>
        <time>2024-05-26T11:38:03Z</time>
      </trkpt>
      <trkpt lat="22.200094" lon="113.311373">
        <ele>0.6</ele>
        <time>2024-05-26T11:38:04Z</time>
      </trkpt>
      <trkpt lat="22.200121" lon="113.311326">
        <ele>0.6</ele>
        <time>2024-05-26T11:38:05Z</time>
      </trkpt>
      <trkpt lat="22.200153" lon="113.311268">
        <ele>0.6</ele>
        <time>2024-05-26T11:38:06Z</time>
      </trkpt>
      <trkpt lat="22.200182" lon="113.311213">
        <ele>0.6</ele>
        <time>2024-05-26T11:38:07Z</time>
      </trkpt>
      <trkpt lat="22.200213" lon="113.311159">
        <ele>0.6</ele>
        <time>2024-05-26T11:38:08Z</time>
      </trkpt>
      <trkpt lat="22.20024" lon="113.311106">
        <ele>0.6</ele>
        <time>2024-05-26T11:38:09Z</time>
      </trkpt>
      <trkpt lat="22.200265" lon="113.311059">
        <ele>0.6</ele>
        <time>2024-05-26T11:38:10Z</time>
      </trkpt>
      <trkpt lat="22.200293" lon="113.311019">
        <ele>0.5</ele>
        <time>2024-05-26T11:38:11Z</time>
      </trkpt>
      <trkpt lat="22.200329" lon="113.310962">
        <ele>0.5</ele>
        <time>2024-05-26T11:38:12Z</time>
      </trkpt>
      <trkpt lat="22.200366" lon="113.310902">
        <ele>0.5</ele>
        <time>2024-05-26T11:38:13Z</time>
      </trkpt>
      <trkpt lat="22.200407" lon="113.31084">
        <ele>0.5</ele>
        <time>2024-05-26T11:38:14Z</time>
      </trkpt>
      <trkpt lat="22.200444" lon="113.31078">
        <ele>0.5</ele>
        <time>2024-05-26T11:38:15Z</time>
      </trkpt>
      <trkpt lat="22.200477" lon="113.310725">
        <ele>0.5</ele>
        <time>2024-05-26T11:38:16Z</time>
      </trkpt>
      <trkpt lat="22.20051" lon="113.310659">
        <ele>0.5</ele>
        <time>2024-05-26T11:38:17Z</time>
      </trkpt>
      <trkpt lat="22.200544" lon="113.310596">
        <ele>0.4</ele>
        <time>2024-05-26T11:38:18Z</time>
      </trkpt>
      <trkpt lat="22.200583" lon="113.310528">
        <ele>0.5</ele>
        <time>2024-05-26T11:38:19Z</time>
      </trkpt>
      <trkpt lat="22.200622" lon="113.310466">
        <ele>0.5</ele>
        <time>2024-05-26T11:38:20Z</time>
      </trkpt>
      <trkpt lat="22.200651" lon="113.310412">
        <ele>0.5</ele>
        <time>2024-05-26T11:38:21Z</time>
      </trkpt>
      <trkpt lat="22.200685" lon="113.310346">
        <ele>0.5</ele>
        <time>2024-05-26T11:38:22Z</time>
      </trkpt>
      <trkpt lat="22.20072" lon="113.310283">
        <ele>0.5</ele>
        <time>2024-05-26T11:38:23Z</time>
      </trkpt>
      <trkpt lat="22.200748" lon="113.310222">
        <ele>0.5</ele>
        <time>2024-05-26T11:38:24Z</time>
      </trkpt>
      <trkpt lat="22.200782" lon="113.310161">
        <ele>0.5</ele>
        <time>2024-05-26T11:38:25Z</time>
      </trkpt>
      <trkpt lat="22.200823" lon="113.3101">
        <ele>0.5</ele>
        <time>2024-05-26T11:38:26Z</time>
      </trkpt>
      <trkpt lat="22.200867" lon="113.310046">
        <ele>0.5</ele>
        <time>2024-05-26T11:38:27Z</time>
      </trkpt>
      <trkpt lat="22.200907" lon="113.309992">
        <ele>0.5</ele>
        <time>2024-05-26T11:38:28Z</time>
      </trkpt>
      <trkpt lat="22.200942" lon="113.309933">
        <ele>0.5</ele>
        <time>2024-05-26T11:38:29Z</time>
      </trkpt>
      <trkpt lat="22.200977" lon="113.309878">
        <ele>0.5</ele>
        <time>2024-05-26T11:38:30Z</time>
      </trkpt>
      <trkpt lat="22.201009" lon="113.309825">
        <ele>0.5</ele>
        <time>2024-05-26T11:38:31Z</time>
      </trkpt>
      <trkpt lat="22.201039" lon="113.309771">
        <ele>0.6</ele>
        <time>2024-05-26T11:38:32Z</time>
      </trkpt>
      <trkpt lat="22.201069" lon="113.309718">
        <ele>0.6</ele>
        <time>2024-05-26T11:38:33Z</time>
      </trkpt>
      <trkpt lat="22.201096" lon="113.309665">
        <ele>0.6</ele>
        <time>2024-05-26T11:38:34Z</time>
      </trkpt>
      <trkpt lat="22.201126" lon="113.309611">
        <ele>0.6</ele>
        <time>2024-05-26T11:38:35Z</time>
      </trkpt>
      <trkpt lat="22.201155" lon="113.309558">
        <ele>0.6</ele>
        <time>2024-05-26T11:38:36Z</time>
      </trkpt>
      <trkpt lat="22.201185" lon="113.309511">
        <ele>0.6</ele>
        <time>2024-05-26T11:38:37Z</time>
      </trkpt>
      <trkpt lat="22.201216" lon="113.309471">
        <ele>0.6</ele>
        <time>2024-05-26T11:38:38Z</time>
      </trkpt>
      <trkpt lat="22.201248" lon="113.309439">
        <ele>0.6</ele>
        <time>2024-05-26T11:38:39Z</time>
      </trkpt>
      <trkpt lat="22.201277" lon="113.309408">
        <ele>0.6</ele>
        <time>2024-05-26T11:38:40Z</time>
      </trkpt>
      <trkpt lat="22.201298" lon="113.309384">
        <ele>0.6</ele>
        <time>2024-05-26T11:38:41Z</time>
      </trkpt>
      <trkpt lat="22.201309" lon="113.309367">
        <ele>0.6</ele>
        <time>2024-05-26T11:38:42Z</time>
      </trkpt>
      <trkpt lat="22.201313" lon="113.309358">
        <ele>0.6</ele>
        <time>2024-05-26T11:38:43Z</time>
      </trkpt>
      <trkpt lat="22.201315" lon="113.309338">
        <ele>0.6</ele>
        <time>2024-05-26T11:38:44Z</time>
      </trkpt>
      <trkpt lat="22.201318" lon="113.309315">
        <ele>0.6</ele>
        <time>2024-05-26T11:38:45Z</time>
      </trkpt>
      <trkpt lat="22.201331" lon="113.309286">
        <ele>0.6</ele>
        <time>2024-05-26T11:38:46Z</time>
      </trkpt>
      <trkpt lat="22.201356" lon="113.309262">
        <ele>0.6</ele>
        <time>2024-05-26T11:38:47Z</time>
      </trkpt>
      <trkpt lat="22.201376" lon="113.309233">
        <ele>0.6</ele>
        <time>2024-05-26T11:38:48Z</time>
      </trkpt>
      <trkpt lat="22.201394" lon="113.309196">
        <ele>0.6</ele>
        <time>2024-05-26T11:38:49Z</time>
      </trkpt>
      <trkpt lat="22.201406" lon="113.309158">
        <ele>0.6</ele>
        <time>2024-05-26T11:38:50Z</time>
      </trkpt>
      <trkpt lat="22.201422" lon="113.30912">
        <ele>0.6</ele>
        <time>2024-05-26T11:38:51Z</time>
      </trkpt>
      <trkpt lat="22.201445" lon="113.309088">
        <ele>0.6</ele>
        <time>2024-05-26T11:38:52Z</time>
      </trkpt>
      <trkpt lat="22.201467" lon="113.309057">
        <ele>0.6</ele>
        <time>2024-05-26T11:38:53Z</time>
      </trkpt>
      <trkpt lat="22.201489" lon="113.30902">
        <ele>0.6</ele>
        <time>2024-05-26T11:38:54Z</time>
      </trkpt>
      <trkpt lat="22.201508" lon="113.308989">
        <ele>0.7</ele>
        <time>2024-05-26T11:38:55Z</time>
      </trkpt>
      <trkpt lat="22.20153" lon="113.308952">
        <ele>0.7</ele>
        <time>2024-05-26T11:38:56Z</time>
      </trkpt>
      <trkpt lat="22.20155" lon="113.308914">
        <ele>0.7</ele>
        <time>2024-05-26T11:38:57Z</time>
      </trkpt>
      <trkpt lat="22.201574" lon="113.308882">
        <ele>0.7</ele>
        <time>2024-05-26T11:38:58Z</time>
      </trkpt>
      <trkpt lat="22.2016" lon="113.308845">
        <ele>0.7</ele>
        <time>2024-05-26T11:38:59Z</time>
      </trkpt>
      <trkpt lat="22.201627" lon="113.308801">
        <ele>0.7</ele>
        <time>2024-05-26T11:39:00Z</time>
      </trkpt>
      <trkpt lat="22.201652" lon="113.308755">
        <ele>0.7</ele>
        <time>2024-05-26T11:39:01Z</time>
      </trkpt>
      <trkpt lat="22.201676" lon="113.308703">
        <ele>0.7</ele>
        <time>2024-05-26T11:39:02Z</time>
      </trkpt>
      <trkpt lat="22.201703" lon="113.308649">
        <ele>0.7</ele>
        <time>2024-05-26T11:39:03Z</time>
      </trkpt>
      <trkpt lat="22.201734" lon="113.308596">
        <ele>0.7</ele>
        <time>2024-05-26T11:39:04Z</time>
      </trkpt>
      <trkpt lat="22.201762" lon="113.308549">
        <ele>0.7</ele>
        <time>2024-05-26T11:39:05Z</time>
      </trkpt>
      <trkpt lat="22.20179" lon="113.308497">
        <ele>0.7</ele>
        <time>2024-05-26T11:39:06Z</time>
      </trkpt>
      <trkpt lat="22.201818" lon="113.308456">
        <ele>0.7</ele>
        <time>2024-05-26T11:39:07Z</time>
      </trkpt>
      <trkpt lat="22.201844" lon="113.308411">
        <ele>0.7</ele>
        <time>2024-05-26T11:39:08Z</time>
      </trkpt>
      <trkpt lat="22.201871" lon="113.308372">
        <ele>0.7</ele>
        <time>2024-05-26T11:39:09Z</time>
      </trkpt>
      <trkpt lat="22.201893" lon="113.308328">
        <ele>0.7</ele>
        <time>2024-05-26T11:39:10Z</time>
      </trkpt>
      <trkpt lat="22.201915" lon="113.308282">
        <ele>0.8</ele>
        <time>2024-05-26T11:39:11Z</time>
      </trkpt>
      <trkpt lat="22.201941" lon="113.308243">
        <ele>0.8</ele>
        <time>2024-05-26T11:39:12Z</time>
      </trkpt>
      <trkpt lat="22.201969" lon="113.308198">
        <ele>0.8</ele>
        <time>2024-05-26T11:39:13Z</time>
      </trkpt>
      <trkpt lat="22.201998" lon="113.308152">
        <ele>0.8</ele>
        <time>2024-05-26T11:39:14Z</time>
      </trkpt>
      <trkpt lat="22.20203" lon="113.308107">
        <ele>0.8</ele>
        <time>2024-05-26T11:39:15Z</time>
      </trkpt>
      <trkpt lat="22.202062" lon="113.30806">
        <ele>0.8</ele>
        <time>2024-05-26T11:39:16Z</time>
      </trkpt>
      <trkpt lat="22.20209" lon="113.308015">
        <ele>0.8</ele>
        <time>2024-05-26T11:39:17Z</time>
      </trkpt>
      <trkpt lat="22.202114" lon="113.307969">
        <ele>0.8</ele>
        <time>2024-05-26T11:39:18Z</time>
      </trkpt>
      <trkpt lat="22.202138" lon="113.307929">
        <ele>0.8</ele>
        <time>2024-05-26T11:39:19Z</time>
      </trkpt>
      <trkpt lat="22.202164" lon="113.307885">
        <ele>0.8</ele>
        <time>2024-05-26T11:39:20Z</time>
      </trkpt>
      <trkpt lat="22.202191" lon="113.307846">
        <ele>0.8</ele>
        <time>2024-05-26T11:39:21Z</time>
      </trkpt>
      <trkpt lat="22.202218" lon="113.307802">
        <ele>0.8</ele>
        <time>2024-05-26T11:39:22Z</time>
      </trkpt>
      <trkpt lat="22.202243" lon="113.307762">
        <ele>0.8</ele>
        <time>2024-05-26T11:39:23Z</time>
      </trkpt>
      <trkpt lat="22.202269" lon="113.307723">
        <ele>0.8</ele>
        <time>2024-05-26T11:39:24Z</time>
      </trkpt>
      <trkpt lat="22.202298" lon="113.307685">
        <ele>0.8</ele>
        <time>2024-05-26T11:39:25Z</time>
      </trkpt>
      <trkpt lat="22.202325" lon="113.307641">
        <ele>0.8</ele>
        <time>2024-05-26T11:39:26Z</time>
      </trkpt>
      <trkpt lat="22.20235" lon="113.307595">
        <ele>0.8</ele>
        <time>2024-05-26T11:39:27Z</time>
      </trkpt>
      <trkpt lat="22.202377" lon="113.307544">
        <ele>0.9</ele>
        <time>2024-05-26T11:39:28Z</time>
      </trkpt>
      <trkpt lat="22.202405" lon="113.307496">
        <ele>0.9</ele>
        <time>2024-05-26T11:39:29Z</time>
      </trkpt>
      <trkpt lat="22.202433" lon="113.30745">
        <ele>0.9</ele>
        <time>2024-05-26T11:39:30Z</time>
      </trkpt>
      <trkpt lat="22.202457" lon="113.307411">
        <ele>0.9</ele>
        <time>2024-05-26T11:39:31Z</time>
      </trkpt>
      <trkpt lat="22.202481" lon="113.307373">
        <ele>0.9</ele>
        <time>2024-05-26T11:39:32Z</time>
      </trkpt>
      <trkpt lat="22.202507" lon="113.307335">
        <ele>0.9</ele>
        <time>2024-05-26T11:39:33Z</time>
      </trkpt>
      <trkpt lat="22.202536" lon="113.307291">
        <ele>0.9</ele>
        <time>2024-05-26T11:39:34Z</time>
      </trkpt>
      <trkpt lat="22.202566" lon="113.307245">
        <ele>0.9</ele>
        <time>2024-05-26T11:39:35Z</time>
      </trkpt>
      <trkpt lat="22.20259" lon="113.307205">
        <ele>0.9</ele>
        <time>2024-05-26T11:39:36Z</time>
      </trkpt>
      <trkpt lat="22.202612" lon="113.307167">
        <ele>0.9</ele>
        <time>2024-05-26T11:39:37Z</time>
      </trkpt>
      <trkpt lat="22.202634" lon="113.307122">
        <ele>1</ele>
        <time>2024-05-26T11:39:38Z</time>
      </trkpt>
      <trkpt lat="22.202662" lon="113.307076">
        <ele>1</ele>
        <time>2024-05-26T11:39:39Z</time>
      </trkpt>
      <trkpt lat="22.202694" lon="113.307024">
        <ele>1</ele>
        <time>2024-05-26T11:39:40Z</time>
      </trkpt>
      <trkpt lat="22.202728" lon="113.306977">
        <ele>1</ele>
        <time>2024-05-26T11:39:41Z</time>
      </trkpt>
      <trkpt lat="22.20276" lon="113.306919">
        <ele>1</ele>
        <time>2024-05-26T11:39:42Z</time>
      </trkpt>
      <trkpt lat="22.202792" lon="113.306864">
        <ele>1</ele>
        <time>2024-05-26T11:39:43Z</time>
      </trkpt>
      <trkpt lat="22.202825" lon="113.306805">
        <ele>1.1</ele>
        <time>2024-05-26T11:39:44Z</time>
      </trkpt>
      <trkpt lat="22.202858" lon="113.306743">
        <ele>1.1</ele>
        <time>2024-05-26T11:39:45Z</time>
      </trkpt>
      <trkpt lat="22.202892" lon="113.306682">
        <ele>1.1</ele>
        <time>2024-05-26T11:39:46Z</time>
      </trkpt>
      <trkpt lat="22.202929" lon="113.306621">
        <ele>1.1</ele>
        <time>2024-05-26T11:39:47Z</time>
      </trkpt>
      <trkpt lat="22.202974" lon="113.30656">
        <ele>1.1</ele>
        <time>2024-05-26T11:39:48Z</time>
      </trkpt>
      <trkpt lat="22.203021" lon="113.306499">
        <ele>1.1</ele>
        <time>2024-05-26T11:39:49Z</time>
      </trkpt>
      <trkpt lat="22.203065" lon="113.306438">
        <ele>1.2</ele>
        <time>2024-05-26T11:39:50Z</time>
      </trkpt>
      <trkpt lat="22.203104" lon="113.306372">
        <ele>1.2</ele>
        <time>2024-05-26T11:39:51Z</time>
      </trkpt>
      <trkpt lat="22.203147" lon="113.306303">
        <ele>1.2</ele>
        <time>2024-05-26T11:39:52Z</time>
      </trkpt>
      <trkpt lat="22.203191" lon="113.306234">
        <ele>1.2</ele>
        <time>2024-05-26T11:39:53Z</time>
      </trkpt>
      <trkpt lat="22.203237" lon="113.306164">
        <ele>1.3</ele>
        <time>2024-05-26T11:39:54Z</time>
      </trkpt>
      <trkpt lat="22.203282" lon="113.306091">
        <ele>1.3</ele>
        <time>2024-05-26T11:39:55Z</time>
      </trkpt>
      <trkpt lat="22.203327" lon="113.306022">
        <ele>1.3</ele>
        <time>2024-05-26T11:39:56Z</time>
      </trkpt>
      <trkpt lat="22.203374" lon="113.305952">
        <ele>1.3</ele>
        <time>2024-05-26T11:39:57Z</time>
      </trkpt>
      <trkpt lat="22.203421" lon="113.305883">
        <ele>1.3</ele>
        <time>2024-05-26T11:39:58Z</time>
      </trkpt>
      <trkpt lat="22.203466" lon="113.305814">
        <ele>1.4</ele>
        <time>2024-05-26T11:39:59Z</time>
      </trkpt>
      <trkpt lat="22.203511" lon="113.305752">
        <ele>1.4</ele>
        <time>2024-05-26T11:40:00Z</time>
      </trkpt>
      <trkpt lat="22.203559" lon="113.305685">
        <ele>1.4</ele>
        <time>2024-05-26T11:40:01Z</time>
      </trkpt>
      <trkpt lat="22.203608" lon="113.305628">
        <ele>1.4</ele>
        <time>2024-05-26T11:40:02Z</time>
      </trkpt>
      <trkpt lat="22.203659" lon="113.305569">
        <ele>1.3</ele>
        <time>2024-05-26T11:40:03Z</time>
      </trkpt>
      <trkpt lat="22.203709" lon="113.305508">
        <ele>1.3</ele>
        <time>2024-05-26T11:40:04Z</time>
      </trkpt>
      <trkpt lat="22.203755" lon="113.305441">
        <ele>1.3</ele>
        <time>2024-05-26T11:40:05Z</time>
      </trkpt>
      <trkpt lat="22.203798" lon="113.305378">
        <ele>1.3</ele>
        <time>2024-05-26T11:40:06Z</time>
      </trkpt>
      <trkpt lat="22.203832" lon="113.305311">
        <ele>1.3</ele>
        <time>2024-05-26T11:40:07Z</time>
      </trkpt>
      <trkpt lat="22.203861" lon="113.305249">
        <ele>1.3</ele>
        <time>2024-05-26T11:40:08Z</time>
      </trkpt>
      <trkpt lat="22.203896" lon="113.305187">
        <ele>1.3</ele>
        <time>2024-05-26T11:40:09Z</time>
      </trkpt>
      <trkpt lat="22.203937" lon="113.305127">
        <ele>1.3</ele>
        <time>2024-05-26T11:40:10Z</time>
      </trkpt>
      <trkpt lat="22.203976" lon="113.305071">
        <ele>1.3</ele>
        <time>2024-05-26T11:40:11Z</time>
      </trkpt>
      <trkpt lat="22.204009" lon="113.305025">
        <ele>1.2</ele>
        <time>2024-05-26T11:40:12Z</time>
      </trkpt>
      <trkpt lat="22.204048" lon="113.304973">
        <ele>1.2</ele>
        <time>2024-05-26T11:40:13Z</time>
      </trkpt>
      <trkpt lat="22.20409" lon="113.304925">
        <ele>1.2</ele>
        <time>2024-05-26T11:40:14Z</time>
      </trkpt>
      <trkpt lat="22.204138" lon="113.304879">
        <ele>1.2</ele>
        <time>2024-05-26T11:40:15Z</time>
      </trkpt>
      <trkpt lat="22.204186" lon="113.304839">
        <ele>1.2</ele>
        <time>2024-05-26T11:40:16Z</time>
      </trkpt>
      <trkpt lat="22.204237" lon="113.304808">
        <ele>1.2</ele>
        <time>2024-05-26T11:40:17Z</time>
      </trkpt>
      <trkpt lat="22.204284" lon="113.304777">
        <ele>1.2</ele>
        <time>2024-05-26T11:40:18Z</time>
      </trkpt>
      <trkpt lat="22.204329" lon="113.304735">
        <ele>1.2</ele>
        <time>2024-05-26T11:40:19Z</time>
      </trkpt>
      <trkpt lat="22.204373" lon="113.304695">
        <ele>1.2</ele>
        <time>2024-05-26T11:40:20Z</time>
      </trkpt>
      <trkpt lat="22.204418" lon="113.304657">
        <ele>1.2</ele>
        <time>2024-05-26T11:40:21Z</time>
      </trkpt>
      <trkpt lat="22.204455" lon="113.304619">
        <ele>1.2</ele>
        <time>2024-05-26T11:40:22Z</time>
      </trkpt>
      <trkpt lat="22.204488" lon="113.304581">
        <ele>1.1</ele>
        <time>2024-05-26T11:40:23Z</time>
      </trkpt>
      <trkpt lat="22.204517" lon="113.304542">
        <ele>1.1</ele>
        <time>2024-05-26T11:40:24Z</time>
      </trkpt>
      <trkpt lat="22.204556" lon="113.304504">
        <ele>1.1</ele>
        <time>2024-05-26T11:40:25Z</time>
      </trkpt>
      <trkpt lat="22.204599" lon="113.304466">
        <ele>1.1</ele>
        <time>2024-05-26T11:40:26Z</time>
      </trkpt>
      <trkpt lat="22.204647" lon="113.304434">
        <ele>1.1</ele>
        <time>2024-05-26T11:40:27Z</time>
      </trkpt>
      <trkpt lat="22.204692" lon="113.304404">
        <ele>1.1</ele>
        <time>2024-05-26T11:40:28Z</time>
      </trkpt>
      <trkpt lat="22.204734" lon="113.304367">
        <ele>1.1</ele>
        <time>2024-05-26T11:40:29Z</time>
      </trkpt>
      <trkpt lat="22.204777" lon="113.304322">
        <ele>1.3</ele>
        <time>2024-05-26T11:40:30Z</time>
      </trkpt>
      <trkpt lat="22.20482" lon="113.304283">
        <ele>1.6</ele>
        <time>2024-05-26T11:40:31Z</time>
      </trkpt>
      <trkpt lat="22.204867" lon="113.304245">
        <ele>1.9</ele>
        <time>2024-05-26T11:40:32Z</time>
      </trkpt>
      <trkpt lat="22.204916" lon="113.304206">
        <ele>2.2</ele>
        <time>2024-05-26T11:40:33Z</time>
      </trkpt>
      <trkpt lat="22.204961" lon="113.304162">
        <ele>2.5</ele>
        <time>2024-05-26T11:40:34Z</time>
      </trkpt>
      <trkpt lat="22.205008" lon="113.304116">
        <ele>2.9</ele>
        <time>2024-05-26T11:40:35Z</time>
      </trkpt>
      <trkpt lat="22.205057" lon="113.304077">
        <ele>3.2</ele>
        <time>2024-05-26T11:40:36Z</time>
      </trkpt>
      <trkpt lat="22.205105" lon="113.304039">
        <ele>3.5</ele>
        <time>2024-05-26T11:40:37Z</time>
      </trkpt>
      <trkpt lat="22.205156" lon="113.304013">
        <ele>3.7</ele>
        <time>2024-05-26T11:40:38Z</time>
      </trkpt>
      <trkpt lat="22.205211" lon="113.30399">
        <ele>4</ele>
        <time>2024-05-26T11:40:39Z</time>
      </trkpt>
      <trkpt lat="22.205264" lon="113.303967">
        <ele>4.3</ele>
        <time>2024-05-26T11:40:40Z</time>
      </trkpt>
      <trkpt lat="22.205318" lon="113.303938">
        <ele>4.6</ele>
        <time>2024-05-26T11:40:41Z</time>
      </trkpt>
      <trkpt lat="22.205367" lon="113.303914">
        <ele>4.9</ele>
        <time>2024-05-26T11:40:42Z</time>
      </trkpt>
      <trkpt lat="22.205416" lon="113.303897">
        <ele>5.2</ele>
        <time>2024-05-26T11:40:43Z</time>
      </trkpt>
      <trkpt lat="22.205471" lon="113.303882">
        <ele>5.4</ele>
        <time>2024-05-26T11:40:44Z</time>
      </trkpt>
      <trkpt lat="22.205523" lon="113.303873">
        <ele>5.7</ele>
        <time>2024-05-26T11:40:45Z</time>
      </trkpt>
      <trkpt lat="22.205572" lon="113.303871">
        <ele>6</ele>
        <time>2024-05-26T11:40:46Z</time>
      </trkpt>
      <trkpt lat="22.205626" lon="113.303871">
        <ele>6.2</ele>
        <time>2024-05-26T11:40:47Z</time>
      </trkpt>
      <trkpt lat="22.205683" lon="113.303877">
        <ele>6.5</ele>
        <time>2024-05-26T11:40:48Z</time>
      </trkpt>
      <trkpt lat="22.205742" lon="113.303891">
        <ele>6.8</ele>
        <time>2024-05-26T11:40:49Z</time>
      </trkpt>
      <trkpt lat="22.2058" lon="113.303907">
        <ele>7.1</ele>
        <time>2024-05-26T11:40:50Z</time>
      </trkpt>
      <trkpt lat="22.205859" lon="113.303928">
        <ele>7.4</ele>
        <time>2024-05-26T11:40:51Z</time>
      </trkpt>
      <trkpt lat="22.205915" lon="113.30397">
        <ele>7.8</ele>
        <time>2024-05-26T11:40:52Z</time>
      </trkpt>
      <trkpt lat="22.20597" lon="113.304009">
        <ele>8.1</ele>
        <time>2024-05-26T11:40:53Z</time>
      </trkpt>
      <trkpt lat="22.206024" lon="113.304053">
        <ele>8.4</ele>
        <time>2024-05-26T11:40:54Z</time>
      </trkpt>
      <trkpt lat="22.206073" lon="113.304098">
        <ele>8.8</ele>
        <time>2024-05-26T11:40:55Z</time>
      </trkpt>
      <trkpt lat="22.206121" lon="113.304145">
        <ele>9.1</ele>
        <time>2024-05-26T11:40:56Z</time>
      </trkpt>
      <trkpt lat="22.206161" lon="113.30419">
        <ele>9.4</ele>
        <time>2024-05-26T11:40:57Z</time>
      </trkpt>
      <trkpt lat="22.206199" lon="113.304249">
        <ele>9.7</ele>
        <time>2024-05-26T11:40:58Z</time>
      </trkpt>
      <trkpt lat="22.206238" lon="113.304304">
        <ele>10</ele>
        <time>2024-05-26T11:40:59Z</time>
      </trkpt>
      <trkpt lat="22.206285" lon="113.304351">
        <ele>10</ele>
        <time>2024-05-26T11:41:00Z</time>
      </trkpt>
      <trkpt lat="22.206335" lon="113.304397">
        <ele>9.9</ele>
        <time>2024-05-26T11:41:01Z</time>
      </trkpt>
      <trkpt lat="22.20639" lon="113.304443">
        <ele>9.8</ele>
        <time>2024-05-26T11:41:02Z</time>
      </trkpt>
      <trkpt lat="22.206447" lon="113.304482">
        <ele>9.6</ele>
        <time>2024-05-26T11:41:03Z</time>
      </trkpt>
      <trkpt lat="22.206504" lon="113.304526">
        <ele>9.5</ele>
        <time>2024-05-26T11:41:04Z</time>
      </trkpt>
      <trkpt lat="22.206557" lon="113.304572">
        <ele>9.4</ele>
        <time>2024-05-26T11:41:05Z</time>
      </trkpt>
      <trkpt lat="22.20661" lon="113.304618">
        <ele>9.2</ele>
        <time>2024-05-26T11:41:06Z</time>
      </trkpt>
      <trkpt lat="22.20666" lon="113.304664">
        <ele>9.1</ele>
        <time>2024-05-26T11:41:07Z</time>
      </trkpt>
      <trkpt lat="22.206712" lon="113.304716">
        <ele>9</ele>
        <time>2024-05-26T11:41:08Z</time>
      </trkpt>
      <trkpt lat="22.206771" lon="113.304757">
        <ele>8.8</ele>
        <time>2024-05-26T11:41:09Z</time>
      </trkpt>
      <trkpt lat="22.206828" lon="113.304789">
        <ele>8.7</ele>
        <time>2024-05-26T11:41:10Z</time>
      </trkpt>
      <trkpt lat="22.206887" lon="113.304825">
        <ele>8.6</ele>
        <time>2024-05-26T11:41:11Z</time>
      </trkpt>
      <trkpt lat="22.206942" lon="113.304869">
        <ele>8.4</ele>
        <time>2024-05-26T11:41:12Z</time>
      </trkpt>
      <trkpt lat="22.206996" lon="113.304909">
        <ele>8.3</ele>
        <time>2024-05-26T11:41:13Z</time>
      </trkpt>
      <trkpt lat="22.207053" lon="113.304947">
        <ele>8.2</ele>
        <time>2024-05-26T11:41:14Z</time>
      </trkpt>
      <trkpt lat="22.207117" lon="113.304979">
        <ele>8</ele>
        <time>2024-05-26T11:41:15Z</time>
      </trkpt>
      <trkpt lat="22.20718" lon="113.30501">
        <ele>7.9</ele>
        <time>2024-05-26T11:41:16Z</time>
      </trkpt>
      <trkpt lat="22.207244" lon="113.30504">
        <ele>7.8</ele>
        <time>2024-05-26T11:41:17Z</time>
      </trkpt>
      <trkpt lat="22.207307" lon="113.305077">
        <ele>7.6</ele>
        <time>2024-05-26T11:41:18Z</time>
      </trkpt>
      <trkpt lat="22.207368" lon="113.305109">
        <ele>7.5</ele>
        <time>2024-05-26T11:41:19Z</time>
      </trkpt>
      <trkpt lat="22.20743" lon="113.30514">
        <ele>7.4</ele>
        <time>2024-05-26T11:41:20Z</time>
      </trkpt>
      <trkpt lat="22.207488" lon="113.305164">
        <ele>7.2</ele>
        <time>2024-05-26T11:41:21Z</time>
      </trkpt>
      <trkpt lat="22.207547" lon="113.305187">
        <ele>7.1</ele>
        <time>2024-05-26T11:41:22Z</time>
      </trkpt>
      <trkpt lat="22.207607" lon="113.305191">
        <ele>7</ele>
        <time>2024-05-26T11:41:23Z</time>
      </trkpt>
      <trkpt lat="22.207669" lon="113.305185">
        <ele>6.9</ele>
        <time>2024-05-26T11:41:24Z</time>
      </trkpt>
      <trkpt lat="22.207733" lon="113.305183">
        <ele>6.8</ele>
        <time>2024-05-26T11:41:25Z</time>
      </trkpt>
      <trkpt lat="22.207799" lon="113.305177">
        <ele>6.6</ele>
        <time>2024-05-26T11:41:26Z</time>
      </trkpt>
      <trkpt lat="22.207868" lon="113.30517">
        <ele>6.6</ele>
        <time>2024-05-26T11:41:27Z</time>
      </trkpt>
      <trkpt lat="22.207937" lon="113.305165">
        <ele>6.6</ele>
        <time>2024-05-26T11:41:28Z</time>
      </trkpt>
      <trkpt lat="22.208006" lon="113.305161">
        <ele>6.7</ele>
        <time>2024-05-26T11:41:29Z</time>
      </trkpt>
      <trkpt lat="22.208076" lon="113.305149">
        <ele>6.7</ele>
        <time>2024-05-26T11:41:30Z</time>
      </trkpt>
      <trkpt lat="22.208144" lon="113.305134">
        <ele>6.7</ele>
        <time>2024-05-26T11:41:31Z</time>
      </trkpt>
      <trkpt lat="22.208212" lon="113.305119">
        <ele>6.7</ele>
        <time>2024-05-26T11:41:32Z</time>
      </trkpt>
      <trkpt lat="22.208278" lon="113.305098">
        <ele>6.7</ele>
        <time>2024-05-26T11:41:33Z</time>
      </trkpt>
      <trkpt lat="22.208342" lon="113.305075">
        <ele>6.8</ele>
        <time>2024-05-26T11:41:34Z</time>
      </trkpt>
      <trkpt lat="22.208407" lon="113.305046">
        <ele>6.8</ele>
        <time>2024-05-26T11:41:35Z</time>
      </trkpt>
      <trkpt lat="22.208472" lon="113.305015">
        <ele>6.8</ele>
        <time>2024-05-26T11:41:36Z</time>
      </trkpt>
      <trkpt lat="22.208537" lon="113.304991">
        <ele>6.8</ele>
        <time>2024-05-26T11:41:37Z</time>
      </trkpt>
      <trkpt lat="22.208602" lon="113.304968">
        <ele>6.9</ele>
        <time>2024-05-26T11:41:38Z</time>
      </trkpt>
      <trkpt lat="22.208667" lon="113.304945">
        <ele>6.9</ele>
        <time>2024-05-26T11:41:39Z</time>
      </trkpt>
      <trkpt lat="22.208733" lon="113.304922">
        <ele>6.9</ele>
        <time>2024-05-26T11:41:40Z</time>
      </trkpt>
      <trkpt lat="22.2088" lon="113.304905">
        <ele>6.9</ele>
        <time>2024-05-26T11:41:41Z</time>
      </trkpt>
      <trkpt lat="22.208868" lon="113.30489">
        <ele>6.9</ele>
        <time>2024-05-26T11:41:42Z</time>
      </trkpt>
      <trkpt lat="22.208937" lon="113.30488">
        <ele>7</ele>
        <time>2024-05-26T11:41:43Z</time>
      </trkpt>
      <trkpt lat="22.209005" lon="113.304873">
        <ele>7</ele>
        <time>2024-05-26T11:41:44Z</time>
      </trkpt>
      <trkpt lat="22.209076" lon="113.304865">
        <ele>7</ele>
        <time>2024-05-26T11:41:45Z</time>
      </trkpt>
      <trkpt lat="22.209147" lon="113.304857">
        <ele>7</ele>
        <time>2024-05-26T11:41:46Z</time>
      </trkpt>
      <trkpt lat="22.209217" lon="113.304855">
        <ele>7</ele>
        <time>2024-05-26T11:41:47Z</time>
      </trkpt>
      <trkpt lat="22.209288" lon="113.30485">
        <ele>7.1</ele>
        <time>2024-05-26T11:41:48Z</time>
      </trkpt>
      <trkpt lat="22.209357" lon="113.304842">
        <ele>7.1</ele>
        <time>2024-05-26T11:41:49Z</time>
      </trkpt>
      <trkpt lat="22.209425" lon="113.30484">
        <ele>7.1</ele>
        <time>2024-05-26T11:41:50Z</time>
      </trkpt>
      <trkpt lat="22.209493" lon="113.30484">
        <ele>7.1</ele>
        <time>2024-05-26T11:41:51Z</time>
      </trkpt>
      <trkpt lat="22.209562" lon="113.304834">
        <ele>7.2</ele>
        <time>2024-05-26T11:41:52Z</time>
      </trkpt>
      <trkpt lat="22.20963" lon="113.304838">
        <ele>7.3</ele>
        <time>2024-05-26T11:41:53Z</time>
      </trkpt>
      <trkpt lat="22.209694" lon="113.30484">
        <ele>7.5</ele>
        <time>2024-05-26T11:41:54Z</time>
      </trkpt>
      <trkpt lat="22.209756" lon="113.304834">
        <ele>7.6</ele>
        <time>2024-05-26T11:41:55Z</time>
      </trkpt>
      <trkpt lat="22.209817" lon="113.304832">
        <ele>7.8</ele>
        <time>2024-05-26T11:41:56Z</time>
      </trkpt>
      <trkpt lat="22.209876" lon="113.304827">
        <ele>7.9</ele>
        <time>2024-05-26T11:41:57Z</time>
      </trkpt>
      <trkpt lat="22.209932" lon="113.304825">
        <ele>8.1</ele>
        <time>2024-05-26T11:41:58Z</time>
      </trkpt>
      <trkpt lat="22.209987" lon="113.304825">
        <ele>8.2</ele>
        <time>2024-05-26T11:41:59Z</time>
      </trkpt>
      <trkpt lat="22.210044" lon="113.304819">
        <ele>8.4</ele>
        <time>2024-05-26T11:42:00Z</time>
      </trkpt>
      <trkpt lat="22.210098" lon="113.304817">
        <ele>8.5</ele>
        <time>2024-05-26T11:42:01Z</time>
      </trkpt>
      <trkpt lat="22.210151" lon="113.304811">
        <ele>8.7</ele>
        <time>2024-05-26T11:42:02Z</time>
      </trkpt>
      <trkpt lat="22.210202" lon="113.304804">
        <ele>8.8</ele>
        <time>2024-05-26T11:42:03Z</time>
      </trkpt>
      <trkpt lat="22.210253" lon="113.304802">
        <ele>8.9</ele>
        <time>2024-05-26T11:42:04Z</time>
      </trkpt>
      <trkpt lat="22.210305" lon="113.304802">
        <ele>9.1</ele>
        <time>2024-05-26T11:42:05Z</time>
      </trkpt>
      <trkpt lat="22.210357" lon="113.304796">
        <ele>9.2</ele>
        <time>2024-05-26T11:42:06Z</time>
      </trkpt>
      <trkpt lat="22.210412" lon="113.304794">
        <ele>9.3</ele>
        <time>2024-05-26T11:42:07Z</time>
      </trkpt>
      <trkpt lat="22.210468" lon="113.304789">
        <ele>9.5</ele>
        <time>2024-05-26T11:42:08Z</time>
      </trkpt>
      <trkpt lat="22.210527" lon="113.304781">
        <ele>9.6</ele>
        <time>2024-05-26T11:42:09Z</time>
      </trkpt>
      <trkpt lat="22.210584" lon="113.304773">
        <ele>9.8</ele>
        <time>2024-05-26T11:42:10Z</time>
      </trkpt>
      <trkpt lat="22.210643" lon="113.304771">
        <ele>9.9</ele>
        <time>2024-05-26T11:42:11Z</time>
      </trkpt>
      <trkpt lat="22.210702" lon="113.304766">
        <ele>10.1</ele>
        <time>2024-05-26T11:42:12Z</time>
      </trkpt>
      <trkpt lat="22.21076" lon="113.304758">
        <ele>10.2</ele>
        <time>2024-05-26T11:42:13Z</time>
      </trkpt>
      <trkpt lat="22.210815" lon="113.30475">
        <ele>10.4</ele>
        <time>2024-05-26T11:42:14Z</time>
      </trkpt>
      <trkpt lat="22.210871" lon="113.304749">
        <ele>10.5</ele>
        <time>2024-05-26T11:42:15Z</time>
      </trkpt>
      <trkpt lat="22.210926" lon="113.304743">
        <ele>10.7</ele>
        <time>2024-05-26T11:42:16Z</time>
      </trkpt>
      <trkpt lat="22.210979" lon="113.304741">
        <ele>10.8</ele>
        <time>2024-05-26T11:42:17Z</time>
      </trkpt>
      <trkpt lat="22.211033" lon="113.304735">
        <ele>10.9</ele>
        <time>2024-05-26T11:42:18Z</time>
      </trkpt>
      <trkpt lat="22.211086" lon="113.304728">
        <ele>11.1</ele>
        <time>2024-05-26T11:42:19Z</time>
      </trkpt>
      <trkpt lat="22.211142" lon="113.30472">
        <ele>11.2</ele>
        <time>2024-05-26T11:42:20Z</time>
      </trkpt>
      <trkpt lat="22.211195" lon="113.304718">
        <ele>11.4</ele>
        <time>2024-05-26T11:42:21Z</time>
      </trkpt>
      <trkpt lat="22.211248" lon="113.304712">
        <ele>11.5</ele>
        <time>2024-05-26T11:42:22Z</time>
      </trkpt>
      <trkpt lat="22.211303" lon="113.304705">
        <ele>11.6</ele>
        <time>2024-05-26T11:42:23Z</time>
      </trkpt>
      <trkpt lat="22.211359" lon="113.304703">
        <ele>11.8</ele>
        <time>2024-05-26T11:42:24Z</time>
      </trkpt>
      <trkpt lat="22.211412" lon="113.304703">
        <ele>11.8</ele>
        <time>2024-05-26T11:42:25Z</time>
      </trkpt>
      <trkpt lat="22.211467" lon="113.304697">
        <ele>11.9</ele>
        <time>2024-05-26T11:42:26Z</time>
      </trkpt>
      <trkpt lat="22.21152" lon="113.304689">
        <ele>11.9</ele>
        <time>2024-05-26T11:42:27Z</time>
      </trkpt>
      <trkpt lat="22.211573" lon="113.304682">
        <ele>12</ele>
        <time>2024-05-26T11:42:28Z</time>
      </trkpt>
      <trkpt lat="22.211628" lon="113.304674">
        <ele>12</ele>
        <time>2024-05-26T11:42:29Z</time>
      </trkpt>
      <trkpt lat="22.211687" lon="113.304672">
        <ele>12.1</ele>
        <time>2024-05-26T11:42:30Z</time>
      </trkpt>
      <trkpt lat="22.211748" lon="113.304667">
        <ele>12.1</ele>
        <time>2024-05-26T11:42:31Z</time>
      </trkpt>
      <trkpt lat="22.211808" lon="113.304659">
        <ele>12.2</ele>
        <time>2024-05-26T11:42:32Z</time>
      </trkpt>
      <trkpt lat="22.211867" lon="113.304646">
        <ele>12.2</ele>
        <time>2024-05-26T11:42:33Z</time>
      </trkpt>
      <trkpt lat="22.211928" lon="113.304636">
        <ele>12.3</ele>
        <time>2024-05-26T11:42:34Z</time>
      </trkpt>
      <trkpt lat="22.211988" lon="113.304628">
        <ele>12.3</ele>
        <time>2024-05-26T11:42:35Z</time>
      </trkpt>
      <trkpt lat="22.212046" lon="113.304615">
        <ele>12.4</ele>
        <time>2024-05-26T11:42:36Z</time>
      </trkpt>
      <trkpt lat="22.212107" lon="113.304605">
        <ele>12.4</ele>
        <time>2024-05-26T11:42:37Z</time>
      </trkpt>
      <trkpt lat="22.212166" lon="113.304592">
        <ele>12.5</ele>
        <time>2024-05-26T11:42:38Z</time>
      </trkpt>
      <trkpt lat="22.212226" lon="113.304577">
        <ele>12.5</ele>
        <time>2024-05-26T11:42:39Z</time>
      </trkpt>
      <trkpt lat="22.212283" lon="113.304562">
        <ele>12.6</ele>
        <time>2024-05-26T11:42:40Z</time>
      </trkpt>
      <trkpt lat="22.21234" lon="113.304541">
        <ele>12.6</ele>
        <time>2024-05-26T11:42:41Z</time>
      </trkpt>
      <trkpt lat="22.212396" lon="113.304518">
        <ele>12.7</ele>
        <time>2024-05-26T11:42:42Z</time>
      </trkpt>
      <trkpt lat="22.212449" lon="113.304489">
        <ele>12.7</ele>
        <time>2024-05-26T11:42:43Z</time>
      </trkpt>
      <trkpt lat="22.2125" lon="113.304459">
        <ele>12.8</ele>
        <time>2024-05-26T11:42:44Z</time>
      </trkpt>
      <trkpt lat="22.212548" lon="113.304428">
        <ele>12.8</ele>
        <time>2024-05-26T11:42:45Z</time>
      </trkpt>
      <trkpt lat="22.212597" lon="113.304397">
        <ele>12.9</ele>
        <time>2024-05-26T11:42:46Z</time>
      </trkpt>
      <trkpt lat="22.212646" lon="113.304356">
        <ele>12.9</ele>
        <time>2024-05-26T11:42:47Z</time>
      </trkpt>
      <trkpt lat="22.212694" lon="113.304316">
        <ele>13</ele>
        <time>2024-05-26T11:42:48Z</time>
      </trkpt>
      <trkpt lat="22.212741" lon="113.304272">
        <ele>13</ele>
        <time>2024-05-26T11:42:49Z</time>
      </trkpt>
      <trkpt lat="22.212786" lon="113.304226">
        <ele>13.1</ele>
        <time>2024-05-26T11:42:50Z</time>
      </trkpt>
      <trkpt lat="22.21283" lon="113.30418">
        <ele>13.1</ele>
        <time>2024-05-26T11:42:51Z</time>
      </trkpt>
      <trkpt lat="22.212871" lon="113.304135">
        <ele>13.2</ele>
        <time>2024-05-26T11:42:52Z</time>
      </trkpt>
      <trkpt lat="22.212912" lon="113.304088">
        <ele>13.2</ele>
        <time>2024-05-26T11:42:53Z</time>
      </trkpt>
      <trkpt lat="22.212954" lon="113.304042">
        <ele>13.3</ele>
        <time>2024-05-26T11:42:54Z</time>
      </trkpt>
      <trkpt lat="22.212998" lon="113.303997">
        <ele>13.3</ele>
        <time>2024-05-26T11:42:55Z</time>
      </trkpt>
      <trkpt lat="22.213041" lon="113.303951">
        <ele>13.3</ele>
        <time>2024-05-26T11:42:56Z</time>
      </trkpt>
      <trkpt lat="22.213078" lon="113.303911">
        <ele>13.3</ele>
        <time>2024-05-26T11:42:57Z</time>
      </trkpt>
      <trkpt lat="22.213116" lon="113.303861">
        <ele>13.3</ele>
        <time>2024-05-26T11:42:58Z</time>
      </trkpt>
      <trkpt lat="22.213153" lon="113.303813">
        <ele>13.3</ele>
        <time>2024-05-26T11:42:59Z</time>
      </trkpt>
      <trkpt lat="22.21319" lon="113.303768">
        <ele>13.3</ele>
        <time>2024-05-26T11:43:00Z</time>
      </trkpt>
      <trkpt lat="22.213227" lon="113.303722">
        <ele>13.3</ele>
        <time>2024-05-26T11:43:01Z</time>
      </trkpt>
      <trkpt lat="22.213263" lon="113.303677">
        <ele>13.3</ele>
        <time>2024-05-26T11:43:02Z</time>
      </trkpt>
      <trkpt lat="22.213298" lon="113.303637">
        <ele>13.3</ele>
        <time>2024-05-26T11:43:03Z</time>
      </trkpt>
      <trkpt lat="22.213335" lon="113.303598">
        <ele>13.3</ele>
        <time>2024-05-26T11:43:04Z</time>
      </trkpt>
      <trkpt lat="22.213375" lon="113.303555">
        <ele>13.2</ele>
        <time>2024-05-26T11:43:05Z</time>
      </trkpt>
      <trkpt lat="22.213413" lon="113.303509">
        <ele>13.2</ele>
        <time>2024-05-26T11:43:06Z</time>
      </trkpt>
      <trkpt lat="22.213454" lon="113.303463">
        <ele>13.2</ele>
        <time>2024-05-26T11:43:07Z</time>
      </trkpt>
      <trkpt lat="22.213496" lon="113.303423">
        <ele>13.2</ele>
        <time>2024-05-26T11:43:08Z</time>
      </trkpt>
      <trkpt lat="22.213538" lon="113.303385">
        <ele>13.2</ele>
        <time>2024-05-26T11:43:09Z</time>
      </trkpt>
      <trkpt lat="22.213581" lon="113.303341">
        <ele>13.2</ele>
        <time>2024-05-26T11:43:10Z</time>
      </trkpt>
      <trkpt lat="22.213628" lon="113.303301">
        <ele>13.2</ele>
        <time>2024-05-26T11:43:11Z</time>
      </trkpt>
      <trkpt lat="22.213676" lon="113.303268">
        <ele>13.2</ele>
        <time>2024-05-26T11:43:12Z</time>
      </trkpt>
      <trkpt lat="22.213725" lon="113.303232">
        <ele>13.2</ele>
        <time>2024-05-26T11:43:13Z</time>
      </trkpt>
      <trkpt lat="22.213775" lon="113.3032">
        <ele>13.2</ele>
        <time>2024-05-26T11:43:14Z</time>
      </trkpt>
      <trkpt lat="22.213826" lon="113.303164">
        <ele>13.2</ele>
        <time>2024-05-26T11:43:15Z</time>
      </trkpt>
      <trkpt lat="22.213879" lon="113.303131">
        <ele>13.2</ele>
        <time>2024-05-26T11:43:16Z</time>
      </trkpt>
      <trkpt lat="22.213935" lon="113.303106">
        <ele>13.2</ele>
        <time>2024-05-26T11:43:17Z</time>
      </trkpt>
      <trkpt lat="22.213992" lon="113.303083">
        <ele>13.1</ele>
        <time>2024-05-26T11:43:18Z</time>
      </trkpt>
      <trkpt lat="22.214054" lon="113.30306">
        <ele>13.1</ele>
        <time>2024-05-26T11:43:19Z</time>
      </trkpt>
      <trkpt lat="22.214117" lon="113.303038">
        <ele>13.1</ele>
        <time>2024-05-26T11:43:20Z</time>
      </trkpt>
      <trkpt lat="22.214181" lon="113.303015">
        <ele>13.1</ele>
        <time>2024-05-26T11:43:21Z</time>
      </trkpt>
      <trkpt lat="22.214247" lon="113.302998">
        <ele>13.1</ele>
        <time>2024-05-26T11:43:22Z</time>
      </trkpt>
      <trkpt lat="22.214314" lon="113.302977">
        <ele>13.1</ele>
        <time>2024-05-26T11:43:23Z</time>
      </trkpt>
      <trkpt lat="22.214385" lon="113.30296">
        <ele>13.1</ele>
        <time>2024-05-26T11:43:24Z</time>
      </trkpt>
      <trkpt lat="22.214457" lon="113.302944">
        <ele>13</ele>
        <time>2024-05-26T11:43:25Z</time>
      </trkpt>
      <trkpt lat="22.214528" lon="113.302929">
        <ele>12.8</ele>
        <time>2024-05-26T11:43:26Z</time>
      </trkpt>
      <trkpt lat="22.214603" lon="113.302913">
        <ele>12.6</ele>
        <time>2024-05-26T11:43:27Z</time>
      </trkpt>
      <trkpt lat="22.214675" lon="113.302898">
        <ele>12.4</ele>
        <time>2024-05-26T11:43:28Z</time>
      </trkpt>
      <trkpt lat="22.214748" lon="113.302883">
        <ele>12.2</ele>
        <time>2024-05-26T11:43:29Z</time>
      </trkpt>
      <trkpt lat="22.214821" lon="113.302868">
        <ele>12</ele>
        <time>2024-05-26T11:43:30Z</time>
      </trkpt>
      <trkpt lat="22.214895" lon="113.302858">
        <ele>11.8</ele>
        <time>2024-05-26T11:43:31Z</time>
      </trkpt>
      <trkpt lat="22.214965" lon="113.302845">
        <ele>11.7</ele>
        <time>2024-05-26T11:43:32Z</time>
      </trkpt>
      <trkpt lat="22.215037" lon="113.302835">
        <ele>11.5</ele>
        <time>2024-05-26T11:43:33Z</time>
      </trkpt>
      <trkpt lat="22.215108" lon="113.302828">
        <ele>11.3</ele>
        <time>2024-05-26T11:43:34Z</time>
      </trkpt>
      <trkpt lat="22.215179" lon="113.30282">
        <ele>11.1</ele>
        <time>2024-05-26T11:43:35Z</time>
      </trkpt>
      <trkpt lat="22.215247" lon="113.302813">
        <ele>10.9</ele>
        <time>2024-05-26T11:43:36Z</time>
      </trkpt>
      <trkpt lat="22.215312" lon="113.302805">
        <ele>10.8</ele>
        <time>2024-05-26T11:43:37Z</time>
      </trkpt>
      <trkpt lat="22.21538" lon="113.302797">
        <ele>10.6</ele>
        <time>2024-05-26T11:43:38Z</time>
      </trkpt>
      <trkpt lat="22.215446" lon="113.302783">
        <ele>10.4</ele>
        <time>2024-05-26T11:43:39Z</time>
      </trkpt>
      <trkpt lat="22.215512" lon="113.302774">
        <ele>10.3</ele>
        <time>2024-05-26T11:43:40Z</time>
      </trkpt>
      <trkpt lat="22.215574" lon="113.30276">
        <ele>10.1</ele>
        <time>2024-05-26T11:43:41Z</time>
      </trkpt>
      <trkpt lat="22.215633" lon="113.302751">
        <ele>9.9</ele>
        <time>2024-05-26T11:43:42Z</time>
      </trkpt>
      <trkpt lat="22.215685" lon="113.302744">
        <ele>9.8</ele>
        <time>2024-05-26T11:43:43Z</time>
      </trkpt>
      <trkpt lat="22.215739" lon="113.30273">
        <ele>9.7</ele>
        <time>2024-05-26T11:43:44Z</time>
      </trkpt>
      <trkpt lat="22.215795" lon="113.302714">
        <ele>9.5</ele>
        <time>2024-05-26T11:43:45Z</time>
      </trkpt>
      <trkpt lat="22.215848" lon="113.302693">
        <ele>9.4</ele>
        <time>2024-05-26T11:43:46Z</time>
      </trkpt>
      <trkpt lat="22.215899" lon="113.302664">
        <ele>9.2</ele>
        <time>2024-05-26T11:43:47Z</time>
      </trkpt>
      <trkpt lat="22.215945" lon="113.302627">
        <ele>9.1</ele>
        <time>2024-05-26T11:43:48Z</time>
      </trkpt>
      <trkpt lat="22.215991" lon="113.302583">
        <ele>8.9</ele>
        <time>2024-05-26T11:43:49Z</time>
      </trkpt>
      <trkpt lat="22.216037" lon="113.302537">
        <ele>8.8</ele>
        <time>2024-05-26T11:43:50Z</time>
      </trkpt>
      <trkpt lat="22.216086" lon="113.302492">
        <ele>8.6</ele>
        <time>2024-05-26T11:43:51Z</time>
      </trkpt>
      <trkpt lat="22.216137" lon="113.302446">
        <ele>8.5</ele>
        <time>2024-05-26T11:43:52Z</time>
      </trkpt>
      <trkpt lat="22.21619" lon="113.302412">
        <ele>8.5</ele>
        <time>2024-05-26T11:43:53Z</time>
      </trkpt>
      <trkpt lat="22.216236" lon="113.302375">
        <ele>8.5</ele>
        <time>2024-05-26T11:43:54Z</time>
      </trkpt>
      <trkpt lat="22.216287" lon="113.30235">
        <ele>8.5</ele>
        <time>2024-05-26T11:43:55Z</time>
      </trkpt>
      <trkpt lat="22.216344" lon="113.302327">
        <ele>8.5</ele>
        <time>2024-05-26T11:43:56Z</time>
      </trkpt>
      <trkpt lat="22.216399" lon="113.302304">
        <ele>8.5</ele>
        <time>2024-05-26T11:43:57Z</time>
      </trkpt>
      <trkpt lat="22.216453" lon="113.302281">
        <ele>8.5</ele>
        <time>2024-05-26T11:43:58Z</time>
      </trkpt>
      <trkpt lat="22.216508" lon="113.302258">
        <ele>8.5</ele>
        <time>2024-05-26T11:43:59Z</time>
      </trkpt>
      <trkpt lat="22.216566" lon="113.302235">
        <ele>8.5</ele>
        <time>2024-05-26T11:44:00Z</time>
      </trkpt>
      <trkpt lat="22.216628" lon="113.302225">
        <ele>8.5</ele>
        <time>2024-05-26T11:44:01Z</time>
      </trkpt>
      <trkpt lat="22.216694" lon="113.302217">
        <ele>8.5</ele>
        <time>2024-05-26T11:44:02Z</time>
      </trkpt>
      <trkpt lat="22.216754" lon="113.302222">
        <ele>8.6</ele>
        <time>2024-05-26T11:44:03Z</time>
      </trkpt>
      <trkpt lat="22.216809" lon="113.302217">
        <ele>8.6</ele>
        <time>2024-05-26T11:44:04Z</time>
      </trkpt>
      <trkpt lat="22.216862" lon="113.302209">
        <ele>8.6</ele>
        <time>2024-05-26T11:44:05Z</time>
      </trkpt>
      <trkpt lat="22.216912" lon="113.302202">
        <ele>8.6</ele>
        <time>2024-05-26T11:44:06Z</time>
      </trkpt>
      <trkpt lat="22.21697" lon="113.3022">
        <ele>8.6</ele>
        <time>2024-05-26T11:44:07Z</time>
      </trkpt>
      <trkpt lat="22.217032" lon="113.3022">
        <ele>8.6</ele>
        <time>2024-05-26T11:44:08Z</time>
      </trkpt>
      <trkpt lat="22.217095" lon="113.3022">
        <ele>8.6</ele>
        <time>2024-05-26T11:44:09Z</time>
      </trkpt>
      <trkpt lat="22.217159" lon="113.302194">
        <ele>8.6</ele>
        <time>2024-05-26T11:44:10Z</time>
      </trkpt>
      <trkpt lat="22.217219" lon="113.302186">
        <ele>8.6</ele>
        <time>2024-05-26T11:44:11Z</time>
      </trkpt>
      <trkpt lat="22.217279" lon="113.302179">
        <ele>8.6</ele>
        <time>2024-05-26T11:44:12Z</time>
      </trkpt>
      <trkpt lat="22.217337" lon="113.302165">
        <ele>8.6</ele>
        <time>2024-05-26T11:44:13Z</time>
      </trkpt>
      <trkpt lat="22.217389" lon="113.30215">
        <ele>8.6</ele>
        <time>2024-05-26T11:44:14Z</time>
      </trkpt>
      <trkpt lat="22.217434" lon="113.302122">
        <ele>8.6</ele>
        <time>2024-05-26T11:44:15Z</time>
      </trkpt>
      <trkpt lat="22.21749" lon="113.302098">
        <ele>8.6</ele>
        <time>2024-05-26T11:44:16Z</time>
      </trkpt>
      <trkpt lat="22.217546" lon="113.302069">
        <ele>8.6</ele>
        <time>2024-05-26T11:44:17Z</time>
      </trkpt>
      <trkpt lat="22.217599" lon="113.302032">
        <ele>8.6</ele>
        <time>2024-05-26T11:44:18Z</time>
      </trkpt>
      <trkpt lat="22.217651" lon="113.301994">
        <ele>8.6</ele>
        <time>2024-05-26T11:44:19Z</time>
      </trkpt>
      <trkpt lat="22.217702" lon="113.301956">
        <ele>8.6</ele>
        <time>2024-05-26T11:44:20Z</time>
      </trkpt>
      <trkpt lat="22.217745" lon="113.301924">
        <ele>8.7</ele>
        <time>2024-05-26T11:44:21Z</time>
      </trkpt>
      <trkpt lat="22.217772" lon="113.3019">
        <ele>8.7</ele>
        <time>2024-05-26T11:44:22Z</time>
      </trkpt>
      <trkpt lat="22.217799" lon="113.301877">
        <ele>8.6</ele>
        <time>2024-05-26T11:44:23Z</time>
      </trkpt>
      <trkpt lat="22.217819" lon="113.301854">
        <ele>8.6</ele>
        <time>2024-05-26T11:44:24Z</time>
      </trkpt>
      <trkpt lat="22.217842" lon="113.301825">
        <ele>8.6</ele>
        <time>2024-05-26T11:44:25Z</time>
      </trkpt>
      <trkpt lat="22.21786" lon="113.301795">
        <ele>8.6</ele>
        <time>2024-05-26T11:44:26Z</time>
      </trkpt>
      <trkpt lat="22.217875" lon="113.30177">
        <ele>8.5</ele>
        <time>2024-05-26T11:44:27Z</time>
      </trkpt>
      <trkpt lat="22.217892" lon="113.301747">
        <ele>8.5</ele>
        <time>2024-05-26T11:44:28Z</time>
      </trkpt>
      <trkpt lat="22.217906" lon="113.301724">
        <ele>8.5</ele>
        <time>2024-05-26T11:44:29Z</time>
      </trkpt>
      <trkpt lat="22.217921" lon="113.301707">
        <ele>8.5</ele>
        <time>2024-05-26T11:44:30Z</time>
      </trkpt>
      <trkpt lat="22.217938" lon="113.301686">
        <ele>8.5</ele>
        <time>2024-05-26T11:44:31Z</time>
      </trkpt>
      <trkpt lat="22.217957" lon="113.301663">
        <ele>8.4</ele>
        <time>2024-05-26T11:44:32Z</time>
      </trkpt>
      <trkpt lat="22.217973" lon="113.30164">
        <ele>8.4</ele>
        <time>2024-05-26T11:44:33Z</time>
      </trkpt>
      <trkpt lat="22.217991" lon="113.301611">
        <ele>8.4</ele>
        <time>2024-05-26T11:44:34Z</time>
      </trkpt>
      <trkpt lat="22.218015" lon="113.301581">
        <ele>8.4</ele>
        <time>2024-05-26T11:44:35Z</time>
      </trkpt>
      <trkpt lat="22.218046" lon="113.30155">
        <ele>8.3</ele>
        <time>2024-05-26T11:44:36Z</time>
      </trkpt>
      <trkpt lat="22.21808" lon="113.301513">
        <ele>8.3</ele>
        <time>2024-05-26T11:44:37Z</time>
      </trkpt>
      <trkpt lat="22.218109" lon="113.301476">
        <ele>8.3</ele>
        <time>2024-05-26T11:44:38Z</time>
      </trkpt>
      <trkpt lat="22.218144" lon="113.301437">
        <ele>8.2</ele>
        <time>2024-05-26T11:44:39Z</time>
      </trkpt>
      <trkpt lat="22.21818" lon="113.301399">
        <ele>8.2</ele>
        <time>2024-05-26T11:44:40Z</time>
      </trkpt>
      <trkpt lat="22.218218" lon="113.301367">
        <ele>8.1</ele>
        <time>2024-05-26T11:44:41Z</time>
      </trkpt>
      <trkpt lat="22.218248" lon="113.301331">
        <ele>8.1</ele>
        <time>2024-05-26T11:44:42Z</time>
      </trkpt>
      <trkpt lat="22.218274" lon="113.301298">
        <ele>8.1</ele>
        <time>2024-05-26T11:44:43Z</time>
      </trkpt>
      <trkpt lat="22.218302" lon="113.301268">
        <ele>8</ele>
        <time>2024-05-26T11:44:44Z</time>
      </trkpt>
      <trkpt lat="22.218324" lon="113.301238">
        <ele>8</ele>
        <time>2024-05-26T11:44:45Z</time>
      </trkpt>
      <trkpt lat="22.218345" lon="113.301213">
        <ele>8</ele>
        <time>2024-05-26T11:44:46Z</time>
      </trkpt>
      <trkpt lat="22.218372" lon="113.301184">
        <ele>7.9</ele>
        <time>2024-05-26T11:44:47Z</time>
      </trkpt>
      <trkpt lat="22.218409" lon="113.301153">
        <ele>7.9</ele>
        <time>2024-05-26T11:44:48Z</time>
      </trkpt>
      <trkpt lat="22.218455" lon="113.301129">
        <ele>7.9</ele>
        <time>2024-05-26T11:44:49Z</time>
      </trkpt>
      <trkpt lat="22.218495" lon="113.301112">
        <ele>7.8</ele>
        <time>2024-05-26T11:44:50Z</time>
      </trkpt>
      <trkpt lat="22.218533" lon="113.301097">
        <ele>7.8</ele>
        <time>2024-05-26T11:44:51Z</time>
      </trkpt>
      <trkpt lat="22.218576" lon="113.301082">
        <ele>7.8</ele>
        <time>2024-05-26T11:44:52Z</time>
      </trkpt>
      <trkpt lat="22.218623" lon="113.301066">
        <ele>7.7</ele>
        <time>2024-05-26T11:44:53Z</time>
      </trkpt>
      <trkpt lat="22.218672" lon="113.301051">
        <ele>7.7</ele>
        <time>2024-05-26T11:44:54Z</time>
      </trkpt>
      <trkpt lat="22.218716" lon="113.301036">
        <ele>7.6</ele>
        <time>2024-05-26T11:44:55Z</time>
      </trkpt>
      <trkpt lat="22.218753" lon="113.301027">
        <ele>7.6</ele>
        <time>2024-05-26T11:44:56Z</time>
      </trkpt>
      <trkpt lat="22.218775" lon="113.301025">
        <ele>7.6</ele>
        <time>2024-05-26T11:44:57Z</time>
      </trkpt>
      <trkpt lat="22.218789" lon="113.301032">
        <ele>7.6</ele>
        <time>2024-05-26T11:44:58Z</time>
      </trkpt>
      <trkpt lat="22.218801" lon="113.301039">
        <ele>7.6</ele>
        <time>2024-05-26T11:44:59Z</time>
      </trkpt>
      <trkpt lat="22.218811" lon="113.301041">
        <ele>7.6</ele>
        <time>2024-05-26T11:45:00Z</time>
      </trkpt>
      <trkpt lat="22.218822" lon="113.301047">
        <ele>7.5</ele>
        <time>2024-05-26T11:45:01Z</time>
      </trkpt>
      <trkpt lat="22.218826" lon="113.301048">
        <ele>7.5</ele>
        <time>2024-05-26T11:45:02Z</time>
      </trkpt>
      <trkpt lat="22.218831" lon="113.301042">
        <ele>7.5</ele>
        <time>2024-05-26T11:45:03Z</time>
      </trkpt>
      <trkpt lat="22.218835" lon="113.301041">
        <ele>7.5</ele>
        <time>2024-05-26T11:45:04Z</time>
      </trkpt>
      <trkpt lat="22.218842" lon="113.301047">
        <ele>7.5</ele>
        <time>2024-05-26T11:45:05Z</time>
      </trkpt>
      <trkpt lat="22.218851" lon="113.301048">
        <ele>7.5</ele>
        <time>2024-05-26T11:45:06Z</time>
      </trkpt>
      <trkpt lat="22.218859" lon="113.301054">
        <ele>7.5</ele>
        <time>2024-05-26T11:45:07Z</time>
      </trkpt>
      <trkpt lat="22.218952" lon="113.301033">
        <ele>7.4</ele>
        <time>2024-05-26T11:45:21Z</time>
      </trkpt>
      <trkpt lat="22.218986" lon="113.301033">
        <ele>7.4</ele>
        <time>2024-05-26T11:45:22Z</time>
      </trkpt>
      <trkpt lat="22.219025" lon="113.301027">
        <ele>7.4</ele>
        <time>2024-05-26T11:45:23Z</time>
      </trkpt>
      <trkpt lat="22.219071" lon="113.301019">
        <ele>7.3</ele>
        <time>2024-05-26T11:45:24Z</time>
      </trkpt>
      <trkpt lat="22.219116" lon="113.301006">
        <ele>7.3</ele>
        <time>2024-05-26T11:45:25Z</time>
      </trkpt>
      <trkpt lat="22.21916" lon="113.300996">
        <ele>7.3</ele>
        <time>2024-05-26T11:45:26Z</time>
      </trkpt>
      <trkpt lat="22.219205" lon="113.300989">
        <ele>7.2</ele>
        <time>2024-05-26T11:45:27Z</time>
      </trkpt>
      <trkpt lat="22.219251" lon="113.300981">
        <ele>7.2</ele>
        <time>2024-05-26T11:45:28Z</time>
      </trkpt>
      <trkpt lat="22.2193" lon="113.30098">
        <ele>7.2</ele>
        <time>2024-05-26T11:45:29Z</time>
      </trkpt>
      <trkpt lat="22.219349" lon="113.30098">
        <ele>7.2</ele>
        <time>2024-05-26T11:45:30Z</time>
      </trkpt>
      <trkpt lat="22.219402" lon="113.300973">
        <ele>7.2</ele>
        <time>2024-05-26T11:45:31Z</time>
      </trkpt>
      <trkpt lat="22.219454" lon="113.300972">
        <ele>7.2</ele>
        <time>2024-05-26T11:45:32Z</time>
      </trkpt>
      <trkpt lat="22.219505" lon="113.300972">
        <ele>7.2</ele>
        <time>2024-05-26T11:45:33Z</time>
      </trkpt>
      <trkpt lat="22.219555" lon="113.300966">
        <ele>7.2</ele>
        <time>2024-05-26T11:45:34Z</time>
      </trkpt>
      <trkpt lat="22.219603" lon="113.300958">
        <ele>7.2</ele>
        <time>2024-05-26T11:45:35Z</time>
      </trkpt>
      <trkpt lat="22.219658" lon="113.300951">
        <ele>7.2</ele>
        <time>2024-05-26T11:45:36Z</time>
      </trkpt>
      <trkpt lat="22.2197" lon="113.300937">
        <ele>7.2</ele>
        <time>2024-05-26T11:45:37Z</time>
      </trkpt>
      <trkpt lat="22.219751" lon="113.300921">
        <ele>7.2</ele>
        <time>2024-05-26T11:45:38Z</time>
      </trkpt>
      <trkpt lat="22.219804" lon="113.300912">
        <ele>7.2</ele>
        <time>2024-05-26T11:45:39Z</time>
      </trkpt>
      <trkpt lat="22.219864" lon="113.300917">
        <ele>7.2</ele>
        <time>2024-05-26T11:45:40Z</time>
      </trkpt>
      <trkpt lat="22.219917" lon="113.300919">
        <ele>7.1</ele>
        <time>2024-05-26T11:45:41Z</time>
      </trkpt>
      <trkpt lat="22.219966" lon="113.300912">
        <ele>7.1</ele>
        <time>2024-05-26T11:45:42Z</time>
      </trkpt>
      <trkpt lat="22.220016" lon="113.300905">
        <ele>7.1</ele>
        <time>2024-05-26T11:45:43Z</time>
      </trkpt>
      <trkpt lat="22.22007" lon="113.300891">
        <ele>7.1</ele>
        <time>2024-05-26T11:45:44Z</time>
      </trkpt>
      <trkpt lat="22.220132" lon="113.300888">
        <ele>7.1</ele>
        <time>2024-05-26T11:45:45Z</time>
      </trkpt>
      <trkpt lat="22.22019" lon="113.300888">
        <ele>7.1</ele>
        <time>2024-05-26T11:45:46Z</time>
      </trkpt>
      <trkpt lat="22.220257" lon="113.300888">
        <ele>7.1</ele>
        <time>2024-05-26T11:45:47Z</time>
      </trkpt>
      <trkpt lat="22.220317" lon="113.300888">
        <ele>7.1</ele>
        <time>2024-05-26T11:45:48Z</time>
      </trkpt>
      <trkpt lat="22.220373" lon="113.300876">
        <ele>7.1</ele>
        <time>2024-05-26T11:45:49Z</time>
      </trkpt>
      <trkpt lat="22.220431" lon="113.300867">
        <ele>7.1</ele>
        <time>2024-05-26T11:45:50Z</time>
      </trkpt>
      <trkpt lat="22.220488" lon="113.300853">
        <ele>7.1</ele>
        <time>2024-05-26T11:45:51Z</time>
      </trkpt>
      <trkpt lat="22.220544" lon="113.300844">
        <ele>7.1</ele>
        <time>2024-05-26T11:45:52Z</time>
      </trkpt>
      <trkpt lat="22.220596" lon="113.30083">
        <ele>7.1</ele>
        <time>2024-05-26T11:45:53Z</time>
      </trkpt>
      <trkpt lat="22.220646" lon="113.300815">
        <ele>7.1</ele>
        <time>2024-05-26T11:45:54Z</time>
      </trkpt>
      <trkpt lat="22.2207" lon="113.300799">
        <ele>7.1</ele>
        <time>2024-05-26T11:45:55Z</time>
      </trkpt>
      <trkpt lat="22.220754" lon="113.300784">
        <ele>7.1</ele>
        <time>2024-05-26T11:45:56Z</time>
      </trkpt>
      <trkpt lat="22.220804" lon="113.300769">
        <ele>7.1</ele>
        <time>2024-05-26T11:45:57Z</time>
      </trkpt>
      <trkpt lat="22.220854" lon="113.300741">
        <ele>7.1</ele>
        <time>2024-05-26T11:45:58Z</time>
      </trkpt>
      <trkpt lat="22.220905" lon="113.300717">
        <ele>7.1</ele>
        <time>2024-05-26T11:45:59Z</time>
      </trkpt>
      <trkpt lat="22.220954" lon="113.300694">
        <ele>7.1</ele>
        <time>2024-05-26T11:46:00Z</time>
      </trkpt>
      <trkpt lat="22.221002" lon="113.300665">
        <ele>7.1</ele>
        <time>2024-05-26T11:46:01Z</time>
      </trkpt>
      <trkpt lat="22.221049" lon="113.300634">
        <ele>7.1</ele>
        <time>2024-05-26T11:46:02Z</time>
      </trkpt>
      <trkpt lat="22.221098" lon="113.300611">
        <ele>7.1</ele>
        <time>2024-05-26T11:46:03Z</time>
      </trkpt>
      <trkpt lat="22.221152" lon="113.300581">
        <ele>7.1</ele>
        <time>2024-05-26T11:46:04Z</time>
      </trkpt>
      <trkpt lat="22.221205" lon="113.300544">
        <ele>7.1</ele>
        <time>2024-05-26T11:46:05Z</time>
      </trkpt>
      <trkpt lat="22.221255" lon="113.300512">
        <ele>7.1</ele>
        <time>2024-05-26T11:46:06Z</time>
      </trkpt>
      <trkpt lat="22.221302" lon="113.300482">
        <ele>7.1</ele>
        <time>2024-05-26T11:46:07Z</time>
      </trkpt>
      <trkpt lat="22.221344" lon="113.300446">
        <ele>7.1</ele>
        <time>2024-05-26T11:46:08Z</time>
      </trkpt>
      <trkpt lat="22.221376" lon="113.300414">
        <ele>7.1</ele>
        <time>2024-05-26T11:46:09Z</time>
      </trkpt>
      <trkpt lat="22.221401" lon="113.300389">
        <ele>7.1</ele>
        <time>2024-05-26T11:46:10Z</time>
      </trkpt>
      <trkpt lat="22.221422" lon="113.300366">
        <ele>7.1</ele>
        <time>2024-05-26T11:46:11Z</time>
      </trkpt>
      <trkpt lat="22.221445" lon="113.300343">
        <ele>7.1</ele>
        <time>2024-05-26T11:46:12Z</time>
      </trkpt>
      <trkpt lat="22.221469" lon="113.30032">
        <ele>7.1</ele>
        <time>2024-05-26T11:46:13Z</time>
      </trkpt>
      <trkpt lat="22.221494" lon="113.300297">
        <ele>7</ele>
        <time>2024-05-26T11:46:14Z</time>
      </trkpt>
      <trkpt lat="22.22152" lon="113.300281">
        <ele>7</ele>
        <time>2024-05-26T11:46:15Z</time>
      </trkpt>
      <trkpt lat="22.22155" lon="113.300253">
        <ele>7</ele>
        <time>2024-05-26T11:46:16Z</time>
      </trkpt>
      <trkpt lat="22.221588" lon="113.300222">
        <ele>7</ele>
        <time>2024-05-26T11:46:17Z</time>
      </trkpt>
      <trkpt lat="22.221633" lon="113.300192">
        <ele>7</ele>
        <time>2024-05-26T11:46:18Z</time>
      </trkpt>
      <trkpt lat="22.221678" lon="113.300156">
        <ele>7</ele>
        <time>2024-05-26T11:46:19Z</time>
      </trkpt>
      <trkpt lat="22.22172" lon="113.300117">
        <ele>7</ele>
        <time>2024-05-26T11:46:20Z</time>
      </trkpt>
      <trkpt lat="22.22176" lon="113.300085">
        <ele>7</ele>
        <time>2024-05-26T11:46:21Z</time>
      </trkpt>
      <trkpt lat="22.221809" lon="113.300036">
        <ele>7</ele>
        <time>2024-05-26T11:46:22Z</time>
      </trkpt>
      <trkpt lat="22.221857" lon="113.299995">
        <ele>7</ele>
        <time>2024-05-26T11:46:23Z</time>
      </trkpt>
      <trkpt lat="22.221899" lon="113.299957">
        <ele>7</ele>
        <time>2024-05-26T11:46:24Z</time>
      </trkpt>
      <trkpt lat="22.22194" lon="113.299919">
        <ele>7</ele>
        <time>2024-05-26T11:46:25Z</time>
      </trkpt>
      <trkpt lat="22.221987" lon="113.299875">
        <ele>7</ele>
        <time>2024-05-26T11:46:26Z</time>
      </trkpt>
      <trkpt lat="22.222033" lon="113.299835">
        <ele>7</ele>
        <time>2024-05-26T11:46:27Z</time>
      </trkpt>
      <trkpt lat="22.222085" lon="113.299791">
        <ele>7</ele>
        <time>2024-05-26T11:46:28Z</time>
      </trkpt>
      <trkpt lat="22.222135" lon="113.299751">
        <ele>7</ele>
        <time>2024-05-26T11:46:29Z</time>
      </trkpt>
      <trkpt lat="22.222182" lon="113.299707">
        <ele>7</ele>
        <time>2024-05-26T11:46:30Z</time>
      </trkpt>
      <trkpt lat="22.222228" lon="113.299661">
        <ele>7</ele>
        <time>2024-05-26T11:46:31Z</time>
      </trkpt>
      <trkpt lat="22.222272" lon="113.299621">
        <ele>7</ele>
        <time>2024-05-26T11:46:32Z</time>
      </trkpt>
      <trkpt lat="22.222318" lon="113.299577">
        <ele>7</ele>
        <time>2024-05-26T11:46:33Z</time>
      </trkpt>
      <trkpt lat="22.222361" lon="113.299531">
        <ele>7</ele>
        <time>2024-05-26T11:46:34Z</time>
      </trkpt>
      <trkpt lat="22.222399" lon="113.299485">
        <ele>7</ele>
        <time>2024-05-26T11:46:35Z</time>
      </trkpt>
      <trkpt lat="22.222438" lon="113.299434">
        <ele>6.9</ele>
        <time>2024-05-26T11:46:36Z</time>
      </trkpt>
      <trkpt lat="22.222482" lon="113.29938">
        <ele>6.8</ele>
        <time>2024-05-26T11:46:37Z</time>
      </trkpt>
      <trkpt lat="22.222526" lon="113.299333">
        <ele>6.7</ele>
        <time>2024-05-26T11:46:38Z</time>
      </trkpt>
      <trkpt lat="22.222571" lon="113.299281">
        <ele>6.6</ele>
        <time>2024-05-26T11:46:39Z</time>
      </trkpt>
      <trkpt lat="22.222612" lon="113.299234">
        <ele>6.5</ele>
        <time>2024-05-26T11:46:40Z</time>
      </trkpt>
      <trkpt lat="22.222651" lon="113.299176">
        <ele>6.4</ele>
        <time>2024-05-26T11:46:41Z</time>
      </trkpt>
      <trkpt lat="22.222691" lon="113.299114">
        <ele>6.3</ele>
        <time>2024-05-26T11:46:42Z</time>
      </trkpt>
      <trkpt lat="22.222728" lon="113.29906">
        <ele>6.2</ele>
        <time>2024-05-26T11:46:43Z</time>
      </trkpt>
      <trkpt lat="22.222768" lon="113.299007">
        <ele>6.1</ele>
        <time>2024-05-26T11:46:44Z</time>
      </trkpt>
      <trkpt lat="22.22281" lon="113.298947">
        <ele>5.9</ele>
        <time>2024-05-26T11:46:45Z</time>
      </trkpt>
      <trkpt lat="22.222852" lon="113.298892">
        <ele>5.8</ele>
        <time>2024-05-26T11:46:46Z</time>
      </trkpt>
      <trkpt lat="22.222892" lon="113.298845">
        <ele>5.7</ele>
        <time>2024-05-26T11:46:47Z</time>
      </trkpt>
      <trkpt lat="22.222932" lon="113.298799">
        <ele>5.6</ele>
        <time>2024-05-26T11:46:48Z</time>
      </trkpt>
      <trkpt lat="22.222974" lon="113.298747">
        <ele>5.5</ele>
        <time>2024-05-26T11:46:49Z</time>
      </trkpt>
      <trkpt lat="22.223013" lon="113.298699">
        <ele>5.4</ele>
        <time>2024-05-26T11:46:50Z</time>
      </trkpt>
      <trkpt lat="22.223048" lon="113.29866">
        <ele>5.4</ele>
        <time>2024-05-26T11:46:51Z</time>
      </trkpt>
      <trkpt lat="22.223084" lon="113.298634">
        <ele>5.3</ele>
        <time>2024-05-26T11:46:52Z</time>
      </trkpt>
      <trkpt lat="22.223116" lon="113.298611">
        <ele>5.2</ele>
        <time>2024-05-26T11:46:53Z</time>
      </trkpt>
      <trkpt lat="22.223145" lon="113.298589">
        <ele>5.2</ele>
        <time>2024-05-26T11:46:54Z</time>
      </trkpt>
      <trkpt lat="22.223172" lon="113.298553">
        <ele>5.1</ele>
        <time>2024-05-26T11:46:55Z</time>
      </trkpt>
      <trkpt lat="22.223194" lon="113.298521">
        <ele>5</ele>
        <time>2024-05-26T11:46:56Z</time>
      </trkpt>
      <trkpt lat="22.223219" lon="113.298473">
        <ele>5</ele>
        <time>2024-05-26T11:46:57Z</time>
      </trkpt>
      <trkpt lat="22.223254" lon="113.298425">
        <ele>4.9</ele>
        <time>2024-05-26T11:46:58Z</time>
      </trkpt>
      <trkpt lat="22.223284" lon="113.298391">
        <ele>4.8</ele>
        <time>2024-05-26T11:46:59Z</time>
      </trkpt>
      <trkpt lat="22.223308" lon="113.298361">
        <ele>4.7</ele>
        <time>2024-05-26T11:47:00Z</time>
      </trkpt>
      <trkpt lat="22.223331" lon="113.298343">
        <ele>4.7</ele>
        <time>2024-05-26T11:47:01Z</time>
      </trkpt>
      <trkpt lat="22.22336" lon="113.298334">
        <ele>4.6</ele>
        <time>2024-05-26T11:47:02Z</time>
      </trkpt>
      <trkpt lat="22.223387" lon="113.298314">
        <ele>4.6</ele>
        <time>2024-05-26T11:47:03Z</time>
      </trkpt>
      <trkpt lat="22.223409" lon="113.298291">
        <ele>4.5</ele>
        <time>2024-05-26T11:47:04Z</time>
      </trkpt>
      <trkpt lat="22.223429" lon="113.298262">
        <ele>4.5</ele>
        <time>2024-05-26T11:47:05Z</time>
      </trkpt>
      <trkpt lat="22.223449" lon="113.298244">
        <ele>4.4</ele>
        <time>2024-05-26T11:47:06Z</time>
      </trkpt>
      <trkpt lat="22.223478" lon="113.298228">
        <ele>4.4</ele>
        <time>2024-05-26T11:47:07Z</time>
      </trkpt>
      <trkpt lat="22.223512" lon="113.298213">
        <ele>4.3</ele>
        <time>2024-05-26T11:47:08Z</time>
      </trkpt>
      <trkpt lat="22.223549" lon="113.29821">
        <ele>4.3</ele>
        <time>2024-05-26T11:47:09Z</time>
      </trkpt>
      <trkpt lat="22.223583" lon="113.29821">
        <ele>4.2</ele>
        <time>2024-05-26T11:47:10Z</time>
      </trkpt>
      <trkpt lat="22.223615" lon="113.298216">
        <ele>4.2</ele>
        <time>2024-05-26T11:47:11Z</time>
      </trkpt>
      <trkpt lat="22.223641" lon="113.298236">
        <ele>4.1</ele>
        <time>2024-05-26T11:47:12Z</time>
      </trkpt>
      <trkpt lat="22.223663" lon="113.298265">
        <ele>4.1</ele>
        <time>2024-05-26T11:47:13Z</time>
      </trkpt>
      <trkpt lat="22.223685" lon="113.298295">
        <ele>4.1</ele>
        <time>2024-05-26T11:47:14Z</time>
      </trkpt>
      <trkpt lat="22.223711" lon="113.298314">
        <ele>4.3</ele>
        <time>2024-05-26T11:47:15Z</time>
      </trkpt>
      <trkpt lat="22.22374" lon="113.298329">
        <ele>4.4</ele>
        <time>2024-05-26T11:47:16Z</time>
      </trkpt>
      <trkpt lat="22.22377" lon="113.298351">
        <ele>4.5</ele>
        <time>2024-05-26T11:47:17Z</time>
      </trkpt>
      <trkpt lat="22.223802" lon="113.298374">
        <ele>4.6</ele>
        <time>2024-05-26T11:47:18Z</time>
      </trkpt>
      <trkpt lat="22.22383" lon="113.298403">
        <ele>4.8</ele>
        <time>2024-05-26T11:47:19Z</time>
      </trkpt>
      <trkpt lat="22.223853" lon="113.298439">
        <ele>4.9</ele>
        <time>2024-05-26T11:47:20Z</time>
      </trkpt>
      <trkpt lat="22.223875" lon="113.298471">
        <ele>5.1</ele>
        <time>2024-05-26T11:47:21Z</time>
      </trkpt>
      <trkpt lat="22.223894" lon="113.298508">
        <ele>5.2</ele>
        <time>2024-05-26T11:47:22Z</time>
      </trkpt>
      <trkpt lat="22.22392" lon="113.298546">
        <ele>5.3</ele>
        <time>2024-05-26T11:47:23Z</time>
      </trkpt>
      <trkpt lat="22.223948" lon="113.298584">
        <ele>5.5</ele>
        <time>2024-05-26T11:47:24Z</time>
      </trkpt>
      <trkpt lat="22.223976" lon="113.298622">
        <ele>5.7</ele>
        <time>2024-05-26T11:47:25Z</time>
      </trkpt>
      <trkpt lat="22.224003" lon="113.298654">
        <ele>5.8</ele>
        <time>2024-05-26T11:47:26Z</time>
      </trkpt>
      <trkpt lat="22.224032" lon="113.298704">
        <ele>6</ele>
        <time>2024-05-26T11:47:27Z</time>
      </trkpt>
      <trkpt lat="22.22406" lon="113.298751">
        <ele>6.2</ele>
        <time>2024-05-26T11:47:28Z</time>
      </trkpt>
      <trkpt lat="22.224089" lon="113.298791">
        <ele>6.4</ele>
        <time>2024-05-26T11:47:29Z</time>
      </trkpt>
      <trkpt lat="22.224116" lon="113.298829">
        <ele>6.5</ele>
        <time>2024-05-26T11:47:30Z</time>
      </trkpt>
      <trkpt lat="22.22414" lon="113.29886">
        <ele>6.7</ele>
        <time>2024-05-26T11:47:31Z</time>
      </trkpt>
      <trkpt lat="22.224167" lon="113.298891">
        <ele>6.8</ele>
        <time>2024-05-26T11:47:32Z</time>
      </trkpt>
      <trkpt lat="22.224193" lon="113.298927">
        <ele>6.9</ele>
        <time>2024-05-26T11:47:33Z</time>
      </trkpt>
      <trkpt lat="22.224214" lon="113.29896">
        <ele>7.1</ele>
        <time>2024-05-26T11:47:34Z</time>
      </trkpt>
      <trkpt lat="22.224235" lon="113.29899">
        <ele>7.2</ele>
        <time>2024-05-26T11:47:35Z</time>
      </trkpt>
      <trkpt lat="22.224256" lon="113.299014">
        <ele>7.3</ele>
        <time>2024-05-26T11:47:36Z</time>
      </trkpt>
      <trkpt lat="22.224283" lon="113.299031">
        <ele>7.4</ele>
        <time>2024-05-26T11:47:37Z</time>
      </trkpt>
      <trkpt lat="22.224306" lon="113.299053">
        <ele>7.5</ele>
        <time>2024-05-26T11:47:38Z</time>
      </trkpt>
      <trkpt lat="22.224323" lon="113.299081">
        <ele>7.6</ele>
        <time>2024-05-26T11:47:39Z</time>
      </trkpt>
      <trkpt lat="22.224338" lon="113.299118">
        <ele>7.8</ele>
        <time>2024-05-26T11:47:40Z</time>
      </trkpt>
      <trkpt lat="22.224351" lon="113.299162">
        <ele>7.9</ele>
        <time>2024-05-26T11:47:41Z</time>
      </trkpt>
      <trkpt lat="22.224363" lon="113.299209">
        <ele>8.1</ele>
        <time>2024-05-26T11:47:42Z</time>
      </trkpt>
      <trkpt lat="22.224381" lon="113.299254">
        <ele>8.2</ele>
        <time>2024-05-26T11:47:43Z</time>
      </trkpt>
      <trkpt lat="22.224403" lon="113.2993">
        <ele>8.4</ele>
        <time>2024-05-26T11:47:44Z</time>
      </trkpt>
      <trkpt lat="22.224427" lon="113.299339">
        <ele>8.6</ele>
        <time>2024-05-26T11:47:45Z</time>
      </trkpt>
      <trkpt lat="22.224454" lon="113.299377">
        <ele>8.7</ele>
        <time>2024-05-26T11:47:46Z</time>
      </trkpt>
      <trkpt lat="22.224482" lon="113.299409">
        <ele>8.9</ele>
        <time>2024-05-26T11:47:47Z</time>
      </trkpt>
      <trkpt lat="22.224509" lon="113.299447">
        <ele>9</ele>
        <time>2024-05-26T11:47:48Z</time>
      </trkpt>
      <trkpt lat="22.224536" lon="113.299485">
        <ele>9.2</ele>
        <time>2024-05-26T11:47:49Z</time>
      </trkpt>
      <trkpt lat="22.224562" lon="113.299523">
        <ele>9.3</ele>
        <time>2024-05-26T11:47:50Z</time>
      </trkpt>
      <trkpt lat="22.224589" lon="113.299561">
        <ele>9.5</ele>
        <time>2024-05-26T11:47:51Z</time>
      </trkpt>
      <trkpt lat="22.224613" lon="113.299587">
        <ele>9.6</ele>
        <time>2024-05-26T11:47:52Z</time>
      </trkpt>
      <trkpt lat="22.224636" lon="113.299616">
        <ele>9.8</ele>
        <time>2024-05-26T11:47:53Z</time>
      </trkpt>
      <trkpt lat="22.224662" lon="113.299647">
        <ele>9.9</ele>
        <time>2024-05-26T11:47:54Z</time>
      </trkpt>
      <trkpt lat="22.224687" lon="113.299677">
        <ele>10</ele>
        <time>2024-05-26T11:47:55Z</time>
      </trkpt>
      <trkpt lat="22.224707" lon="113.299707">
        <ele>10.1</ele>
        <time>2024-05-26T11:47:56Z</time>
      </trkpt>
      <trkpt lat="22.224731" lon="113.299732">
        <ele>10.3</ele>
        <time>2024-05-26T11:47:57Z</time>
      </trkpt>
      <trkpt lat="22.224749" lon="113.299754">
        <ele>10.4</ele>
        <time>2024-05-26T11:47:58Z</time>
      </trkpt>
      <trkpt lat="22.224772" lon="113.29979">
        <ele>10.5</ele>
        <time>2024-05-26T11:47:59Z</time>
      </trkpt>
      <trkpt lat="22.2248" lon="113.299821">
        <ele>10.5</ele>
        <time>2024-05-26T11:48:00Z</time>
      </trkpt>
      <trkpt lat="22.224829" lon="113.299846">
        <ele>10.5</ele>
        <time>2024-05-26T11:48:01Z</time>
      </trkpt>
      <trkpt lat="22.224855" lon="113.299875">
        <ele>10.5</ele>
        <time>2024-05-26T11:48:02Z</time>
      </trkpt>
      <trkpt lat="22.224875" lon="113.299906">
        <ele>10.5</ele>
        <time>2024-05-26T11:48:03Z</time>
      </trkpt>
      <trkpt lat="22.224892" lon="113.299936">
        <ele>10.5</ele>
        <time>2024-05-26T11:48:04Z</time>
      </trkpt>
      <trkpt lat="22.2249" lon="113.29996">
        <ele>10.5</ele>
        <time>2024-05-26T11:48:05Z</time>
      </trkpt>
      <trkpt lat="22.224909" lon="113.299983">
        <ele>10.5</ele>
        <time>2024-05-26T11:48:06Z</time>
      </trkpt>
      <trkpt lat="22.224918" lon="113.300012">
        <ele>10.5</ele>
        <time>2024-05-26T11:48:07Z</time>
      </trkpt>
      <trkpt lat="22.224937" lon="113.300049">
        <ele>10.5</ele>
        <time>2024-05-26T11:48:08Z</time>
      </trkpt>
      <trkpt lat="22.224958" lon="113.300075">
        <ele>10.5</ele>
        <time>2024-05-26T11:48:09Z</time>
      </trkpt>
      <trkpt lat="22.224982" lon="113.30011">
        <ele>10.5</ele>
        <time>2024-05-26T11:48:10Z</time>
      </trkpt>
      <trkpt lat="22.225006" lon="113.300142">
        <ele>10.5</ele>
        <time>2024-05-26T11:48:11Z</time>
      </trkpt>
      <trkpt lat="22.225022" lon="113.300167">
        <ele>10.5</ele>
        <time>2024-05-26T11:48:12Z</time>
      </trkpt>
      <trkpt lat="22.225037" lon="113.300195">
        <ele>10.5</ele>
        <time>2024-05-26T11:48:13Z</time>
      </trkpt>
      <trkpt lat="22.225053" lon="113.300226">
        <ele>10.5</ele>
        <time>2024-05-26T11:48:14Z</time>
      </trkpt>
      <trkpt lat="22.225068" lon="113.30025">
        <ele>10.5</ele>
        <time>2024-05-26T11:48:15Z</time>
      </trkpt>
      <trkpt lat="22.225083" lon="113.300279">
        <ele>10.5</ele>
        <time>2024-05-26T11:48:16Z</time>
      </trkpt>
      <trkpt lat="22.225098" lon="113.300297">
        <ele>10.5</ele>
        <time>2024-05-26T11:48:17Z</time>
      </trkpt>
      <trkpt lat="22.225118" lon="113.300325">
        <ele>10.5</ele>
        <time>2024-05-26T11:48:18Z</time>
      </trkpt>
      <trkpt lat="22.225136" lon="113.300343">
        <ele>10.5</ele>
        <time>2024-05-26T11:48:19Z</time>
      </trkpt>
      <trkpt lat="22.225152" lon="113.300365">
        <ele>10.5</ele>
        <time>2024-05-26T11:48:20Z</time>
      </trkpt>
      <trkpt lat="22.225167" lon="113.300382">
        <ele>10.5</ele>
        <time>2024-05-26T11:48:21Z</time>
      </trkpt>
      <trkpt lat="22.225181" lon="113.300403">
        <ele>10.5</ele>
        <time>2024-05-26T11:48:22Z</time>
      </trkpt>
      <trkpt lat="22.225194" lon="113.300432">
        <ele>10.5</ele>
        <time>2024-05-26T11:48:23Z</time>
      </trkpt>
      <trkpt lat="22.225209" lon="113.300463">
        <ele>10.5</ele>
        <time>2024-05-26T11:48:24Z</time>
      </trkpt>
      <trkpt lat="22.225228" lon="113.300493">
        <ele>10.5</ele>
        <time>2024-05-26T11:48:25Z</time>
      </trkpt>
      <trkpt lat="22.225247" lon="113.300523">
        <ele>10.5</ele>
        <time>2024-05-26T11:48:26Z</time>
      </trkpt>
      <trkpt lat="22.225272" lon="113.300554">
        <ele>10.5</ele>
        <time>2024-05-26T11:48:27Z</time>
      </trkpt>
      <trkpt lat="22.225289" lon="113.300578">
        <ele>10.5</ele>
        <time>2024-05-26T11:48:28Z</time>
      </trkpt>
      <trkpt lat="22.225311" lon="113.300601">
        <ele>10.5</ele>
        <time>2024-05-26T11:48:29Z</time>
      </trkpt>
      <trkpt lat="22.22533" lon="113.30063">
        <ele>10.5</ele>
        <time>2024-05-26T11:48:30Z</time>
      </trkpt>
      <trkpt lat="22.225351" lon="113.300655">
        <ele>10.5</ele>
        <time>2024-05-26T11:48:31Z</time>
      </trkpt>
      <trkpt lat="22.225371" lon="113.300678">
        <ele>10.5</ele>
        <time>2024-05-26T11:48:32Z</time>
      </trkpt>
      <trkpt lat="22.22539" lon="113.300701">
        <ele>10.5</ele>
        <time>2024-05-26T11:48:33Z</time>
      </trkpt>
      <trkpt lat="22.225404" lon="113.300723">
        <ele>10.5</ele>
        <time>2024-05-26T11:48:34Z</time>
      </trkpt>
      <trkpt lat="22.225419" lon="113.300746">
        <ele>10.5</ele>
        <time>2024-05-26T11:48:35Z</time>
      </trkpt>
      <trkpt lat="22.225434" lon="113.300763">
        <ele>10.5</ele>
        <time>2024-05-26T11:48:36Z</time>
      </trkpt>
      <trkpt lat="22.225453" lon="113.300778">
        <ele>10.5</ele>
        <time>2024-05-26T11:48:37Z</time>
      </trkpt>
      <trkpt lat="22.225476" lon="113.300793">
        <ele>10.5</ele>
        <time>2024-05-26T11:48:38Z</time>
      </trkpt>
      <trkpt lat="22.225501" lon="113.300815">
        <ele>10.5</ele>
        <time>2024-05-26T11:48:39Z</time>
      </trkpt>
      <trkpt lat="22.225515" lon="113.300844">
        <ele>10.5</ele>
        <time>2024-05-26T11:48:40Z</time>
      </trkpt>
      <trkpt lat="22.225516" lon="113.300874">
        <ele>10.5</ele>
        <time>2024-05-26T11:48:41Z</time>
      </trkpt>
      <trkpt lat="22.225522" lon="113.300899">
        <ele>10.5</ele>
        <time>2024-05-26T11:48:42Z</time>
      </trkpt>
      <trkpt lat="22.225535" lon="113.300922">
        <ele>10.5</ele>
        <time>2024-05-26T11:48:43Z</time>
      </trkpt>
      <trkpt lat="22.225557" lon="113.300944">
        <ele>10.5</ele>
        <time>2024-05-26T11:48:44Z</time>
      </trkpt>
      <trkpt lat="22.225579" lon="113.30098">
        <ele>10.5</ele>
        <time>2024-05-26T11:48:45Z</time>
      </trkpt>
      <trkpt lat="22.225601" lon="113.301012">
        <ele>10.5</ele>
        <time>2024-05-26T11:48:46Z</time>
      </trkpt>
      <trkpt lat="22.225622" lon="113.301043">
        <ele>10.5</ele>
        <time>2024-05-26T11:48:47Z</time>
      </trkpt>
      <trkpt lat="22.22564" lon="113.301073">
        <ele>10.5</ele>
        <time>2024-05-26T11:48:48Z</time>
      </trkpt>
      <trkpt lat="22.22566" lon="113.301104">
        <ele>10.5</ele>
        <time>2024-05-26T11:48:49Z</time>
      </trkpt>
      <trkpt lat="22.22568" lon="113.301128">
        <ele>10.5</ele>
        <time>2024-05-26T11:48:50Z</time>
      </trkpt>
      <trkpt lat="22.225694" lon="113.301157">
        <ele>10.5</ele>
        <time>2024-05-26T11:48:51Z</time>
      </trkpt>
      <trkpt lat="22.225712" lon="113.301181">
        <ele>10.5</ele>
        <time>2024-05-26T11:48:52Z</time>
      </trkpt>
      <trkpt lat="22.225728" lon="113.30121">
        <ele>10.5</ele>
        <time>2024-05-26T11:48:53Z</time>
      </trkpt>
      <trkpt lat="22.225749" lon="113.301247">
        <ele>10.5</ele>
        <time>2024-05-26T11:48:54Z</time>
      </trkpt>
      <trkpt lat="22.225772" lon="113.301285">
        <ele>10.5</ele>
        <time>2024-05-26T11:48:55Z</time>
      </trkpt>
      <trkpt lat="22.2258" lon="113.301317">
        <ele>10.5</ele>
        <time>2024-05-26T11:48:56Z</time>
      </trkpt>
      <trkpt lat="22.225828" lon="113.301354">
        <ele>10.5</ele>
        <time>2024-05-26T11:48:57Z</time>
      </trkpt>
      <trkpt lat="22.225857" lon="113.301392">
        <ele>10.5</ele>
        <time>2024-05-26T11:48:58Z</time>
      </trkpt>
      <trkpt lat="22.225886" lon="113.301424">
        <ele>10.5</ele>
        <time>2024-05-26T11:48:59Z</time>
      </trkpt>
      <trkpt lat="22.225911" lon="113.301448">
        <ele>10.5</ele>
        <time>2024-05-26T11:49:00Z</time>
      </trkpt>
      <trkpt lat="22.225934" lon="113.301477">
        <ele>10.5</ele>
        <time>2024-05-26T11:49:01Z</time>
      </trkpt>
      <trkpt lat="22.225954" lon="113.301496">
        <ele>10.5</ele>
        <time>2024-05-26T11:49:02Z</time>
      </trkpt>
      <trkpt lat="22.225973" lon="113.301523">
        <ele>10.5</ele>
        <time>2024-05-26T11:49:03Z</time>
      </trkpt>
      <trkpt lat="22.225992" lon="113.301547">
        <ele>10.5</ele>
        <time>2024-05-26T11:49:04Z</time>
      </trkpt>
      <trkpt lat="22.22601" lon="113.30157">
        <ele>10.5</ele>
        <time>2024-05-26T11:49:05Z</time>
      </trkpt>
      <trkpt lat="22.226029" lon="113.301581">
        <ele>10.5</ele>
        <time>2024-05-26T11:49:06Z</time>
      </trkpt>
      <trkpt lat="22.226055" lon="113.301595">
        <ele>10.5</ele>
        <time>2024-05-26T11:49:07Z</time>
      </trkpt>
      <trkpt lat="22.226085" lon="113.301628">
        <ele>10.5</ele>
        <time>2024-05-26T11:49:08Z</time>
      </trkpt>
      <trkpt lat="22.22611" lon="113.301667">
        <ele>10.5</ele>
        <time>2024-05-26T11:49:09Z</time>
      </trkpt>
      <trkpt lat="22.226133" lon="113.301705">
        <ele>10.5</ele>
        <time>2024-05-26T11:49:10Z</time>
      </trkpt>
      <trkpt lat="22.226157" lon="113.301736">
        <ele>10.5</ele>
        <time>2024-05-26T11:49:11Z</time>
      </trkpt>
      <trkpt lat="22.226179" lon="113.301773">
        <ele>10.5</ele>
        <time>2024-05-26T11:49:12Z</time>
      </trkpt>
      <trkpt lat="22.2262" lon="113.301805">
        <ele>10.5</ele>
        <time>2024-05-26T11:49:13Z</time>
      </trkpt>
      <trkpt lat="22.226218" lon="113.301842">
        <ele>10.5</ele>
        <time>2024-05-26T11:49:14Z</time>
      </trkpt>
      <trkpt lat="22.22623" lon="113.301868">
        <ele>10.5</ele>
        <time>2024-05-26T11:49:15Z</time>
      </trkpt>
      <trkpt lat="22.226242" lon="113.301896">
        <ele>10.5</ele>
        <time>2024-05-26T11:49:16Z</time>
      </trkpt>
      <trkpt lat="22.226255" lon="113.301915">
        <ele>10.5</ele>
        <time>2024-05-26T11:49:17Z</time>
      </trkpt>
      <trkpt lat="22.226274" lon="113.301936">
        <ele>10.5</ele>
        <time>2024-05-26T11:49:18Z</time>
      </trkpt>
      <trkpt lat="22.226295" lon="113.301953">
        <ele>10.5</ele>
        <time>2024-05-26T11:49:19Z</time>
      </trkpt>
      <trkpt lat="22.226315" lon="113.301969">
        <ele>10.5</ele>
        <time>2024-05-26T11:49:20Z</time>
      </trkpt>
      <trkpt lat="22.226332" lon="113.30199">
        <ele>10.5</ele>
        <time>2024-05-26T11:49:21Z</time>
      </trkpt>
      <trkpt lat="22.226346" lon="113.302007">
        <ele>10.5</ele>
        <time>2024-05-26T11:49:22Z</time>
      </trkpt>
      <trkpt lat="22.22636" lon="113.302016">
        <ele>10.5</ele>
        <time>2024-05-26T11:49:23Z</time>
      </trkpt>
      <trkpt lat="22.226367" lon="113.302017">
        <ele>10.5</ele>
        <time>2024-05-26T11:49:24Z</time>
      </trkpt>
      <trkpt lat="22.226371" lon="113.302011">
        <ele>10.5</ele>
        <time>2024-05-26T11:49:25Z</time>
      </trkpt>
      <trkpt lat="22.226373" lon="113.30201">
        <ele>10.5</ele>
        <time>2024-05-26T11:49:26Z</time>
      </trkpt>
      <trkpt lat="22.226375" lon="113.301997">
        <ele>10.5</ele>
        <time>2024-05-26T11:49:27Z</time>
      </trkpt>
    </trkseg>
  </trk>
</gpx>