<?xml version="1.0" encoding="UTF-8"?>
<gpx xmlns="http://www.topografix.com/GPX/1/1" xmlns:xsi="http://www.w3.org/2001/XMLSchema-instance" xsi:schemaLocation="http://www.topografix.com/GPX/1/1 http://www.topografix.com/GPX/1/1/gpx.xsd" version="1.1" creator="鹏">
  <metadata>
    <name>🚴XC (Completed)</name>
    <desc>Distance: 19.022km, Estimated duration: 1.33h, Elevation up: 57.06876104903768m, Elevation down: 48.29723574619897m</desc>
    <author>
      <name>鹏</name>
      <link href="https://www.komoot.de/user/3342641231843">
        <text>View 鹏's Profile on Komoot</text>
      </link>
    </author>
    <link href="https://www.komoot.de/tour/1690127982">
      <text>View tour on Komoot</text>
    </link>
  </metadata>
  <trk>
    <name>🚴XC (Completed)</name>
    <desc>Distance: 19.022km, Estimated duration: 1.33h, Elevation up: 57.06876104903768m, Elevation down: 48.29723574619897m</desc>
    <link href="https://www.komoot.de/tour/1690127982">
      <text>View tour on Komoot</text>
    </link>
    <trkseg>
      <trkpt lat="22.229496" lon="113.289726">
        <ele>0.1</ele>
        <time>2024-07-06T10:57:54Z</time>
      </trkpt>
      <trkpt lat="22.229485" lon="113.289714">
        <ele>0.1</ele>
        <time>2024-07-06T10:57:55Z</time>
      </trkpt>
      <trkpt lat="22.229475" lon="113.289699">
        <ele>0.1</ele>
        <time>2024-07-06T10:57:56Z</time>
      </trkpt>
      <trkpt lat="22.229452" lon="113.28963">
        <ele>0.1</ele>
        <time>2024-07-06T10:57:57Z</time>
      </trkpt>
      <trkpt lat="22.229433" lon="113.289594">
        <ele>0.1</ele>
        <time>2024-07-06T10:57:58Z</time>
      </trkpt>
      <trkpt lat="22.229415" lon="113.289575">
        <ele>0.1</ele>
        <time>2024-07-06T10:57:59Z</time>
      </trkpt>
      <trkpt lat="22.229396" lon="113.289556">
        <ele>0.1</ele>
        <time>2024-07-06T10:58:00Z</time>
      </trkpt>
      <trkpt lat="22.229335" lon="113.289488">
        <ele>0.1</ele>
        <time>2024-07-06T10:58:03Z</time>
      </trkpt>
      <trkpt lat="22.229317" lon="113.289457">
        <ele>0.1</ele>
        <time>2024-07-06T10:58:04Z</time>
      </trkpt>
      <trkpt lat="22.229298" lon="113.289426">
        <ele>0.1</ele>
        <time>2024-07-06T10:58:05Z</time>
      </trkpt>
      <trkpt lat="22.229275" lon="113.289396">
        <ele>0.1</ele>
        <time>2024-07-06T10:58:06Z</time>
      </trkpt>
      <trkpt lat="22.229249" lon="113.289375">
        <ele>0.1</ele>
        <time>2024-07-06T10:58:07Z</time>
      </trkpt>
      <trkpt lat="22.229221" lon="113.289358">
        <ele>0.1</ele>
        <time>2024-07-06T10:58:08Z</time>
      </trkpt>
      <trkpt lat="22.229197" lon="113.289336">
        <ele>0.1</ele>
        <time>2024-07-06T10:58:09Z</time>
      </trkpt>
      <trkpt lat="22.229174" lon="113.289321">
        <ele>0.1</ele>
        <time>2024-07-06T10:58:10Z</time>
      </trkpt>
      <trkpt lat="22.229155" lon="113.289297">
        <ele>0.1</ele>
        <time>2024-07-06T10:58:11Z</time>
      </trkpt>
      <trkpt lat="22.229136" lon="113.289274">
        <ele>0.1</ele>
        <time>2024-07-06T10:58:12Z</time>
      </trkpt>
      <trkpt lat="22.229115" lon="113.289251">
        <ele>0.1</ele>
        <time>2024-07-06T10:58:13Z</time>
      </trkpt>
      <trkpt lat="22.229092" lon="113.289228">
        <ele>0.1</ele>
        <time>2024-07-06T10:58:14Z</time>
      </trkpt>
      <trkpt lat="22.229071" lon="113.289206">
        <ele>0.1</ele>
        <time>2024-07-06T10:58:15Z</time>
      </trkpt>
      <trkpt lat="22.229045" lon="113.289184">
        <ele>0.1</ele>
        <time>2024-07-06T10:58:16Z</time>
      </trkpt>
      <trkpt lat="22.229019" lon="113.289176">
        <ele>0.1</ele>
        <time>2024-07-06T10:58:17Z</time>
      </trkpt>
      <trkpt lat="22.228995" lon="113.289161">
        <ele>0.1</ele>
        <time>2024-07-06T10:58:18Z</time>
      </trkpt>
      <trkpt lat="22.228973" lon="113.289146">
        <ele>0.1</ele>
        <time>2024-07-06T10:58:19Z</time>
      </trkpt>
      <trkpt lat="22.228963" lon="113.289137">
        <ele>0.1</ele>
        <time>2024-07-06T10:58:20Z</time>
      </trkpt>
      <trkpt lat="22.228954" lon="113.289123">
        <ele>0.1</ele>
        <time>2024-07-06T10:58:21Z</time>
      </trkpt>
      <trkpt lat="22.228948" lon="113.289116">
        <ele>0.1</ele>
        <time>2024-07-06T10:58:22Z</time>
      </trkpt>
      <trkpt lat="22.228946" lon="113.289115">
        <ele>0.1</ele>
        <time>2024-07-06T10:58:23Z</time>
      </trkpt>
      <trkpt lat="22.228938" lon="113.289108">
        <ele>0.1</ele>
        <time>2024-07-06T10:58:24Z</time>
      </trkpt>
      <trkpt lat="22.228923" lon="113.289099">
        <ele>0.1</ele>
        <time>2024-07-06T10:58:25Z</time>
      </trkpt>
      <trkpt lat="22.228898" lon="113.289076">
        <ele>0.1</ele>
        <time>2024-07-06T10:58:26Z</time>
      </trkpt>
      <trkpt lat="22.228865" lon="113.28906">
        <ele>0.1</ele>
        <time>2024-07-06T10:58:27Z</time>
      </trkpt>
      <trkpt lat="22.228834" lon="113.289038">
        <ele>0.1</ele>
        <time>2024-07-06T10:58:28Z</time>
      </trkpt>
      <trkpt lat="22.228802" lon="113.289015">
        <ele>0.1</ele>
        <time>2024-07-06T10:58:29Z</time>
      </trkpt>
      <trkpt lat="22.228766" lon="113.288985">
        <ele>0.1</ele>
        <time>2024-07-06T10:58:30Z</time>
      </trkpt>
      <trkpt lat="22.228734" lon="113.288969">
        <ele>0.1</ele>
        <time>2024-07-06T10:58:31Z</time>
      </trkpt>
      <trkpt lat="22.2287" lon="113.288945">
        <ele>0.1</ele>
        <time>2024-07-06T10:58:32Z</time>
      </trkpt>
      <trkpt lat="22.228667" lon="113.288923">
        <ele>0.2</ele>
        <time>2024-07-06T10:58:33Z</time>
      </trkpt>
      <trkpt lat="22.228633" lon="113.288906">
        <ele>0.2</ele>
        <time>2024-07-06T10:58:34Z</time>
      </trkpt>
      <trkpt lat="22.2286" lon="113.288884">
        <ele>0.2</ele>
        <time>2024-07-06T10:58:35Z</time>
      </trkpt>
      <trkpt lat="22.228568" lon="113.288862">
        <ele>0.2</ele>
        <time>2024-07-06T10:58:36Z</time>
      </trkpt>
      <trkpt lat="22.228533" lon="113.288847">
        <ele>0.2</ele>
        <time>2024-07-06T10:58:37Z</time>
      </trkpt>
      <trkpt lat="22.228497" lon="113.288833">
        <ele>0.2</ele>
        <time>2024-07-06T10:58:38Z</time>
      </trkpt>
      <trkpt lat="22.228462" lon="113.288825">
        <ele>0.2</ele>
        <time>2024-07-06T10:58:39Z</time>
      </trkpt>
      <trkpt lat="22.228425" lon="113.288818">
        <ele>0.2</ele>
        <time>2024-07-06T10:58:40Z</time>
      </trkpt>
      <trkpt lat="22.228386" lon="113.288818">
        <ele>0.2</ele>
        <time>2024-07-06T10:58:41Z</time>
      </trkpt>
      <trkpt lat="22.228349" lon="113.288819">
        <ele>0.2</ele>
        <time>2024-07-06T10:58:42Z</time>
      </trkpt>
      <trkpt lat="22.228308" lon="113.288828">
        <ele>0.2</ele>
        <time>2024-07-06T10:58:43Z</time>
      </trkpt>
      <trkpt lat="22.22827" lon="113.288843">
        <ele>0.2</ele>
        <time>2024-07-06T10:58:44Z</time>
      </trkpt>
      <trkpt lat="22.228232" lon="113.28886">
        <ele>0.2</ele>
        <time>2024-07-06T10:58:45Z</time>
      </trkpt>
      <trkpt lat="22.228197" lon="113.288882">
        <ele>0.2</ele>
        <time>2024-07-06T10:58:46Z</time>
      </trkpt>
      <trkpt lat="22.228167" lon="113.288908">
        <ele>0.2</ele>
        <time>2024-07-06T10:58:47Z</time>
      </trkpt>
      <trkpt lat="22.228142" lon="113.288946">
        <ele>0.2</ele>
        <time>2024-07-06T10:58:48Z</time>
      </trkpt>
      <trkpt lat="22.228122" lon="113.288984">
        <ele>0.2</ele>
        <time>2024-07-06T10:58:49Z</time>
      </trkpt>
      <trkpt lat="22.228104" lon="113.289022">
        <ele>0.2</ele>
        <time>2024-07-06T10:58:50Z</time>
      </trkpt>
      <trkpt lat="22.228083" lon="113.28906">
        <ele>0.3</ele>
        <time>2024-07-06T10:58:51Z</time>
      </trkpt>
      <trkpt lat="22.22806" lon="113.289097">
        <ele>0.3</ele>
        <time>2024-07-06T10:58:52Z</time>
      </trkpt>
      <trkpt lat="22.228033" lon="113.289128">
        <ele>0.3</ele>
        <time>2024-07-06T10:58:53Z</time>
      </trkpt>
      <trkpt lat="22.228005" lon="113.289157">
        <ele>0.3</ele>
        <time>2024-07-06T10:58:54Z</time>
      </trkpt>
      <trkpt lat="22.22797" lon="113.289179">
        <ele>0.3</ele>
        <time>2024-07-06T10:58:55Z</time>
      </trkpt>
      <trkpt lat="22.227932" lon="113.289193">
        <ele>0.3</ele>
        <time>2024-07-06T10:58:56Z</time>
      </trkpt>
      <trkpt lat="22.227893" lon="113.2892">
        <ele>0.3</ele>
        <time>2024-07-06T10:58:57Z</time>
      </trkpt>
      <trkpt lat="22.227851" lon="113.289207">
        <ele>0.3</ele>
        <time>2024-07-06T10:58:58Z</time>
      </trkpt>
      <trkpt lat="22.227807" lon="113.289207">
        <ele>0.3</ele>
        <time>2024-07-06T10:58:59Z</time>
      </trkpt>
      <trkpt lat="22.227763" lon="113.289207">
        <ele>0.3</ele>
        <time>2024-07-06T10:59:00Z</time>
      </trkpt>
      <trkpt lat="22.227723" lon="113.2892">
        <ele>0.3</ele>
        <time>2024-07-06T10:59:01Z</time>
      </trkpt>
      <trkpt lat="22.227683" lon="113.289199">
        <ele>0.3</ele>
        <time>2024-07-06T10:59:02Z</time>
      </trkpt>
      <trkpt lat="22.227643" lon="113.289192">
        <ele>0.3</ele>
        <time>2024-07-06T10:59:03Z</time>
      </trkpt>
      <trkpt lat="22.227603" lon="113.289192">
        <ele>0.3</ele>
        <time>2024-07-06T10:59:04Z</time>
      </trkpt>
      <trkpt lat="22.227566" lon="113.289193">
        <ele>0.3</ele>
        <time>2024-07-06T10:59:05Z</time>
      </trkpt>
      <trkpt lat="22.227529" lon="113.289201">
        <ele>0.3</ele>
        <time>2024-07-06T10:59:06Z</time>
      </trkpt>
      <trkpt lat="22.227493" lon="113.289217">
        <ele>0.3</ele>
        <time>2024-07-06T10:59:07Z</time>
      </trkpt>
      <trkpt lat="22.227459" lon="113.28924">
        <ele>0.4</ele>
        <time>2024-07-06T10:59:08Z</time>
      </trkpt>
      <trkpt lat="22.227428" lon="113.289271">
        <ele>0.4</ele>
        <time>2024-07-06T10:59:09Z</time>
      </trkpt>
      <trkpt lat="22.227399" lon="113.289309">
        <ele>0.4</ele>
        <time>2024-07-06T10:59:10Z</time>
      </trkpt>
      <trkpt lat="22.227371" lon="113.289339">
        <ele>0.4</ele>
        <time>2024-07-06T10:59:11Z</time>
      </trkpt>
      <trkpt lat="22.227344" lon="113.289363">
        <ele>0.4</ele>
        <time>2024-07-06T10:59:12Z</time>
      </trkpt>
      <trkpt lat="22.227318" lon="113.289394">
        <ele>0.4</ele>
        <time>2024-07-06T10:59:13Z</time>
      </trkpt>
      <trkpt lat="22.227295" lon="113.289431">
        <ele>0.4</ele>
        <time>2024-07-06T10:59:14Z</time>
      </trkpt>
      <trkpt lat="22.22727" lon="113.289462">
        <ele>0.4</ele>
        <time>2024-07-06T10:59:15Z</time>
      </trkpt>
      <trkpt lat="22.227245" lon="113.289499">
        <ele>0.4</ele>
        <time>2024-07-06T10:59:16Z</time>
      </trkpt>
      <trkpt lat="22.227215" lon="113.289522">
        <ele>0.4</ele>
        <time>2024-07-06T10:59:17Z</time>
      </trkpt>
      <trkpt lat="22.227186" lon="113.289546">
        <ele>0.4</ele>
        <time>2024-07-06T10:59:18Z</time>
      </trkpt>
      <trkpt lat="22.227158" lon="113.289576">
        <ele>0.5</ele>
        <time>2024-07-06T10:59:19Z</time>
      </trkpt>
      <trkpt lat="22.227131" lon="113.289607">
        <ele>0.5</ele>
        <time>2024-07-06T10:59:20Z</time>
      </trkpt>
      <trkpt lat="22.227106" lon="113.289638">
        <ele>0.5</ele>
        <time>2024-07-06T10:59:21Z</time>
      </trkpt>
      <trkpt lat="22.227081" lon="113.289677">
        <ele>0.5</ele>
        <time>2024-07-06T10:59:22Z</time>
      </trkpt>
      <trkpt lat="22.227056" lon="113.289721">
        <ele>0.5</ele>
        <time>2024-07-06T10:59:23Z</time>
      </trkpt>
      <trkpt lat="22.227029" lon="113.289752">
        <ele>0.5</ele>
        <time>2024-07-06T10:59:24Z</time>
      </trkpt>
      <trkpt lat="22.227" lon="113.289783">
        <ele>0.5</ele>
        <time>2024-07-06T10:59:25Z</time>
      </trkpt>
      <trkpt lat="22.226971" lon="113.289812">
        <ele>0.5</ele>
        <time>2024-07-06T10:59:26Z</time>
      </trkpt>
      <trkpt lat="22.226942" lon="113.289843">
        <ele>0.6</ele>
        <time>2024-07-06T10:59:27Z</time>
      </trkpt>
      <trkpt lat="22.226917" lon="113.289874">
        <ele>0.6</ele>
        <time>2024-07-06T10:59:28Z</time>
      </trkpt>
      <trkpt lat="22.226891" lon="113.289912">
        <ele>0.6</ele>
        <time>2024-07-06T10:59:29Z</time>
      </trkpt>
      <trkpt lat="22.226868" lon="113.289941">
        <ele>0.6</ele>
        <time>2024-07-06T10:59:30Z</time>
      </trkpt>
      <trkpt lat="22.226847" lon="113.289965">
        <ele>0.6</ele>
        <time>2024-07-06T10:59:31Z</time>
      </trkpt>
      <trkpt lat="22.226827" lon="113.289995">
        <ele>0.6</ele>
        <time>2024-07-06T10:59:32Z</time>
      </trkpt>
      <trkpt lat="22.226816" lon="113.290017">
        <ele>0.6</ele>
        <time>2024-07-06T10:59:33Z</time>
      </trkpt>
      <trkpt lat="22.22681" lon="113.290041">
        <ele>0.6</ele>
        <time>2024-07-06T10:59:34Z</time>
      </trkpt>
      <trkpt lat="22.226797" lon="113.290072">
        <ele>0.6</ele>
        <time>2024-07-06T10:59:35Z</time>
      </trkpt>
      <trkpt lat="22.226778" lon="113.290102">
        <ele>0.6</ele>
        <time>2024-07-06T10:59:36Z</time>
      </trkpt>
      <trkpt lat="22.226751" lon="113.290132">
        <ele>0.7</ele>
        <time>2024-07-06T10:59:37Z</time>
      </trkpt>
      <trkpt lat="22.226719" lon="113.290155">
        <ele>0.7</ele>
        <time>2024-07-06T10:59:38Z</time>
      </trkpt>
      <trkpt lat="22.226688" lon="113.290178">
        <ele>0.7</ele>
        <time>2024-07-06T10:59:39Z</time>
      </trkpt>
      <trkpt lat="22.226663" lon="113.290201">
        <ele>0.7</ele>
        <time>2024-07-06T10:59:40Z</time>
      </trkpt>
      <trkpt lat="22.226635" lon="113.290225">
        <ele>0.7</ele>
        <time>2024-07-06T10:59:41Z</time>
      </trkpt>
      <trkpt lat="22.22661" lon="113.290263">
        <ele>0.7</ele>
        <time>2024-07-06T10:59:42Z</time>
      </trkpt>
      <trkpt lat="22.226585" lon="113.290293">
        <ele>0.7</ele>
        <time>2024-07-06T10:59:43Z</time>
      </trkpt>
      <trkpt lat="22.226559" lon="113.290315">
        <ele>0.7</ele>
        <time>2024-07-06T10:59:44Z</time>
      </trkpt>
      <trkpt lat="22.226533" lon="113.290331">
        <ele>0.7</ele>
        <time>2024-07-06T10:59:45Z</time>
      </trkpt>
      <trkpt lat="22.226525" lon="113.290354">
        <ele>0.8</ele>
        <time>2024-07-06T10:59:46Z</time>
      </trkpt>
      <trkpt lat="22.226533" lon="113.290384">
        <ele>0.8</ele>
        <time>2024-07-06T10:59:47Z</time>
      </trkpt>
      <trkpt lat="22.22655" lon="113.290424">
        <ele>0.8</ele>
        <time>2024-07-06T10:59:48Z</time>
      </trkpt>
      <trkpt lat="22.226556" lon="113.290463">
        <ele>0.8</ele>
        <time>2024-07-06T10:59:49Z</time>
      </trkpt>
      <trkpt lat="22.226552" lon="113.290507">
        <ele>0.8</ele>
        <time>2024-07-06T10:59:50Z</time>
      </trkpt>
      <trkpt lat="22.226542" lon="113.290555">
        <ele>0.8</ele>
        <time>2024-07-06T10:59:51Z</time>
      </trkpt>
      <trkpt lat="22.226531" lon="113.290591">
        <ele>0.8</ele>
        <time>2024-07-06T10:59:52Z</time>
      </trkpt>
      <trkpt lat="22.226518" lon="113.290621">
        <ele>0.8</ele>
        <time>2024-07-06T10:59:53Z</time>
      </trkpt>
      <trkpt lat="22.226506" lon="113.290651">
        <ele>0.8</ele>
        <time>2024-07-06T10:59:54Z</time>
      </trkpt>
      <trkpt lat="22.226496" lon="113.290675">
        <ele>0.8</ele>
        <time>2024-07-06T10:59:55Z</time>
      </trkpt>
      <trkpt lat="22.226503" lon="113.290713">
        <ele>0.9</ele>
        <time>2024-07-06T10:59:56Z</time>
      </trkpt>
      <trkpt lat="22.226516" lon="113.290743">
        <ele>0.9</ele>
        <time>2024-07-06T10:59:57Z</time>
      </trkpt>
      <trkpt lat="22.226526" lon="113.290774">
        <ele>0.9</ele>
        <time>2024-07-06T10:59:58Z</time>
      </trkpt>
      <trkpt lat="22.226528" lon="113.290812">
        <ele>0.9</ele>
        <time>2024-07-06T10:59:59Z</time>
      </trkpt>
      <trkpt lat="22.226523" lon="113.290835">
        <ele>0.9</ele>
        <time>2024-07-06T11:00:00Z</time>
      </trkpt>
      <trkpt lat="22.226508" lon="113.290867">
        <ele>0.9</ele>
        <time>2024-07-06T11:00:01Z</time>
      </trkpt>
      <trkpt lat="22.226484" lon="113.290897">
        <ele>0.9</ele>
        <time>2024-07-06T11:00:02Z</time>
      </trkpt>
      <trkpt lat="22.226463" lon="113.290934">
        <ele>0.9</ele>
        <time>2024-07-06T11:00:03Z</time>
      </trkpt>
      <trkpt lat="22.226438" lon="113.290966">
        <ele>0.9</ele>
        <time>2024-07-06T11:00:04Z</time>
      </trkpt>
      <trkpt lat="22.226412" lon="113.291003">
        <ele>0.9</ele>
        <time>2024-07-06T11:00:05Z</time>
      </trkpt>
      <trkpt lat="22.226383" lon="113.291041">
        <ele>1</ele>
        <time>2024-07-06T11:00:06Z</time>
      </trkpt>
      <trkpt lat="22.226354" lon="113.291072">
        <ele>1</ele>
        <time>2024-07-06T11:00:07Z</time>
      </trkpt>
      <trkpt lat="22.226325" lon="113.291111">
        <ele>1</ele>
        <time>2024-07-06T11:00:08Z</time>
      </trkpt>
      <trkpt lat="22.226295" lon="113.291149">
        <ele>1</ele>
        <time>2024-07-06T11:00:09Z</time>
      </trkpt>
      <trkpt lat="22.226263" lon="113.291194">
        <ele>1</ele>
        <time>2024-07-06T11:00:10Z</time>
      </trkpt>
      <trkpt lat="22.226232" lon="113.29124">
        <ele>1</ele>
        <time>2024-07-06T11:00:11Z</time>
      </trkpt>
      <trkpt lat="22.226203" lon="113.291279">
        <ele>1</ele>
        <time>2024-07-06T11:00:12Z</time>
      </trkpt>
      <trkpt lat="22.226173" lon="113.291324">
        <ele>1</ele>
        <time>2024-07-06T11:00:13Z</time>
      </trkpt>
      <trkpt lat="22.226132" lon="113.29137">
        <ele>1</ele>
        <time>2024-07-06T11:00:14Z</time>
      </trkpt>
      <trkpt lat="22.226099" lon="113.291407">
        <ele>1</ele>
        <time>2024-07-06T11:00:15Z</time>
      </trkpt>
      <trkpt lat="22.226063" lon="113.291453">
        <ele>1.1</ele>
        <time>2024-07-06T11:00:16Z</time>
      </trkpt>
      <trkpt lat="22.226028" lon="113.291484">
        <ele>1.1</ele>
        <time>2024-07-06T11:00:17Z</time>
      </trkpt>
      <trkpt lat="22.225996" lon="113.291529">
        <ele>1.1</ele>
        <time>2024-07-06T11:00:18Z</time>
      </trkpt>
      <trkpt lat="22.225961" lon="113.291568">
        <ele>1.1</ele>
        <time>2024-07-06T11:00:19Z</time>
      </trkpt>
      <trkpt lat="22.225928" lon="113.291606">
        <ele>1.1</ele>
        <time>2024-07-06T11:00:20Z</time>
      </trkpt>
      <trkpt lat="22.225893" lon="113.291646">
        <ele>1.1</ele>
        <time>2024-07-06T11:00:21Z</time>
      </trkpt>
      <trkpt lat="22.225857" lon="113.291689">
        <ele>1.1</ele>
        <time>2024-07-06T11:00:22Z</time>
      </trkpt>
      <trkpt lat="22.225819" lon="113.29173">
        <ele>1.1</ele>
        <time>2024-07-06T11:00:23Z</time>
      </trkpt>
      <trkpt lat="22.225783" lon="113.291774">
        <ele>1.1</ele>
        <time>2024-07-06T11:00:24Z</time>
      </trkpt>
      <trkpt lat="22.225745" lon="113.291813">
        <ele>1.2</ele>
        <time>2024-07-06T11:00:25Z</time>
      </trkpt>
      <trkpt lat="22.225709" lon="113.291858">
        <ele>1.2</ele>
        <time>2024-07-06T11:00:26Z</time>
      </trkpt>
      <trkpt lat="22.225672" lon="113.291896">
        <ele>1.2</ele>
        <time>2024-07-06T11:00:27Z</time>
      </trkpt>
      <trkpt lat="22.225637" lon="113.291934">
        <ele>1.2</ele>
        <time>2024-07-06T11:00:28Z</time>
      </trkpt>
      <trkpt lat="22.2256" lon="113.29198">
        <ele>1.2</ele>
        <time>2024-07-06T11:00:29Z</time>
      </trkpt>
      <trkpt lat="22.225565" lon="113.292019">
        <ele>1.2</ele>
        <time>2024-07-06T11:00:30Z</time>
      </trkpt>
      <trkpt lat="22.225524" lon="113.292065">
        <ele>1.2</ele>
        <time>2024-07-06T11:00:31Z</time>
      </trkpt>
      <trkpt lat="22.225494" lon="113.292109">
        <ele>1.2</ele>
        <time>2024-07-06T11:00:32Z</time>
      </trkpt>
      <trkpt lat="22.225458" lon="113.292148">
        <ele>1.3</ele>
        <time>2024-07-06T11:00:33Z</time>
      </trkpt>
      <trkpt lat="22.225428" lon="113.292186">
        <ele>1.3</ele>
        <time>2024-07-06T11:00:34Z</time>
      </trkpt>
      <trkpt lat="22.225398" lon="113.292233">
        <ele>1.3</ele>
        <time>2024-07-06T11:00:35Z</time>
      </trkpt>
      <trkpt lat="22.225366" lon="113.29227">
        <ele>1.3</ele>
        <time>2024-07-06T11:00:36Z</time>
      </trkpt>
      <trkpt lat="22.225334" lon="113.292316">
        <ele>1.3</ele>
        <time>2024-07-06T11:00:37Z</time>
      </trkpt>
      <trkpt lat="22.225303" lon="113.292361">
        <ele>1.3</ele>
        <time>2024-07-06T11:00:38Z</time>
      </trkpt>
      <trkpt lat="22.225269" lon="113.292399">
        <ele>1.3</ele>
        <time>2024-07-06T11:00:39Z</time>
      </trkpt>
      <trkpt lat="22.225226" lon="113.292445">
        <ele>1.3</ele>
        <time>2024-07-06T11:00:40Z</time>
      </trkpt>
      <trkpt lat="22.225188" lon="113.292476">
        <ele>1.2</ele>
        <time>2024-07-06T11:00:41Z</time>
      </trkpt>
      <trkpt lat="22.225153" lon="113.292522">
        <ele>1.2</ele>
        <time>2024-07-06T11:00:42Z</time>
      </trkpt>
      <trkpt lat="22.225116" lon="113.292559">
        <ele>1.2</ele>
        <time>2024-07-06T11:00:43Z</time>
      </trkpt>
      <trkpt lat="22.225087" lon="113.292591">
        <ele>1.2</ele>
        <time>2024-07-06T11:00:44Z</time>
      </trkpt>
      <trkpt lat="22.225053" lon="113.292637">
        <ele>1.1</ele>
        <time>2024-07-06T11:00:45Z</time>
      </trkpt>
      <trkpt lat="22.225025" lon="113.292682">
        <ele>1.1</ele>
        <time>2024-07-06T11:00:46Z</time>
      </trkpt>
      <trkpt lat="22.224997" lon="113.292719">
        <ele>1.1</ele>
        <time>2024-07-06T11:00:47Z</time>
      </trkpt>
      <trkpt lat="22.224971" lon="113.292759">
        <ele>1.1</ele>
        <time>2024-07-06T11:00:48Z</time>
      </trkpt>
      <trkpt lat="22.224941" lon="113.292803">
        <ele>1</ele>
        <time>2024-07-06T11:00:49Z</time>
      </trkpt>
      <trkpt lat="22.224904" lon="113.292834">
        <ele>1</ele>
        <time>2024-07-06T11:00:50Z</time>
      </trkpt>
      <trkpt lat="22.224869" lon="113.292872">
        <ele>1</ele>
        <time>2024-07-06T11:00:51Z</time>
      </trkpt>
      <trkpt lat="22.224837" lon="113.292902">
        <ele>1</ele>
        <time>2024-07-06T11:00:52Z</time>
      </trkpt>
      <trkpt lat="22.224805" lon="113.292932">
        <ele>0.9</ele>
        <time>2024-07-06T11:00:53Z</time>
      </trkpt>
      <trkpt lat="22.224776" lon="113.292971">
        <ele>0.9</ele>
        <time>2024-07-06T11:00:54Z</time>
      </trkpt>
      <trkpt lat="22.224751" lon="113.293002">
        <ele>0.9</ele>
        <time>2024-07-06T11:00:55Z</time>
      </trkpt>
      <trkpt lat="22.224732" lon="113.293033">
        <ele>0.9</ele>
        <time>2024-07-06T11:00:56Z</time>
      </trkpt>
      <trkpt lat="22.224714" lon="113.29307">
        <ele>0.9</ele>
        <time>2024-07-06T11:00:57Z</time>
      </trkpt>
      <trkpt lat="22.224707" lon="113.293101">
        <ele>0.8</ele>
        <time>2024-07-06T11:00:58Z</time>
      </trkpt>
      <trkpt lat="22.224712" lon="113.293132">
        <ele>0.8</ele>
        <time>2024-07-06T11:00:59Z</time>
      </trkpt>
      <trkpt lat="22.22473" lon="113.29317">
        <ele>0.8</ele>
        <time>2024-07-06T11:01:00Z</time>
      </trkpt>
      <trkpt lat="22.224762" lon="113.293214">
        <ele>0.8</ele>
        <time>2024-07-06T11:01:01Z</time>
      </trkpt>
      <trkpt lat="22.224795" lon="113.293245">
        <ele>0.8</ele>
        <time>2024-07-06T11:01:02Z</time>
      </trkpt>
      <trkpt lat="22.224831" lon="113.293277">
        <ele>0.7</ele>
        <time>2024-07-06T11:01:03Z</time>
      </trkpt>
      <trkpt lat="22.224868" lon="113.293316">
        <ele>0.7</ele>
        <time>2024-07-06T11:01:04Z</time>
      </trkpt>
      <trkpt lat="22.224904" lon="113.293369">
        <ele>0.7</ele>
        <time>2024-07-06T11:01:05Z</time>
      </trkpt>
      <trkpt lat="22.224936" lon="113.293414">
        <ele>0.6</ele>
        <time>2024-07-06T11:01:06Z</time>
      </trkpt>
      <trkpt lat="22.224973" lon="113.293453">
        <ele>0.6</ele>
        <time>2024-07-06T11:01:07Z</time>
      </trkpt>
      <trkpt lat="22.225011" lon="113.293502">
        <ele>0.6</ele>
        <time>2024-07-06T11:01:08Z</time>
      </trkpt>
      <trkpt lat="22.225045" lon="113.293553">
        <ele>0.6</ele>
        <time>2024-07-06T11:01:09Z</time>
      </trkpt>
      <trkpt lat="22.225078" lon="113.293605">
        <ele>0.5</ele>
        <time>2024-07-06T11:01:10Z</time>
      </trkpt>
      <trkpt lat="22.225111" lon="113.293642">
        <ele>0.5</ele>
        <time>2024-07-06T11:01:11Z</time>
      </trkpt>
      <trkpt lat="22.225148" lon="113.293696">
        <ele>0.5</ele>
        <time>2024-07-06T11:01:12Z</time>
      </trkpt>
      <trkpt lat="22.225188" lon="113.293742">
        <ele>0.4</ele>
        <time>2024-07-06T11:01:13Z</time>
      </trkpt>
      <trkpt lat="22.225223" lon="113.293788">
        <ele>0.4</ele>
        <time>2024-07-06T11:01:14Z</time>
      </trkpt>
      <trkpt lat="22.225256" lon="113.293841">
        <ele>0.4</ele>
        <time>2024-07-06T11:01:15Z</time>
      </trkpt>
      <trkpt lat="22.225289" lon="113.29388">
        <ele>0.4</ele>
        <time>2024-07-06T11:01:16Z</time>
      </trkpt>
      <trkpt lat="22.225322" lon="113.293919">
        <ele>0.5</ele>
        <time>2024-07-06T11:01:17Z</time>
      </trkpt>
      <trkpt lat="22.225354" lon="113.293963">
        <ele>0.6</ele>
        <time>2024-07-06T11:01:18Z</time>
      </trkpt>
      <trkpt lat="22.225394" lon="113.294002">
        <ele>0.7</ele>
        <time>2024-07-06T11:01:19Z</time>
      </trkpt>
      <trkpt lat="22.225426" lon="113.294049">
        <ele>0.8</ele>
        <time>2024-07-06T11:01:20Z</time>
      </trkpt>
      <trkpt lat="22.225459" lon="113.294102">
        <ele>0.9</ele>
        <time>2024-07-06T11:01:21Z</time>
      </trkpt>
      <trkpt lat="22.225495" lon="113.294156">
        <ele>1</ele>
        <time>2024-07-06T11:01:22Z</time>
      </trkpt>
      <trkpt lat="22.22553" lon="113.294209">
        <ele>1.1</ele>
        <time>2024-07-06T11:01:23Z</time>
      </trkpt>
      <trkpt lat="22.225566" lon="113.294262">
        <ele>1.2</ele>
        <time>2024-07-06T11:01:24Z</time>
      </trkpt>
      <trkpt lat="22.225604" lon="113.294307">
        <ele>1.3</ele>
        <time>2024-07-06T11:01:25Z</time>
      </trkpt>
      <trkpt lat="22.225638" lon="113.294345">
        <ele>1.4</ele>
        <time>2024-07-06T11:01:26Z</time>
      </trkpt>
      <trkpt lat="22.225668" lon="113.294385">
        <ele>1.5</ele>
        <time>2024-07-06T11:01:27Z</time>
      </trkpt>
      <trkpt lat="22.225691" lon="113.29443">
        <ele>1.6</ele>
        <time>2024-07-06T11:01:28Z</time>
      </trkpt>
      <trkpt lat="22.225716" lon="113.294475">
        <ele>1.7</ele>
        <time>2024-07-06T11:01:29Z</time>
      </trkpt>
      <trkpt lat="22.225746" lon="113.294513">
        <ele>1.7</ele>
        <time>2024-07-06T11:01:30Z</time>
      </trkpt>
      <trkpt lat="22.225776" lon="113.294553">
        <ele>1.8</ele>
        <time>2024-07-06T11:01:31Z</time>
      </trkpt>
      <trkpt lat="22.225808" lon="113.294597">
        <ele>1.9</ele>
        <time>2024-07-06T11:01:32Z</time>
      </trkpt>
      <trkpt lat="22.225843" lon="113.294644">
        <ele>2</ele>
        <time>2024-07-06T11:01:33Z</time>
      </trkpt>
      <trkpt lat="22.225877" lon="113.29469">
        <ele>2.1</ele>
        <time>2024-07-06T11:01:34Z</time>
      </trkpt>
      <trkpt lat="22.225907" lon="113.294735">
        <ele>2.2</ele>
        <time>2024-07-06T11:01:35Z</time>
      </trkpt>
      <trkpt lat="22.225939" lon="113.29478">
        <ele>2.3</ele>
        <time>2024-07-06T11:01:36Z</time>
      </trkpt>
      <trkpt lat="22.225967" lon="113.294825">
        <ele>2.4</ele>
        <time>2024-07-06T11:01:37Z</time>
      </trkpt>
      <trkpt lat="22.226001" lon="113.294873">
        <ele>2.5</ele>
        <time>2024-07-06T11:01:38Z</time>
      </trkpt>
      <trkpt lat="22.226033" lon="113.294917">
        <ele>2.6</ele>
        <time>2024-07-06T11:01:39Z</time>
      </trkpt>
      <trkpt lat="22.226066" lon="113.294947">
        <ele>2.6</ele>
        <time>2024-07-06T11:01:40Z</time>
      </trkpt>
      <trkpt lat="22.226097" lon="113.294993">
        <ele>2.7</ele>
        <time>2024-07-06T11:01:41Z</time>
      </trkpt>
      <trkpt lat="22.226128" lon="113.295031">
        <ele>2.8</ele>
        <time>2024-07-06T11:01:42Z</time>
      </trkpt>
      <trkpt lat="22.226159" lon="113.295065">
        <ele>2.9</ele>
        <time>2024-07-06T11:01:43Z</time>
      </trkpt>
      <trkpt lat="22.22619" lon="113.295099">
        <ele>3</ele>
        <time>2024-07-06T11:01:44Z</time>
      </trkpt>
      <trkpt lat="22.226223" lon="113.295151">
        <ele>3.1</ele>
        <time>2024-07-06T11:01:45Z</time>
      </trkpt>
      <trkpt lat="22.226254" lon="113.295198">
        <ele>3.2</ele>
        <time>2024-07-06T11:01:46Z</time>
      </trkpt>
      <trkpt lat="22.226286" lon="113.295242">
        <ele>3.3</ele>
        <time>2024-07-06T11:01:47Z</time>
      </trkpt>
      <trkpt lat="22.226319" lon="113.295296">
        <ele>3.4</ele>
        <time>2024-07-06T11:01:48Z</time>
      </trkpt>
      <trkpt lat="22.226355" lon="113.295342">
        <ele>3.5</ele>
        <time>2024-07-06T11:01:49Z</time>
      </trkpt>
      <trkpt lat="22.226394" lon="113.295396">
        <ele>3.5</ele>
        <time>2024-07-06T11:01:50Z</time>
      </trkpt>
      <trkpt lat="22.22643" lon="113.295442">
        <ele>3.6</ele>
        <time>2024-07-06T11:01:51Z</time>
      </trkpt>
      <trkpt lat="22.226469" lon="113.295496">
        <ele>3.6</ele>
        <time>2024-07-06T11:01:52Z</time>
      </trkpt>
      <trkpt lat="22.226505" lon="113.295549">
        <ele>3.6</ele>
        <time>2024-07-06T11:01:53Z</time>
      </trkpt>
      <trkpt lat="22.226533" lon="113.295593">
        <ele>3.6</ele>
        <time>2024-07-06T11:01:54Z</time>
      </trkpt>
      <trkpt lat="22.226566" lon="113.295646">
        <ele>3.6</ele>
        <time>2024-07-06T11:01:55Z</time>
      </trkpt>
      <trkpt lat="22.226594" lon="113.295686">
        <ele>3.7</ele>
        <time>2024-07-06T11:01:56Z</time>
      </trkpt>
      <trkpt lat="22.226616" lon="113.295724">
        <ele>3.7</ele>
        <time>2024-07-06T11:01:57Z</time>
      </trkpt>
      <trkpt lat="22.226641" lon="113.29577">
        <ele>3.7</ele>
        <time>2024-07-06T11:01:58Z</time>
      </trkpt>
      <trkpt lat="22.22666" lon="113.295822">
        <ele>3.7</ele>
        <time>2024-07-06T11:01:59Z</time>
      </trkpt>
      <trkpt lat="22.226673" lon="113.295861">
        <ele>3.7</ele>
        <time>2024-07-06T11:02:00Z</time>
      </trkpt>
      <trkpt lat="22.226685" lon="113.295899">
        <ele>3.7</ele>
        <time>2024-07-06T11:02:01Z</time>
      </trkpt>
      <trkpt lat="22.226688" lon="113.295929">
        <ele>3.8</ele>
        <time>2024-07-06T11:02:02Z</time>
      </trkpt>
      <trkpt lat="22.226683" lon="113.295952">
        <ele>3.8</ele>
        <time>2024-07-06T11:02:03Z</time>
      </trkpt>
      <trkpt lat="22.226665" lon="113.295967">
        <ele>3.8</ele>
        <time>2024-07-06T11:02:04Z</time>
      </trkpt>
      <trkpt lat="22.226636" lon="113.295983">
        <ele>3.8</ele>
        <time>2024-07-06T11:02:05Z</time>
      </trkpt>
      <trkpt lat="22.226605" lon="113.295998">
        <ele>3.8</ele>
        <time>2024-07-06T11:02:06Z</time>
      </trkpt>
      <trkpt lat="22.226571" lon="113.296013">
        <ele>3.8</ele>
        <time>2024-07-06T11:02:07Z</time>
      </trkpt>
      <trkpt lat="22.226537" lon="113.296029">
        <ele>3.8</ele>
        <time>2024-07-06T11:02:08Z</time>
      </trkpt>
      <trkpt lat="22.226499" lon="113.296044">
        <ele>3.8</ele>
        <time>2024-07-06T11:02:09Z</time>
      </trkpt>
      <trkpt lat="22.22646" lon="113.296059">
        <ele>3.9</ele>
        <time>2024-07-06T11:02:10Z</time>
      </trkpt>
      <trkpt lat="22.226419" lon="113.296089">
        <ele>3.9</ele>
        <time>2024-07-06T11:02:11Z</time>
      </trkpt>
      <trkpt lat="22.22638" lon="113.296113">
        <ele>3.9</ele>
        <time>2024-07-06T11:02:12Z</time>
      </trkpt>
      <trkpt lat="22.226343" lon="113.296135">
        <ele>3.9</ele>
        <time>2024-07-06T11:02:13Z</time>
      </trkpt>
      <trkpt lat="22.2263" lon="113.296158">
        <ele>3.9</ele>
        <time>2024-07-06T11:02:14Z</time>
      </trkpt>
      <trkpt lat="22.226258" lon="113.296181">
        <ele>3.9</ele>
        <time>2024-07-06T11:02:15Z</time>
      </trkpt>
      <trkpt lat="22.226219" lon="113.296204">
        <ele>4</ele>
        <time>2024-07-06T11:02:16Z</time>
      </trkpt>
      <trkpt lat="22.226177" lon="113.296219">
        <ele>4</ele>
        <time>2024-07-06T11:02:17Z</time>
      </trkpt>
      <trkpt lat="22.226134" lon="113.296242">
        <ele>4</ele>
        <time>2024-07-06T11:02:18Z</time>
      </trkpt>
      <trkpt lat="22.226093" lon="113.296265">
        <ele>4</ele>
        <time>2024-07-06T11:02:19Z</time>
      </trkpt>
      <trkpt lat="22.226046" lon="113.296289">
        <ele>4</ele>
        <time>2024-07-06T11:02:20Z</time>
      </trkpt>
      <trkpt lat="22.226007" lon="113.296311">
        <ele>4</ele>
        <time>2024-07-06T11:02:21Z</time>
      </trkpt>
      <trkpt lat="22.225964" lon="113.296334">
        <ele>4.1</ele>
        <time>2024-07-06T11:02:22Z</time>
      </trkpt>
      <trkpt lat="22.225926" lon="113.296356">
        <ele>4.1</ele>
        <time>2024-07-06T11:02:23Z</time>
      </trkpt>
      <trkpt lat="22.225883" lon="113.296373">
        <ele>4.1</ele>
        <time>2024-07-06T11:02:24Z</time>
      </trkpt>
      <trkpt lat="22.225848" lon="113.296395">
        <ele>4.1</ele>
        <time>2024-07-06T11:02:25Z</time>
      </trkpt>
      <trkpt lat="22.225815" lon="113.296411">
        <ele>4.1</ele>
        <time>2024-07-06T11:02:26Z</time>
      </trkpt>
      <trkpt lat="22.225784" lon="113.296434">
        <ele>4.1</ele>
        <time>2024-07-06T11:02:27Z</time>
      </trkpt>
      <trkpt lat="22.225752" lon="113.296457">
        <ele>4.2</ele>
        <time>2024-07-06T11:02:28Z</time>
      </trkpt>
      <trkpt lat="22.225722" lon="113.296479">
        <ele>4.2</ele>
        <time>2024-07-06T11:02:29Z</time>
      </trkpt>
      <trkpt lat="22.225699" lon="113.296486">
        <ele>4.2</ele>
        <time>2024-07-06T11:02:30Z</time>
      </trkpt>
      <trkpt lat="22.225682" lon="113.296494">
        <ele>4.2</ele>
        <time>2024-07-06T11:02:31Z</time>
      </trkpt>
      <trkpt lat="22.225669" lon="113.296493">
        <ele>4.2</ele>
        <time>2024-07-06T11:02:32Z</time>
      </trkpt>
      <trkpt lat="22.22566" lon="113.296477">
        <ele>4.2</ele>
        <time>2024-07-06T11:02:33Z</time>
      </trkpt>
      <trkpt lat="22.225656" lon="113.296462">
        <ele>4.2</ele>
        <time>2024-07-06T11:02:34Z</time>
      </trkpt>
      <trkpt lat="22.225652" lon="113.296446">
        <ele>4.2</ele>
        <time>2024-07-06T11:02:35Z</time>
      </trkpt>
      <trkpt lat="22.225647" lon="113.296424">
        <ele>4.2</ele>
        <time>2024-07-06T11:02:36Z</time>
      </trkpt>
      <trkpt lat="22.225574" lon="113.296419">
        <ele>4.1</ele>
        <time>2024-07-06T11:02:40Z</time>
      </trkpt>
      <trkpt lat="22.225555" lon="113.296434">
        <ele>4.1</ele>
        <time>2024-07-06T11:02:41Z</time>
      </trkpt>
      <trkpt lat="22.225543" lon="113.296456">
        <ele>4.1</ele>
        <time>2024-07-06T11:02:42Z</time>
      </trkpt>
      <trkpt lat="22.225534" lon="113.296463">
        <ele>4</ele>
        <time>2024-07-06T11:02:43Z</time>
      </trkpt>
      <trkpt lat="22.225522" lon="113.296471">
        <ele>4</ele>
        <time>2024-07-06T11:02:44Z</time>
      </trkpt>
      <trkpt lat="22.225512" lon="113.296481">
        <ele>4</ele>
        <time>2024-07-06T11:02:45Z</time>
      </trkpt>
      <trkpt lat="22.225496" lon="113.296502">
        <ele>4</ele>
        <time>2024-07-06T11:02:46Z</time>
      </trkpt>
      <trkpt lat="22.225471" lon="113.296509">
        <ele>4</ele>
        <time>2024-07-06T11:02:47Z</time>
      </trkpt>
      <trkpt lat="22.22544" lon="113.296517">
        <ele>3.9</ele>
        <time>2024-07-06T11:02:48Z</time>
      </trkpt>
      <trkpt lat="22.225404" lon="113.296525">
        <ele>3.9</ele>
        <time>2024-07-06T11:02:49Z</time>
      </trkpt>
      <trkpt lat="22.225377" lon="113.296534">
        <ele>3.9</ele>
        <time>2024-07-06T11:02:50Z</time>
      </trkpt>
      <trkpt lat="22.225344" lon="113.296556">
        <ele>3.8</ele>
        <time>2024-07-06T11:02:51Z</time>
      </trkpt>
      <trkpt lat="22.225318" lon="113.296571">
        <ele>3.8</ele>
        <time>2024-07-06T11:02:52Z</time>
      </trkpt>
      <trkpt lat="22.225292" lon="113.296579">
        <ele>3.8</ele>
        <time>2024-07-06T11:02:53Z</time>
      </trkpt>
      <trkpt lat="22.225261" lon="113.296593">
        <ele>3.8</ele>
        <time>2024-07-06T11:02:54Z</time>
      </trkpt>
      <trkpt lat="22.225227" lon="113.296601">
        <ele>3.7</ele>
        <time>2024-07-06T11:02:55Z</time>
      </trkpt>
      <trkpt lat="22.225201" lon="113.296618">
        <ele>3.7</ele>
        <time>2024-07-06T11:02:56Z</time>
      </trkpt>
      <trkpt lat="22.225183" lon="113.296647">
        <ele>3.7</ele>
        <time>2024-07-06T11:02:57Z</time>
      </trkpt>
      <trkpt lat="22.225181" lon="113.296665">
        <ele>3.6</ele>
        <time>2024-07-06T11:02:58Z</time>
      </trkpt>
      <trkpt lat="22.225177" lon="113.296717">
        <ele>3.6</ele>
        <time>2024-07-06T11:02:59Z</time>
      </trkpt>
      <trkpt lat="22.225163" lon="113.296754">
        <ele>3.6</ele>
        <time>2024-07-06T11:03:00Z</time>
      </trkpt>
      <trkpt lat="22.225138" lon="113.29677">
        <ele>3.5</ele>
        <time>2024-07-06T11:03:01Z</time>
      </trkpt>
      <trkpt lat="22.225104" lon="113.296785">
        <ele>3.5</ele>
        <time>2024-07-06T11:03:02Z</time>
      </trkpt>
      <trkpt lat="22.225071" lon="113.2968">
        <ele>3.5</ele>
        <time>2024-07-06T11:03:03Z</time>
      </trkpt>
      <trkpt lat="22.225036" lon="113.296815">
        <ele>3.4</ele>
        <time>2024-07-06T11:03:04Z</time>
      </trkpt>
      <trkpt lat="22.225003" lon="113.29683">
        <ele>3.4</ele>
        <time>2024-07-06T11:03:05Z</time>
      </trkpt>
      <trkpt lat="22.224971" lon="113.296846">
        <ele>3.4</ele>
        <time>2024-07-06T11:03:06Z</time>
      </trkpt>
      <trkpt lat="22.224937" lon="113.296869">
        <ele>3.3</ele>
        <time>2024-07-06T11:03:07Z</time>
      </trkpt>
      <trkpt lat="22.224899" lon="113.296892">
        <ele>3.3</ele>
        <time>2024-07-06T11:03:08Z</time>
      </trkpt>
      <trkpt lat="22.224864" lon="113.296915">
        <ele>3.2</ele>
        <time>2024-07-06T11:03:09Z</time>
      </trkpt>
      <trkpt lat="22.22483" lon="113.296938">
        <ele>3.2</ele>
        <time>2024-07-06T11:03:10Z</time>
      </trkpt>
      <trkpt lat="22.22479" lon="113.29696">
        <ele>3.2</ele>
        <time>2024-07-06T11:03:11Z</time>
      </trkpt>
      <trkpt lat="22.224751" lon="113.296975">
        <ele>3.1</ele>
        <time>2024-07-06T11:03:12Z</time>
      </trkpt>
      <trkpt lat="22.224711" lon="113.296991">
        <ele>3.1</ele>
        <time>2024-07-06T11:03:13Z</time>
      </trkpt>
      <trkpt lat="22.22467" lon="113.297006">
        <ele>3</ele>
        <time>2024-07-06T11:03:14Z</time>
      </trkpt>
      <trkpt lat="22.224631" lon="113.297021">
        <ele>3</ele>
        <time>2024-07-06T11:03:15Z</time>
      </trkpt>
      <trkpt lat="22.224591" lon="113.297036">
        <ele>3</ele>
        <time>2024-07-06T11:03:16Z</time>
      </trkpt>
      <trkpt lat="22.224553" lon="113.297053">
        <ele>2.9</ele>
        <time>2024-07-06T11:03:17Z</time>
      </trkpt>
      <trkpt lat="22.224512" lon="113.297083">
        <ele>2.9</ele>
        <time>2024-07-06T11:03:18Z</time>
      </trkpt>
      <trkpt lat="22.224475" lon="113.297105">
        <ele>2.8</ele>
        <time>2024-07-06T11:03:19Z</time>
      </trkpt>
      <trkpt lat="22.224436" lon="113.297121">
        <ele>2.8</ele>
        <time>2024-07-06T11:03:20Z</time>
      </trkpt>
      <trkpt lat="22.224395" lon="113.297144">
        <ele>2.8</ele>
        <time>2024-07-06T11:03:21Z</time>
      </trkpt>
      <trkpt lat="22.224355" lon="113.297167">
        <ele>2.7</ele>
        <time>2024-07-06T11:03:22Z</time>
      </trkpt>
      <trkpt lat="22.224317" lon="113.297189">
        <ele>2.7</ele>
        <time>2024-07-06T11:03:23Z</time>
      </trkpt>
      <trkpt lat="22.224279" lon="113.297212">
        <ele>2.6</ele>
        <time>2024-07-06T11:03:24Z</time>
      </trkpt>
      <trkpt lat="22.224242" lon="113.297235">
        <ele>2.6</ele>
        <time>2024-07-06T11:03:25Z</time>
      </trkpt>
      <trkpt lat="22.224204" lon="113.297258">
        <ele>2.5</ele>
        <time>2024-07-06T11:03:26Z</time>
      </trkpt>
      <trkpt lat="22.224164" lon="113.29728">
        <ele>2.5</ele>
        <time>2024-07-06T11:03:27Z</time>
      </trkpt>
      <trkpt lat="22.224126" lon="113.297296">
        <ele>2.5</ele>
        <time>2024-07-06T11:03:28Z</time>
      </trkpt>
      <trkpt lat="22.224091" lon="113.297311">
        <ele>2.5</ele>
        <time>2024-07-06T11:03:29Z</time>
      </trkpt>
      <trkpt lat="22.224056" lon="113.297326">
        <ele>2.4</ele>
        <time>2024-07-06T11:03:30Z</time>
      </trkpt>
      <trkpt lat="22.224023" lon="113.297343">
        <ele>2.4</ele>
        <time>2024-07-06T11:03:31Z</time>
      </trkpt>
      <trkpt lat="22.223983" lon="113.297373">
        <ele>2.4</ele>
        <time>2024-07-06T11:03:32Z</time>
      </trkpt>
      <trkpt lat="22.22394" lon="113.297397">
        <ele>2.4</ele>
        <time>2024-07-06T11:03:33Z</time>
      </trkpt>
      <trkpt lat="22.223901" lon="113.297418">
        <ele>2.4</ele>
        <time>2024-07-06T11:03:34Z</time>
      </trkpt>
      <trkpt lat="22.223857" lon="113.297434">
        <ele>2.4</ele>
        <time>2024-07-06T11:03:35Z</time>
      </trkpt>
      <trkpt lat="22.223813" lon="113.297455">
        <ele>2.3</ele>
        <time>2024-07-06T11:03:36Z</time>
      </trkpt>
      <trkpt lat="22.223765" lon="113.297463">
        <ele>2.3</ele>
        <time>2024-07-06T11:03:37Z</time>
      </trkpt>
      <trkpt lat="22.223719" lon="113.29747">
        <ele>2.3</ele>
        <time>2024-07-06T11:03:38Z</time>
      </trkpt>
      <trkpt lat="22.223675" lon="113.297469">
        <ele>2.3</ele>
        <time>2024-07-06T11:03:39Z</time>
      </trkpt>
      <trkpt lat="22.223631" lon="113.297462">
        <ele>2.3</ele>
        <time>2024-07-06T11:03:40Z</time>
      </trkpt>
      <trkpt lat="22.22358" lon="113.297454">
        <ele>2.2</ele>
        <time>2024-07-06T11:03:41Z</time>
      </trkpt>
      <trkpt lat="22.223532" lon="113.297438">
        <ele>2.2</ele>
        <time>2024-07-06T11:03:42Z</time>
      </trkpt>
      <trkpt lat="22.223489" lon="113.297415">
        <ele>2.2</ele>
        <time>2024-07-06T11:03:43Z</time>
      </trkpt>
      <trkpt lat="22.223449" lon="113.297392">
        <ele>2.2</ele>
        <time>2024-07-06T11:03:44Z</time>
      </trkpt>
      <trkpt lat="22.223414" lon="113.297368">
        <ele>2.2</ele>
        <time>2024-07-06T11:03:45Z</time>
      </trkpt>
      <trkpt lat="22.223377" lon="113.29733">
        <ele>2.1</ele>
        <time>2024-07-06T11:03:46Z</time>
      </trkpt>
      <trkpt lat="22.223348" lon="113.297291">
        <ele>2.1</ele>
        <time>2024-07-06T11:03:47Z</time>
      </trkpt>
      <trkpt lat="22.223319" lon="113.297253">
        <ele>2.1</ele>
        <time>2024-07-06T11:03:48Z</time>
      </trkpt>
      <trkpt lat="22.223289" lon="113.297215">
        <ele>2.1</ele>
        <time>2024-07-06T11:03:49Z</time>
      </trkpt>
      <trkpt lat="22.223257" lon="113.297177">
        <ele>2.1</ele>
        <time>2024-07-06T11:03:50Z</time>
      </trkpt>
      <trkpt lat="22.223225" lon="113.297139">
        <ele>2</ele>
        <time>2024-07-06T11:03:51Z</time>
      </trkpt>
      <trkpt lat="22.223191" lon="113.29711">
        <ele>2</ele>
        <time>2024-07-06T11:03:52Z</time>
      </trkpt>
      <trkpt lat="22.223156" lon="113.297086">
        <ele>2</ele>
        <time>2024-07-06T11:03:53Z</time>
      </trkpt>
      <trkpt lat="22.223119" lon="113.297055">
        <ele>2</ele>
        <time>2024-07-06T11:03:54Z</time>
      </trkpt>
      <trkpt lat="22.223085" lon="113.297016">
        <ele>2</ele>
        <time>2024-07-06T11:03:55Z</time>
      </trkpt>
      <trkpt lat="22.223058" lon="113.29697">
        <ele>2</ele>
        <time>2024-07-06T11:03:56Z</time>
      </trkpt>
      <trkpt lat="22.223034" lon="113.296932">
        <ele>1.9</ele>
        <time>2024-07-06T11:03:57Z</time>
      </trkpt>
      <trkpt lat="22.22301" lon="113.296887">
        <ele>1.9</ele>
        <time>2024-07-06T11:03:58Z</time>
      </trkpt>
      <trkpt lat="22.222982" lon="113.296849">
        <ele>1.9</ele>
        <time>2024-07-06T11:03:59Z</time>
      </trkpt>
      <trkpt lat="22.222951" lon="113.29681">
        <ele>1.9</ele>
        <time>2024-07-06T11:04:00Z</time>
      </trkpt>
      <trkpt lat="22.222921" lon="113.296765">
        <ele>1.9</ele>
        <time>2024-07-06T11:04:01Z</time>
      </trkpt>
      <trkpt lat="22.222891" lon="113.296725">
        <ele>1.8</ele>
        <time>2024-07-06T11:04:02Z</time>
      </trkpt>
      <trkpt lat="22.222859" lon="113.29668">
        <ele>1.8</ele>
        <time>2024-07-06T11:04:03Z</time>
      </trkpt>
      <trkpt lat="22.222833" lon="113.296643">
        <ele>1.8</ele>
        <time>2024-07-06T11:04:04Z</time>
      </trkpt>
      <trkpt lat="22.222806" lon="113.296603">
        <ele>1.8</ele>
        <time>2024-07-06T11:04:05Z</time>
      </trkpt>
      <trkpt lat="22.222778" lon="113.296559">
        <ele>1.8</ele>
        <time>2024-07-06T11:04:06Z</time>
      </trkpt>
      <trkpt lat="22.222749" lon="113.29652">
        <ele>1.7</ele>
        <time>2024-07-06T11:04:07Z</time>
      </trkpt>
      <trkpt lat="22.222719" lon="113.296475">
        <ele>1.7</ele>
        <time>2024-07-06T11:04:08Z</time>
      </trkpt>
      <trkpt lat="22.22269" lon="113.296437">
        <ele>1.6</ele>
        <time>2024-07-06T11:04:09Z</time>
      </trkpt>
      <trkpt lat="22.222661" lon="113.296398">
        <ele>1.5</ele>
        <time>2024-07-06T11:04:10Z</time>
      </trkpt>
      <trkpt lat="22.222631" lon="113.296353">
        <ele>1.5</ele>
        <time>2024-07-06T11:04:11Z</time>
      </trkpt>
      <trkpt lat="22.222602" lon="113.296315">
        <ele>1.4</ele>
        <time>2024-07-06T11:04:12Z</time>
      </trkpt>
      <trkpt lat="22.222576" lon="113.296277">
        <ele>1.4</ele>
        <time>2024-07-06T11:04:13Z</time>
      </trkpt>
      <trkpt lat="22.222548" lon="113.296231">
        <ele>1.3</ele>
        <time>2024-07-06T11:04:14Z</time>
      </trkpt>
      <trkpt lat="22.222516" lon="113.296192">
        <ele>1.3</ele>
        <time>2024-07-06T11:04:15Z</time>
      </trkpt>
      <trkpt lat="22.222486" lon="113.296147">
        <ele>1.2</ele>
        <time>2024-07-06T11:04:16Z</time>
      </trkpt>
      <trkpt lat="22.222456" lon="113.296102">
        <ele>1.1</ele>
        <time>2024-07-06T11:04:17Z</time>
      </trkpt>
      <trkpt lat="22.222426" lon="113.296062">
        <ele>1.1</ele>
        <time>2024-07-06T11:04:18Z</time>
      </trkpt>
      <trkpt lat="22.222396" lon="113.296017">
        <ele>1</ele>
        <time>2024-07-06T11:04:19Z</time>
      </trkpt>
      <trkpt lat="22.222368" lon="113.295972">
        <ele>1</ele>
        <time>2024-07-06T11:04:20Z</time>
      </trkpt>
      <trkpt lat="22.22234" lon="113.295927">
        <ele>0.9</ele>
        <time>2024-07-06T11:04:21Z</time>
      </trkpt>
      <trkpt lat="22.222311" lon="113.295887">
        <ele>0.8</ele>
        <time>2024-07-06T11:04:22Z</time>
      </trkpt>
      <trkpt lat="22.222282" lon="113.295841">
        <ele>0.8</ele>
        <time>2024-07-06T11:04:23Z</time>
      </trkpt>
      <trkpt lat="22.222251" lon="113.295795">
        <ele>0.7</ele>
        <time>2024-07-06T11:04:24Z</time>
      </trkpt>
      <trkpt lat="22.22222" lon="113.29575">
        <ele>0.7</ele>
        <time>2024-07-06T11:04:25Z</time>
      </trkpt>
      <trkpt lat="22.22219" lon="113.295711">
        <ele>0.6</ele>
        <time>2024-07-06T11:04:26Z</time>
      </trkpt>
      <trkpt lat="22.222158" lon="113.295666">
        <ele>0.5</ele>
        <time>2024-07-06T11:04:27Z</time>
      </trkpt>
      <trkpt lat="22.222128" lon="113.295629">
        <ele>0.5</ele>
        <time>2024-07-06T11:04:28Z</time>
      </trkpt>
      <trkpt lat="22.222097" lon="113.295589">
        <ele>0.4</ele>
        <time>2024-07-06T11:04:29Z</time>
      </trkpt>
      <trkpt lat="22.222068" lon="113.295544">
        <ele>0.4</ele>
        <time>2024-07-06T11:04:30Z</time>
      </trkpt>
      <trkpt lat="22.22204" lon="113.295505">
        <ele>0.3</ele>
        <time>2024-07-06T11:04:31Z</time>
      </trkpt>
      <trkpt lat="22.222015" lon="113.295459">
        <ele>0.3</ele>
        <time>2024-07-06T11:04:32Z</time>
      </trkpt>
      <trkpt lat="22.221988" lon="113.295415">
        <ele>0.2</ele>
        <time>2024-07-06T11:04:33Z</time>
      </trkpt>
      <trkpt lat="22.221958" lon="113.295376">
        <ele>0.1</ele>
        <time>2024-07-06T11:04:34Z</time>
      </trkpt>
      <trkpt lat="22.221925" lon="113.29533">
        <ele>0.1</ele>
        <time>2024-07-06T11:04:35Z</time>
      </trkpt>
      <trkpt lat="22.221895" lon="113.295292">
        <ele>0</ele>
        <time>2024-07-06T11:04:36Z</time>
      </trkpt>
      <trkpt lat="22.221864" lon="113.295247">
        <ele>0</ele>
        <time>2024-07-06T11:04:37Z</time>
      </trkpt>
      <trkpt lat="22.221837" lon="113.295207">
        <ele>-0.1</ele>
        <time>2024-07-06T11:04:38Z</time>
      </trkpt>
      <trkpt lat="22.221809" lon="113.295163">
        <ele>-0.1</ele>
        <time>2024-07-06T11:04:39Z</time>
      </trkpt>
      <trkpt lat="22.221781" lon="113.295125">
        <ele>-0.2</ele>
        <time>2024-07-06T11:04:40Z</time>
      </trkpt>
      <trkpt lat="22.221752" lon="113.295079">
        <ele>-0.3</ele>
        <time>2024-07-06T11:04:41Z</time>
      </trkpt>
      <trkpt lat="22.221719" lon="113.29504">
        <ele>-0.3</ele>
        <time>2024-07-06T11:04:42Z</time>
      </trkpt>
      <trkpt lat="22.221685" lon="113.294994">
        <ele>-0.4</ele>
        <time>2024-07-06T11:04:43Z</time>
      </trkpt>
      <trkpt lat="22.221652" lon="113.294949">
        <ele>-0.3</ele>
        <time>2024-07-06T11:04:44Z</time>
      </trkpt>
      <trkpt lat="22.221622" lon="113.294911">
        <ele>-0.3</ele>
        <time>2024-07-06T11:04:45Z</time>
      </trkpt>
      <trkpt lat="22.221593" lon="113.294865">
        <ele>-0.3</ele>
        <time>2024-07-06T11:04:46Z</time>
      </trkpt>
      <trkpt lat="22.221565" lon="113.294819">
        <ele>-0.3</ele>
        <time>2024-07-06T11:04:47Z</time>
      </trkpt>
      <trkpt lat="22.221536" lon="113.294773">
        <ele>-0.2</ele>
        <time>2024-07-06T11:04:48Z</time>
      </trkpt>
      <trkpt lat="22.221505" lon="113.294735">
        <ele>-0.2</ele>
        <time>2024-07-06T11:04:49Z</time>
      </trkpt>
      <trkpt lat="22.221475" lon="113.294696">
        <ele>-0.2</ele>
        <time>2024-07-06T11:04:50Z</time>
      </trkpt>
      <trkpt lat="22.221446" lon="113.294651">
        <ele>-0.2</ele>
        <time>2024-07-06T11:04:51Z</time>
      </trkpt>
      <trkpt lat="22.221413" lon="113.294597">
        <ele>-0.1</ele>
        <time>2024-07-06T11:04:52Z</time>
      </trkpt>
      <trkpt lat="22.221383" lon="113.294552">
        <ele>-0.1</ele>
        <time>2024-07-06T11:04:53Z</time>
      </trkpt>
      <trkpt lat="22.221356" lon="113.294515">
        <ele>-0.1</ele>
        <time>2024-07-06T11:04:54Z</time>
      </trkpt>
      <trkpt lat="22.221328" lon="113.294476">
        <ele>0</ele>
        <time>2024-07-06T11:04:55Z</time>
      </trkpt>
      <trkpt lat="22.221301" lon="113.294438">
        <ele>0</ele>
        <time>2024-07-06T11:04:56Z</time>
      </trkpt>
      <trkpt lat="22.221271" lon="113.294392">
        <ele>0</ele>
        <time>2024-07-06T11:04:57Z</time>
      </trkpt>
      <trkpt lat="22.221244" lon="113.294353">
        <ele>0</ele>
        <time>2024-07-06T11:04:58Z</time>
      </trkpt>
      <trkpt lat="22.221212" lon="113.294308">
        <ele>0.1</ele>
        <time>2024-07-06T11:04:59Z</time>
      </trkpt>
      <trkpt lat="22.221183" lon="113.294263">
        <ele>0.1</ele>
        <time>2024-07-06T11:05:00Z</time>
      </trkpt>
      <trkpt lat="22.221152" lon="113.294223">
        <ele>0.1</ele>
        <time>2024-07-06T11:05:01Z</time>
      </trkpt>
      <trkpt lat="22.221121" lon="113.294179">
        <ele>0.2</ele>
        <time>2024-07-06T11:05:02Z</time>
      </trkpt>
      <trkpt lat="22.221088" lon="113.294132">
        <ele>0.2</ele>
        <time>2024-07-06T11:05:03Z</time>
      </trkpt>
      <trkpt lat="22.221053" lon="113.294078">
        <ele>0.2</ele>
        <time>2024-07-06T11:05:04Z</time>
      </trkpt>
      <trkpt lat="22.221018" lon="113.294032">
        <ele>0.3</ele>
        <time>2024-07-06T11:05:05Z</time>
      </trkpt>
      <trkpt lat="22.22098" lon="113.293978">
        <ele>0.3</ele>
        <time>2024-07-06T11:05:06Z</time>
      </trkpt>
      <trkpt lat="22.220946" lon="113.293933">
        <ele>0.3</ele>
        <time>2024-07-06T11:05:07Z</time>
      </trkpt>
      <trkpt lat="22.220912" lon="113.29388">
        <ele>0.4</ele>
        <time>2024-07-06T11:05:08Z</time>
      </trkpt>
      <trkpt lat="22.220879" lon="113.293833">
        <ele>0.4</ele>
        <time>2024-07-06T11:05:09Z</time>
      </trkpt>
      <trkpt lat="22.220845" lon="113.293781">
        <ele>0.4</ele>
        <time>2024-07-06T11:05:10Z</time>
      </trkpt>
      <trkpt lat="22.220809" lon="113.293736">
        <ele>0.4</ele>
        <time>2024-07-06T11:05:11Z</time>
      </trkpt>
      <trkpt lat="22.220772" lon="113.293689">
        <ele>0.5</ele>
        <time>2024-07-06T11:05:12Z</time>
      </trkpt>
      <trkpt lat="22.220739" lon="113.293644">
        <ele>0.5</ele>
        <time>2024-07-06T11:05:13Z</time>
      </trkpt>
      <trkpt lat="22.220703" lon="113.29359">
        <ele>0.5</ele>
        <time>2024-07-06T11:05:14Z</time>
      </trkpt>
      <trkpt lat="22.220668" lon="113.293544">
        <ele>0.6</ele>
        <time>2024-07-06T11:05:15Z</time>
      </trkpt>
      <trkpt lat="22.220631" lon="113.293489">
        <ele>0.6</ele>
        <time>2024-07-06T11:05:16Z</time>
      </trkpt>
      <trkpt lat="22.220595" lon="113.293429">
        <ele>0.7</ele>
        <time>2024-07-06T11:05:17Z</time>
      </trkpt>
      <trkpt lat="22.220559" lon="113.293376">
        <ele>0.8</ele>
        <time>2024-07-06T11:05:18Z</time>
      </trkpt>
      <trkpt lat="22.220521" lon="113.293322">
        <ele>1</ele>
        <time>2024-07-06T11:05:19Z</time>
      </trkpt>
      <trkpt lat="22.220486" lon="113.293268">
        <ele>1.1</ele>
        <time>2024-07-06T11:05:20Z</time>
      </trkpt>
      <trkpt lat="22.22045" lon="113.293216">
        <ele>1.3</ele>
        <time>2024-07-06T11:05:21Z</time>
      </trkpt>
      <trkpt lat="22.220412" lon="113.293163">
        <ele>1.4</ele>
        <time>2024-07-06T11:05:22Z</time>
      </trkpt>
      <trkpt lat="22.220376" lon="113.293109">
        <ele>1.5</ele>
        <time>2024-07-06T11:05:23Z</time>
      </trkpt>
      <trkpt lat="22.220336" lon="113.293048">
        <ele>1.7</ele>
        <time>2024-07-06T11:05:24Z</time>
      </trkpt>
      <trkpt lat="22.220297" lon="113.292994">
        <ele>1.8</ele>
        <time>2024-07-06T11:05:25Z</time>
      </trkpt>
      <trkpt lat="22.220255" lon="113.292933">
        <ele>2</ele>
        <time>2024-07-06T11:05:26Z</time>
      </trkpt>
      <trkpt lat="22.220214" lon="113.292878">
        <ele>2.2</ele>
        <time>2024-07-06T11:05:27Z</time>
      </trkpt>
      <trkpt lat="22.220173" lon="113.292818">
        <ele>2.3</ele>
        <time>2024-07-06T11:05:28Z</time>
      </trkpt>
      <trkpt lat="22.220131" lon="113.292757">
        <ele>2.5</ele>
        <time>2024-07-06T11:05:29Z</time>
      </trkpt>
      <trkpt lat="22.220086" lon="113.292695">
        <ele>2.7</ele>
        <time>2024-07-06T11:05:30Z</time>
      </trkpt>
      <trkpt lat="22.220045" lon="113.292635">
        <ele>2.8</ele>
        <time>2024-07-06T11:05:31Z</time>
      </trkpt>
      <trkpt lat="22.220001" lon="113.292573">
        <ele>3</ele>
        <time>2024-07-06T11:05:32Z</time>
      </trkpt>
      <trkpt lat="22.219959" lon="113.292506">
        <ele>3.2</ele>
        <time>2024-07-06T11:05:33Z</time>
      </trkpt>
      <trkpt lat="22.219916" lon="113.292451">
        <ele>3.3</ele>
        <time>2024-07-06T11:05:34Z</time>
      </trkpt>
      <trkpt lat="22.21987" lon="113.292391">
        <ele>3.5</ele>
        <time>2024-07-06T11:05:35Z</time>
      </trkpt>
      <trkpt lat="22.219824" lon="113.292323">
        <ele>3.7</ele>
        <time>2024-07-06T11:05:36Z</time>
      </trkpt>
      <trkpt lat="22.219779" lon="113.292261">
        <ele>3.8</ele>
        <time>2024-07-06T11:05:37Z</time>
      </trkpt>
      <trkpt lat="22.219734" lon="113.2922">
        <ele>4</ele>
        <time>2024-07-06T11:05:38Z</time>
      </trkpt>
      <trkpt lat="22.21969" lon="113.292131">
        <ele>4.2</ele>
        <time>2024-07-06T11:05:39Z</time>
      </trkpt>
      <trkpt lat="22.219646" lon="113.292063">
        <ele>4.4</ele>
        <time>2024-07-06T11:05:40Z</time>
      </trkpt>
      <trkpt lat="22.219603" lon="113.292002">
        <ele>4.5</ele>
        <time>2024-07-06T11:05:41Z</time>
      </trkpt>
      <trkpt lat="22.21956" lon="113.291939">
        <ele>4.7</ele>
        <time>2024-07-06T11:05:42Z</time>
      </trkpt>
      <trkpt lat="22.219515" lon="113.291872">
        <ele>4.8</ele>
        <time>2024-07-06T11:05:43Z</time>
      </trkpt>
      <trkpt lat="22.219468" lon="113.291803">
        <ele>4.8</ele>
        <time>2024-07-06T11:05:44Z</time>
      </trkpt>
      <trkpt lat="22.219419" lon="113.291734">
        <ele>4.7</ele>
        <time>2024-07-06T11:05:45Z</time>
      </trkpt>
      <trkpt lat="22.219367" lon="113.291657">
        <ele>4.7</ele>
        <time>2024-07-06T11:05:46Z</time>
      </trkpt>
      <trkpt lat="22.21932" lon="113.291589">
        <ele>4.7</ele>
        <time>2024-07-06T11:05:47Z</time>
      </trkpt>
      <trkpt lat="22.21927" lon="113.291519">
        <ele>4.6</ele>
        <time>2024-07-06T11:05:48Z</time>
      </trkpt>
      <trkpt lat="22.219221" lon="113.291445">
        <ele>4.6</ele>
        <time>2024-07-06T11:05:49Z</time>
      </trkpt>
      <trkpt lat="22.219167" lon="113.291375">
        <ele>4.6</ele>
        <time>2024-07-06T11:05:50Z</time>
      </trkpt>
      <trkpt lat="22.219112" lon="113.291298">
        <ele>4.5</ele>
        <time>2024-07-06T11:05:51Z</time>
      </trkpt>
      <trkpt lat="22.219056" lon="113.291223">
        <ele>4.5</ele>
        <time>2024-07-06T11:05:52Z</time>
      </trkpt>
      <trkpt lat="22.219" lon="113.291146">
        <ele>4.4</ele>
        <time>2024-07-06T11:05:53Z</time>
      </trkpt>
      <trkpt lat="22.218946" lon="113.291069">
        <ele>4.4</ele>
        <time>2024-07-06T11:05:54Z</time>
      </trkpt>
      <trkpt lat="22.218896" lon="113.291001">
        <ele>4.3</ele>
        <time>2024-07-06T11:05:55Z</time>
      </trkpt>
      <trkpt lat="22.218858" lon="113.290941">
        <ele>4.3</ele>
        <time>2024-07-06T11:05:56Z</time>
      </trkpt>
      <trkpt lat="22.218829" lon="113.290887">
        <ele>4.3</ele>
        <time>2024-07-06T11:05:57Z</time>
      </trkpt>
      <trkpt lat="22.218804" lon="113.290837">
        <ele>4.3</ele>
        <time>2024-07-06T11:05:58Z</time>
      </trkpt>
      <trkpt lat="22.218774" lon="113.290798">
        <ele>4.2</ele>
        <time>2024-07-06T11:05:59Z</time>
      </trkpt>
      <trkpt lat="22.218739" lon="113.290744">
        <ele>4.2</ele>
        <time>2024-07-06T11:06:00Z</time>
      </trkpt>
      <trkpt lat="22.218702" lon="113.290697">
        <ele>4.2</ele>
        <time>2024-07-06T11:06:01Z</time>
      </trkpt>
      <trkpt lat="22.218668" lon="113.290651">
        <ele>4.2</ele>
        <time>2024-07-06T11:06:02Z</time>
      </trkpt>
      <trkpt lat="22.218636" lon="113.290599">
        <ele>4.1</ele>
        <time>2024-07-06T11:06:03Z</time>
      </trkpt>
      <trkpt lat="22.218604" lon="113.290553">
        <ele>4.1</ele>
        <time>2024-07-06T11:06:04Z</time>
      </trkpt>
      <trkpt lat="22.218575" lon="113.290499">
        <ele>4.1</ele>
        <time>2024-07-06T11:06:05Z</time>
      </trkpt>
      <trkpt lat="22.218546" lon="113.290439">
        <ele>4.1</ele>
        <time>2024-07-06T11:06:06Z</time>
      </trkpt>
      <trkpt lat="22.218527" lon="113.290384">
        <ele>4</ele>
        <time>2024-07-06T11:06:07Z</time>
      </trkpt>
      <trkpt lat="22.218515" lon="113.290332">
        <ele>4</ele>
        <time>2024-07-06T11:06:08Z</time>
      </trkpt>
      <trkpt lat="22.218513" lon="113.290278">
        <ele>4</ele>
        <time>2024-07-06T11:06:09Z</time>
      </trkpt>
      <trkpt lat="22.21851" lon="113.290219">
        <ele>3.9</ele>
        <time>2024-07-06T11:06:10Z</time>
      </trkpt>
      <trkpt lat="22.218509" lon="113.290182">
        <ele>3.9</ele>
        <time>2024-07-06T11:06:11Z</time>
      </trkpt>
      <trkpt lat="22.218506" lon="113.290161">
        <ele>3.9</ele>
        <time>2024-07-06T11:06:12Z</time>
      </trkpt>
      <trkpt lat="22.218513" lon="113.290153">
        <ele>3.9</ele>
        <time>2024-07-06T11:06:13Z</time>
      </trkpt>
      <trkpt lat="22.218536" lon="113.290153">
        <ele>3.9</ele>
        <time>2024-07-06T11:06:14Z</time>
      </trkpt>
      <trkpt lat="22.218555" lon="113.290144">
        <ele>3.9</ele>
        <time>2024-07-06T11:06:15Z</time>
      </trkpt>
      <trkpt lat="22.218565" lon="113.29012">
        <ele>3.9</ele>
        <time>2024-07-06T11:06:16Z</time>
      </trkpt>
      <trkpt lat="22.218571" lon="113.290082">
        <ele>3.8</ele>
        <time>2024-07-06T11:06:17Z</time>
      </trkpt>
      <trkpt lat="22.218573" lon="113.290043">
        <ele>3.8</ele>
        <time>2024-07-06T11:06:18Z</time>
      </trkpt>
      <trkpt lat="22.218577" lon="113.289997">
        <ele>3.8</ele>
        <time>2024-07-06T11:06:19Z</time>
      </trkpt>
      <trkpt lat="22.218585" lon="113.289952">
        <ele>3.7</ele>
        <time>2024-07-06T11:06:20Z</time>
      </trkpt>
      <trkpt lat="22.218599" lon="113.289907">
        <ele>3.7</ele>
        <time>2024-07-06T11:06:21Z</time>
      </trkpt>
      <trkpt lat="22.218618" lon="113.28987">
        <ele>3.7</ele>
        <time>2024-07-06T11:06:22Z</time>
      </trkpt>
      <trkpt lat="22.218643" lon="113.289839">
        <ele>3.7</ele>
        <time>2024-07-06T11:06:23Z</time>
      </trkpt>
      <trkpt lat="22.21867" lon="113.289807">
        <ele>3.6</ele>
        <time>2024-07-06T11:06:24Z</time>
      </trkpt>
      <trkpt lat="22.218696" lon="113.289778">
        <ele>3.6</ele>
        <time>2024-07-06T11:06:25Z</time>
      </trkpt>
      <trkpt lat="22.218725" lon="113.28974">
        <ele>3.6</ele>
        <time>2024-07-06T11:06:26Z</time>
      </trkpt>
      <trkpt lat="22.218751" lon="113.289709">
        <ele>3.5</ele>
        <time>2024-07-06T11:06:27Z</time>
      </trkpt>
      <trkpt lat="22.218775" lon="113.289671">
        <ele>3.5</ele>
        <time>2024-07-06T11:06:28Z</time>
      </trkpt>
      <trkpt lat="22.218799" lon="113.289649">
        <ele>3.5</ele>
        <time>2024-07-06T11:06:29Z</time>
      </trkpt>
      <trkpt lat="22.218827" lon="113.289635">
        <ele>3.5</ele>
        <time>2024-07-06T11:06:30Z</time>
      </trkpt>
      <trkpt lat="22.218861" lon="113.289636">
        <ele>3.5</ele>
        <time>2024-07-06T11:06:31Z</time>
      </trkpt>
      <trkpt lat="22.218895" lon="113.289651">
        <ele>3.4</ele>
        <time>2024-07-06T11:06:32Z</time>
      </trkpt>
      <trkpt lat="22.218927" lon="113.289676">
        <ele>3.4</ele>
        <time>2024-07-06T11:06:33Z</time>
      </trkpt>
      <trkpt lat="22.218948" lon="113.289713">
        <ele>3.4</ele>
        <time>2024-07-06T11:06:34Z</time>
      </trkpt>
      <trkpt lat="22.21897" lon="113.289751">
        <ele>3.3</ele>
        <time>2024-07-06T11:06:35Z</time>
      </trkpt>
      <trkpt lat="22.218988" lon="113.289781">
        <ele>3.3</ele>
        <time>2024-07-06T11:06:36Z</time>
      </trkpt>
      <trkpt lat="22.219009" lon="113.289813">
        <ele>3.3</ele>
        <time>2024-07-06T11:06:37Z</time>
      </trkpt>
      <trkpt lat="22.219033" lon="113.289843">
        <ele>3.3</ele>
        <time>2024-07-06T11:06:38Z</time>
      </trkpt>
      <trkpt lat="22.219059" lon="113.289872">
        <ele>3.2</ele>
        <time>2024-07-06T11:06:39Z</time>
      </trkpt>
      <trkpt lat="22.219091" lon="113.28988">
        <ele>3.2</ele>
        <time>2024-07-06T11:06:40Z</time>
      </trkpt>
      <trkpt lat="22.219121" lon="113.289895">
        <ele>3.2</ele>
        <time>2024-07-06T11:06:41Z</time>
      </trkpt>
      <trkpt lat="22.219154" lon="113.289912">
        <ele>3.2</ele>
        <time>2024-07-06T11:06:42Z</time>
      </trkpt>
      <trkpt lat="22.219183" lon="113.289942">
        <ele>3.1</ele>
        <time>2024-07-06T11:06:43Z</time>
      </trkpt>
      <trkpt lat="22.219214" lon="113.289974">
        <ele>3.1</ele>
        <time>2024-07-06T11:06:44Z</time>
      </trkpt>
      <trkpt lat="22.219239" lon="113.290018">
        <ele>3.1</ele>
        <time>2024-07-06T11:06:45Z</time>
      </trkpt>
      <trkpt lat="22.219264" lon="113.290048">
        <ele>3.1</ele>
        <time>2024-07-06T11:06:46Z</time>
      </trkpt>
      <trkpt lat="22.219275" lon="113.290063">
        <ele>3</ele>
        <time>2024-07-06T11:06:47Z</time>
      </trkpt>
      <trkpt lat="22.219309" lon="113.290111">
        <ele>3</ele>
        <time>2024-07-06T11:06:48Z</time>
      </trkpt>
      <trkpt lat="22.21934" lon="113.290157">
        <ele>3</ele>
        <time>2024-07-06T11:06:49Z</time>
      </trkpt>
      <trkpt lat="22.219371" lon="113.290202">
        <ele>2.9</ele>
        <time>2024-07-06T11:06:50Z</time>
      </trkpt>
      <trkpt lat="22.219404" lon="113.290243">
        <ele>2.9</ele>
        <time>2024-07-06T11:06:51Z</time>
      </trkpt>
      <trkpt lat="22.219428" lon="113.290284">
        <ele>2.9</ele>
        <time>2024-07-06T11:06:52Z</time>
      </trkpt>
      <trkpt lat="22.219463" lon="113.290324">
        <ele>2.8</ele>
        <time>2024-07-06T11:06:53Z</time>
      </trkpt>
      <trkpt lat="22.219492" lon="113.29037">
        <ele>2.8</ele>
        <time>2024-07-06T11:06:54Z</time>
      </trkpt>
      <trkpt lat="22.219521" lon="113.290422">
        <ele>2.8</ele>
        <time>2024-07-06T11:06:55Z</time>
      </trkpt>
      <trkpt lat="22.219551" lon="113.290461">
        <ele>2.8</ele>
        <time>2024-07-06T11:06:56Z</time>
      </trkpt>
      <trkpt lat="22.219585" lon="113.290514">
        <ele>2.8</ele>
        <time>2024-07-06T11:06:57Z</time>
      </trkpt>
      <trkpt lat="22.219631" lon="113.290554">
        <ele>2.9</ele>
        <time>2024-07-06T11:06:58Z</time>
      </trkpt>
      <trkpt lat="22.219658" lon="113.290614">
        <ele>2.9</ele>
        <time>2024-07-06T11:06:59Z</time>
      </trkpt>
      <trkpt lat="22.219683" lon="113.290652">
        <ele>3</ele>
        <time>2024-07-06T11:07:00Z</time>
      </trkpt>
      <trkpt lat="22.219722" lon="113.290699">
        <ele>3</ele>
        <time>2024-07-06T11:07:01Z</time>
      </trkpt>
      <trkpt lat="22.219757" lon="113.290752">
        <ele>3.1</ele>
        <time>2024-07-06T11:07:02Z</time>
      </trkpt>
      <trkpt lat="22.219788" lon="113.290805">
        <ele>3.1</ele>
        <time>2024-07-06T11:07:03Z</time>
      </trkpt>
      <trkpt lat="22.219824" lon="113.290859">
        <ele>3.1</ele>
        <time>2024-07-06T11:07:04Z</time>
      </trkpt>
      <trkpt lat="22.219857" lon="113.290913">
        <ele>3.2</ele>
        <time>2024-07-06T11:07:05Z</time>
      </trkpt>
      <trkpt lat="22.219891" lon="113.290966">
        <ele>3.2</ele>
        <time>2024-07-06T11:07:06Z</time>
      </trkpt>
      <trkpt lat="22.219925" lon="113.291012">
        <ele>3.3</ele>
        <time>2024-07-06T11:07:07Z</time>
      </trkpt>
      <trkpt lat="22.21996" lon="113.291064">
        <ele>3.3</ele>
        <time>2024-07-06T11:07:08Z</time>
      </trkpt>
      <trkpt lat="22.219994" lon="113.29111">
        <ele>3.4</ele>
        <time>2024-07-06T11:07:09Z</time>
      </trkpt>
      <trkpt lat="22.220031" lon="113.291156">
        <ele>3.4</ele>
        <time>2024-07-06T11:07:10Z</time>
      </trkpt>
      <trkpt lat="22.220068" lon="113.291204">
        <ele>3.5</ele>
        <time>2024-07-06T11:07:11Z</time>
      </trkpt>
      <trkpt lat="22.220103" lon="113.291249">
        <ele>3.5</ele>
        <time>2024-07-06T11:07:12Z</time>
      </trkpt>
      <trkpt lat="22.220141" lon="113.291301">
        <ele>3.5</ele>
        <time>2024-07-06T11:07:13Z</time>
      </trkpt>
      <trkpt lat="22.220175" lon="113.291347">
        <ele>3.6</ele>
        <time>2024-07-06T11:07:14Z</time>
      </trkpt>
      <trkpt lat="22.220206" lon="113.291393">
        <ele>3.6</ele>
        <time>2024-07-06T11:07:15Z</time>
      </trkpt>
      <trkpt lat="22.220235" lon="113.29144">
        <ele>3.7</ele>
        <time>2024-07-06T11:07:16Z</time>
      </trkpt>
      <trkpt lat="22.22027" lon="113.291492">
        <ele>3.7</ele>
        <time>2024-07-06T11:07:17Z</time>
      </trkpt>
      <trkpt lat="22.220304" lon="113.291537">
        <ele>3.7</ele>
        <time>2024-07-06T11:07:18Z</time>
      </trkpt>
      <trkpt lat="22.220337" lon="113.291583">
        <ele>3.8</ele>
        <time>2024-07-06T11:07:19Z</time>
      </trkpt>
      <trkpt lat="22.220365" lon="113.29163">
        <ele>3.8</ele>
        <time>2024-07-06T11:07:20Z</time>
      </trkpt>
      <trkpt lat="22.22039" lon="113.291683">
        <ele>3.9</ele>
        <time>2024-07-06T11:07:21Z</time>
      </trkpt>
      <trkpt lat="22.220415" lon="113.291728">
        <ele>3.9</ele>
        <time>2024-07-06T11:07:22Z</time>
      </trkpt>
      <trkpt lat="22.22044" lon="113.291767">
        <ele>3.9</ele>
        <time>2024-07-06T11:07:23Z</time>
      </trkpt>
      <trkpt lat="22.220462" lon="113.291804">
        <ele>4</ele>
        <time>2024-07-06T11:07:24Z</time>
      </trkpt>
      <trkpt lat="22.220474" lon="113.291835">
        <ele>4</ele>
        <time>2024-07-06T11:07:25Z</time>
      </trkpt>
      <trkpt lat="22.220475" lon="113.291873">
        <ele>4</ele>
        <time>2024-07-06T11:07:26Z</time>
      </trkpt>
      <trkpt lat="22.220457" lon="113.291919">
        <ele>4.1</ele>
        <time>2024-07-06T11:07:27Z</time>
      </trkpt>
      <trkpt lat="22.220428" lon="113.291956">
        <ele>4.1</ele>
        <time>2024-07-06T11:07:28Z</time>
      </trkpt>
      <trkpt lat="22.220391" lon="113.291986">
        <ele>4.1</ele>
        <time>2024-07-06T11:07:29Z</time>
      </trkpt>
      <trkpt lat="22.220353" lon="113.292009">
        <ele>4.1</ele>
        <time>2024-07-06T11:07:30Z</time>
      </trkpt>
      <trkpt lat="22.220311" lon="113.292033">
        <ele>4.1</ele>
        <time>2024-07-06T11:07:31Z</time>
      </trkpt>
      <trkpt lat="22.220273" lon="113.292063">
        <ele>4.1</ele>
        <time>2024-07-06T11:07:32Z</time>
      </trkpt>
      <trkpt lat="22.220233" lon="113.292087">
        <ele>4.1</ele>
        <time>2024-07-06T11:07:33Z</time>
      </trkpt>
      <trkpt lat="22.220195" lon="113.292124">
        <ele>4</ele>
        <time>2024-07-06T11:07:34Z</time>
      </trkpt>
      <trkpt lat="22.220158" lon="113.292156">
        <ele>4</ele>
        <time>2024-07-06T11:07:35Z</time>
      </trkpt>
      <trkpt lat="22.22012" lon="113.292193">
        <ele>4</ele>
        <time>2024-07-06T11:07:36Z</time>
      </trkpt>
      <trkpt lat="22.22008" lon="113.292223">
        <ele>4</ele>
        <time>2024-07-06T11:07:37Z</time>
      </trkpt>
      <trkpt lat="22.220037" lon="113.292247">
        <ele>3.9</ele>
        <time>2024-07-06T11:07:38Z</time>
      </trkpt>
      <trkpt lat="22.220001" lon="113.292277">
        <ele>3.9</ele>
        <time>2024-07-06T11:07:39Z</time>
      </trkpt>
      <trkpt lat="22.219966" lon="113.292307">
        <ele>3.9</ele>
        <time>2024-07-06T11:07:40Z</time>
      </trkpt>
      <trkpt lat="22.21993" lon="113.292337">
        <ele>3.9</ele>
        <time>2024-07-06T11:07:41Z</time>
      </trkpt>
      <trkpt lat="22.219897" lon="113.292351">
        <ele>3.9</ele>
        <time>2024-07-06T11:07:42Z</time>
      </trkpt>
      <trkpt lat="22.219868" lon="113.292367">
        <ele>3.9</ele>
        <time>2024-07-06T11:07:43Z</time>
      </trkpt>
      <trkpt lat="22.219839" lon="113.292383">
        <ele>3.8</ele>
        <time>2024-07-06T11:07:44Z</time>
      </trkpt>
      <trkpt lat="22.219797" lon="113.292414">
        <ele>3.8</ele>
        <time>2024-07-06T11:07:45Z</time>
      </trkpt>
      <trkpt lat="22.219748" lon="113.292452">
        <ele>3.8</ele>
        <time>2024-07-06T11:07:46Z</time>
      </trkpt>
      <trkpt lat="22.219716" lon="113.292497">
        <ele>3.8</ele>
        <time>2024-07-06T11:07:47Z</time>
      </trkpt>
      <trkpt lat="22.219693" lon="113.292521">
        <ele>3.8</ele>
        <time>2024-07-06T11:07:48Z</time>
      </trkpt>
      <trkpt lat="22.219663" lon="113.292543">
        <ele>3.7</ele>
        <time>2024-07-06T11:07:49Z</time>
      </trkpt>
      <trkpt lat="22.219632" lon="113.292558">
        <ele>3.7</ele>
        <time>2024-07-06T11:07:50Z</time>
      </trkpt>
      <trkpt lat="22.219589" lon="113.29258">
        <ele>3.7</ele>
        <time>2024-07-06T11:07:51Z</time>
      </trkpt>
      <trkpt lat="22.219545" lon="113.292603">
        <ele>3.7</ele>
        <time>2024-07-06T11:07:52Z</time>
      </trkpt>
      <trkpt lat="22.219499" lon="113.292626">
        <ele>3.7</ele>
        <time>2024-07-06T11:07:53Z</time>
      </trkpt>
      <trkpt lat="22.219453" lon="113.292649">
        <ele>3.6</ele>
        <time>2024-07-06T11:07:54Z</time>
      </trkpt>
      <trkpt lat="22.219406" lon="113.292671">
        <ele>3.6</ele>
        <time>2024-07-06T11:07:55Z</time>
      </trkpt>
      <trkpt lat="22.219356" lon="113.292687">
        <ele>3.6</ele>
        <time>2024-07-06T11:07:56Z</time>
      </trkpt>
      <trkpt lat="22.219308" lon="113.292717">
        <ele>3.6</ele>
        <time>2024-07-06T11:07:57Z</time>
      </trkpt>
      <trkpt lat="22.219263" lon="113.29274">
        <ele>3.6</ele>
        <time>2024-07-06T11:07:58Z</time>
      </trkpt>
      <trkpt lat="22.219219" lon="113.29277">
        <ele>3.5</ele>
        <time>2024-07-06T11:07:59Z</time>
      </trkpt>
      <trkpt lat="22.219175" lon="113.292801">
        <ele>3.5</ele>
        <time>2024-07-06T11:08:00Z</time>
      </trkpt>
      <trkpt lat="22.219134" lon="113.292832">
        <ele>3.5</ele>
        <time>2024-07-06T11:08:01Z</time>
      </trkpt>
      <trkpt lat="22.219095" lon="113.292854">
        <ele>3.5</ele>
        <time>2024-07-06T11:08:02Z</time>
      </trkpt>
      <trkpt lat="22.219057" lon="113.292879">
        <ele>3.4</ele>
        <time>2024-07-06T11:08:03Z</time>
      </trkpt>
      <trkpt lat="22.219019" lon="113.292909">
        <ele>3.4</ele>
        <time>2024-07-06T11:08:04Z</time>
      </trkpt>
      <trkpt lat="22.218993" lon="113.292925">
        <ele>3.4</ele>
        <time>2024-07-06T11:08:05Z</time>
      </trkpt>
      <trkpt lat="22.21897" lon="113.292947">
        <ele>3.4</ele>
        <time>2024-07-06T11:08:06Z</time>
      </trkpt>
      <trkpt lat="22.218949" lon="113.292962">
        <ele>3.4</ele>
        <time>2024-07-06T11:08:07Z</time>
      </trkpt>
      <trkpt lat="22.21892" lon="113.292977">
        <ele>3.4</ele>
        <time>2024-07-06T11:08:08Z</time>
      </trkpt>
      <trkpt lat="22.21889" lon="113.292994">
        <ele>3.4</ele>
        <time>2024-07-06T11:08:09Z</time>
      </trkpt>
      <trkpt lat="22.218855" lon="113.293016">
        <ele>3.4</ele>
        <time>2024-07-06T11:08:10Z</time>
      </trkpt>
      <trkpt lat="22.218824" lon="113.293039">
        <ele>3.4</ele>
        <time>2024-07-06T11:08:11Z</time>
      </trkpt>
      <trkpt lat="22.218788" lon="113.293063">
        <ele>3.4</ele>
        <time>2024-07-06T11:08:12Z</time>
      </trkpt>
      <trkpt lat="22.218756" lon="113.293085">
        <ele>3.4</ele>
        <time>2024-07-06T11:08:13Z</time>
      </trkpt>
      <trkpt lat="22.218729" lon="113.293107">
        <ele>3.5</ele>
        <time>2024-07-06T11:08:14Z</time>
      </trkpt>
      <trkpt lat="22.218706" lon="113.293122">
        <ele>3.5</ele>
        <time>2024-07-06T11:08:15Z</time>
      </trkpt>
      <trkpt lat="22.218686" lon="113.29313">
        <ele>3.5</ele>
        <time>2024-07-06T11:08:16Z</time>
      </trkpt>
      <trkpt lat="22.218663" lon="113.293145">
        <ele>3.5</ele>
        <time>2024-07-06T11:08:17Z</time>
      </trkpt>
      <trkpt lat="22.218637" lon="113.29316">
        <ele>3.5</ele>
        <time>2024-07-06T11:08:18Z</time>
      </trkpt>
      <trkpt lat="22.218598" lon="113.293177">
        <ele>3.6</ele>
        <time>2024-07-06T11:08:19Z</time>
      </trkpt>
      <trkpt lat="22.218553" lon="113.293207">
        <ele>3.6</ele>
        <time>2024-07-06T11:08:20Z</time>
      </trkpt>
      <trkpt lat="22.218511" lon="113.29323">
        <ele>3.6</ele>
        <time>2024-07-06T11:08:21Z</time>
      </trkpt>
      <trkpt lat="22.218467" lon="113.293253">
        <ele>3.7</ele>
        <time>2024-07-06T11:08:22Z</time>
      </trkpt>
      <trkpt lat="22.218423" lon="113.293284">
        <ele>3.7</ele>
        <time>2024-07-06T11:08:23Z</time>
      </trkpt>
      <trkpt lat="22.218381" lon="113.293322">
        <ele>3.7</ele>
        <time>2024-07-06T11:08:24Z</time>
      </trkpt>
      <trkpt lat="22.218337" lon="113.293359">
        <ele>3.8</ele>
        <time>2024-07-06T11:08:25Z</time>
      </trkpt>
      <trkpt lat="22.218284" lon="113.293382">
        <ele>3.8</ele>
        <time>2024-07-06T11:08:26Z</time>
      </trkpt>
      <trkpt lat="22.218237" lon="113.293398">
        <ele>3.8</ele>
        <time>2024-07-06T11:08:27Z</time>
      </trkpt>
      <trkpt lat="22.218183" lon="113.293421">
        <ele>3.9</ele>
        <time>2024-07-06T11:08:28Z</time>
      </trkpt>
      <trkpt lat="22.218128" lon="113.293443">
        <ele>3.9</ele>
        <time>2024-07-06T11:08:29Z</time>
      </trkpt>
      <trkpt lat="22.218078" lon="113.293481">
        <ele>4</ele>
        <time>2024-07-06T11:08:30Z</time>
      </trkpt>
      <trkpt lat="22.218031" lon="113.293504">
        <ele>4</ele>
        <time>2024-07-06T11:08:31Z</time>
      </trkpt>
      <trkpt lat="22.217985" lon="113.293527">
        <ele>4</ele>
        <time>2024-07-06T11:08:32Z</time>
      </trkpt>
      <trkpt lat="22.217933" lon="113.29355">
        <ele>4.1</ele>
        <time>2024-07-06T11:08:33Z</time>
      </trkpt>
      <trkpt lat="22.217887" lon="113.293573">
        <ele>4.1</ele>
        <time>2024-07-06T11:08:34Z</time>
      </trkpt>
      <trkpt lat="22.217841" lon="113.293604">
        <ele>4.1</ele>
        <time>2024-07-06T11:08:35Z</time>
      </trkpt>
      <trkpt lat="22.2178" lon="113.293634">
        <ele>4.2</ele>
        <time>2024-07-06T11:08:36Z</time>
      </trkpt>
      <trkpt lat="22.217756" lon="113.293656">
        <ele>4.2</ele>
        <time>2024-07-06T11:08:37Z</time>
      </trkpt>
      <trkpt lat="22.217713" lon="113.293663">
        <ele>4.2</ele>
        <time>2024-07-06T11:08:38Z</time>
      </trkpt>
      <trkpt lat="22.217668" lon="113.293654">
        <ele>4.3</ele>
        <time>2024-07-06T11:08:39Z</time>
      </trkpt>
      <trkpt lat="22.217631" lon="113.293639">
        <ele>4.3</ele>
        <time>2024-07-06T11:08:40Z</time>
      </trkpt>
      <trkpt lat="22.2176" lon="113.293609">
        <ele>4.3</ele>
        <time>2024-07-06T11:08:41Z</time>
      </trkpt>
      <trkpt lat="22.217571" lon="113.293594">
        <ele>4.3</ele>
        <time>2024-07-06T11:08:42Z</time>
      </trkpt>
      <trkpt lat="22.217546" lon="113.293587">
        <ele>4.3</ele>
        <time>2024-07-06T11:08:43Z</time>
      </trkpt>
      <trkpt lat="22.217507" lon="113.293587">
        <ele>4.4</ele>
        <time>2024-07-06T11:08:44Z</time>
      </trkpt>
      <trkpt lat="22.217464" lon="113.293595">
        <ele>4.4</ele>
        <time>2024-07-06T11:08:45Z</time>
      </trkpt>
      <trkpt lat="22.217416" lon="113.293611">
        <ele>4.4</ele>
        <time>2024-07-06T11:08:46Z</time>
      </trkpt>
      <trkpt lat="22.217371" lon="113.293626">
        <ele>4.5</ele>
        <time>2024-07-06T11:08:47Z</time>
      </trkpt>
      <trkpt lat="22.217326" lon="113.293641">
        <ele>4.5</ele>
        <time>2024-07-06T11:08:48Z</time>
      </trkpt>
      <trkpt lat="22.217274" lon="113.293665">
        <ele>4.5</ele>
        <time>2024-07-06T11:08:49Z</time>
      </trkpt>
      <trkpt lat="22.217226" lon="113.293687">
        <ele>4.6</ele>
        <time>2024-07-06T11:08:50Z</time>
      </trkpt>
      <trkpt lat="22.217176" lon="113.29371">
        <ele>4.6</ele>
        <time>2024-07-06T11:08:51Z</time>
      </trkpt>
      <trkpt lat="22.21713" lon="113.293732">
        <ele>4.7</ele>
        <time>2024-07-06T11:08:52Z</time>
      </trkpt>
      <trkpt lat="22.217079" lon="113.29374">
        <ele>4.7</ele>
        <time>2024-07-06T11:08:53Z</time>
      </trkpt>
      <trkpt lat="22.217025" lon="113.293756">
        <ele>4.8</ele>
        <time>2024-07-06T11:08:54Z</time>
      </trkpt>
      <trkpt lat="22.216971" lon="113.29377">
        <ele>4.8</ele>
        <time>2024-07-06T11:08:55Z</time>
      </trkpt>
      <trkpt lat="22.216914" lon="113.293778">
        <ele>4.8</ele>
        <time>2024-07-06T11:08:56Z</time>
      </trkpt>
      <trkpt lat="22.216862" lon="113.293793">
        <ele>4.9</ele>
        <time>2024-07-06T11:08:57Z</time>
      </trkpt>
      <trkpt lat="22.216813" lon="113.293809">
        <ele>4.9</ele>
        <time>2024-07-06T11:08:58Z</time>
      </trkpt>
      <trkpt lat="22.216763" lon="113.293825">
        <ele>5</ele>
        <time>2024-07-06T11:08:59Z</time>
      </trkpt>
      <trkpt lat="22.216712" lon="113.293847">
        <ele>5</ele>
        <time>2024-07-06T11:09:00Z</time>
      </trkpt>
      <trkpt lat="22.216664" lon="113.293865">
        <ele>5.1</ele>
        <time>2024-07-06T11:09:01Z</time>
      </trkpt>
      <trkpt lat="22.216631" lon="113.293901">
        <ele>5.1</ele>
        <time>2024-07-06T11:09:02Z</time>
      </trkpt>
      <trkpt lat="22.216589" lon="113.293923">
        <ele>5.1</ele>
        <time>2024-07-06T11:09:03Z</time>
      </trkpt>
      <trkpt lat="22.216552" lon="113.293939">
        <ele>5.2</ele>
        <time>2024-07-06T11:09:04Z</time>
      </trkpt>
      <trkpt lat="22.216517" lon="113.293955">
        <ele>5.2</ele>
        <time>2024-07-06T11:09:05Z</time>
      </trkpt>
      <trkpt lat="22.216476" lon="113.293984">
        <ele>5.2</ele>
        <time>2024-07-06T11:09:06Z</time>
      </trkpt>
      <trkpt lat="22.216443" lon="113.293999">
        <ele>5.3</ele>
        <time>2024-07-06T11:09:07Z</time>
      </trkpt>
      <trkpt lat="22.216404" lon="113.294006">
        <ele>5.3</ele>
        <time>2024-07-06T11:09:08Z</time>
      </trkpt>
      <trkpt lat="22.216362" lon="113.294007">
        <ele>5.3</ele>
        <time>2024-07-06T11:09:09Z</time>
      </trkpt>
      <trkpt lat="22.21631" lon="113.294015">
        <ele>5.4</ele>
        <time>2024-07-06T11:09:10Z</time>
      </trkpt>
      <trkpt lat="22.21627" lon="113.294031">
        <ele>5.4</ele>
        <time>2024-07-06T11:09:11Z</time>
      </trkpt>
      <trkpt lat="22.216236" lon="113.294046">
        <ele>5.4</ele>
        <time>2024-07-06T11:09:12Z</time>
      </trkpt>
      <trkpt lat="22.216175" lon="113.29406">
        <ele>5.5</ele>
        <time>2024-07-06T11:09:13Z</time>
      </trkpt>
      <trkpt lat="22.216121" lon="113.294067">
        <ele>5.5</ele>
        <time>2024-07-06T11:09:14Z</time>
      </trkpt>
      <trkpt lat="22.216061" lon="113.29406">
        <ele>5.6</ele>
        <time>2024-07-06T11:09:15Z</time>
      </trkpt>
      <trkpt lat="22.216004" lon="113.294069">
        <ele>5.6</ele>
        <time>2024-07-06T11:09:16Z</time>
      </trkpt>
      <trkpt lat="22.215954" lon="113.294088">
        <ele>5.7</ele>
        <time>2024-07-06T11:09:17Z</time>
      </trkpt>
      <trkpt lat="22.215903" lon="113.294106">
        <ele>5.7</ele>
        <time>2024-07-06T11:09:18Z</time>
      </trkpt>
      <trkpt lat="22.215848" lon="113.294121">
        <ele>5.8</ele>
        <time>2024-07-06T11:09:19Z</time>
      </trkpt>
      <trkpt lat="22.215793" lon="113.294144">
        <ele>5.8</ele>
        <time>2024-07-06T11:09:20Z</time>
      </trkpt>
      <trkpt lat="22.215734" lon="113.294167">
        <ele>5.9</ele>
        <time>2024-07-06T11:09:21Z</time>
      </trkpt>
      <trkpt lat="22.215677" lon="113.29419">
        <ele>5.9</ele>
        <time>2024-07-06T11:09:22Z</time>
      </trkpt>
      <trkpt lat="22.215624" lon="113.29422">
        <ele>6</ele>
        <time>2024-07-06T11:09:23Z</time>
      </trkpt>
      <trkpt lat="22.215565" lon="113.294235">
        <ele>6</ele>
        <time>2024-07-06T11:09:24Z</time>
      </trkpt>
      <trkpt lat="22.215508" lon="113.294258">
        <ele>6</ele>
        <time>2024-07-06T11:09:25Z</time>
      </trkpt>
      <trkpt lat="22.215449" lon="113.294273">
        <ele>5.9</ele>
        <time>2024-07-06T11:09:26Z</time>
      </trkpt>
      <trkpt lat="22.215395" lon="113.294289">
        <ele>5.8</ele>
        <time>2024-07-06T11:09:27Z</time>
      </trkpt>
      <trkpt lat="22.215342" lon="113.294304">
        <ele>5.8</ele>
        <time>2024-07-06T11:09:28Z</time>
      </trkpt>
      <trkpt lat="22.215293" lon="113.294326">
        <ele>5.7</ele>
        <time>2024-07-06T11:09:29Z</time>
      </trkpt>
      <trkpt lat="22.215241" lon="113.294342">
        <ele>5.7</ele>
        <time>2024-07-06T11:09:30Z</time>
      </trkpt>
      <trkpt lat="22.215189" lon="113.294357">
        <ele>5.6</ele>
        <time>2024-07-06T11:09:31Z</time>
      </trkpt>
      <trkpt lat="22.215139" lon="113.294373">
        <ele>5.5</ele>
        <time>2024-07-06T11:09:32Z</time>
      </trkpt>
      <trkpt lat="22.215086" lon="113.294381">
        <ele>5.5</ele>
        <time>2024-07-06T11:09:33Z</time>
      </trkpt>
      <trkpt lat="22.215042" lon="113.294395">
        <ele>5.4</ele>
        <time>2024-07-06T11:09:34Z</time>
      </trkpt>
      <trkpt lat="22.214998" lon="113.294411">
        <ele>5.4</ele>
        <time>2024-07-06T11:09:35Z</time>
      </trkpt>
      <trkpt lat="22.214961" lon="113.29441">
        <ele>5.3</ele>
        <time>2024-07-06T11:09:36Z</time>
      </trkpt>
      <trkpt lat="22.214934" lon="113.294402">
        <ele>5.3</ele>
        <time>2024-07-06T11:09:37Z</time>
      </trkpt>
      <trkpt lat="22.214911" lon="113.294388">
        <ele>5.3</ele>
        <time>2024-07-06T11:09:38Z</time>
      </trkpt>
      <trkpt lat="22.214892" lon="113.294389">
        <ele>5.3</ele>
        <time>2024-07-06T11:09:39Z</time>
      </trkpt>
      <trkpt lat="22.214875" lon="113.294396">
        <ele>5.2</ele>
        <time>2024-07-06T11:09:40Z</time>
      </trkpt>
      <trkpt lat="22.21486" lon="113.294404">
        <ele>5.2</ele>
        <time>2024-07-06T11:09:41Z</time>
      </trkpt>
      <trkpt lat="22.214846" lon="113.294413">
        <ele>5.2</ele>
        <time>2024-07-06T11:09:42Z</time>
      </trkpt>
      <trkpt lat="22.214829" lon="113.294442">
        <ele>5.2</ele>
        <time>2024-07-06T11:09:43Z</time>
      </trkpt>
      <trkpt lat="22.214815" lon="113.294458">
        <ele>5.1</ele>
        <time>2024-07-06T11:09:44Z</time>
      </trkpt>
      <trkpt lat="22.214786" lon="113.29448">
        <ele>5.1</ele>
        <time>2024-07-06T11:09:45Z</time>
      </trkpt>
      <trkpt lat="22.214753" lon="113.294488">
        <ele>5.1</ele>
        <time>2024-07-06T11:09:46Z</time>
      </trkpt>
      <trkpt lat="22.214715" lon="113.294495">
        <ele>5</ele>
        <time>2024-07-06T11:09:47Z</time>
      </trkpt>
      <trkpt lat="22.214675" lon="113.294503">
        <ele>5</ele>
        <time>2024-07-06T11:09:48Z</time>
      </trkpt>
      <trkpt lat="22.214632" lon="113.294518">
        <ele>4.9</ele>
        <time>2024-07-06T11:09:49Z</time>
      </trkpt>
      <trkpt lat="22.21459" lon="113.294534">
        <ele>4.9</ele>
        <time>2024-07-06T11:09:50Z</time>
      </trkpt>
      <trkpt lat="22.214543" lon="113.294541">
        <ele>4.8</ele>
        <time>2024-07-06T11:09:51Z</time>
      </trkpt>
      <trkpt lat="22.214496" lon="113.294557">
        <ele>4.8</ele>
        <time>2024-07-06T11:09:52Z</time>
      </trkpt>
      <trkpt lat="22.214448" lon="113.29458">
        <ele>4.7</ele>
        <time>2024-07-06T11:09:53Z</time>
      </trkpt>
      <trkpt lat="22.214397" lon="113.294603">
        <ele>4.7</ele>
        <time>2024-07-06T11:09:54Z</time>
      </trkpt>
      <trkpt lat="22.21434" lon="113.294625">
        <ele>4.6</ele>
        <time>2024-07-06T11:09:55Z</time>
      </trkpt>
      <trkpt lat="22.214291" lon="113.294633">
        <ele>4.5</ele>
        <time>2024-07-06T11:09:56Z</time>
      </trkpt>
      <trkpt lat="22.214229" lon="113.294648">
        <ele>4.5</ele>
        <time>2024-07-06T11:09:57Z</time>
      </trkpt>
      <trkpt lat="22.214168" lon="113.294665">
        <ele>4.4</ele>
        <time>2024-07-06T11:09:58Z</time>
      </trkpt>
      <trkpt lat="22.214121" lon="113.294686">
        <ele>4.4</ele>
        <time>2024-07-06T11:09:59Z</time>
      </trkpt>
      <trkpt lat="22.214076" lon="113.294694">
        <ele>4.3</ele>
        <time>2024-07-06T11:10:00Z</time>
      </trkpt>
      <trkpt lat="22.21403" lon="113.29471">
        <ele>4.3</ele>
        <time>2024-07-06T11:10:01Z</time>
      </trkpt>
      <trkpt lat="22.213988" lon="113.294732">
        <ele>4.2</ele>
        <time>2024-07-06T11:10:02Z</time>
      </trkpt>
      <trkpt lat="22.213944" lon="113.294747">
        <ele>4.2</ele>
        <time>2024-07-06T11:10:03Z</time>
      </trkpt>
      <trkpt lat="22.213904" lon="113.294755">
        <ele>4.1</ele>
        <time>2024-07-06T11:10:04Z</time>
      </trkpt>
      <trkpt lat="22.213856" lon="113.294762">
        <ele>4.1</ele>
        <time>2024-07-06T11:10:05Z</time>
      </trkpt>
      <trkpt lat="22.213817" lon="113.294771">
        <ele>4</ele>
        <time>2024-07-06T11:10:06Z</time>
      </trkpt>
      <trkpt lat="22.213785" lon="113.294785">
        <ele>4</ele>
        <time>2024-07-06T11:10:07Z</time>
      </trkpt>
      <trkpt lat="22.213758" lon="113.294794">
        <ele>4</ele>
        <time>2024-07-06T11:10:08Z</time>
      </trkpt>
      <trkpt lat="22.21373" lon="113.294809">
        <ele>3.9</ele>
        <time>2024-07-06T11:10:09Z</time>
      </trkpt>
      <trkpt lat="22.213711" lon="113.294823">
        <ele>3.9</ele>
        <time>2024-07-06T11:10:10Z</time>
      </trkpt>
      <trkpt lat="22.213696" lon="113.294832">
        <ele>3.9</ele>
        <time>2024-07-06T11:10:11Z</time>
      </trkpt>
      <trkpt lat="22.213683" lon="113.294846">
        <ele>3.9</ele>
        <time>2024-07-06T11:10:12Z</time>
      </trkpt>
      <trkpt lat="22.213673" lon="113.294854">
        <ele>3.8</ele>
        <time>2024-07-06T11:10:13Z</time>
      </trkpt>
      <trkpt lat="22.213679" lon="113.294872">
        <ele>3.8</ele>
        <time>2024-07-06T11:10:14Z</time>
      </trkpt>
      <trkpt lat="22.213685" lon="113.29491">
        <ele>3.8</ele>
        <time>2024-07-06T11:10:15Z</time>
      </trkpt>
      <trkpt lat="22.213673" lon="113.294947">
        <ele>3.8</ele>
        <time>2024-07-06T11:10:16Z</time>
      </trkpt>
      <trkpt lat="22.213636" lon="113.294977">
        <ele>3.7</ele>
        <time>2024-07-06T11:10:17Z</time>
      </trkpt>
      <trkpt lat="22.213592" lon="113.294991">
        <ele>3.7</ele>
        <time>2024-07-06T11:10:18Z</time>
      </trkpt>
      <trkpt lat="22.213549" lon="113.29499">
        <ele>3.6</ele>
        <time>2024-07-06T11:10:19Z</time>
      </trkpt>
      <trkpt lat="22.213513" lon="113.294985">
        <ele>3.6</ele>
        <time>2024-07-06T11:10:20Z</time>
      </trkpt>
      <trkpt lat="22.213483" lon="113.295002">
        <ele>3.5</ele>
        <time>2024-07-06T11:10:21Z</time>
      </trkpt>
      <trkpt lat="22.213466" lon="113.295032">
        <ele>3.5</ele>
        <time>2024-07-06T11:10:22Z</time>
      </trkpt>
      <trkpt lat="22.213459" lon="113.295064">
        <ele>3.5</ele>
        <time>2024-07-06T11:10:23Z</time>
      </trkpt>
      <trkpt lat="22.213461" lon="113.295101">
        <ele>3.4</ele>
        <time>2024-07-06T11:10:24Z</time>
      </trkpt>
      <trkpt lat="22.21346" lon="113.295131">
        <ele>3.4</ele>
        <time>2024-07-06T11:10:25Z</time>
      </trkpt>
      <trkpt lat="22.213447" lon="113.295162">
        <ele>3.4</ele>
        <time>2024-07-06T11:10:26Z</time>
      </trkpt>
      <trkpt lat="22.213426" lon="113.2952">
        <ele>3.3</ele>
        <time>2024-07-06T11:10:27Z</time>
      </trkpt>
      <trkpt lat="22.213402" lon="113.295231">
        <ele>3.3</ele>
        <time>2024-07-06T11:10:28Z</time>
      </trkpt>
      <trkpt lat="22.213384" lon="113.295269">
        <ele>3.2</ele>
        <time>2024-07-06T11:10:29Z</time>
      </trkpt>
      <trkpt lat="22.21338" lon="113.295308">
        <ele>3.2</ele>
        <time>2024-07-06T11:10:30Z</time>
      </trkpt>
      <trkpt lat="22.213388" lon="113.295353">
        <ele>3.2</ele>
        <time>2024-07-06T11:10:31Z</time>
      </trkpt>
      <trkpt lat="22.213408" lon="113.29539">
        <ele>3.1</ele>
        <time>2024-07-06T11:10:32Z</time>
      </trkpt>
      <trkpt lat="22.21343" lon="113.295429">
        <ele>3.1</ele>
        <time>2024-07-06T11:10:33Z</time>
      </trkpt>
      <trkpt lat="22.213453" lon="113.295475">
        <ele>3</ele>
        <time>2024-07-06T11:10:34Z</time>
      </trkpt>
      <trkpt lat="22.21347" lon="113.295513">
        <ele>3</ele>
        <time>2024-07-06T11:10:35Z</time>
      </trkpt>
      <trkpt lat="22.21348" lon="113.295559">
        <ele>2.9</ele>
        <time>2024-07-06T11:10:36Z</time>
      </trkpt>
      <trkpt lat="22.213482" lon="113.295605">
        <ele>2.9</ele>
        <time>2024-07-06T11:10:37Z</time>
      </trkpt>
      <trkpt lat="22.213477" lon="113.295658">
        <ele>2.8</ele>
        <time>2024-07-06T11:10:38Z</time>
      </trkpt>
      <trkpt lat="22.213468" lon="113.295704">
        <ele>2.8</ele>
        <time>2024-07-06T11:10:39Z</time>
      </trkpt>
      <trkpt lat="22.213462" lon="113.295743">
        <ele>2.8</ele>
        <time>2024-07-06T11:10:40Z</time>
      </trkpt>
      <trkpt lat="22.213452" lon="113.295789">
        <ele>2.7</ele>
        <time>2024-07-06T11:10:41Z</time>
      </trkpt>
      <trkpt lat="22.21344" lon="113.295826">
        <ele>2.7</ele>
        <time>2024-07-06T11:10:42Z</time>
      </trkpt>
      <trkpt lat="22.213445" lon="113.295864">
        <ele>2.6</ele>
        <time>2024-07-06T11:10:43Z</time>
      </trkpt>
      <trkpt lat="22.213458" lon="113.295902">
        <ele>2.6</ele>
        <time>2024-07-06T11:10:44Z</time>
      </trkpt>
      <trkpt lat="22.213473" lon="113.29594">
        <ele>2.6</ele>
        <time>2024-07-06T11:10:45Z</time>
      </trkpt>
      <trkpt lat="22.213482" lon="113.295987">
        <ele>2.5</ele>
        <time>2024-07-06T11:10:46Z</time>
      </trkpt>
      <trkpt lat="22.213481" lon="113.296032">
        <ele>2.5</ele>
        <time>2024-07-06T11:10:47Z</time>
      </trkpt>
      <trkpt lat="22.213476" lon="113.296077">
        <ele>2.4</ele>
        <time>2024-07-06T11:10:48Z</time>
      </trkpt>
      <trkpt lat="22.213468" lon="113.296124">
        <ele>2.4</ele>
        <time>2024-07-06T11:10:49Z</time>
      </trkpt>
      <trkpt lat="22.213456" lon="113.296168">
        <ele>2.3</ele>
        <time>2024-07-06T11:10:50Z</time>
      </trkpt>
      <trkpt lat="22.21344" lon="113.296207">
        <ele>2.3</ele>
        <time>2024-07-06T11:10:51Z</time>
      </trkpt>
      <trkpt lat="22.21342" lon="113.296244">
        <ele>2.3</ele>
        <time>2024-07-06T11:10:52Z</time>
      </trkpt>
      <trkpt lat="22.2134" lon="113.296282">
        <ele>2.2</ele>
        <time>2024-07-06T11:10:53Z</time>
      </trkpt>
      <trkpt lat="22.213379" lon="113.296312">
        <ele>2.2</ele>
        <time>2024-07-06T11:10:54Z</time>
      </trkpt>
      <trkpt lat="22.213357" lon="113.296342">
        <ele>2.2</ele>
        <time>2024-07-06T11:10:55Z</time>
      </trkpt>
      <trkpt lat="22.213329" lon="113.296364">
        <ele>2.2</ele>
        <time>2024-07-06T11:10:56Z</time>
      </trkpt>
      <trkpt lat="22.213295" lon="113.296387">
        <ele>2.2</ele>
        <time>2024-07-06T11:10:57Z</time>
      </trkpt>
      <trkpt lat="22.213258" lon="113.296395">
        <ele>2.2</ele>
        <time>2024-07-06T11:10:58Z</time>
      </trkpt>
      <trkpt lat="22.213225" lon="113.29641">
        <ele>2.3</ele>
        <time>2024-07-06T11:10:59Z</time>
      </trkpt>
      <trkpt lat="22.213185" lon="113.296425">
        <ele>2.3</ele>
        <time>2024-07-06T11:11:00Z</time>
      </trkpt>
      <trkpt lat="22.21314" lon="113.296434">
        <ele>2.3</ele>
        <time>2024-07-06T11:11:01Z</time>
      </trkpt>
      <trkpt lat="22.2131" lon="113.296449">
        <ele>2.3</ele>
        <time>2024-07-06T11:11:02Z</time>
      </trkpt>
      <trkpt lat="22.213064" lon="113.296463">
        <ele>2.3</ele>
        <time>2024-07-06T11:11:03Z</time>
      </trkpt>
      <trkpt lat="22.213028" lon="113.296472">
        <ele>2.3</ele>
        <time>2024-07-06T11:11:04Z</time>
      </trkpt>
      <trkpt lat="22.212991" lon="113.296494">
        <ele>2.3</ele>
        <time>2024-07-06T11:11:05Z</time>
      </trkpt>
      <trkpt lat="22.212952" lon="113.296509">
        <ele>2.4</ele>
        <time>2024-07-06T11:11:06Z</time>
      </trkpt>
      <trkpt lat="22.212914" lon="113.296525">
        <ele>2.4</ele>
        <time>2024-07-06T11:11:07Z</time>
      </trkpt>
      <trkpt lat="22.212878" lon="113.29654">
        <ele>2.4</ele>
        <time>2024-07-06T11:11:08Z</time>
      </trkpt>
      <trkpt lat="22.21284" lon="113.296555">
        <ele>2.4</ele>
        <time>2024-07-06T11:11:09Z</time>
      </trkpt>
      <trkpt lat="22.212802" lon="113.296563">
        <ele>2.4</ele>
        <time>2024-07-06T11:11:10Z</time>
      </trkpt>
      <trkpt lat="22.212753" lon="113.296578">
        <ele>2.4</ele>
        <time>2024-07-06T11:11:11Z</time>
      </trkpt>
      <trkpt lat="22.212709" lon="113.296593">
        <ele>2.5</ele>
        <time>2024-07-06T11:11:12Z</time>
      </trkpt>
      <trkpt lat="22.212666" lon="113.296609">
        <ele>2.5</ele>
        <time>2024-07-06T11:11:13Z</time>
      </trkpt>
      <trkpt lat="22.212626" lon="113.296624">
        <ele>2.5</ele>
        <time>2024-07-06T11:11:14Z</time>
      </trkpt>
      <trkpt lat="22.212583" lon="113.296639">
        <ele>2.5</ele>
        <time>2024-07-06T11:11:15Z</time>
      </trkpt>
      <trkpt lat="22.212543" lon="113.296655">
        <ele>2.5</ele>
        <time>2024-07-06T11:11:16Z</time>
      </trkpt>
      <trkpt lat="22.212501" lon="113.296669">
        <ele>2.5</ele>
        <time>2024-07-06T11:11:17Z</time>
      </trkpt>
      <trkpt lat="22.21246" lon="113.296669">
        <ele>2.6</ele>
        <time>2024-07-06T11:11:18Z</time>
      </trkpt>
      <trkpt lat="22.212428" lon="113.296669">
        <ele>2.6</ele>
        <time>2024-07-06T11:11:19Z</time>
      </trkpt>
      <trkpt lat="22.21239" lon="113.296678">
        <ele>2.6</ele>
        <time>2024-07-06T11:11:20Z</time>
      </trkpt>
      <trkpt lat="22.212351" lon="113.296693">
        <ele>2.6</ele>
        <time>2024-07-06T11:11:21Z</time>
      </trkpt>
      <trkpt lat="22.212315" lon="113.296708">
        <ele>2.6</ele>
        <time>2024-07-06T11:11:22Z</time>
      </trkpt>
      <trkpt lat="22.21228" lon="113.296725">
        <ele>2.6</ele>
        <time>2024-07-06T11:11:23Z</time>
      </trkpt>
      <trkpt lat="22.212257" lon="113.296754">
        <ele>2.6</ele>
        <time>2024-07-06T11:11:24Z</time>
      </trkpt>
      <trkpt lat="22.21225" lon="113.296778">
        <ele>2.6</ele>
        <time>2024-07-06T11:11:25Z</time>
      </trkpt>
      <trkpt lat="22.212245" lon="113.296808">
        <ele>2.7</ele>
        <time>2024-07-06T11:11:26Z</time>
      </trkpt>
      <trkpt lat="22.212235" lon="113.29683">
        <ele>2.7</ele>
        <time>2024-07-06T11:11:27Z</time>
      </trkpt>
      <trkpt lat="22.212215" lon="113.296838">
        <ele>2.7</ele>
        <time>2024-07-06T11:11:28Z</time>
      </trkpt>
      <trkpt lat="22.212186" lon="113.296853">
        <ele>2.7</ele>
        <time>2024-07-06T11:11:29Z</time>
      </trkpt>
      <trkpt lat="22.212154" lon="113.296868">
        <ele>2.7</ele>
        <time>2024-07-06T11:11:30Z</time>
      </trkpt>
      <trkpt lat="22.212126" lon="113.296875">
        <ele>2.7</ele>
        <time>2024-07-06T11:11:31Z</time>
      </trkpt>
      <trkpt lat="22.212103" lon="113.296884">
        <ele>2.7</ele>
        <time>2024-07-06T11:11:32Z</time>
      </trkpt>
      <trkpt lat="22.212078" lon="113.296898">
        <ele>2.7</ele>
        <time>2024-07-06T11:11:33Z</time>
      </trkpt>
      <trkpt lat="22.212053" lon="113.296907">
        <ele>2.7</ele>
        <time>2024-07-06T11:11:34Z</time>
      </trkpt>
      <trkpt lat="22.212024" lon="113.296921">
        <ele>2.7</ele>
        <time>2024-07-06T11:11:35Z</time>
      </trkpt>
      <trkpt lat="22.211992" lon="113.296929">
        <ele>2.8</ele>
        <time>2024-07-06T11:11:36Z</time>
      </trkpt>
      <trkpt lat="22.21196" lon="113.296936">
        <ele>2.8</ele>
        <time>2024-07-06T11:11:37Z</time>
      </trkpt>
      <trkpt lat="22.211926" lon="113.296937">
        <ele>2.8</ele>
        <time>2024-07-06T11:11:38Z</time>
      </trkpt>
      <trkpt lat="22.21189" lon="113.296944">
        <ele>2.8</ele>
        <time>2024-07-06T11:11:39Z</time>
      </trkpt>
      <trkpt lat="22.211853" lon="113.296952">
        <ele>2.8</ele>
        <time>2024-07-06T11:11:40Z</time>
      </trkpt>
      <trkpt lat="22.21182" lon="113.296959">
        <ele>2.8</ele>
        <time>2024-07-06T11:11:41Z</time>
      </trkpt>
      <trkpt lat="22.211788" lon="113.296968">
        <ele>2.8</ele>
        <time>2024-07-06T11:11:42Z</time>
      </trkpt>
      <trkpt lat="22.211755" lon="113.296983">
        <ele>2.8</ele>
        <time>2024-07-06T11:11:43Z</time>
      </trkpt>
      <trkpt lat="22.211725" lon="113.296998">
        <ele>2.8</ele>
        <time>2024-07-06T11:11:44Z</time>
      </trkpt>
      <trkpt lat="22.211692" lon="113.297005">
        <ele>2.8</ele>
        <time>2024-07-06T11:11:45Z</time>
      </trkpt>
      <trkpt lat="22.21166" lon="113.297013">
        <ele>2.7</ele>
        <time>2024-07-06T11:11:46Z</time>
      </trkpt>
      <trkpt lat="22.211626" lon="113.297028">
        <ele>2.7</ele>
        <time>2024-07-06T11:11:47Z</time>
      </trkpt>
      <trkpt lat="22.211594" lon="113.297036">
        <ele>2.6</ele>
        <time>2024-07-06T11:11:48Z</time>
      </trkpt>
      <trkpt lat="22.211556" lon="113.297043">
        <ele>2.6</ele>
        <time>2024-07-06T11:11:49Z</time>
      </trkpt>
      <trkpt lat="22.21152" lon="113.297052">
        <ele>2.5</ele>
        <time>2024-07-06T11:11:50Z</time>
      </trkpt>
      <trkpt lat="22.211483" lon="113.297068">
        <ele>2.5</ele>
        <time>2024-07-06T11:11:51Z</time>
      </trkpt>
      <trkpt lat="22.21145" lon="113.29709">
        <ele>2.5</ele>
        <time>2024-07-06T11:11:52Z</time>
      </trkpt>
      <trkpt lat="22.211418" lon="113.297104">
        <ele>2.4</ele>
        <time>2024-07-06T11:11:53Z</time>
      </trkpt>
      <trkpt lat="22.211387" lon="113.297112">
        <ele>2.4</ele>
        <time>2024-07-06T11:11:54Z</time>
      </trkpt>
      <trkpt lat="22.211355" lon="113.29712">
        <ele>2.3</ele>
        <time>2024-07-06T11:11:55Z</time>
      </trkpt>
      <trkpt lat="22.211315" lon="113.297134">
        <ele>2.3</ele>
        <time>2024-07-06T11:11:56Z</time>
      </trkpt>
      <trkpt lat="22.211281" lon="113.297135">
        <ele>2.2</ele>
        <time>2024-07-06T11:11:57Z</time>
      </trkpt>
      <trkpt lat="22.21125" lon="113.297151">
        <ele>2.2</ele>
        <time>2024-07-06T11:11:58Z</time>
      </trkpt>
      <trkpt lat="22.211224" lon="113.297166">
        <ele>2.2</ele>
        <time>2024-07-06T11:11:59Z</time>
      </trkpt>
      <trkpt lat="22.211193" lon="113.297181">
        <ele>2.1</ele>
        <time>2024-07-06T11:12:00Z</time>
      </trkpt>
      <trkpt lat="22.211161" lon="113.297188">
        <ele>2.1</ele>
        <time>2024-07-06T11:12:01Z</time>
      </trkpt>
      <trkpt lat="22.211126" lon="113.297188">
        <ele>2</ele>
        <time>2024-07-06T11:12:02Z</time>
      </trkpt>
      <trkpt lat="22.211087" lon="113.297196">
        <ele>2</ele>
        <time>2024-07-06T11:12:03Z</time>
      </trkpt>
      <trkpt lat="22.211052" lon="113.297204">
        <ele>2</ele>
        <time>2024-07-06T11:12:04Z</time>
      </trkpt>
      <trkpt lat="22.211019" lon="113.297219">
        <ele>1.9</ele>
        <time>2024-07-06T11:12:05Z</time>
      </trkpt>
      <trkpt lat="22.210985" lon="113.297227">
        <ele>1.9</ele>
        <time>2024-07-06T11:12:06Z</time>
      </trkpt>
      <trkpt lat="22.210944" lon="113.297242">
        <ele>1.8</ele>
        <time>2024-07-06T11:12:07Z</time>
      </trkpt>
      <trkpt lat="22.210908" lon="113.297257">
        <ele>1.8</ele>
        <time>2024-07-06T11:12:08Z</time>
      </trkpt>
      <trkpt lat="22.210872" lon="113.297265">
        <ele>1.7</ele>
        <time>2024-07-06T11:12:09Z</time>
      </trkpt>
      <trkpt lat="22.210833" lon="113.297281">
        <ele>1.7</ele>
        <time>2024-07-06T11:12:10Z</time>
      </trkpt>
      <trkpt lat="22.210793" lon="113.297303">
        <ele>1.6</ele>
        <time>2024-07-06T11:12:11Z</time>
      </trkpt>
      <trkpt lat="22.210762" lon="113.297319">
        <ele>1.6</ele>
        <time>2024-07-06T11:12:12Z</time>
      </trkpt>
      <trkpt lat="22.210726" lon="113.297342">
        <ele>1.5</ele>
        <time>2024-07-06T11:12:13Z</time>
      </trkpt>
      <trkpt lat="22.210687" lon="113.297364">
        <ele>1.5</ele>
        <time>2024-07-06T11:12:14Z</time>
      </trkpt>
      <trkpt lat="22.210646" lon="113.297371">
        <ele>1.4</ele>
        <time>2024-07-06T11:12:15Z</time>
      </trkpt>
      <trkpt lat="22.210607" lon="113.297371">
        <ele>1.4</ele>
        <time>2024-07-06T11:12:16Z</time>
      </trkpt>
      <trkpt lat="22.210563" lon="113.297379">
        <ele>1.3</ele>
        <time>2024-07-06T11:12:17Z</time>
      </trkpt>
      <trkpt lat="22.21052" lon="113.297394">
        <ele>1.3</ele>
        <time>2024-07-06T11:12:18Z</time>
      </trkpt>
      <trkpt lat="22.21048" lon="113.297402">
        <ele>1.2</ele>
        <time>2024-07-06T11:12:19Z</time>
      </trkpt>
      <trkpt lat="22.210443" lon="113.297418">
        <ele>1.2</ele>
        <time>2024-07-06T11:12:20Z</time>
      </trkpt>
      <trkpt lat="22.210409" lon="113.297432">
        <ele>1.1</ele>
        <time>2024-07-06T11:12:21Z</time>
      </trkpt>
      <trkpt lat="22.210375" lon="113.297441">
        <ele>1.1</ele>
        <time>2024-07-06T11:12:22Z</time>
      </trkpt>
      <trkpt lat="22.210342" lon="113.297456">
        <ele>1</ele>
        <time>2024-07-06T11:12:23Z</time>
      </trkpt>
      <trkpt lat="22.210309" lon="113.297471">
        <ele>1</ele>
        <time>2024-07-06T11:12:24Z</time>
      </trkpt>
      <trkpt lat="22.210276" lon="113.297486">
        <ele>1</ele>
        <time>2024-07-06T11:12:25Z</time>
      </trkpt>
      <trkpt lat="22.210244" lon="113.297494">
        <ele>0.9</ele>
        <time>2024-07-06T11:12:26Z</time>
      </trkpt>
      <trkpt lat="22.210217" lon="113.297509">
        <ele>0.9</ele>
        <time>2024-07-06T11:12:27Z</time>
      </trkpt>
      <trkpt lat="22.210196" lon="113.297516">
        <ele>0.9</ele>
        <time>2024-07-06T11:12:28Z</time>
      </trkpt>
      <trkpt lat="22.210175" lon="113.297516">
        <ele>0.8</ele>
        <time>2024-07-06T11:12:29Z</time>
      </trkpt>
      <trkpt lat="22.210159" lon="113.297524">
        <ele>0.8</ele>
        <time>2024-07-06T11:12:30Z</time>
      </trkpt>
      <trkpt lat="22.210137" lon="113.29754">
        <ele>0.8</ele>
        <time>2024-07-06T11:12:31Z</time>
      </trkpt>
      <trkpt lat="22.210114" lon="113.297554">
        <ele>0.7</ele>
        <time>2024-07-06T11:12:32Z</time>
      </trkpt>
      <trkpt lat="22.210087" lon="113.297562">
        <ele>0.7</ele>
        <time>2024-07-06T11:12:33Z</time>
      </trkpt>
      <trkpt lat="22.210055" lon="113.297577">
        <ele>0.7</ele>
        <time>2024-07-06T11:12:34Z</time>
      </trkpt>
      <trkpt lat="22.210022" lon="113.297585">
        <ele>0.7</ele>
        <time>2024-07-06T11:12:35Z</time>
      </trkpt>
      <trkpt lat="22.209992" lon="113.297592">
        <ele>0.7</ele>
        <time>2024-07-06T11:12:36Z</time>
      </trkpt>
      <trkpt lat="22.209964" lon="113.297599">
        <ele>0.8</ele>
        <time>2024-07-06T11:12:37Z</time>
      </trkpt>
      <trkpt lat="22.209941" lon="113.297591">
        <ele>0.8</ele>
        <time>2024-07-06T11:12:38Z</time>
      </trkpt>
      <trkpt lat="22.209918" lon="113.297569">
        <ele>0.8</ele>
        <time>2024-07-06T11:12:39Z</time>
      </trkpt>
      <trkpt lat="22.209891" lon="113.297553">
        <ele>0.9</ele>
        <time>2024-07-06T11:12:40Z</time>
      </trkpt>
      <trkpt lat="22.209863" lon="113.297539">
        <ele>0.9</ele>
        <time>2024-07-06T11:12:41Z</time>
      </trkpt>
      <trkpt lat="22.20983" lon="113.297546">
        <ele>0.9</ele>
        <time>2024-07-06T11:12:42Z</time>
      </trkpt>
      <trkpt lat="22.209781" lon="113.297547">
        <ele>1</ele>
        <time>2024-07-06T11:12:43Z</time>
      </trkpt>
      <trkpt lat="22.209737" lon="113.297554">
        <ele>1</ele>
        <time>2024-07-06T11:12:44Z</time>
      </trkpt>
      <trkpt lat="22.209691" lon="113.297566">
        <ele>1</ele>
        <time>2024-07-06T11:12:45Z</time>
      </trkpt>
      <trkpt lat="22.209646" lon="113.297578">
        <ele>1.1</ele>
        <time>2024-07-06T11:12:46Z</time>
      </trkpt>
      <trkpt lat="22.209609" lon="113.297601">
        <ele>1.1</ele>
        <time>2024-07-06T11:12:47Z</time>
      </trkpt>
      <trkpt lat="22.209572" lon="113.297624">
        <ele>1.2</ele>
        <time>2024-07-06T11:12:48Z</time>
      </trkpt>
      <trkpt lat="22.209541" lon="113.297647">
        <ele>1.2</ele>
        <time>2024-07-06T11:12:49Z</time>
      </trkpt>
      <trkpt lat="22.209501" lon="113.297669">
        <ele>1.2</ele>
        <time>2024-07-06T11:12:50Z</time>
      </trkpt>
      <trkpt lat="22.20946" lon="113.297685">
        <ele>1.3</ele>
        <time>2024-07-06T11:12:51Z</time>
      </trkpt>
      <trkpt lat="22.209419" lon="113.2977">
        <ele>1.3</ele>
        <time>2024-07-06T11:12:52Z</time>
      </trkpt>
      <trkpt lat="22.209379" lon="113.297715">
        <ele>1.4</ele>
        <time>2024-07-06T11:12:53Z</time>
      </trkpt>
      <trkpt lat="22.209342" lon="113.297738">
        <ele>1.4</ele>
        <time>2024-07-06T11:12:54Z</time>
      </trkpt>
      <trkpt lat="22.209307" lon="113.297753">
        <ele>1.4</ele>
        <time>2024-07-06T11:12:55Z</time>
      </trkpt>
      <trkpt lat="22.209263" lon="113.297768">
        <ele>1.5</ele>
        <time>2024-07-06T11:12:56Z</time>
      </trkpt>
      <trkpt lat="22.209223" lon="113.297783">
        <ele>1.5</ele>
        <time>2024-07-06T11:12:57Z</time>
      </trkpt>
      <trkpt lat="22.209187" lon="113.297791">
        <ele>1.5</ele>
        <time>2024-07-06T11:12:58Z</time>
      </trkpt>
      <trkpt lat="22.209145" lon="113.297799">
        <ele>1.6</ele>
        <time>2024-07-06T11:12:59Z</time>
      </trkpt>
      <trkpt lat="22.209106" lon="113.297815">
        <ele>1.6</ele>
        <time>2024-07-06T11:13:00Z</time>
      </trkpt>
      <trkpt lat="22.209064" lon="113.297838">
        <ele>1.7</ele>
        <time>2024-07-06T11:13:01Z</time>
      </trkpt>
      <trkpt lat="22.209026" lon="113.297853">
        <ele>1.7</ele>
        <time>2024-07-06T11:13:02Z</time>
      </trkpt>
      <trkpt lat="22.20899" lon="113.297868">
        <ele>1.7</ele>
        <time>2024-07-06T11:13:03Z</time>
      </trkpt>
      <trkpt lat="22.20896" lon="113.297884">
        <ele>1.8</ele>
        <time>2024-07-06T11:13:04Z</time>
      </trkpt>
      <trkpt lat="22.208931" lon="113.297906">
        <ele>1.8</ele>
        <time>2024-07-06T11:13:05Z</time>
      </trkpt>
      <trkpt lat="22.208899" lon="113.29792">
        <ele>1.8</ele>
        <time>2024-07-06T11:13:06Z</time>
      </trkpt>
      <trkpt lat="22.208877" lon="113.297921">
        <ele>1.9</ele>
        <time>2024-07-06T11:13:07Z</time>
      </trkpt>
      <trkpt lat="22.208857" lon="113.297929">
        <ele>1.9</ele>
        <time>2024-07-06T11:13:08Z</time>
      </trkpt>
      <trkpt lat="22.208832" lon="113.297944">
        <ele>1.9</ele>
        <time>2024-07-06T11:13:09Z</time>
      </trkpt>
      <trkpt lat="22.208804" lon="113.297951">
        <ele>1.9</ele>
        <time>2024-07-06T11:13:10Z</time>
      </trkpt>
      <trkpt lat="22.208769" lon="113.297959">
        <ele>2</ele>
        <time>2024-07-06T11:13:11Z</time>
      </trkpt>
      <trkpt lat="22.208734" lon="113.297965">
        <ele>2</ele>
        <time>2024-07-06T11:13:12Z</time>
      </trkpt>
      <trkpt lat="22.208698" lon="113.297957">
        <ele>2</ele>
        <time>2024-07-06T11:13:13Z</time>
      </trkpt>
      <trkpt lat="22.208672" lon="113.297942">
        <ele>2.1</ele>
        <time>2024-07-06T11:13:14Z</time>
      </trkpt>
      <trkpt lat="22.208649" lon="113.297928">
        <ele>2.1</ele>
        <time>2024-07-06T11:13:15Z</time>
      </trkpt>
      <trkpt lat="22.208622" lon="113.297936">
        <ele>2.1</ele>
        <time>2024-07-06T11:13:16Z</time>
      </trkpt>
      <trkpt lat="22.20859" lon="113.297944">
        <ele>2.1</ele>
        <time>2024-07-06T11:13:17Z</time>
      </trkpt>
      <trkpt lat="22.208562" lon="113.297959">
        <ele>2.2</ele>
        <time>2024-07-06T11:13:18Z</time>
      </trkpt>
      <trkpt lat="22.208542" lon="113.297975">
        <ele>2.2</ele>
        <time>2024-07-06T11:13:19Z</time>
      </trkpt>
      <trkpt lat="22.208539" lon="113.297998">
        <ele>2.2</ele>
        <time>2024-07-06T11:13:20Z</time>
      </trkpt>
      <trkpt lat="22.208523" lon="113.298028">
        <ele>2.2</ele>
        <time>2024-07-06T11:13:21Z</time>
      </trkpt>
      <trkpt lat="22.208497" lon="113.298051">
        <ele>2.3</ele>
        <time>2024-07-06T11:13:22Z</time>
      </trkpt>
      <trkpt lat="22.208462" lon="113.298058">
        <ele>2.3</ele>
        <time>2024-07-06T11:13:23Z</time>
      </trkpt>
      <trkpt lat="22.208427" lon="113.298066">
        <ele>2.3</ele>
        <time>2024-07-06T11:13:24Z</time>
      </trkpt>
      <trkpt lat="22.208385" lon="113.298073">
        <ele>2.3</ele>
        <time>2024-07-06T11:13:25Z</time>
      </trkpt>
      <trkpt lat="22.208349" lon="113.298074">
        <ele>2.3</ele>
        <time>2024-07-06T11:13:26Z</time>
      </trkpt>
      <trkpt lat="22.208315" lon="113.298088">
        <ele>2.2</ele>
        <time>2024-07-06T11:13:27Z</time>
      </trkpt>
      <trkpt lat="22.208278" lon="113.298097">
        <ele>2.2</ele>
        <time>2024-07-06T11:13:28Z</time>
      </trkpt>
      <trkpt lat="22.208241" lon="113.298112">
        <ele>2.2</ele>
        <time>2024-07-06T11:13:29Z</time>
      </trkpt>
      <trkpt lat="22.208204" lon="113.298128">
        <ele>2.1</ele>
        <time>2024-07-06T11:13:30Z</time>
      </trkpt>
      <trkpt lat="22.208174" lon="113.29815">
        <ele>2.1</ele>
        <time>2024-07-06T11:13:31Z</time>
      </trkpt>
      <trkpt lat="22.208137" lon="113.298173">
        <ele>2.1</ele>
        <time>2024-07-06T11:13:32Z</time>
      </trkpt>
      <trkpt lat="22.208103" lon="113.298196">
        <ele>2</ele>
        <time>2024-07-06T11:13:33Z</time>
      </trkpt>
      <trkpt lat="22.208071" lon="113.298211">
        <ele>2</ele>
        <time>2024-07-06T11:13:34Z</time>
      </trkpt>
      <trkpt lat="22.208036" lon="113.298226">
        <ele>2</ele>
        <time>2024-07-06T11:13:35Z</time>
      </trkpt>
      <trkpt lat="22.207998" lon="113.298241">
        <ele>1.9</ele>
        <time>2024-07-06T11:13:36Z</time>
      </trkpt>
      <trkpt lat="22.207953" lon="113.298257">
        <ele>1.9</ele>
        <time>2024-07-06T11:13:37Z</time>
      </trkpt>
      <trkpt lat="22.207913" lon="113.298272">
        <ele>1.9</ele>
        <time>2024-07-06T11:13:38Z</time>
      </trkpt>
      <trkpt lat="22.207879" lon="113.298279">
        <ele>1.8</ele>
        <time>2024-07-06T11:13:39Z</time>
      </trkpt>
      <trkpt lat="22.207842" lon="113.298295">
        <ele>1.8</ele>
        <time>2024-07-06T11:13:40Z</time>
      </trkpt>
      <trkpt lat="22.207806" lon="113.29831">
        <ele>1.8</ele>
        <time>2024-07-06T11:13:41Z</time>
      </trkpt>
      <trkpt lat="22.207773" lon="113.298317">
        <ele>1.7</ele>
        <time>2024-07-06T11:13:42Z</time>
      </trkpt>
      <trkpt lat="22.207735" lon="113.298325">
        <ele>1.7</ele>
        <time>2024-07-06T11:13:43Z</time>
      </trkpt>
      <trkpt lat="22.207696" lon="113.298325">
        <ele>1.7</ele>
        <time>2024-07-06T11:13:44Z</time>
      </trkpt>
      <trkpt lat="22.207657" lon="113.298333">
        <ele>1.6</ele>
        <time>2024-07-06T11:13:45Z</time>
      </trkpt>
      <trkpt lat="22.207619" lon="113.298341">
        <ele>1.6</ele>
        <time>2024-07-06T11:13:46Z</time>
      </trkpt>
      <trkpt lat="22.207584" lon="113.298356">
        <ele>1.6</ele>
        <time>2024-07-06T11:13:47Z</time>
      </trkpt>
      <trkpt lat="22.207552" lon="113.298379">
        <ele>1.5</ele>
        <time>2024-07-06T11:13:48Z</time>
      </trkpt>
      <trkpt lat="22.20752" lon="113.298402">
        <ele>1.5</ele>
        <time>2024-07-06T11:13:49Z</time>
      </trkpt>
      <trkpt lat="22.207486" lon="113.298416">
        <ele>1.5</ele>
        <time>2024-07-06T11:13:50Z</time>
      </trkpt>
      <trkpt lat="22.207453" lon="113.298416">
        <ele>1.4</ele>
        <time>2024-07-06T11:13:51Z</time>
      </trkpt>
      <trkpt lat="22.207416" lon="113.298406">
        <ele>1.4</ele>
        <time>2024-07-06T11:13:52Z</time>
      </trkpt>
      <trkpt lat="22.207385" lon="113.298384">
        <ele>1.4</ele>
        <time>2024-07-06T11:13:53Z</time>
      </trkpt>
      <trkpt lat="22.207355" lon="113.298353">
        <ele>1.3</ele>
        <time>2024-07-06T11:13:54Z</time>
      </trkpt>
      <trkpt lat="22.207327" lon="113.298332">
        <ele>1.3</ele>
        <time>2024-07-06T11:13:55Z</time>
      </trkpt>
      <trkpt lat="22.20729" lon="113.298325">
        <ele>1.3</ele>
        <time>2024-07-06T11:13:56Z</time>
      </trkpt>
      <trkpt lat="22.207245" lon="113.298341">
        <ele>1.2</ele>
        <time>2024-07-06T11:13:57Z</time>
      </trkpt>
      <trkpt lat="22.207203" lon="113.298364">
        <ele>1.2</ele>
        <time>2024-07-06T11:13:58Z</time>
      </trkpt>
      <trkpt lat="22.207162" lon="113.298386">
        <ele>1.1</ele>
        <time>2024-07-06T11:13:59Z</time>
      </trkpt>
      <trkpt lat="22.207125" lon="113.298394">
        <ele>1.1</ele>
        <time>2024-07-06T11:14:00Z</time>
      </trkpt>
      <trkpt lat="22.207086" lon="113.298417">
        <ele>1.1</ele>
        <time>2024-07-06T11:14:01Z</time>
      </trkpt>
      <trkpt lat="22.207048" lon="113.298434">
        <ele>1</ele>
        <time>2024-07-06T11:14:02Z</time>
      </trkpt>
      <trkpt lat="22.207014" lon="113.298456">
        <ele>1</ele>
        <time>2024-07-06T11:14:03Z</time>
      </trkpt>
      <trkpt lat="22.206978" lon="113.298487">
        <ele>1</ele>
        <time>2024-07-06T11:14:04Z</time>
      </trkpt>
      <trkpt lat="22.20695" lon="113.298518">
        <ele>0.9</ele>
        <time>2024-07-06T11:14:05Z</time>
      </trkpt>
      <trkpt lat="22.206929" lon="113.298556">
        <ele>0.9</ele>
        <time>2024-07-06T11:14:06Z</time>
      </trkpt>
      <trkpt lat="22.206906" lon="113.298593">
        <ele>0.9</ele>
        <time>2024-07-06T11:14:07Z</time>
      </trkpt>
      <trkpt lat="22.206885" lon="113.298624">
        <ele>0.8</ele>
        <time>2024-07-06T11:14:08Z</time>
      </trkpt>
      <trkpt lat="22.206856" lon="113.298646">
        <ele>0.8</ele>
        <time>2024-07-06T11:14:09Z</time>
      </trkpt>
      <trkpt lat="22.206824" lon="113.298661">
        <ele>0.8</ele>
        <time>2024-07-06T11:14:10Z</time>
      </trkpt>
      <trkpt lat="22.206786" lon="113.298668">
        <ele>0.8</ele>
        <time>2024-07-06T11:14:11Z</time>
      </trkpt>
      <trkpt lat="22.206747" lon="113.298676">
        <ele>0.9</ele>
        <time>2024-07-06T11:14:12Z</time>
      </trkpt>
      <trkpt lat="22.206713" lon="113.298684">
        <ele>0.9</ele>
        <time>2024-07-06T11:14:13Z</time>
      </trkpt>
      <trkpt lat="22.206677" lon="113.298707">
        <ele>0.9</ele>
        <time>2024-07-06T11:14:14Z</time>
      </trkpt>
      <trkpt lat="22.206654" lon="113.298723">
        <ele>1</ele>
        <time>2024-07-06T11:14:15Z</time>
      </trkpt>
      <trkpt lat="22.206623" lon="113.298753">
        <ele>1</ele>
        <time>2024-07-06T11:14:16Z</time>
      </trkpt>
      <trkpt lat="22.206581" lon="113.298784">
        <ele>1</ele>
        <time>2024-07-06T11:14:17Z</time>
      </trkpt>
      <trkpt lat="22.206533" lon="113.298806">
        <ele>1.1</ele>
        <time>2024-07-06T11:14:18Z</time>
      </trkpt>
      <trkpt lat="22.206486" lon="113.298821">
        <ele>1.1</ele>
        <time>2024-07-06T11:14:19Z</time>
      </trkpt>
      <trkpt lat="22.206435" lon="113.29882">
        <ele>1.2</ele>
        <time>2024-07-06T11:14:20Z</time>
      </trkpt>
      <trkpt lat="22.206381" lon="113.298813">
        <ele>1.2</ele>
        <time>2024-07-06T11:14:21Z</time>
      </trkpt>
      <trkpt lat="22.206333" lon="113.298813">
        <ele>1.3</ele>
        <time>2024-07-06T11:14:22Z</time>
      </trkpt>
      <trkpt lat="22.206295" lon="113.298822">
        <ele>1.3</ele>
        <time>2024-07-06T11:14:23Z</time>
      </trkpt>
      <trkpt lat="22.206259" lon="113.298845">
        <ele>1.4</ele>
        <time>2024-07-06T11:14:24Z</time>
      </trkpt>
      <trkpt lat="22.206227" lon="113.298876">
        <ele>1.4</ele>
        <time>2024-07-06T11:14:25Z</time>
      </trkpt>
      <trkpt lat="22.206196" lon="113.298914">
        <ele>1.4</ele>
        <time>2024-07-06T11:14:26Z</time>
      </trkpt>
      <trkpt lat="22.206163" lon="113.298945">
        <ele>1.5</ele>
        <time>2024-07-06T11:14:27Z</time>
      </trkpt>
      <trkpt lat="22.206128" lon="113.298983">
        <ele>1.5</ele>
        <time>2024-07-06T11:14:28Z</time>
      </trkpt>
      <trkpt lat="22.206095" lon="113.29902">
        <ele>1.6</ele>
        <time>2024-07-06T11:14:29Z</time>
      </trkpt>
      <trkpt lat="22.206059" lon="113.299044">
        <ele>1.6</ele>
        <time>2024-07-06T11:14:30Z</time>
      </trkpt>
      <trkpt lat="22.20602" lon="113.299075">
        <ele>1.7</ele>
        <time>2024-07-06T11:14:31Z</time>
      </trkpt>
      <trkpt lat="22.205984" lon="113.299096">
        <ele>1.7</ele>
        <time>2024-07-06T11:14:32Z</time>
      </trkpt>
      <trkpt lat="22.205946" lon="113.299113">
        <ele>1.7</ele>
        <time>2024-07-06T11:14:33Z</time>
      </trkpt>
      <trkpt lat="22.205905" lon="113.299143">
        <ele>1.8</ele>
        <time>2024-07-06T11:14:34Z</time>
      </trkpt>
      <trkpt lat="22.205862" lon="113.299166">
        <ele>1.8</ele>
        <time>2024-07-06T11:14:35Z</time>
      </trkpt>
      <trkpt lat="22.205818" lon="113.299188">
        <ele>1.9</ele>
        <time>2024-07-06T11:14:36Z</time>
      </trkpt>
      <trkpt lat="22.205778" lon="113.299211">
        <ele>1.9</ele>
        <time>2024-07-06T11:14:37Z</time>
      </trkpt>
      <trkpt lat="22.20574" lon="113.299234">
        <ele>2</ele>
        <time>2024-07-06T11:14:38Z</time>
      </trkpt>
      <trkpt lat="22.205707" lon="113.299257">
        <ele>2</ele>
        <time>2024-07-06T11:14:39Z</time>
      </trkpt>
      <trkpt lat="22.205674" lon="113.299281">
        <ele>2</ele>
        <time>2024-07-06T11:14:40Z</time>
      </trkpt>
      <trkpt lat="22.205638" lon="113.29931">
        <ele>2.1</ele>
        <time>2024-07-06T11:14:41Z</time>
      </trkpt>
      <trkpt lat="22.205594" lon="113.299333">
        <ele>2.1</ele>
        <time>2024-07-06T11:14:42Z</time>
      </trkpt>
      <trkpt lat="22.20555" lon="113.299356">
        <ele>2.2</ele>
        <time>2024-07-06T11:14:43Z</time>
      </trkpt>
      <trkpt lat="22.205506" lon="113.299379">
        <ele>2.2</ele>
        <time>2024-07-06T11:14:44Z</time>
      </trkpt>
      <trkpt lat="22.205468" lon="113.299395">
        <ele>2.2</ele>
        <time>2024-07-06T11:14:45Z</time>
      </trkpt>
      <trkpt lat="22.205435" lon="113.299418">
        <ele>2.3</ele>
        <time>2024-07-06T11:14:46Z</time>
      </trkpt>
      <trkpt lat="22.205402" lon="113.299448">
        <ele>2.3</ele>
        <time>2024-07-06T11:14:47Z</time>
      </trkpt>
      <trkpt lat="22.205369" lon="113.299471">
        <ele>2.4</ele>
        <time>2024-07-06T11:14:48Z</time>
      </trkpt>
      <trkpt lat="22.205328" lon="113.299494">
        <ele>2.4</ele>
        <time>2024-07-06T11:14:49Z</time>
      </trkpt>
      <trkpt lat="22.205289" lon="113.299517">
        <ele>2.4</ele>
        <time>2024-07-06T11:14:50Z</time>
      </trkpt>
      <trkpt lat="22.205248" lon="113.299548">
        <ele>2.5</ele>
        <time>2024-07-06T11:14:51Z</time>
      </trkpt>
      <trkpt lat="22.205207" lon="113.299577">
        <ele>2.4</ele>
        <time>2024-07-06T11:14:52Z</time>
      </trkpt>
      <trkpt lat="22.205165" lon="113.299602">
        <ele>2.4</ele>
        <time>2024-07-06T11:14:53Z</time>
      </trkpt>
      <trkpt lat="22.205115" lon="113.299639">
        <ele>2.4</ele>
        <time>2024-07-06T11:14:54Z</time>
      </trkpt>
      <trkpt lat="22.205072" lon="113.299662">
        <ele>2.4</ele>
        <time>2024-07-06T11:14:55Z</time>
      </trkpt>
      <trkpt lat="22.20503" lon="113.299693">
        <ele>2.3</ele>
        <time>2024-07-06T11:14:56Z</time>
      </trkpt>
      <trkpt lat="22.204987" lon="113.299723">
        <ele>2.3</ele>
        <time>2024-07-06T11:14:57Z</time>
      </trkpt>
      <trkpt lat="22.204945" lon="113.299753">
        <ele>2.3</ele>
        <time>2024-07-06T11:14:58Z</time>
      </trkpt>
      <trkpt lat="22.204905" lon="113.299777">
        <ele>2.3</ele>
        <time>2024-07-06T11:14:59Z</time>
      </trkpt>
      <trkpt lat="22.204864" lon="113.299808">
        <ele>2.2</ele>
        <time>2024-07-06T11:15:00Z</time>
      </trkpt>
      <trkpt lat="22.204822" lon="113.299839">
        <ele>2.2</ele>
        <time>2024-07-06T11:15:01Z</time>
      </trkpt>
      <trkpt lat="22.204783" lon="113.299868">
        <ele>2.2</ele>
        <time>2024-07-06T11:15:02Z</time>
      </trkpt>
      <trkpt lat="22.20474" lon="113.299906">
        <ele>2.2</ele>
        <time>2024-07-06T11:15:03Z</time>
      </trkpt>
      <trkpt lat="22.204693" lon="113.299929">
        <ele>2.1</ele>
        <time>2024-07-06T11:15:04Z</time>
      </trkpt>
      <trkpt lat="22.204656" lon="113.299959">
        <ele>2.1</ele>
        <time>2024-07-06T11:15:05Z</time>
      </trkpt>
      <trkpt lat="22.204624" lon="113.299983">
        <ele>2.1</ele>
        <time>2024-07-06T11:15:06Z</time>
      </trkpt>
      <trkpt lat="22.204594" lon="113.300013">
        <ele>2.1</ele>
        <time>2024-07-06T11:15:07Z</time>
      </trkpt>
      <trkpt lat="22.204561" lon="113.300036">
        <ele>2.1</ele>
        <time>2024-07-06T11:15:08Z</time>
      </trkpt>
      <trkpt lat="22.204518" lon="113.30006">
        <ele>2</ele>
        <time>2024-07-06T11:15:09Z</time>
      </trkpt>
      <trkpt lat="22.204477" lon="113.300089">
        <ele>2</ele>
        <time>2024-07-06T11:15:10Z</time>
      </trkpt>
      <trkpt lat="22.204433" lon="113.300112">
        <ele>2</ele>
        <time>2024-07-06T11:15:11Z</time>
      </trkpt>
      <trkpt lat="22.204386" lon="113.300135">
        <ele>2</ele>
        <time>2024-07-06T11:15:12Z</time>
      </trkpt>
      <trkpt lat="22.204343" lon="113.300167">
        <ele>1.9</ele>
        <time>2024-07-06T11:15:13Z</time>
      </trkpt>
      <trkpt lat="22.204301" lon="113.300204">
        <ele>1.9</ele>
        <time>2024-07-06T11:15:14Z</time>
      </trkpt>
      <trkpt lat="22.204266" lon="113.300228">
        <ele>1.9</ele>
        <time>2024-07-06T11:15:15Z</time>
      </trkpt>
      <trkpt lat="22.20422" lon="113.300265">
        <ele>1.9</ele>
        <time>2024-07-06T11:15:16Z</time>
      </trkpt>
      <trkpt lat="22.204177" lon="113.300296">
        <ele>1.8</ele>
        <time>2024-07-06T11:15:17Z</time>
      </trkpt>
      <trkpt lat="22.20413" lon="113.300326">
        <ele>1.8</ele>
        <time>2024-07-06T11:15:18Z</time>
      </trkpt>
      <trkpt lat="22.204084" lon="113.300357">
        <ele>1.8</ele>
        <time>2024-07-06T11:15:19Z</time>
      </trkpt>
      <trkpt lat="22.20404" lon="113.300388">
        <ele>1.8</ele>
        <time>2024-07-06T11:15:20Z</time>
      </trkpt>
      <trkpt lat="22.203998" lon="113.300419">
        <ele>1.7</ele>
        <time>2024-07-06T11:15:21Z</time>
      </trkpt>
      <trkpt lat="22.203954" lon="113.300457">
        <ele>1.7</ele>
        <time>2024-07-06T11:15:22Z</time>
      </trkpt>
      <trkpt lat="22.203907" lon="113.300494">
        <ele>1.7</ele>
        <time>2024-07-06T11:15:23Z</time>
      </trkpt>
      <trkpt lat="22.203862" lon="113.300532">
        <ele>1.7</ele>
        <time>2024-07-06T11:15:24Z</time>
      </trkpt>
      <trkpt lat="22.203817" lon="113.30057">
        <ele>1.6</ele>
        <time>2024-07-06T11:15:25Z</time>
      </trkpt>
      <trkpt lat="22.203773" lon="113.300592">
        <ele>1.6</ele>
        <time>2024-07-06T11:15:26Z</time>
      </trkpt>
      <trkpt lat="22.203728" lon="113.300608">
        <ele>1.6</ele>
        <time>2024-07-06T11:15:27Z</time>
      </trkpt>
      <trkpt lat="22.203673" lon="113.300646">
        <ele>1.5</ele>
        <time>2024-07-06T11:15:28Z</time>
      </trkpt>
      <trkpt lat="22.203625" lon="113.300677">
        <ele>1.5</ele>
        <time>2024-07-06T11:15:29Z</time>
      </trkpt>
      <trkpt lat="22.203582" lon="113.300715">
        <ele>1.5</ele>
        <time>2024-07-06T11:15:30Z</time>
      </trkpt>
      <trkpt lat="22.203538" lon="113.300754">
        <ele>1.4</ele>
        <time>2024-07-06T11:15:31Z</time>
      </trkpt>
      <trkpt lat="22.203496" lon="113.300799">
        <ele>1.4</ele>
        <time>2024-07-06T11:15:32Z</time>
      </trkpt>
      <trkpt lat="22.203453" lon="113.300837">
        <ele>1.4</ele>
        <time>2024-07-06T11:15:33Z</time>
      </trkpt>
      <trkpt lat="22.203403" lon="113.300868">
        <ele>1.3</ele>
        <time>2024-07-06T11:15:34Z</time>
      </trkpt>
      <trkpt lat="22.203352" lon="113.300905">
        <ele>1.3</ele>
        <time>2024-07-06T11:15:35Z</time>
      </trkpt>
      <trkpt lat="22.203299" lon="113.300936">
        <ele>1.3</ele>
        <time>2024-07-06T11:15:36Z</time>
      </trkpt>
      <trkpt lat="22.203255" lon="113.300967">
        <ele>1.2</ele>
        <time>2024-07-06T11:15:37Z</time>
      </trkpt>
      <trkpt lat="22.203206" lon="113.301004">
        <ele>1.2</ele>
        <time>2024-07-06T11:15:38Z</time>
      </trkpt>
      <trkpt lat="22.203157" lon="113.301035">
        <ele>1.2</ele>
        <time>2024-07-06T11:15:39Z</time>
      </trkpt>
      <trkpt lat="22.203108" lon="113.301068">
        <ele>1.1</ele>
        <time>2024-07-06T11:15:40Z</time>
      </trkpt>
      <trkpt lat="22.20307" lon="113.301097">
        <ele>1.1</ele>
        <time>2024-07-06T11:15:41Z</time>
      </trkpt>
      <trkpt lat="22.203034" lon="113.301127">
        <ele>1.1</ele>
        <time>2024-07-06T11:15:42Z</time>
      </trkpt>
      <trkpt lat="22.202995" lon="113.301157">
        <ele>1.1</ele>
        <time>2024-07-06T11:15:43Z</time>
      </trkpt>
      <trkpt lat="22.202954" lon="113.301181">
        <ele>1</ele>
        <time>2024-07-06T11:15:44Z</time>
      </trkpt>
      <trkpt lat="22.202916" lon="113.301211">
        <ele>1</ele>
        <time>2024-07-06T11:15:45Z</time>
      </trkpt>
      <trkpt lat="22.20288" lon="113.301241">
        <ele>1</ele>
        <time>2024-07-06T11:15:46Z</time>
      </trkpt>
      <trkpt lat="22.202832" lon="113.301272">
        <ele>0.9</ele>
        <time>2024-07-06T11:15:47Z</time>
      </trkpt>
      <trkpt lat="22.202787" lon="113.301309">
        <ele>0.9</ele>
        <time>2024-07-06T11:15:48Z</time>
      </trkpt>
      <trkpt lat="22.202743" lon="113.30134">
        <ele>0.9</ele>
        <time>2024-07-06T11:15:49Z</time>
      </trkpt>
      <trkpt lat="22.202694" lon="113.301372">
        <ele>0.8</ele>
        <time>2024-07-06T11:15:50Z</time>
      </trkpt>
      <trkpt lat="22.202652" lon="113.301402">
        <ele>0.8</ele>
        <time>2024-07-06T11:15:51Z</time>
      </trkpt>
      <trkpt lat="22.20261" lon="113.301432">
        <ele>0.8</ele>
        <time>2024-07-06T11:15:52Z</time>
      </trkpt>
      <trkpt lat="22.202561" lon="113.301462">
        <ele>0.8</ele>
        <time>2024-07-06T11:15:53Z</time>
      </trkpt>
      <trkpt lat="22.202515" lon="113.301493">
        <ele>0.7</ele>
        <time>2024-07-06T11:15:54Z</time>
      </trkpt>
      <trkpt lat="22.20247" lon="113.301523">
        <ele>0.7</ele>
        <time>2024-07-06T11:15:55Z</time>
      </trkpt>
      <trkpt lat="22.202433" lon="113.301553">
        <ele>0.7</ele>
        <time>2024-07-06T11:15:56Z</time>
      </trkpt>
      <trkpt lat="22.202393" lon="113.301583">
        <ele>0.6</ele>
        <time>2024-07-06T11:15:57Z</time>
      </trkpt>
      <trkpt lat="22.202355" lon="113.301615">
        <ele>0.6</ele>
        <time>2024-07-06T11:15:58Z</time>
      </trkpt>
      <trkpt lat="22.202316" lon="113.301646">
        <ele>0.6</ele>
        <time>2024-07-06T11:15:59Z</time>
      </trkpt>
      <trkpt lat="22.202274" lon="113.301683">
        <ele>0.6</ele>
        <time>2024-07-06T11:16:00Z</time>
      </trkpt>
      <trkpt lat="22.202231" lon="113.301714">
        <ele>0.6</ele>
        <time>2024-07-06T11:16:01Z</time>
      </trkpt>
      <trkpt lat="22.202181" lon="113.301753">
        <ele>0.6</ele>
        <time>2024-07-06T11:16:02Z</time>
      </trkpt>
      <trkpt lat="22.202144" lon="113.301782">
        <ele>0.6</ele>
        <time>2024-07-06T11:16:03Z</time>
      </trkpt>
      <trkpt lat="22.202103" lon="113.301806">
        <ele>0.6</ele>
        <time>2024-07-06T11:16:04Z</time>
      </trkpt>
      <trkpt lat="22.202063" lon="113.301828">
        <ele>0.6</ele>
        <time>2024-07-06T11:16:05Z</time>
      </trkpt>
      <trkpt lat="22.202025" lon="113.30185">
        <ele>0.6</ele>
        <time>2024-07-06T11:16:06Z</time>
      </trkpt>
      <trkpt lat="22.201981" lon="113.301874">
        <ele>0.6</ele>
        <time>2024-07-06T11:16:07Z</time>
      </trkpt>
      <trkpt lat="22.201938" lon="113.301897">
        <ele>0.6</ele>
        <time>2024-07-06T11:16:08Z</time>
      </trkpt>
      <trkpt lat="22.201902" lon="113.301928">
        <ele>0.7</ele>
        <time>2024-07-06T11:16:09Z</time>
      </trkpt>
      <trkpt lat="22.201863" lon="113.30195">
        <ele>0.7</ele>
        <time>2024-07-06T11:16:10Z</time>
      </trkpt>
      <trkpt lat="22.201822" lon="113.301981">
        <ele>0.7</ele>
        <time>2024-07-06T11:16:11Z</time>
      </trkpt>
      <trkpt lat="22.201775" lon="113.302019">
        <ele>0.7</ele>
        <time>2024-07-06T11:16:12Z</time>
      </trkpt>
      <trkpt lat="22.201724" lon="113.302057">
        <ele>0.7</ele>
        <time>2024-07-06T11:16:13Z</time>
      </trkpt>
      <trkpt lat="22.201687" lon="113.302081">
        <ele>0.7</ele>
        <time>2024-07-06T11:16:14Z</time>
      </trkpt>
      <trkpt lat="22.20165" lon="113.302111">
        <ele>0.7</ele>
        <time>2024-07-06T11:16:15Z</time>
      </trkpt>
      <trkpt lat="22.201615" lon="113.302142">
        <ele>0.7</ele>
        <time>2024-07-06T11:16:16Z</time>
      </trkpt>
      <trkpt lat="22.201579" lon="113.302172">
        <ele>0.7</ele>
        <time>2024-07-06T11:16:17Z</time>
      </trkpt>
      <trkpt lat="22.201544" lon="113.302202">
        <ele>0.8</ele>
        <time>2024-07-06T11:16:18Z</time>
      </trkpt>
      <trkpt lat="22.201505" lon="113.302232">
        <ele>0.8</ele>
        <time>2024-07-06T11:16:19Z</time>
      </trkpt>
      <trkpt lat="22.201461" lon="113.302263">
        <ele>0.8</ele>
        <time>2024-07-06T11:16:20Z</time>
      </trkpt>
      <trkpt lat="22.201423" lon="113.302293">
        <ele>0.8</ele>
        <time>2024-07-06T11:16:21Z</time>
      </trkpt>
      <trkpt lat="22.201383" lon="113.302316">
        <ele>0.8</ele>
        <time>2024-07-06T11:16:22Z</time>
      </trkpt>
      <trkpt lat="22.201342" lon="113.302338">
        <ele>0.8</ele>
        <time>2024-07-06T11:16:23Z</time>
      </trkpt>
      <trkpt lat="22.201295" lon="113.302346">
        <ele>0.8</ele>
        <time>2024-07-06T11:16:24Z</time>
      </trkpt>
      <trkpt lat="22.201254" lon="113.302354">
        <ele>0.8</ele>
        <time>2024-07-06T11:16:25Z</time>
      </trkpt>
      <trkpt lat="22.201214" lon="113.302369">
        <ele>0.8</ele>
        <time>2024-07-06T11:16:26Z</time>
      </trkpt>
      <trkpt lat="22.201184" lon="113.302392">
        <ele>0.8</ele>
        <time>2024-07-06T11:16:27Z</time>
      </trkpt>
      <trkpt lat="22.201155" lon="113.302416">
        <ele>0.9</ele>
        <time>2024-07-06T11:16:28Z</time>
      </trkpt>
      <trkpt lat="22.201125" lon="113.302445">
        <ele>0.9</ele>
        <time>2024-07-06T11:16:29Z</time>
      </trkpt>
      <trkpt lat="22.201099" lon="113.302461">
        <ele>0.9</ele>
        <time>2024-07-06T11:16:30Z</time>
      </trkpt>
      <trkpt lat="22.201096" lon="113.302484">
        <ele>0.9</ele>
        <time>2024-07-06T11:16:31Z</time>
      </trkpt>
      <trkpt lat="22.201109" lon="113.302514">
        <ele>0.9</ele>
        <time>2024-07-06T11:16:32Z</time>
      </trkpt>
      <trkpt lat="22.201106" lon="113.302532">
        <ele>0.9</ele>
        <time>2024-07-06T11:16:33Z</time>
      </trkpt>
      <trkpt lat="22.201081" lon="113.30256">
        <ele>0.9</ele>
        <time>2024-07-06T11:16:34Z</time>
      </trkpt>
      <trkpt lat="22.201045" lon="113.302575">
        <ele>0.9</ele>
        <time>2024-07-06T11:16:35Z</time>
      </trkpt>
      <trkpt lat="22.201012" lon="113.302598">
        <ele>0.9</ele>
        <time>2024-07-06T11:16:36Z</time>
      </trkpt>
      <trkpt lat="22.200978" lon="113.302621">
        <ele>0.9</ele>
        <time>2024-07-06T11:16:37Z</time>
      </trkpt>
      <trkpt lat="22.200953" lon="113.302644">
        <ele>0.9</ele>
        <time>2024-07-06T11:16:38Z</time>
      </trkpt>
      <trkpt lat="22.200926" lon="113.302667">
        <ele>0.9</ele>
        <time>2024-07-06T11:16:39Z</time>
      </trkpt>
      <trkpt lat="22.200899" lon="113.30269">
        <ele>0.9</ele>
        <time>2024-07-06T11:16:40Z</time>
      </trkpt>
      <trkpt lat="22.200864" lon="113.302713">
        <ele>1</ele>
        <time>2024-07-06T11:16:41Z</time>
      </trkpt>
      <trkpt lat="22.200829" lon="113.302728">
        <ele>1</ele>
        <time>2024-07-06T11:16:42Z</time>
      </trkpt>
      <trkpt lat="22.200792" lon="113.302743">
        <ele>1</ele>
        <time>2024-07-06T11:16:43Z</time>
      </trkpt>
      <trkpt lat="22.20076" lon="113.302758">
        <ele>1</ele>
        <time>2024-07-06T11:16:44Z</time>
      </trkpt>
      <trkpt lat="22.200727" lon="113.302773">
        <ele>1</ele>
        <time>2024-07-06T11:16:45Z</time>
      </trkpt>
      <trkpt lat="22.200689" lon="113.302789">
        <ele>1</ele>
        <time>2024-07-06T11:16:46Z</time>
      </trkpt>
      <trkpt lat="22.200654" lon="113.302805">
        <ele>1</ele>
        <time>2024-07-06T11:16:47Z</time>
      </trkpt>
      <trkpt lat="22.200608" lon="113.302827">
        <ele>1</ele>
        <time>2024-07-06T11:16:48Z</time>
      </trkpt>
      <trkpt lat="22.200573" lon="113.30285">
        <ele>1</ele>
        <time>2024-07-06T11:16:49Z</time>
      </trkpt>
      <trkpt lat="22.200542" lon="113.302875">
        <ele>1</ele>
        <time>2024-07-06T11:16:50Z</time>
      </trkpt>
      <trkpt lat="22.200515" lon="113.302915">
        <ele>1</ele>
        <time>2024-07-06T11:16:51Z</time>
      </trkpt>
      <trkpt lat="22.200494" lon="113.302959">
        <ele>1</ele>
        <time>2024-07-06T11:16:52Z</time>
      </trkpt>
      <trkpt lat="22.200481" lon="113.302995">
        <ele>1</ele>
        <time>2024-07-06T11:16:53Z</time>
      </trkpt>
      <trkpt lat="22.200459" lon="113.303027">
        <ele>1</ele>
        <time>2024-07-06T11:16:54Z</time>
      </trkpt>
      <trkpt lat="22.200432" lon="113.303073">
        <ele>1</ele>
        <time>2024-07-06T11:16:55Z</time>
      </trkpt>
      <trkpt lat="22.200406" lon="113.303118">
        <ele>1</ele>
        <time>2024-07-06T11:16:56Z</time>
      </trkpt>
      <trkpt lat="22.20038" lon="113.303155">
        <ele>1</ele>
        <time>2024-07-06T11:16:57Z</time>
      </trkpt>
      <trkpt lat="22.200356" lon="113.303194">
        <ele>1</ele>
        <time>2024-07-06T11:16:58Z</time>
      </trkpt>
      <trkpt lat="22.200331" lon="113.303232">
        <ele>1</ele>
        <time>2024-07-06T11:16:59Z</time>
      </trkpt>
      <trkpt lat="22.200303" lon="113.303262">
        <ele>1.1</ele>
        <time>2024-07-06T11:17:00Z</time>
      </trkpt>
      <trkpt lat="22.200272" lon="113.303293">
        <ele>1.1</ele>
        <time>2024-07-06T11:17:01Z</time>
      </trkpt>
      <trkpt lat="22.200239" lon="113.303325">
        <ele>1.1</ele>
        <time>2024-07-06T11:17:02Z</time>
      </trkpt>
      <trkpt lat="22.200209" lon="113.303363">
        <ele>1.1</ele>
        <time>2024-07-06T11:17:03Z</time>
      </trkpt>
      <trkpt lat="22.200183" lon="113.303385">
        <ele>1.1</ele>
        <time>2024-07-06T11:17:04Z</time>
      </trkpt>
      <trkpt lat="22.200152" lon="113.303407">
        <ele>1.1</ele>
        <time>2024-07-06T11:17:05Z</time>
      </trkpt>
      <trkpt lat="22.200117" lon="113.303438">
        <ele>1.1</ele>
        <time>2024-07-06T11:17:06Z</time>
      </trkpt>
      <trkpt lat="22.200082" lon="113.303468">
        <ele>1.1</ele>
        <time>2024-07-06T11:17:07Z</time>
      </trkpt>
      <trkpt lat="22.200047" lon="113.303506">
        <ele>1.1</ele>
        <time>2024-07-06T11:17:08Z</time>
      </trkpt>
      <trkpt lat="22.200011" lon="113.303529">
        <ele>1.1</ele>
        <time>2024-07-06T11:17:09Z</time>
      </trkpt>
      <trkpt lat="22.19997" lon="113.303559">
        <ele>1.1</ele>
        <time>2024-07-06T11:17:10Z</time>
      </trkpt>
      <trkpt lat="22.199919" lon="113.303574">
        <ele>1.1</ele>
        <time>2024-07-06T11:17:11Z</time>
      </trkpt>
      <trkpt lat="22.19988" lon="113.303582">
        <ele>1.1</ele>
        <time>2024-07-06T11:17:12Z</time>
      </trkpt>
      <trkpt lat="22.199841" lon="113.30359">
        <ele>1.1</ele>
        <time>2024-07-06T11:17:13Z</time>
      </trkpt>
      <trkpt lat="22.199807" lon="113.303613">
        <ele>1.1</ele>
        <time>2024-07-06T11:17:14Z</time>
      </trkpt>
      <trkpt lat="22.199782" lon="113.303644">
        <ele>1.1</ele>
        <time>2024-07-06T11:17:15Z</time>
      </trkpt>
      <trkpt lat="22.199764" lon="113.303674">
        <ele>1.1</ele>
        <time>2024-07-06T11:17:16Z</time>
      </trkpt>
      <trkpt lat="22.199746" lon="113.303721">
        <ele>1.1</ele>
        <time>2024-07-06T11:17:17Z</time>
      </trkpt>
      <trkpt lat="22.199721" lon="113.303759">
        <ele>1.1</ele>
        <time>2024-07-06T11:17:18Z</time>
      </trkpt>
      <trkpt lat="22.199696" lon="113.303797">
        <ele>1.1</ele>
        <time>2024-07-06T11:17:19Z</time>
      </trkpt>
      <trkpt lat="22.199672" lon="113.303826">
        <ele>1.2</ele>
        <time>2024-07-06T11:17:20Z</time>
      </trkpt>
      <trkpt lat="22.199647" lon="113.30385">
        <ele>1.2</ele>
        <time>2024-07-06T11:17:21Z</time>
      </trkpt>
      <trkpt lat="22.199626" lon="113.303881">
        <ele>1.2</ele>
        <time>2024-07-06T11:17:22Z</time>
      </trkpt>
      <trkpt lat="22.199615" lon="113.30392">
        <ele>1.2</ele>
        <time>2024-07-06T11:17:23Z</time>
      </trkpt>
      <trkpt lat="22.199607" lon="113.303957">
        <ele>1.2</ele>
        <time>2024-07-06T11:17:24Z</time>
      </trkpt>
      <trkpt lat="22.199587" lon="113.303995">
        <ele>1.2</ele>
        <time>2024-07-06T11:17:25Z</time>
      </trkpt>
      <trkpt lat="22.199546" lon="113.304034">
        <ele>1.2</ele>
        <time>2024-07-06T11:17:26Z</time>
      </trkpt>
      <trkpt lat="22.199503" lon="113.304071">
        <ele>1.2</ele>
        <time>2024-07-06T11:17:27Z</time>
      </trkpt>
      <trkpt lat="22.199462" lon="113.304109">
        <ele>1.1</ele>
        <time>2024-07-06T11:17:28Z</time>
      </trkpt>
      <trkpt lat="22.199428" lon="113.304147">
        <ele>1.1</ele>
        <time>2024-07-06T11:17:29Z</time>
      </trkpt>
      <trkpt lat="22.199398" lon="113.304186">
        <ele>1.1</ele>
        <time>2024-07-06T11:17:30Z</time>
      </trkpt>
      <trkpt lat="22.199365" lon="113.304224">
        <ele>1.1</ele>
        <time>2024-07-06T11:17:31Z</time>
      </trkpt>
      <trkpt lat="22.199324" lon="113.304262">
        <ele>1.1</ele>
        <time>2024-07-06T11:17:32Z</time>
      </trkpt>
      <trkpt lat="22.199291" lon="113.304293">
        <ele>1.1</ele>
        <time>2024-07-06T11:17:33Z</time>
      </trkpt>
      <trkpt lat="22.199253" lon="113.304331">
        <ele>1.1</ele>
        <time>2024-07-06T11:17:34Z</time>
      </trkpt>
      <trkpt lat="22.199219" lon="113.304368">
        <ele>1.1</ele>
        <time>2024-07-06T11:17:35Z</time>
      </trkpt>
      <trkpt lat="22.199182" lon="113.3044">
        <ele>1</ele>
        <time>2024-07-06T11:17:36Z</time>
      </trkpt>
      <trkpt lat="22.199146" lon="113.304436">
        <ele>1</ele>
        <time>2024-07-06T11:17:37Z</time>
      </trkpt>
      <trkpt lat="22.19911" lon="113.304476">
        <ele>1</ele>
        <time>2024-07-06T11:17:38Z</time>
      </trkpt>
      <trkpt lat="22.19907" lon="113.304522">
        <ele>1</ele>
        <time>2024-07-06T11:17:39Z</time>
      </trkpt>
      <trkpt lat="22.199031" lon="113.304568">
        <ele>1</ele>
        <time>2024-07-06T11:17:40Z</time>
      </trkpt>
      <trkpt lat="22.198992" lon="113.304606">
        <ele>1</ele>
        <time>2024-07-06T11:17:41Z</time>
      </trkpt>
      <trkpt lat="22.19896" lon="113.30466">
        <ele>1</ele>
        <time>2024-07-06T11:17:42Z</time>
      </trkpt>
      <trkpt lat="22.198933" lon="113.304713">
        <ele>1</ele>
        <time>2024-07-06T11:17:43Z</time>
      </trkpt>
      <trkpt lat="22.198904" lon="113.304764">
        <ele>0.9</ele>
        <time>2024-07-06T11:17:44Z</time>
      </trkpt>
      <trkpt lat="22.198874" lon="113.304811">
        <ele>0.9</ele>
        <time>2024-07-06T11:17:45Z</time>
      </trkpt>
      <trkpt lat="22.198839" lon="113.30485">
        <ele>0.9</ele>
        <time>2024-07-06T11:17:46Z</time>
      </trkpt>
      <trkpt lat="22.198803" lon="113.304895">
        <ele>0.9</ele>
        <time>2024-07-06T11:17:47Z</time>
      </trkpt>
      <trkpt lat="22.198761" lon="113.304926">
        <ele>0.9</ele>
        <time>2024-07-06T11:17:48Z</time>
      </trkpt>
      <trkpt lat="22.198718" lon="113.304956">
        <ele>0.9</ele>
        <time>2024-07-06T11:17:49Z</time>
      </trkpt>
      <trkpt lat="22.198678" lon="113.304995">
        <ele>0.9</ele>
        <time>2024-07-06T11:17:50Z</time>
      </trkpt>
      <trkpt lat="22.198639" lon="113.305035">
        <ele>0.9</ele>
        <time>2024-07-06T11:17:51Z</time>
      </trkpt>
      <trkpt lat="22.198606" lon="113.305079">
        <ele>0.9</ele>
        <time>2024-07-06T11:17:52Z</time>
      </trkpt>
      <trkpt lat="22.198573" lon="113.305125">
        <ele>0.8</ele>
        <time>2024-07-06T11:17:53Z</time>
      </trkpt>
      <trkpt lat="22.19854" lon="113.305178">
        <ele>0.8</ele>
        <time>2024-07-06T11:17:54Z</time>
      </trkpt>
      <trkpt lat="22.19851" lon="113.305223">
        <ele>0.8</ele>
        <time>2024-07-06T11:17:55Z</time>
      </trkpt>
      <trkpt lat="22.198477" lon="113.30527">
        <ele>0.8</ele>
        <time>2024-07-06T11:17:56Z</time>
      </trkpt>
      <trkpt lat="22.198444" lon="113.305316">
        <ele>0.8</ele>
        <time>2024-07-06T11:17:57Z</time>
      </trkpt>
      <trkpt lat="22.198419" lon="113.305353">
        <ele>0.8</ele>
        <time>2024-07-06T11:17:58Z</time>
      </trkpt>
      <trkpt lat="22.198402" lon="113.305375">
        <ele>0.8</ele>
        <time>2024-07-06T11:17:59Z</time>
      </trkpt>
      <trkpt lat="22.198388" lon="113.305406">
        <ele>0.8</ele>
        <time>2024-07-06T11:18:00Z</time>
      </trkpt>
      <trkpt lat="22.198365" lon="113.305433">
        <ele>0.8</ele>
        <time>2024-07-06T11:18:01Z</time>
      </trkpt>
      <trkpt lat="22.198341" lon="113.30546">
        <ele>0.8</ele>
        <time>2024-07-06T11:18:02Z</time>
      </trkpt>
      <trkpt lat="22.198312" lon="113.30549">
        <ele>0.8</ele>
        <time>2024-07-06T11:18:03Z</time>
      </trkpt>
      <trkpt lat="22.198285" lon="113.305521">
        <ele>0.8</ele>
        <time>2024-07-06T11:18:04Z</time>
      </trkpt>
      <trkpt lat="22.198259" lon="113.305553">
        <ele>0.8</ele>
        <time>2024-07-06T11:18:05Z</time>
      </trkpt>
      <trkpt lat="22.198229" lon="113.30559">
        <ele>0.9</ele>
        <time>2024-07-06T11:18:06Z</time>
      </trkpt>
      <trkpt lat="22.198199" lon="113.305625">
        <ele>0.9</ele>
        <time>2024-07-06T11:18:07Z</time>
      </trkpt>
      <trkpt lat="22.198169" lon="113.305659">
        <ele>0.9</ele>
        <time>2024-07-06T11:18:08Z</time>
      </trkpt>
      <trkpt lat="22.19814" lon="113.305696">
        <ele>0.9</ele>
        <time>2024-07-06T11:18:09Z</time>
      </trkpt>
      <trkpt lat="22.19811" lon="113.305731">
        <ele>0.9</ele>
        <time>2024-07-06T11:18:10Z</time>
      </trkpt>
      <trkpt lat="22.198081" lon="113.305767">
        <ele>0.9</ele>
        <time>2024-07-06T11:18:11Z</time>
      </trkpt>
      <trkpt lat="22.198053" lon="113.305804">
        <ele>1</ele>
        <time>2024-07-06T11:18:12Z</time>
      </trkpt>
      <trkpt lat="22.198025" lon="113.305834">
        <ele>1</ele>
        <time>2024-07-06T11:18:13Z</time>
      </trkpt>
      <trkpt lat="22.197996" lon="113.305869">
        <ele>1</ele>
        <time>2024-07-06T11:18:14Z</time>
      </trkpt>
      <trkpt lat="22.197967" lon="113.305903">
        <ele>1</ele>
        <time>2024-07-06T11:18:15Z</time>
      </trkpt>
      <trkpt lat="22.197933" lon="113.305941">
        <ele>1</ele>
        <time>2024-07-06T11:18:16Z</time>
      </trkpt>
      <trkpt lat="22.197894" lon="113.305979">
        <ele>1.1</ele>
        <time>2024-07-06T11:18:17Z</time>
      </trkpt>
      <trkpt lat="22.197857" lon="113.306017">
        <ele>1.1</ele>
        <time>2024-07-06T11:18:18Z</time>
      </trkpt>
      <trkpt lat="22.19782" lon="113.306056">
        <ele>1.1</ele>
        <time>2024-07-06T11:18:19Z</time>
      </trkpt>
      <trkpt lat="22.197783" lon="113.306095">
        <ele>1.1</ele>
        <time>2024-07-06T11:18:20Z</time>
      </trkpt>
      <trkpt lat="22.197749" lon="113.306132">
        <ele>1.2</ele>
        <time>2024-07-06T11:18:21Z</time>
      </trkpt>
      <trkpt lat="22.197715" lon="113.306162">
        <ele>1.2</ele>
        <time>2024-07-06T11:18:22Z</time>
      </trkpt>
      <trkpt lat="22.197679" lon="113.3062">
        <ele>1.2</ele>
        <time>2024-07-06T11:18:23Z</time>
      </trkpt>
      <trkpt lat="22.197646" lon="113.306238">
        <ele>1.2</ele>
        <time>2024-07-06T11:18:24Z</time>
      </trkpt>
      <trkpt lat="22.197611" lon="113.306276">
        <ele>1.2</ele>
        <time>2024-07-06T11:18:25Z</time>
      </trkpt>
      <trkpt lat="22.197575" lon="113.306314">
        <ele>1.3</ele>
        <time>2024-07-06T11:18:26Z</time>
      </trkpt>
      <trkpt lat="22.197536" lon="113.306353">
        <ele>1.3</ele>
        <time>2024-07-06T11:18:27Z</time>
      </trkpt>
      <trkpt lat="22.197494" lon="113.306383">
        <ele>1.3</ele>
        <time>2024-07-06T11:18:28Z</time>
      </trkpt>
      <trkpt lat="22.197455" lon="113.306421">
        <ele>1.3</ele>
        <time>2024-07-06T11:18:29Z</time>
      </trkpt>
      <trkpt lat="22.197419" lon="113.306459">
        <ele>1.3</ele>
        <time>2024-07-06T11:18:30Z</time>
      </trkpt>
      <trkpt lat="22.197381" lon="113.306506">
        <ele>1.4</ele>
        <time>2024-07-06T11:18:31Z</time>
      </trkpt>
      <trkpt lat="22.197343" lon="113.306553">
        <ele>1.4</ele>
        <time>2024-07-06T11:18:32Z</time>
      </trkpt>
      <trkpt lat="22.197307" lon="113.306597">
        <ele>1.4</ele>
        <time>2024-07-06T11:18:33Z</time>
      </trkpt>
      <trkpt lat="22.197272" lon="113.306634">
        <ele>1.4</ele>
        <time>2024-07-06T11:18:34Z</time>
      </trkpt>
      <trkpt lat="22.197235" lon="113.306673">
        <ele>1.5</ele>
        <time>2024-07-06T11:18:35Z</time>
      </trkpt>
      <trkpt lat="22.197201" lon="113.306711">
        <ele>1.5</ele>
        <time>2024-07-06T11:18:36Z</time>
      </trkpt>
      <trkpt lat="22.197172" lon="113.306749">
        <ele>1.5</ele>
        <time>2024-07-06T11:18:37Z</time>
      </trkpt>
      <trkpt lat="22.197138" lon="113.306787">
        <ele>1.5</ele>
        <time>2024-07-06T11:18:38Z</time>
      </trkpt>
      <trkpt lat="22.197102" lon="113.306818">
        <ele>1.5</ele>
        <time>2024-07-06T11:18:39Z</time>
      </trkpt>
      <trkpt lat="22.197067" lon="113.306856">
        <ele>1.5</ele>
        <time>2024-07-06T11:18:40Z</time>
      </trkpt>
      <trkpt lat="22.197031" lon="113.306902">
        <ele>1.5</ele>
        <time>2024-07-06T11:18:41Z</time>
      </trkpt>
      <trkpt lat="22.196993" lon="113.306948">
        <ele>1.5</ele>
        <time>2024-07-06T11:18:42Z</time>
      </trkpt>
      <trkpt lat="22.196958" lon="113.30699">
        <ele>1.5</ele>
        <time>2024-07-06T11:18:43Z</time>
      </trkpt>
      <trkpt lat="22.196924" lon="113.307033">
        <ele>1.5</ele>
        <time>2024-07-06T11:18:44Z</time>
      </trkpt>
      <trkpt lat="22.196892" lon="113.307078">
        <ele>1.5</ele>
        <time>2024-07-06T11:18:45Z</time>
      </trkpt>
      <trkpt lat="22.196859" lon="113.307124">
        <ele>1.5</ele>
        <time>2024-07-06T11:18:46Z</time>
      </trkpt>
      <trkpt lat="22.196827" lon="113.307162">
        <ele>1.5</ele>
        <time>2024-07-06T11:18:47Z</time>
      </trkpt>
      <trkpt lat="22.196793" lon="113.307207">
        <ele>1.5</ele>
        <time>2024-07-06T11:18:48Z</time>
      </trkpt>
      <trkpt lat="22.196759" lon="113.307252">
        <ele>1.5</ele>
        <time>2024-07-06T11:18:49Z</time>
      </trkpt>
      <trkpt lat="22.196725" lon="113.307298">
        <ele>1.5</ele>
        <time>2024-07-06T11:18:50Z</time>
      </trkpt>
      <trkpt lat="22.196691" lon="113.307346">
        <ele>1.5</ele>
        <time>2024-07-06T11:18:51Z</time>
      </trkpt>
      <trkpt lat="22.196658" lon="113.307393">
        <ele>1.5</ele>
        <time>2024-07-06T11:18:52Z</time>
      </trkpt>
      <trkpt lat="22.196627" lon="113.307444">
        <ele>1.5</ele>
        <time>2024-07-06T11:18:53Z</time>
      </trkpt>
      <trkpt lat="22.196594" lon="113.307486">
        <ele>1.5</ele>
        <time>2024-07-06T11:18:54Z</time>
      </trkpt>
      <trkpt lat="22.196562" lon="113.307528">
        <ele>1.5</ele>
        <time>2024-07-06T11:18:55Z</time>
      </trkpt>
      <trkpt lat="22.196528" lon="113.307566">
        <ele>1.5</ele>
        <time>2024-07-06T11:18:56Z</time>
      </trkpt>
      <trkpt lat="22.196498" lon="113.307604">
        <ele>1.5</ele>
        <time>2024-07-06T11:18:57Z</time>
      </trkpt>
      <trkpt lat="22.196468" lon="113.307643">
        <ele>1.5</ele>
        <time>2024-07-06T11:18:58Z</time>
      </trkpt>
      <trkpt lat="22.196438" lon="113.30768">
        <ele>1.5</ele>
        <time>2024-07-06T11:18:59Z</time>
      </trkpt>
      <trkpt lat="22.1964" lon="113.307711">
        <ele>1.5</ele>
        <time>2024-07-06T11:19:00Z</time>
      </trkpt>
      <trkpt lat="22.196362" lon="113.307756">
        <ele>1.5</ele>
        <time>2024-07-06T11:19:01Z</time>
      </trkpt>
      <trkpt lat="22.196325" lon="113.307791">
        <ele>1.5</ele>
        <time>2024-07-06T11:19:02Z</time>
      </trkpt>
      <trkpt lat="22.196288" lon="113.307826">
        <ele>1.5</ele>
        <time>2024-07-06T11:19:03Z</time>
      </trkpt>
      <trkpt lat="22.196248" lon="113.307863">
        <ele>1.5</ele>
        <time>2024-07-06T11:19:04Z</time>
      </trkpt>
      <trkpt lat="22.196209" lon="113.307901">
        <ele>1.5</ele>
        <time>2024-07-06T11:19:05Z</time>
      </trkpt>
      <trkpt lat="22.196169" lon="113.30794">
        <ele>1.5</ele>
        <time>2024-07-06T11:19:06Z</time>
      </trkpt>
      <trkpt lat="22.196129" lon="113.307978">
        <ele>1.5</ele>
        <time>2024-07-06T11:19:07Z</time>
      </trkpt>
      <trkpt lat="22.196097" lon="113.308012">
        <ele>1.5</ele>
        <time>2024-07-06T11:19:08Z</time>
      </trkpt>
      <trkpt lat="22.196065" lon="113.308048">
        <ele>1.5</ele>
        <time>2024-07-06T11:19:09Z</time>
      </trkpt>
      <trkpt lat="22.196029" lon="113.308098">
        <ele>1.5</ele>
        <time>2024-07-06T11:19:10Z</time>
      </trkpt>
      <trkpt lat="22.195993" lon="113.308146">
        <ele>1.5</ele>
        <time>2024-07-06T11:19:11Z</time>
      </trkpt>
      <trkpt lat="22.195956" lon="113.308189">
        <ele>1.5</ele>
        <time>2024-07-06T11:19:12Z</time>
      </trkpt>
      <trkpt lat="22.19592" lon="113.308231">
        <ele>1.5</ele>
        <time>2024-07-06T11:19:13Z</time>
      </trkpt>
      <trkpt lat="22.195883" lon="113.308276">
        <ele>1.5</ele>
        <time>2024-07-06T11:19:14Z</time>
      </trkpt>
      <trkpt lat="22.195847" lon="113.308322">
        <ele>1.5</ele>
        <time>2024-07-06T11:19:15Z</time>
      </trkpt>
      <trkpt lat="22.195812" lon="113.308368">
        <ele>1.5</ele>
        <time>2024-07-06T11:19:16Z</time>
      </trkpt>
      <trkpt lat="22.195774" lon="113.308413">
        <ele>1.4</ele>
        <time>2024-07-06T11:19:17Z</time>
      </trkpt>
      <trkpt lat="22.195741" lon="113.30845">
        <ele>1.4</ele>
        <time>2024-07-06T11:19:18Z</time>
      </trkpt>
      <trkpt lat="22.195704" lon="113.308489">
        <ele>1.4</ele>
        <time>2024-07-06T11:19:19Z</time>
      </trkpt>
      <trkpt lat="22.195664" lon="113.308534">
        <ele>1.4</ele>
        <time>2024-07-06T11:19:20Z</time>
      </trkpt>
      <trkpt lat="22.195625" lon="113.308577">
        <ele>1.4</ele>
        <time>2024-07-06T11:19:21Z</time>
      </trkpt>
      <trkpt lat="22.195587" lon="113.30862">
        <ele>1.4</ele>
        <time>2024-07-06T11:19:22Z</time>
      </trkpt>
      <trkpt lat="22.195551" lon="113.308665">
        <ele>1.4</ele>
        <time>2024-07-06T11:19:23Z</time>
      </trkpt>
      <trkpt lat="22.195514" lon="113.308711">
        <ele>1.4</ele>
        <time>2024-07-06T11:19:24Z</time>
      </trkpt>
      <trkpt lat="22.195476" lon="113.308749">
        <ele>1.4</ele>
        <time>2024-07-06T11:19:25Z</time>
      </trkpt>
      <trkpt lat="22.195438" lon="113.308794">
        <ele>1.4</ele>
        <time>2024-07-06T11:19:26Z</time>
      </trkpt>
      <trkpt lat="22.195401" lon="113.308839">
        <ele>1.4</ele>
        <time>2024-07-06T11:19:27Z</time>
      </trkpt>
      <trkpt lat="22.19537" lon="113.30887">
        <ele>1.4</ele>
        <time>2024-07-06T11:19:28Z</time>
      </trkpt>
      <trkpt lat="22.195328" lon="113.308916">
        <ele>1.4</ele>
        <time>2024-07-06T11:19:29Z</time>
      </trkpt>
      <trkpt lat="22.195286" lon="113.308962">
        <ele>1.3</ele>
        <time>2024-07-06T11:19:30Z</time>
      </trkpt>
      <trkpt lat="22.195243" lon="113.309009">
        <ele>1.3</ele>
        <time>2024-07-06T11:19:31Z</time>
      </trkpt>
      <trkpt lat="22.195202" lon="113.309053">
        <ele>1.3</ele>
        <time>2024-07-06T11:19:32Z</time>
      </trkpt>
      <trkpt lat="22.195163" lon="113.309095">
        <ele>1.3</ele>
        <time>2024-07-06T11:19:33Z</time>
      </trkpt>
      <trkpt lat="22.195124" lon="113.309137">
        <ele>1.3</ele>
        <time>2024-07-06T11:19:34Z</time>
      </trkpt>
      <trkpt lat="22.19509" lon="113.309176">
        <ele>1.3</ele>
        <time>2024-07-06T11:19:35Z</time>
      </trkpt>
      <trkpt lat="22.195053" lon="113.309221">
        <ele>1.3</ele>
        <time>2024-07-06T11:19:36Z</time>
      </trkpt>
      <trkpt lat="22.195011" lon="113.309259">
        <ele>1.3</ele>
        <time>2024-07-06T11:19:37Z</time>
      </trkpt>
      <trkpt lat="22.194969" lon="113.309302">
        <ele>1.3</ele>
        <time>2024-07-06T11:19:38Z</time>
      </trkpt>
      <trkpt lat="22.194927" lon="113.309344">
        <ele>1.3</ele>
        <time>2024-07-06T11:19:39Z</time>
      </trkpt>
      <trkpt lat="22.194885" lon="113.309386">
        <ele>1.3</ele>
        <time>2024-07-06T11:19:40Z</time>
      </trkpt>
      <trkpt lat="22.194843" lon="113.309427">
        <ele>1.3</ele>
        <time>2024-07-06T11:19:41Z</time>
      </trkpt>
      <trkpt lat="22.194801" lon="113.309465">
        <ele>1.2</ele>
        <time>2024-07-06T11:19:42Z</time>
      </trkpt>
      <trkpt lat="22.194757" lon="113.309505">
        <ele>1.2</ele>
        <time>2024-07-06T11:19:43Z</time>
      </trkpt>
      <trkpt lat="22.194713" lon="113.309549">
        <ele>1.2</ele>
        <time>2024-07-06T11:19:44Z</time>
      </trkpt>
      <trkpt lat="22.19467" lon="113.309587">
        <ele>1.2</ele>
        <time>2024-07-06T11:19:45Z</time>
      </trkpt>
      <trkpt lat="22.194628" lon="113.309626">
        <ele>1.2</ele>
        <time>2024-07-06T11:19:46Z</time>
      </trkpt>
      <trkpt lat="22.19459" lon="113.309671">
        <ele>1.2</ele>
        <time>2024-07-06T11:19:47Z</time>
      </trkpt>
      <trkpt lat="22.194547" lon="113.309702">
        <ele>1.2</ele>
        <time>2024-07-06T11:19:48Z</time>
      </trkpt>
      <trkpt lat="22.194508" lon="113.30974">
        <ele>1.1</ele>
        <time>2024-07-06T11:19:49Z</time>
      </trkpt>
      <trkpt lat="22.194467" lon="113.309778">
        <ele>1.1</ele>
        <time>2024-07-06T11:19:50Z</time>
      </trkpt>
      <trkpt lat="22.194418" lon="113.309824">
        <ele>1.1</ele>
        <time>2024-07-06T11:19:51Z</time>
      </trkpt>
      <trkpt lat="22.194372" lon="113.309866">
        <ele>1.1</ele>
        <time>2024-07-06T11:19:52Z</time>
      </trkpt>
      <trkpt lat="22.194326" lon="113.309908">
        <ele>1</ele>
        <time>2024-07-06T11:19:53Z</time>
      </trkpt>
      <trkpt lat="22.194288" lon="113.309945">
        <ele>1</ele>
        <time>2024-07-06T11:19:54Z</time>
      </trkpt>
      <trkpt lat="22.194246" lon="113.309977">
        <ele>1</ele>
        <time>2024-07-06T11:19:55Z</time>
      </trkpt>
      <trkpt lat="22.1942" lon="113.310016">
        <ele>1</ele>
        <time>2024-07-06T11:19:56Z</time>
      </trkpt>
      <trkpt lat="22.194153" lon="113.31006">
        <ele>1</ele>
        <time>2024-07-06T11:19:57Z</time>
      </trkpt>
      <trkpt lat="22.194111" lon="113.310091">
        <ele>0.9</ele>
        <time>2024-07-06T11:19:58Z</time>
      </trkpt>
      <trkpt lat="22.194061" lon="113.310136">
        <ele>0.9</ele>
        <time>2024-07-06T11:19:59Z</time>
      </trkpt>
      <trkpt lat="22.194013" lon="113.310167">
        <ele>0.9</ele>
        <time>2024-07-06T11:20:00Z</time>
      </trkpt>
      <trkpt lat="22.19397" lon="113.310197">
        <ele>0.9</ele>
        <time>2024-07-06T11:20:01Z</time>
      </trkpt>
      <trkpt lat="22.19393" lon="113.310228">
        <ele>0.8</ele>
        <time>2024-07-06T11:20:02Z</time>
      </trkpt>
      <trkpt lat="22.193885" lon="113.310259">
        <ele>0.8</ele>
        <time>2024-07-06T11:20:03Z</time>
      </trkpt>
      <trkpt lat="22.193846" lon="113.310298">
        <ele>0.8</ele>
        <time>2024-07-06T11:20:04Z</time>
      </trkpt>
      <trkpt lat="22.193807" lon="113.310328">
        <ele>0.8</ele>
        <time>2024-07-06T11:20:05Z</time>
      </trkpt>
      <trkpt lat="22.193764" lon="113.310365">
        <ele>0.8</ele>
        <time>2024-07-06T11:20:06Z</time>
      </trkpt>
      <trkpt lat="22.193725" lon="113.310404">
        <ele>0.7</ele>
        <time>2024-07-06T11:20:07Z</time>
      </trkpt>
      <trkpt lat="22.193684" lon="113.310435">
        <ele>0.7</ele>
        <time>2024-07-06T11:20:08Z</time>
      </trkpt>
      <trkpt lat="22.193641" lon="113.310465">
        <ele>0.7</ele>
        <time>2024-07-06T11:20:09Z</time>
      </trkpt>
      <trkpt lat="22.193597" lon="113.310503">
        <ele>0.7</ele>
        <time>2024-07-06T11:20:10Z</time>
      </trkpt>
      <trkpt lat="22.193553" lon="113.310534">
        <ele>0.6</ele>
        <time>2024-07-06T11:20:11Z</time>
      </trkpt>
      <trkpt lat="22.193509" lon="113.310565">
        <ele>0.6</ele>
        <time>2024-07-06T11:20:12Z</time>
      </trkpt>
      <trkpt lat="22.193463" lon="113.310602">
        <ele>0.6</ele>
        <time>2024-07-06T11:20:13Z</time>
      </trkpt>
      <trkpt lat="22.193416" lon="113.310632">
        <ele>0.6</ele>
        <time>2024-07-06T11:20:14Z</time>
      </trkpt>
      <trkpt lat="22.193376" lon="113.310656">
        <ele>0.6</ele>
        <time>2024-07-06T11:20:15Z</time>
      </trkpt>
      <trkpt lat="22.193328" lon="113.310686">
        <ele>0.5</ele>
        <time>2024-07-06T11:20:16Z</time>
      </trkpt>
      <trkpt lat="22.193282" lon="113.310725">
        <ele>0.5</ele>
        <time>2024-07-06T11:20:17Z</time>
      </trkpt>
      <trkpt lat="22.193233" lon="113.310762">
        <ele>0.5</ele>
        <time>2024-07-06T11:20:18Z</time>
      </trkpt>
      <trkpt lat="22.193185" lon="113.310793">
        <ele>0.5</ele>
        <time>2024-07-06T11:20:19Z</time>
      </trkpt>
      <trkpt lat="22.19314" lon="113.310824">
        <ele>0.5</ele>
        <time>2024-07-06T11:20:20Z</time>
      </trkpt>
      <trkpt lat="22.193091" lon="113.310856">
        <ele>0.5</ele>
        <time>2024-07-06T11:20:21Z</time>
      </trkpt>
      <trkpt lat="22.193048" lon="113.310884">
        <ele>0.5</ele>
        <time>2024-07-06T11:20:22Z</time>
      </trkpt>
      <trkpt lat="22.193003" lon="113.310914">
        <ele>0.5</ele>
        <time>2024-07-06T11:20:23Z</time>
      </trkpt>
      <trkpt lat="22.19296" lon="113.310945">
        <ele>0.5</ele>
        <time>2024-07-06T11:20:24Z</time>
      </trkpt>
      <trkpt lat="22.192916" lon="113.310968">
        <ele>0.5</ele>
        <time>2024-07-06T11:20:25Z</time>
      </trkpt>
      <trkpt lat="22.192873" lon="113.311">
        <ele>0.5</ele>
        <time>2024-07-06T11:20:26Z</time>
      </trkpt>
      <trkpt lat="22.192834" lon="113.311029">
        <ele>0.5</ele>
        <time>2024-07-06T11:20:27Z</time>
      </trkpt>
      <trkpt lat="22.192799" lon="113.311044">
        <ele>0.5</ele>
        <time>2024-07-06T11:20:28Z</time>
      </trkpt>
      <trkpt lat="22.19276" lon="113.311067">
        <ele>0.5</ele>
        <time>2024-07-06T11:20:29Z</time>
      </trkpt>
      <trkpt lat="22.192715" lon="113.311098">
        <ele>0.5</ele>
        <time>2024-07-06T11:20:30Z</time>
      </trkpt>
      <trkpt lat="22.19267" lon="113.311129">
        <ele>0.4</ele>
        <time>2024-07-06T11:20:31Z</time>
      </trkpt>
      <trkpt lat="22.192626" lon="113.31116">
        <ele>0.4</ele>
        <time>2024-07-06T11:20:32Z</time>
      </trkpt>
      <trkpt lat="22.192587" lon="113.311189">
        <ele>0.4</ele>
        <time>2024-07-06T11:20:33Z</time>
      </trkpt>
      <trkpt lat="22.192547" lon="113.311212">
        <ele>0.4</ele>
        <time>2024-07-06T11:20:34Z</time>
      </trkpt>
      <trkpt lat="22.192505" lon="113.311242">
        <ele>0.4</ele>
        <time>2024-07-06T11:20:35Z</time>
      </trkpt>
      <trkpt lat="22.192462" lon="113.311264">
        <ele>0.4</ele>
        <time>2024-07-06T11:20:36Z</time>
      </trkpt>
      <trkpt lat="22.19242" lon="113.311281">
        <ele>0.4</ele>
        <time>2024-07-06T11:20:37Z</time>
      </trkpt>
      <trkpt lat="22.192379" lon="113.311304">
        <ele>0.4</ele>
        <time>2024-07-06T11:20:38Z</time>
      </trkpt>
      <trkpt lat="22.192341" lon="113.311327">
        <ele>0.4</ele>
        <time>2024-07-06T11:20:39Z</time>
      </trkpt>
      <trkpt lat="22.192305" lon="113.311357">
        <ele>0.4</ele>
        <time>2024-07-06T11:20:40Z</time>
      </trkpt>
      <trkpt lat="22.192264" lon="113.31138">
        <ele>0.4</ele>
        <time>2024-07-06T11:20:41Z</time>
      </trkpt>
      <trkpt lat="22.192216" lon="113.31141">
        <ele>0.4</ele>
        <time>2024-07-06T11:20:42Z</time>
      </trkpt>
      <trkpt lat="22.192175" lon="113.311433">
        <ele>0.4</ele>
        <time>2024-07-06T11:20:43Z</time>
      </trkpt>
      <trkpt lat="22.192125" lon="113.311464">
        <ele>0.4</ele>
        <time>2024-07-06T11:20:44Z</time>
      </trkpt>
      <trkpt lat="22.192083" lon="113.311486">
        <ele>0.4</ele>
        <time>2024-07-06T11:20:45Z</time>
      </trkpt>
      <trkpt lat="22.192041" lon="113.31151">
        <ele>0.4</ele>
        <time>2024-07-06T11:20:46Z</time>
      </trkpt>
      <trkpt lat="22.191999" lon="113.31154">
        <ele>0.4</ele>
        <time>2024-07-06T11:20:47Z</time>
      </trkpt>
      <trkpt lat="22.191956" lon="113.311562">
        <ele>0.4</ele>
        <time>2024-07-06T11:20:48Z</time>
      </trkpt>
      <trkpt lat="22.191908" lon="113.311586">
        <ele>0.4</ele>
        <time>2024-07-06T11:20:49Z</time>
      </trkpt>
      <trkpt lat="22.191861" lon="113.311609">
        <ele>0.4</ele>
        <time>2024-07-06T11:20:50Z</time>
      </trkpt>
      <trkpt lat="22.191821" lon="113.311631">
        <ele>0.4</ele>
        <time>2024-07-06T11:20:51Z</time>
      </trkpt>
      <trkpt lat="22.191778" lon="113.311655">
        <ele>0.4</ele>
        <time>2024-07-06T11:20:52Z</time>
      </trkpt>
      <trkpt lat="22.191737" lon="113.311684">
        <ele>0.4</ele>
        <time>2024-07-06T11:20:53Z</time>
      </trkpt>
      <trkpt lat="22.191698" lon="113.311708">
        <ele>0.4</ele>
        <time>2024-07-06T11:20:54Z</time>
      </trkpt>
      <trkpt lat="22.191658" lon="113.31173">
        <ele>0.4</ele>
        <time>2024-07-06T11:20:55Z</time>
      </trkpt>
      <trkpt lat="22.191616" lon="113.311753">
        <ele>0.4</ele>
        <time>2024-07-06T11:20:56Z</time>
      </trkpt>
      <trkpt lat="22.191573" lon="113.311768">
        <ele>0.4</ele>
        <time>2024-07-06T11:20:57Z</time>
      </trkpt>
      <trkpt lat="22.191528" lon="113.311792">
        <ele>0.4</ele>
        <time>2024-07-06T11:20:58Z</time>
      </trkpt>
      <trkpt lat="22.191486" lon="113.311815">
        <ele>0.4</ele>
        <time>2024-07-06T11:20:59Z</time>
      </trkpt>
      <trkpt lat="22.19144" lon="113.311845">
        <ele>0.3</ele>
        <time>2024-07-06T11:21:00Z</time>
      </trkpt>
      <trkpt lat="22.191397" lon="113.311867">
        <ele>0.3</ele>
        <time>2024-07-06T11:21:01Z</time>
      </trkpt>
      <trkpt lat="22.191352" lon="113.311891">
        <ele>0.3</ele>
        <time>2024-07-06T11:21:02Z</time>
      </trkpt>
      <trkpt lat="22.191303" lon="113.311922">
        <ele>0.3</ele>
        <time>2024-07-06T11:21:03Z</time>
      </trkpt>
      <trkpt lat="22.191256" lon="113.311944">
        <ele>0.3</ele>
        <time>2024-07-06T11:21:04Z</time>
      </trkpt>
      <trkpt lat="22.191208" lon="113.311967">
        <ele>0.3</ele>
        <time>2024-07-06T11:21:05Z</time>
      </trkpt>
      <trkpt lat="22.191165" lon="113.31199">
        <ele>0.3</ele>
        <time>2024-07-06T11:21:06Z</time>
      </trkpt>
      <trkpt lat="22.191126" lon="113.312013">
        <ele>0.3</ele>
        <time>2024-07-06T11:21:07Z</time>
      </trkpt>
      <trkpt lat="22.191087" lon="113.312035">
        <ele>0.3</ele>
        <time>2024-07-06T11:21:08Z</time>
      </trkpt>
      <trkpt lat="22.19105" lon="113.312058">
        <ele>0.2</ele>
        <time>2024-07-06T11:21:09Z</time>
      </trkpt>
      <trkpt lat="22.191018" lon="113.312073">
        <ele>0.2</ele>
        <time>2024-07-06T11:21:10Z</time>
      </trkpt>
      <trkpt lat="22.190984" lon="113.312089">
        <ele>0.2</ele>
        <time>2024-07-06T11:21:11Z</time>
      </trkpt>
      <trkpt lat="22.190949" lon="113.312112">
        <ele>0.2</ele>
        <time>2024-07-06T11:21:12Z</time>
      </trkpt>
      <trkpt lat="22.190913" lon="113.312135">
        <ele>0.2</ele>
        <time>2024-07-06T11:21:13Z</time>
      </trkpt>
      <trkpt lat="22.190874" lon="113.312159">
        <ele>0.2</ele>
        <time>2024-07-06T11:21:14Z</time>
      </trkpt>
      <trkpt lat="22.190847" lon="113.312173">
        <ele>0.2</ele>
        <time>2024-07-06T11:21:15Z</time>
      </trkpt>
      <trkpt lat="22.190818" lon="113.312188">
        <ele>0.2</ele>
        <time>2024-07-06T11:21:16Z</time>
      </trkpt>
      <trkpt lat="22.190789" lon="113.312204">
        <ele>0.2</ele>
        <time>2024-07-06T11:21:17Z</time>
      </trkpt>
      <trkpt lat="22.190762" lon="113.312226">
        <ele>0.2</ele>
        <time>2024-07-06T11:21:18Z</time>
      </trkpt>
      <trkpt lat="22.190743" lon="113.312243">
        <ele>0.2</ele>
        <time>2024-07-06T11:21:19Z</time>
      </trkpt>
      <trkpt lat="22.19073" lon="113.312272">
        <ele>0.2</ele>
        <time>2024-07-06T11:21:20Z</time>
      </trkpt>
      <trkpt lat="22.190707" lon="113.312295">
        <ele>0.2</ele>
        <time>2024-07-06T11:21:21Z</time>
      </trkpt>
      <trkpt lat="22.190678" lon="113.312302">
        <ele>0.2</ele>
        <time>2024-07-06T11:21:22Z</time>
      </trkpt>
      <trkpt lat="22.190649" lon="113.31231">
        <ele>0.2</ele>
        <time>2024-07-06T11:21:23Z</time>
      </trkpt>
      <trkpt lat="22.190617" lon="113.312318">
        <ele>0.1</ele>
        <time>2024-07-06T11:21:24Z</time>
      </trkpt>
      <trkpt lat="22.190585" lon="113.312332">
        <ele>0.1</ele>
        <time>2024-07-06T11:21:25Z</time>
      </trkpt>
      <trkpt lat="22.190553" lon="113.31234">
        <ele>0.1</ele>
        <time>2024-07-06T11:21:26Z</time>
      </trkpt>
      <trkpt lat="22.19052" lon="113.312348">
        <ele>0.1</ele>
        <time>2024-07-06T11:21:27Z</time>
      </trkpt>
      <trkpt lat="22.190487" lon="113.312356">
        <ele>0.1</ele>
        <time>2024-07-06T11:21:28Z</time>
      </trkpt>
      <trkpt lat="22.190455" lon="113.312371">
        <ele>0.1</ele>
        <time>2024-07-06T11:21:29Z</time>
      </trkpt>
      <trkpt lat="22.190424" lon="113.312379">
        <ele>0.1</ele>
        <time>2024-07-06T11:21:30Z</time>
      </trkpt>
      <trkpt lat="22.190388" lon="113.312394">
        <ele>0.1</ele>
        <time>2024-07-06T11:21:31Z</time>
      </trkpt>
      <trkpt lat="22.190356" lon="113.312401">
        <ele>0.1</ele>
        <time>2024-07-06T11:21:32Z</time>
      </trkpt>
      <trkpt lat="22.190323" lon="113.312417">
        <ele>0.1</ele>
        <time>2024-07-06T11:21:33Z</time>
      </trkpt>
      <trkpt lat="22.190294" lon="113.312432">
        <ele>0.1</ele>
        <time>2024-07-06T11:21:34Z</time>
      </trkpt>
      <trkpt lat="22.190263" lon="113.312447">
        <ele>0.1</ele>
        <time>2024-07-06T11:21:35Z</time>
      </trkpt>
      <trkpt lat="22.190233" lon="113.312455">
        <ele>0.1</ele>
        <time>2024-07-06T11:21:36Z</time>
      </trkpt>
      <trkpt lat="22.1902" lon="113.31247">
        <ele>0.1</ele>
        <time>2024-07-06T11:21:37Z</time>
      </trkpt>
      <trkpt lat="22.190165" lon="113.312478">
        <ele>0</ele>
        <time>2024-07-06T11:21:38Z</time>
      </trkpt>
      <trkpt lat="22.190134" lon="113.312493">
        <ele>0</ele>
        <time>2024-07-06T11:21:39Z</time>
      </trkpt>
      <trkpt lat="22.190104" lon="113.312509">
        <ele>0</ele>
        <time>2024-07-06T11:21:40Z</time>
      </trkpt>
      <trkpt lat="22.190071" lon="113.312532">
        <ele>0</ele>
        <time>2024-07-06T11:21:41Z</time>
      </trkpt>
      <trkpt lat="22.190032" lon="113.312554">
        <ele>0</ele>
        <time>2024-07-06T11:21:42Z</time>
      </trkpt>
      <trkpt lat="22.190001" lon="113.312569">
        <ele>0</ele>
        <time>2024-07-06T11:21:43Z</time>
      </trkpt>
      <trkpt lat="22.189969" lon="113.312585">
        <ele>0</ele>
        <time>2024-07-06T11:21:44Z</time>
      </trkpt>
      <trkpt lat="22.18994" lon="113.3126">
        <ele>0.1</ele>
        <time>2024-07-06T11:21:45Z</time>
      </trkpt>
      <trkpt lat="22.189906" lon="113.312623">
        <ele>0.1</ele>
        <time>2024-07-06T11:21:46Z</time>
      </trkpt>
      <trkpt lat="22.189871" lon="113.312638">
        <ele>0.1</ele>
        <time>2024-07-06T11:21:47Z</time>
      </trkpt>
      <trkpt lat="22.189837" lon="113.312653">
        <ele>0.1</ele>
        <time>2024-07-06T11:21:48Z</time>
      </trkpt>
      <trkpt lat="22.189805" lon="113.312669">
        <ele>0.1</ele>
        <time>2024-07-06T11:21:49Z</time>
      </trkpt>
      <trkpt lat="22.189774" lon="113.312691">
        <ele>0.1</ele>
        <time>2024-07-06T11:21:50Z</time>
      </trkpt>
      <trkpt lat="22.189743" lon="113.3127">
        <ele>0.1</ele>
        <time>2024-07-06T11:21:51Z</time>
      </trkpt>
      <trkpt lat="22.18972" lon="113.312723">
        <ele>0.2</ele>
        <time>2024-07-06T11:21:52Z</time>
      </trkpt>
      <trkpt lat="22.189713" lon="113.312746">
        <ele>0.2</ele>
        <time>2024-07-06T11:21:53Z</time>
      </trkpt>
      <trkpt lat="22.189725" lon="113.312777">
        <ele>0.2</ele>
        <time>2024-07-06T11:21:54Z</time>
      </trkpt>
      <trkpt lat="22.189739" lon="113.312814">
        <ele>0.2</ele>
        <time>2024-07-06T11:21:55Z</time>
      </trkpt>
      <trkpt lat="22.189738" lon="113.312844">
        <ele>0.2</ele>
        <time>2024-07-06T11:21:56Z</time>
      </trkpt>
      <trkpt lat="22.189722" lon="113.312866">
        <ele>0.2</ele>
        <time>2024-07-06T11:21:57Z</time>
      </trkpt>
      <trkpt lat="22.189694" lon="113.312874">
        <ele>0.2</ele>
        <time>2024-07-06T11:21:58Z</time>
      </trkpt>
      <trkpt lat="22.189661" lon="113.312883">
        <ele>0.2</ele>
        <time>2024-07-06T11:21:59Z</time>
      </trkpt>
      <trkpt lat="22.189624" lon="113.312905">
        <ele>0.2</ele>
        <time>2024-07-06T11:22:00Z</time>
      </trkpt>
      <trkpt lat="22.189584" lon="113.312912">
        <ele>0.3</ele>
        <time>2024-07-06T11:22:01Z</time>
      </trkpt>
      <trkpt lat="22.189545" lon="113.312912">
        <ele>0.3</ele>
        <time>2024-07-06T11:22:02Z</time>
      </trkpt>
      <trkpt lat="22.189503" lon="113.312913">
        <ele>0.3</ele>
        <time>2024-07-06T11:22:03Z</time>
      </trkpt>
      <trkpt lat="22.189461" lon="113.312928">
        <ele>0.3</ele>
        <time>2024-07-06T11:22:04Z</time>
      </trkpt>
      <trkpt lat="22.189422" lon="113.312936">
        <ele>0.3</ele>
        <time>2024-07-06T11:22:05Z</time>
      </trkpt>
      <trkpt lat="22.189385" lon="113.312951">
        <ele>0.3</ele>
        <time>2024-07-06T11:22:06Z</time>
      </trkpt>
      <trkpt lat="22.189345" lon="113.312966">
        <ele>0.4</ele>
        <time>2024-07-06T11:22:07Z</time>
      </trkpt>
      <trkpt lat="22.189306" lon="113.312974">
        <ele>0.4</ele>
        <time>2024-07-06T11:22:08Z</time>
      </trkpt>
      <trkpt lat="22.189269" lon="113.312989">
        <ele>0.4</ele>
        <time>2024-07-06T11:22:09Z</time>
      </trkpt>
      <trkpt lat="22.18923" lon="113.312996">
        <ele>0.4</ele>
        <time>2024-07-06T11:22:10Z</time>
      </trkpt>
      <trkpt lat="22.189191" lon="113.313004">
        <ele>0.4</ele>
        <time>2024-07-06T11:22:11Z</time>
      </trkpt>
      <trkpt lat="22.18915" lon="113.313012">
        <ele>0.4</ele>
        <time>2024-07-06T11:22:12Z</time>
      </trkpt>
      <trkpt lat="22.189109" lon="113.31302">
        <ele>0.4</ele>
        <time>2024-07-06T11:22:13Z</time>
      </trkpt>
      <trkpt lat="22.189066" lon="113.313035">
        <ele>0.5</ele>
        <time>2024-07-06T11:22:14Z</time>
      </trkpt>
      <trkpt lat="22.189028" lon="113.31305">
        <ele>0.5</ele>
        <time>2024-07-06T11:22:15Z</time>
      </trkpt>
      <trkpt lat="22.18899" lon="113.313065">
        <ele>0.5</ele>
        <time>2024-07-06T11:22:16Z</time>
      </trkpt>
      <trkpt lat="22.188951" lon="113.313073">
        <ele>0.5</ele>
        <time>2024-07-06T11:22:17Z</time>
      </trkpt>
      <trkpt lat="22.188908" lon="113.313088">
        <ele>0.5</ele>
        <time>2024-07-06T11:22:18Z</time>
      </trkpt>
      <trkpt lat="22.188866" lon="113.313096">
        <ele>0.5</ele>
        <time>2024-07-06T11:22:19Z</time>
      </trkpt>
      <trkpt lat="22.188821" lon="113.31311">
        <ele>0.6</ele>
        <time>2024-07-06T11:22:20Z</time>
      </trkpt>
      <trkpt lat="22.188779" lon="113.313111">
        <ele>0.6</ele>
        <time>2024-07-06T11:22:21Z</time>
      </trkpt>
      <trkpt lat="22.188737" lon="113.313118">
        <ele>0.6</ele>
        <time>2024-07-06T11:22:22Z</time>
      </trkpt>
      <trkpt lat="22.188698" lon="113.313126">
        <ele>0.6</ele>
        <time>2024-07-06T11:22:23Z</time>
      </trkpt>
      <trkpt lat="22.188658" lon="113.313126">
        <ele>0.6</ele>
        <time>2024-07-06T11:22:24Z</time>
      </trkpt>
      <trkpt lat="22.188615" lon="113.313134">
        <ele>0.6</ele>
        <time>2024-07-06T11:22:25Z</time>
      </trkpt>
      <trkpt lat="22.188573" lon="113.313141">
        <ele>0.6</ele>
        <time>2024-07-06T11:22:26Z</time>
      </trkpt>
      <trkpt lat="22.188528" lon="113.313149">
        <ele>0.7</ele>
        <time>2024-07-06T11:22:27Z</time>
      </trkpt>
      <trkpt lat="22.188482" lon="113.313156">
        <ele>0.7</ele>
        <time>2024-07-06T11:22:28Z</time>
      </trkpt>
      <trkpt lat="22.18844" lon="113.313156">
        <ele>0.7</ele>
        <time>2024-07-06T11:22:29Z</time>
      </trkpt>
      <trkpt lat="22.188397" lon="113.313156">
        <ele>0.6</ele>
        <time>2024-07-06T11:22:30Z</time>
      </trkpt>
      <trkpt lat="22.188358" lon="113.313156">
        <ele>0.6</ele>
        <time>2024-07-06T11:22:31Z</time>
      </trkpt>
      <trkpt lat="22.188321" lon="113.313156">
        <ele>0.6</ele>
        <time>2024-07-06T11:22:32Z</time>
      </trkpt>
      <trkpt lat="22.18829" lon="113.313156">
        <ele>0.6</ele>
        <time>2024-07-06T11:22:33Z</time>
      </trkpt>
      <trkpt lat="22.188253" lon="113.313156">
        <ele>0.6</ele>
        <time>2024-07-06T11:22:34Z</time>
      </trkpt>
      <trkpt lat="22.18822" lon="113.313139">
        <ele>0.5</ele>
        <time>2024-07-06T11:22:35Z</time>
      </trkpt>
      <trkpt lat="22.188198" lon="113.313109">
        <ele>0.5</ele>
        <time>2024-07-06T11:22:36Z</time>
      </trkpt>
      <trkpt lat="22.188183" lon="113.313079">
        <ele>0.5</ele>
        <time>2024-07-06T11:22:37Z</time>
      </trkpt>
      <trkpt lat="22.188168" lon="113.313057">
        <ele>0.5</ele>
        <time>2024-07-06T11:22:38Z</time>
      </trkpt>
      <trkpt lat="22.188148" lon="113.313042">
        <ele>0.5</ele>
        <time>2024-07-06T11:22:39Z</time>
      </trkpt>
      <trkpt lat="22.188131" lon="113.31303">
        <ele>0.5</ele>
        <time>2024-07-06T11:22:40Z</time>
      </trkpt>
      <trkpt lat="22.188114" lon="113.313019">
        <ele>0.4</ele>
        <time>2024-07-06T11:22:41Z</time>
      </trkpt>
      <trkpt lat="22.188093" lon="113.313019">
        <ele>0.4</ele>
        <time>2024-07-06T11:22:42Z</time>
      </trkpt>
      <trkpt lat="22.188057" lon="113.313019">
        <ele>0.4</ele>
        <time>2024-07-06T11:22:43Z</time>
      </trkpt>
      <trkpt lat="22.18802" lon="113.313027">
        <ele>0.4</ele>
        <time>2024-07-06T11:22:44Z</time>
      </trkpt>
      <trkpt lat="22.18799" lon="113.313034">
        <ele>0.4</ele>
        <time>2024-07-06T11:22:45Z</time>
      </trkpt>
      <trkpt lat="22.187952" lon="113.31308">
        <ele>0.3</ele>
        <time>2024-07-06T11:22:46Z</time>
      </trkpt>
      <trkpt lat="22.18793" lon="113.313125">
        <ele>0.3</ele>
        <time>2024-07-06T11:22:47Z</time>
      </trkpt>
      <trkpt lat="22.187907" lon="113.313141">
        <ele>0.3</ele>
        <time>2024-07-06T11:22:48Z</time>
      </trkpt>
      <trkpt lat="22.187874" lon="113.313141">
        <ele>0.3</ele>
        <time>2024-07-06T11:22:49Z</time>
      </trkpt>
      <trkpt lat="22.187834" lon="113.313148">
        <ele>0.2</ele>
        <time>2024-07-06T11:22:50Z</time>
      </trkpt>
      <trkpt lat="22.187795" lon="113.313148">
        <ele>0.2</ele>
        <time>2024-07-06T11:22:51Z</time>
      </trkpt>
      <trkpt lat="22.187756" lon="113.313148">
        <ele>0.2</ele>
        <time>2024-07-06T11:22:52Z</time>
      </trkpt>
      <trkpt lat="22.187718" lon="113.313148">
        <ele>0.2</ele>
        <time>2024-07-06T11:22:53Z</time>
      </trkpt>
      <trkpt lat="22.187676" lon="113.313148">
        <ele>0.1</ele>
        <time>2024-07-06T11:22:54Z</time>
      </trkpt>
      <trkpt lat="22.187637" lon="113.313156">
        <ele>0.1</ele>
        <time>2024-07-06T11:22:55Z</time>
      </trkpt>
      <trkpt lat="22.187602" lon="113.313156">
        <ele>0.1</ele>
        <time>2024-07-06T11:22:56Z</time>
      </trkpt>
      <trkpt lat="22.187565" lon="113.313157">
        <ele>0.1</ele>
        <time>2024-07-06T11:22:57Z</time>
      </trkpt>
      <trkpt lat="22.187526" lon="113.313164">
        <ele>0</ele>
        <time>2024-07-06T11:22:58Z</time>
      </trkpt>
      <trkpt lat="22.187492" lon="113.313164">
        <ele>0</ele>
        <time>2024-07-06T11:22:59Z</time>
      </trkpt>
      <trkpt lat="22.187455" lon="113.313164">
        <ele>0</ele>
        <time>2024-07-06T11:23:00Z</time>
      </trkpt>
      <trkpt lat="22.187414" lon="113.313164">
        <ele>0</ele>
        <time>2024-07-06T11:23:01Z</time>
      </trkpt>
      <trkpt lat="22.187376" lon="113.313164">
        <ele>0</ele>
        <time>2024-07-06T11:23:02Z</time>
      </trkpt>
      <trkpt lat="22.187338" lon="113.313164">
        <ele>-0.1</ele>
        <time>2024-07-06T11:23:03Z</time>
      </trkpt>
      <trkpt lat="22.187306" lon="113.313164">
        <ele>-0.1</ele>
        <time>2024-07-06T11:23:04Z</time>
      </trkpt>
      <trkpt lat="22.187269" lon="113.313164">
        <ele>-0.1</ele>
        <time>2024-07-06T11:23:05Z</time>
      </trkpt>
      <trkpt lat="22.187229" lon="113.313164">
        <ele>-0.1</ele>
        <time>2024-07-06T11:23:06Z</time>
      </trkpt>
      <trkpt lat="22.187191" lon="113.313164">
        <ele>-0.2</ele>
        <time>2024-07-06T11:23:07Z</time>
      </trkpt>
      <trkpt lat="22.187151" lon="113.313164">
        <ele>-0.2</ele>
        <time>2024-07-06T11:23:08Z</time>
      </trkpt>
      <trkpt lat="22.187114" lon="113.313164">
        <ele>-0.2</ele>
        <time>2024-07-06T11:23:09Z</time>
      </trkpt>
      <trkpt lat="22.187075" lon="113.313164">
        <ele>-0.2</ele>
        <time>2024-07-06T11:23:10Z</time>
      </trkpt>
      <trkpt lat="22.187039" lon="113.313164">
        <ele>-0.2</ele>
        <time>2024-07-06T11:23:11Z</time>
      </trkpt>
      <trkpt lat="22.187002" lon="113.313163">
        <ele>-0.3</ele>
        <time>2024-07-06T11:23:12Z</time>
      </trkpt>
      <trkpt lat="22.186968" lon="113.313156">
        <ele>-0.3</ele>
        <time>2024-07-06T11:23:13Z</time>
      </trkpt>
      <trkpt lat="22.186938" lon="113.313156">
        <ele>-0.3</ele>
        <time>2024-07-06T11:23:14Z</time>
      </trkpt>
      <trkpt lat="22.186906" lon="113.313156">
        <ele>-0.3</ele>
        <time>2024-07-06T11:23:15Z</time>
      </trkpt>
      <trkpt lat="22.186873" lon="113.313156">
        <ele>-0.4</ele>
        <time>2024-07-06T11:23:16Z</time>
      </trkpt>
      <trkpt lat="22.186836" lon="113.313164">
        <ele>-0.4</ele>
        <time>2024-07-06T11:23:17Z</time>
      </trkpt>
      <trkpt lat="22.186797" lon="113.313164">
        <ele>-0.4</ele>
        <time>2024-07-06T11:23:18Z</time>
      </trkpt>
      <trkpt lat="22.186754" lon="113.313164">
        <ele>-0.4</ele>
        <time>2024-07-06T11:23:19Z</time>
      </trkpt>
      <trkpt lat="22.186714" lon="113.313164">
        <ele>-0.4</ele>
        <time>2024-07-06T11:23:20Z</time>
      </trkpt>
      <trkpt lat="22.18667" lon="113.313164">
        <ele>-0.4</ele>
        <time>2024-07-06T11:23:21Z</time>
      </trkpt>
      <trkpt lat="22.186631" lon="113.313164">
        <ele>-0.4</ele>
        <time>2024-07-06T11:23:22Z</time>
      </trkpt>
      <trkpt lat="22.186586" lon="113.313171">
        <ele>-0.4</ele>
        <time>2024-07-06T11:23:23Z</time>
      </trkpt>
      <trkpt lat="22.186545" lon="113.313171">
        <ele>-0.5</ele>
        <time>2024-07-06T11:23:24Z</time>
      </trkpt>
      <trkpt lat="22.186508" lon="113.313171">
        <ele>-0.5</ele>
        <time>2024-07-06T11:23:25Z</time>
      </trkpt>
      <trkpt lat="22.18647" lon="113.313171">
        <ele>-0.5</ele>
        <time>2024-07-06T11:23:26Z</time>
      </trkpt>
      <trkpt lat="22.186432" lon="113.313171">
        <ele>-0.5</ele>
        <time>2024-07-06T11:23:27Z</time>
      </trkpt>
      <trkpt lat="22.186392" lon="113.313171">
        <ele>-0.5</ele>
        <time>2024-07-06T11:23:28Z</time>
      </trkpt>
      <trkpt lat="22.186352" lon="113.313171">
        <ele>-0.5</ele>
        <time>2024-07-06T11:23:29Z</time>
      </trkpt>
      <trkpt lat="22.186317" lon="113.313155">
        <ele>-0.5</ele>
        <time>2024-07-06T11:23:30Z</time>
      </trkpt>
      <trkpt lat="22.186281" lon="113.313133">
        <ele>-0.5</ele>
        <time>2024-07-06T11:23:31Z</time>
      </trkpt>
      <trkpt lat="22.186243" lon="113.313126">
        <ele>-0.5</ele>
        <time>2024-07-06T11:23:32Z</time>
      </trkpt>
      <trkpt lat="22.186203" lon="113.313126">
        <ele>-0.5</ele>
        <time>2024-07-06T11:23:33Z</time>
      </trkpt>
      <trkpt lat="22.186165" lon="113.313126">
        <ele>-0.5</ele>
        <time>2024-07-06T11:23:34Z</time>
      </trkpt>
      <trkpt lat="22.186127" lon="113.313126">
        <ele>-0.5</ele>
        <time>2024-07-06T11:23:35Z</time>
      </trkpt>
      <trkpt lat="22.186091" lon="113.313126">
        <ele>-0.6</ele>
        <time>2024-07-06T11:23:36Z</time>
      </trkpt>
      <trkpt lat="22.186054" lon="113.313126">
        <ele>-0.6</ele>
        <time>2024-07-06T11:23:37Z</time>
      </trkpt>
      <trkpt lat="22.18602" lon="113.313126">
        <ele>-0.6</ele>
        <time>2024-07-06T11:23:38Z</time>
      </trkpt>
      <trkpt lat="22.185986" lon="113.313126">
        <ele>-0.6</ele>
        <time>2024-07-06T11:23:39Z</time>
      </trkpt>
      <trkpt lat="22.18595" lon="113.313142">
        <ele>-0.6</ele>
        <time>2024-07-06T11:23:40Z</time>
      </trkpt>
      <trkpt lat="22.185917" lon="113.313165">
        <ele>-0.6</ele>
        <time>2024-07-06T11:23:41Z</time>
      </trkpt>
      <trkpt lat="22.185881" lon="113.313179">
        <ele>-0.6</ele>
        <time>2024-07-06T11:23:42Z</time>
      </trkpt>
      <trkpt lat="22.185844" lon="113.313171">
        <ele>-0.6</ele>
        <time>2024-07-06T11:23:43Z</time>
      </trkpt>
      <trkpt lat="22.185804" lon="113.313164">
        <ele>-0.6</ele>
        <time>2024-07-06T11:23:44Z</time>
      </trkpt>
      <trkpt lat="22.185764" lon="113.313164">
        <ele>-0.6</ele>
        <time>2024-07-06T11:23:45Z</time>
      </trkpt>
      <trkpt lat="22.185721" lon="113.313164">
        <ele>-0.6</ele>
        <time>2024-07-06T11:23:46Z</time>
      </trkpt>
      <trkpt lat="22.185678" lon="113.313164">
        <ele>-0.6</ele>
        <time>2024-07-06T11:23:47Z</time>
      </trkpt>
      <trkpt lat="22.185635" lon="113.313172">
        <ele>-0.6</ele>
        <time>2024-07-06T11:23:48Z</time>
      </trkpt>
      <trkpt lat="22.185595" lon="113.313179">
        <ele>-0.7</ele>
        <time>2024-07-06T11:23:49Z</time>
      </trkpt>
      <trkpt lat="22.185552" lon="113.313179">
        <ele>-0.7</ele>
        <time>2024-07-06T11:23:50Z</time>
      </trkpt>
      <trkpt lat="22.18551" lon="113.313188">
        <ele>-0.7</ele>
        <time>2024-07-06T11:23:51Z</time>
      </trkpt>
      <trkpt lat="22.18547" lon="113.313202">
        <ele>-0.7</ele>
        <time>2024-07-06T11:23:52Z</time>
      </trkpt>
      <trkpt lat="22.185433" lon="113.313202">
        <ele>-0.7</ele>
        <time>2024-07-06T11:23:53Z</time>
      </trkpt>
      <trkpt lat="22.18539" lon="113.313201">
        <ele>-0.7</ele>
        <time>2024-07-06T11:23:54Z</time>
      </trkpt>
      <trkpt lat="22.185345" lon="113.313186">
        <ele>-0.7</ele>
        <time>2024-07-06T11:23:55Z</time>
      </trkpt>
      <trkpt lat="22.185305" lon="113.313179">
        <ele>-0.7</ele>
        <time>2024-07-06T11:23:56Z</time>
      </trkpt>
      <trkpt lat="22.185258" lon="113.313179">
        <ele>-0.7</ele>
        <time>2024-07-06T11:23:57Z</time>
      </trkpt>
      <trkpt lat="22.185215" lon="113.313179">
        <ele>-0.7</ele>
        <time>2024-07-06T11:23:58Z</time>
      </trkpt>
      <trkpt lat="22.185172" lon="113.313187">
        <ele>-0.7</ele>
        <time>2024-07-06T11:23:59Z</time>
      </trkpt>
      <trkpt lat="22.185129" lon="113.313187">
        <ele>-0.7</ele>
        <time>2024-07-06T11:24:00Z</time>
      </trkpt>
      <trkpt lat="22.185085" lon="113.313195">
        <ele>-0.8</ele>
        <time>2024-07-06T11:24:01Z</time>
      </trkpt>
      <trkpt lat="22.18504" lon="113.313202">
        <ele>-0.8</ele>
        <time>2024-07-06T11:24:02Z</time>
      </trkpt>
      <trkpt lat="22.184995" lon="113.313202">
        <ele>-0.8</ele>
        <time>2024-07-06T11:24:03Z</time>
      </trkpt>
      <trkpt lat="22.184952" lon="113.31321">
        <ele>-0.8</ele>
        <time>2024-07-06T11:24:04Z</time>
      </trkpt>
      <trkpt lat="22.184905" lon="113.313217">
        <ele>-0.8</ele>
        <time>2024-07-06T11:24:05Z</time>
      </trkpt>
      <trkpt lat="22.184858" lon="113.313218">
        <ele>-0.8</ele>
        <time>2024-07-06T11:24:06Z</time>
      </trkpt>
      <trkpt lat="22.18481" lon="113.313225">
        <ele>-0.8</ele>
        <time>2024-07-06T11:24:07Z</time>
      </trkpt>
      <trkpt lat="22.184764" lon="113.313233">
        <ele>-0.8</ele>
        <time>2024-07-06T11:24:08Z</time>
      </trkpt>
      <trkpt lat="22.184717" lon="113.31324">
        <ele>-0.8</ele>
        <time>2024-07-06T11:24:09Z</time>
      </trkpt>
      <trkpt lat="22.184672" lon="113.313248">
        <ele>-0.8</ele>
        <time>2024-07-06T11:24:10Z</time>
      </trkpt>
      <trkpt lat="22.184632" lon="113.313248">
        <ele>-0.8</ele>
        <time>2024-07-06T11:24:11Z</time>
      </trkpt>
      <trkpt lat="22.184593" lon="113.313256">
        <ele>-0.8</ele>
        <time>2024-07-06T11:24:12Z</time>
      </trkpt>
      <trkpt lat="22.184555" lon="113.313263">
        <ele>-0.8</ele>
        <time>2024-07-06T11:24:13Z</time>
      </trkpt>
      <trkpt lat="22.184519" lon="113.313263">
        <ele>-0.8</ele>
        <time>2024-07-06T11:24:14Z</time>
      </trkpt>
      <trkpt lat="22.184482" lon="113.313263">
        <ele>-0.8</ele>
        <time>2024-07-06T11:24:15Z</time>
      </trkpt>
      <trkpt lat="22.184446" lon="113.313271">
        <ele>-0.8</ele>
        <time>2024-07-06T11:24:16Z</time>
      </trkpt>
      <trkpt lat="22.184406" lon="113.313271">
        <ele>-0.9</ele>
        <time>2024-07-06T11:24:17Z</time>
      </trkpt>
      <trkpt lat="22.184366" lon="113.313271">
        <ele>-0.9</ele>
        <time>2024-07-06T11:24:18Z</time>
      </trkpt>
      <trkpt lat="22.18433" lon="113.313271">
        <ele>-0.9</ele>
        <time>2024-07-06T11:24:19Z</time>
      </trkpt>
      <trkpt lat="22.184295" lon="113.313271">
        <ele>-0.9</ele>
        <time>2024-07-06T11:24:20Z</time>
      </trkpt>
      <trkpt lat="22.184254" lon="113.31328">
        <ele>-0.9</ele>
        <time>2024-07-06T11:24:21Z</time>
      </trkpt>
      <trkpt lat="22.184216" lon="113.313294">
        <ele>-0.9</ele>
        <time>2024-07-06T11:24:22Z</time>
      </trkpt>
      <trkpt lat="22.184179" lon="113.313301">
        <ele>-0.9</ele>
        <time>2024-07-06T11:24:23Z</time>
      </trkpt>
      <trkpt lat="22.18414" lon="113.313301">
        <ele>-0.9</ele>
        <time>2024-07-06T11:24:24Z</time>
      </trkpt>
      <trkpt lat="22.184097" lon="113.31331">
        <ele>-0.9</ele>
        <time>2024-07-06T11:24:25Z</time>
      </trkpt>
      <trkpt lat="22.184054" lon="113.313325">
        <ele>-0.9</ele>
        <time>2024-07-06T11:24:26Z</time>
      </trkpt>
      <trkpt lat="22.184012" lon="113.313333">
        <ele>-0.9</ele>
        <time>2024-07-06T11:24:27Z</time>
      </trkpt>
      <trkpt lat="22.183972" lon="113.313347">
        <ele>-0.9</ele>
        <time>2024-07-06T11:24:28Z</time>
      </trkpt>
      <trkpt lat="22.183937" lon="113.313355">
        <ele>-0.9</ele>
        <time>2024-07-06T11:24:29Z</time>
      </trkpt>
      <trkpt lat="22.183901" lon="113.313362">
        <ele>-0.9</ele>
        <time>2024-07-06T11:24:30Z</time>
      </trkpt>
      <trkpt lat="22.183865" lon="113.313363">
        <ele>-0.9</ele>
        <time>2024-07-06T11:24:31Z</time>
      </trkpt>
      <trkpt lat="22.18383" lon="113.31337">
        <ele>-0.9</ele>
        <time>2024-07-06T11:24:32Z</time>
      </trkpt>
      <trkpt lat="22.183798" lon="113.313378">
        <ele>-0.9</ele>
        <time>2024-07-06T11:24:33Z</time>
      </trkpt>
      <trkpt lat="22.183769" lon="113.313385">
        <ele>-0.9</ele>
        <time>2024-07-06T11:24:34Z</time>
      </trkpt>
      <trkpt lat="22.183741" lon="113.313393">
        <ele>-0.9</ele>
        <time>2024-07-06T11:24:35Z</time>
      </trkpt>
      <trkpt lat="22.183714" lon="113.3134">
        <ele>-1</ele>
        <time>2024-07-06T11:24:36Z</time>
      </trkpt>
      <trkpt lat="22.183688" lon="113.3134">
        <ele>-1</ele>
        <time>2024-07-06T11:24:37Z</time>
      </trkpt>
      <trkpt lat="22.183661" lon="113.313401">
        <ele>-1</ele>
        <time>2024-07-06T11:24:38Z</time>
      </trkpt>
      <trkpt lat="22.183635" lon="113.313408">
        <ele>-1</ele>
        <time>2024-07-06T11:24:39Z</time>
      </trkpt>
      <trkpt lat="22.183607" lon="113.313409">
        <ele>-1</ele>
        <time>2024-07-06T11:24:40Z</time>
      </trkpt>
      <trkpt lat="22.183579" lon="113.313424">
        <ele>-1</ele>
        <time>2024-07-06T11:24:41Z</time>
      </trkpt>
      <trkpt lat="22.183552" lon="113.313431">
        <ele>-1</ele>
        <time>2024-07-06T11:24:42Z</time>
      </trkpt>
      <trkpt lat="22.183525" lon="113.313438">
        <ele>-1</ele>
        <time>2024-07-06T11:24:43Z</time>
      </trkpt>
      <trkpt lat="22.183492" lon="113.313438">
        <ele>-1</ele>
        <time>2024-07-06T11:24:44Z</time>
      </trkpt>
      <trkpt lat="22.183456" lon="113.313439">
        <ele>-1</ele>
        <time>2024-07-06T11:24:45Z</time>
      </trkpt>
      <trkpt lat="22.183422" lon="113.313455">
        <ele>-1</ele>
        <time>2024-07-06T11:24:46Z</time>
      </trkpt>
      <trkpt lat="22.183386" lon="113.313469">
        <ele>-1</ele>
        <time>2024-07-06T11:24:47Z</time>
      </trkpt>
      <trkpt lat="22.183349" lon="113.313477">
        <ele>-1</ele>
        <time>2024-07-06T11:24:48Z</time>
      </trkpt>
      <trkpt lat="22.183308" lon="113.313477">
        <ele>-1</ele>
        <time>2024-07-06T11:24:49Z</time>
      </trkpt>
      <trkpt lat="22.183267" lon="113.313485">
        <ele>-1</ele>
        <time>2024-07-06T11:24:50Z</time>
      </trkpt>
      <trkpt lat="22.183223" lon="113.313492">
        <ele>-1</ele>
        <time>2024-07-06T11:24:51Z</time>
      </trkpt>
      <trkpt lat="22.183176" lon="113.313501">
        <ele>-1</ele>
        <time>2024-07-06T11:24:52Z</time>
      </trkpt>
      <trkpt lat="22.183138" lon="113.313515">
        <ele>-1</ele>
        <time>2024-07-06T11:24:53Z</time>
      </trkpt>
      <trkpt lat="22.183097" lon="113.313531">
        <ele>-1</ele>
        <time>2024-07-06T11:24:54Z</time>
      </trkpt>
      <trkpt lat="22.183056" lon="113.313538">
        <ele>-1</ele>
        <time>2024-07-06T11:24:55Z</time>
      </trkpt>
      <trkpt lat="22.183016" lon="113.313546">
        <ele>-1</ele>
        <time>2024-07-06T11:24:56Z</time>
      </trkpt>
      <trkpt lat="22.182975" lon="113.313554">
        <ele>-1</ele>
        <time>2024-07-06T11:24:57Z</time>
      </trkpt>
      <trkpt lat="22.182933" lon="113.313569">
        <ele>-1</ele>
        <time>2024-07-06T11:24:58Z</time>
      </trkpt>
      <trkpt lat="22.182891" lon="113.313577">
        <ele>-1</ele>
        <time>2024-07-06T11:24:59Z</time>
      </trkpt>
      <trkpt lat="22.182851" lon="113.313592">
        <ele>-1</ele>
        <time>2024-07-06T11:25:00Z</time>
      </trkpt>
      <trkpt lat="22.182806" lon="113.313607">
        <ele>-0.9</ele>
        <time>2024-07-06T11:25:01Z</time>
      </trkpt>
      <trkpt lat="22.182759" lon="113.313622">
        <ele>-0.9</ele>
        <time>2024-07-06T11:25:02Z</time>
      </trkpt>
      <trkpt lat="22.182711" lon="113.31363">
        <ele>-0.9</ele>
        <time>2024-07-06T11:25:03Z</time>
      </trkpt>
      <trkpt lat="22.182668" lon="113.313645">
        <ele>-0.9</ele>
        <time>2024-07-06T11:25:04Z</time>
      </trkpt>
      <trkpt lat="22.182627" lon="113.31366">
        <ele>-0.9</ele>
        <time>2024-07-06T11:25:05Z</time>
      </trkpt>
      <trkpt lat="22.182585" lon="113.313676">
        <ele>-0.9</ele>
        <time>2024-07-06T11:25:06Z</time>
      </trkpt>
      <trkpt lat="22.182548" lon="113.313691">
        <ele>-0.9</ele>
        <time>2024-07-06T11:25:07Z</time>
      </trkpt>
      <trkpt lat="22.18251" lon="113.313698">
        <ele>-0.9</ele>
        <time>2024-07-06T11:25:08Z</time>
      </trkpt>
      <trkpt lat="22.182474" lon="113.313706">
        <ele>-0.9</ele>
        <time>2024-07-06T11:25:09Z</time>
      </trkpt>
      <trkpt lat="22.18244" lon="113.313714">
        <ele>-0.9</ele>
        <time>2024-07-06T11:25:10Z</time>
      </trkpt>
      <trkpt lat="22.182409" lon="113.313722">
        <ele>-0.9</ele>
        <time>2024-07-06T11:25:11Z</time>
      </trkpt>
      <trkpt lat="22.182377" lon="113.313736">
        <ele>-0.9</ele>
        <time>2024-07-06T11:25:12Z</time>
      </trkpt>
      <trkpt lat="22.182348" lon="113.313744">
        <ele>-0.9</ele>
        <time>2024-07-06T11:25:13Z</time>
      </trkpt>
      <trkpt lat="22.182318" lon="113.313752">
        <ele>-0.9</ele>
        <time>2024-07-06T11:25:14Z</time>
      </trkpt>
      <trkpt lat="22.182287" lon="113.313759">
        <ele>-0.9</ele>
        <time>2024-07-06T11:25:15Z</time>
      </trkpt>
      <trkpt lat="22.18226" lon="113.313767">
        <ele>-0.9</ele>
        <time>2024-07-06T11:25:16Z</time>
      </trkpt>
      <trkpt lat="22.18223" lon="113.313775">
        <ele>-0.8</ele>
        <time>2024-07-06T11:25:17Z</time>
      </trkpt>
      <trkpt lat="22.182197" lon="113.313782">
        <ele>-0.8</ele>
        <time>2024-07-06T11:25:18Z</time>
      </trkpt>
      <trkpt lat="22.182163" lon="113.31379">
        <ele>-0.8</ele>
        <time>2024-07-06T11:25:19Z</time>
      </trkpt>
      <trkpt lat="22.182128" lon="113.313805">
        <ele>-0.8</ele>
        <time>2024-07-06T11:25:20Z</time>
      </trkpt>
      <trkpt lat="22.182094" lon="113.313813">
        <ele>-0.8</ele>
        <time>2024-07-06T11:25:21Z</time>
      </trkpt>
      <trkpt lat="22.18206" lon="113.313821">
        <ele>-0.8</ele>
        <time>2024-07-06T11:25:22Z</time>
      </trkpt>
      <trkpt lat="22.182026" lon="113.313836">
        <ele>-0.8</ele>
        <time>2024-07-06T11:25:23Z</time>
      </trkpt>
      <trkpt lat="22.181995" lon="113.313844">
        <ele>-0.8</ele>
        <time>2024-07-06T11:25:24Z</time>
      </trkpt>
      <trkpt lat="22.181963" lon="113.313859">
        <ele>-0.8</ele>
        <time>2024-07-06T11:25:25Z</time>
      </trkpt>
      <trkpt lat="22.181932" lon="113.313866">
        <ele>-0.8</ele>
        <time>2024-07-06T11:25:26Z</time>
      </trkpt>
      <trkpt lat="22.181901" lon="113.313875">
        <ele>-0.8</ele>
        <time>2024-07-06T11:25:27Z</time>
      </trkpt>
      <trkpt lat="22.181871" lon="113.313889">
        <ele>-0.8</ele>
        <time>2024-07-06T11:25:28Z</time>
      </trkpt>
      <trkpt lat="22.181838" lon="113.313897">
        <ele>-0.8</ele>
        <time>2024-07-06T11:25:29Z</time>
      </trkpt>
      <trkpt lat="22.181811" lon="113.313905">
        <ele>-0.8</ele>
        <time>2024-07-06T11:25:30Z</time>
      </trkpt>
      <trkpt lat="22.181784" lon="113.313911">
        <ele>-0.8</ele>
        <time>2024-07-06T11:25:31Z</time>
      </trkpt>
      <trkpt lat="22.181753" lon="113.313911">
        <ele>-0.8</ele>
        <time>2024-07-06T11:25:32Z</time>
      </trkpt>
      <trkpt lat="22.181724" lon="113.313912">
        <ele>-0.8</ele>
        <time>2024-07-06T11:25:33Z</time>
      </trkpt>
      <trkpt lat="22.181697" lon="113.31392">
        <ele>-0.8</ele>
        <time>2024-07-06T11:25:34Z</time>
      </trkpt>
      <trkpt lat="22.181669" lon="113.313936">
        <ele>-0.7</ele>
        <time>2024-07-06T11:25:35Z</time>
      </trkpt>
      <trkpt lat="22.18164" lon="113.313951">
        <ele>-0.7</ele>
        <time>2024-07-06T11:25:36Z</time>
      </trkpt>
      <trkpt lat="22.181612" lon="113.313965">
        <ele>-0.7</ele>
        <time>2024-07-06T11:25:37Z</time>
      </trkpt>
      <trkpt lat="22.181585" lon="113.313973">
        <ele>-0.7</ele>
        <time>2024-07-06T11:25:38Z</time>
      </trkpt>
      <trkpt lat="22.181554" lon="113.313981">
        <ele>-0.7</ele>
        <time>2024-07-06T11:25:39Z</time>
      </trkpt>
      <trkpt lat="22.181526" lon="113.313989">
        <ele>-0.7</ele>
        <time>2024-07-06T11:25:40Z</time>
      </trkpt>
      <trkpt lat="22.181497" lon="113.314003">
        <ele>-0.7</ele>
        <time>2024-07-06T11:25:41Z</time>
      </trkpt>
      <trkpt lat="22.181469" lon="113.314004">
        <ele>-0.7</ele>
        <time>2024-07-06T11:25:42Z</time>
      </trkpt>
      <trkpt lat="22.181445" lon="113.314011">
        <ele>-0.7</ele>
        <time>2024-07-06T11:25:43Z</time>
      </trkpt>
      <trkpt lat="22.181424" lon="113.314019">
        <ele>-0.7</ele>
        <time>2024-07-06T11:25:44Z</time>
      </trkpt>
      <trkpt lat="22.181405" lon="113.314026">
        <ele>-0.7</ele>
        <time>2024-07-06T11:25:45Z</time>
      </trkpt>
      <trkpt lat="22.181389" lon="113.314027">
        <ele>-0.7</ele>
        <time>2024-07-06T11:25:46Z</time>
      </trkpt>
      <trkpt lat="22.181368" lon="113.314034">
        <ele>-0.7</ele>
        <time>2024-07-06T11:25:47Z</time>
      </trkpt>
      <trkpt lat="22.181347" lon="113.314042">
        <ele>-0.7</ele>
        <time>2024-07-06T11:25:48Z</time>
      </trkpt>
      <trkpt lat="22.181326" lon="113.314049">
        <ele>-0.7</ele>
        <time>2024-07-06T11:25:49Z</time>
      </trkpt>
      <trkpt lat="22.181305" lon="113.314057">
        <ele>-0.7</ele>
        <time>2024-07-06T11:25:50Z</time>
      </trkpt>
      <trkpt lat="22.181282" lon="113.314065">
        <ele>-0.7</ele>
        <time>2024-07-06T11:25:51Z</time>
      </trkpt>
      <trkpt lat="22.181255" lon="113.314072">
        <ele>-0.7</ele>
        <time>2024-07-06T11:25:52Z</time>
      </trkpt>
      <trkpt lat="22.181224" lon="113.31408">
        <ele>-0.7</ele>
        <time>2024-07-06T11:25:53Z</time>
      </trkpt>
      <trkpt lat="22.181198" lon="113.314088">
        <ele>-0.7</ele>
        <time>2024-07-06T11:25:54Z</time>
      </trkpt>
      <trkpt lat="22.181173" lon="113.314096">
        <ele>-0.7</ele>
        <time>2024-07-06T11:25:55Z</time>
      </trkpt>
      <trkpt lat="22.181146" lon="113.314118">
        <ele>-0.7</ele>
        <time>2024-07-06T11:25:56Z</time>
      </trkpt>
      <trkpt lat="22.181117" lon="113.314126">
        <ele>-0.7</ele>
        <time>2024-07-06T11:25:57Z</time>
      </trkpt>
      <trkpt lat="22.181085" lon="113.314133">
        <ele>-0.7</ele>
        <time>2024-07-06T11:25:58Z</time>
      </trkpt>
      <trkpt lat="22.181053" lon="113.314141">
        <ele>-0.7</ele>
        <time>2024-07-06T11:25:59Z</time>
      </trkpt>
      <trkpt lat="22.181022" lon="113.314147">
        <ele>-0.7</ele>
        <time>2024-07-06T11:26:00Z</time>
      </trkpt>
      <trkpt lat="22.180992" lon="113.314141">
        <ele>-0.7</ele>
        <time>2024-07-06T11:26:01Z</time>
      </trkpt>
      <trkpt lat="22.180965" lon="113.314149">
        <ele>-0.7</ele>
        <time>2024-07-06T11:26:02Z</time>
      </trkpt>
      <trkpt lat="22.180935" lon="113.314157">
        <ele>-0.7</ele>
        <time>2024-07-06T11:26:03Z</time>
      </trkpt>
      <trkpt lat="22.180912" lon="113.314171">
        <ele>-0.7</ele>
        <time>2024-07-06T11:26:04Z</time>
      </trkpt>
      <trkpt lat="22.180887" lon="113.314178">
        <ele>-0.7</ele>
        <time>2024-07-06T11:26:05Z</time>
      </trkpt>
      <trkpt lat="22.180862" lon="113.314178">
        <ele>-0.7</ele>
        <time>2024-07-06T11:26:06Z</time>
      </trkpt>
      <trkpt lat="22.180836" lon="113.31417">
        <ele>-0.7</ele>
        <time>2024-07-06T11:26:07Z</time>
      </trkpt>
      <trkpt lat="22.180811" lon="113.314163">
        <ele>-0.7</ele>
        <time>2024-07-06T11:26:08Z</time>
      </trkpt>
      <trkpt lat="22.180786" lon="113.314164">
        <ele>-0.7</ele>
        <time>2024-07-06T11:26:09Z</time>
      </trkpt>
      <trkpt lat="22.180759" lon="113.314171">
        <ele>-0.7</ele>
        <time>2024-07-06T11:26:10Z</time>
      </trkpt>
      <trkpt lat="22.180735" lon="113.314171">
        <ele>-0.7</ele>
        <time>2024-07-06T11:26:11Z</time>
      </trkpt>
      <trkpt lat="22.180714" lon="113.314178">
        <ele>-0.7</ele>
        <time>2024-07-06T11:26:12Z</time>
      </trkpt>
      <trkpt lat="22.180693" lon="113.314179">
        <ele>-0.7</ele>
        <time>2024-07-06T11:26:13Z</time>
      </trkpt>
      <trkpt lat="22.180672" lon="113.314187">
        <ele>-0.7</ele>
        <time>2024-07-06T11:26:14Z</time>
      </trkpt>
      <trkpt lat="22.18065" lon="113.314194">
        <ele>-0.7</ele>
        <time>2024-07-06T11:26:15Z</time>
      </trkpt>
      <trkpt lat="22.180627" lon="113.31421">
        <ele>-0.7</ele>
        <time>2024-07-06T11:26:16Z</time>
      </trkpt>
      <trkpt lat="22.180599" lon="113.314224">
        <ele>-0.7</ele>
        <time>2024-07-06T11:26:17Z</time>
      </trkpt>
      <trkpt lat="22.180568" lon="113.314232">
        <ele>-0.7</ele>
        <time>2024-07-06T11:26:18Z</time>
      </trkpt>
      <trkpt lat="22.180541" lon="113.314247">
        <ele>-0.6</ele>
        <time>2024-07-06T11:26:19Z</time>
      </trkpt>
      <trkpt lat="22.180514" lon="113.314255">
        <ele>-0.6</ele>
        <time>2024-07-06T11:26:20Z</time>
      </trkpt>
      <trkpt lat="22.180498" lon="113.314263">
        <ele>-0.6</ele>
        <time>2024-07-06T11:26:21Z</time>
      </trkpt>
      <trkpt lat="22.180489" lon="113.314278">
        <ele>-0.6</ele>
        <time>2024-07-06T11:26:22Z</time>
      </trkpt>
      <trkpt lat="22.180488" lon="113.314294">
        <ele>-0.6</ele>
        <time>2024-07-06T11:26:23Z</time>
      </trkpt>
      <trkpt lat="22.180482" lon="113.314309">
        <ele>-0.6</ele>
        <time>2024-07-06T11:26:24Z</time>
      </trkpt>
      <trkpt lat="22.180465" lon="113.314324">
        <ele>-0.6</ele>
        <time>2024-07-06T11:26:25Z</time>
      </trkpt>
      <trkpt lat="22.18044" lon="113.314339">
        <ele>-0.6</ele>
        <time>2024-07-06T11:26:26Z</time>
      </trkpt>
      <trkpt lat="22.180407" lon="113.314346">
        <ele>-0.6</ele>
        <time>2024-07-06T11:26:27Z</time>
      </trkpt>
      <trkpt lat="22.180373" lon="113.314346">
        <ele>-0.6</ele>
        <time>2024-07-06T11:26:28Z</time>
      </trkpt>
      <trkpt lat="22.180337" lon="113.314347">
        <ele>-0.6</ele>
        <time>2024-07-06T11:26:29Z</time>
      </trkpt>
      <trkpt lat="22.180304" lon="113.314354">
        <ele>-0.6</ele>
        <time>2024-07-06T11:26:30Z</time>
      </trkpt>
      <trkpt lat="22.180269" lon="113.314362">
        <ele>-0.6</ele>
        <time>2024-07-06T11:26:31Z</time>
      </trkpt>
      <trkpt lat="22.180228" lon="113.314362">
        <ele>-0.6</ele>
        <time>2024-07-06T11:26:32Z</time>
      </trkpt>
      <trkpt lat="22.180192" lon="113.314362">
        <ele>-0.6</ele>
        <time>2024-07-06T11:26:33Z</time>
      </trkpt>
      <trkpt lat="22.180156" lon="113.314362">
        <ele>-0.6</ele>
        <time>2024-07-06T11:26:34Z</time>
      </trkpt>
      <trkpt lat="22.180115" lon="113.31437">
        <ele>-0.6</ele>
        <time>2024-07-06T11:26:35Z</time>
      </trkpt>
      <trkpt lat="22.180074" lon="113.314385">
        <ele>-0.6</ele>
        <time>2024-07-06T11:26:36Z</time>
      </trkpt>
      <trkpt lat="22.180038" lon="113.3144">
        <ele>-0.6</ele>
        <time>2024-07-06T11:26:37Z</time>
      </trkpt>
      <trkpt lat="22.179997" lon="113.314416">
        <ele>-0.6</ele>
        <time>2024-07-06T11:26:38Z</time>
      </trkpt>
      <trkpt lat="22.179962" lon="113.31443">
        <ele>-0.6</ele>
        <time>2024-07-06T11:26:39Z</time>
      </trkpt>
      <trkpt lat="22.179924" lon="113.314446">
        <ele>-0.6</ele>
        <time>2024-07-06T11:26:40Z</time>
      </trkpt>
      <trkpt lat="22.17989" lon="113.314461">
        <ele>-0.6</ele>
        <time>2024-07-06T11:26:41Z</time>
      </trkpt>
      <trkpt lat="22.179856" lon="113.314476">
        <ele>-0.6</ele>
        <time>2024-07-06T11:26:42Z</time>
      </trkpt>
      <trkpt lat="22.179822" lon="113.314484">
        <ele>-0.6</ele>
        <time>2024-07-06T11:26:43Z</time>
      </trkpt>
      <trkpt lat="22.179787" lon="113.314484">
        <ele>-0.6</ele>
        <time>2024-07-06T11:26:44Z</time>
      </trkpt>
      <trkpt lat="22.179755" lon="113.314484">
        <ele>-0.6</ele>
        <time>2024-07-06T11:26:45Z</time>
      </trkpt>
      <trkpt lat="22.17972" lon="113.314492">
        <ele>-0.6</ele>
        <time>2024-07-06T11:26:46Z</time>
      </trkpt>
      <trkpt lat="22.17969" lon="113.314499">
        <ele>-0.6</ele>
        <time>2024-07-06T11:26:47Z</time>
      </trkpt>
      <trkpt lat="22.179655" lon="113.314507">
        <ele>-0.6</ele>
        <time>2024-07-06T11:26:48Z</time>
      </trkpt>
      <trkpt lat="22.179624" lon="113.314515">
        <ele>-0.6</ele>
        <time>2024-07-06T11:26:49Z</time>
      </trkpt>
      <trkpt lat="22.179597" lon="113.314522">
        <ele>-0.6</ele>
        <time>2024-07-06T11:26:50Z</time>
      </trkpt>
      <trkpt lat="22.179565" lon="113.31453">
        <ele>-0.5</ele>
        <time>2024-07-06T11:26:51Z</time>
      </trkpt>
      <trkpt lat="22.179537" lon="113.314538">
        <ele>-0.5</ele>
        <time>2024-07-06T11:26:52Z</time>
      </trkpt>
      <trkpt lat="22.179509" lon="113.314553">
        <ele>-0.5</ele>
        <time>2024-07-06T11:26:53Z</time>
      </trkpt>
      <trkpt lat="22.179487" lon="113.31456">
        <ele>-0.5</ele>
        <time>2024-07-06T11:26:54Z</time>
      </trkpt>
      <trkpt lat="22.179461" lon="113.314576">
        <ele>-0.5</ele>
        <time>2024-07-06T11:26:55Z</time>
      </trkpt>
      <trkpt lat="22.179437" lon="113.314583">
        <ele>-0.5</ele>
        <time>2024-07-06T11:26:56Z</time>
      </trkpt>
      <trkpt lat="22.179413" lon="113.314591">
        <ele>-0.5</ele>
        <time>2024-07-06T11:26:57Z</time>
      </trkpt>
      <trkpt lat="22.179391" lon="113.314599">
        <ele>-0.5</ele>
        <time>2024-07-06T11:26:58Z</time>
      </trkpt>
      <trkpt lat="22.17937" lon="113.314614">
        <ele>-0.5</ele>
        <time>2024-07-06T11:26:59Z</time>
      </trkpt>
      <trkpt lat="22.179353" lon="113.314621">
        <ele>-0.5</ele>
        <time>2024-07-06T11:27:00Z</time>
      </trkpt>
      <trkpt lat="22.179333" lon="113.314629">
        <ele>-0.5</ele>
        <time>2024-07-06T11:27:01Z</time>
      </trkpt>
      <trkpt lat="22.179316" lon="113.314637">
        <ele>-0.5</ele>
        <time>2024-07-06T11:27:02Z</time>
      </trkpt>
      <trkpt lat="22.179298" lon="113.314644">
        <ele>-0.5</ele>
        <time>2024-07-06T11:27:03Z</time>
      </trkpt>
      <trkpt lat="22.179277" lon="113.31466">
        <ele>-0.5</ele>
        <time>2024-07-06T11:27:04Z</time>
      </trkpt>
      <trkpt lat="22.179264" lon="113.314675">
        <ele>-0.5</ele>
        <time>2024-07-06T11:27:05Z</time>
      </trkpt>
      <trkpt lat="22.179246" lon="113.314683">
        <ele>-0.5</ele>
        <time>2024-07-06T11:27:06Z</time>
      </trkpt>
      <trkpt lat="22.179229" lon="113.314698">
        <ele>-0.5</ele>
        <time>2024-07-06T11:27:07Z</time>
      </trkpt>
      <trkpt lat="22.179209" lon="113.314713">
        <ele>-0.5</ele>
        <time>2024-07-06T11:27:08Z</time>
      </trkpt>
      <trkpt lat="22.17919" lon="113.31472">
        <ele>-0.5</ele>
        <time>2024-07-06T11:27:09Z</time>
      </trkpt>
      <trkpt lat="22.179172" lon="113.31472">
        <ele>-0.5</ele>
        <time>2024-07-06T11:27:10Z</time>
      </trkpt>
      <trkpt lat="22.179151" lon="113.31472">
        <ele>-0.5</ele>
        <time>2024-07-06T11:27:11Z</time>
      </trkpt>
      <trkpt lat="22.179132" lon="113.31472">
        <ele>-0.5</ele>
        <time>2024-07-06T11:27:12Z</time>
      </trkpt>
      <trkpt lat="22.17911" lon="113.31472">
        <ele>-0.5</ele>
        <time>2024-07-06T11:27:13Z</time>
      </trkpt>
      <trkpt lat="22.179088" lon="113.31472">
        <ele>-0.5</ele>
        <time>2024-07-06T11:27:14Z</time>
      </trkpt>
      <trkpt lat="22.179071" lon="113.31472">
        <ele>-0.5</ele>
        <time>2024-07-06T11:27:15Z</time>
      </trkpt>
      <trkpt lat="22.179051" lon="113.314728">
        <ele>-0.4</ele>
        <time>2024-07-06T11:27:16Z</time>
      </trkpt>
      <trkpt lat="22.17903" lon="113.314743">
        <ele>-0.4</ele>
        <time>2024-07-06T11:27:17Z</time>
      </trkpt>
      <trkpt lat="22.179001" lon="113.314751">
        <ele>-0.4</ele>
        <time>2024-07-06T11:27:18Z</time>
      </trkpt>
      <trkpt lat="22.178971" lon="113.314759">
        <ele>-0.4</ele>
        <time>2024-07-06T11:27:19Z</time>
      </trkpt>
      <trkpt lat="22.178939" lon="113.314774">
        <ele>-0.4</ele>
        <time>2024-07-06T11:27:20Z</time>
      </trkpt>
      <trkpt lat="22.17891" lon="113.31479">
        <ele>-0.4</ele>
        <time>2024-07-06T11:27:21Z</time>
      </trkpt>
      <trkpt lat="22.178883" lon="113.314804">
        <ele>-0.4</ele>
        <time>2024-07-06T11:27:22Z</time>
      </trkpt>
      <trkpt lat="22.178852" lon="113.314812">
        <ele>-0.4</ele>
        <time>2024-07-06T11:27:23Z</time>
      </trkpt>
      <trkpt lat="22.178822" lon="113.314819">
        <ele>-0.4</ele>
        <time>2024-07-06T11:27:24Z</time>
      </trkpt>
      <trkpt lat="22.178792" lon="113.314819">
        <ele>-0.4</ele>
        <time>2024-07-06T11:27:25Z</time>
      </trkpt>
      <trkpt lat="22.178761" lon="113.314827">
        <ele>-0.4</ele>
        <time>2024-07-06T11:27:26Z</time>
      </trkpt>
      <trkpt lat="22.178731" lon="113.314827">
        <ele>-0.4</ele>
        <time>2024-07-06T11:27:27Z</time>
      </trkpt>
      <trkpt lat="22.178701" lon="113.314828">
        <ele>-0.4</ele>
        <time>2024-07-06T11:27:28Z</time>
      </trkpt>
      <trkpt lat="22.178672" lon="113.314835">
        <ele>-0.4</ele>
        <time>2024-07-06T11:27:29Z</time>
      </trkpt>
      <trkpt lat="22.178645" lon="113.314843">
        <ele>-0.4</ele>
        <time>2024-07-06T11:27:30Z</time>
      </trkpt>
      <trkpt lat="22.17862" lon="113.31485">
        <ele>-0.4</ele>
        <time>2024-07-06T11:27:31Z</time>
      </trkpt>
      <trkpt lat="22.178587" lon="113.314865">
        <ele>-0.4</ele>
        <time>2024-07-06T11:27:32Z</time>
      </trkpt>
      <trkpt lat="22.178553" lon="113.314873">
        <ele>-0.4</ele>
        <time>2024-07-06T11:27:33Z</time>
      </trkpt>
      <trkpt lat="22.178516" lon="113.314888">
        <ele>-0.3</ele>
        <time>2024-07-06T11:27:34Z</time>
      </trkpt>
      <trkpt lat="22.178479" lon="113.314896">
        <ele>-0.3</ele>
        <time>2024-07-06T11:27:35Z</time>
      </trkpt>
      <trkpt lat="22.178445" lon="113.314911">
        <ele>-0.3</ele>
        <time>2024-07-06T11:27:36Z</time>
      </trkpt>
      <trkpt lat="22.178411" lon="113.314911">
        <ele>-0.3</ele>
        <time>2024-07-06T11:27:37Z</time>
      </trkpt>
      <trkpt lat="22.178374" lon="113.314919">
        <ele>-0.3</ele>
        <time>2024-07-06T11:27:38Z</time>
      </trkpt>
      <trkpt lat="22.178333" lon="113.314919">
        <ele>-0.3</ele>
        <time>2024-07-06T11:27:39Z</time>
      </trkpt>
      <trkpt lat="22.178294" lon="113.314926">
        <ele>-0.3</ele>
        <time>2024-07-06T11:27:40Z</time>
      </trkpt>
      <trkpt lat="22.17826" lon="113.314927">
        <ele>-0.3</ele>
        <time>2024-07-06T11:27:41Z</time>
      </trkpt>
      <trkpt lat="22.178227" lon="113.314934">
        <ele>-0.3</ele>
        <time>2024-07-06T11:27:42Z</time>
      </trkpt>
      <trkpt lat="22.178193" lon="113.314941">
        <ele>-0.3</ele>
        <time>2024-07-06T11:27:43Z</time>
      </trkpt>
      <trkpt lat="22.178165" lon="113.314942">
        <ele>-0.3</ele>
        <time>2024-07-06T11:27:44Z</time>
      </trkpt>
      <trkpt lat="22.178126" lon="113.314949">
        <ele>-0.3</ele>
        <time>2024-07-06T11:27:45Z</time>
      </trkpt>
      <trkpt lat="22.178092" lon="113.314942">
        <ele>-0.3</ele>
        <time>2024-07-06T11:27:46Z</time>
      </trkpt>
      <trkpt lat="22.178063" lon="113.31495">
        <ele>-0.3</ele>
        <time>2024-07-06T11:27:47Z</time>
      </trkpt>
      <trkpt lat="22.178037" lon="113.314965">
        <ele>-0.2</ele>
        <time>2024-07-06T11:27:48Z</time>
      </trkpt>
      <trkpt lat="22.178001" lon="113.314988">
        <ele>-0.2</ele>
        <time>2024-07-06T11:27:49Z</time>
      </trkpt>
      <trkpt lat="22.177964" lon="113.315011">
        <ele>-0.2</ele>
        <time>2024-07-06T11:27:50Z</time>
      </trkpt>
      <trkpt lat="22.177924" lon="113.315026">
        <ele>-0.2</ele>
        <time>2024-07-06T11:27:51Z</time>
      </trkpt>
      <trkpt lat="22.177887" lon="113.315041">
        <ele>-0.2</ele>
        <time>2024-07-06T11:27:52Z</time>
      </trkpt>
      <trkpt lat="22.177849" lon="113.315056">
        <ele>-0.1</ele>
        <time>2024-07-06T11:27:53Z</time>
      </trkpt>
      <trkpt lat="22.17781" lon="113.315064">
        <ele>-0.1</ele>
        <time>2024-07-06T11:27:54Z</time>
      </trkpt>
      <trkpt lat="22.177762" lon="113.315071">
        <ele>-0.1</ele>
        <time>2024-07-06T11:27:55Z</time>
      </trkpt>
      <trkpt lat="22.177722" lon="113.315079">
        <ele>-0.1</ele>
        <time>2024-07-06T11:27:56Z</time>
      </trkpt>
      <trkpt lat="22.177682" lon="113.315094">
        <ele>0</ele>
        <time>2024-07-06T11:27:57Z</time>
      </trkpt>
      <trkpt lat="22.177645" lon="113.315102">
        <ele>0</ele>
        <time>2024-07-06T11:27:58Z</time>
      </trkpt>
      <trkpt lat="22.177611" lon="113.315109">
        <ele>0</ele>
        <time>2024-07-06T11:27:59Z</time>
      </trkpt>
      <trkpt lat="22.177576" lon="113.315117">
        <ele>0</ele>
        <time>2024-07-06T11:28:00Z</time>
      </trkpt>
      <trkpt lat="22.177539" lon="113.315125">
        <ele>0</ele>
        <time>2024-07-06T11:28:01Z</time>
      </trkpt>
      <trkpt lat="22.177496" lon="113.315132">
        <ele>0</ele>
        <time>2024-07-06T11:28:02Z</time>
      </trkpt>
      <trkpt lat="22.177456" lon="113.31514">
        <ele>0.1</ele>
        <time>2024-07-06T11:28:03Z</time>
      </trkpt>
      <trkpt lat="22.177416" lon="113.315148">
        <ele>0.1</ele>
        <time>2024-07-06T11:28:04Z</time>
      </trkpt>
      <trkpt lat="22.177376" lon="113.315156">
        <ele>0.1</ele>
        <time>2024-07-06T11:28:05Z</time>
      </trkpt>
      <trkpt lat="22.177335" lon="113.31517">
        <ele>0.1</ele>
        <time>2024-07-06T11:28:06Z</time>
      </trkpt>
      <trkpt lat="22.177296" lon="113.315171">
        <ele>0.1</ele>
        <time>2024-07-06T11:28:07Z</time>
      </trkpt>
      <trkpt lat="22.17726" lon="113.315178">
        <ele>0.2</ele>
        <time>2024-07-06T11:28:08Z</time>
      </trkpt>
      <trkpt lat="22.177223" lon="113.315187">
        <ele>0.2</ele>
        <time>2024-07-06T11:28:09Z</time>
      </trkpt>
      <trkpt lat="22.177189" lon="113.315211">
        <ele>0.2</ele>
        <time>2024-07-06T11:28:10Z</time>
      </trkpt>
      <trkpt lat="22.17716" lon="113.315232">
        <ele>0.2</ele>
        <time>2024-07-06T11:28:11Z</time>
      </trkpt>
      <trkpt lat="22.177124" lon="113.31524">
        <ele>0.2</ele>
        <time>2024-07-06T11:28:12Z</time>
      </trkpt>
      <trkpt lat="22.177092" lon="113.315247">
        <ele>0.3</ele>
        <time>2024-07-06T11:28:13Z</time>
      </trkpt>
      <trkpt lat="22.177062" lon="113.315248">
        <ele>0.3</ele>
        <time>2024-07-06T11:28:14Z</time>
      </trkpt>
      <trkpt lat="22.177031" lon="113.315262">
        <ele>0.3</ele>
        <time>2024-07-06T11:28:15Z</time>
      </trkpt>
      <trkpt lat="22.177007" lon="113.315263">
        <ele>0.3</ele>
        <time>2024-07-06T11:28:16Z</time>
      </trkpt>
      <trkpt lat="22.176982" lon="113.31527">
        <ele>0.3</ele>
        <time>2024-07-06T11:28:17Z</time>
      </trkpt>
      <trkpt lat="22.176958" lon="113.31527">
        <ele>0.3</ele>
        <time>2024-07-06T11:28:18Z</time>
      </trkpt>
      <trkpt lat="22.176934" lon="113.315278">
        <ele>0.3</ele>
        <time>2024-07-06T11:28:19Z</time>
      </trkpt>
      <trkpt lat="22.176912" lon="113.315286">
        <ele>0.4</ele>
        <time>2024-07-06T11:28:20Z</time>
      </trkpt>
      <trkpt lat="22.176891" lon="113.315293">
        <ele>0.4</ele>
        <time>2024-07-06T11:28:21Z</time>
      </trkpt>
      <trkpt lat="22.176872" lon="113.315301">
        <ele>0.4</ele>
        <time>2024-07-06T11:28:22Z</time>
      </trkpt>
      <trkpt lat="22.176849" lon="113.315308">
        <ele>0.4</ele>
        <time>2024-07-06T11:28:23Z</time>
      </trkpt>
      <trkpt lat="22.176826" lon="113.315315">
        <ele>0.4</ele>
        <time>2024-07-06T11:28:24Z</time>
      </trkpt>
      <trkpt lat="22.176801" lon="113.315316">
        <ele>0.4</ele>
        <time>2024-07-06T11:28:25Z</time>
      </trkpt>
      <trkpt lat="22.176772" lon="113.315325">
        <ele>0.4</ele>
        <time>2024-07-06T11:28:26Z</time>
      </trkpt>
      <trkpt lat="22.176743" lon="113.315339">
        <ele>0.4</ele>
        <time>2024-07-06T11:28:27Z</time>
      </trkpt>
      <trkpt lat="22.176709" lon="113.315351">
        <ele>0.5</ele>
        <time>2024-07-06T11:28:28Z</time>
      </trkpt>
      <trkpt lat="22.176676" lon="113.315362">
        <ele>0.5</ele>
        <time>2024-07-06T11:28:29Z</time>
      </trkpt>
      <trkpt lat="22.176648" lon="113.315369">
        <ele>0.5</ele>
        <time>2024-07-06T11:28:30Z</time>
      </trkpt>
      <trkpt lat="22.176618" lon="113.315377">
        <ele>0.5</ele>
        <time>2024-07-06T11:28:31Z</time>
      </trkpt>
      <trkpt lat="22.176585" lon="113.315384">
        <ele>0.5</ele>
        <time>2024-07-06T11:28:32Z</time>
      </trkpt>
      <trkpt lat="22.176558" lon="113.315388">
        <ele>0.5</ele>
        <time>2024-07-06T11:28:33Z</time>
      </trkpt>
      <trkpt lat="22.176531" lon="113.315392">
        <ele>0.5</ele>
        <time>2024-07-06T11:28:34Z</time>
      </trkpt>
      <trkpt lat="22.176505" lon="113.315392">
        <ele>0.6</ele>
        <time>2024-07-06T11:28:35Z</time>
      </trkpt>
      <trkpt lat="22.176471" lon="113.315392">
        <ele>0.6</ele>
        <time>2024-07-06T11:28:36Z</time>
      </trkpt>
      <trkpt lat="22.176431" lon="113.315396">
        <ele>0.6</ele>
        <time>2024-07-06T11:28:37Z</time>
      </trkpt>
      <trkpt lat="22.176391" lon="113.315399">
        <ele>0.6</ele>
        <time>2024-07-06T11:28:38Z</time>
      </trkpt>
      <trkpt lat="22.176352" lon="113.315399">
        <ele>0.6</ele>
        <time>2024-07-06T11:28:39Z</time>
      </trkpt>
      <trkpt lat="22.176317" lon="113.315399">
        <ele>0.6</ele>
        <time>2024-07-06T11:28:40Z</time>
      </trkpt>
      <trkpt lat="22.176283" lon="113.3154">
        <ele>0.6</ele>
        <time>2024-07-06T11:28:41Z</time>
      </trkpt>
      <trkpt lat="22.176253" lon="113.315407">
        <ele>0.6</ele>
        <time>2024-07-06T11:28:42Z</time>
      </trkpt>
      <trkpt lat="22.176221" lon="113.315407">
        <ele>0.5</ele>
        <time>2024-07-06T11:28:43Z</time>
      </trkpt>
      <trkpt lat="22.176187" lon="113.315415">
        <ele>0.5</ele>
        <time>2024-07-06T11:28:44Z</time>
      </trkpt>
      <trkpt lat="22.176152" lon="113.315419">
        <ele>0.5</ele>
        <time>2024-07-06T11:28:45Z</time>
      </trkpt>
      <trkpt lat="22.176117" lon="113.315421">
        <ele>0.5</ele>
        <time>2024-07-06T11:28:46Z</time>
      </trkpt>
      <trkpt lat="22.176081" lon="113.315414">
        <ele>0.5</ele>
        <time>2024-07-06T11:28:47Z</time>
      </trkpt>
      <trkpt lat="22.176044" lon="113.315406">
        <ele>0.4</ele>
        <time>2024-07-06T11:28:48Z</time>
      </trkpt>
      <trkpt lat="22.176002" lon="113.315399">
        <ele>0.4</ele>
        <time>2024-07-06T11:28:49Z</time>
      </trkpt>
      <trkpt lat="22.175957" lon="113.3154">
        <ele>0.4</ele>
        <time>2024-07-06T11:28:50Z</time>
      </trkpt>
      <trkpt lat="22.175911" lon="113.315408">
        <ele>0.4</ele>
        <time>2024-07-06T11:28:51Z</time>
      </trkpt>
      <trkpt lat="22.175866" lon="113.315414">
        <ele>0.3</ele>
        <time>2024-07-06T11:28:52Z</time>
      </trkpt>
      <trkpt lat="22.175824" lon="113.315406">
        <ele>0.3</ele>
        <time>2024-07-06T11:28:53Z</time>
      </trkpt>
      <trkpt lat="22.175779" lon="113.315397">
        <ele>0.3</ele>
        <time>2024-07-06T11:28:54Z</time>
      </trkpt>
      <trkpt lat="22.175734" lon="113.315382">
        <ele>0.3</ele>
        <time>2024-07-06T11:28:55Z</time>
      </trkpt>
      <trkpt lat="22.175693" lon="113.315368">
        <ele>0.2</ele>
        <time>2024-07-06T11:28:56Z</time>
      </trkpt>
      <trkpt lat="22.175653" lon="113.31536">
        <ele>0.2</ele>
        <time>2024-07-06T11:28:57Z</time>
      </trkpt>
      <trkpt lat="22.175613" lon="113.315353">
        <ele>0.2</ele>
        <time>2024-07-06T11:28:58Z</time>
      </trkpt>
      <trkpt lat="22.175574" lon="113.315353">
        <ele>0.2</ele>
        <time>2024-07-06T11:28:59Z</time>
      </trkpt>
      <trkpt lat="22.175532" lon="113.315353">
        <ele>0.2</ele>
        <time>2024-07-06T11:29:00Z</time>
      </trkpt>
      <trkpt lat="22.175488" lon="113.315345">
        <ele>0.1</ele>
        <time>2024-07-06T11:29:01Z</time>
      </trkpt>
      <trkpt lat="22.175442" lon="113.315337">
        <ele>0.1</ele>
        <time>2024-07-06T11:29:02Z</time>
      </trkpt>
      <trkpt lat="22.175393" lon="113.31533">
        <ele>0.1</ele>
        <time>2024-07-06T11:29:03Z</time>
      </trkpt>
      <trkpt lat="22.175343" lon="113.315322">
        <ele>0.1</ele>
        <time>2024-07-06T11:29:04Z</time>
      </trkpt>
      <trkpt lat="22.175296" lon="113.315314">
        <ele>0</ele>
        <time>2024-07-06T11:29:05Z</time>
      </trkpt>
      <trkpt lat="22.175252" lon="113.315308">
        <ele>0</ele>
        <time>2024-07-06T11:29:06Z</time>
      </trkpt>
      <trkpt lat="22.17521" lon="113.315307">
        <ele>0</ele>
        <time>2024-07-06T11:29:07Z</time>
      </trkpt>
      <trkpt lat="22.175169" lon="113.315298">
        <ele>0</ele>
        <time>2024-07-06T11:29:08Z</time>
      </trkpt>
      <trkpt lat="22.175133" lon="113.315283">
        <ele>-0.1</ele>
        <time>2024-07-06T11:29:09Z</time>
      </trkpt>
      <trkpt lat="22.175096" lon="113.315269">
        <ele>-0.1</ele>
        <time>2024-07-06T11:29:10Z</time>
      </trkpt>
      <trkpt lat="22.175055" lon="113.315262">
        <ele>-0.1</ele>
        <time>2024-07-06T11:29:11Z</time>
      </trkpt>
      <trkpt lat="22.175013" lon="113.315261">
        <ele>-0.1</ele>
        <time>2024-07-06T11:29:12Z</time>
      </trkpt>
      <trkpt lat="22.17497" lon="113.315254">
        <ele>-0.2</ele>
        <time>2024-07-06T11:29:13Z</time>
      </trkpt>
      <trkpt lat="22.174928" lon="113.315254">
        <ele>-0.2</ele>
        <time>2024-07-06T11:29:14Z</time>
      </trkpt>
      <trkpt lat="22.174888" lon="113.315253">
        <ele>-0.2</ele>
        <time>2024-07-06T11:29:15Z</time>
      </trkpt>
      <trkpt lat="22.174851" lon="113.315237">
        <ele>-0.2</ele>
        <time>2024-07-06T11:29:16Z</time>
      </trkpt>
      <trkpt lat="22.174818" lon="113.315222">
        <ele>-0.2</ele>
        <time>2024-07-06T11:29:17Z</time>
      </trkpt>
      <trkpt lat="22.174784" lon="113.315208">
        <ele>-0.3</ele>
        <time>2024-07-06T11:29:18Z</time>
      </trkpt>
      <trkpt lat="22.174751" lon="113.315201">
        <ele>-0.3</ele>
        <time>2024-07-06T11:29:19Z</time>
      </trkpt>
      <trkpt lat="22.174721" lon="113.3152">
        <ele>-0.3</ele>
        <time>2024-07-06T11:29:20Z</time>
      </trkpt>
      <trkpt lat="22.174691" lon="113.315192">
        <ele>-0.3</ele>
        <time>2024-07-06T11:29:21Z</time>
      </trkpt>
      <trkpt lat="22.17466" lon="113.315176">
        <ele>-0.3</ele>
        <time>2024-07-06T11:29:22Z</time>
      </trkpt>
      <trkpt lat="22.174629" lon="113.315161">
        <ele>-0.3</ele>
        <time>2024-07-06T11:29:23Z</time>
      </trkpt>
      <trkpt lat="22.174593" lon="113.315147">
        <ele>-0.4</ele>
        <time>2024-07-06T11:29:24Z</time>
      </trkpt>
      <trkpt lat="22.174558" lon="113.315139">
        <ele>-0.4</ele>
        <time>2024-07-06T11:29:25Z</time>
      </trkpt>
      <trkpt lat="22.17452" lon="113.315131">
        <ele>-0.4</ele>
        <time>2024-07-06T11:29:26Z</time>
      </trkpt>
      <trkpt lat="22.174484" lon="113.315124">
        <ele>-0.4</ele>
        <time>2024-07-06T11:29:27Z</time>
      </trkpt>
      <trkpt lat="22.17445" lon="113.315124">
        <ele>-0.4</ele>
        <time>2024-07-06T11:29:28Z</time>
      </trkpt>
      <trkpt lat="22.17442" lon="113.315116">
        <ele>-0.4</ele>
        <time>2024-07-06T11:29:29Z</time>
      </trkpt>
      <trkpt lat="22.174389" lon="113.315108">
        <ele>-0.4</ele>
        <time>2024-07-06T11:29:30Z</time>
      </trkpt>
      <trkpt lat="22.174359" lon="113.315101">
        <ele>-0.4</ele>
        <time>2024-07-06T11:29:31Z</time>
      </trkpt>
      <trkpt lat="22.174324" lon="113.315093">
        <ele>-0.4</ele>
        <time>2024-07-06T11:29:32Z</time>
      </trkpt>
      <trkpt lat="22.17429" lon="113.315086">
        <ele>-0.4</ele>
        <time>2024-07-06T11:29:33Z</time>
      </trkpt>
      <trkpt lat="22.174258" lon="113.315078">
        <ele>-0.4</ele>
        <time>2024-07-06T11:29:34Z</time>
      </trkpt>
      <trkpt lat="22.174229" lon="113.31507">
        <ele>-0.4</ele>
        <time>2024-07-06T11:29:35Z</time>
      </trkpt>
      <trkpt lat="22.1742" lon="113.315063">
        <ele>-0.5</ele>
        <time>2024-07-06T11:29:36Z</time>
      </trkpt>
      <trkpt lat="22.17417" lon="113.315063">
        <ele>-0.5</ele>
        <time>2024-07-06T11:29:37Z</time>
      </trkpt>
      <trkpt lat="22.174135" lon="113.315055">
        <ele>-0.5</ele>
        <time>2024-07-06T11:29:38Z</time>
      </trkpt>
      <trkpt lat="22.174097" lon="113.315046">
        <ele>-0.5</ele>
        <time>2024-07-06T11:29:39Z</time>
      </trkpt>
      <trkpt lat="22.174061" lon="113.315032">
        <ele>-0.5</ele>
        <time>2024-07-06T11:29:40Z</time>
      </trkpt>
      <trkpt lat="22.174024" lon="113.315024">
        <ele>-0.5</ele>
        <time>2024-07-06T11:29:41Z</time>
      </trkpt>
      <trkpt lat="22.17399" lon="113.315017">
        <ele>-0.5</ele>
        <time>2024-07-06T11:29:42Z</time>
      </trkpt>
      <trkpt lat="22.173956" lon="113.31501">
        <ele>-0.5</ele>
        <time>2024-07-06T11:29:43Z</time>
      </trkpt>
      <trkpt lat="22.173922" lon="113.315009">
        <ele>-0.5</ele>
        <time>2024-07-06T11:29:44Z</time>
      </trkpt>
      <trkpt lat="22.17389" lon="113.315002">
        <ele>-0.5</ele>
        <time>2024-07-06T11:29:45Z</time>
      </trkpt>
      <trkpt lat="22.173863" lon="113.314994">
        <ele>-0.5</ele>
        <time>2024-07-06T11:29:46Z</time>
      </trkpt>
      <trkpt lat="22.173832" lon="113.314986">
        <ele>-0.5</ele>
        <time>2024-07-06T11:29:47Z</time>
      </trkpt>
      <trkpt lat="22.173802" lon="113.314978">
        <ele>-0.6</ele>
        <time>2024-07-06T11:29:48Z</time>
      </trkpt>
      <trkpt lat="22.173773" lon="113.314964">
        <ele>-0.6</ele>
        <time>2024-07-06T11:29:49Z</time>
      </trkpt>
      <trkpt lat="22.173745" lon="113.314964">
        <ele>-0.6</ele>
        <time>2024-07-06T11:29:50Z</time>
      </trkpt>
      <trkpt lat="22.173716" lon="113.314963">
        <ele>-0.6</ele>
        <time>2024-07-06T11:29:51Z</time>
      </trkpt>
      <trkpt lat="22.173683" lon="113.314955">
        <ele>-0.6</ele>
        <time>2024-07-06T11:29:52Z</time>
      </trkpt>
      <trkpt lat="22.173648" lon="113.314941">
        <ele>-0.6</ele>
        <time>2024-07-06T11:29:53Z</time>
      </trkpt>
      <trkpt lat="22.17361" lon="113.314933">
        <ele>-0.6</ele>
        <time>2024-07-06T11:29:54Z</time>
      </trkpt>
      <trkpt lat="22.173568" lon="113.314925">
        <ele>-0.6</ele>
        <time>2024-07-06T11:29:55Z</time>
      </trkpt>
      <trkpt lat="22.173526" lon="113.314918">
        <ele>-0.6</ele>
        <time>2024-07-06T11:29:56Z</time>
      </trkpt>
      <trkpt lat="22.173483" lon="113.31491">
        <ele>-0.6</ele>
        <time>2024-07-06T11:29:57Z</time>
      </trkpt>
      <trkpt lat="22.17344" lon="113.314902">
        <ele>-0.6</ele>
        <time>2024-07-06T11:29:58Z</time>
      </trkpt>
      <trkpt lat="22.173402" lon="113.314896">
        <ele>-0.7</ele>
        <time>2024-07-06T11:29:59Z</time>
      </trkpt>
      <trkpt lat="22.173362" lon="113.314895">
        <ele>-0.7</ele>
        <time>2024-07-06T11:30:00Z</time>
      </trkpt>
      <trkpt lat="22.17332" lon="113.314887">
        <ele>-0.7</ele>
        <time>2024-07-06T11:30:01Z</time>
      </trkpt>
      <trkpt lat="22.173277" lon="113.314879">
        <ele>-0.7</ele>
        <time>2024-07-06T11:30:02Z</time>
      </trkpt>
      <trkpt lat="22.173234" lon="113.314864">
        <ele>-0.7</ele>
        <time>2024-07-06T11:30:03Z</time>
      </trkpt>
      <trkpt lat="22.17319" lon="113.314857">
        <ele>-0.7</ele>
        <time>2024-07-06T11:30:04Z</time>
      </trkpt>
      <trkpt lat="22.173144" lon="113.314848">
        <ele>-0.7</ele>
        <time>2024-07-06T11:30:05Z</time>
      </trkpt>
      <trkpt lat="22.1731" lon="113.314834">
        <ele>-0.7</ele>
        <time>2024-07-06T11:30:06Z</time>
      </trkpt>
      <trkpt lat="22.173055" lon="113.314826">
        <ele>-0.7</ele>
        <time>2024-07-06T11:30:07Z</time>
      </trkpt>
      <trkpt lat="22.173015" lon="113.314818">
        <ele>-0.7</ele>
        <time>2024-07-06T11:30:08Z</time>
      </trkpt>
      <trkpt lat="22.172974" lon="113.314803">
        <ele>-0.8</ele>
        <time>2024-07-06T11:30:09Z</time>
      </trkpt>
      <trkpt lat="22.172933" lon="113.314795">
        <ele>-0.8</ele>
        <time>2024-07-06T11:30:10Z</time>
      </trkpt>
      <trkpt lat="22.172899" lon="113.31478">
        <ele>-0.8</ele>
        <time>2024-07-06T11:30:11Z</time>
      </trkpt>
      <trkpt lat="22.172866" lon="113.314773">
        <ele>-0.8</ele>
        <time>2024-07-06T11:30:12Z</time>
      </trkpt>
      <trkpt lat="22.172836" lon="113.314765">
        <ele>-0.8</ele>
        <time>2024-07-06T11:30:13Z</time>
      </trkpt>
      <trkpt lat="22.1728" lon="113.314757">
        <ele>-0.8</ele>
        <time>2024-07-06T11:30:14Z</time>
      </trkpt>
      <trkpt lat="22.172768" lon="113.31475">
        <ele>-0.8</ele>
        <time>2024-07-06T11:30:15Z</time>
      </trkpt>
      <trkpt lat="22.172737" lon="113.314742">
        <ele>-0.8</ele>
        <time>2024-07-06T11:30:16Z</time>
      </trkpt>
      <trkpt lat="22.172703" lon="113.314734">
        <ele>-0.8</ele>
        <time>2024-07-06T11:30:17Z</time>
      </trkpt>
      <trkpt lat="22.17267" lon="113.314728">
        <ele>-0.8</ele>
        <time>2024-07-06T11:30:18Z</time>
      </trkpt>
      <trkpt lat="22.172633" lon="113.314727">
        <ele>-0.7</ele>
        <time>2024-07-06T11:30:19Z</time>
      </trkpt>
      <trkpt lat="22.172593" lon="113.314719">
        <ele>-0.7</ele>
        <time>2024-07-06T11:30:20Z</time>
      </trkpt>
      <trkpt lat="22.172556" lon="113.314712">
        <ele>-0.7</ele>
        <time>2024-07-06T11:30:21Z</time>
      </trkpt>
      <trkpt lat="22.172517" lon="113.314704">
        <ele>-0.7</ele>
        <time>2024-07-06T11:30:22Z</time>
      </trkpt>
      <trkpt lat="22.172477" lon="113.314696">
        <ele>-0.7</ele>
        <time>2024-07-06T11:30:23Z</time>
      </trkpt>
      <trkpt lat="22.172439" lon="113.314689">
        <ele>-0.7</ele>
        <time>2024-07-06T11:30:24Z</time>
      </trkpt>
      <trkpt lat="22.172399" lon="113.314682">
        <ele>-0.7</ele>
        <time>2024-07-06T11:30:25Z</time>
      </trkpt>
      <trkpt lat="22.172361" lon="113.314681">
        <ele>-0.7</ele>
        <time>2024-07-06T11:30:26Z</time>
      </trkpt>
      <trkpt lat="22.172325" lon="113.314673">
        <ele>-0.7</ele>
        <time>2024-07-06T11:30:27Z</time>
      </trkpt>
      <trkpt lat="22.172289" lon="113.314658">
        <ele>-0.7</ele>
        <time>2024-07-06T11:30:28Z</time>
      </trkpt>
      <trkpt lat="22.172255" lon="113.314652">
        <ele>-0.7</ele>
        <time>2024-07-06T11:30:29Z</time>
      </trkpt>
      <trkpt lat="22.172223" lon="113.314651">
        <ele>-0.7</ele>
        <time>2024-07-06T11:30:30Z</time>
      </trkpt>
      <trkpt lat="22.17219" lon="113.314643">
        <ele>-0.7</ele>
        <time>2024-07-06T11:30:31Z</time>
      </trkpt>
      <trkpt lat="22.17216" lon="113.314635">
        <ele>-0.7</ele>
        <time>2024-07-06T11:30:32Z</time>
      </trkpt>
      <trkpt lat="22.172129" lon="113.314628">
        <ele>-0.7</ele>
        <time>2024-07-06T11:30:33Z</time>
      </trkpt>
      <trkpt lat="22.172099" lon="113.314619">
        <ele>-0.7</ele>
        <time>2024-07-06T11:30:34Z</time>
      </trkpt>
      <trkpt lat="22.17207" lon="113.314605">
        <ele>-0.7</ele>
        <time>2024-07-06T11:30:35Z</time>
      </trkpt>
      <trkpt lat="22.172044" lon="113.314596">
        <ele>-0.7</ele>
        <time>2024-07-06T11:30:36Z</time>
      </trkpt>
      <trkpt lat="22.172017" lon="113.314582">
        <ele>-0.7</ele>
        <time>2024-07-06T11:30:37Z</time>
      </trkpt>
      <trkpt lat="22.171988" lon="113.314575">
        <ele>-0.7</ele>
        <time>2024-07-06T11:30:38Z</time>
      </trkpt>
      <trkpt lat="22.171962" lon="113.314574">
        <ele>-0.7</ele>
        <time>2024-07-06T11:30:39Z</time>
      </trkpt>
      <trkpt lat="22.171935" lon="113.314568">
        <ele>-0.6</ele>
        <time>2024-07-06T11:30:40Z</time>
      </trkpt>
      <trkpt lat="22.171909" lon="113.314567">
        <ele>-0.6</ele>
        <time>2024-07-06T11:30:41Z</time>
      </trkpt>
      <trkpt lat="22.171886" lon="113.314558">
        <ele>-0.6</ele>
        <time>2024-07-06T11:30:42Z</time>
      </trkpt>
      <trkpt lat="22.171861" lon="113.314544">
        <ele>-0.6</ele>
        <time>2024-07-06T11:30:43Z</time>
      </trkpt>
      <trkpt lat="22.171838" lon="113.314536">
        <ele>-0.6</ele>
        <time>2024-07-06T11:30:44Z</time>
      </trkpt>
      <trkpt lat="22.171815" lon="113.314529">
        <ele>-0.6</ele>
        <time>2024-07-06T11:30:45Z</time>
      </trkpt>
      <trkpt lat="22.171794" lon="113.314529">
        <ele>-0.6</ele>
        <time>2024-07-06T11:30:46Z</time>
      </trkpt>
      <trkpt lat="22.17177" lon="113.314521">
        <ele>-0.6</ele>
        <time>2024-07-06T11:30:47Z</time>
      </trkpt>
      <trkpt lat="22.171749" lon="113.314513">
        <ele>-0.6</ele>
        <time>2024-07-06T11:30:48Z</time>
      </trkpt>
      <trkpt lat="22.171728" lon="113.314506">
        <ele>-0.6</ele>
        <time>2024-07-06T11:30:49Z</time>
      </trkpt>
      <trkpt lat="22.171707" lon="113.314506">
        <ele>-0.6</ele>
        <time>2024-07-06T11:30:50Z</time>
      </trkpt>
      <trkpt lat="22.171685" lon="113.314498">
        <ele>-0.6</ele>
        <time>2024-07-06T11:30:51Z</time>
      </trkpt>
      <trkpt lat="22.17166" lon="113.314491">
        <ele>-0.6</ele>
        <time>2024-07-06T11:30:52Z</time>
      </trkpt>
      <trkpt lat="22.171633" lon="113.314492">
        <ele>-0.6</ele>
        <time>2024-07-06T11:30:53Z</time>
      </trkpt>
      <trkpt lat="22.171603" lon="113.314499">
        <ele>-0.6</ele>
        <time>2024-07-06T11:30:54Z</time>
      </trkpt>
      <trkpt lat="22.171572" lon="113.314498">
        <ele>-0.6</ele>
        <time>2024-07-06T11:30:55Z</time>
      </trkpt>
      <trkpt lat="22.171535" lon="113.31449">
        <ele>-0.6</ele>
        <time>2024-07-06T11:30:56Z</time>
      </trkpt>
      <trkpt lat="22.171499" lon="113.314475">
        <ele>-0.6</ele>
        <time>2024-07-06T11:30:57Z</time>
      </trkpt>
      <trkpt lat="22.171465" lon="113.314467">
        <ele>-0.6</ele>
        <time>2024-07-06T11:30:58Z</time>
      </trkpt>
      <trkpt lat="22.171433" lon="113.314452">
        <ele>-0.6</ele>
        <time>2024-07-06T11:30:59Z</time>
      </trkpt>
      <trkpt lat="22.171402" lon="113.314444">
        <ele>-0.6</ele>
        <time>2024-07-06T11:31:00Z</time>
      </trkpt>
      <trkpt lat="22.171373" lon="113.31443">
        <ele>-0.6</ele>
        <time>2024-07-06T11:31:01Z</time>
      </trkpt>
      <trkpt lat="22.171343" lon="113.314428">
        <ele>-0.6</ele>
        <time>2024-07-06T11:31:02Z</time>
      </trkpt>
      <trkpt lat="22.17131" lon="113.314414">
        <ele>-0.6</ele>
        <time>2024-07-06T11:31:03Z</time>
      </trkpt>
      <trkpt lat="22.171278" lon="113.314406">
        <ele>-0.6</ele>
        <time>2024-07-06T11:31:04Z</time>
      </trkpt>
      <trkpt lat="22.171241" lon="113.314391">
        <ele>-0.5</ele>
        <time>2024-07-06T11:31:05Z</time>
      </trkpt>
      <trkpt lat="22.171206" lon="113.314383">
        <ele>-0.5</ele>
        <time>2024-07-06T11:31:06Z</time>
      </trkpt>
      <trkpt lat="22.171173" lon="113.314369">
        <ele>-0.5</ele>
        <time>2024-07-06T11:31:07Z</time>
      </trkpt>
      <trkpt lat="22.171141" lon="113.314368">
        <ele>-0.5</ele>
        <time>2024-07-06T11:31:08Z</time>
      </trkpt>
      <trkpt lat="22.171113" lon="113.314361">
        <ele>-0.5</ele>
        <time>2024-07-06T11:31:09Z</time>
      </trkpt>
      <trkpt lat="22.171086" lon="113.314353">
        <ele>-0.5</ele>
        <time>2024-07-06T11:31:10Z</time>
      </trkpt>
      <trkpt lat="22.171062" lon="113.314345">
        <ele>-0.5</ele>
        <time>2024-07-06T11:31:11Z</time>
      </trkpt>
      <trkpt lat="22.171035" lon="113.314339">
        <ele>-0.5</ele>
        <time>2024-07-06T11:31:12Z</time>
      </trkpt>
      <trkpt lat="22.171007" lon="113.314338">
        <ele>-0.5</ele>
        <time>2024-07-06T11:31:13Z</time>
      </trkpt>
      <trkpt lat="22.170975" lon="113.31433">
        <ele>-0.5</ele>
        <time>2024-07-06T11:31:14Z</time>
      </trkpt>
      <trkpt lat="22.170945" lon="113.314323">
        <ele>-0.5</ele>
        <time>2024-07-06T11:31:15Z</time>
      </trkpt>
      <trkpt lat="22.170914" lon="113.314323">
        <ele>-0.5</ele>
        <time>2024-07-06T11:31:16Z</time>
      </trkpt>
      <trkpt lat="22.170886" lon="113.314323">
        <ele>-0.5</ele>
        <time>2024-07-06T11:31:17Z</time>
      </trkpt>
      <trkpt lat="22.170857" lon="113.314323">
        <ele>-0.5</ele>
        <time>2024-07-06T11:31:18Z</time>
      </trkpt>
      <trkpt lat="22.170833" lon="113.314325">
        <ele>-0.5</ele>
        <time>2024-07-06T11:31:19Z</time>
      </trkpt>
      <trkpt lat="22.170812" lon="113.31434">
        <ele>-0.5</ele>
        <time>2024-07-06T11:31:20Z</time>
      </trkpt>
      <trkpt lat="22.170792" lon="113.314346">
        <ele>-0.5</ele>
        <time>2024-07-06T11:31:21Z</time>
      </trkpt>
      <trkpt lat="22.170774" lon="113.314345">
        <ele>-0.5</ele>
        <time>2024-07-06T11:31:22Z</time>
      </trkpt>
      <trkpt lat="22.170755" lon="113.314329">
        <ele>-0.5</ele>
        <time>2024-07-06T11:31:23Z</time>
      </trkpt>
      <trkpt lat="22.170738" lon="113.314315">
        <ele>-0.5</ele>
        <time>2024-07-06T11:31:24Z</time>
      </trkpt>
      <trkpt lat="22.170719" lon="113.314308">
        <ele>-0.5</ele>
        <time>2024-07-06T11:31:25Z</time>
      </trkpt>
      <trkpt lat="22.170702" lon="113.314309">
        <ele>-0.5</ele>
        <time>2024-07-06T11:31:26Z</time>
      </trkpt>
      <trkpt lat="22.170685" lon="113.314316">
        <ele>-0.5</ele>
        <time>2024-07-06T11:31:27Z</time>
      </trkpt>
      <trkpt lat="22.170666" lon="113.314315">
        <ele>-0.5</ele>
        <time>2024-07-06T11:31:28Z</time>
      </trkpt>
      <trkpt lat="22.170654" lon="113.314307">
        <ele>-0.5</ele>
        <time>2024-07-06T11:31:29Z</time>
      </trkpt>
      <trkpt lat="22.170637" lon="113.3143">
        <ele>-0.5</ele>
        <time>2024-07-06T11:31:30Z</time>
      </trkpt>
      <trkpt lat="22.170625" lon="113.31429">
        <ele>-0.5</ele>
        <time>2024-07-06T11:31:31Z</time>
      </trkpt>
      <trkpt lat="22.170618" lon="113.314268">
        <ele>-0.5</ele>
        <time>2024-07-06T11:31:32Z</time>
      </trkpt>
      <trkpt lat="22.17062" lon="113.314253">
        <ele>-0.5</ele>
        <time>2024-07-06T11:31:33Z</time>
      </trkpt>
      <trkpt lat="22.170635" lon="113.31424">
        <ele>-0.5</ele>
        <time>2024-07-06T11:31:34Z</time>
      </trkpt>
      <trkpt lat="22.170663" lon="113.314249">
        <ele>-0.4</ele>
        <time>2024-07-06T11:31:35Z</time>
      </trkpt>
      <trkpt lat="22.170688" lon="113.314263">
        <ele>-0.4</ele>
        <time>2024-07-06T11:31:36Z</time>
      </trkpt>
      <trkpt lat="22.17071" lon="113.314272">
        <ele>-0.4</ele>
        <time>2024-07-06T11:31:37Z</time>
      </trkpt>
      <trkpt lat="22.170732" lon="113.314286">
        <ele>-0.4</ele>
        <time>2024-07-06T11:31:38Z</time>
      </trkpt>
      <trkpt lat="22.170759" lon="113.314293">
        <ele>-0.4</ele>
        <time>2024-07-06T11:31:39Z</time>
      </trkpt>
      <trkpt lat="22.170787" lon="113.314294">
        <ele>-0.4</ele>
        <time>2024-07-06T11:31:40Z</time>
      </trkpt>
      <trkpt lat="22.170813" lon="113.314301">
        <ele>-0.4</ele>
        <time>2024-07-06T11:31:41Z</time>
      </trkpt>
      <trkpt lat="22.170836" lon="113.314308">
        <ele>-0.4</ele>
        <time>2024-07-06T11:31:42Z</time>
      </trkpt>
      <trkpt lat="22.170857" lon="113.314309">
        <ele>-0.4</ele>
        <time>2024-07-06T11:31:43Z</time>
      </trkpt>
      <trkpt lat="22.170882" lon="113.314316">
        <ele>-0.4</ele>
        <time>2024-07-06T11:31:44Z</time>
      </trkpt>
      <trkpt lat="22.170909" lon="113.314317">
        <ele>-0.4</ele>
        <time>2024-07-06T11:31:45Z</time>
      </trkpt>
      <trkpt lat="22.170934" lon="113.314324">
        <ele>-0.4</ele>
        <time>2024-07-06T11:31:46Z</time>
      </trkpt>
      <trkpt lat="22.170958" lon="113.314332">
        <ele>-0.4</ele>
        <time>2024-07-06T11:31:47Z</time>
      </trkpt>
      <trkpt lat="22.170981" lon="113.31434">
        <ele>-0.4</ele>
        <time>2024-07-06T11:31:48Z</time>
      </trkpt>
      <trkpt lat="22.171002" lon="113.314347">
        <ele>-0.4</ele>
        <time>2024-07-06T11:31:49Z</time>
      </trkpt>
      <trkpt lat="22.171023" lon="113.314354">
        <ele>-0.4</ele>
        <time>2024-07-06T11:31:50Z</time>
      </trkpt>
      <trkpt lat="22.171044" lon="113.314355">
        <ele>-0.4</ele>
        <time>2024-07-06T11:31:51Z</time>
      </trkpt>
      <trkpt lat="22.171065" lon="113.314362">
        <ele>-0.4</ele>
        <time>2024-07-06T11:31:52Z</time>
      </trkpt>
      <trkpt lat="22.171084" lon="113.31437">
        <ele>-0.4</ele>
        <time>2024-07-06T11:31:53Z</time>
      </trkpt>
      <trkpt lat="22.171105" lon="113.314378">
        <ele>-0.4</ele>
        <time>2024-07-06T11:31:54Z</time>
      </trkpt>
      <trkpt lat="22.171128" lon="113.314384">
        <ele>-0.4</ele>
        <time>2024-07-06T11:31:55Z</time>
      </trkpt>
      <trkpt lat="22.171153" lon="113.314385">
        <ele>-0.4</ele>
        <time>2024-07-06T11:31:56Z</time>
      </trkpt>
      <trkpt lat="22.171182" lon="113.314394">
        <ele>-0.4</ele>
        <time>2024-07-06T11:31:57Z</time>
      </trkpt>
      <trkpt lat="22.171212" lon="113.314408">
        <ele>-0.4</ele>
        <time>2024-07-06T11:31:58Z</time>
      </trkpt>
      <trkpt lat="22.171239" lon="113.314417">
        <ele>-0.4</ele>
        <time>2024-07-06T11:31:59Z</time>
      </trkpt>
      <trkpt lat="22.171264" lon="113.314431">
        <ele>-0.4</ele>
        <time>2024-07-06T11:32:00Z</time>
      </trkpt>
      <trkpt lat="22.171287" lon="113.314438">
        <ele>-0.4</ele>
        <time>2024-07-06T11:32:01Z</time>
      </trkpt>
      <trkpt lat="22.171311" lon="113.314439">
        <ele>-0.4</ele>
        <time>2024-07-06T11:32:02Z</time>
      </trkpt>
      <trkpt lat="22.171336" lon="113.314446">
        <ele>-0.4</ele>
        <time>2024-07-06T11:32:03Z</time>
      </trkpt>
      <trkpt lat="22.171361" lon="113.314454">
        <ele>-0.3</ele>
        <time>2024-07-06T11:32:04Z</time>
      </trkpt>
      <trkpt lat="22.171386" lon="113.314462">
        <ele>-0.3</ele>
        <time>2024-07-06T11:32:05Z</time>
      </trkpt>
      <trkpt lat="22.171411" lon="113.314476">
        <ele>-0.3</ele>
        <time>2024-07-06T11:32:06Z</time>
      </trkpt>
      <trkpt lat="22.171438" lon="113.314476">
        <ele>-0.3</ele>
        <time>2024-07-06T11:32:07Z</time>
      </trkpt>
      <trkpt lat="22.171466" lon="113.314475">
        <ele>-0.3</ele>
        <time>2024-07-06T11:32:08Z</time>
      </trkpt>
      <trkpt lat="22.171491" lon="113.314468">
        <ele>-0.3</ele>
        <time>2024-07-06T11:32:09Z</time>
      </trkpt>
      <trkpt lat="22.17152" lon="113.314468">
        <ele>-0.3</ele>
        <time>2024-07-06T11:32:10Z</time>
      </trkpt>
      <trkpt lat="22.171548" lon="113.31447">
        <ele>-0.3</ele>
        <time>2024-07-06T11:32:11Z</time>
      </trkpt>
      <trkpt lat="22.171577" lon="113.314484">
        <ele>-0.3</ele>
        <time>2024-07-06T11:32:12Z</time>
      </trkpt>
      <trkpt lat="22.171603" lon="113.314491">
        <ele>-0.3</ele>
        <time>2024-07-06T11:32:13Z</time>
      </trkpt>
      <trkpt lat="22.17163" lon="113.314492">
        <ele>-0.3</ele>
        <time>2024-07-06T11:32:14Z</time>
      </trkpt>
      <trkpt lat="22.171657" lon="113.3145">
        <ele>-0.3</ele>
        <time>2024-07-06T11:32:15Z</time>
      </trkpt>
      <trkpt lat="22.171682" lon="113.314506">
        <ele>-0.3</ele>
        <time>2024-07-06T11:32:16Z</time>
      </trkpt>
      <trkpt lat="22.171711" lon="113.314508">
        <ele>-0.3</ele>
        <time>2024-07-06T11:32:17Z</time>
      </trkpt>
      <trkpt lat="22.171741" lon="113.314523">
        <ele>-0.3</ele>
        <time>2024-07-06T11:32:18Z</time>
      </trkpt>
      <trkpt lat="22.171774" lon="113.314531">
        <ele>-0.3</ele>
        <time>2024-07-06T11:32:19Z</time>
      </trkpt>
      <trkpt lat="22.171808" lon="113.314545">
        <ele>-0.3</ele>
        <time>2024-07-06T11:32:20Z</time>
      </trkpt>
      <trkpt lat="22.171836" lon="113.314554">
        <ele>-0.3</ele>
        <time>2024-07-06T11:32:21Z</time>
      </trkpt>
      <trkpt lat="22.171865" lon="113.314569">
        <ele>-0.3</ele>
        <time>2024-07-06T11:32:22Z</time>
      </trkpt>
      <trkpt lat="22.171895" lon="113.314584">
        <ele>-0.3</ele>
        <time>2024-07-06T11:32:23Z</time>
      </trkpt>
      <trkpt lat="22.171921" lon="113.314599">
        <ele>-0.3</ele>
        <time>2024-07-06T11:32:24Z</time>
      </trkpt>
      <trkpt lat="22.171945" lon="113.314607">
        <ele>-0.3</ele>
        <time>2024-07-06T11:32:25Z</time>
      </trkpt>
      <trkpt lat="22.17197" lon="113.314614">
        <ele>-0.3</ele>
        <time>2024-07-06T11:32:26Z</time>
      </trkpt>
      <trkpt lat="22.171996" lon="113.314621">
        <ele>-0.4</ele>
        <time>2024-07-06T11:32:27Z</time>
      </trkpt>
      <trkpt lat="22.172021" lon="113.314622">
        <ele>-0.4</ele>
        <time>2024-07-06T11:32:28Z</time>
      </trkpt>
      <trkpt lat="22.172042" lon="113.314629">
        <ele>-0.4</ele>
        <time>2024-07-06T11:32:29Z</time>
      </trkpt>
      <trkpt lat="22.172067" lon="113.314629">
        <ele>-0.4</ele>
        <time>2024-07-06T11:32:30Z</time>
      </trkpt>
      <trkpt lat="22.172094" lon="113.314628">
        <ele>-0.4</ele>
        <time>2024-07-06T11:32:31Z</time>
      </trkpt>
      <trkpt lat="22.172122" lon="113.314621">
        <ele>-0.4</ele>
        <time>2024-07-06T11:32:32Z</time>
      </trkpt>
      <trkpt lat="22.172149" lon="113.314621">
        <ele>-0.4</ele>
        <time>2024-07-06T11:32:33Z</time>
      </trkpt>
      <trkpt lat="22.172175" lon="113.314622">
        <ele>-0.4</ele>
        <time>2024-07-06T11:32:34Z</time>
      </trkpt>
      <trkpt lat="22.172198" lon="113.314629">
        <ele>-0.4</ele>
        <time>2024-07-06T11:32:35Z</time>
      </trkpt>
      <trkpt lat="22.172219" lon="113.314637">
        <ele>-0.4</ele>
        <time>2024-07-06T11:32:36Z</time>
      </trkpt>
      <trkpt lat="22.17224" lon="113.314644">
        <ele>-0.4</ele>
        <time>2024-07-06T11:32:37Z</time>
      </trkpt>
      <trkpt lat="22.172263" lon="113.314645">
        <ele>-0.5</ele>
        <time>2024-07-06T11:32:38Z</time>
      </trkpt>
      <trkpt lat="22.172288" lon="113.314652">
        <ele>-0.5</ele>
        <time>2024-07-06T11:32:39Z</time>
      </trkpt>
      <trkpt lat="22.172317" lon="113.314652">
        <ele>-0.5</ele>
        <time>2024-07-06T11:32:40Z</time>
      </trkpt>
      <trkpt lat="22.172345" lon="113.314652">
        <ele>-0.5</ele>
        <time>2024-07-06T11:32:41Z</time>
      </trkpt>
      <trkpt lat="22.17237" lon="113.314652">
        <ele>-0.5</ele>
        <time>2024-07-06T11:32:42Z</time>
      </trkpt>
      <trkpt lat="22.172395" lon="113.314661">
        <ele>-0.5</ele>
        <time>2024-07-06T11:32:43Z</time>
      </trkpt>
      <trkpt lat="22.172423" lon="113.314675">
        <ele>-0.5</ele>
        <time>2024-07-06T11:32:44Z</time>
      </trkpt>
      <trkpt lat="22.17245" lon="113.314684">
        <ele>-0.5</ele>
        <time>2024-07-06T11:32:45Z</time>
      </trkpt>
      <trkpt lat="22.172477" lon="113.314699">
        <ele>-0.5</ele>
        <time>2024-07-06T11:32:46Z</time>
      </trkpt>
      <trkpt lat="22.172502" lon="113.314713">
        <ele>-0.5</ele>
        <time>2024-07-06T11:32:47Z</time>
      </trkpt>
      <trkpt lat="22.17253" lon="113.31472">
        <ele>-0.6</ele>
        <time>2024-07-06T11:32:48Z</time>
      </trkpt>
      <trkpt lat="22.172557" lon="113.314722">
        <ele>-0.6</ele>
        <time>2024-07-06T11:32:49Z</time>
      </trkpt>
      <trkpt lat="22.172584" lon="113.314736">
        <ele>-0.6</ele>
        <time>2024-07-06T11:32:50Z</time>
      </trkpt>
      <trkpt lat="22.172613" lon="113.314744">
        <ele>-0.6</ele>
        <time>2024-07-06T11:32:51Z</time>
      </trkpt>
      <trkpt lat="22.172644" lon="113.314751">
        <ele>-0.6</ele>
        <time>2024-07-06T11:32:52Z</time>
      </trkpt>
      <trkpt lat="22.17268" lon="113.314759">
        <ele>-0.6</ele>
        <time>2024-07-06T11:32:53Z</time>
      </trkpt>
      <trkpt lat="22.172715" lon="113.314765">
        <ele>-0.6</ele>
        <time>2024-07-06T11:32:54Z</time>
      </trkpt>
      <trkpt lat="22.17275" lon="113.314758">
        <ele>-0.6</ele>
        <time>2024-07-06T11:32:55Z</time>
      </trkpt>
      <trkpt lat="22.172783" lon="113.314758">
        <ele>-0.6</ele>
        <time>2024-07-06T11:32:56Z</time>
      </trkpt>
      <trkpt lat="22.172815" lon="113.314759">
        <ele>-0.7</ele>
        <time>2024-07-06T11:32:57Z</time>
      </trkpt>
      <trkpt lat="22.172847" lon="113.314768">
        <ele>-0.7</ele>
        <time>2024-07-06T11:32:58Z</time>
      </trkpt>
      <trkpt lat="22.172873" lon="113.314783">
        <ele>-0.7</ele>
        <time>2024-07-06T11:32:59Z</time>
      </trkpt>
      <trkpt lat="22.172896" lon="113.314799">
        <ele>-0.7</ele>
        <time>2024-07-06T11:33:00Z</time>
      </trkpt>
      <trkpt lat="22.172915" lon="113.31482">
        <ele>-0.7</ele>
        <time>2024-07-06T11:33:01Z</time>
      </trkpt>
      <trkpt lat="22.172938" lon="113.314828">
        <ele>-0.7</ele>
        <time>2024-07-06T11:33:02Z</time>
      </trkpt>
      <trkpt lat="22.172961" lon="113.314835">
        <ele>-0.7</ele>
        <time>2024-07-06T11:33:03Z</time>
      </trkpt>
      <trkpt lat="22.172984" lon="113.314843">
        <ele>-0.7</ele>
        <time>2024-07-06T11:33:04Z</time>
      </trkpt>
      <trkpt lat="22.173011" lon="113.31485">
        <ele>-0.7</ele>
        <time>2024-07-06T11:33:05Z</time>
      </trkpt>
      <trkpt lat="22.173042" lon="113.314851">
        <ele>-0.7</ele>
        <time>2024-07-06T11:33:06Z</time>
      </trkpt>
      <trkpt lat="22.173068" lon="113.314858">
        <ele>-0.8</ele>
        <time>2024-07-06T11:33:07Z</time>
      </trkpt>
      <trkpt lat="22.173097" lon="113.314866">
        <ele>-0.8</ele>
        <time>2024-07-06T11:33:08Z</time>
      </trkpt>
      <trkpt lat="22.173121" lon="113.314874">
        <ele>-0.8</ele>
        <time>2024-07-06T11:33:09Z</time>
      </trkpt>
      <trkpt lat="22.173144" lon="113.31488">
        <ele>-0.8</ele>
        <time>2024-07-06T11:33:10Z</time>
      </trkpt>
      <trkpt lat="22.173165" lon="113.314881">
        <ele>-0.8</ele>
        <time>2024-07-06T11:33:11Z</time>
      </trkpt>
      <trkpt lat="22.173188" lon="113.314888">
        <ele>-0.8</ele>
        <time>2024-07-06T11:33:12Z</time>
      </trkpt>
      <trkpt lat="22.173208" lon="113.314889">
        <ele>-0.8</ele>
        <time>2024-07-06T11:33:13Z</time>
      </trkpt>
      <trkpt lat="22.173227" lon="113.314896">
        <ele>-0.8</ele>
        <time>2024-07-06T11:33:14Z</time>
      </trkpt>
      <trkpt lat="22.173247" lon="113.314896">
        <ele>-0.8</ele>
        <time>2024-07-06T11:33:15Z</time>
      </trkpt>
      <trkpt lat="22.173267" lon="113.314904">
        <ele>-0.8</ele>
        <time>2024-07-06T11:33:16Z</time>
      </trkpt>
      <trkpt lat="22.173284" lon="113.314911">
        <ele>-0.8</ele>
        <time>2024-07-06T11:33:17Z</time>
      </trkpt>
      <trkpt lat="22.173302" lon="113.314912">
        <ele>-0.8</ele>
        <time>2024-07-06T11:33:18Z</time>
      </trkpt>
      <trkpt lat="22.173321" lon="113.314919">
        <ele>-0.8</ele>
        <time>2024-07-06T11:33:19Z</time>
      </trkpt>
      <trkpt lat="22.173338" lon="113.314919">
        <ele>-0.9</ele>
        <time>2024-07-06T11:33:20Z</time>
      </trkpt>
      <trkpt lat="22.173355" lon="113.314919">
        <ele>-0.9</ele>
        <time>2024-07-06T11:33:21Z</time>
      </trkpt>
      <trkpt lat="22.173372" lon="113.314926">
        <ele>-0.9</ele>
        <time>2024-07-06T11:33:22Z</time>
      </trkpt>
      <trkpt lat="22.173387" lon="113.314927">
        <ele>-0.9</ele>
        <time>2024-07-06T11:33:23Z</time>
      </trkpt>
      <trkpt lat="22.173401" lon="113.314934">
        <ele>-0.9</ele>
        <time>2024-07-06T11:33:24Z</time>
      </trkpt>
      <trkpt lat="22.173416" lon="113.314935">
        <ele>-0.9</ele>
        <time>2024-07-06T11:33:25Z</time>
      </trkpt>
      <trkpt lat="22.173431" lon="113.314941">
        <ele>-0.9</ele>
        <time>2024-07-06T11:33:26Z</time>
      </trkpt>
      <trkpt lat="22.173444" lon="113.314942">
        <ele>-0.9</ele>
        <time>2024-07-06T11:33:27Z</time>
      </trkpt>
      <trkpt lat="22.173458" lon="113.314949">
        <ele>-0.9</ele>
        <time>2024-07-06T11:33:28Z</time>
      </trkpt>
      <trkpt lat="22.173471" lon="113.31495">
        <ele>-0.9</ele>
        <time>2024-07-06T11:33:29Z</time>
      </trkpt>
      <trkpt lat="22.173482" lon="113.314958">
        <ele>-0.9</ele>
        <time>2024-07-06T11:33:30Z</time>
      </trkpt>
      <trkpt lat="22.173492" lon="113.314964">
        <ele>-0.9</ele>
        <time>2024-07-06T11:33:31Z</time>
      </trkpt>
      <trkpt lat="22.173505" lon="113.314964">
        <ele>-0.9</ele>
        <time>2024-07-06T11:33:32Z</time>
      </trkpt>
      <trkpt lat="22.173516" lon="113.314964">
        <ele>-0.9</ele>
        <time>2024-07-06T11:33:33Z</time>
      </trkpt>
      <trkpt lat="22.173526" lon="113.314964">
        <ele>-0.9</ele>
        <time>2024-07-06T11:33:34Z</time>
      </trkpt>
      <trkpt lat="22.173537" lon="113.314964">
        <ele>-0.9</ele>
        <time>2024-07-06T11:33:35Z</time>
      </trkpt>
      <trkpt lat="22.173547" lon="113.314964">
        <ele>-0.9</ele>
        <time>2024-07-06T11:33:36Z</time>
      </trkpt>
      <trkpt lat="22.173558" lon="113.314964">
        <ele>-0.9</ele>
        <time>2024-07-06T11:33:37Z</time>
      </trkpt>
      <trkpt lat="22.173568" lon="113.314965">
        <ele>-0.9</ele>
        <time>2024-07-06T11:33:38Z</time>
      </trkpt>
      <trkpt lat="22.173578" lon="113.314972">
        <ele>-0.9</ele>
        <time>2024-07-06T11:33:39Z</time>
      </trkpt>
      <trkpt lat="22.173589" lon="113.314972">
        <ele>-0.9</ele>
        <time>2024-07-06T11:33:40Z</time>
      </trkpt>
      <trkpt lat="22.173602" lon="113.314971">
        <ele>-0.9</ele>
        <time>2024-07-06T11:33:41Z</time>
      </trkpt>
      <trkpt lat="22.173612" lon="113.314965">
        <ele>-0.9</ele>
        <time>2024-07-06T11:33:42Z</time>
      </trkpt>
      <trkpt lat="22.173621" lon="113.314972">
        <ele>-0.9</ele>
        <time>2024-07-06T11:33:43Z</time>
      </trkpt>
      <trkpt lat="22.173631" lon="113.314973">
        <ele>-0.9</ele>
        <time>2024-07-06T11:33:44Z</time>
      </trkpt>
      <trkpt lat="22.17364" lon="113.31498">
        <ele>-0.9</ele>
        <time>2024-07-06T11:33:45Z</time>
      </trkpt>
      <trkpt lat="22.173645" lon="113.314987">
        <ele>-0.9</ele>
        <time>2024-07-06T11:33:46Z</time>
      </trkpt>
      <trkpt lat="22.173668" lon="113.315002">
        <ele>-0.8</ele>
        <time>2024-07-06T11:33:49Z</time>
      </trkpt>
      <trkpt lat="22.173684" lon="113.314995">
        <ele>-0.8</ele>
        <time>2024-07-06T11:33:50Z</time>
      </trkpt>
      <trkpt lat="22.173705" lon="113.314995">
        <ele>-0.8</ele>
        <time>2024-07-06T11:33:51Z</time>
      </trkpt>
      <trkpt lat="22.173725" lon="113.314995">
        <ele>-0.8</ele>
        <time>2024-07-06T11:33:52Z</time>
      </trkpt>
      <trkpt lat="22.173749" lon="113.315003">
        <ele>-0.8</ele>
        <time>2024-07-06T11:33:53Z</time>
      </trkpt>
      <trkpt lat="22.173769" lon="113.31501">
        <ele>-0.8</ele>
        <time>2024-07-06T11:33:54Z</time>
      </trkpt>
      <trkpt lat="22.173788" lon="113.315011">
        <ele>-0.8</ele>
        <time>2024-07-06T11:33:55Z</time>
      </trkpt>
      <trkpt lat="22.173805" lon="113.315018">
        <ele>-0.8</ele>
        <time>2024-07-06T11:33:56Z</time>
      </trkpt>
      <trkpt lat="22.17382" lon="113.315019">
        <ele>-0.8</ele>
        <time>2024-07-06T11:33:57Z</time>
      </trkpt>
      <trkpt lat="22.173836" lon="113.315026">
        <ele>-0.8</ele>
        <time>2024-07-06T11:33:58Z</time>
      </trkpt>
      <trkpt lat="22.173853" lon="113.315032">
        <ele>-0.8</ele>
        <time>2024-07-06T11:33:59Z</time>
      </trkpt>
      <trkpt lat="22.173872" lon="113.315025">
        <ele>-0.7</ele>
        <time>2024-07-06T11:34:00Z</time>
      </trkpt>
      <trkpt lat="22.173891" lon="113.315024">
        <ele>-0.7</ele>
        <time>2024-07-06T11:34:01Z</time>
      </trkpt>
      <trkpt lat="22.173909" lon="113.315018">
        <ele>-0.7</ele>
        <time>2024-07-06T11:34:02Z</time>
      </trkpt>
      <trkpt lat="22.17393" lon="113.315018">
        <ele>-0.7</ele>
        <time>2024-07-06T11:34:03Z</time>
      </trkpt>
      <trkpt lat="22.173954" lon="113.315018">
        <ele>-0.7</ele>
        <time>2024-07-06T11:34:04Z</time>
      </trkpt>
      <trkpt lat="22.173971" lon="113.315018">
        <ele>-0.7</ele>
        <time>2024-07-06T11:34:05Z</time>
      </trkpt>
      <trkpt lat="22.173993" lon="113.315019">
        <ele>-0.7</ele>
        <time>2024-07-06T11:34:06Z</time>
      </trkpt>
      <trkpt lat="22.174013" lon="113.315034">
        <ele>-0.7</ele>
        <time>2024-07-06T11:34:07Z</time>
      </trkpt>
      <trkpt lat="22.174028" lon="113.315041">
        <ele>-0.7</ele>
        <time>2024-07-06T11:34:08Z</time>
      </trkpt>
      <trkpt lat="22.174038" lon="113.31505">
        <ele>-0.7</ele>
        <time>2024-07-06T11:34:09Z</time>
      </trkpt>
      <trkpt lat="22.174054" lon="113.315063">
        <ele>-0.6</ele>
        <time>2024-07-06T11:34:10Z</time>
      </trkpt>
      <trkpt lat="22.174075" lon="113.315063">
        <ele>-0.6</ele>
        <time>2024-07-06T11:34:11Z</time>
      </trkpt>
      <trkpt lat="22.174097" lon="113.315063">
        <ele>-0.6</ele>
        <time>2024-07-06T11:34:12Z</time>
      </trkpt>
      <trkpt lat="22.174119" lon="113.315064">
        <ele>-0.6</ele>
        <time>2024-07-06T11:34:13Z</time>
      </trkpt>
      <trkpt lat="22.174145" lon="113.315071">
        <ele>-0.6</ele>
        <time>2024-07-06T11:34:14Z</time>
      </trkpt>
      <trkpt lat="22.174168" lon="113.315071">
        <ele>-0.6</ele>
        <time>2024-07-06T11:34:15Z</time>
      </trkpt>
      <trkpt lat="22.174191" lon="113.315071">
        <ele>-0.6</ele>
        <time>2024-07-06T11:34:16Z</time>
      </trkpt>
      <trkpt lat="22.174212" lon="113.315071">
        <ele>-0.6</ele>
        <time>2024-07-06T11:34:17Z</time>
      </trkpt>
      <trkpt lat="22.17423" lon="113.315072">
        <ele>-0.6</ele>
        <time>2024-07-06T11:34:18Z</time>
      </trkpt>
      <trkpt lat="22.174245" lon="113.31508">
        <ele>-0.6</ele>
        <time>2024-07-06T11:34:19Z</time>
      </trkpt>
      <trkpt lat="22.174257" lon="113.315087">
        <ele>-0.5</ele>
        <time>2024-07-06T11:34:20Z</time>
      </trkpt>
      <trkpt lat="22.174273" lon="113.315095">
        <ele>-0.5</ele>
        <time>2024-07-06T11:34:21Z</time>
      </trkpt>
      <trkpt lat="22.174296" lon="113.315102">
        <ele>-0.5</ele>
        <time>2024-07-06T11:34:22Z</time>
      </trkpt>
      <trkpt lat="22.174323" lon="113.315111">
        <ele>-0.5</ele>
        <time>2024-07-06T11:34:23Z</time>
      </trkpt>
      <trkpt lat="22.174345" lon="113.315125">
        <ele>-0.5</ele>
        <time>2024-07-06T11:34:24Z</time>
      </trkpt>
      <trkpt lat="22.17436" lon="113.315134">
        <ele>-0.5</ele>
        <time>2024-07-06T11:34:25Z</time>
      </trkpt>
      <trkpt lat="22.174373" lon="113.315148">
        <ele>-0.5</ele>
        <time>2024-07-06T11:34:26Z</time>
      </trkpt>
      <trkpt lat="22.174387" lon="113.315155">
        <ele>-0.5</ele>
        <time>2024-07-06T11:34:27Z</time>
      </trkpt>
      <trkpt lat="22.174412" lon="113.315155">
        <ele>-0.5</ele>
        <time>2024-07-06T11:34:28Z</time>
      </trkpt>
      <trkpt lat="22.174444" lon="113.315156">
        <ele>-0.4</ele>
        <time>2024-07-06T11:34:29Z</time>
      </trkpt>
      <trkpt lat="22.174472" lon="113.315163">
        <ele>-0.4</ele>
        <time>2024-07-06T11:34:30Z</time>
      </trkpt>
      <trkpt lat="22.174505" lon="113.315163">
        <ele>-0.4</ele>
        <time>2024-07-06T11:34:31Z</time>
      </trkpt>
      <trkpt lat="22.174533" lon="113.315164">
        <ele>-0.4</ele>
        <time>2024-07-06T11:34:32Z</time>
      </trkpt>
      <trkpt lat="22.174559" lon="113.31517">
        <ele>-0.4</ele>
        <time>2024-07-06T11:34:33Z</time>
      </trkpt>
      <trkpt lat="22.17458" lon="113.315172">
        <ele>-0.4</ele>
        <time>2024-07-06T11:34:34Z</time>
      </trkpt>
      <trkpt lat="22.174603" lon="113.315186">
        <ele>-0.4</ele>
        <time>2024-07-06T11:34:35Z</time>
      </trkpt>
      <trkpt lat="22.174628" lon="113.315194">
        <ele>-0.4</ele>
        <time>2024-07-06T11:34:36Z</time>
      </trkpt>
      <trkpt lat="22.174651" lon="113.315202">
        <ele>-0.3</ele>
        <time>2024-07-06T11:34:37Z</time>
      </trkpt>
      <trkpt lat="22.174671" lon="113.315209">
        <ele>-0.3</ele>
        <time>2024-07-06T11:34:38Z</time>
      </trkpt>
      <trkpt lat="22.174691" lon="113.315217">
        <ele>-0.3</ele>
        <time>2024-07-06T11:34:39Z</time>
      </trkpt>
      <trkpt lat="22.174714" lon="113.315224">
        <ele>-0.3</ele>
        <time>2024-07-06T11:34:40Z</time>
      </trkpt>
      <trkpt lat="22.174741" lon="113.315224">
        <ele>-0.3</ele>
        <time>2024-07-06T11:34:41Z</time>
      </trkpt>
      <trkpt lat="22.174767" lon="113.315224">
        <ele>-0.3</ele>
        <time>2024-07-06T11:34:42Z</time>
      </trkpt>
      <trkpt lat="22.17479" lon="113.315224">
        <ele>-0.3</ele>
        <time>2024-07-06T11:34:43Z</time>
      </trkpt>
      <trkpt lat="22.174815" lon="113.315224">
        <ele>-0.3</ele>
        <time>2024-07-06T11:34:44Z</time>
      </trkpt>
      <trkpt lat="22.17484" lon="113.315232">
        <ele>-0.2</ele>
        <time>2024-07-06T11:34:45Z</time>
      </trkpt>
      <trkpt lat="22.174869" lon="113.31524">
        <ele>-0.2</ele>
        <time>2024-07-06T11:34:46Z</time>
      </trkpt>
      <trkpt lat="22.174902" lon="113.315247">
        <ele>-0.2</ele>
        <time>2024-07-06T11:34:47Z</time>
      </trkpt>
      <trkpt lat="22.174936" lon="113.315255">
        <ele>-0.2</ele>
        <time>2024-07-06T11:34:48Z</time>
      </trkpt>
      <trkpt lat="22.174968" lon="113.315263">
        <ele>-0.2</ele>
        <time>2024-07-06T11:34:49Z</time>
      </trkpt>
      <trkpt lat="22.174999" lon="113.31527">
        <ele>-0.2</ele>
        <time>2024-07-06T11:34:50Z</time>
      </trkpt>
      <trkpt lat="22.175027" lon="113.31527">
        <ele>-0.1</ele>
        <time>2024-07-06T11:34:51Z</time>
      </trkpt>
      <trkpt lat="22.175054" lon="113.315278">
        <ele>-0.1</ele>
        <time>2024-07-06T11:34:52Z</time>
      </trkpt>
      <trkpt lat="22.175082" lon="113.315286">
        <ele>-0.1</ele>
        <time>2024-07-06T11:34:53Z</time>
      </trkpt>
      <trkpt lat="22.175111" lon="113.315293">
        <ele>-0.1</ele>
        <time>2024-07-06T11:34:54Z</time>
      </trkpt>
      <trkpt lat="22.175137" lon="113.3153">
        <ele>-0.1</ele>
        <time>2024-07-06T11:34:55Z</time>
      </trkpt>
      <trkpt lat="22.175164" lon="113.315301">
        <ele>-0.1</ele>
        <time>2024-07-06T11:34:56Z</time>
      </trkpt>
      <trkpt lat="22.175189" lon="113.315308">
        <ele>-0.1</ele>
        <time>2024-07-06T11:34:57Z</time>
      </trkpt>
      <trkpt lat="22.175214" lon="113.315308">
        <ele>-0.1</ele>
        <time>2024-07-06T11:34:58Z</time>
      </trkpt>
      <trkpt lat="22.175238" lon="113.315308">
        <ele>0</ele>
        <time>2024-07-06T11:34:59Z</time>
      </trkpt>
      <trkpt lat="22.175261" lon="113.315315">
        <ele>0</ele>
        <time>2024-07-06T11:35:00Z</time>
      </trkpt>
      <trkpt lat="22.175284" lon="113.315316">
        <ele>0</ele>
        <time>2024-07-06T11:35:01Z</time>
      </trkpt>
      <trkpt lat="22.175305" lon="113.315324">
        <ele>0</ele>
        <time>2024-07-06T11:35:02Z</time>
      </trkpt>
      <trkpt lat="22.175327" lon="113.315331">
        <ele>0</ele>
        <time>2024-07-06T11:35:03Z</time>
      </trkpt>
      <trkpt lat="22.175349" lon="113.315331">
        <ele>0</ele>
        <time>2024-07-06T11:35:04Z</time>
      </trkpt>
      <trkpt lat="22.175371" lon="113.315338">
        <ele>0</ele>
        <time>2024-07-06T11:35:05Z</time>
      </trkpt>
      <trkpt lat="22.175388" lon="113.315338">
        <ele>0</ele>
        <time>2024-07-06T11:35:06Z</time>
      </trkpt>
      <trkpt lat="22.175406" lon="113.315339">
        <ele>0</ele>
        <time>2024-07-06T11:35:07Z</time>
      </trkpt>
      <trkpt lat="22.175423" lon="113.315346">
        <ele>0</ele>
        <time>2024-07-06T11:35:08Z</time>
      </trkpt>
      <trkpt lat="22.175442" lon="113.315347">
        <ele>0</ele>
        <time>2024-07-06T11:35:09Z</time>
      </trkpt>
      <trkpt lat="22.175457" lon="113.315353">
        <ele>0</ele>
        <time>2024-07-06T11:35:10Z</time>
      </trkpt>
      <trkpt lat="22.175474" lon="113.315353">
        <ele>0</ele>
        <time>2024-07-06T11:35:11Z</time>
      </trkpt>
      <trkpt lat="22.175489" lon="113.315353">
        <ele>0</ele>
        <time>2024-07-06T11:35:12Z</time>
      </trkpt>
      <trkpt lat="22.175502" lon="113.315353">
        <ele>0</ele>
        <time>2024-07-06T11:35:13Z</time>
      </trkpt>
      <trkpt lat="22.175518" lon="113.315353">
        <ele>0</ele>
        <time>2024-07-06T11:35:14Z</time>
      </trkpt>
      <trkpt lat="22.175531" lon="113.315353">
        <ele>0</ele>
        <time>2024-07-06T11:35:15Z</time>
      </trkpt>
      <trkpt lat="22.175544" lon="113.315353">
        <ele>0</ele>
        <time>2024-07-06T11:35:16Z</time>
      </trkpt>
      <trkpt lat="22.175557" lon="113.315354">
        <ele>0</ele>
        <time>2024-07-06T11:35:17Z</time>
      </trkpt>
      <trkpt lat="22.175569" lon="113.315361">
        <ele>0</ele>
        <time>2024-07-06T11:35:18Z</time>
      </trkpt>
      <trkpt lat="22.175578" lon="113.315361">
        <ele>0</ele>
        <time>2024-07-06T11:35:19Z</time>
      </trkpt>
      <trkpt lat="22.17559" lon="113.315359">
        <ele>0</ele>
        <time>2024-07-06T11:35:20Z</time>
      </trkpt>
      <trkpt lat="22.175605" lon="113.315342">
        <ele>0</ele>
        <time>2024-07-06T11:35:21Z</time>
      </trkpt>
      <trkpt lat="22.175616" lon="113.315312">
        <ele>0</ele>
        <time>2024-07-06T11:35:22Z</time>
      </trkpt>
      <trkpt lat="22.175619" lon="113.315282">
        <ele>0</ele>
        <time>2024-07-06T11:35:23Z</time>
      </trkpt>
      <trkpt lat="22.175615" lon="113.315259">
        <ele>0</ele>
        <time>2024-07-06T11:35:24Z</time>
      </trkpt>
      <trkpt lat="22.175611" lon="113.315237">
        <ele>0</ele>
        <time>2024-07-06T11:35:25Z</time>
      </trkpt>
      <trkpt lat="22.17561" lon="113.315221">
        <ele>0</ele>
        <time>2024-07-06T11:35:26Z</time>
      </trkpt>
      <trkpt lat="22.175612" lon="113.315199">
        <ele>0</ele>
        <time>2024-07-06T11:35:27Z</time>
      </trkpt>
      <trkpt lat="22.175621" lon="113.315184">
        <ele>0</ele>
        <time>2024-07-06T11:35:28Z</time>
      </trkpt>
      <trkpt lat="22.175637" lon="113.315169">
        <ele>0</ele>
        <time>2024-07-06T11:35:29Z</time>
      </trkpt>
      <trkpt lat="22.17566" lon="113.315163">
        <ele>0</ele>
        <time>2024-07-06T11:35:30Z</time>
      </trkpt>
      <trkpt lat="22.175685" lon="113.315163">
        <ele>0</ele>
        <time>2024-07-06T11:35:31Z</time>
      </trkpt>
      <trkpt lat="22.175711" lon="113.315171">
        <ele>0.1</ele>
        <time>2024-07-06T11:35:32Z</time>
      </trkpt>
      <trkpt lat="22.175729" lon="113.315179">
        <ele>0.1</ele>
        <time>2024-07-06T11:35:33Z</time>
      </trkpt>
      <trkpt lat="22.175738" lon="113.315186">
        <ele>0.1</ele>
        <time>2024-07-06T11:35:34Z</time>
      </trkpt>
      <trkpt lat="22.175743" lon="113.315186">
        <ele>0.1</ele>
        <time>2024-07-06T11:35:35Z</time>
      </trkpt>
      <trkpt lat="22.175747" lon="113.315186">
        <ele>0.1</ele>
        <time>2024-07-06T11:35:36Z</time>
      </trkpt>
      <trkpt lat="22.175747" lon="113.315186">
        <ele>0.1</ele>
        <time>2024-07-06T11:35:37Z</time>
      </trkpt>
      <trkpt lat="22.175751" lon="113.315193">
        <ele>0.1</ele>
        <time>2024-07-06T11:35:38Z</time>
      </trkpt>
      <trkpt lat="22.175769" lon="113.315193">
        <ele>0.1</ele>
        <time>2024-07-06T11:35:39Z</time>
      </trkpt>
      <trkpt lat="22.1758" lon="113.315192">
        <ele>0.1</ele>
        <time>2024-07-06T11:35:40Z</time>
      </trkpt>
      <trkpt lat="22.175828" lon="113.315177">
        <ele>0.1</ele>
        <time>2024-07-06T11:35:41Z</time>
      </trkpt>
      <trkpt lat="22.175856" lon="113.315168">
        <ele>0.1</ele>
        <time>2024-07-06T11:35:42Z</time>
      </trkpt>
      <trkpt lat="22.175877" lon="113.315146">
        <ele>0.1</ele>
        <time>2024-07-06T11:35:43Z</time>
      </trkpt>
      <trkpt lat="22.175901" lon="113.315131">
        <ele>0.1</ele>
        <time>2024-07-06T11:35:44Z</time>
      </trkpt>
      <trkpt lat="22.175928" lon="113.315124">
        <ele>0.1</ele>
        <time>2024-07-06T11:35:45Z</time>
      </trkpt>
      <trkpt lat="22.175962" lon="113.315124">
        <ele>0.1</ele>
        <time>2024-07-06T11:35:46Z</time>
      </trkpt>
      <trkpt lat="22.175997" lon="113.315124">
        <ele>0.1</ele>
        <time>2024-07-06T11:35:47Z</time>
      </trkpt>
      <trkpt lat="22.176035" lon="113.315125">
        <ele>0.1</ele>
        <time>2024-07-06T11:35:48Z</time>
      </trkpt>
      <trkpt lat="22.176071" lon="113.315132">
        <ele>0.1</ele>
        <time>2024-07-06T11:35:49Z</time>
      </trkpt>
      <trkpt lat="22.176109" lon="113.315133">
        <ele>0.1</ele>
        <time>2024-07-06T11:35:50Z</time>
      </trkpt>
      <trkpt lat="22.176147" lon="113.31514">
        <ele>0.1</ele>
        <time>2024-07-06T11:35:51Z</time>
      </trkpt>
      <trkpt lat="22.176179" lon="113.315139">
        <ele>0.1</ele>
        <time>2024-07-06T11:35:52Z</time>
      </trkpt>
      <trkpt lat="22.17621" lon="113.315132">
        <ele>0.1</ele>
        <time>2024-07-06T11:35:53Z</time>
      </trkpt>
      <trkpt lat="22.17624" lon="113.315131">
        <ele>0.1</ele>
        <time>2024-07-06T11:35:54Z</time>
      </trkpt>
      <trkpt lat="22.17627" lon="113.315124">
        <ele>0.1</ele>
        <time>2024-07-06T11:35:55Z</time>
      </trkpt>
      <trkpt lat="22.176295" lon="113.315124">
        <ele>0.1</ele>
        <time>2024-07-06T11:35:56Z</time>
      </trkpt>
      <trkpt lat="22.176322" lon="113.315116">
        <ele>0.1</ele>
        <time>2024-07-06T11:35:57Z</time>
      </trkpt>
      <trkpt lat="22.176349" lon="113.315108">
        <ele>0.1</ele>
        <time>2024-07-06T11:35:58Z</time>
      </trkpt>
      <trkpt lat="22.176379" lon="113.315101">
        <ele>0.2</ele>
        <time>2024-07-06T11:35:59Z</time>
      </trkpt>
      <trkpt lat="22.176408" lon="113.315093">
        <ele>0.2</ele>
        <time>2024-07-06T11:36:00Z</time>
      </trkpt>
      <trkpt lat="22.176435" lon="113.315086">
        <ele>0.2</ele>
        <time>2024-07-06T11:36:01Z</time>
      </trkpt>
      <trkpt lat="22.176463" lon="113.315078">
        <ele>0.2</ele>
        <time>2024-07-06T11:36:02Z</time>
      </trkpt>
      <trkpt lat="22.17649" lon="113.315071">
        <ele>0.2</ele>
        <time>2024-07-06T11:36:03Z</time>
      </trkpt>
      <trkpt lat="22.176523" lon="113.315071">
        <ele>0.2</ele>
        <time>2024-07-06T11:36:04Z</time>
      </trkpt>
      <trkpt lat="22.176555" lon="113.31507">
        <ele>0.2</ele>
        <time>2024-07-06T11:36:05Z</time>
      </trkpt>
      <trkpt lat="22.176584" lon="113.315063">
        <ele>0.2</ele>
        <time>2024-07-06T11:36:06Z</time>
      </trkpt>
      <trkpt lat="22.176614" lon="113.315055">
        <ele>0.2</ele>
        <time>2024-07-06T11:36:07Z</time>
      </trkpt>
      <trkpt lat="22.176642" lon="113.315047">
        <ele>0.2</ele>
        <time>2024-07-06T11:36:08Z</time>
      </trkpt>
      <trkpt lat="22.176669" lon="113.315033">
        <ele>0.2</ele>
        <time>2024-07-06T11:36:09Z</time>
      </trkpt>
      <trkpt lat="22.176694" lon="113.315032">
        <ele>0.2</ele>
        <time>2024-07-06T11:36:10Z</time>
      </trkpt>
      <trkpt lat="22.176721" lon="113.315024">
        <ele>0.2</ele>
        <time>2024-07-06T11:36:11Z</time>
      </trkpt>
      <trkpt lat="22.176747" lon="113.315018">
        <ele>0.2</ele>
        <time>2024-07-06T11:36:12Z</time>
      </trkpt>
      <trkpt lat="22.176772" lon="113.315017">
        <ele>0.2</ele>
        <time>2024-07-06T11:36:13Z</time>
      </trkpt>
      <trkpt lat="22.176799" lon="113.31501">
        <ele>0.2</ele>
        <time>2024-07-06T11:36:14Z</time>
      </trkpt>
      <trkpt lat="22.176828" lon="113.315009">
        <ele>0.2</ele>
        <time>2024-07-06T11:36:15Z</time>
      </trkpt>
      <trkpt lat="22.17686" lon="113.315002">
        <ele>0.2</ele>
        <time>2024-07-06T11:36:16Z</time>
      </trkpt>
      <trkpt lat="22.176886" lon="113.314995">
        <ele>0.2</ele>
        <time>2024-07-06T11:36:17Z</time>
      </trkpt>
      <trkpt lat="22.176907" lon="113.314994">
        <ele>0.2</ele>
        <time>2024-07-06T11:36:18Z</time>
      </trkpt>
      <trkpt lat="22.176928" lon="113.314986">
        <ele>0.2</ele>
        <time>2024-07-06T11:36:19Z</time>
      </trkpt>
      <trkpt lat="22.176949" lon="113.314979">
        <ele>0.2</ele>
        <time>2024-07-06T11:36:20Z</time>
      </trkpt>
      <trkpt lat="22.17697" lon="113.314972">
        <ele>0.2</ele>
        <time>2024-07-06T11:36:21Z</time>
      </trkpt>
      <trkpt lat="22.176991" lon="113.314971">
        <ele>0.2</ele>
        <time>2024-07-06T11:36:22Z</time>
      </trkpt>
      <trkpt lat="22.177014" lon="113.314964">
        <ele>0.2</ele>
        <time>2024-07-06T11:36:23Z</time>
      </trkpt>
      <trkpt lat="22.177034" lon="113.314966">
        <ele>0.2</ele>
        <time>2024-07-06T11:36:24Z</time>
      </trkpt>
      <trkpt lat="22.177051" lon="113.314981">
        <ele>0.1</ele>
        <time>2024-07-06T11:36:25Z</time>
      </trkpt>
      <trkpt lat="22.17706" lon="113.314998">
        <ele>0.1</ele>
        <time>2024-07-06T11:36:26Z</time>
      </trkpt>
      <trkpt lat="22.177067" lon="113.315028">
        <ele>0.1</ele>
        <time>2024-07-06T11:36:27Z</time>
      </trkpt>
      <trkpt lat="22.177074" lon="113.315057">
        <ele>0.1</ele>
        <time>2024-07-06T11:36:28Z</time>
      </trkpt>
      <trkpt lat="22.17709" lon="113.315073">
        <ele>0.1</ele>
        <time>2024-07-06T11:36:29Z</time>
      </trkpt>
      <trkpt lat="22.177113" lon="113.315086">
        <ele>0.1</ele>
        <time>2024-07-06T11:36:30Z</time>
      </trkpt>
      <trkpt lat="22.177136" lon="113.315086">
        <ele>0.1</ele>
        <time>2024-07-06T11:36:31Z</time>
      </trkpt>
      <trkpt lat="22.177158" lon="113.315085">
        <ele>0.1</ele>
        <time>2024-07-06T11:36:32Z</time>
      </trkpt>
      <trkpt lat="22.177177" lon="113.31507">
        <ele>0.1</ele>
        <time>2024-07-06T11:36:33Z</time>
      </trkpt>
      <trkpt lat="22.177195" lon="113.315054">
        <ele>0.1</ele>
        <time>2024-07-06T11:36:34Z</time>
      </trkpt>
      <trkpt lat="22.177221" lon="113.31504">
        <ele>0.1</ele>
        <time>2024-07-06T11:36:35Z</time>
      </trkpt>
      <trkpt lat="22.177252" lon="113.315032">
        <ele>0.1</ele>
        <time>2024-07-06T11:36:36Z</time>
      </trkpt>
      <trkpt lat="22.177286" lon="113.315024">
        <ele>0</ele>
        <time>2024-07-06T11:36:37Z</time>
      </trkpt>
      <trkpt lat="22.177323" lon="113.315016">
        <ele>0</ele>
        <time>2024-07-06T11:36:38Z</time>
      </trkpt>
      <trkpt lat="22.177358" lon="113.315002">
        <ele>0</ele>
        <time>2024-07-06T11:36:39Z</time>
      </trkpt>
      <trkpt lat="22.177394" lon="113.314993">
        <ele>0</ele>
        <time>2024-07-06T11:36:40Z</time>
      </trkpt>
      <trkpt lat="22.177427" lon="113.314979">
        <ele>0</ele>
        <time>2024-07-06T11:36:41Z</time>
      </trkpt>
      <trkpt lat="22.177458" lon="113.31497">
        <ele>0</ele>
        <time>2024-07-06T11:36:42Z</time>
      </trkpt>
      <trkpt lat="22.177489" lon="113.314956">
        <ele>0</ele>
        <time>2024-07-06T11:36:43Z</time>
      </trkpt>
      <trkpt lat="22.177519" lon="113.314948">
        <ele>0</ele>
        <time>2024-07-06T11:36:44Z</time>
      </trkpt>
      <trkpt lat="22.177549" lon="113.314941">
        <ele>-0.1</ele>
        <time>2024-07-06T11:36:45Z</time>
      </trkpt>
      <trkpt lat="22.177577" lon="113.314941">
        <ele>-0.1</ele>
        <time>2024-07-06T11:36:46Z</time>
      </trkpt>
      <trkpt lat="22.177608" lon="113.314934">
        <ele>-0.1</ele>
        <time>2024-07-06T11:36:47Z</time>
      </trkpt>
      <trkpt lat="22.177636" lon="113.314933">
        <ele>-0.1</ele>
        <time>2024-07-06T11:36:48Z</time>
      </trkpt>
      <trkpt lat="22.177659" lon="113.314925">
        <ele>-0.1</ele>
        <time>2024-07-06T11:36:49Z</time>
      </trkpt>
      <trkpt lat="22.177685" lon="113.314909">
        <ele>-0.1</ele>
        <time>2024-07-06T11:36:50Z</time>
      </trkpt>
      <trkpt lat="22.177708" lon="113.314895">
        <ele>-0.1</ele>
        <time>2024-07-06T11:36:51Z</time>
      </trkpt>
      <trkpt lat="22.177729" lon="113.314887">
        <ele>-0.1</ele>
        <time>2024-07-06T11:36:52Z</time>
      </trkpt>
      <trkpt lat="22.177752" lon="113.314879">
        <ele>-0.1</ele>
        <time>2024-07-06T11:36:53Z</time>
      </trkpt>
      <trkpt lat="22.177772" lon="113.314871">
        <ele>-0.1</ele>
        <time>2024-07-06T11:36:54Z</time>
      </trkpt>
      <trkpt lat="22.177785" lon="113.314856">
        <ele>-0.1</ele>
        <time>2024-07-06T11:36:55Z</time>
      </trkpt>
      <trkpt lat="22.17779" lon="113.31484">
        <ele>-0.1</ele>
        <time>2024-07-06T11:36:56Z</time>
      </trkpt>
      <trkpt lat="22.177791" lon="113.314818">
        <ele>-0.2</ele>
        <time>2024-07-06T11:36:57Z</time>
      </trkpt>
      <trkpt lat="22.177785" lon="113.314802">
        <ele>-0.2</ele>
        <time>2024-07-06T11:36:58Z</time>
      </trkpt>
      <trkpt lat="22.177776" lon="113.314779">
        <ele>-0.2</ele>
        <time>2024-07-06T11:36:59Z</time>
      </trkpt>
      <trkpt lat="22.177772" lon="113.314756">
        <ele>-0.2</ele>
        <time>2024-07-06T11:37:00Z</time>
      </trkpt>
      <trkpt lat="22.177766" lon="113.314732">
        <ele>-0.2</ele>
        <time>2024-07-06T11:37:01Z</time>
      </trkpt>
      <trkpt lat="22.177762" lon="113.314702">
        <ele>-0.2</ele>
        <time>2024-07-06T11:37:02Z</time>
      </trkpt>
      <trkpt lat="22.177772" lon="113.314681">
        <ele>-0.2</ele>
        <time>2024-07-06T11:37:03Z</time>
      </trkpt>
      <trkpt lat="22.177803" lon="113.314674">
        <ele>-0.2</ele>
        <time>2024-07-06T11:37:04Z</time>
      </trkpt>
      <trkpt lat="22.17784" lon="113.314667">
        <ele>-0.2</ele>
        <time>2024-07-06T11:37:05Z</time>
      </trkpt>
      <trkpt lat="22.17788" lon="113.314666">
        <ele>-0.2</ele>
        <time>2024-07-06T11:37:06Z</time>
      </trkpt>
      <trkpt lat="22.177917" lon="113.314658">
        <ele>-0.2</ele>
        <time>2024-07-06T11:37:07Z</time>
      </trkpt>
      <trkpt lat="22.177951" lon="113.31465">
        <ele>-0.3</ele>
        <time>2024-07-06T11:37:08Z</time>
      </trkpt>
      <trkpt lat="22.177982" lon="113.314635">
        <ele>-0.3</ele>
        <time>2024-07-06T11:37:09Z</time>
      </trkpt>
      <trkpt lat="22.178012" lon="113.314628">
        <ele>-0.3</ele>
        <time>2024-07-06T11:37:10Z</time>
      </trkpt>
      <trkpt lat="22.178041" lon="113.314621">
        <ele>-0.3</ele>
        <time>2024-07-06T11:37:11Z</time>
      </trkpt>
      <trkpt lat="22.178069" lon="113.31462">
        <ele>-0.3</ele>
        <time>2024-07-06T11:37:12Z</time>
      </trkpt>
      <trkpt lat="22.178098" lon="113.314612">
        <ele>-0.3</ele>
        <time>2024-07-06T11:37:13Z</time>
      </trkpt>
      <trkpt lat="22.178127" lon="113.314597">
        <ele>-0.3</ele>
        <time>2024-07-06T11:37:14Z</time>
      </trkpt>
      <trkpt lat="22.178157" lon="113.31459">
        <ele>-0.3</ele>
        <time>2024-07-06T11:37:15Z</time>
      </trkpt>
      <trkpt lat="22.178184" lon="113.314582">
        <ele>-0.3</ele>
        <time>2024-07-06T11:37:16Z</time>
      </trkpt>
      <trkpt lat="22.17821" lon="113.314575">
        <ele>-0.3</ele>
        <time>2024-07-06T11:37:17Z</time>
      </trkpt>
      <trkpt lat="22.178239" lon="113.314574">
        <ele>-0.4</ele>
        <time>2024-07-06T11:37:18Z</time>
      </trkpt>
      <trkpt lat="22.178266" lon="113.314567">
        <ele>-0.4</ele>
        <time>2024-07-06T11:37:19Z</time>
      </trkpt>
      <trkpt lat="22.17829" lon="113.314561">
        <ele>-0.4</ele>
        <time>2024-07-06T11:37:20Z</time>
      </trkpt>
      <trkpt lat="22.178311" lon="113.31457">
        <ele>-0.4</ele>
        <time>2024-07-06T11:37:21Z</time>
      </trkpt>
      <trkpt lat="22.17832" lon="113.314594">
        <ele>-0.4</ele>
        <time>2024-07-06T11:37:22Z</time>
      </trkpt>
      <trkpt lat="22.17832" lon="113.314623">
        <ele>-0.4</ele>
        <time>2024-07-06T11:37:23Z</time>
      </trkpt>
      <trkpt lat="22.178323" lon="113.314637">
        <ele>-0.4</ele>
        <time>2024-07-06T11:37:24Z</time>
      </trkpt>
      <trkpt lat="22.178331" lon="113.314643">
        <ele>-0.4</ele>
        <time>2024-07-06T11:37:25Z</time>
      </trkpt>
      <trkpt lat="22.178349" lon="113.314635">
        <ele>-0.4</ele>
        <time>2024-07-06T11:37:26Z</time>
      </trkpt>
      <trkpt lat="22.178372" lon="113.314628">
        <ele>-0.4</ele>
        <time>2024-07-06T11:37:27Z</time>
      </trkpt>
      <trkpt lat="22.178394" lon="113.314619">
        <ele>-0.4</ele>
        <time>2024-07-06T11:37:28Z</time>
      </trkpt>
      <trkpt lat="22.178414" lon="113.314598">
        <ele>-0.4</ele>
        <time>2024-07-06T11:37:29Z</time>
      </trkpt>
      <trkpt lat="22.178436" lon="113.3146">
        <ele>-0.4</ele>
        <time>2024-07-06T11:37:30Z</time>
      </trkpt>
      <trkpt lat="22.17847" lon="113.314614">
        <ele>-0.4</ele>
        <time>2024-07-06T11:37:31Z</time>
      </trkpt>
      <trkpt lat="22.1785" lon="113.314623">
        <ele>-0.4</ele>
        <time>2024-07-06T11:37:32Z</time>
      </trkpt>
      <trkpt lat="22.178527" lon="113.314635">
        <ele>-0.4</ele>
        <time>2024-07-06T11:37:33Z</time>
      </trkpt>
      <trkpt lat="22.178554" lon="113.314628">
        <ele>-0.4</ele>
        <time>2024-07-06T11:37:34Z</time>
      </trkpt>
      <trkpt lat="22.178584" lon="113.31462">
        <ele>-0.4</ele>
        <time>2024-07-06T11:37:35Z</time>
      </trkpt>
      <trkpt lat="22.178609" lon="113.314612">
        <ele>-0.4</ele>
        <time>2024-07-06T11:37:36Z</time>
      </trkpt>
      <trkpt lat="22.178637" lon="113.314598">
        <ele>-0.4</ele>
        <time>2024-07-06T11:37:37Z</time>
      </trkpt>
      <trkpt lat="22.178666" lon="113.314597">
        <ele>-0.4</ele>
        <time>2024-07-06T11:37:38Z</time>
      </trkpt>
      <trkpt lat="22.178695" lon="113.31459">
        <ele>-0.4</ele>
        <time>2024-07-06T11:37:39Z</time>
      </trkpt>
      <trkpt lat="22.178725" lon="113.314591">
        <ele>-0.4</ele>
        <time>2024-07-06T11:37:40Z</time>
      </trkpt>
      <trkpt lat="22.178754" lon="113.3146">
        <ele>-0.4</ele>
        <time>2024-07-06T11:37:41Z</time>
      </trkpt>
      <trkpt lat="22.178781" lon="113.314614">
        <ele>-0.4</ele>
        <time>2024-07-06T11:37:42Z</time>
      </trkpt>
      <trkpt lat="22.178809" lon="113.314621">
        <ele>-0.4</ele>
        <time>2024-07-06T11:37:43Z</time>
      </trkpt>
      <trkpt lat="22.178832" lon="113.314621">
        <ele>-0.4</ele>
        <time>2024-07-06T11:37:44Z</time>
      </trkpt>
      <trkpt lat="22.178859" lon="113.314621">
        <ele>-0.4</ele>
        <time>2024-07-06T11:37:45Z</time>
      </trkpt>
      <trkpt lat="22.17889" lon="113.314622">
        <ele>-0.4</ele>
        <time>2024-07-06T11:37:46Z</time>
      </trkpt>
      <trkpt lat="22.17892" lon="113.314629">
        <ele>-0.4</ele>
        <time>2024-07-06T11:37:47Z</time>
      </trkpt>
      <trkpt lat="22.178951" lon="113.314636">
        <ele>-0.4</ele>
        <time>2024-07-06T11:37:48Z</time>
      </trkpt>
      <trkpt lat="22.178984" lon="113.314636">
        <ele>-0.5</ele>
        <time>2024-07-06T11:37:49Z</time>
      </trkpt>
      <trkpt lat="22.17902" lon="113.314635">
        <ele>-0.5</ele>
        <time>2024-07-06T11:37:50Z</time>
      </trkpt>
      <trkpt lat="22.179057" lon="113.31462">
        <ele>-0.5</ele>
        <time>2024-07-06T11:37:51Z</time>
      </trkpt>
      <trkpt lat="22.179096" lon="113.314612">
        <ele>-0.5</ele>
        <time>2024-07-06T11:37:52Z</time>
      </trkpt>
      <trkpt lat="22.179132" lon="113.314597">
        <ele>-0.5</ele>
        <time>2024-07-06T11:37:53Z</time>
      </trkpt>
      <trkpt lat="22.179164" lon="113.314581">
        <ele>-0.5</ele>
        <time>2024-07-06T11:37:54Z</time>
      </trkpt>
      <trkpt lat="22.179197" lon="113.314565">
        <ele>-0.5</ele>
        <time>2024-07-06T11:37:55Z</time>
      </trkpt>
      <trkpt lat="22.179231" lon="113.314541">
        <ele>-0.5</ele>
        <time>2024-07-06T11:37:56Z</time>
      </trkpt>
      <trkpt lat="22.179266" lon="113.314512">
        <ele>-0.5</ele>
        <time>2024-07-06T11:37:57Z</time>
      </trkpt>
      <trkpt lat="22.179298" lon="113.314488">
        <ele>-0.5</ele>
        <time>2024-07-06T11:37:58Z</time>
      </trkpt>
      <trkpt lat="22.179326" lon="113.314459">
        <ele>-0.5</ele>
        <time>2024-07-06T11:37:59Z</time>
      </trkpt>
      <trkpt lat="22.179355" lon="113.314444">
        <ele>-0.5</ele>
        <time>2024-07-06T11:38:00Z</time>
      </trkpt>
      <trkpt lat="22.179384" lon="113.314429">
        <ele>-0.5</ele>
        <time>2024-07-06T11:38:01Z</time>
      </trkpt>
      <trkpt lat="22.179418" lon="113.314423">
        <ele>-0.5</ele>
        <time>2024-07-06T11:38:02Z</time>
      </trkpt>
      <trkpt lat="22.179451" lon="113.314422">
        <ele>-0.5</ele>
        <time>2024-07-06T11:38:03Z</time>
      </trkpt>
      <trkpt lat="22.179485" lon="113.314415">
        <ele>-0.5</ele>
        <time>2024-07-06T11:38:04Z</time>
      </trkpt>
      <trkpt lat="22.179521" lon="113.314415">
        <ele>-0.5</ele>
        <time>2024-07-06T11:38:05Z</time>
      </trkpt>
      <trkpt lat="22.179558" lon="113.314417">
        <ele>-0.5</ele>
        <time>2024-07-06T11:38:06Z</time>
      </trkpt>
      <trkpt lat="22.179599" lon="113.314431">
        <ele>-0.5</ele>
        <time>2024-07-06T11:38:07Z</time>
      </trkpt>
      <trkpt lat="22.179638" lon="113.314439">
        <ele>-0.5</ele>
        <time>2024-07-06T11:38:08Z</time>
      </trkpt>
      <trkpt lat="22.179679" lon="113.314445">
        <ele>-0.5</ele>
        <time>2024-07-06T11:38:09Z</time>
      </trkpt>
      <trkpt lat="22.179722" lon="113.314445">
        <ele>-0.5</ele>
        <time>2024-07-06T11:38:10Z</time>
      </trkpt>
      <trkpt lat="22.179766" lon="113.314445">
        <ele>-0.5</ele>
        <time>2024-07-06T11:38:11Z</time>
      </trkpt>
      <trkpt lat="22.179804" lon="113.314437">
        <ele>-0.5</ele>
        <time>2024-07-06T11:38:12Z</time>
      </trkpt>
      <trkpt lat="22.179838" lon="113.314429">
        <ele>-0.5</ele>
        <time>2024-07-06T11:38:13Z</time>
      </trkpt>
      <trkpt lat="22.179875" lon="113.314413">
        <ele>-0.5</ele>
        <time>2024-07-06T11:38:14Z</time>
      </trkpt>
      <trkpt lat="22.179903" lon="113.314401">
        <ele>-0.5</ele>
        <time>2024-07-06T11:38:15Z</time>
      </trkpt>
      <trkpt lat="22.179922" lon="113.31441">
        <ele>-0.5</ele>
        <time>2024-07-06T11:38:16Z</time>
      </trkpt>
      <trkpt lat="22.179937" lon="113.314433">
        <ele>-0.5</ele>
        <time>2024-07-06T11:38:17Z</time>
      </trkpt>
      <trkpt lat="22.179951" lon="113.314455">
        <ele>-0.5</ele>
        <time>2024-07-06T11:38:18Z</time>
      </trkpt>
      <trkpt lat="22.179972" lon="113.314467">
        <ele>-0.5</ele>
        <time>2024-07-06T11:38:19Z</time>
      </trkpt>
      <trkpt lat="22.180006" lon="113.314452">
        <ele>-0.5</ele>
        <time>2024-07-06T11:38:20Z</time>
      </trkpt>
      <trkpt lat="22.180042" lon="113.314436">
        <ele>-0.5</ele>
        <time>2024-07-06T11:38:21Z</time>
      </trkpt>
      <trkpt lat="22.180073" lon="113.314421">
        <ele>-0.6</ele>
        <time>2024-07-06T11:38:22Z</time>
      </trkpt>
      <trkpt lat="22.180107" lon="113.314406">
        <ele>-0.6</ele>
        <time>2024-07-06T11:38:23Z</time>
      </trkpt>
      <trkpt lat="22.180144" lon="113.314391">
        <ele>-0.6</ele>
        <time>2024-07-06T11:38:24Z</time>
      </trkpt>
      <trkpt lat="22.180184" lon="113.314384">
        <ele>-0.6</ele>
        <time>2024-07-06T11:38:25Z</time>
      </trkpt>
      <trkpt lat="22.180222" lon="113.314376">
        <ele>-0.6</ele>
        <time>2024-07-06T11:38:26Z</time>
      </trkpt>
      <trkpt lat="22.18026" lon="113.314368">
        <ele>-0.6</ele>
        <time>2024-07-06T11:38:27Z</time>
      </trkpt>
      <trkpt lat="22.180296" lon="113.314362">
        <ele>-0.6</ele>
        <time>2024-07-06T11:38:28Z</time>
      </trkpt>
      <trkpt lat="22.180334" lon="113.314362">
        <ele>-0.6</ele>
        <time>2024-07-06T11:38:29Z</time>
      </trkpt>
      <trkpt lat="22.180374" lon="113.314361">
        <ele>-0.6</ele>
        <time>2024-07-06T11:38:30Z</time>
      </trkpt>
      <trkpt lat="22.180412" lon="113.314352">
        <ele>-0.6</ele>
        <time>2024-07-06T11:38:31Z</time>
      </trkpt>
      <trkpt lat="22.180453" lon="113.314337">
        <ele>-0.6</ele>
        <time>2024-07-06T11:38:32Z</time>
      </trkpt>
      <trkpt lat="22.180495" lon="113.314321">
        <ele>-0.6</ele>
        <time>2024-07-06T11:38:33Z</time>
      </trkpt>
      <trkpt lat="22.180535" lon="113.314299">
        <ele>-0.6</ele>
        <time>2024-07-06T11:38:34Z</time>
      </trkpt>
      <trkpt lat="22.180579" lon="113.314284">
        <ele>-0.6</ele>
        <time>2024-07-06T11:38:35Z</time>
      </trkpt>
      <trkpt lat="22.180622" lon="113.314269">
        <ele>-0.6</ele>
        <time>2024-07-06T11:38:36Z</time>
      </trkpt>
      <trkpt lat="22.180663" lon="113.314253">
        <ele>-0.6</ele>
        <time>2024-07-06T11:38:37Z</time>
      </trkpt>
      <trkpt lat="22.180705" lon="113.314239">
        <ele>-0.6</ele>
        <time>2024-07-06T11:38:38Z</time>
      </trkpt>
      <trkpt lat="22.180748" lon="113.31423">
        <ele>-0.6</ele>
        <time>2024-07-06T11:38:39Z</time>
      </trkpt>
      <trkpt lat="22.180786" lon="113.314216">
        <ele>-0.6</ele>
        <time>2024-07-06T11:38:40Z</time>
      </trkpt>
      <trkpt lat="22.180826" lon="113.314207">
        <ele>-0.7</ele>
        <time>2024-07-06T11:38:41Z</time>
      </trkpt>
      <trkpt lat="22.180862" lon="113.314192">
        <ele>-0.7</ele>
        <time>2024-07-06T11:38:42Z</time>
      </trkpt>
      <trkpt lat="22.180898" lon="113.314178">
        <ele>-0.7</ele>
        <time>2024-07-06T11:38:43Z</time>
      </trkpt>
      <trkpt lat="22.180929" lon="113.314171">
        <ele>-0.7</ele>
        <time>2024-07-06T11:38:44Z</time>
      </trkpt>
      <trkpt lat="22.180961" lon="113.314171">
        <ele>-0.7</ele>
        <time>2024-07-06T11:38:45Z</time>
      </trkpt>
      <trkpt lat="22.180998" lon="113.314171">
        <ele>-0.7</ele>
        <time>2024-07-06T11:38:46Z</time>
      </trkpt>
      <trkpt lat="22.18103" lon="113.314169">
        <ele>-0.7</ele>
        <time>2024-07-06T11:38:47Z</time>
      </trkpt>
      <trkpt lat="22.181063" lon="113.314153">
        <ele>-0.7</ele>
        <time>2024-07-06T11:38:48Z</time>
      </trkpt>
      <trkpt lat="22.1811" lon="113.314131">
        <ele>-0.7</ele>
        <time>2024-07-06T11:38:49Z</time>
      </trkpt>
      <trkpt lat="22.18114" lon="113.314117">
        <ele>-0.7</ele>
        <time>2024-07-06T11:38:50Z</time>
      </trkpt>
      <trkpt lat="22.181181" lon="113.314108">
        <ele>-0.7</ele>
        <time>2024-07-06T11:38:51Z</time>
      </trkpt>
      <trkpt lat="22.181224" lon="113.314094">
        <ele>-0.7</ele>
        <time>2024-07-06T11:38:52Z</time>
      </trkpt>
      <trkpt lat="22.181266" lon="113.314085">
        <ele>-0.7</ele>
        <time>2024-07-06T11:38:53Z</time>
      </trkpt>
      <trkpt lat="22.18131" lon="113.31407">
        <ele>-0.7</ele>
        <time>2024-07-06T11:38:54Z</time>
      </trkpt>
      <trkpt lat="22.181354" lon="113.314056">
        <ele>-0.7</ele>
        <time>2024-07-06T11:38:55Z</time>
      </trkpt>
      <trkpt lat="22.181395" lon="113.314048">
        <ele>-0.7</ele>
        <time>2024-07-06T11:38:56Z</time>
      </trkpt>
      <trkpt lat="22.181435" lon="113.31404">
        <ele>-0.7</ele>
        <time>2024-07-06T11:38:57Z</time>
      </trkpt>
      <trkpt lat="22.181474" lon="113.314032">
        <ele>-0.7</ele>
        <time>2024-07-06T11:38:58Z</time>
      </trkpt>
      <trkpt lat="22.181516" lon="113.314017">
        <ele>-0.7</ele>
        <time>2024-07-06T11:38:59Z</time>
      </trkpt>
      <trkpt lat="22.181557" lon="113.314001">
        <ele>-0.8</ele>
        <time>2024-07-06T11:39:00Z</time>
      </trkpt>
      <trkpt lat="22.181601" lon="113.313986">
        <ele>-0.8</ele>
        <time>2024-07-06T11:39:01Z</time>
      </trkpt>
      <trkpt lat="22.181646" lon="113.313972">
        <ele>-0.8</ele>
        <time>2024-07-06T11:39:02Z</time>
      </trkpt>
      <trkpt lat="22.181691" lon="113.313963">
        <ele>-0.8</ele>
        <time>2024-07-06T11:39:03Z</time>
      </trkpt>
      <trkpt lat="22.181737" lon="113.313949">
        <ele>-0.8</ele>
        <time>2024-07-06T11:39:04Z</time>
      </trkpt>
      <trkpt lat="22.181784" lon="113.31394">
        <ele>-0.8</ele>
        <time>2024-07-06T11:39:05Z</time>
      </trkpt>
      <trkpt lat="22.18183" lon="113.313925">
        <ele>-0.8</ele>
        <time>2024-07-06T11:39:06Z</time>
      </trkpt>
      <trkpt lat="22.181878" lon="113.31391">
        <ele>-0.8</ele>
        <time>2024-07-06T11:39:07Z</time>
      </trkpt>
      <trkpt lat="22.181924" lon="113.313894">
        <ele>-0.8</ele>
        <time>2024-07-06T11:39:08Z</time>
      </trkpt>
      <trkpt lat="22.181971" lon="113.313872">
        <ele>-0.8</ele>
        <time>2024-07-06T11:39:09Z</time>
      </trkpt>
      <trkpt lat="22.182014" lon="113.313856">
        <ele>-0.8</ele>
        <time>2024-07-06T11:39:10Z</time>
      </trkpt>
      <trkpt lat="22.182059" lon="113.313841">
        <ele>-0.9</ele>
        <time>2024-07-06T11:39:11Z</time>
      </trkpt>
      <trkpt lat="22.1821" lon="113.313826">
        <ele>-0.9</ele>
        <time>2024-07-06T11:39:12Z</time>
      </trkpt>
      <trkpt lat="22.182138" lon="113.313811">
        <ele>-0.9</ele>
        <time>2024-07-06T11:39:13Z</time>
      </trkpt>
      <trkpt lat="22.182173" lon="113.313796">
        <ele>-0.9</ele>
        <time>2024-07-06T11:39:14Z</time>
      </trkpt>
      <trkpt lat="22.18221" lon="113.313789">
        <ele>-0.9</ele>
        <time>2024-07-06T11:39:15Z</time>
      </trkpt>
      <trkpt lat="22.182249" lon="113.313789">
        <ele>-0.9</ele>
        <time>2024-07-06T11:39:16Z</time>
      </trkpt>
      <trkpt lat="22.182292" lon="113.313781">
        <ele>-0.9</ele>
        <time>2024-07-06T11:39:17Z</time>
      </trkpt>
      <trkpt lat="22.182336" lon="113.313772">
        <ele>-0.9</ele>
        <time>2024-07-06T11:39:18Z</time>
      </trkpt>
      <trkpt lat="22.18238" lon="113.313758">
        <ele>-0.9</ele>
        <time>2024-07-06T11:39:19Z</time>
      </trkpt>
      <trkpt lat="22.182425" lon="113.31375">
        <ele>-0.9</ele>
        <time>2024-07-06T11:39:20Z</time>
      </trkpt>
      <trkpt lat="22.182469" lon="113.313742">
        <ele>-0.9</ele>
        <time>2024-07-06T11:39:21Z</time>
      </trkpt>
      <trkpt lat="22.182513" lon="113.313727">
        <ele>-1</ele>
        <time>2024-07-06T11:39:22Z</time>
      </trkpt>
      <trkpt lat="22.182557" lon="113.313711">
        <ele>-1</ele>
        <time>2024-07-06T11:39:23Z</time>
      </trkpt>
      <trkpt lat="22.182601" lon="113.313696">
        <ele>-1</ele>
        <time>2024-07-06T11:39:24Z</time>
      </trkpt>
      <trkpt lat="22.182645" lon="113.313681">
        <ele>-1</ele>
        <time>2024-07-06T11:39:25Z</time>
      </trkpt>
      <trkpt lat="22.18269" lon="113.313667">
        <ele>-1</ele>
        <time>2024-07-06T11:39:26Z</time>
      </trkpt>
      <trkpt lat="22.18273" lon="113.313659">
        <ele>-1</ele>
        <time>2024-07-06T11:39:27Z</time>
      </trkpt>
      <trkpt lat="22.18277" lon="113.31365">
        <ele>-1</ele>
        <time>2024-07-06T11:39:28Z</time>
      </trkpt>
      <trkpt lat="22.18281" lon="113.313635">
        <ele>-1</ele>
        <time>2024-07-06T11:39:29Z</time>
      </trkpt>
      <trkpt lat="22.182848" lon="113.313621">
        <ele>-1</ele>
        <time>2024-07-06T11:39:30Z</time>
      </trkpt>
      <trkpt lat="22.182882" lon="113.313613">
        <ele>-1</ele>
        <time>2024-07-06T11:39:31Z</time>
      </trkpt>
      <trkpt lat="22.182916" lon="113.313606">
        <ele>-1</ele>
        <time>2024-07-06T11:39:32Z</time>
      </trkpt>
      <trkpt lat="22.182949" lon="113.313598">
        <ele>-1</ele>
        <time>2024-07-06T11:39:33Z</time>
      </trkpt>
      <trkpt lat="22.182979" lon="113.31359">
        <ele>-1.1</ele>
        <time>2024-07-06T11:39:34Z</time>
      </trkpt>
      <trkpt lat="22.183014" lon="113.313583">
        <ele>-1.1</ele>
        <time>2024-07-06T11:39:35Z</time>
      </trkpt>
      <trkpt lat="22.183052" lon="113.313574">
        <ele>-1.1</ele>
        <time>2024-07-06T11:39:36Z</time>
      </trkpt>
      <trkpt lat="22.183088" lon="113.313559">
        <ele>-1.1</ele>
        <time>2024-07-06T11:39:37Z</time>
      </trkpt>
      <trkpt lat="22.183125" lon="113.313544">
        <ele>-1.1</ele>
        <time>2024-07-06T11:39:38Z</time>
      </trkpt>
      <trkpt lat="22.183165" lon="113.313529">
        <ele>-1.1</ele>
        <time>2024-07-06T11:39:39Z</time>
      </trkpt>
      <trkpt lat="22.183207" lon="113.313522">
        <ele>-1.1</ele>
        <time>2024-07-06T11:39:40Z</time>
      </trkpt>
      <trkpt lat="22.183249" lon="113.313514">
        <ele>-1.1</ele>
        <time>2024-07-06T11:39:41Z</time>
      </trkpt>
      <trkpt lat="22.183289" lon="113.313506">
        <ele>-1.1</ele>
        <time>2024-07-06T11:39:42Z</time>
      </trkpt>
      <trkpt lat="22.183333" lon="113.313498">
        <ele>-1.1</ele>
        <time>2024-07-06T11:39:43Z</time>
      </trkpt>
      <trkpt lat="22.183377" lon="113.313483">
        <ele>-1.1</ele>
        <time>2024-07-06T11:39:44Z</time>
      </trkpt>
      <trkpt lat="22.183425" lon="113.313475">
        <ele>-1.1</ele>
        <time>2024-07-06T11:39:45Z</time>
      </trkpt>
      <trkpt lat="22.183471" lon="113.313461">
        <ele>-1.1</ele>
        <time>2024-07-06T11:39:46Z</time>
      </trkpt>
      <trkpt lat="22.183519" lon="113.313453">
        <ele>-1.1</ele>
        <time>2024-07-06T11:39:47Z</time>
      </trkpt>
      <trkpt lat="22.183568" lon="113.313445">
        <ele>-1.1</ele>
        <time>2024-07-06T11:39:48Z</time>
      </trkpt>
      <trkpt lat="22.183618" lon="113.313429">
        <ele>-1.1</ele>
        <time>2024-07-06T11:39:49Z</time>
      </trkpt>
      <trkpt lat="22.183662" lon="113.313415">
        <ele>-1.1</ele>
        <time>2024-07-06T11:39:50Z</time>
      </trkpt>
      <trkpt lat="22.183705" lon="113.313407">
        <ele>-1.1</ele>
        <time>2024-07-06T11:39:51Z</time>
      </trkpt>
      <trkpt lat="22.18375" lon="113.313399">
        <ele>-1.1</ele>
        <time>2024-07-06T11:39:52Z</time>
      </trkpt>
      <trkpt lat="22.183793" lon="113.313384">
        <ele>-1</ele>
        <time>2024-07-06T11:39:53Z</time>
      </trkpt>
      <trkpt lat="22.183845" lon="113.313377">
        <ele>-1</ele>
        <time>2024-07-06T11:39:54Z</time>
      </trkpt>
      <trkpt lat="22.183888" lon="113.313377">
        <ele>-1</ele>
        <time>2024-07-06T11:39:55Z</time>
      </trkpt>
      <trkpt lat="22.183933" lon="113.313376">
        <ele>-1</ele>
        <time>2024-07-06T11:39:56Z</time>
      </trkpt>
      <trkpt lat="22.183982" lon="113.313361">
        <ele>-1</ele>
        <time>2024-07-06T11:39:57Z</time>
      </trkpt>
      <trkpt lat="22.184032" lon="113.313354">
        <ele>-1</ele>
        <time>2024-07-06T11:39:58Z</time>
      </trkpt>
      <trkpt lat="22.184081" lon="113.313346">
        <ele>-1</ele>
        <time>2024-07-06T11:39:59Z</time>
      </trkpt>
      <trkpt lat="22.184129" lon="113.313338">
        <ele>-1</ele>
        <time>2024-07-06T11:40:00Z</time>
      </trkpt>
      <trkpt lat="22.184174" lon="113.31333">
        <ele>-0.9</ele>
        <time>2024-07-06T11:40:01Z</time>
      </trkpt>
      <trkpt lat="22.184218" lon="113.313316">
        <ele>-0.9</ele>
        <time>2024-07-06T11:40:02Z</time>
      </trkpt>
      <trkpt lat="22.184262" lon="113.313316">
        <ele>-0.9</ele>
        <time>2024-07-06T11:40:03Z</time>
      </trkpt>
      <trkpt lat="22.184304" lon="113.313309">
        <ele>-0.9</ele>
        <time>2024-07-06T11:40:04Z</time>
      </trkpt>
      <trkpt lat="22.184345" lon="113.313308">
        <ele>-0.9</ele>
        <time>2024-07-06T11:40:05Z</time>
      </trkpt>
      <trkpt lat="22.184383" lon="113.3133">
        <ele>-0.9</ele>
        <time>2024-07-06T11:40:06Z</time>
      </trkpt>
      <trkpt lat="22.184418" lon="113.313286">
        <ele>-0.9</ele>
        <time>2024-07-06T11:40:07Z</time>
      </trkpt>
      <trkpt lat="22.184458" lon="113.313286">
        <ele>-0.9</ele>
        <time>2024-07-06T11:40:08Z</time>
      </trkpt>
      <trkpt lat="22.184494" lon="113.313285">
        <ele>-0.9</ele>
        <time>2024-07-06T11:40:09Z</time>
      </trkpt>
      <trkpt lat="22.184526" lon="113.313278">
        <ele>-0.8</ele>
        <time>2024-07-06T11:40:10Z</time>
      </trkpt>
      <trkpt lat="22.184561" lon="113.313278">
        <ele>-0.8</ele>
        <time>2024-07-06T11:40:11Z</time>
      </trkpt>
      <trkpt lat="22.184597" lon="113.313277">
        <ele>-0.8</ele>
        <time>2024-07-06T11:40:12Z</time>
      </trkpt>
      <trkpt lat="22.184631" lon="113.31327">
        <ele>-0.8</ele>
        <time>2024-07-06T11:40:13Z</time>
      </trkpt>
      <trkpt lat="22.184665" lon="113.313262">
        <ele>-0.8</ele>
        <time>2024-07-06T11:40:14Z</time>
      </trkpt>
      <trkpt lat="22.184696" lon="113.313255">
        <ele>-0.8</ele>
        <time>2024-07-06T11:40:15Z</time>
      </trkpt>
      <trkpt lat="22.184726" lon="113.313248">
        <ele>-0.8</ele>
        <time>2024-07-06T11:40:16Z</time>
      </trkpt>
      <trkpt lat="22.184759" lon="113.313248">
        <ele>-0.8</ele>
        <time>2024-07-06T11:40:17Z</time>
      </trkpt>
      <trkpt lat="22.1848" lon="113.313254">
        <ele>-0.8</ele>
        <time>2024-07-06T11:40:18Z</time>
      </trkpt>
      <trkpt lat="22.184838" lon="113.313248">
        <ele>-0.8</ele>
        <time>2024-07-06T11:40:19Z</time>
      </trkpt>
      <trkpt lat="22.184882" lon="113.313247">
        <ele>-0.7</ele>
        <time>2024-07-06T11:40:20Z</time>
      </trkpt>
      <trkpt lat="22.184924" lon="113.313239">
        <ele>-0.7</ele>
        <time>2024-07-06T11:40:21Z</time>
      </trkpt>
      <trkpt lat="22.184965" lon="113.313232">
        <ele>-0.7</ele>
        <time>2024-07-06T11:40:22Z</time>
      </trkpt>
      <trkpt lat="22.185005" lon="113.313232">
        <ele>-0.7</ele>
        <time>2024-07-06T11:40:23Z</time>
      </trkpt>
      <trkpt lat="22.185043" lon="113.313224">
        <ele>-0.7</ele>
        <time>2024-07-06T11:40:24Z</time>
      </trkpt>
      <trkpt lat="22.18508" lon="113.313217">
        <ele>-0.7</ele>
        <time>2024-07-06T11:40:25Z</time>
      </trkpt>
      <trkpt lat="22.185116" lon="113.313216">
        <ele>-0.7</ele>
        <time>2024-07-06T11:40:26Z</time>
      </trkpt>
      <trkpt lat="22.185152" lon="113.31321">
        <ele>-0.7</ele>
        <time>2024-07-06T11:40:27Z</time>
      </trkpt>
      <trkpt lat="22.185186" lon="113.313209">
        <ele>-0.7</ele>
        <time>2024-07-06T11:40:28Z</time>
      </trkpt>
      <trkpt lat="22.185216" lon="113.313203">
        <ele>-0.7</ele>
        <time>2024-07-06T11:40:29Z</time>
      </trkpt>
      <trkpt lat="22.185249" lon="113.31321">
        <ele>-0.7</ele>
        <time>2024-07-06T11:40:30Z</time>
      </trkpt>
      <trkpt lat="22.185277" lon="113.31321">
        <ele>-0.7</ele>
        <time>2024-07-06T11:40:31Z</time>
      </trkpt>
      <trkpt lat="22.185306" lon="113.31321">
        <ele>-0.7</ele>
        <time>2024-07-06T11:40:32Z</time>
      </trkpt>
      <trkpt lat="22.185338" lon="113.313217">
        <ele>-0.6</ele>
        <time>2024-07-06T11:40:33Z</time>
      </trkpt>
      <trkpt lat="22.185369" lon="113.313217">
        <ele>-0.6</ele>
        <time>2024-07-06T11:40:34Z</time>
      </trkpt>
      <trkpt lat="22.185397" lon="113.313216">
        <ele>-0.6</ele>
        <time>2024-07-06T11:40:35Z</time>
      </trkpt>
      <trkpt lat="22.185423" lon="113.313209">
        <ele>-0.6</ele>
        <time>2024-07-06T11:40:36Z</time>
      </trkpt>
      <trkpt lat="22.185448" lon="113.313202">
        <ele>-0.6</ele>
        <time>2024-07-06T11:40:37Z</time>
      </trkpt>
      <trkpt lat="22.185475" lon="113.313202">
        <ele>-0.6</ele>
        <time>2024-07-06T11:40:38Z</time>
      </trkpt>
      <trkpt lat="22.185502" lon="113.313202">
        <ele>-0.6</ele>
        <time>2024-07-06T11:40:39Z</time>
      </trkpt>
      <trkpt lat="22.185529" lon="113.313202">
        <ele>-0.6</ele>
        <time>2024-07-06T11:40:40Z</time>
      </trkpt>
      <trkpt lat="22.185555" lon="113.313202">
        <ele>-0.6</ele>
        <time>2024-07-06T11:40:41Z</time>
      </trkpt>
      <trkpt lat="22.18558" lon="113.313202">
        <ele>-0.6</ele>
        <time>2024-07-06T11:40:42Z</time>
      </trkpt>
      <trkpt lat="22.185609" lon="113.313202">
        <ele>-0.6</ele>
        <time>2024-07-06T11:40:43Z</time>
      </trkpt>
      <trkpt lat="22.185635" lon="113.313202">
        <ele>-0.6</ele>
        <time>2024-07-06T11:40:44Z</time>
      </trkpt>
      <trkpt lat="22.18566" lon="113.313201">
        <ele>-0.6</ele>
        <time>2024-07-06T11:40:45Z</time>
      </trkpt>
      <trkpt lat="22.185687" lon="113.313194">
        <ele>-0.6</ele>
        <time>2024-07-06T11:40:46Z</time>
      </trkpt>
      <trkpt lat="22.185714" lon="113.313193">
        <ele>-0.6</ele>
        <time>2024-07-06T11:40:47Z</time>
      </trkpt>
      <trkpt lat="22.185738" lon="113.313187">
        <ele>-0.6</ele>
        <time>2024-07-06T11:40:48Z</time>
      </trkpt>
      <trkpt lat="22.185764" lon="113.313187">
        <ele>-0.6</ele>
        <time>2024-07-06T11:40:49Z</time>
      </trkpt>
      <trkpt lat="22.185794" lon="113.313187">
        <ele>-0.6</ele>
        <time>2024-07-06T11:40:50Z</time>
      </trkpt>
      <trkpt lat="22.185819" lon="113.313187">
        <ele>-0.6</ele>
        <time>2024-07-06T11:40:51Z</time>
      </trkpt>
      <trkpt lat="22.185846" lon="113.313187">
        <ele>-0.6</ele>
        <time>2024-07-06T11:40:52Z</time>
      </trkpt>
      <trkpt lat="22.185872" lon="113.313187">
        <ele>-0.6</ele>
        <time>2024-07-06T11:40:53Z</time>
      </trkpt>
      <trkpt lat="22.185896" lon="113.313187">
        <ele>-0.6</ele>
        <time>2024-07-06T11:40:54Z</time>
      </trkpt>
      <trkpt lat="22.185917" lon="113.313187">
        <ele>-0.6</ele>
        <time>2024-07-06T11:40:55Z</time>
      </trkpt>
      <trkpt lat="22.185936" lon="113.313187">
        <ele>-0.6</ele>
        <time>2024-07-06T11:40:56Z</time>
      </trkpt>
      <trkpt lat="22.185957" lon="113.313187">
        <ele>-0.6</ele>
        <time>2024-07-06T11:40:57Z</time>
      </trkpt>
      <trkpt lat="22.185978" lon="113.313187">
        <ele>-0.6</ele>
        <time>2024-07-06T11:40:58Z</time>
      </trkpt>
      <trkpt lat="22.186001" lon="113.313187">
        <ele>-0.6</ele>
        <time>2024-07-06T11:40:59Z</time>
      </trkpt>
      <trkpt lat="22.186022" lon="113.313187">
        <ele>-0.6</ele>
        <time>2024-07-06T11:41:00Z</time>
      </trkpt>
      <trkpt lat="22.186043" lon="113.313187">
        <ele>-0.6</ele>
        <time>2024-07-06T11:41:01Z</time>
      </trkpt>
      <trkpt lat="22.18606" lon="113.313187">
        <ele>-0.6</ele>
        <time>2024-07-06T11:41:02Z</time>
      </trkpt>
      <trkpt lat="22.186079" lon="113.313187">
        <ele>-0.6</ele>
        <time>2024-07-06T11:41:03Z</time>
      </trkpt>
      <trkpt lat="22.186094" lon="113.313187">
        <ele>-0.6</ele>
        <time>2024-07-06T11:41:04Z</time>
      </trkpt>
      <trkpt lat="22.186111" lon="113.313187">
        <ele>-0.6</ele>
        <time>2024-07-06T11:41:05Z</time>
      </trkpt>
      <trkpt lat="22.186129" lon="113.313187">
        <ele>-0.6</ele>
        <time>2024-07-06T11:41:06Z</time>
      </trkpt>
      <trkpt lat="22.186154" lon="113.313194">
        <ele>-0.6</ele>
        <time>2024-07-06T11:41:07Z</time>
      </trkpt>
      <trkpt lat="22.186179" lon="113.313194">
        <ele>-0.6</ele>
        <time>2024-07-06T11:41:08Z</time>
      </trkpt>
      <trkpt lat="22.186206" lon="113.313187">
        <ele>-0.6</ele>
        <time>2024-07-06T11:41:09Z</time>
      </trkpt>
      <trkpt lat="22.186233" lon="113.313187">
        <ele>-0.6</ele>
        <time>2024-07-06T11:41:10Z</time>
      </trkpt>
      <trkpt lat="22.186262" lon="113.313187">
        <ele>-0.6</ele>
        <time>2024-07-06T11:41:11Z</time>
      </trkpt>
      <trkpt lat="22.186292" lon="113.313186">
        <ele>-0.6</ele>
        <time>2024-07-06T11:41:12Z</time>
      </trkpt>
      <trkpt lat="22.186317" lon="113.313179">
        <ele>-0.6</ele>
        <time>2024-07-06T11:41:13Z</time>
      </trkpt>
      <trkpt lat="22.186345" lon="113.31318">
        <ele>-0.6</ele>
        <time>2024-07-06T11:41:14Z</time>
      </trkpt>
      <trkpt lat="22.186374" lon="113.313187">
        <ele>-0.6</ele>
        <time>2024-07-06T11:41:15Z</time>
      </trkpt>
      <trkpt lat="22.186409" lon="113.313186">
        <ele>-0.6</ele>
        <time>2024-07-06T11:41:16Z</time>
      </trkpt>
      <trkpt lat="22.186441" lon="113.313179">
        <ele>-0.5</ele>
        <time>2024-07-06T11:41:17Z</time>
      </trkpt>
      <trkpt lat="22.186471" lon="113.313179">
        <ele>-0.5</ele>
        <time>2024-07-06T11:41:18Z</time>
      </trkpt>
      <trkpt lat="22.186504" lon="113.313179">
        <ele>-0.5</ele>
        <time>2024-07-06T11:41:19Z</time>
      </trkpt>
      <trkpt lat="22.186539" lon="113.31318">
        <ele>-0.5</ele>
        <time>2024-07-06T11:41:20Z</time>
      </trkpt>
      <trkpt lat="22.186575" lon="113.313187">
        <ele>-0.5</ele>
        <time>2024-07-06T11:41:21Z</time>
      </trkpt>
      <trkpt lat="22.186615" lon="113.313187">
        <ele>-0.5</ele>
        <time>2024-07-06T11:41:22Z</time>
      </trkpt>
      <trkpt lat="22.186651" lon="113.313187">
        <ele>-0.5</ele>
        <time>2024-07-06T11:41:23Z</time>
      </trkpt>
      <trkpt lat="22.186688" lon="113.313187">
        <ele>-0.5</ele>
        <time>2024-07-06T11:41:24Z</time>
      </trkpt>
      <trkpt lat="22.186722" lon="113.313187">
        <ele>-0.5</ele>
        <time>2024-07-06T11:41:25Z</time>
      </trkpt>
      <trkpt lat="22.186756" lon="113.313187">
        <ele>-0.5</ele>
        <time>2024-07-06T11:41:26Z</time>
      </trkpt>
      <trkpt lat="22.18679" lon="113.313187">
        <ele>-0.5</ele>
        <time>2024-07-06T11:41:27Z</time>
      </trkpt>
      <trkpt lat="22.18682" lon="113.313186">
        <ele>-0.5</ele>
        <time>2024-07-06T11:41:28Z</time>
      </trkpt>
      <trkpt lat="22.186851" lon="113.313179">
        <ele>-0.5</ele>
        <time>2024-07-06T11:41:29Z</time>
      </trkpt>
      <trkpt lat="22.186879" lon="113.313179">
        <ele>-0.5</ele>
        <time>2024-07-06T11:41:30Z</time>
      </trkpt>
      <trkpt lat="22.186901" lon="113.313179">
        <ele>-0.5</ele>
        <time>2024-07-06T11:41:31Z</time>
      </trkpt>
      <trkpt lat="22.186915" lon="113.313179">
        <ele>-0.5</ele>
        <time>2024-07-06T11:41:32Z</time>
      </trkpt>
      <trkpt lat="22.186936" lon="113.313178">
        <ele>-0.5</ele>
        <time>2024-07-06T11:41:33Z</time>
      </trkpt>
      <trkpt lat="22.186961" lon="113.313172">
        <ele>-0.5</ele>
        <time>2024-07-06T11:41:34Z</time>
      </trkpt>
      <trkpt lat="22.186993" lon="113.313179">
        <ele>-0.5</ele>
        <time>2024-07-06T11:41:35Z</time>
      </trkpt>
      <trkpt lat="22.187029" lon="113.313179">
        <ele>-0.4</ele>
        <time>2024-07-06T11:41:36Z</time>
      </trkpt>
      <trkpt lat="22.187063" lon="113.313179">
        <ele>-0.4</ele>
        <time>2024-07-06T11:41:37Z</time>
      </trkpt>
      <trkpt lat="22.187101" lon="113.313179">
        <ele>-0.4</ele>
        <time>2024-07-06T11:41:38Z</time>
      </trkpt>
      <trkpt lat="22.187137" lon="113.313178">
        <ele>-0.3</ele>
        <time>2024-07-06T11:41:39Z</time>
      </trkpt>
      <trkpt lat="22.18717" lon="113.313171">
        <ele>-0.3</ele>
        <time>2024-07-06T11:41:40Z</time>
      </trkpt>
      <trkpt lat="22.187206" lon="113.313171">
        <ele>-0.2</ele>
        <time>2024-07-06T11:41:41Z</time>
      </trkpt>
      <trkpt lat="22.187238" lon="113.313164">
        <ele>-0.2</ele>
        <time>2024-07-06T11:41:42Z</time>
      </trkpt>
      <trkpt lat="22.187271" lon="113.313164">
        <ele>-0.2</ele>
        <time>2024-07-06T11:41:43Z</time>
      </trkpt>
      <trkpt lat="22.187303" lon="113.313164">
        <ele>-0.1</ele>
        <time>2024-07-06T11:41:44Z</time>
      </trkpt>
      <trkpt lat="22.187337" lon="113.313163">
        <ele>-0.1</ele>
        <time>2024-07-06T11:41:45Z</time>
      </trkpt>
      <trkpt lat="22.18737" lon="113.313156">
        <ele>-0.1</ele>
        <time>2024-07-06T11:41:46Z</time>
      </trkpt>
      <trkpt lat="22.187404" lon="113.313156">
        <ele>0</ele>
        <time>2024-07-06T11:41:47Z</time>
      </trkpt>
      <trkpt lat="22.187437" lon="113.313155">
        <ele>0</ele>
        <time>2024-07-06T11:41:48Z</time>
      </trkpt>
      <trkpt lat="22.187469" lon="113.313148">
        <ele>0</ele>
        <time>2024-07-06T11:41:49Z</time>
      </trkpt>
      <trkpt lat="22.187499" lon="113.313141">
        <ele>0.1</ele>
        <time>2024-07-06T11:41:50Z</time>
      </trkpt>
      <trkpt lat="22.187524" lon="113.313142">
        <ele>0.1</ele>
        <time>2024-07-06T11:41:51Z</time>
      </trkpt>
      <trkpt lat="22.187553" lon="113.313149">
        <ele>0.1</ele>
        <time>2024-07-06T11:41:52Z</time>
      </trkpt>
      <trkpt lat="22.187583" lon="113.313156">
        <ele>0.2</ele>
        <time>2024-07-06T11:41:53Z</time>
      </trkpt>
      <trkpt lat="22.187614" lon="113.313155">
        <ele>0.2</ele>
        <time>2024-07-06T11:41:54Z</time>
      </trkpt>
      <trkpt lat="22.18764" lon="113.313148">
        <ele>0.2</ele>
        <time>2024-07-06T11:41:55Z</time>
      </trkpt>
      <trkpt lat="22.187667" lon="113.31314">
        <ele>0.3</ele>
        <time>2024-07-06T11:41:56Z</time>
      </trkpt>
      <trkpt lat="22.187693" lon="113.313134">
        <ele>0.3</ele>
        <time>2024-07-06T11:41:57Z</time>
      </trkpt>
      <trkpt lat="22.18772" lon="113.313142">
        <ele>0.3</ele>
        <time>2024-07-06T11:41:58Z</time>
      </trkpt>
      <trkpt lat="22.187749" lon="113.313149">
        <ele>0.4</ele>
        <time>2024-07-06T11:41:59Z</time>
      </trkpt>
      <trkpt lat="22.187773" lon="113.313155">
        <ele>0.4</ele>
        <time>2024-07-06T11:42:00Z</time>
      </trkpt>
      <trkpt lat="22.187798" lon="113.313147">
        <ele>0.4</ele>
        <time>2024-07-06T11:42:01Z</time>
      </trkpt>
      <trkpt lat="22.187819" lon="113.31313">
        <ele>0.4</ele>
        <time>2024-07-06T11:42:02Z</time>
      </trkpt>
      <trkpt lat="22.187838" lon="113.313099">
        <ele>0.5</ele>
        <time>2024-07-06T11:42:03Z</time>
      </trkpt>
      <trkpt lat="22.187857" lon="113.31307">
        <ele>0.5</ele>
        <time>2024-07-06T11:42:04Z</time>
      </trkpt>
      <trkpt lat="22.187878" lon="113.313049">
        <ele>0.5</ele>
        <time>2024-07-06T11:42:05Z</time>
      </trkpt>
      <trkpt lat="22.187901" lon="113.313041">
        <ele>0.6</ele>
        <time>2024-07-06T11:42:06Z</time>
      </trkpt>
      <trkpt lat="22.187919" lon="113.313034">
        <ele>0.6</ele>
        <time>2024-07-06T11:42:07Z</time>
      </trkpt>
      <trkpt lat="22.187937" lon="113.313034">
        <ele>0.6</ele>
        <time>2024-07-06T11:42:08Z</time>
      </trkpt>
      <trkpt lat="22.187962" lon="113.313035">
        <ele>0.6</ele>
        <time>2024-07-06T11:42:09Z</time>
      </trkpt>
      <trkpt lat="22.187988" lon="113.313042">
        <ele>0.7</ele>
        <time>2024-07-06T11:42:10Z</time>
      </trkpt>
      <trkpt lat="22.188013" lon="113.313049">
        <ele>0.7</ele>
        <time>2024-07-06T11:42:11Z</time>
      </trkpt>
      <trkpt lat="22.188035" lon="113.31305">
        <ele>0.7</ele>
        <time>2024-07-06T11:42:12Z</time>
      </trkpt>
      <trkpt lat="22.188051" lon="113.313057">
        <ele>0.7</ele>
        <time>2024-07-06T11:42:13Z</time>
      </trkpt>
      <trkpt lat="22.188068" lon="113.313065">
        <ele>0.8</ele>
        <time>2024-07-06T11:42:14Z</time>
      </trkpt>
      <trkpt lat="22.188097" lon="113.31308">
        <ele>0.8</ele>
        <time>2024-07-06T11:42:15Z</time>
      </trkpt>
      <trkpt lat="22.188136" lon="113.31308">
        <ele>0.8</ele>
        <time>2024-07-06T11:42:16Z</time>
      </trkpt>
      <trkpt lat="22.188182" lon="113.31308">
        <ele>0.9</ele>
        <time>2024-07-06T11:42:17Z</time>
      </trkpt>
      <trkpt lat="22.188261" lon="113.313086">
        <ele>1</ele>
        <time>2024-07-06T11:42:18Z</time>
      </trkpt>
      <trkpt lat="22.188322" lon="113.313065">
        <ele>1</ele>
        <time>2024-07-06T11:42:19Z</time>
      </trkpt>
      <trkpt lat="22.188362" lon="113.313064">
        <ele>1.1</ele>
        <time>2024-07-06T11:42:20Z</time>
      </trkpt>
      <trkpt lat="22.188396" lon="113.313057">
        <ele>1.1</ele>
        <time>2024-07-06T11:42:21Z</time>
      </trkpt>
      <trkpt lat="22.188426" lon="113.313058">
        <ele>1.2</ele>
        <time>2024-07-06T11:42:22Z</time>
      </trkpt>
      <trkpt lat="22.188449" lon="113.313064">
        <ele>1.2</ele>
        <time>2024-07-06T11:42:23Z</time>
      </trkpt>
      <trkpt lat="22.188475" lon="113.313057">
        <ele>1.2</ele>
        <time>2024-07-06T11:42:24Z</time>
      </trkpt>
      <trkpt lat="22.188501" lon="113.313053">
        <ele>1.2</ele>
        <time>2024-07-06T11:42:25Z</time>
      </trkpt>
      <trkpt lat="22.188527" lon="113.313049">
        <ele>1.3</ele>
        <time>2024-07-06T11:42:26Z</time>
      </trkpt>
      <trkpt lat="22.188552" lon="113.313042">
        <ele>1.3</ele>
        <time>2024-07-06T11:42:27Z</time>
      </trkpt>
      <trkpt lat="22.188577" lon="113.313042">
        <ele>1.3</ele>
        <time>2024-07-06T11:42:28Z</time>
      </trkpt>
      <trkpt lat="22.188602" lon="113.313041">
        <ele>1.4</ele>
        <time>2024-07-06T11:42:29Z</time>
      </trkpt>
      <trkpt lat="22.188629" lon="113.313034">
        <ele>1.4</ele>
        <time>2024-07-06T11:42:30Z</time>
      </trkpt>
      <trkpt lat="22.188654" lon="113.313034">
        <ele>1.4</ele>
        <time>2024-07-06T11:42:31Z</time>
      </trkpt>
      <trkpt lat="22.188677" lon="113.313033">
        <ele>1.4</ele>
        <time>2024-07-06T11:42:32Z</time>
      </trkpt>
      <trkpt lat="22.188698" lon="113.313026">
        <ele>1.5</ele>
        <time>2024-07-06T11:42:33Z</time>
      </trkpt>
      <trkpt lat="22.188719" lon="113.313027">
        <ele>1.4</ele>
        <time>2024-07-06T11:42:34Z</time>
      </trkpt>
      <trkpt lat="22.188739" lon="113.313036">
        <ele>1.4</ele>
        <time>2024-07-06T11:42:35Z</time>
      </trkpt>
      <trkpt lat="22.188749" lon="113.313061">
        <ele>1.4</ele>
        <time>2024-07-06T11:42:36Z</time>
      </trkpt>
      <trkpt lat="22.188746" lon="113.313099">
        <ele>1.4</ele>
        <time>2024-07-06T11:42:37Z</time>
      </trkpt>
      <trkpt lat="22.188731" lon="113.313136">
        <ele>1.3</ele>
        <time>2024-07-06T11:42:38Z</time>
      </trkpt>
      <trkpt lat="22.188701" lon="113.313156">
        <ele>1.3</ele>
        <time>2024-07-06T11:42:39Z</time>
      </trkpt>
      <trkpt lat="22.188662" lon="113.313155">
        <ele>1.2</ele>
        <time>2024-07-06T11:42:40Z</time>
      </trkpt>
      <trkpt lat="22.188624" lon="113.313141">
        <ele>1.2</ele>
        <time>2024-07-06T11:42:41Z</time>
      </trkpt>
      <trkpt lat="22.188589" lon="113.313141">
        <ele>1.1</ele>
        <time>2024-07-06T11:42:42Z</time>
      </trkpt>
      <trkpt lat="22.188553" lon="113.313142">
        <ele>1.1</ele>
        <time>2024-07-06T11:42:43Z</time>
      </trkpt>
      <trkpt lat="22.188519" lon="113.313149">
        <ele>1.1</ele>
        <time>2024-07-06T11:42:44Z</time>
      </trkpt>
      <trkpt lat="22.188484" lon="113.313157">
        <ele>1</ele>
        <time>2024-07-06T11:42:45Z</time>
      </trkpt>
      <trkpt lat="22.188448" lon="113.313164">
        <ele>1</ele>
        <time>2024-07-06T11:42:46Z</time>
      </trkpt>
      <trkpt lat="22.18841" lon="113.313164">
        <ele>0.9</ele>
        <time>2024-07-06T11:42:47Z</time>
      </trkpt>
      <trkpt lat="22.18837" lon="113.313164">
        <ele>0.9</ele>
        <time>2024-07-06T11:42:48Z</time>
      </trkpt>
      <trkpt lat="22.18833" lon="113.313163">
        <ele>0.9</ele>
        <time>2024-07-06T11:42:49Z</time>
      </trkpt>
      <trkpt lat="22.188292" lon="113.313155">
        <ele>0.8</ele>
        <time>2024-07-06T11:42:50Z</time>
      </trkpt>
      <trkpt lat="22.188256" lon="113.313146">
        <ele>0.8</ele>
        <time>2024-07-06T11:42:51Z</time>
      </trkpt>
      <trkpt lat="22.188227" lon="113.313123">
        <ele>0.7</ele>
        <time>2024-07-06T11:42:52Z</time>
      </trkpt>
      <trkpt lat="22.188206" lon="113.3131">
        <ele>0.7</ele>
        <time>2024-07-06T11:42:53Z</time>
      </trkpt>
      <trkpt lat="22.188187" lon="113.313079">
        <ele>0.7</ele>
        <time>2024-07-06T11:42:54Z</time>
      </trkpt>
      <trkpt lat="22.18817" lon="113.313071">
        <ele>0.7</ele>
        <time>2024-07-06T11:42:55Z</time>
      </trkpt>
      <trkpt lat="22.188147" lon="113.313056">
        <ele>0.6</ele>
        <time>2024-07-06T11:42:56Z</time>
      </trkpt>
      <trkpt lat="22.188121" lon="113.313041">
        <ele>0.6</ele>
        <time>2024-07-06T11:42:57Z</time>
      </trkpt>
      <trkpt lat="22.188095" lon="113.313025">
        <ele>0.6</ele>
        <time>2024-07-06T11:42:58Z</time>
      </trkpt>
      <trkpt lat="22.18806" lon="113.313003">
        <ele>0.5</ele>
        <time>2024-07-06T11:42:59Z</time>
      </trkpt>
      <trkpt lat="22.188035" lon="113.312995">
        <ele>0.5</ele>
        <time>2024-07-06T11:43:00Z</time>
      </trkpt>
      <trkpt lat="22.187988" lon="113.312981">
        <ele>0.4</ele>
        <time>2024-07-06T11:43:01Z</time>
      </trkpt>
      <trkpt lat="22.187972" lon="113.312997">
        <ele>0.4</ele>
        <time>2024-07-06T11:43:02Z</time>
      </trkpt>
      <trkpt lat="22.187934" lon="113.313012">
        <ele>0.4</ele>
        <time>2024-07-06T11:43:03Z</time>
      </trkpt>
      <trkpt lat="22.187879" lon="113.313019">
        <ele>0.3</ele>
        <time>2024-07-06T11:43:04Z</time>
      </trkpt>
      <trkpt lat="22.187838" lon="113.313026">
        <ele>0.3</ele>
        <time>2024-07-06T11:43:05Z</time>
      </trkpt>
      <trkpt lat="22.187795" lon="113.313026">
        <ele>0.2</ele>
        <time>2024-07-06T11:43:06Z</time>
      </trkpt>
      <trkpt lat="22.187753" lon="113.313026">
        <ele>0.2</ele>
        <time>2024-07-06T11:43:07Z</time>
      </trkpt>
      <trkpt lat="22.187714" lon="113.313026">
        <ele>0.1</ele>
        <time>2024-07-06T11:43:08Z</time>
      </trkpt>
      <trkpt lat="22.187675" lon="113.313026">
        <ele>0.1</ele>
        <time>2024-07-06T11:43:09Z</time>
      </trkpt>
      <trkpt lat="22.187635" lon="113.313026">
        <ele>0</ele>
        <time>2024-07-06T11:43:10Z</time>
      </trkpt>
      <trkpt lat="22.187595" lon="113.313019">
        <ele>0</ele>
        <time>2024-07-06T11:43:11Z</time>
      </trkpt>
      <trkpt lat="22.187558" lon="113.313019">
        <ele>-0.1</ele>
        <time>2024-07-06T11:43:12Z</time>
      </trkpt>
      <trkpt lat="22.187523" lon="113.313019">
        <ele>-0.1</ele>
        <time>2024-07-06T11:43:13Z</time>
      </trkpt>
      <trkpt lat="22.187492" lon="113.313019">
        <ele>-0.1</ele>
        <time>2024-07-06T11:43:14Z</time>
      </trkpt>
      <trkpt lat="22.187454" lon="113.313019">
        <ele>-0.2</ele>
        <time>2024-07-06T11:43:15Z</time>
      </trkpt>
      <trkpt lat="22.187422" lon="113.313019">
        <ele>-0.2</ele>
        <time>2024-07-06T11:43:16Z</time>
      </trkpt>
      <trkpt lat="22.187393" lon="113.313019">
        <ele>-0.2</ele>
        <time>2024-07-06T11:43:17Z</time>
      </trkpt>
      <trkpt lat="22.187355" lon="113.313019">
        <ele>-0.3</ele>
        <time>2024-07-06T11:43:18Z</time>
      </trkpt>
      <trkpt lat="22.187319" lon="113.313019">
        <ele>-0.3</ele>
        <time>2024-07-06T11:43:19Z</time>
      </trkpt>
      <trkpt lat="22.187282" lon="113.313019">
        <ele>-0.4</ele>
        <time>2024-07-06T11:43:20Z</time>
      </trkpt>
      <trkpt lat="22.187242" lon="113.313019">
        <ele>-0.4</ele>
        <time>2024-07-06T11:43:21Z</time>
      </trkpt>
      <trkpt lat="22.187196" lon="113.313019">
        <ele>-0.5</ele>
        <time>2024-07-06T11:43:22Z</time>
      </trkpt>
      <trkpt lat="22.187154" lon="113.313019">
        <ele>-0.5</ele>
        <time>2024-07-06T11:43:23Z</time>
      </trkpt>
      <trkpt lat="22.187107" lon="113.313019">
        <ele>-0.5</ele>
        <time>2024-07-06T11:43:24Z</time>
      </trkpt>
      <trkpt lat="22.187063" lon="113.313026">
        <ele>-0.5</ele>
        <time>2024-07-06T11:43:25Z</time>
      </trkpt>
      <trkpt lat="22.187021" lon="113.313026">
        <ele>-0.5</ele>
        <time>2024-07-06T11:43:26Z</time>
      </trkpt>
      <trkpt lat="22.186979" lon="113.313026">
        <ele>-0.4</ele>
        <time>2024-07-06T11:43:27Z</time>
      </trkpt>
      <trkpt lat="22.186939" lon="113.313026">
        <ele>-0.4</ele>
        <time>2024-07-06T11:43:28Z</time>
      </trkpt>
      <trkpt lat="22.186897" lon="113.313026">
        <ele>-0.4</ele>
        <time>2024-07-06T11:43:29Z</time>
      </trkpt>
      <trkpt lat="22.186859" lon="113.313027">
        <ele>-0.4</ele>
        <time>2024-07-06T11:43:30Z</time>
      </trkpt>
      <trkpt lat="22.186823" lon="113.313034">
        <ele>-0.3</ele>
        <time>2024-07-06T11:43:31Z</time>
      </trkpt>
      <trkpt lat="22.186789" lon="113.313034">
        <ele>-0.3</ele>
        <time>2024-07-06T11:43:32Z</time>
      </trkpt>
      <trkpt lat="22.186759" lon="113.313034">
        <ele>-0.3</ele>
        <time>2024-07-06T11:43:33Z</time>
      </trkpt>
      <trkpt lat="22.186728" lon="113.313033">
        <ele>-0.3</ele>
        <time>2024-07-06T11:43:34Z</time>
      </trkpt>
      <trkpt lat="22.1867" lon="113.313025">
        <ele>-0.3</ele>
        <time>2024-07-06T11:43:35Z</time>
      </trkpt>
      <trkpt lat="22.186674" lon="113.313009">
        <ele>-0.2</ele>
        <time>2024-07-06T11:43:36Z</time>
      </trkpt>
      <trkpt lat="22.186658" lon="113.312985">
        <ele>-0.2</ele>
        <time>2024-07-06T11:43:37Z</time>
      </trkpt>
      <trkpt lat="22.186651" lon="113.312955">
        <ele>-0.2</ele>
        <time>2024-07-06T11:43:38Z</time>
      </trkpt>
      <trkpt lat="22.186648" lon="113.312923">
        <ele>-0.2</ele>
        <time>2024-07-06T11:43:39Z</time>
      </trkpt>
      <trkpt lat="22.186653" lon="113.312885">
        <ele>-0.2</ele>
        <time>2024-07-06T11:43:40Z</time>
      </trkpt>
      <trkpt lat="22.186666" lon="113.312847">
        <ele>-0.1</ele>
        <time>2024-07-06T11:43:41Z</time>
      </trkpt>
      <trkpt lat="22.186679" lon="113.312809">
        <ele>-0.1</ele>
        <time>2024-07-06T11:43:42Z</time>
      </trkpt>
      <trkpt lat="22.186684" lon="113.312771">
        <ele>-0.1</ele>
        <time>2024-07-06T11:43:43Z</time>
      </trkpt>
      <trkpt lat="22.186684" lon="113.312741">
        <ele>-0.1</ele>
        <time>2024-07-06T11:43:44Z</time>
      </trkpt>
      <trkpt lat="22.186686" lon="113.31271">
        <ele>-0.1</ele>
        <time>2024-07-06T11:43:45Z</time>
      </trkpt>
      <trkpt lat="22.186704" lon="113.31268">
        <ele>0</ele>
        <time>2024-07-06T11:43:46Z</time>
      </trkpt>
      <trkpt lat="22.186735" lon="113.31265">
        <ele>0</ele>
        <time>2024-07-06T11:43:47Z</time>
      </trkpt>
      <trkpt lat="22.18677" lon="113.312626">
        <ele>0</ele>
        <time>2024-07-06T11:43:48Z</time>
      </trkpt>
      <trkpt lat="22.186796" lon="113.312588">
        <ele>0</ele>
        <time>2024-07-06T11:43:49Z</time>
      </trkpt>
      <trkpt lat="22.186807" lon="113.312549">
        <ele>0.1</ele>
        <time>2024-07-06T11:43:50Z</time>
      </trkpt>
      <trkpt lat="22.186803" lon="113.312509">
        <ele>0.1</ele>
        <time>2024-07-06T11:43:51Z</time>
      </trkpt>
      <trkpt lat="22.186799" lon="113.312451">
        <ele>0.1</ele>
        <time>2024-07-06T11:43:52Z</time>
      </trkpt>
      <trkpt lat="22.186807" lon="113.312413">
        <ele>0.1</ele>
        <time>2024-07-06T11:43:53Z</time>
      </trkpt>
      <trkpt lat="22.186825" lon="113.312375">
        <ele>0.2</ele>
        <time>2024-07-06T11:43:54Z</time>
      </trkpt>
      <trkpt lat="22.186851" lon="113.312345">
        <ele>0.2</ele>
        <time>2024-07-06T11:43:55Z</time>
      </trkpt>
      <trkpt lat="22.18688" lon="113.312322">
        <ele>0.2</ele>
        <time>2024-07-06T11:43:56Z</time>
      </trkpt>
      <trkpt lat="22.186913" lon="113.312298">
        <ele>0.2</ele>
        <time>2024-07-06T11:43:57Z</time>
      </trkpt>
      <trkpt lat="22.186949" lon="113.312269">
        <ele>0.3</ele>
        <time>2024-07-06T11:43:58Z</time>
      </trkpt>
      <trkpt lat="22.186985" lon="113.312245">
        <ele>0.3</ele>
        <time>2024-07-06T11:43:59Z</time>
      </trkpt>
      <trkpt lat="22.187021" lon="113.312216">
        <ele>0.3</ele>
        <time>2024-07-06T11:44:00Z</time>
      </trkpt>
      <trkpt lat="22.187059" lon="113.312192">
        <ele>0.3</ele>
        <time>2024-07-06T11:44:01Z</time>
      </trkpt>
      <trkpt lat="22.187093" lon="113.312162">
        <ele>0.4</ele>
        <time>2024-07-06T11:44:02Z</time>
      </trkpt>
      <trkpt lat="22.187134" lon="113.312138">
        <ele>0.4</ele>
        <time>2024-07-06T11:44:03Z</time>
      </trkpt>
      <trkpt lat="22.187168" lon="113.312109">
        <ele>0.4</ele>
        <time>2024-07-06T11:44:04Z</time>
      </trkpt>
      <trkpt lat="22.187205" lon="113.312085">
        <ele>0.4</ele>
        <time>2024-07-06T11:44:05Z</time>
      </trkpt>
      <trkpt lat="22.187232" lon="113.312054">
        <ele>0.5</ele>
        <time>2024-07-06T11:44:06Z</time>
      </trkpt>
      <trkpt lat="22.187262" lon="113.312024">
        <ele>0.5</ele>
        <time>2024-07-06T11:44:07Z</time>
      </trkpt>
      <trkpt lat="22.187288" lon="113.311993">
        <ele>0.5</ele>
        <time>2024-07-06T11:44:08Z</time>
      </trkpt>
      <trkpt lat="22.187321" lon="113.311954">
        <ele>0.5</ele>
        <time>2024-07-06T11:44:09Z</time>
      </trkpt>
      <trkpt lat="22.187357" lon="113.311918">
        <ele>0.6</ele>
        <time>2024-07-06T11:44:10Z</time>
      </trkpt>
      <trkpt lat="22.187391" lon="113.311894">
        <ele>0.6</ele>
        <time>2024-07-06T11:44:11Z</time>
      </trkpt>
      <trkpt lat="22.187427" lon="113.311864">
        <ele>0.6</ele>
        <time>2024-07-06T11:44:12Z</time>
      </trkpt>
      <trkpt lat="22.187459" lon="113.311833">
        <ele>0.6</ele>
        <time>2024-07-06T11:44:13Z</time>
      </trkpt>
      <trkpt lat="22.187485" lon="113.311802">
        <ele>0.6</ele>
        <time>2024-07-06T11:44:14Z</time>
      </trkpt>
      <trkpt lat="22.187503" lon="113.311764">
        <ele>0.6</ele>
        <time>2024-07-06T11:44:15Z</time>
      </trkpt>
      <trkpt lat="22.187518" lon="113.311725">
        <ele>0.6</ele>
        <time>2024-07-06T11:44:16Z</time>
      </trkpt>
      <trkpt lat="22.187527" lon="113.31168">
        <ele>0.6</ele>
        <time>2024-07-06T11:44:17Z</time>
      </trkpt>
      <trkpt lat="22.187525" lon="113.311641">
        <ele>0.6</ele>
        <time>2024-07-06T11:44:18Z</time>
      </trkpt>
      <trkpt lat="22.187506" lon="113.311604">
        <ele>0.6</ele>
        <time>2024-07-06T11:44:19Z</time>
      </trkpt>
      <trkpt lat="22.187469" lon="113.311575">
        <ele>0.6</ele>
        <time>2024-07-06T11:44:20Z</time>
      </trkpt>
      <trkpt lat="22.187447" lon="113.311552">
        <ele>0.6</ele>
        <time>2024-07-06T11:44:21Z</time>
      </trkpt>
      <trkpt lat="22.187452" lon="113.311527">
        <ele>0.6</ele>
        <time>2024-07-06T11:44:22Z</time>
      </trkpt>
      <trkpt lat="22.187469" lon="113.31149">
        <ele>0.6</ele>
        <time>2024-07-06T11:44:23Z</time>
      </trkpt>
      <trkpt lat="22.187495" lon="113.311459">
        <ele>0.6</ele>
        <time>2024-07-06T11:44:24Z</time>
      </trkpt>
      <trkpt lat="22.187517" lon="113.31143">
        <ele>0.6</ele>
        <time>2024-07-06T11:44:25Z</time>
      </trkpt>
      <trkpt lat="22.187541" lon="113.311409">
        <ele>0.5</ele>
        <time>2024-07-06T11:44:26Z</time>
      </trkpt>
      <trkpt lat="22.187567" lon="113.311412">
        <ele>0.5</ele>
        <time>2024-07-06T11:44:27Z</time>
      </trkpt>
      <trkpt lat="22.187589" lon="113.311443">
        <ele>0.5</ele>
        <time>2024-07-06T11:44:28Z</time>
      </trkpt>
      <trkpt lat="22.187598" lon="113.31148">
        <ele>0.5</ele>
        <time>2024-07-06T11:44:29Z</time>
      </trkpt>
      <trkpt lat="22.187611" lon="113.311501">
        <ele>0.5</ele>
        <time>2024-07-06T11:44:30Z</time>
      </trkpt>
      <trkpt lat="22.187638" lon="113.311508">
        <ele>0.5</ele>
        <time>2024-07-06T11:44:31Z</time>
      </trkpt>
      <trkpt lat="22.187666" lon="113.3115">
        <ele>0.5</ele>
        <time>2024-07-06T11:44:32Z</time>
      </trkpt>
      <trkpt lat="22.187691" lon="113.311492">
        <ele>0.5</ele>
        <time>2024-07-06T11:44:33Z</time>
      </trkpt>
      <trkpt lat="22.187717" lon="113.311484">
        <ele>0.5</ele>
        <time>2024-07-06T11:44:34Z</time>
      </trkpt>
      <trkpt lat="22.187747" lon="113.311478">
        <ele>0.5</ele>
        <time>2024-07-06T11:44:35Z</time>
      </trkpt>
      <trkpt lat="22.187776" lon="113.311485">
        <ele>0.5</ele>
        <time>2024-07-06T11:44:36Z</time>
      </trkpt>
      <trkpt lat="22.187809" lon="113.311485">
        <ele>0.5</ele>
        <time>2024-07-06T11:44:37Z</time>
      </trkpt>
      <trkpt lat="22.187847" lon="113.311486">
        <ele>0.5</ele>
        <time>2024-07-06T11:44:38Z</time>
      </trkpt>
      <trkpt lat="22.187881" lon="113.311495">
        <ele>0.5</ele>
        <time>2024-07-06T11:44:39Z</time>
      </trkpt>
      <trkpt lat="22.187909" lon="113.311518">
        <ele>0.5</ele>
        <time>2024-07-06T11:44:40Z</time>
      </trkpt>
      <trkpt lat="22.187941" lon="113.311542">
        <ele>0.5</ele>
        <time>2024-07-06T11:44:41Z</time>
      </trkpt>
      <trkpt lat="22.18797" lon="113.311572">
        <ele>0.5</ele>
        <time>2024-07-06T11:44:42Z</time>
      </trkpt>
      <trkpt lat="22.187996" lon="113.311603">
        <ele>0.5</ele>
        <time>2024-07-06T11:44:43Z</time>
      </trkpt>
      <trkpt lat="22.188018" lon="113.311633">
        <ele>0.5</ele>
        <time>2024-07-06T11:44:44Z</time>
      </trkpt>
      <trkpt lat="22.188031" lon="113.311663">
        <ele>0.5</ele>
        <time>2024-07-06T11:44:45Z</time>
      </trkpt>
      <trkpt lat="22.188038" lon="113.311688">
        <ele>0.5</ele>
        <time>2024-07-06T11:44:46Z</time>
      </trkpt>
      <trkpt lat="22.188035" lon="113.311733">
        <ele>0.5</ele>
        <time>2024-07-06T11:44:47Z</time>
      </trkpt>
      <trkpt lat="22.188028" lon="113.311771">
        <ele>0.5</ele>
        <time>2024-07-06T11:44:48Z</time>
      </trkpt>
      <trkpt lat="22.188029" lon="113.31181">
        <ele>0.5</ele>
        <time>2024-07-06T11:44:49Z</time>
      </trkpt>
      <trkpt lat="22.188036" lon="113.311848">
        <ele>0.5</ele>
        <time>2024-07-06T11:44:50Z</time>
      </trkpt>
      <trkpt lat="22.188038" lon="113.311886">
        <ele>0.5</ele>
        <time>2024-07-06T11:44:51Z</time>
      </trkpt>
      <trkpt lat="22.188033" lon="113.311932">
        <ele>0.5</ele>
        <time>2024-07-06T11:44:52Z</time>
      </trkpt>
      <trkpt lat="22.188026" lon="113.311979">
        <ele>0.5</ele>
        <time>2024-07-06T11:44:53Z</time>
      </trkpt>
      <trkpt lat="22.188024" lon="113.312033">
        <ele>0.5</ele>
        <time>2024-07-06T11:44:54Z</time>
      </trkpt>
      <trkpt lat="22.188022" lon="113.312085">
        <ele>0.5</ele>
        <time>2024-07-06T11:44:55Z</time>
      </trkpt>
      <trkpt lat="22.188021" lon="113.312131">
        <ele>0.5</ele>
        <time>2024-07-06T11:44:56Z</time>
      </trkpt>
      <trkpt lat="22.188021" lon="113.312184">
        <ele>0.5</ele>
        <time>2024-07-06T11:44:57Z</time>
      </trkpt>
      <trkpt lat="22.188018" lon="113.31223">
        <ele>0.5</ele>
        <time>2024-07-06T11:44:58Z</time>
      </trkpt>
      <trkpt lat="22.188015" lon="113.312276">
        <ele>0.5</ele>
        <time>2024-07-06T11:44:59Z</time>
      </trkpt>
      <trkpt lat="22.188013" lon="113.312323">
        <ele>0.5</ele>
        <time>2024-07-06T11:45:00Z</time>
      </trkpt>
      <trkpt lat="22.188009" lon="113.312375">
        <ele>0.5</ele>
        <time>2024-07-06T11:45:01Z</time>
      </trkpt>
      <trkpt lat="22.188007" lon="113.312421">
        <ele>0.5</ele>
        <time>2024-07-06T11:45:02Z</time>
      </trkpt>
      <trkpt lat="22.188005" lon="113.312468">
        <ele>0.5</ele>
        <time>2024-07-06T11:45:03Z</time>
      </trkpt>
      <trkpt lat="22.188001" lon="113.31252">
        <ele>0.4</ele>
        <time>2024-07-06T11:45:04Z</time>
      </trkpt>
      <trkpt lat="22.187998" lon="113.312567">
        <ele>0.4</ele>
        <time>2024-07-06T11:45:05Z</time>
      </trkpt>
      <trkpt lat="22.187996" lon="113.312619">
        <ele>0.4</ele>
        <time>2024-07-06T11:45:06Z</time>
      </trkpt>
      <trkpt lat="22.187992" lon="113.312665">
        <ele>0.4</ele>
        <time>2024-07-06T11:45:07Z</time>
      </trkpt>
      <trkpt lat="22.18799" lon="113.312711">
        <ele>0.4</ele>
        <time>2024-07-06T11:45:08Z</time>
      </trkpt>
      <trkpt lat="22.187988" lon="113.312757">
        <ele>0.4</ele>
        <time>2024-07-06T11:45:09Z</time>
      </trkpt>
      <trkpt lat="22.187986" lon="113.31281">
        <ele>0.4</ele>
        <time>2024-07-06T11:45:10Z</time>
      </trkpt>
      <trkpt lat="22.187986" lon="113.312856">
        <ele>0.4</ele>
        <time>2024-07-06T11:45:11Z</time>
      </trkpt>
      <trkpt lat="22.187982" lon="113.312902">
        <ele>0.3</ele>
        <time>2024-07-06T11:45:12Z</time>
      </trkpt>
      <trkpt lat="22.187978" lon="113.312947">
        <ele>0.3</ele>
        <time>2024-07-06T11:45:13Z</time>
      </trkpt>
      <trkpt lat="22.187973" lon="113.312993">
        <ele>0.3</ele>
        <time>2024-07-06T11:45:14Z</time>
      </trkpt>
      <trkpt lat="22.187969" lon="113.31304">
        <ele>0.3</ele>
        <time>2024-07-06T11:45:15Z</time>
      </trkpt>
      <trkpt lat="22.187965" lon="113.313092">
        <ele>0.3</ele>
        <time>2024-07-06T11:45:16Z</time>
      </trkpt>
      <trkpt lat="22.187963" lon="113.313139">
        <ele>0.3</ele>
        <time>2024-07-06T11:45:17Z</time>
      </trkpt>
      <trkpt lat="22.187961" lon="113.313192">
        <ele>0.3</ele>
        <time>2024-07-06T11:45:18Z</time>
      </trkpt>
      <trkpt lat="22.18796" lon="113.313238">
        <ele>0.3</ele>
        <time>2024-07-06T11:45:19Z</time>
      </trkpt>
      <trkpt lat="22.187958" lon="113.313291">
        <ele>0.2</ele>
        <time>2024-07-06T11:45:20Z</time>
      </trkpt>
      <trkpt lat="22.187956" lon="113.313337">
        <ele>0.2</ele>
        <time>2024-07-06T11:45:21Z</time>
      </trkpt>
      <trkpt lat="22.187954" lon="113.313382">
        <ele>0.2</ele>
        <time>2024-07-06T11:45:22Z</time>
      </trkpt>
      <trkpt lat="22.18795" lon="113.313428">
        <ele>0.2</ele>
        <time>2024-07-06T11:45:23Z</time>
      </trkpt>
      <trkpt lat="22.187948" lon="113.313474">
        <ele>0.2</ele>
        <time>2024-07-06T11:45:24Z</time>
      </trkpt>
      <trkpt lat="22.187946" lon="113.31352">
        <ele>0.2</ele>
        <time>2024-07-06T11:45:25Z</time>
      </trkpt>
      <trkpt lat="22.187944" lon="113.313566">
        <ele>0.2</ele>
        <time>2024-07-06T11:45:26Z</time>
      </trkpt>
      <trkpt lat="22.187942" lon="113.313618">
        <ele>0.2</ele>
        <time>2024-07-06T11:45:27Z</time>
      </trkpt>
      <trkpt lat="22.18794" lon="113.313664">
        <ele>0.1</ele>
        <time>2024-07-06T11:45:28Z</time>
      </trkpt>
      <trkpt lat="22.187938" lon="113.31371">
        <ele>0.1</ele>
        <time>2024-07-06T11:45:29Z</time>
      </trkpt>
      <trkpt lat="22.187934" lon="113.313757">
        <ele>0.1</ele>
        <time>2024-07-06T11:45:30Z</time>
      </trkpt>
      <trkpt lat="22.187931" lon="113.31381">
        <ele>0.1</ele>
        <time>2024-07-06T11:45:31Z</time>
      </trkpt>
      <trkpt lat="22.187929" lon="113.313863">
        <ele>0.1</ele>
        <time>2024-07-06T11:45:32Z</time>
      </trkpt>
      <trkpt lat="22.187927" lon="113.313909">
        <ele>0.1</ele>
        <time>2024-07-06T11:45:33Z</time>
      </trkpt>
      <trkpt lat="22.187923" lon="113.313962">
        <ele>0.1</ele>
        <time>2024-07-06T11:45:34Z</time>
      </trkpt>
      <trkpt lat="22.187919" lon="113.314008">
        <ele>0.1</ele>
        <time>2024-07-06T11:45:35Z</time>
      </trkpt>
      <trkpt lat="22.187918" lon="113.314054">
        <ele>0</ele>
        <time>2024-07-06T11:45:36Z</time>
      </trkpt>
      <trkpt lat="22.187915" lon="113.314107">
        <ele>0</ele>
        <time>2024-07-06T11:45:37Z</time>
      </trkpt>
      <trkpt lat="22.187912" lon="113.314153">
        <ele>0</ele>
        <time>2024-07-06T11:45:38Z</time>
      </trkpt>
      <trkpt lat="22.18791" lon="113.314206">
        <ele>0</ele>
        <time>2024-07-06T11:45:39Z</time>
      </trkpt>
      <trkpt lat="22.187908" lon="113.314252">
        <ele>0</ele>
        <time>2024-07-06T11:45:40Z</time>
      </trkpt>
      <trkpt lat="22.187906" lon="113.314298">
        <ele>0</ele>
        <time>2024-07-06T11:45:41Z</time>
      </trkpt>
      <trkpt lat="22.187904" lon="113.314344">
        <ele>0</ele>
        <time>2024-07-06T11:45:42Z</time>
      </trkpt>
      <trkpt lat="22.1879" lon="113.314397">
        <ele>0</ele>
        <time>2024-07-06T11:45:43Z</time>
      </trkpt>
      <trkpt lat="22.187898" lon="113.314443">
        <ele>0</ele>
        <time>2024-07-06T11:45:44Z</time>
      </trkpt>
      <trkpt lat="22.187894" lon="113.314496">
        <ele>0</ele>
        <time>2024-07-06T11:45:45Z</time>
      </trkpt>
      <trkpt lat="22.187891" lon="113.314543">
        <ele>0</ele>
        <time>2024-07-06T11:45:46Z</time>
      </trkpt>
      <trkpt lat="22.187889" lon="113.314596">
        <ele>0</ele>
        <time>2024-07-06T11:45:47Z</time>
      </trkpt>
      <trkpt lat="22.187887" lon="113.314648">
        <ele>0</ele>
        <time>2024-07-06T11:45:48Z</time>
      </trkpt>
      <trkpt lat="22.187885" lon="113.314695">
        <ele>0</ele>
        <time>2024-07-06T11:45:49Z</time>
      </trkpt>
      <trkpt lat="22.187881" lon="113.314749">
        <ele>0</ele>
        <time>2024-07-06T11:45:50Z</time>
      </trkpt>
      <trkpt lat="22.187877" lon="113.314801">
        <ele>0</ele>
        <time>2024-07-06T11:45:51Z</time>
      </trkpt>
      <trkpt lat="22.187874" lon="113.314848">
        <ele>0</ele>
        <time>2024-07-06T11:45:52Z</time>
      </trkpt>
      <trkpt lat="22.187872" lon="113.3149">
        <ele>0</ele>
        <time>2024-07-06T11:45:53Z</time>
      </trkpt>
      <trkpt lat="22.187868" lon="113.314946">
        <ele>0</ele>
        <time>2024-07-06T11:45:54Z</time>
      </trkpt>
      <trkpt lat="22.187864" lon="113.314992">
        <ele>0</ele>
        <time>2024-07-06T11:45:55Z</time>
      </trkpt>
      <trkpt lat="22.18786" lon="113.315038">
        <ele>0</ele>
        <time>2024-07-06T11:45:56Z</time>
      </trkpt>
      <trkpt lat="22.187859" lon="113.315092">
        <ele>0</ele>
        <time>2024-07-06T11:45:57Z</time>
      </trkpt>
      <trkpt lat="22.187858" lon="113.315146">
        <ele>0</ele>
        <time>2024-07-06T11:45:58Z</time>
      </trkpt>
      <trkpt lat="22.187855" lon="113.315206">
        <ele>0</ele>
        <time>2024-07-06T11:45:59Z</time>
      </trkpt>
      <trkpt lat="22.187853" lon="113.315252">
        <ele>0</ele>
        <time>2024-07-06T11:46:00Z</time>
      </trkpt>
      <trkpt lat="22.187851" lon="113.315305">
        <ele>0</ele>
        <time>2024-07-06T11:46:01Z</time>
      </trkpt>
      <trkpt lat="22.187847" lon="113.31535">
        <ele>0</ele>
        <time>2024-07-06T11:46:02Z</time>
      </trkpt>
      <trkpt lat="22.187847" lon="113.315395">
        <ele>0</ele>
        <time>2024-07-06T11:46:03Z</time>
      </trkpt>
      <trkpt lat="22.187845" lon="113.315434">
        <ele>0</ele>
        <time>2024-07-06T11:46:04Z</time>
      </trkpt>
      <trkpt lat="22.187843" lon="113.31548">
        <ele>0</ele>
        <time>2024-07-06T11:46:05Z</time>
      </trkpt>
      <trkpt lat="22.187841" lon="113.315527">
        <ele>0</ele>
        <time>2024-07-06T11:46:06Z</time>
      </trkpt>
      <trkpt lat="22.187839" lon="113.31558">
        <ele>0</ele>
        <time>2024-07-06T11:46:07Z</time>
      </trkpt>
      <trkpt lat="22.187835" lon="113.315625">
        <ele>0</ele>
        <time>2024-07-06T11:46:08Z</time>
      </trkpt>
      <trkpt lat="22.187831" lon="113.315672">
        <ele>0</ele>
        <time>2024-07-06T11:46:09Z</time>
      </trkpt>
      <trkpt lat="22.187828" lon="113.315725">
        <ele>0.1</ele>
        <time>2024-07-06T11:46:10Z</time>
      </trkpt>
      <trkpt lat="22.187824" lon="113.315779">
        <ele>0.1</ele>
        <time>2024-07-06T11:46:11Z</time>
      </trkpt>
      <trkpt lat="22.187822" lon="113.315832">
        <ele>0.1</ele>
        <time>2024-07-06T11:46:12Z</time>
      </trkpt>
      <trkpt lat="22.187822" lon="113.315887">
        <ele>0.1</ele>
        <time>2024-07-06T11:46:13Z</time>
      </trkpt>
      <trkpt lat="22.187818" lon="113.315946">
        <ele>0.1</ele>
        <time>2024-07-06T11:46:14Z</time>
      </trkpt>
      <trkpt lat="22.187812" lon="113.315999">
        <ele>0.1</ele>
        <time>2024-07-06T11:46:15Z</time>
      </trkpt>
      <trkpt lat="22.187809" lon="113.316045">
        <ele>0.1</ele>
        <time>2024-07-06T11:46:16Z</time>
      </trkpt>
      <trkpt lat="22.187805" lon="113.316099">
        <ele>0.1</ele>
        <time>2024-07-06T11:46:17Z</time>
      </trkpt>
      <trkpt lat="22.187805" lon="113.316152">
        <ele>0.1</ele>
        <time>2024-07-06T11:46:18Z</time>
      </trkpt>
      <trkpt lat="22.187801" lon="113.316206">
        <ele>0.1</ele>
        <time>2024-07-06T11:46:19Z</time>
      </trkpt>
      <trkpt lat="22.187799" lon="113.316258">
        <ele>0.1</ele>
        <time>2024-07-06T11:46:20Z</time>
      </trkpt>
      <trkpt lat="22.187795" lon="113.316305">
        <ele>0.1</ele>
        <time>2024-07-06T11:46:21Z</time>
      </trkpt>
      <trkpt lat="22.187792" lon="113.316357">
        <ele>0.1</ele>
        <time>2024-07-06T11:46:22Z</time>
      </trkpt>
      <trkpt lat="22.18779" lon="113.316404">
        <ele>0.1</ele>
        <time>2024-07-06T11:46:23Z</time>
      </trkpt>
      <trkpt lat="22.18779" lon="113.316457">
        <ele>0.2</ele>
        <time>2024-07-06T11:46:24Z</time>
      </trkpt>
      <trkpt lat="22.187788" lon="113.316511">
        <ele>0.2</ele>
        <time>2024-07-06T11:46:25Z</time>
      </trkpt>
      <trkpt lat="22.187786" lon="113.316565">
        <ele>0.2</ele>
        <time>2024-07-06T11:46:26Z</time>
      </trkpt>
      <trkpt lat="22.187782" lon="113.316618">
        <ele>0.2</ele>
        <time>2024-07-06T11:46:27Z</time>
      </trkpt>
      <trkpt lat="22.187778" lon="113.316671">
        <ele>0.2</ele>
        <time>2024-07-06T11:46:28Z</time>
      </trkpt>
      <trkpt lat="22.187774" lon="113.316725">
        <ele>0.2</ele>
        <time>2024-07-06T11:46:29Z</time>
      </trkpt>
      <trkpt lat="22.187772" lon="113.316778">
        <ele>0.3</ele>
        <time>2024-07-06T11:46:30Z</time>
      </trkpt>
      <trkpt lat="22.187769" lon="113.316832">
        <ele>0.3</ele>
        <time>2024-07-06T11:46:31Z</time>
      </trkpt>
      <trkpt lat="22.187767" lon="113.316893">
        <ele>0.3</ele>
        <time>2024-07-06T11:46:32Z</time>
      </trkpt>
      <trkpt lat="22.187765" lon="113.316954">
        <ele>0.3</ele>
        <time>2024-07-06T11:46:33Z</time>
      </trkpt>
      <trkpt lat="22.187763" lon="113.317008">
        <ele>0.3</ele>
        <time>2024-07-06T11:46:34Z</time>
      </trkpt>
      <trkpt lat="22.187759" lon="113.31707">
        <ele>0.3</ele>
        <time>2024-07-06T11:46:35Z</time>
      </trkpt>
      <trkpt lat="22.187753" lon="113.317137">
        <ele>0.4</ele>
        <time>2024-07-06T11:46:36Z</time>
      </trkpt>
      <trkpt lat="22.187749" lon="113.317198">
        <ele>0.4</ele>
        <time>2024-07-06T11:46:37Z</time>
      </trkpt>
      <trkpt lat="22.187744" lon="113.317268">
        <ele>0.4</ele>
        <time>2024-07-06T11:46:38Z</time>
      </trkpt>
      <trkpt lat="22.187742" lon="113.317336">
        <ele>0.4</ele>
        <time>2024-07-06T11:46:39Z</time>
      </trkpt>
      <trkpt lat="22.18774" lon="113.317405">
        <ele>0.5</ele>
        <time>2024-07-06T11:46:40Z</time>
      </trkpt>
      <trkpt lat="22.187734" lon="113.317475">
        <ele>0.5</ele>
        <time>2024-07-06T11:46:41Z</time>
      </trkpt>
      <trkpt lat="22.18773" lon="113.31755">
        <ele>0.5</ele>
        <time>2024-07-06T11:46:42Z</time>
      </trkpt>
      <trkpt lat="22.187724" lon="113.317619">
        <ele>0.5</ele>
        <time>2024-07-06T11:46:43Z</time>
      </trkpt>
      <trkpt lat="22.187719" lon="113.317695">
        <ele>0.5</ele>
        <time>2024-07-06T11:46:44Z</time>
      </trkpt>
      <trkpt lat="22.187717" lon="113.317764">
        <ele>0.6</ele>
        <time>2024-07-06T11:46:45Z</time>
      </trkpt>
      <trkpt lat="22.187713" lon="113.317841">
        <ele>0.6</ele>
        <time>2024-07-06T11:46:46Z</time>
      </trkpt>
      <trkpt lat="22.187709" lon="113.317917">
        <ele>0.6</ele>
        <time>2024-07-06T11:46:47Z</time>
      </trkpt>
      <trkpt lat="22.187706" lon="113.317995">
        <ele>0.6</ele>
        <time>2024-07-06T11:46:48Z</time>
      </trkpt>
      <trkpt lat="22.187702" lon="113.318078">
        <ele>0.7</ele>
        <time>2024-07-06T11:46:49Z</time>
      </trkpt>
      <trkpt lat="22.187698" lon="113.318153">
        <ele>0.7</ele>
        <time>2024-07-06T11:46:50Z</time>
      </trkpt>
      <trkpt lat="22.187694" lon="113.318229">
        <ele>0.7</ele>
        <time>2024-07-06T11:46:51Z</time>
      </trkpt>
      <trkpt lat="22.18769" lon="113.318305">
        <ele>0.7</ele>
        <time>2024-07-06T11:46:52Z</time>
      </trkpt>
      <trkpt lat="22.187681" lon="113.318366">
        <ele>0.8</ele>
        <time>2024-07-06T11:46:53Z</time>
      </trkpt>
      <trkpt lat="22.187662" lon="113.318432">
        <ele>0.8</ele>
        <time>2024-07-06T11:46:54Z</time>
      </trkpt>
      <trkpt lat="22.187641" lon="113.318478">
        <ele>0.8</ele>
        <time>2024-07-06T11:46:55Z</time>
      </trkpt>
      <trkpt lat="22.187616" lon="113.318515">
        <ele>0.8</ele>
        <time>2024-07-06T11:46:56Z</time>
      </trkpt>
      <trkpt lat="22.187598" lon="113.318546">
        <ele>0.9</ele>
        <time>2024-07-06T11:46:57Z</time>
      </trkpt>
      <trkpt lat="22.187582" lon="113.318577">
        <ele>0.9</ele>
        <time>2024-07-06T11:46:58Z</time>
      </trkpt>
      <trkpt lat="22.187563" lon="113.318615">
        <ele>0.9</ele>
        <time>2024-07-06T11:46:59Z</time>
      </trkpt>
      <trkpt lat="22.18754" lon="113.318653">
        <ele>0.9</ele>
        <time>2024-07-06T11:47:00Z</time>
      </trkpt>
      <trkpt lat="22.187514" lon="113.318692">
        <ele>0.9</ele>
        <time>2024-07-06T11:47:01Z</time>
      </trkpt>
      <trkpt lat="22.187483" lon="113.318735">
        <ele>0.9</ele>
        <time>2024-07-06T11:47:02Z</time>
      </trkpt>
      <trkpt lat="22.187444" lon="113.318758">
        <ele>1</ele>
        <time>2024-07-06T11:47:03Z</time>
      </trkpt>
      <trkpt lat="22.187402" lon="113.318772">
        <ele>1</ele>
        <time>2024-07-06T11:47:04Z</time>
      </trkpt>
      <trkpt lat="22.187354" lon="113.318778">
        <ele>1</ele>
        <time>2024-07-06T11:47:05Z</time>
      </trkpt>
      <trkpt lat="22.187307" lon="113.31877">
        <ele>1</ele>
        <time>2024-07-06T11:47:06Z</time>
      </trkpt>
      <trkpt lat="22.187261" lon="113.318753">
        <ele>1</ele>
        <time>2024-07-06T11:47:07Z</time>
      </trkpt>
      <trkpt lat="22.187222" lon="113.318721">
        <ele>1.1</ele>
        <time>2024-07-06T11:47:08Z</time>
      </trkpt>
      <trkpt lat="22.187192" lon="113.318675">
        <ele>1.1</ele>
        <time>2024-07-06T11:47:09Z</time>
      </trkpt>
      <trkpt lat="22.187159" lon="113.318631">
        <ele>1.1</ele>
        <time>2024-07-06T11:47:10Z</time>
      </trkpt>
      <trkpt lat="22.187127" lon="113.3186">
        <ele>1.1</ele>
        <time>2024-07-06T11:47:11Z</time>
      </trkpt>
      <trkpt lat="22.187099" lon="113.318561">
        <ele>1.1</ele>
        <time>2024-07-06T11:47:12Z</time>
      </trkpt>
      <trkpt lat="22.187075" lon="113.318524">
        <ele>1.2</ele>
        <time>2024-07-06T11:47:13Z</time>
      </trkpt>
      <trkpt lat="22.187053" lon="113.318486">
        <ele>1.2</ele>
        <time>2024-07-06T11:47:14Z</time>
      </trkpt>
      <trkpt lat="22.187033" lon="113.318454">
        <ele>1.2</ele>
        <time>2024-07-06T11:47:15Z</time>
      </trkpt>
      <trkpt lat="22.187014" lon="113.318416">
        <ele>1.2</ele>
        <time>2024-07-06T11:47:16Z</time>
      </trkpt>
      <trkpt lat="22.187003" lon="113.318369">
        <ele>1.2</ele>
        <time>2024-07-06T11:47:17Z</time>
      </trkpt>
      <trkpt lat="22.187007" lon="113.318317">
        <ele>1.2</ele>
        <time>2024-07-06T11:47:18Z</time>
      </trkpt>
      <trkpt lat="22.187016" lon="113.318271">
        <ele>1.3</ele>
        <time>2024-07-06T11:47:19Z</time>
      </trkpt>
      <trkpt lat="22.187019" lon="113.318226">
        <ele>1.3</ele>
        <time>2024-07-06T11:47:20Z</time>
      </trkpt>
      <trkpt lat="22.187013" lon="113.318187">
        <ele>1.3</ele>
        <time>2024-07-06T11:47:21Z</time>
      </trkpt>
      <trkpt lat="22.187012" lon="113.318141">
        <ele>1.3</ele>
        <time>2024-07-06T11:47:22Z</time>
      </trkpt>
      <trkpt lat="22.18701" lon="113.318095">
        <ele>1.3</ele>
        <time>2024-07-06T11:47:23Z</time>
      </trkpt>
      <trkpt lat="22.187008" lon="113.31805">
        <ele>1.3</ele>
        <time>2024-07-06T11:47:24Z</time>
      </trkpt>
      <trkpt lat="22.187013" lon="113.318004">
        <ele>1.4</ele>
        <time>2024-07-06T11:47:25Z</time>
      </trkpt>
      <trkpt lat="22.187025" lon="113.317958">
        <ele>1.4</ele>
        <time>2024-07-06T11:47:26Z</time>
      </trkpt>
      <trkpt lat="22.187039" lon="113.317912">
        <ele>1.4</ele>
        <time>2024-07-06T11:47:27Z</time>
      </trkpt>
      <trkpt lat="22.187048" lon="113.317859">
        <ele>1.4</ele>
        <time>2024-07-06T11:47:28Z</time>
      </trkpt>
      <trkpt lat="22.187049" lon="113.317813">
        <ele>1.4</ele>
        <time>2024-07-06T11:47:29Z</time>
      </trkpt>
      <trkpt lat="22.187045" lon="113.317768">
        <ele>1.4</ele>
        <time>2024-07-06T11:47:30Z</time>
      </trkpt>
      <trkpt lat="22.187032" lon="113.31773">
        <ele>1.4</ele>
        <time>2024-07-06T11:47:31Z</time>
      </trkpt>
      <trkpt lat="22.187023" lon="113.317691">
        <ele>1.5</ele>
        <time>2024-07-06T11:47:32Z</time>
      </trkpt>
      <trkpt lat="22.187025" lon="113.317646">
        <ele>1.5</ele>
        <time>2024-07-06T11:47:33Z</time>
      </trkpt>
      <trkpt lat="22.187029" lon="113.317608">
        <ele>1.5</ele>
        <time>2024-07-06T11:47:34Z</time>
      </trkpt>
      <trkpt lat="22.187027" lon="113.31757">
        <ele>1.5</ele>
        <time>2024-07-06T11:47:35Z</time>
      </trkpt>
      <trkpt lat="22.187021" lon="113.31754">
        <ele>1.5</ele>
        <time>2024-07-06T11:47:36Z</time>
      </trkpt>
      <trkpt lat="22.187004" lon="113.317509">
        <ele>1.5</ele>
        <time>2024-07-06T11:47:37Z</time>
      </trkpt>
      <trkpt lat="22.186983" lon="113.31748">
        <ele>1.5</ele>
        <time>2024-07-06T11:47:38Z</time>
      </trkpt>
      <trkpt lat="22.186962" lon="113.317458">
        <ele>1.5</ele>
        <time>2024-07-06T11:47:39Z</time>
      </trkpt>
      <trkpt lat="22.186948" lon="113.317443">
        <ele>1.5</ele>
        <time>2024-07-06T11:47:40Z</time>
      </trkpt>
      <trkpt lat="22.186941" lon="113.317435">
        <ele>1.5</ele>
        <time>2024-07-06T11:47:41Z</time>
      </trkpt>
      <trkpt lat="22.18694" lon="113.317427">
        <ele>1.5</ele>
        <time>2024-07-06T11:47:42Z</time>
      </trkpt>
      <trkpt lat="22.186944" lon="113.317412">
        <ele>1.5</ele>
        <time>2024-07-06T11:47:43Z</time>
      </trkpt>
      <trkpt lat="22.186954" lon="113.317396">
        <ele>1.5</ele>
        <time>2024-07-06T11:47:44Z</time>
      </trkpt>
      <trkpt lat="22.186971" lon="113.31738">
        <ele>1.5</ele>
        <time>2024-07-06T11:47:45Z</time>
      </trkpt>
      <trkpt lat="22.186984" lon="113.317359">
        <ele>1.5</ele>
        <time>2024-07-06T11:47:46Z</time>
      </trkpt>
      <trkpt lat="22.186992" lon="113.317351">
        <ele>1.5</ele>
        <time>2024-07-06T11:47:47Z</time>
      </trkpt>
      <trkpt lat="22.187006" lon="113.317345">
        <ele>1.6</ele>
        <time>2024-07-06T11:47:48Z</time>
      </trkpt>
      <trkpt lat="22.187023" lon="113.317346">
        <ele>1.6</ele>
        <time>2024-07-06T11:47:49Z</time>
      </trkpt>
      <trkpt lat="22.187042" lon="113.317361">
        <ele>1.6</ele>
        <time>2024-07-06T11:47:50Z</time>
      </trkpt>
      <trkpt lat="22.187064" lon="113.317376">
        <ele>1.6</ele>
        <time>2024-07-06T11:47:51Z</time>
      </trkpt>
      <trkpt lat="22.187089" lon="113.317384">
        <ele>1.6</ele>
        <time>2024-07-06T11:47:52Z</time>
      </trkpt>
      <trkpt lat="22.187116" lon="113.317391">
        <ele>1.6</ele>
        <time>2024-07-06T11:47:53Z</time>
      </trkpt>
      <trkpt lat="22.187143" lon="113.317399">
        <ele>1.6</ele>
        <time>2024-07-06T11:47:54Z</time>
      </trkpt>
      <trkpt lat="22.187171" lon="113.317406">
        <ele>1.6</ele>
        <time>2024-07-06T11:47:55Z</time>
      </trkpt>
      <trkpt lat="22.187205" lon="113.317407">
        <ele>1.6</ele>
        <time>2024-07-06T11:47:56Z</time>
      </trkpt>
      <trkpt lat="22.187246" lon="113.317422">
        <ele>1.6</ele>
        <time>2024-07-06T11:47:57Z</time>
      </trkpt>
      <trkpt lat="22.187284" lon="113.317429">
        <ele>1.6</ele>
        <time>2024-07-06T11:47:58Z</time>
      </trkpt>
      <trkpt lat="22.18732" lon="113.317438">
        <ele>1.6</ele>
        <time>2024-07-06T11:47:59Z</time>
      </trkpt>
      <trkpt lat="22.187353" lon="113.317452">
        <ele>1.6</ele>
        <time>2024-07-06T11:48:00Z</time>
      </trkpt>
      <trkpt lat="22.187387" lon="113.31746">
        <ele>1.7</ele>
        <time>2024-07-06T11:48:01Z</time>
      </trkpt>
      <trkpt lat="22.187422" lon="113.317467">
        <ele>1.7</ele>
        <time>2024-07-06T11:48:02Z</time>
      </trkpt>
      <trkpt lat="22.187456" lon="113.317475">
        <ele>1.7</ele>
        <time>2024-07-06T11:48:03Z</time>
      </trkpt>
      <trkpt lat="22.187492" lon="113.317483">
        <ele>1.7</ele>
        <time>2024-07-06T11:48:04Z</time>
      </trkpt>
      <trkpt lat="22.187528" lon="113.31749">
        <ele>1.7</ele>
        <time>2024-07-06T11:48:05Z</time>
      </trkpt>
      <trkpt lat="22.187566" lon="113.317498">
        <ele>1.7</ele>
        <time>2024-07-06T11:48:06Z</time>
      </trkpt>
      <trkpt lat="22.187596" lon="113.317505">
        <ele>1.7</ele>
        <time>2024-07-06T11:48:07Z</time>
      </trkpt>
      <trkpt lat="22.187625" lon="113.317506">
        <ele>1.7</ele>
        <time>2024-07-06T11:48:08Z</time>
      </trkpt>
      <trkpt lat="22.18766" lon="113.317521">
        <ele>1.7</ele>
        <time>2024-07-06T11:48:09Z</time>
      </trkpt>
      <trkpt lat="22.187694" lon="113.317529">
        <ele>1.7</ele>
        <time>2024-07-06T11:48:10Z</time>
      </trkpt>
      <trkpt lat="22.187726" lon="113.317545">
        <ele>1.7</ele>
        <time>2024-07-06T11:48:11Z</time>
      </trkpt>
      <trkpt lat="22.187751" lon="113.317559">
        <ele>1.7</ele>
        <time>2024-07-06T11:48:12Z</time>
      </trkpt>
      <trkpt lat="22.187768" lon="113.317574">
        <ele>1.8</ele>
        <time>2024-07-06T11:48:13Z</time>
      </trkpt>
      <trkpt lat="22.187791" lon="113.317582">
        <ele>1.8</ele>
        <time>2024-07-06T11:48:14Z</time>
      </trkpt>
      <trkpt lat="22.187815" lon="113.317589">
        <ele>1.8</ele>
        <time>2024-07-06T11:48:15Z</time>
      </trkpt>
      <trkpt lat="22.187839" lon="113.317597">
        <ele>1.8</ele>
        <time>2024-07-06T11:48:16Z</time>
      </trkpt>
      <trkpt lat="22.187868" lon="113.317614">
        <ele>1.8</ele>
        <time>2024-07-06T11:48:17Z</time>
      </trkpt>
      <trkpt lat="22.187939" lon="113.31765">
        <ele>1.8</ele>
        <time>2024-07-06T11:48:18Z</time>
      </trkpt>
      <trkpt lat="22.187985" lon="113.317658">
        <ele>1.8</ele>
        <time>2024-07-06T11:48:19Z</time>
      </trkpt>
      <trkpt lat="22.188041" lon="113.317666">
        <ele>1.8</ele>
        <time>2024-07-06T11:48:20Z</time>
      </trkpt>
      <trkpt lat="22.188067" lon="113.317697">
        <ele>1.8</ele>
        <time>2024-07-06T11:48:21Z</time>
      </trkpt>
      <trkpt lat="22.188086" lon="113.317744">
        <ele>1.8</ele>
        <time>2024-07-06T11:48:22Z</time>
      </trkpt>
      <trkpt lat="22.188102" lon="113.317783">
        <ele>1.9</ele>
        <time>2024-07-06T11:48:23Z</time>
      </trkpt>
      <trkpt lat="22.188115" lon="113.317822">
        <ele>1.9</ele>
        <time>2024-07-06T11:48:24Z</time>
      </trkpt>
      <trkpt lat="22.188124" lon="113.317868">
        <ele>1.9</ele>
        <time>2024-07-06T11:48:25Z</time>
      </trkpt>
      <trkpt lat="22.188128" lon="113.317914">
        <ele>1.9</ele>
        <time>2024-07-06T11:48:26Z</time>
      </trkpt>
      <trkpt lat="22.188132" lon="113.317959">
        <ele>1.9</ele>
        <time>2024-07-06T11:48:27Z</time>
      </trkpt>
      <trkpt lat="22.188142" lon="113.318005">
        <ele>1.9</ele>
        <time>2024-07-06T11:48:28Z</time>
      </trkpt>
      <trkpt lat="22.188156" lon="113.318051">
        <ele>1.9</ele>
        <time>2024-07-06T11:48:29Z</time>
      </trkpt>
      <trkpt lat="22.188169" lon="113.318097">
        <ele>1.9</ele>
        <time>2024-07-06T11:48:30Z</time>
      </trkpt>
      <trkpt lat="22.188186" lon="113.318143">
        <ele>1.9</ele>
        <time>2024-07-06T11:48:31Z</time>
      </trkpt>
      <trkpt lat="22.188204" lon="113.318188">
        <ele>1.9</ele>
        <time>2024-07-06T11:48:32Z</time>
      </trkpt>
      <trkpt lat="22.188219" lon="113.318226">
        <ele>1.9</ele>
        <time>2024-07-06T11:48:33Z</time>
      </trkpt>
      <trkpt lat="22.18824" lon="113.318271">
        <ele>1.9</ele>
        <time>2024-07-06T11:48:34Z</time>
      </trkpt>
      <trkpt lat="22.188263" lon="113.318301">
        <ele>1.9</ele>
        <time>2024-07-06T11:48:35Z</time>
      </trkpt>
      <trkpt lat="22.188286" lon="113.318333">
        <ele>1.9</ele>
        <time>2024-07-06T11:48:36Z</time>
      </trkpt>
      <trkpt lat="22.188309" lon="113.318369">
        <ele>1.9</ele>
        <time>2024-07-06T11:48:37Z</time>
      </trkpt>
      <trkpt lat="22.188332" lon="113.318393">
        <ele>1.9</ele>
        <time>2024-07-06T11:48:38Z</time>
      </trkpt>
      <trkpt lat="22.188357" lon="113.318423">
        <ele>1.9</ele>
        <time>2024-07-06T11:48:39Z</time>
      </trkpt>
      <trkpt lat="22.188382" lon="113.318446">
        <ele>1.9</ele>
        <time>2024-07-06T11:48:40Z</time>
      </trkpt>
      <trkpt lat="22.188407" lon="113.318467">
        <ele>1.9</ele>
        <time>2024-07-06T11:48:41Z</time>
      </trkpt>
      <trkpt lat="22.188434" lon="113.318474">
        <ele>1.9</ele>
        <time>2024-07-06T11:48:42Z</time>
      </trkpt>
      <trkpt lat="22.188464" lon="113.318474">
        <ele>1.9</ele>
        <time>2024-07-06T11:48:43Z</time>
      </trkpt>
      <trkpt lat="22.188495" lon="113.318473">
        <ele>1.9</ele>
        <time>2024-07-06T11:48:44Z</time>
      </trkpt>
      <trkpt lat="22.188529" lon="113.318465">
        <ele>1.9</ele>
        <time>2024-07-06T11:48:45Z</time>
      </trkpt>
      <trkpt lat="22.18856" lon="113.318459">
        <ele>1.8</ele>
        <time>2024-07-06T11:48:46Z</time>
      </trkpt>
      <trkpt lat="22.188592" lon="113.318462">
        <ele>1.8</ele>
        <time>2024-07-06T11:48:47Z</time>
      </trkpt>
      <trkpt lat="22.188615" lon="113.318501">
        <ele>1.8</ele>
        <time>2024-07-06T11:48:48Z</time>
      </trkpt>
      <trkpt lat="22.188628" lon="113.318545">
        <ele>1.8</ele>
        <time>2024-07-06T11:48:49Z</time>
      </trkpt>
      <trkpt lat="22.18864" lon="113.318574">
        <ele>1.8</ele>
        <time>2024-07-06T11:48:50Z</time>
      </trkpt>
      <trkpt lat="22.188659" lon="113.31859">
        <ele>1.8</ele>
        <time>2024-07-06T11:48:51Z</time>
      </trkpt>
      <trkpt lat="22.188688" lon="113.318605">
        <ele>1.8</ele>
        <time>2024-07-06T11:48:52Z</time>
      </trkpt>
      <trkpt lat="22.188719" lon="113.318621">
        <ele>1.8</ele>
        <time>2024-07-06T11:48:53Z</time>
      </trkpt>
      <trkpt lat="22.188748" lon="113.318644">
        <ele>1.8</ele>
        <time>2024-07-06T11:48:54Z</time>
      </trkpt>
      <trkpt lat="22.188775" lon="113.318665">
        <ele>1.8</ele>
        <time>2024-07-06T11:48:55Z</time>
      </trkpt>
      <trkpt lat="22.188801" lon="113.318671">
        <ele>1.8</ele>
        <time>2024-07-06T11:48:56Z</time>
      </trkpt>
      <trkpt lat="22.188829" lon="113.318656">
        <ele>1.8</ele>
        <time>2024-07-06T11:48:57Z</time>
      </trkpt>
      <trkpt lat="22.188859" lon="113.318648">
        <ele>1.8</ele>
        <time>2024-07-06T11:48:58Z</time>
      </trkpt>
      <trkpt lat="22.188892" lon="113.31864">
        <ele>1.8</ele>
        <time>2024-07-06T11:48:59Z</time>
      </trkpt>
      <trkpt lat="22.188922" lon="113.318626">
        <ele>1.8</ele>
        <time>2024-07-06T11:49:00Z</time>
      </trkpt>
      <trkpt lat="22.188952" lon="113.318617">
        <ele>1.8</ele>
        <time>2024-07-06T11:49:01Z</time>
      </trkpt>
      <trkpt lat="22.188981" lon="113.318603">
        <ele>1.8</ele>
        <time>2024-07-06T11:49:02Z</time>
      </trkpt>
      <trkpt lat="22.18901" lon="113.318597">
        <ele>1.8</ele>
        <time>2024-07-06T11:49:03Z</time>
      </trkpt>
      <trkpt lat="22.189038" lon="113.318606">
        <ele>1.8</ele>
        <time>2024-07-06T11:49:04Z</time>
      </trkpt>
      <trkpt lat="22.189062" lon="113.31863">
        <ele>1.8</ele>
        <time>2024-07-06T11:49:05Z</time>
      </trkpt>
      <trkpt lat="22.189075" lon="113.318661">
        <ele>1.8</ele>
        <time>2024-07-06T11:49:06Z</time>
      </trkpt>
      <trkpt lat="22.189086" lon="113.318698">
        <ele>1.8</ele>
        <time>2024-07-06T11:49:07Z</time>
      </trkpt>
      <trkpt lat="22.18909" lon="113.318728">
        <ele>1.8</ele>
        <time>2024-07-06T11:49:08Z</time>
      </trkpt>
      <trkpt lat="22.189086" lon="113.318749">
        <ele>1.8</ele>
        <time>2024-07-06T11:49:09Z</time>
      </trkpt>
      <trkpt lat="22.189077" lon="113.318758">
        <ele>1.8</ele>
        <time>2024-07-06T11:49:10Z</time>
      </trkpt>
      <trkpt lat="22.189073" lon="113.318772">
        <ele>1.8</ele>
        <time>2024-07-06T11:49:11Z</time>
      </trkpt>
      <trkpt lat="22.189068" lon="113.31878">
        <ele>1.8</ele>
        <time>2024-07-06T11:49:12Z</time>
      </trkpt>
      <trkpt lat="22.189066" lon="113.318787">
        <ele>1.8</ele>
        <time>2024-07-06T11:49:13Z</time>
      </trkpt>
      <trkpt lat="22.189062" lon="113.318795">
        <ele>1.8</ele>
        <time>2024-07-06T11:49:14Z</time>
      </trkpt>
      <trkpt lat="22.189064" lon="113.318802">
        <ele>1.8</ele>
        <time>2024-07-06T11:49:15Z</time>
      </trkpt>
      <trkpt lat="22.189064" lon="113.318803">
        <ele>1.8</ele>
        <time>2024-07-06T11:49:16Z</time>
      </trkpt>
      <trkpt lat="22.18906" lon="113.31881">
        <ele>1.8</ele>
        <time>2024-07-06T11:49:17Z</time>
      </trkpt>
      <trkpt lat="22.189062" lon="113.318818">
        <ele>1.8</ele>
        <time>2024-07-06T11:49:18Z</time>
      </trkpt>
      <trkpt lat="22.189067" lon="113.318825">
        <ele>1.8</ele>
        <time>2024-07-06T11:49:19Z</time>
      </trkpt>
      <trkpt lat="22.189075" lon="113.318832">
        <ele>1.8</ele>
        <time>2024-07-06T11:49:20Z</time>
      </trkpt>
      <trkpt lat="22.189294" lon="113.318887">
        <ele>1.8</ele>
        <time>2024-07-06T11:49:36Z</time>
      </trkpt>
      <trkpt lat="22.189327" lon="113.318894">
        <ele>1.8</ele>
        <time>2024-07-06T11:49:37Z</time>
      </trkpt>
      <trkpt lat="22.189364" lon="113.318903">
        <ele>1.7</ele>
        <time>2024-07-06T11:49:38Z</time>
      </trkpt>
      <trkpt lat="22.189404" lon="113.318917">
        <ele>1.7</ele>
        <time>2024-07-06T11:49:39Z</time>
      </trkpt>
      <trkpt lat="22.189441" lon="113.318925">
        <ele>1.7</ele>
        <time>2024-07-06T11:49:40Z</time>
      </trkpt>
      <trkpt lat="22.189472" lon="113.318932">
        <ele>1.7</ele>
        <time>2024-07-06T11:49:41Z</time>
      </trkpt>
      <trkpt lat="22.189502" lon="113.31894">
        <ele>1.6</ele>
        <time>2024-07-06T11:49:42Z</time>
      </trkpt>
      <trkpt lat="22.189532" lon="113.318948">
        <ele>1.6</ele>
        <time>2024-07-06T11:49:43Z</time>
      </trkpt>
      <trkpt lat="22.189563" lon="113.318954">
        <ele>1.6</ele>
        <time>2024-07-06T11:49:44Z</time>
      </trkpt>
      <trkpt lat="22.189591" lon="113.318955">
        <ele>1.6</ele>
        <time>2024-07-06T11:49:45Z</time>
      </trkpt>
      <trkpt lat="22.189625" lon="113.318963">
        <ele>1.6</ele>
        <time>2024-07-06T11:49:46Z</time>
      </trkpt>
      <trkpt lat="22.189661" lon="113.318971">
        <ele>1.5</ele>
        <time>2024-07-06T11:49:47Z</time>
      </trkpt>
      <trkpt lat="22.1897" lon="113.318978">
        <ele>1.5</ele>
        <time>2024-07-06T11:49:48Z</time>
      </trkpt>
      <trkpt lat="22.189743" lon="113.318986">
        <ele>1.5</ele>
        <time>2024-07-06T11:49:49Z</time>
      </trkpt>
      <trkpt lat="22.189787" lon="113.319001">
        <ele>1.5</ele>
        <time>2024-07-06T11:49:50Z</time>
      </trkpt>
      <trkpt lat="22.18983" lon="113.319008">
        <ele>1.4</ele>
        <time>2024-07-06T11:49:51Z</time>
      </trkpt>
      <trkpt lat="22.189865" lon="113.319016">
        <ele>1.4</ele>
        <time>2024-07-06T11:49:52Z</time>
      </trkpt>
      <trkpt lat="22.189888" lon="113.319025">
        <ele>1.4</ele>
        <time>2024-07-06T11:49:53Z</time>
      </trkpt>
      <trkpt lat="22.189904" lon="113.31904">
        <ele>1.4</ele>
        <time>2024-07-06T11:49:54Z</time>
      </trkpt>
      <trkpt lat="22.189907" lon="113.319064">
        <ele>1.4</ele>
        <time>2024-07-06T11:49:55Z</time>
      </trkpt>
      <trkpt lat="22.189906" lon="113.319095">
        <ele>1.4</ele>
        <time>2024-07-06T11:49:56Z</time>
      </trkpt>
      <trkpt lat="22.18991" lon="113.319123">
        <ele>1.4</ele>
        <time>2024-07-06T11:49:57Z</time>
      </trkpt>
      <trkpt lat="22.189925" lon="113.31913">
        <ele>1.3</ele>
        <time>2024-07-06T11:49:58Z</time>
      </trkpt>
      <trkpt lat="22.189953" lon="113.31913">
        <ele>1.3</ele>
        <time>2024-07-06T11:49:59Z</time>
      </trkpt>
      <trkpt lat="22.189989" lon="113.319131">
        <ele>1.3</ele>
        <time>2024-07-06T11:50:00Z</time>
      </trkpt>
      <trkpt lat="22.190025" lon="113.319138">
        <ele>1.3</ele>
        <time>2024-07-06T11:50:01Z</time>
      </trkpt>
      <trkpt lat="22.190062" lon="113.319146">
        <ele>1.3</ele>
        <time>2024-07-06T11:50:02Z</time>
      </trkpt>
      <trkpt lat="22.190102" lon="113.319154">
        <ele>1.2</ele>
        <time>2024-07-06T11:50:03Z</time>
      </trkpt>
      <trkpt lat="22.190142" lon="113.319161">
        <ele>1.2</ele>
        <time>2024-07-06T11:50:04Z</time>
      </trkpt>
      <trkpt lat="22.190185" lon="113.319169">
        <ele>1.2</ele>
        <time>2024-07-06T11:50:05Z</time>
      </trkpt>
      <trkpt lat="22.190228" lon="113.319177">
        <ele>1.2</ele>
        <time>2024-07-06T11:50:06Z</time>
      </trkpt>
      <trkpt lat="22.190267" lon="113.319192">
        <ele>1.1</ele>
        <time>2024-07-06T11:50:07Z</time>
      </trkpt>
      <trkpt lat="22.190306" lon="113.319199">
        <ele>1.1</ele>
        <time>2024-07-06T11:50:08Z</time>
      </trkpt>
      <trkpt lat="22.190346" lon="113.319208">
        <ele>1.1</ele>
        <time>2024-07-06T11:50:09Z</time>
      </trkpt>
      <trkpt lat="22.19039" lon="113.319222">
        <ele>1.1</ele>
        <time>2024-07-06T11:50:10Z</time>
      </trkpt>
      <trkpt lat="22.190435" lon="113.31923">
        <ele>1</ele>
        <time>2024-07-06T11:50:11Z</time>
      </trkpt>
      <trkpt lat="22.190484" lon="113.319237">
        <ele>1</ele>
        <time>2024-07-06T11:50:12Z</time>
      </trkpt>
      <trkpt lat="22.190535" lon="113.319246">
        <ele>1</ele>
        <time>2024-07-06T11:50:13Z</time>
      </trkpt>
      <trkpt lat="22.190581" lon="113.31926">
        <ele>0.9</ele>
        <time>2024-07-06T11:50:14Z</time>
      </trkpt>
      <trkpt lat="22.190625" lon="113.319268">
        <ele>0.9</ele>
        <time>2024-07-06T11:50:15Z</time>
      </trkpt>
      <trkpt lat="22.190669" lon="113.319276">
        <ele>0.9</ele>
        <time>2024-07-06T11:50:16Z</time>
      </trkpt>
      <trkpt lat="22.190712" lon="113.319283">
        <ele>0.9</ele>
        <time>2024-07-06T11:50:17Z</time>
      </trkpt>
      <trkpt lat="22.190756" lon="113.319292">
        <ele>0.8</ele>
        <time>2024-07-06T11:50:18Z</time>
      </trkpt>
      <trkpt lat="22.190802" lon="113.319306">
        <ele>0.8</ele>
        <time>2024-07-06T11:50:19Z</time>
      </trkpt>
      <trkpt lat="22.190848" lon="113.319314">
        <ele>0.8</ele>
        <time>2024-07-06T11:50:20Z</time>
      </trkpt>
      <trkpt lat="22.190894" lon="113.319321">
        <ele>0.8</ele>
        <time>2024-07-06T11:50:21Z</time>
      </trkpt>
      <trkpt lat="22.190946" lon="113.319329">
        <ele>0.7</ele>
        <time>2024-07-06T11:50:22Z</time>
      </trkpt>
      <trkpt lat="22.191001" lon="113.319337">
        <ele>0.7</ele>
        <time>2024-07-06T11:50:23Z</time>
      </trkpt>
      <trkpt lat="22.191059" lon="113.319344">
        <ele>0.7</ele>
        <time>2024-07-06T11:50:24Z</time>
      </trkpt>
      <trkpt lat="22.191116" lon="113.319344">
        <ele>0.7</ele>
        <time>2024-07-06T11:50:25Z</time>
      </trkpt>
      <trkpt lat="22.191175" lon="113.319351">
        <ele>0.7</ele>
        <time>2024-07-06T11:50:26Z</time>
      </trkpt>
      <trkpt lat="22.191234" lon="113.319352">
        <ele>0.7</ele>
        <time>2024-07-06T11:50:27Z</time>
      </trkpt>
      <trkpt lat="22.191289" lon="113.319359">
        <ele>0.7</ele>
        <time>2024-07-06T11:50:28Z</time>
      </trkpt>
      <trkpt lat="22.191341" lon="113.31936">
        <ele>0.6</ele>
        <time>2024-07-06T11:50:29Z</time>
      </trkpt>
      <trkpt lat="22.191393" lon="113.319366">
        <ele>0.6</ele>
        <time>2024-07-06T11:50:30Z</time>
      </trkpt>
      <trkpt lat="22.191432" lon="113.319367">
        <ele>0.6</ele>
        <time>2024-07-06T11:50:31Z</time>
      </trkpt>
      <trkpt lat="22.191464" lon="113.319375">
        <ele>0.6</ele>
        <time>2024-07-06T11:50:32Z</time>
      </trkpt>
      <trkpt lat="22.19149" lon="113.319381">
        <ele>0.6</ele>
        <time>2024-07-06T11:50:33Z</time>
      </trkpt>
      <trkpt lat="22.19151" lon="113.319371">
        <ele>0.6</ele>
        <time>2024-07-06T11:50:34Z</time>
      </trkpt>
      <trkpt lat="22.191518" lon="113.31934">
        <ele>0.6</ele>
        <time>2024-07-06T11:50:35Z</time>
      </trkpt>
      <trkpt lat="22.19151" lon="113.319302">
        <ele>0.6</ele>
        <time>2024-07-06T11:50:36Z</time>
      </trkpt>
      <trkpt lat="22.1915" lon="113.319267">
        <ele>0.6</ele>
        <time>2024-07-06T11:50:37Z</time>
      </trkpt>
      <trkpt lat="22.191486" lon="113.319259">
        <ele>0.6</ele>
        <time>2024-07-06T11:50:38Z</time>
      </trkpt>
      <trkpt lat="22.191464" lon="113.319253">
        <ele>0.6</ele>
        <time>2024-07-06T11:50:39Z</time>
      </trkpt>
      <trkpt lat="22.191443" lon="113.31926">
        <ele>0.6</ele>
        <time>2024-07-06T11:50:40Z</time>
      </trkpt>
      <trkpt lat="22.191407" lon="113.319266">
        <ele>0.6</ele>
        <time>2024-07-06T11:50:41Z</time>
      </trkpt>
      <trkpt lat="22.19138" lon="113.31926">
        <ele>0.5</ele>
        <time>2024-07-06T11:50:42Z</time>
      </trkpt>
      <trkpt lat="22.191362" lon="113.319261">
        <ele>0.5</ele>
        <time>2024-07-06T11:50:43Z</time>
      </trkpt>
      <trkpt lat="22.191341" lon="113.319275">
        <ele>0.5</ele>
        <time>2024-07-06T11:50:44Z</time>
      </trkpt>
      <trkpt lat="22.191318" lon="113.319274">
        <ele>0.5</ele>
        <time>2024-07-06T11:50:45Z</time>
      </trkpt>
      <trkpt lat="22.191293" lon="113.319266">
        <ele>0.5</ele>
        <time>2024-07-06T11:50:46Z</time>
      </trkpt>
      <trkpt lat="22.191271" lon="113.31925">
        <ele>0.5</ele>
        <time>2024-07-06T11:50:47Z</time>
      </trkpt>
      <trkpt lat="22.191254" lon="113.319227">
        <ele>0.5</ele>
        <time>2024-07-06T11:50:48Z</time>
      </trkpt>
      <trkpt lat="22.191237" lon="113.319204">
        <ele>0.5</ele>
        <time>2024-07-06T11:50:49Z</time>
      </trkpt>
      <trkpt lat="22.191219" lon="113.31918">
        <ele>0.5</ele>
        <time>2024-07-06T11:50:50Z</time>
      </trkpt>
      <trkpt lat="22.191193" lon="113.319151">
        <ele>0.5</ele>
        <time>2024-07-06T11:50:51Z</time>
      </trkpt>
      <trkpt lat="22.191175" lon="113.319127">
        <ele>0.5</ele>
        <time>2024-07-06T11:50:52Z</time>
      </trkpt>
      <trkpt lat="22.191176" lon="113.319098">
        <ele>0.5</ele>
        <time>2024-07-06T11:50:53Z</time>
      </trkpt>
      <trkpt lat="22.191203" lon="113.319075">
        <ele>0.5</ele>
        <time>2024-07-06T11:50:54Z</time>
      </trkpt>
      <trkpt lat="22.191232" lon="113.319059">
        <ele>0.5</ele>
        <time>2024-07-06T11:50:55Z</time>
      </trkpt>
      <trkpt lat="22.191249" lon="113.319035">
        <ele>0.4</ele>
        <time>2024-07-06T11:50:56Z</time>
      </trkpt>
      <trkpt lat="22.191257" lon="113.319004">
        <ele>0.4</ele>
        <time>2024-07-06T11:50:57Z</time>
      </trkpt>
      <trkpt lat="22.191255" lon="113.318967">
        <ele>0.4</ele>
        <time>2024-07-06T11:50:58Z</time>
      </trkpt>
      <trkpt lat="22.191247" lon="113.318929">
        <ele>0.4</ele>
        <time>2024-07-06T11:50:59Z</time>
      </trkpt>
      <trkpt lat="22.191236" lon="113.318898">
        <ele>0.4</ele>
        <time>2024-07-06T11:51:00Z</time>
      </trkpt>
      <trkpt lat="22.191231" lon="113.31886">
        <ele>0.4</ele>
        <time>2024-07-06T11:51:01Z</time>
      </trkpt>
      <trkpt lat="22.191232" lon="113.31883">
        <ele>0.4</ele>
        <time>2024-07-06T11:51:02Z</time>
      </trkpt>
      <trkpt lat="22.191243" lon="113.318798">
        <ele>0.4</ele>
        <time>2024-07-06T11:51:03Z</time>
      </trkpt>
      <trkpt lat="22.191257" lon="113.318761">
        <ele>0.4</ele>
        <time>2024-07-06T11:51:04Z</time>
      </trkpt>
      <trkpt lat="22.191268" lon="113.31873">
        <ele>0.4</ele>
        <time>2024-07-06T11:51:05Z</time>
      </trkpt>
      <trkpt lat="22.191276" lon="113.318692">
        <ele>0.4</ele>
        <time>2024-07-06T11:51:06Z</time>
      </trkpt>
      <trkpt lat="22.191294" lon="113.318663">
        <ele>0.4</ele>
        <time>2024-07-06T11:51:07Z</time>
      </trkpt>
      <trkpt lat="22.191323" lon="113.318648">
        <ele>0.4</ele>
        <time>2024-07-06T11:51:08Z</time>
      </trkpt>
      <trkpt lat="22.191356" lon="113.318633">
        <ele>0.3</ele>
        <time>2024-07-06T11:51:09Z</time>
      </trkpt>
      <trkpt lat="22.19139" lon="113.318617">
        <ele>0.3</ele>
        <time>2024-07-06T11:51:10Z</time>
      </trkpt>
      <trkpt lat="22.19142" lon="113.318603">
        <ele>0.3</ele>
        <time>2024-07-06T11:51:11Z</time>
      </trkpt>
      <trkpt lat="22.191446" lon="113.318594">
        <ele>0.3</ele>
        <time>2024-07-06T11:51:12Z</time>
      </trkpt>
      <trkpt lat="22.191465" lon="113.318571">
        <ele>0.3</ele>
        <time>2024-07-06T11:51:13Z</time>
      </trkpt>
      <trkpt lat="22.191477" lon="113.318547">
        <ele>0.3</ele>
        <time>2024-07-06T11:51:14Z</time>
      </trkpt>
      <trkpt lat="22.191483" lon="113.318509">
        <ele>0.3</ele>
        <time>2024-07-06T11:51:15Z</time>
      </trkpt>
      <trkpt lat="22.191487" lon="113.318479">
        <ele>0.4</ele>
        <time>2024-07-06T11:51:16Z</time>
      </trkpt>
      <trkpt lat="22.191494" lon="113.318449">
        <ele>0.4</ele>
        <time>2024-07-06T11:51:17Z</time>
      </trkpt>
      <trkpt lat="22.191511" lon="113.318426">
        <ele>0.4</ele>
        <time>2024-07-06T11:51:18Z</time>
      </trkpt>
      <trkpt lat="22.19153" lon="113.318396">
        <ele>0.4</ele>
        <time>2024-07-06T11:51:19Z</time>
      </trkpt>
      <trkpt lat="22.191558" lon="113.318373">
        <ele>0.4</ele>
        <time>2024-07-06T11:51:20Z</time>
      </trkpt>
      <trkpt lat="22.191592" lon="113.318358">
        <ele>0.5</ele>
        <time>2024-07-06T11:51:21Z</time>
      </trkpt>
      <trkpt lat="22.191629" lon="113.318342">
        <ele>0.5</ele>
        <time>2024-07-06T11:51:22Z</time>
      </trkpt>
      <trkpt lat="22.191663" lon="113.318319">
        <ele>0.5</ele>
        <time>2024-07-06T11:51:23Z</time>
      </trkpt>
      <trkpt lat="22.191695" lon="113.318296">
        <ele>0.5</ele>
        <time>2024-07-06T11:51:24Z</time>
      </trkpt>
      <trkpt lat="22.191725" lon="113.318265">
        <ele>0.5</ele>
        <time>2024-07-06T11:51:25Z</time>
      </trkpt>
      <trkpt lat="22.191754" lon="113.318235">
        <ele>0.6</ele>
        <time>2024-07-06T11:51:26Z</time>
      </trkpt>
      <trkpt lat="22.191785" lon="113.318205">
        <ele>0.6</ele>
        <time>2024-07-06T11:51:27Z</time>
      </trkpt>
      <trkpt lat="22.191816" lon="113.318183">
        <ele>0.6</ele>
        <time>2024-07-06T11:51:28Z</time>
      </trkpt>
      <trkpt lat="22.191858" lon="113.318178">
        <ele>0.6</ele>
        <time>2024-07-06T11:51:29Z</time>
      </trkpt>
      <trkpt lat="22.191895" lon="113.318191">
        <ele>0.6</ele>
        <time>2024-07-06T11:51:30Z</time>
      </trkpt>
      <trkpt lat="22.191931" lon="113.318182">
        <ele>0.7</ele>
        <time>2024-07-06T11:51:31Z</time>
      </trkpt>
      <trkpt lat="22.191957" lon="113.318158">
        <ele>0.7</ele>
        <time>2024-07-06T11:51:32Z</time>
      </trkpt>
      <trkpt lat="22.191976" lon="113.318127">
        <ele>0.7</ele>
        <time>2024-07-06T11:51:33Z</time>
      </trkpt>
      <trkpt lat="22.191996" lon="113.31809">
        <ele>0.7</ele>
        <time>2024-07-06T11:51:34Z</time>
      </trkpt>
      <trkpt lat="22.192026" lon="113.318069">
        <ele>0.7</ele>
        <time>2024-07-06T11:51:35Z</time>
      </trkpt>
      <trkpt lat="22.192066" lon="113.318062">
        <ele>0.8</ele>
        <time>2024-07-06T11:51:36Z</time>
      </trkpt>
      <trkpt lat="22.192106" lon="113.318063">
        <ele>0.8</ele>
        <time>2024-07-06T11:51:37Z</time>
      </trkpt>
      <trkpt lat="22.192144" lon="113.318078">
        <ele>0.8</ele>
        <time>2024-07-06T11:51:38Z</time>
      </trkpt>
      <trkpt lat="22.19218" lon="113.318085">
        <ele>0.8</ele>
        <time>2024-07-06T11:51:39Z</time>
      </trkpt>
      <trkpt lat="22.192214" lon="113.318083">
        <ele>0.9</ele>
        <time>2024-07-06T11:51:40Z</time>
      </trkpt>
      <trkpt lat="22.192246" lon="113.318067">
        <ele>0.9</ele>
        <time>2024-07-06T11:51:41Z</time>
      </trkpt>
      <trkpt lat="22.192273" lon="113.318036">
        <ele>0.9</ele>
        <time>2024-07-06T11:51:42Z</time>
      </trkpt>
      <trkpt lat="22.192296" lon="113.318005">
        <ele>0.9</ele>
        <time>2024-07-06T11:51:43Z</time>
      </trkpt>
      <trkpt lat="22.192311" lon="113.317966">
        <ele>0.9</ele>
        <time>2024-07-06T11:51:44Z</time>
      </trkpt>
      <trkpt lat="22.192323" lon="113.317921">
        <ele>1</ele>
        <time>2024-07-06T11:51:45Z</time>
      </trkpt>
      <trkpt lat="22.192337" lon="113.317883">
        <ele>1</ele>
        <time>2024-07-06T11:51:46Z</time>
      </trkpt>
      <trkpt lat="22.192356" lon="113.317845">
        <ele>1</ele>
        <time>2024-07-06T11:51:47Z</time>
      </trkpt>
      <trkpt lat="22.192375" lon="113.317806">
        <ele>1</ele>
        <time>2024-07-06T11:51:48Z</time>
      </trkpt>
      <trkpt lat="22.192396" lon="113.317761">
        <ele>1.1</ele>
        <time>2024-07-06T11:51:49Z</time>
      </trkpt>
      <trkpt lat="22.192411" lon="113.317724">
        <ele>1.1</ele>
        <time>2024-07-06T11:51:50Z</time>
      </trkpt>
      <trkpt lat="22.192431" lon="113.317694">
        <ele>1.1</ele>
        <time>2024-07-06T11:51:51Z</time>
      </trkpt>
      <trkpt lat="22.19246" lon="113.317671">
        <ele>1.1</ele>
        <time>2024-07-06T11:51:52Z</time>
      </trkpt>
      <trkpt lat="22.192496" lon="113.317649">
        <ele>1.1</ele>
        <time>2024-07-06T11:51:53Z</time>
      </trkpt>
      <trkpt lat="22.192531" lon="113.317641">
        <ele>1.2</ele>
        <time>2024-07-06T11:51:54Z</time>
      </trkpt>
      <trkpt lat="22.192561" lon="113.317625">
        <ele>1.2</ele>
        <time>2024-07-06T11:51:55Z</time>
      </trkpt>
      <trkpt lat="22.192591" lon="113.317602">
        <ele>1.2</ele>
        <time>2024-07-06T11:51:56Z</time>
      </trkpt>
      <trkpt lat="22.192624" lon="113.317579">
        <ele>1.2</ele>
        <time>2024-07-06T11:51:57Z</time>
      </trkpt>
      <trkpt lat="22.192657" lon="113.317557">
        <ele>1.2</ele>
        <time>2024-07-06T11:51:58Z</time>
      </trkpt>
      <trkpt lat="22.192692" lon="113.317544">
        <ele>1.3</ele>
        <time>2024-07-06T11:51:59Z</time>
      </trkpt>
      <trkpt lat="22.192728" lon="113.317552">
        <ele>1.3</ele>
        <time>2024-07-06T11:52:00Z</time>
      </trkpt>
      <trkpt lat="22.192763" lon="113.317568">
        <ele>1.3</ele>
        <time>2024-07-06T11:52:01Z</time>
      </trkpt>
      <trkpt lat="22.192795" lon="113.317591">
        <ele>1.3</ele>
        <time>2024-07-06T11:52:02Z</time>
      </trkpt>
      <trkpt lat="22.192822" lon="113.317614">
        <ele>1.3</ele>
        <time>2024-07-06T11:52:03Z</time>
      </trkpt>
      <trkpt lat="22.192846" lon="113.317637">
        <ele>1.3</ele>
        <time>2024-07-06T11:52:04Z</time>
      </trkpt>
      <trkpt lat="22.192863" lon="113.317658">
        <ele>1.3</ele>
        <time>2024-07-06T11:52:05Z</time>
      </trkpt>
      <trkpt lat="22.192876" lon="113.317656">
        <ele>1.2</ele>
        <time>2024-07-06T11:52:06Z</time>
      </trkpt>
      <trkpt lat="22.192891" lon="113.31764">
        <ele>1.2</ele>
        <time>2024-07-06T11:52:07Z</time>
      </trkpt>
      <trkpt lat="22.192905" lon="113.317611">
        <ele>1.2</ele>
        <time>2024-07-06T11:52:08Z</time>
      </trkpt>
      <trkpt lat="22.19292" lon="113.317596">
        <ele>1.2</ele>
        <time>2024-07-06T11:52:09Z</time>
      </trkpt>
      <trkpt lat="22.192929" lon="113.317589">
        <ele>1.2</ele>
        <time>2024-07-06T11:52:10Z</time>
      </trkpt>
      <trkpt lat="22.192938" lon="113.317596">
        <ele>1.2</ele>
        <time>2024-07-06T11:52:11Z</time>
      </trkpt>
      <trkpt lat="22.192944" lon="113.317597">
        <ele>1.2</ele>
        <time>2024-07-06T11:52:12Z</time>
      </trkpt>
      <trkpt lat="22.192982" lon="113.317594">
        <ele>1.2</ele>
        <time>2024-07-06T11:52:15Z</time>
      </trkpt>
      <trkpt lat="22.193001" lon="113.317572">
        <ele>1.2</ele>
        <time>2024-07-06T11:52:16Z</time>
      </trkpt>
      <trkpt lat="22.193026" lon="113.317557">
        <ele>1.2</ele>
        <time>2024-07-06T11:52:17Z</time>
      </trkpt>
      <trkpt lat="22.193055" lon="113.317542">
        <ele>1.2</ele>
        <time>2024-07-06T11:52:18Z</time>
      </trkpt>
      <trkpt lat="22.193091" lon="113.317526">
        <ele>1.1</ele>
        <time>2024-07-06T11:52:19Z</time>
      </trkpt>
      <trkpt lat="22.193123" lon="113.317504">
        <ele>1.1</ele>
        <time>2024-07-06T11:52:20Z</time>
      </trkpt>
      <trkpt lat="22.193154" lon="113.317488">
        <ele>1.1</ele>
        <time>2024-07-06T11:52:21Z</time>
      </trkpt>
      <trkpt lat="22.193185" lon="113.317465">
        <ele>1.1</ele>
        <time>2024-07-06T11:52:22Z</time>
      </trkpt>
      <trkpt lat="22.193216" lon="113.317442">
        <ele>1.1</ele>
        <time>2024-07-06T11:52:23Z</time>
      </trkpt>
      <trkpt lat="22.193248" lon="113.317419">
        <ele>1.1</ele>
        <time>2024-07-06T11:52:24Z</time>
      </trkpt>
      <trkpt lat="22.19328" lon="113.317397">
        <ele>1</ele>
        <time>2024-07-06T11:52:25Z</time>
      </trkpt>
      <trkpt lat="22.193312" lon="113.317381">
        <ele>1</ele>
        <time>2024-07-06T11:52:26Z</time>
      </trkpt>
      <trkpt lat="22.193343" lon="113.317358">
        <ele>1</ele>
        <time>2024-07-06T11:52:27Z</time>
      </trkpt>
      <trkpt lat="22.193375" lon="113.317335">
        <ele>1</ele>
        <time>2024-07-06T11:52:28Z</time>
      </trkpt>
      <trkpt lat="22.193406" lon="113.317313">
        <ele>1</ele>
        <time>2024-07-06T11:52:29Z</time>
      </trkpt>
      <trkpt lat="22.193437" lon="113.317298">
        <ele>1</ele>
        <time>2024-07-06T11:52:30Z</time>
      </trkpt>
      <trkpt lat="22.193473" lon="113.317282">
        <ele>1</ele>
        <time>2024-07-06T11:52:31Z</time>
      </trkpt>
      <trkpt lat="22.193505" lon="113.317259">
        <ele>0.9</ele>
        <time>2024-07-06T11:52:32Z</time>
      </trkpt>
      <trkpt lat="22.193537" lon="113.317244">
        <ele>0.9</ele>
        <time>2024-07-06T11:52:33Z</time>
      </trkpt>
      <trkpt lat="22.193568" lon="113.317221">
        <ele>0.9</ele>
        <time>2024-07-06T11:52:34Z</time>
      </trkpt>
      <trkpt lat="22.193599" lon="113.317206">
        <ele>0.9</ele>
        <time>2024-07-06T11:52:35Z</time>
      </trkpt>
      <trkpt lat="22.193631" lon="113.31719">
        <ele>0.9</ele>
        <time>2024-07-06T11:52:36Z</time>
      </trkpt>
      <trkpt lat="22.193666" lon="113.317167">
        <ele>0.9</ele>
        <time>2024-07-06T11:52:37Z</time>
      </trkpt>
      <trkpt lat="22.193703" lon="113.317145">
        <ele>0.9</ele>
        <time>2024-07-06T11:52:38Z</time>
      </trkpt>
      <trkpt lat="22.19374" lon="113.317122">
        <ele>0.8</ele>
        <time>2024-07-06T11:52:39Z</time>
      </trkpt>
      <trkpt lat="22.193776" lon="113.317099">
        <ele>0.8</ele>
        <time>2024-07-06T11:52:40Z</time>
      </trkpt>
      <trkpt lat="22.193808" lon="113.317084">
        <ele>0.8</ele>
        <time>2024-07-06T11:52:41Z</time>
      </trkpt>
      <trkpt lat="22.193841" lon="113.317068">
        <ele>0.8</ele>
        <time>2024-07-06T11:52:42Z</time>
      </trkpt>
      <trkpt lat="22.193872" lon="113.317045">
        <ele>0.8</ele>
        <time>2024-07-06T11:52:43Z</time>
      </trkpt>
      <trkpt lat="22.193902" lon="113.317022">
        <ele>0.8</ele>
        <time>2024-07-06T11:52:44Z</time>
      </trkpt>
      <trkpt lat="22.19393" lon="113.316999">
        <ele>0.7</ele>
        <time>2024-07-06T11:52:45Z</time>
      </trkpt>
      <trkpt lat="22.193958" lon="113.316968">
        <ele>0.7</ele>
        <time>2024-07-06T11:52:46Z</time>
      </trkpt>
      <trkpt lat="22.193981" lon="113.316938">
        <ele>0.7</ele>
        <time>2024-07-06T11:52:47Z</time>
      </trkpt>
      <trkpt lat="22.193998" lon="113.316906">
        <ele>0.7</ele>
        <time>2024-07-06T11:52:48Z</time>
      </trkpt>
      <trkpt lat="22.194012" lon="113.316868">
        <ele>0.7</ele>
        <time>2024-07-06T11:52:49Z</time>
      </trkpt>
      <trkpt lat="22.19403" lon="113.316822">
        <ele>0.7</ele>
        <time>2024-07-06T11:52:50Z</time>
      </trkpt>
      <trkpt lat="22.194047" lon="113.316784">
        <ele>0.6</ele>
        <time>2024-07-06T11:52:51Z</time>
      </trkpt>
      <trkpt lat="22.194063" lon="113.316739">
        <ele>0.6</ele>
        <time>2024-07-06T11:52:52Z</time>
      </trkpt>
      <trkpt lat="22.194082" lon="113.316709">
        <ele>0.6</ele>
        <time>2024-07-06T11:52:53Z</time>
      </trkpt>
      <trkpt lat="22.194106" lon="113.316671">
        <ele>0.6</ele>
        <time>2024-07-06T11:52:54Z</time>
      </trkpt>
      <trkpt lat="22.194137" lon="113.316648">
        <ele>0.6</ele>
        <time>2024-07-06T11:52:55Z</time>
      </trkpt>
      <trkpt lat="22.19417" lon="113.316625">
        <ele>0.6</ele>
        <time>2024-07-06T11:52:56Z</time>
      </trkpt>
      <trkpt lat="22.194204" lon="113.316603">
        <ele>0.6</ele>
        <time>2024-07-06T11:52:57Z</time>
      </trkpt>
      <trkpt lat="22.19424" lon="113.316587">
        <ele>0.6</ele>
        <time>2024-07-06T11:52:58Z</time>
      </trkpt>
      <trkpt lat="22.194273" lon="113.316565">
        <ele>0.6</ele>
        <time>2024-07-06T11:52:59Z</time>
      </trkpt>
      <trkpt lat="22.194304" lon="113.316549">
        <ele>0.6</ele>
        <time>2024-07-06T11:53:00Z</time>
      </trkpt>
      <trkpt lat="22.194335" lon="113.316527">
        <ele>0.6</ele>
        <time>2024-07-06T11:53:01Z</time>
      </trkpt>
      <trkpt lat="22.194365" lon="113.316511">
        <ele>0.6</ele>
        <time>2024-07-06T11:53:02Z</time>
      </trkpt>
      <trkpt lat="22.194392" lon="113.316488">
        <ele>0.6</ele>
        <time>2024-07-06T11:53:03Z</time>
      </trkpt>
      <trkpt lat="22.194423" lon="113.316458">
        <ele>0.6</ele>
        <time>2024-07-06T11:53:04Z</time>
      </trkpt>
      <trkpt lat="22.194455" lon="113.316435">
        <ele>0.6</ele>
        <time>2024-07-06T11:53:05Z</time>
      </trkpt>
      <trkpt lat="22.194488" lon="113.316413">
        <ele>0.6</ele>
        <time>2024-07-06T11:53:06Z</time>
      </trkpt>
      <trkpt lat="22.194524" lon="113.316396">
        <ele>0.6</ele>
        <time>2024-07-06T11:53:07Z</time>
      </trkpt>
      <trkpt lat="22.194556" lon="113.316374">
        <ele>0.6</ele>
        <time>2024-07-06T11:53:08Z</time>
      </trkpt>
      <trkpt lat="22.194582" lon="113.316359">
        <ele>0.6</ele>
        <time>2024-07-06T11:53:09Z</time>
      </trkpt>
      <trkpt lat="22.194609" lon="113.316336">
        <ele>0.6</ele>
        <time>2024-07-06T11:53:10Z</time>
      </trkpt>
      <trkpt lat="22.194636" lon="113.31632">
        <ele>0.6</ele>
        <time>2024-07-06T11:53:11Z</time>
      </trkpt>
      <trkpt lat="22.194662" lon="113.316298">
        <ele>0.6</ele>
        <time>2024-07-06T11:53:12Z</time>
      </trkpt>
      <trkpt lat="22.194684" lon="113.316283">
        <ele>0.6</ele>
        <time>2024-07-06T11:53:13Z</time>
      </trkpt>
      <trkpt lat="22.194696" lon="113.316275">
        <ele>0.6</ele>
        <time>2024-07-06T11:53:14Z</time>
      </trkpt>
      <trkpt lat="22.19469" lon="113.31626">
        <ele>0.6</ele>
        <time>2024-07-06T11:53:15Z</time>
      </trkpt>
      <trkpt lat="22.194679" lon="113.316245">
        <ele>0.6</ele>
        <time>2024-07-06T11:53:16Z</time>
      </trkpt>
      <trkpt lat="22.194672" lon="113.31623">
        <ele>0.6</ele>
        <time>2024-07-06T11:53:17Z</time>
      </trkpt>
      <trkpt lat="22.194674" lon="113.316222">
        <ele>0.6</ele>
        <time>2024-07-06T11:53:18Z</time>
      </trkpt>
      <trkpt lat="22.194676" lon="113.316206">
        <ele>0.6</ele>
        <time>2024-07-06T11:53:19Z</time>
      </trkpt>
      <trkpt lat="22.19468" lon="113.316183">
        <ele>0.6</ele>
        <time>2024-07-06T11:53:20Z</time>
      </trkpt>
      <trkpt lat="22.194686" lon="113.31616">
        <ele>0.6</ele>
        <time>2024-07-06T11:53:21Z</time>
      </trkpt>
      <trkpt lat="22.194702" lon="113.316137">
        <ele>0.6</ele>
        <time>2024-07-06T11:53:22Z</time>
      </trkpt>
      <trkpt lat="22.194726" lon="113.316114">
        <ele>0.6</ele>
        <time>2024-07-06T11:53:23Z</time>
      </trkpt>
      <trkpt lat="22.194754" lon="113.316091">
        <ele>0.6</ele>
        <time>2024-07-06T11:53:24Z</time>
      </trkpt>
      <trkpt lat="22.194785" lon="113.316069">
        <ele>0.6</ele>
        <time>2024-07-06T11:53:25Z</time>
      </trkpt>
      <trkpt lat="22.194814" lon="113.316045">
        <ele>0.6</ele>
        <time>2024-07-06T11:53:26Z</time>
      </trkpt>
      <trkpt lat="22.194844" lon="113.316015">
        <ele>0.6</ele>
        <time>2024-07-06T11:53:27Z</time>
      </trkpt>
      <trkpt lat="22.194873" lon="113.315992">
        <ele>0.6</ele>
        <time>2024-07-06T11:53:28Z</time>
      </trkpt>
      <trkpt lat="22.194901" lon="113.315969">
        <ele>0.6</ele>
        <time>2024-07-06T11:53:29Z</time>
      </trkpt>
      <trkpt lat="22.194931" lon="113.315947">
        <ele>0.6</ele>
        <time>2024-07-06T11:53:30Z</time>
      </trkpt>
      <trkpt lat="22.194962" lon="113.315932">
        <ele>0.6</ele>
        <time>2024-07-06T11:53:31Z</time>
      </trkpt>
      <trkpt lat="22.194988" lon="113.315916">
        <ele>0.6</ele>
        <time>2024-07-06T11:53:32Z</time>
      </trkpt>
      <trkpt lat="22.195009" lon="113.315901">
        <ele>0.6</ele>
        <time>2024-07-06T11:53:33Z</time>
      </trkpt>
      <trkpt lat="22.195028" lon="113.315885">
        <ele>0.6</ele>
        <time>2024-07-06T11:53:34Z</time>
      </trkpt>
      <trkpt lat="22.19505" lon="113.315863">
        <ele>0.6</ele>
        <time>2024-07-06T11:53:35Z</time>
      </trkpt>
      <trkpt lat="22.195076" lon="113.315848">
        <ele>0.6</ele>
        <time>2024-07-06T11:53:36Z</time>
      </trkpt>
      <trkpt lat="22.195103" lon="113.315833">
        <ele>0.6</ele>
        <time>2024-07-06T11:53:37Z</time>
      </trkpt>
      <trkpt lat="22.195132" lon="113.315817">
        <ele>0.6</ele>
        <time>2024-07-06T11:53:38Z</time>
      </trkpt>
      <trkpt lat="22.195159" lon="113.315802">
        <ele>0.6</ele>
        <time>2024-07-06T11:53:39Z</time>
      </trkpt>
      <trkpt lat="22.195183" lon="113.315786">
        <ele>0.6</ele>
        <time>2024-07-06T11:53:40Z</time>
      </trkpt>
      <trkpt lat="22.195206" lon="113.315764">
        <ele>0.6</ele>
        <time>2024-07-06T11:53:41Z</time>
      </trkpt>
      <trkpt lat="22.195229" lon="113.315749">
        <ele>0.6</ele>
        <time>2024-07-06T11:53:42Z</time>
      </trkpt>
      <trkpt lat="22.195256" lon="113.315742">
        <ele>0.6</ele>
        <time>2024-07-06T11:53:43Z</time>
      </trkpt>
      <trkpt lat="22.19528" lon="113.315734">
        <ele>0.6</ele>
        <time>2024-07-06T11:53:44Z</time>
      </trkpt>
      <trkpt lat="22.195303" lon="113.315718">
        <ele>0.6</ele>
        <time>2024-07-06T11:53:45Z</time>
      </trkpt>
      <trkpt lat="22.195324" lon="113.315702">
        <ele>0.6</ele>
        <time>2024-07-06T11:53:46Z</time>
      </trkpt>
      <trkpt lat="22.195345" lon="113.315679">
        <ele>0.6</ele>
        <time>2024-07-06T11:53:47Z</time>
      </trkpt>
      <trkpt lat="22.195368" lon="113.315656">
        <ele>0.6</ele>
        <time>2024-07-06T11:53:48Z</time>
      </trkpt>
      <trkpt lat="22.195393" lon="113.315626">
        <ele>0.6</ele>
        <time>2024-07-06T11:53:49Z</time>
      </trkpt>
      <trkpt lat="22.195416" lon="113.315603">
        <ele>0.6</ele>
        <time>2024-07-06T11:53:50Z</time>
      </trkpt>
      <trkpt lat="22.195441" lon="113.315581">
        <ele>0.6</ele>
        <time>2024-07-06T11:53:51Z</time>
      </trkpt>
      <trkpt lat="22.195464" lon="113.315566">
        <ele>0.6</ele>
        <time>2024-07-06T11:53:52Z</time>
      </trkpt>
      <trkpt lat="22.195491" lon="113.315551">
        <ele>0.6</ele>
        <time>2024-07-06T11:53:53Z</time>
      </trkpt>
      <trkpt lat="22.195517" lon="113.315542">
        <ele>0.6</ele>
        <time>2024-07-06T11:53:54Z</time>
      </trkpt>
      <trkpt lat="22.195539" lon="113.315519">
        <ele>0.6</ele>
        <time>2024-07-06T11:53:55Z</time>
      </trkpt>
      <trkpt lat="22.195556" lon="113.315497">
        <ele>0.6</ele>
        <time>2024-07-06T11:53:56Z</time>
      </trkpt>
      <trkpt lat="22.195574" lon="113.315482">
        <ele>0.6</ele>
        <time>2024-07-06T11:53:57Z</time>
      </trkpt>
      <trkpt lat="22.195594" lon="113.315467">
        <ele>0.6</ele>
        <time>2024-07-06T11:53:58Z</time>
      </trkpt>
      <trkpt lat="22.195614" lon="113.315451">
        <ele>0.6</ele>
        <time>2024-07-06T11:53:59Z</time>
      </trkpt>
      <trkpt lat="22.195633" lon="113.315428">
        <ele>0.6</ele>
        <time>2024-07-06T11:54:00Z</time>
      </trkpt>
      <trkpt lat="22.195652" lon="113.315413">
        <ele>0.6</ele>
        <time>2024-07-06T11:54:01Z</time>
      </trkpt>
      <trkpt lat="22.195673" lon="113.315398">
        <ele>0.6</ele>
        <time>2024-07-06T11:54:02Z</time>
      </trkpt>
      <trkpt lat="22.195694" lon="113.315382">
        <ele>0.6</ele>
        <time>2024-07-06T11:54:03Z</time>
      </trkpt>
      <trkpt lat="22.195713" lon="113.315368">
        <ele>0.6</ele>
        <time>2024-07-06T11:54:04Z</time>
      </trkpt>
      <trkpt lat="22.195733" lon="113.31536">
        <ele>0.5</ele>
        <time>2024-07-06T11:54:05Z</time>
      </trkpt>
      <trkpt lat="22.195747" lon="113.315352">
        <ele>0.5</ele>
        <time>2024-07-06T11:54:06Z</time>
      </trkpt>
      <trkpt lat="22.195762" lon="113.315337">
        <ele>0.5</ele>
        <time>2024-07-06T11:54:07Z</time>
      </trkpt>
      <trkpt lat="22.195775" lon="113.315321">
        <ele>0.5</ele>
        <time>2024-07-06T11:54:08Z</time>
      </trkpt>
      <trkpt lat="22.195791" lon="113.315298">
        <ele>0.5</ele>
        <time>2024-07-06T11:54:09Z</time>
      </trkpt>
      <trkpt lat="22.195809" lon="113.315276">
        <ele>0.5</ele>
        <time>2024-07-06T11:54:10Z</time>
      </trkpt>
      <trkpt lat="22.19583" lon="113.31526">
        <ele>0.5</ele>
        <time>2024-07-06T11:54:11Z</time>
      </trkpt>
      <trkpt lat="22.195853" lon="113.315244">
        <ele>0.5</ele>
        <time>2024-07-06T11:54:12Z</time>
      </trkpt>
      <trkpt lat="22.195877" lon="113.315222">
        <ele>0.5</ele>
        <time>2024-07-06T11:54:13Z</time>
      </trkpt>
      <trkpt lat="22.195899" lon="113.315206">
        <ele>0.5</ele>
        <time>2024-07-06T11:54:14Z</time>
      </trkpt>
      <trkpt lat="22.195923" lon="113.315183">
        <ele>0.5</ele>
        <time>2024-07-06T11:54:15Z</time>
      </trkpt>
      <trkpt lat="22.195948" lon="113.315161">
        <ele>0.5</ele>
        <time>2024-07-06T11:54:16Z</time>
      </trkpt>
      <trkpt lat="22.195973" lon="113.315137">
        <ele>0.5</ele>
        <time>2024-07-06T11:54:17Z</time>
      </trkpt>
      <trkpt lat="22.195996" lon="113.315107">
        <ele>0.4</ele>
        <time>2024-07-06T11:54:18Z</time>
      </trkpt>
      <trkpt lat="22.196019" lon="113.315084">
        <ele>0.4</ele>
        <time>2024-07-06T11:54:19Z</time>
      </trkpt>
      <trkpt lat="22.196039" lon="113.315062">
        <ele>0.4</ele>
        <time>2024-07-06T11:54:20Z</time>
      </trkpt>
      <trkpt lat="22.196058" lon="113.315038">
        <ele>0.4</ele>
        <time>2024-07-06T11:54:21Z</time>
      </trkpt>
      <trkpt lat="22.196073" lon="113.315008">
        <ele>0.4</ele>
        <time>2024-07-06T11:54:22Z</time>
      </trkpt>
      <trkpt lat="22.19609" lon="113.314985">
        <ele>0.4</ele>
        <time>2024-07-06T11:54:23Z</time>
      </trkpt>
      <trkpt lat="22.196106" lon="113.314962">
        <ele>0.4</ele>
        <time>2024-07-06T11:54:24Z</time>
      </trkpt>
      <trkpt lat="22.196125" lon="113.31494">
        <ele>0.4</ele>
        <time>2024-07-06T11:54:25Z</time>
      </trkpt>
      <trkpt lat="22.196148" lon="113.314925">
        <ele>0.4</ele>
        <time>2024-07-06T11:54:26Z</time>
      </trkpt>
      <trkpt lat="22.196169" lon="113.314917">
        <ele>0.4</ele>
        <time>2024-07-06T11:54:27Z</time>
      </trkpt>
      <trkpt lat="22.196191" lon="113.314902">
        <ele>0.4</ele>
        <time>2024-07-06T11:54:28Z</time>
      </trkpt>
      <trkpt lat="22.196209" lon="113.314886">
        <ele>0.4</ele>
        <time>2024-07-06T11:54:29Z</time>
      </trkpt>
      <trkpt lat="22.196228" lon="113.314863">
        <ele>0.4</ele>
        <time>2024-07-06T11:54:30Z</time>
      </trkpt>
      <trkpt lat="22.196245" lon="113.31484">
        <ele>0.4</ele>
        <time>2024-07-06T11:54:31Z</time>
      </trkpt>
      <trkpt lat="22.19626" lon="113.314817">
        <ele>0.3</ele>
        <time>2024-07-06T11:54:32Z</time>
      </trkpt>
      <trkpt lat="22.196273" lon="113.314794">
        <ele>0.3</ele>
        <time>2024-07-06T11:54:33Z</time>
      </trkpt>
      <trkpt lat="22.196289" lon="113.314771">
        <ele>0.3</ele>
        <time>2024-07-06T11:54:34Z</time>
      </trkpt>
      <trkpt lat="22.196304" lon="113.314749">
        <ele>0.3</ele>
        <time>2024-07-06T11:54:35Z</time>
      </trkpt>
      <trkpt lat="22.196321" lon="113.314734">
        <ele>0.3</ele>
        <time>2024-07-06T11:54:36Z</time>
      </trkpt>
      <trkpt lat="22.196338" lon="113.314718">
        <ele>0.3</ele>
        <time>2024-07-06T11:54:37Z</time>
      </trkpt>
      <trkpt lat="22.196352" lon="113.314696">
        <ele>0.3</ele>
        <time>2024-07-06T11:54:38Z</time>
      </trkpt>
      <trkpt lat="22.196369" lon="113.314681">
        <ele>0.3</ele>
        <time>2024-07-06T11:54:39Z</time>
      </trkpt>
      <trkpt lat="22.196383" lon="113.314664">
        <ele>0.3</ele>
        <time>2024-07-06T11:54:40Z</time>
      </trkpt>
      <trkpt lat="22.196394" lon="113.314635">
        <ele>0.3</ele>
        <time>2024-07-06T11:54:41Z</time>
      </trkpt>
      <trkpt lat="22.196409" lon="113.31462">
        <ele>0.3</ele>
        <time>2024-07-06T11:54:42Z</time>
      </trkpt>
      <trkpt lat="22.196429" lon="113.314613">
        <ele>0.3</ele>
        <time>2024-07-06T11:54:43Z</time>
      </trkpt>
      <trkpt lat="22.196453" lon="113.314604">
        <ele>0.3</ele>
        <time>2024-07-06T11:54:44Z</time>
      </trkpt>
      <trkpt lat="22.196476" lon="113.314588">
        <ele>0.3</ele>
        <time>2024-07-06T11:54:45Z</time>
      </trkpt>
      <trkpt lat="22.196499" lon="113.314566">
        <ele>0.3</ele>
        <time>2024-07-06T11:54:46Z</time>
      </trkpt>
      <trkpt lat="22.196518" lon="113.31455">
        <ele>0.2</ele>
        <time>2024-07-06T11:54:47Z</time>
      </trkpt>
      <trkpt lat="22.196537" lon="113.314528">
        <ele>0.2</ele>
        <time>2024-07-06T11:54:48Z</time>
      </trkpt>
      <trkpt lat="22.196554" lon="113.314512">
        <ele>0.2</ele>
        <time>2024-07-06T11:54:49Z</time>
      </trkpt>
      <trkpt lat="22.196569" lon="113.314489">
        <ele>0.2</ele>
        <time>2024-07-06T11:54:50Z</time>
      </trkpt>
      <trkpt lat="22.196582" lon="113.314466">
        <ele>0.2</ele>
        <time>2024-07-06T11:54:51Z</time>
      </trkpt>
      <trkpt lat="22.196598" lon="113.314444">
        <ele>0.2</ele>
        <time>2024-07-06T11:54:52Z</time>
      </trkpt>
      <trkpt lat="22.196613" lon="113.314429">
        <ele>0.2</ele>
        <time>2024-07-06T11:54:53Z</time>
      </trkpt>
      <trkpt lat="22.196628" lon="113.314413">
        <ele>0.2</ele>
        <time>2024-07-06T11:54:54Z</time>
      </trkpt>
      <trkpt lat="22.196645" lon="113.314398">
        <ele>0.2</ele>
        <time>2024-07-06T11:54:55Z</time>
      </trkpt>
      <trkpt lat="22.19666" lon="113.314383">
        <ele>0.2</ele>
        <time>2024-07-06T11:54:56Z</time>
      </trkpt>
      <trkpt lat="22.196674" lon="113.314367">
        <ele>0.2</ele>
        <time>2024-07-06T11:54:57Z</time>
      </trkpt>
      <trkpt lat="22.196687" lon="113.314345">
        <ele>0.2</ele>
        <time>2024-07-06T11:54:58Z</time>
      </trkpt>
      <trkpt lat="22.196701" lon="113.314329">
        <ele>0.2</ele>
        <time>2024-07-06T11:54:59Z</time>
      </trkpt>
      <trkpt lat="22.196718" lon="113.314307">
        <ele>0.2</ele>
        <time>2024-07-06T11:55:00Z</time>
      </trkpt>
      <trkpt lat="22.196737" lon="113.314291">
        <ele>0.2</ele>
        <time>2024-07-06T11:55:01Z</time>
      </trkpt>
      <trkpt lat="22.196758" lon="113.314269">
        <ele>0.1</ele>
        <time>2024-07-06T11:55:02Z</time>
      </trkpt>
      <trkpt lat="22.196777" lon="113.314253">
        <ele>0.1</ele>
        <time>2024-07-06T11:55:03Z</time>
      </trkpt>
      <trkpt lat="22.196798" lon="113.314229">
        <ele>0.1</ele>
        <time>2024-07-06T11:55:04Z</time>
      </trkpt>
      <trkpt lat="22.196815" lon="113.314207">
        <ele>0.1</ele>
        <time>2024-07-06T11:55:05Z</time>
      </trkpt>
      <trkpt lat="22.196832" lon="113.314184">
        <ele>0.1</ele>
        <time>2024-07-06T11:55:06Z</time>
      </trkpt>
      <trkpt lat="22.196849" lon="113.314162">
        <ele>0.1</ele>
        <time>2024-07-06T11:55:07Z</time>
      </trkpt>
      <trkpt lat="22.196867" lon="113.314147">
        <ele>0.1</ele>
        <time>2024-07-06T11:55:08Z</time>
      </trkpt>
      <trkpt lat="22.196884" lon="113.31413">
        <ele>0.1</ele>
        <time>2024-07-06T11:55:09Z</time>
      </trkpt>
      <trkpt lat="22.196905" lon="113.314108">
        <ele>0.1</ele>
        <time>2024-07-06T11:55:10Z</time>
      </trkpt>
      <trkpt lat="22.196922" lon="113.314092">
        <ele>0.1</ele>
        <time>2024-07-06T11:55:11Z</time>
      </trkpt>
      <trkpt lat="22.196935" lon="113.31407">
        <ele>0.1</ele>
        <time>2024-07-06T11:55:12Z</time>
      </trkpt>
      <trkpt lat="22.19695" lon="113.314054">
        <ele>0.1</ele>
        <time>2024-07-06T11:55:13Z</time>
      </trkpt>
      <trkpt lat="22.196959" lon="113.314032">
        <ele>0.1</ele>
        <time>2024-07-06T11:55:14Z</time>
      </trkpt>
      <trkpt lat="22.196969" lon="113.314017">
        <ele>0.1</ele>
        <time>2024-07-06T11:55:15Z</time>
      </trkpt>
      <trkpt lat="22.196979" lon="113.314001">
        <ele>0.1</ele>
        <time>2024-07-06T11:55:16Z</time>
      </trkpt>
      <trkpt lat="22.196994" lon="113.313979">
        <ele>0.1</ele>
        <time>2024-07-06T11:55:17Z</time>
      </trkpt>
      <trkpt lat="22.197009" lon="113.313964">
        <ele>0.1</ele>
        <time>2024-07-06T11:55:18Z</time>
      </trkpt>
      <trkpt lat="22.197023" lon="113.313948">
        <ele>0.1</ele>
        <time>2024-07-06T11:55:19Z</time>
      </trkpt>
      <trkpt lat="22.19704" lon="113.313932">
        <ele>0.1</ele>
        <time>2024-07-06T11:55:20Z</time>
      </trkpt>
      <trkpt lat="22.197059" lon="113.31391">
        <ele>0.1</ele>
        <time>2024-07-06T11:55:21Z</time>
      </trkpt>
      <trkpt lat="22.197079" lon="113.313895">
        <ele>0.1</ele>
        <time>2024-07-06T11:55:22Z</time>
      </trkpt>
      <trkpt lat="22.197099" lon="113.313879">
        <ele>0.1</ele>
        <time>2024-07-06T11:55:23Z</time>
      </trkpt>
      <trkpt lat="22.197116" lon="113.313855">
        <ele>0.1</ele>
        <time>2024-07-06T11:55:24Z</time>
      </trkpt>
      <trkpt lat="22.197134" lon="113.313826">
        <ele>0.1</ele>
        <time>2024-07-06T11:55:25Z</time>
      </trkpt>
      <trkpt lat="22.197151" lon="113.31381">
        <ele>0.1</ele>
        <time>2024-07-06T11:55:26Z</time>
      </trkpt>
      <trkpt lat="22.197168" lon="113.313787">
        <ele>0.1</ele>
        <time>2024-07-06T11:55:27Z</time>
      </trkpt>
      <trkpt lat="22.197183" lon="113.313764">
        <ele>0.1</ele>
        <time>2024-07-06T11:55:28Z</time>
      </trkpt>
      <trkpt lat="22.197201" lon="113.313742">
        <ele>0.1</ele>
        <time>2024-07-06T11:55:29Z</time>
      </trkpt>
      <trkpt lat="22.197218" lon="113.313727">
        <ele>0.1</ele>
        <time>2024-07-06T11:55:30Z</time>
      </trkpt>
      <trkpt lat="22.197237" lon="113.313711">
        <ele>0.1</ele>
        <time>2024-07-06T11:55:31Z</time>
      </trkpt>
      <trkpt lat="22.197254" lon="113.313696">
        <ele>0.1</ele>
        <time>2024-07-06T11:55:32Z</time>
      </trkpt>
      <trkpt lat="22.197269" lon="113.313681">
        <ele>0.1</ele>
        <time>2024-07-06T11:55:33Z</time>
      </trkpt>
      <trkpt lat="22.19728" lon="113.313658">
        <ele>0.1</ele>
        <time>2024-07-06T11:55:34Z</time>
      </trkpt>
      <trkpt lat="22.197289" lon="113.313635">
        <ele>0.1</ele>
        <time>2024-07-06T11:55:35Z</time>
      </trkpt>
      <trkpt lat="22.197299" lon="113.313612">
        <ele>0.1</ele>
        <time>2024-07-06T11:55:36Z</time>
      </trkpt>
      <trkpt lat="22.197311" lon="113.31359">
        <ele>0.1</ele>
        <time>2024-07-06T11:55:37Z</time>
      </trkpt>
      <trkpt lat="22.197326" lon="113.313575">
        <ele>0.1</ele>
        <time>2024-07-06T11:55:38Z</time>
      </trkpt>
      <trkpt lat="22.197339" lon="113.313567">
        <ele>0.1</ele>
        <time>2024-07-06T11:55:39Z</time>
      </trkpt>
      <trkpt lat="22.197351" lon="113.313552">
        <ele>0.1</ele>
        <time>2024-07-06T11:55:40Z</time>
      </trkpt>
      <trkpt lat="22.197364" lon="113.313536">
        <ele>0.1</ele>
        <time>2024-07-06T11:55:41Z</time>
      </trkpt>
      <trkpt lat="22.197375" lon="113.313521">
        <ele>0.1</ele>
        <time>2024-07-06T11:55:42Z</time>
      </trkpt>
      <trkpt lat="22.197387" lon="113.313506">
        <ele>0.1</ele>
        <time>2024-07-06T11:55:43Z</time>
      </trkpt>
      <trkpt lat="22.197398" lon="113.313498">
        <ele>0.1</ele>
        <time>2024-07-06T11:55:44Z</time>
      </trkpt>
      <trkpt lat="22.19741" lon="113.313483">
        <ele>0.1</ele>
        <time>2024-07-06T11:55:45Z</time>
      </trkpt>
      <trkpt lat="22.197419" lon="113.313475">
        <ele>0.1</ele>
        <time>2024-07-06T11:55:46Z</time>
      </trkpt>
      <trkpt lat="22.197429" lon="113.313461">
        <ele>0.1</ele>
        <time>2024-07-06T11:55:47Z</time>
      </trkpt>
      <trkpt lat="22.197438" lon="113.313454">
        <ele>0.1</ele>
        <time>2024-07-06T11:55:48Z</time>
      </trkpt>
      <trkpt lat="22.197441" lon="113.313454">
        <ele>0.1</ele>
        <time>2024-07-06T11:55:49Z</time>
      </trkpt>
      <trkpt lat="22.197533" lon="113.313376">
        <ele>0.1</ele>
        <time>2024-07-06T11:57:13Z</time>
      </trkpt>
      <trkpt lat="22.197558" lon="113.31336">
        <ele>0.1</ele>
        <time>2024-07-06T11:57:14Z</time>
      </trkpt>
      <trkpt lat="22.19758" lon="113.313338">
        <ele>0.1</ele>
        <time>2024-07-06T11:57:15Z</time>
      </trkpt>
      <trkpt lat="22.197599" lon="113.313322">
        <ele>0.1</ele>
        <time>2024-07-06T11:57:16Z</time>
      </trkpt>
      <trkpt lat="22.197614" lon="113.313299">
        <ele>0.1</ele>
        <time>2024-07-06T11:57:17Z</time>
      </trkpt>
      <trkpt lat="22.19763" lon="113.313276">
        <ele>0.1</ele>
        <time>2024-07-06T11:57:18Z</time>
      </trkpt>
      <trkpt lat="22.197647" lon="113.313254">
        <ele>0.1</ele>
        <time>2024-07-06T11:57:19Z</time>
      </trkpt>
      <trkpt lat="22.197664" lon="113.313238">
        <ele>0.1</ele>
        <time>2024-07-06T11:57:20Z</time>
      </trkpt>
      <trkpt lat="22.197681" lon="113.313216">
        <ele>0.1</ele>
        <time>2024-07-06T11:57:21Z</time>
      </trkpt>
      <trkpt lat="22.197696" lon="113.3132">
        <ele>0.1</ele>
        <time>2024-07-06T11:57:22Z</time>
      </trkpt>
      <trkpt lat="22.197709" lon="113.313178">
        <ele>0.1</ele>
        <time>2024-07-06T11:57:23Z</time>
      </trkpt>
      <trkpt lat="22.197719" lon="113.313162">
        <ele>0.1</ele>
        <time>2024-07-06T11:57:24Z</time>
      </trkpt>
      <trkpt lat="22.197733" lon="113.31314">
        <ele>0.1</ele>
        <time>2024-07-06T11:57:25Z</time>
      </trkpt>
      <trkpt lat="22.19775" lon="113.313132">
        <ele>0.1</ele>
        <time>2024-07-06T11:57:26Z</time>
      </trkpt>
      <trkpt lat="22.197766" lon="113.313117">
        <ele>0.1</ele>
        <time>2024-07-06T11:57:27Z</time>
      </trkpt>
      <trkpt lat="22.197782" lon="113.31311">
        <ele>0.1</ele>
        <time>2024-07-06T11:57:28Z</time>
      </trkpt>
      <trkpt lat="22.197797" lon="113.313101">
        <ele>0.1</ele>
        <time>2024-07-06T11:57:29Z</time>
      </trkpt>
      <trkpt lat="22.19781" lon="113.313078">
        <ele>0.1</ele>
        <time>2024-07-06T11:57:30Z</time>
      </trkpt>
      <trkpt lat="22.197822" lon="113.313063">
        <ele>0.1</ele>
        <time>2024-07-06T11:57:31Z</time>
      </trkpt>
      <trkpt lat="22.197835" lon="113.313049">
        <ele>0.1</ele>
        <time>2024-07-06T11:57:32Z</time>
      </trkpt>
      <trkpt lat="22.197846" lon="113.31304">
        <ele>0.1</ele>
        <time>2024-07-06T11:57:33Z</time>
      </trkpt>
      <trkpt lat="22.197856" lon="113.313024">
        <ele>0.1</ele>
        <time>2024-07-06T11:57:34Z</time>
      </trkpt>
      <trkpt lat="22.197865" lon="113.313002">
        <ele>0.1</ele>
        <time>2024-07-06T11:57:35Z</time>
      </trkpt>
      <trkpt lat="22.197874" lon="113.312978">
        <ele>0.1</ele>
        <time>2024-07-06T11:57:36Z</time>
      </trkpt>
      <trkpt lat="22.197889" lon="113.312956">
        <ele>0.1</ele>
        <time>2024-07-06T11:57:37Z</time>
      </trkpt>
      <trkpt lat="22.19791" lon="113.312933">
        <ele>0.1</ele>
        <time>2024-07-06T11:57:38Z</time>
      </trkpt>
      <trkpt lat="22.197927" lon="113.312911">
        <ele>0.1</ele>
        <time>2024-07-06T11:57:39Z</time>
      </trkpt>
      <trkpt lat="22.197946" lon="113.312895">
        <ele>0.1</ele>
        <time>2024-07-06T11:57:40Z</time>
      </trkpt>
      <trkpt lat="22.197963" lon="113.312872">
        <ele>0.1</ele>
        <time>2024-07-06T11:57:41Z</time>
      </trkpt>
      <trkpt lat="22.197972" lon="113.312859">
        <ele>0.1</ele>
        <time>2024-07-06T11:57:42Z</time>
      </trkpt>
      <trkpt lat="22.197978" lon="113.312858">
        <ele>0.1</ele>
        <time>2024-07-06T11:57:43Z</time>
      </trkpt>
      <trkpt lat="22.197984" lon="113.31285">
        <ele>0.1</ele>
        <time>2024-07-06T11:57:44Z</time>
      </trkpt>
      <trkpt lat="22.197994" lon="113.312843">
        <ele>0.1</ele>
        <time>2024-07-06T11:57:45Z</time>
      </trkpt>
      <trkpt lat="22.198011" lon="113.312835">
        <ele>0.1</ele>
        <time>2024-07-06T11:57:46Z</time>
      </trkpt>
      <trkpt lat="22.19803" lon="113.312827">
        <ele>0.1</ele>
        <time>2024-07-06T11:57:47Z</time>
      </trkpt>
      <trkpt lat="22.198045" lon="113.312811">
        <ele>0.1</ele>
        <time>2024-07-06T11:57:48Z</time>
      </trkpt>
      <trkpt lat="22.19806" lon="113.312789">
        <ele>0.1</ele>
        <time>2024-07-06T11:57:49Z</time>
      </trkpt>
      <trkpt lat="22.198076" lon="113.312772">
        <ele>0.1</ele>
        <time>2024-07-06T11:57:50Z</time>
      </trkpt>
      <trkpt lat="22.198091" lon="113.31275">
        <ele>0.1</ele>
        <time>2024-07-06T11:57:51Z</time>
      </trkpt>
      <trkpt lat="22.198108" lon="113.312727">
        <ele>0.1</ele>
        <time>2024-07-06T11:57:52Z</time>
      </trkpt>
      <trkpt lat="22.198121" lon="113.312705">
        <ele>0.1</ele>
        <time>2024-07-06T11:57:53Z</time>
      </trkpt>
      <trkpt lat="22.198135" lon="113.312689">
        <ele>0.1</ele>
        <time>2024-07-06T11:57:54Z</time>
      </trkpt>
      <trkpt lat="22.198151" lon="113.312674">
        <ele>0.1</ele>
        <time>2024-07-06T11:57:55Z</time>
      </trkpt>
      <trkpt lat="22.198173" lon="113.31266">
        <ele>0.1</ele>
        <time>2024-07-06T11:57:56Z</time>
      </trkpt>
      <trkpt lat="22.19819" lon="113.312651">
        <ele>0.1</ele>
        <time>2024-07-06T11:57:57Z</time>
      </trkpt>
      <trkpt lat="22.198207" lon="113.312636">
        <ele>0.1</ele>
        <time>2024-07-06T11:57:58Z</time>
      </trkpt>
      <trkpt lat="22.198221" lon="113.312621">
        <ele>0.1</ele>
        <time>2024-07-06T11:57:59Z</time>
      </trkpt>
      <trkpt lat="22.198236" lon="113.312605">
        <ele>0.1</ele>
        <time>2024-07-06T11:58:00Z</time>
      </trkpt>
      <trkpt lat="22.198251" lon="113.31259">
        <ele>0.1</ele>
        <time>2024-07-06T11:58:01Z</time>
      </trkpt>
      <trkpt lat="22.198258" lon="113.312574">
        <ele>0.1</ele>
        <time>2024-07-06T11:58:02Z</time>
      </trkpt>
      <trkpt lat="22.198268" lon="113.312552">
        <ele>0.1</ele>
        <time>2024-07-06T11:58:03Z</time>
      </trkpt>
      <trkpt lat="22.198278" lon="113.312537">
        <ele>0.1</ele>
        <time>2024-07-06T11:58:04Z</time>
      </trkpt>
      <trkpt lat="22.198289" lon="113.312522">
        <ele>0.1</ele>
        <time>2024-07-06T11:58:05Z</time>
      </trkpt>
      <trkpt lat="22.198298" lon="113.312515">
        <ele>0.1</ele>
        <time>2024-07-06T11:58:06Z</time>
      </trkpt>
      <trkpt lat="22.198306" lon="113.312507">
        <ele>0.1</ele>
        <time>2024-07-06T11:58:07Z</time>
      </trkpt>
      <trkpt lat="22.198314" lon="113.312499">
        <ele>0.1</ele>
        <time>2024-07-06T11:58:08Z</time>
      </trkpt>
      <trkpt lat="22.198323" lon="113.312492">
        <ele>0.1</ele>
        <time>2024-07-06T11:58:09Z</time>
      </trkpt>
      <trkpt lat="22.198331" lon="113.312492">
        <ele>0.1</ele>
        <time>2024-07-06T11:58:10Z</time>
      </trkpt>
      <trkpt lat="22.198338" lon="113.312483">
        <ele>0.1</ele>
        <time>2024-07-06T11:58:11Z</time>
      </trkpt>
      <trkpt lat="22.198344" lon="113.312468">
        <ele>0.1</ele>
        <time>2024-07-06T11:58:12Z</time>
      </trkpt>
      <trkpt lat="22.198352" lon="113.312452">
        <ele>0.1</ele>
        <time>2024-07-06T11:58:13Z</time>
      </trkpt>
      <trkpt lat="22.198366" lon="113.312431">
        <ele>0.1</ele>
        <time>2024-07-06T11:58:14Z</time>
      </trkpt>
      <trkpt lat="22.198385" lon="113.312422">
        <ele>0.1</ele>
        <time>2024-07-06T11:58:15Z</time>
      </trkpt>
      <trkpt lat="22.198409" lon="113.312407">
        <ele>0.1</ele>
        <time>2024-07-06T11:58:16Z</time>
      </trkpt>
      <trkpt lat="22.198433" lon="113.312392">
        <ele>0.1</ele>
        <time>2024-07-06T11:58:17Z</time>
      </trkpt>
      <trkpt lat="22.198452" lon="113.312376">
        <ele>0.1</ele>
        <time>2024-07-06T11:58:18Z</time>
      </trkpt>
      <trkpt lat="22.198468" lon="113.312354">
        <ele>0.1</ele>
        <time>2024-07-06T11:58:19Z</time>
      </trkpt>
      <trkpt lat="22.198482" lon="113.312338">
        <ele>0</ele>
        <time>2024-07-06T11:58:20Z</time>
      </trkpt>
      <trkpt lat="22.198495" lon="113.312315">
        <ele>0</ele>
        <time>2024-07-06T11:58:21Z</time>
      </trkpt>
      <trkpt lat="22.198507" lon="113.312299">
        <ele>0</ele>
        <time>2024-07-06T11:58:22Z</time>
      </trkpt>
      <trkpt lat="22.19852" lon="113.312277">
        <ele>0</ele>
        <time>2024-07-06T11:58:23Z</time>
      </trkpt>
      <trkpt lat="22.198533" lon="113.312262">
        <ele>0</ele>
        <time>2024-07-06T11:58:24Z</time>
      </trkpt>
      <trkpt lat="22.198547" lon="113.312247">
        <ele>0</ele>
        <time>2024-07-06T11:58:25Z</time>
      </trkpt>
      <trkpt lat="22.198558" lon="113.312239">
        <ele>0</ele>
        <time>2024-07-06T11:58:26Z</time>
      </trkpt>
      <trkpt lat="22.198569" lon="113.312224">
        <ele>0</ele>
        <time>2024-07-06T11:58:27Z</time>
      </trkpt>
      <trkpt lat="22.198581" lon="113.312209">
        <ele>0</ele>
        <time>2024-07-06T11:58:28Z</time>
      </trkpt>
      <trkpt lat="22.198595" lon="113.312194">
        <ele>0</ele>
        <time>2024-07-06T11:58:29Z</time>
      </trkpt>
      <trkpt lat="22.198612" lon="113.312179">
        <ele>0</ele>
        <time>2024-07-06T11:58:30Z</time>
      </trkpt>
      <trkpt lat="22.198629" lon="113.31217">
        <ele>0</ele>
        <time>2024-07-06T11:58:31Z</time>
      </trkpt>
      <trkpt lat="22.198646" lon="113.312156">
        <ele>0</ele>
        <time>2024-07-06T11:58:32Z</time>
      </trkpt>
      <trkpt lat="22.198661" lon="113.312148">
        <ele>0</ele>
        <time>2024-07-06T11:58:33Z</time>
      </trkpt>
      <trkpt lat="22.198672" lon="113.312133">
        <ele>0</ele>
        <time>2024-07-06T11:58:34Z</time>
      </trkpt>
      <trkpt lat="22.198682" lon="113.312125">
        <ele>0</ele>
        <time>2024-07-06T11:58:35Z</time>
      </trkpt>
      <trkpt lat="22.198693" lon="113.31211">
        <ele>0</ele>
        <time>2024-07-06T11:58:36Z</time>
      </trkpt>
      <trkpt lat="22.198701" lon="113.312095">
        <ele>0</ele>
        <time>2024-07-06T11:58:37Z</time>
      </trkpt>
      <trkpt lat="22.198706" lon="113.312087">
        <ele>0</ele>
        <time>2024-07-06T11:58:38Z</time>
      </trkpt>
      <trkpt lat="22.198712" lon="113.312072">
        <ele>0</ele>
        <time>2024-07-06T11:58:39Z</time>
      </trkpt>
      <trkpt lat="22.19872" lon="113.312064">
        <ele>0</ele>
        <time>2024-07-06T11:58:40Z</time>
      </trkpt>
      <trkpt lat="22.198727" lon="113.312049">
        <ele>0</ele>
        <time>2024-07-06T11:58:41Z</time>
      </trkpt>
      <trkpt lat="22.198737" lon="113.312042">
        <ele>0</ele>
        <time>2024-07-06T11:58:42Z</time>
      </trkpt>
      <trkpt lat="22.198746" lon="113.312035">
        <ele>0</ele>
        <time>2024-07-06T11:58:43Z</time>
      </trkpt>
      <trkpt lat="22.19875" lon="113.312035">
        <ele>0</ele>
        <time>2024-07-06T11:58:44Z</time>
      </trkpt>
      <trkpt lat="22.198752" lon="113.312034">
        <ele>0</ele>
        <time>2024-07-06T11:58:45Z</time>
      </trkpt>
      <trkpt lat="22.198755" lon="113.312027">
        <ele>0</ele>
        <time>2024-07-06T11:58:46Z</time>
      </trkpt>
      <trkpt lat="22.198785" lon="113.31198">
        <ele>0</ele>
        <time>2024-07-06T11:58:52Z</time>
      </trkpt>
      <trkpt lat="22.198795" lon="113.311964">
        <ele>0</ele>
        <time>2024-07-06T11:58:53Z</time>
      </trkpt>
      <trkpt lat="22.198809" lon="113.311942">
        <ele>0</ele>
        <time>2024-07-06T11:58:54Z</time>
      </trkpt>
      <trkpt lat="22.19883" lon="113.311926">
        <ele>0</ele>
        <time>2024-07-06T11:58:55Z</time>
      </trkpt>
      <trkpt lat="22.198853" lon="113.311911">
        <ele>0</ele>
        <time>2024-07-06T11:58:56Z</time>
      </trkpt>
      <trkpt lat="22.198875" lon="113.311888">
        <ele>0</ele>
        <time>2024-07-06T11:58:57Z</time>
      </trkpt>
      <trkpt lat="22.198896" lon="113.311865">
        <ele>0</ele>
        <time>2024-07-06T11:58:58Z</time>
      </trkpt>
      <trkpt lat="22.198913" lon="113.311842">
        <ele>0</ele>
        <time>2024-07-06T11:58:59Z</time>
      </trkpt>
      <trkpt lat="22.198926" lon="113.311819">
        <ele>0</ele>
        <time>2024-07-06T11:59:00Z</time>
      </trkpt>
      <trkpt lat="22.198944" lon="113.311797">
        <ele>0</ele>
        <time>2024-07-06T11:59:01Z</time>
      </trkpt>
      <trkpt lat="22.198961" lon="113.311781">
        <ele>0</ele>
        <time>2024-07-06T11:59:02Z</time>
      </trkpt>
      <trkpt lat="22.198978" lon="113.311758">
        <ele>0</ele>
        <time>2024-07-06T11:59:03Z</time>
      </trkpt>
      <trkpt lat="22.198994" lon="113.311734">
        <ele>0</ele>
        <time>2024-07-06T11:59:04Z</time>
      </trkpt>
      <trkpt lat="22.199015" lon="113.311704">
        <ele>0</ele>
        <time>2024-07-06T11:59:05Z</time>
      </trkpt>
      <trkpt lat="22.199036" lon="113.311673">
        <ele>0</ele>
        <time>2024-07-06T11:59:06Z</time>
      </trkpt>
      <trkpt lat="22.199057" lon="113.311643">
        <ele>0</ele>
        <time>2024-07-06T11:59:07Z</time>
      </trkpt>
      <trkpt lat="22.199079" lon="113.311612">
        <ele>0</ele>
        <time>2024-07-06T11:59:08Z</time>
      </trkpt>
      <trkpt lat="22.199099" lon="113.311582">
        <ele>0</ele>
        <time>2024-07-06T11:59:09Z</time>
      </trkpt>
      <trkpt lat="22.199117" lon="113.31156">
        <ele>0</ele>
        <time>2024-07-06T11:59:10Z</time>
      </trkpt>
      <trkpt lat="22.199136" lon="113.311536">
        <ele>0</ele>
        <time>2024-07-06T11:59:11Z</time>
      </trkpt>
      <trkpt lat="22.199151" lon="113.311506">
        <ele>0</ele>
        <time>2024-07-06T11:59:12Z</time>
      </trkpt>
      <trkpt lat="22.199165" lon="113.311476">
        <ele>0</ele>
        <time>2024-07-06T11:59:13Z</time>
      </trkpt>
      <trkpt lat="22.199178" lon="113.311452">
        <ele>0</ele>
        <time>2024-07-06T11:59:14Z</time>
      </trkpt>
      <trkpt lat="22.199192" lon="113.311422">
        <ele>0</ele>
        <time>2024-07-06T11:59:15Z</time>
      </trkpt>
      <trkpt lat="22.199213" lon="113.311399">
        <ele>0</ele>
        <time>2024-07-06T11:59:16Z</time>
      </trkpt>
      <trkpt lat="22.199236" lon="113.311376">
        <ele>0</ele>
        <time>2024-07-06T11:59:17Z</time>
      </trkpt>
      <trkpt lat="22.199259" lon="113.311353">
        <ele>0</ele>
        <time>2024-07-06T11:59:18Z</time>
      </trkpt>
      <trkpt lat="22.199282" lon="113.311322">
        <ele>0</ele>
        <time>2024-07-06T11:59:19Z</time>
      </trkpt>
      <trkpt lat="22.199302" lon="113.311293">
        <ele>0</ele>
        <time>2024-07-06T11:59:20Z</time>
      </trkpt>
      <trkpt lat="22.199322" lon="113.311269">
        <ele>0</ele>
        <time>2024-07-06T11:59:21Z</time>
      </trkpt>
      <trkpt lat="22.199342" lon="113.311239">
        <ele>0</ele>
        <time>2024-07-06T11:59:22Z</time>
      </trkpt>
      <trkpt lat="22.199361" lon="113.311216">
        <ele>0</ele>
        <time>2024-07-06T11:59:23Z</time>
      </trkpt>
      <trkpt lat="22.199379" lon="113.311193">
        <ele>0</ele>
        <time>2024-07-06T11:59:24Z</time>
      </trkpt>
      <trkpt lat="22.199396" lon="113.31117">
        <ele>0</ele>
        <time>2024-07-06T11:59:25Z</time>
      </trkpt>
      <trkpt lat="22.199413" lon="113.311148">
        <ele>0</ele>
        <time>2024-07-06T11:59:26Z</time>
      </trkpt>
      <trkpt lat="22.199429" lon="113.311125">
        <ele>0</ele>
        <time>2024-07-06T11:59:27Z</time>
      </trkpt>
      <trkpt lat="22.199441" lon="113.311101">
        <ele>0</ele>
        <time>2024-07-06T11:59:28Z</time>
      </trkpt>
      <trkpt lat="22.199453" lon="113.311071">
        <ele>0</ele>
        <time>2024-07-06T11:59:29Z</time>
      </trkpt>
      <trkpt lat="22.199466" lon="113.31104">
        <ele>0</ele>
        <time>2024-07-06T11:59:30Z</time>
      </trkpt>
      <trkpt lat="22.199488" lon="113.31101">
        <ele>0</ele>
        <time>2024-07-06T11:59:31Z</time>
      </trkpt>
      <trkpt lat="22.199515" lon="113.310987">
        <ele>0</ele>
        <time>2024-07-06T11:59:32Z</time>
      </trkpt>
      <trkpt lat="22.199542" lon="113.310964">
        <ele>0</ele>
        <time>2024-07-06T11:59:33Z</time>
      </trkpt>
      <trkpt lat="22.199566" lon="113.310942">
        <ele>0</ele>
        <time>2024-07-06T11:59:34Z</time>
      </trkpt>
      <trkpt lat="22.199584" lon="113.310918">
        <ele>0</ele>
        <time>2024-07-06T11:59:35Z</time>
      </trkpt>
      <trkpt lat="22.199599" lon="113.310887">
        <ele>0</ele>
        <time>2024-07-06T11:59:36Z</time>
      </trkpt>
      <trkpt lat="22.199611" lon="113.310858">
        <ele>0</ele>
        <time>2024-07-06T11:59:37Z</time>
      </trkpt>
      <trkpt lat="22.199624" lon="113.310834">
        <ele>0</ele>
        <time>2024-07-06T11:59:38Z</time>
      </trkpt>
      <trkpt lat="22.199638" lon="113.310804">
        <ele>0</ele>
        <time>2024-07-06T11:59:39Z</time>
      </trkpt>
      <trkpt lat="22.199651" lon="113.310781">
        <ele>0</ele>
        <time>2024-07-06T11:59:40Z</time>
      </trkpt>
      <trkpt lat="22.199662" lon="113.310758">
        <ele>0</ele>
        <time>2024-07-06T11:59:41Z</time>
      </trkpt>
      <trkpt lat="22.199674" lon="113.310736">
        <ele>0</ele>
        <time>2024-07-06T11:59:42Z</time>
      </trkpt>
      <trkpt lat="22.199687" lon="113.310714">
        <ele>0</ele>
        <time>2024-07-06T11:59:43Z</time>
      </trkpt>
      <trkpt lat="22.1997" lon="113.310706">
        <ele>0</ele>
        <time>2024-07-06T11:59:44Z</time>
      </trkpt>
      <trkpt lat="22.199712" lon="113.310691">
        <ele>0</ele>
        <time>2024-07-06T11:59:45Z</time>
      </trkpt>
      <trkpt lat="22.199721" lon="113.310684">
        <ele>0</ele>
        <time>2024-07-06T11:59:46Z</time>
      </trkpt>
      <trkpt lat="22.199731" lon="113.310676">
        <ele>0</ele>
        <time>2024-07-06T11:59:47Z</time>
      </trkpt>
      <trkpt lat="22.199738" lon="113.310668">
        <ele>0</ele>
        <time>2024-07-06T11:59:48Z</time>
      </trkpt>
      <trkpt lat="22.199744" lon="113.310661">
        <ele>0</ele>
        <time>2024-07-06T11:59:49Z</time>
      </trkpt>
      <trkpt lat="22.199752" lon="113.310653">
        <ele>0</ele>
        <time>2024-07-06T11:59:50Z</time>
      </trkpt>
      <trkpt lat="22.199761" lon="113.310645">
        <ele>0</ele>
        <time>2024-07-06T11:59:51Z</time>
      </trkpt>
      <trkpt lat="22.199771" lon="113.310638">
        <ele>0</ele>
        <time>2024-07-06T11:59:52Z</time>
      </trkpt>
      <trkpt lat="22.19978" lon="113.310629">
        <ele>0</ele>
        <time>2024-07-06T11:59:53Z</time>
      </trkpt>
      <trkpt lat="22.199784" lon="113.310614">
        <ele>0</ele>
        <time>2024-07-06T11:59:54Z</time>
      </trkpt>
      <trkpt lat="22.199786" lon="113.310598">
        <ele>0</ele>
        <time>2024-07-06T11:59:55Z</time>
      </trkpt>
      <trkpt lat="22.199794" lon="113.310575">
        <ele>0</ele>
        <time>2024-07-06T11:59:56Z</time>
      </trkpt>
      <trkpt lat="22.199806" lon="113.310553">
        <ele>0</ele>
        <time>2024-07-06T11:59:57Z</time>
      </trkpt>
      <trkpt lat="22.199823" lon="113.31053">
        <ele>0</ele>
        <time>2024-07-06T11:59:58Z</time>
      </trkpt>
      <trkpt lat="22.19984" lon="113.310506">
        <ele>0</ele>
        <time>2024-07-06T11:59:59Z</time>
      </trkpt>
      <trkpt lat="22.199857" lon="113.310484">
        <ele>0</ele>
        <time>2024-07-06T12:00:00Z</time>
      </trkpt>
      <trkpt lat="22.199869" lon="113.310461">
        <ele>0</ele>
        <time>2024-07-06T12:00:01Z</time>
      </trkpt>
      <trkpt lat="22.199882" lon="113.310446">
        <ele>0</ele>
        <time>2024-07-06T12:00:02Z</time>
      </trkpt>
      <trkpt lat="22.199893" lon="113.310423">
        <ele>0</ele>
        <time>2024-07-06T12:00:03Z</time>
      </trkpt>
      <trkpt lat="22.199904" lon="113.310401">
        <ele>0</ele>
        <time>2024-07-06T12:00:04Z</time>
      </trkpt>
      <trkpt lat="22.199914" lon="113.310385">
        <ele>0</ele>
        <time>2024-07-06T12:00:05Z</time>
      </trkpt>
      <trkpt lat="22.199926" lon="113.310363">
        <ele>0</ele>
        <time>2024-07-06T12:00:06Z</time>
      </trkpt>
      <trkpt lat="22.199939" lon="113.310355">
        <ele>0.1</ele>
        <time>2024-07-06T12:00:07Z</time>
      </trkpt>
      <trkpt lat="22.19995" lon="113.31034">
        <ele>0.1</ele>
        <time>2024-07-06T12:00:08Z</time>
      </trkpt>
      <trkpt lat="22.19996" lon="113.310324">
        <ele>0.1</ele>
        <time>2024-07-06T12:00:09Z</time>
      </trkpt>
      <trkpt lat="22.199973" lon="113.3103">
        <ele>0.1</ele>
        <time>2024-07-06T12:00:10Z</time>
      </trkpt>
      <trkpt lat="22.199987" lon="113.310278">
        <ele>0.1</ele>
        <time>2024-07-06T12:00:11Z</time>
      </trkpt>
      <trkpt lat="22.200008" lon="113.310263">
        <ele>0.1</ele>
        <time>2024-07-06T12:00:12Z</time>
      </trkpt>
      <trkpt lat="22.200027" lon="113.310248">
        <ele>0.1</ele>
        <time>2024-07-06T12:00:13Z</time>
      </trkpt>
      <trkpt lat="22.200044" lon="113.310233">
        <ele>0.1</ele>
        <time>2024-07-06T12:00:14Z</time>
      </trkpt>
      <trkpt lat="22.200053" lon="113.310218">
        <ele>0.1</ele>
        <time>2024-07-06T12:00:15Z</time>
      </trkpt>
      <trkpt lat="22.200059" lon="113.31021">
        <ele>0.1</ele>
        <time>2024-07-06T12:00:16Z</time>
      </trkpt>
      <trkpt lat="22.200066" lon="113.310195">
        <ele>0.1</ele>
        <time>2024-07-06T12:00:17Z</time>
      </trkpt>
      <trkpt lat="22.20007" lon="113.310188">
        <ele>0.1</ele>
        <time>2024-07-06T12:00:18Z</time>
      </trkpt>
      <trkpt lat="22.200075" lon="113.310179">
        <ele>0.1</ele>
        <time>2024-07-06T12:00:19Z</time>
      </trkpt>
      <trkpt lat="22.200079" lon="113.310165">
        <ele>0.1</ele>
        <time>2024-07-06T12:00:20Z</time>
      </trkpt>
      <trkpt lat="22.200081" lon="113.310157">
        <ele>0.1</ele>
        <time>2024-07-06T12:00:21Z</time>
      </trkpt>
      <trkpt lat="22.200085" lon="113.310149">
        <ele>0.1</ele>
        <time>2024-07-06T12:00:22Z</time>
      </trkpt>
      <trkpt lat="22.200093" lon="113.310141">
        <ele>0.1</ele>
        <time>2024-07-06T12:00:23Z</time>
      </trkpt>
      <trkpt lat="22.200099" lon="113.310127">
        <ele>0.1</ele>
        <time>2024-07-06T12:00:24Z</time>
      </trkpt>
      <trkpt lat="22.200106" lon="113.310119">
        <ele>0.1</ele>
        <time>2024-07-06T12:00:25Z</time>
      </trkpt>
      <trkpt lat="22.200112" lon="113.310111">
        <ele>0.1</ele>
        <time>2024-07-06T12:00:26Z</time>
      </trkpt>
      <trkpt lat="22.200118" lon="113.310096">
        <ele>0.1</ele>
        <time>2024-07-06T12:00:27Z</time>
      </trkpt>
      <trkpt lat="22.200129" lon="113.310088">
        <ele>0.1</ele>
        <time>2024-07-06T12:00:28Z</time>
      </trkpt>
      <trkpt lat="22.200137" lon="113.310081">
        <ele>0.1</ele>
        <time>2024-07-06T12:00:29Z</time>
      </trkpt>
      <trkpt lat="22.200144" lon="113.310073">
        <ele>0.1</ele>
        <time>2024-07-06T12:00:30Z</time>
      </trkpt>
      <trkpt lat="22.200146" lon="113.310066">
        <ele>0.1</ele>
        <time>2024-07-06T12:00:31Z</time>
      </trkpt>
      <trkpt lat="22.20015" lon="113.310057">
        <ele>0.1</ele>
        <time>2024-07-06T12:00:32Z</time>
      </trkpt>
      <trkpt lat="22.200156" lon="113.310043">
        <ele>0.1</ele>
        <time>2024-07-06T12:00:33Z</time>
      </trkpt>
      <trkpt lat="22.20016" lon="113.310035">
        <ele>0.1</ele>
        <time>2024-07-06T12:00:34Z</time>
      </trkpt>
      <trkpt lat="22.200165" lon="113.310027">
        <ele>0.1</ele>
        <time>2024-07-06T12:00:35Z</time>
      </trkpt>
      <trkpt lat="22.200173" lon="113.31002">
        <ele>0.1</ele>
        <time>2024-07-06T12:00:36Z</time>
      </trkpt>
      <trkpt lat="22.200181" lon="113.310012">
        <ele>0.1</ele>
        <time>2024-07-06T12:00:37Z</time>
      </trkpt>
      <trkpt lat="22.20019" lon="113.310004">
        <ele>0.1</ele>
        <time>2024-07-06T12:00:38Z</time>
      </trkpt>
      <trkpt lat="22.200196" lon="113.309996">
        <ele>0.1</ele>
        <time>2024-07-06T12:00:39Z</time>
      </trkpt>
      <trkpt lat="22.200201" lon="113.309982">
        <ele>0.1</ele>
        <time>2024-07-06T12:00:40Z</time>
      </trkpt>
      <trkpt lat="22.200205" lon="113.309973">
        <ele>0.1</ele>
        <time>2024-07-06T12:00:41Z</time>
      </trkpt>
      <trkpt lat="22.200209" lon="113.309959">
        <ele>0.1</ele>
        <time>2024-07-06T12:00:42Z</time>
      </trkpt>
      <trkpt lat="22.200215" lon="113.309951">
        <ele>0.1</ele>
        <time>2024-07-06T12:00:43Z</time>
      </trkpt>
      <trkpt lat="22.200225" lon="113.309944">
        <ele>0.1</ele>
        <time>2024-07-06T12:00:44Z</time>
      </trkpt>
      <trkpt lat="22.200234" lon="113.309944">
        <ele>0.1</ele>
        <time>2024-07-06T12:00:45Z</time>
      </trkpt>
      <trkpt lat="22.200244" lon="113.309943">
        <ele>0.1</ele>
        <time>2024-07-06T12:00:46Z</time>
      </trkpt>
      <trkpt lat="22.200251" lon="113.309936">
        <ele>0.1</ele>
        <time>2024-07-06T12:00:47Z</time>
      </trkpt>
      <trkpt lat="22.200257" lon="113.309928">
        <ele>0.1</ele>
        <time>2024-07-06T12:00:48Z</time>
      </trkpt>
      <trkpt lat="22.20026" lon="113.309921">
        <ele>0.1</ele>
        <time>2024-07-06T12:00:49Z</time>
      </trkpt>
      <trkpt lat="22.200262" lon="113.309912">
        <ele>0.1</ele>
        <time>2024-07-06T12:00:50Z</time>
      </trkpt>
      <trkpt lat="22.200264" lon="113.309898">
        <ele>0.1</ele>
        <time>2024-07-06T12:00:51Z</time>
      </trkpt>
      <trkpt lat="22.20027" lon="113.309898">
        <ele>0.1</ele>
        <time>2024-07-06T12:00:52Z</time>
      </trkpt>
      <trkpt lat="22.200278" lon="113.30989">
        <ele>0.1</ele>
        <time>2024-07-06T12:00:53Z</time>
      </trkpt>
      <trkpt lat="22.200286" lon="113.309882">
        <ele>0.1</ele>
        <time>2024-07-06T12:00:54Z</time>
      </trkpt>
      <trkpt lat="22.200293" lon="113.309875">
        <ele>0.1</ele>
        <time>2024-07-06T12:00:55Z</time>
      </trkpt>
      <trkpt lat="22.200301" lon="113.309867">
        <ele>0.1</ele>
        <time>2024-07-06T12:00:56Z</time>
      </trkpt>
      <trkpt lat="22.200306" lon="113.309859">
        <ele>0.1</ele>
        <time>2024-07-06T12:00:57Z</time>
      </trkpt>
      <trkpt lat="22.200312" lon="113.309845">
        <ele>0.1</ele>
        <time>2024-07-06T12:00:58Z</time>
      </trkpt>
      <trkpt lat="22.200314" lon="113.309844">
        <ele>0.1</ele>
        <time>2024-07-06T12:00:59Z</time>
      </trkpt>
      <trkpt lat="22.20032" lon="113.309829">
        <ele>0.1</ele>
        <time>2024-07-06T12:01:00Z</time>
      </trkpt>
      <trkpt lat="22.200327" lon="113.309821">
        <ele>0.1</ele>
        <time>2024-07-06T12:01:01Z</time>
      </trkpt>
      <trkpt lat="22.200333" lon="113.309806">
        <ele>0.1</ele>
        <time>2024-07-06T12:01:02Z</time>
      </trkpt>
      <trkpt lat="22.200339" lon="113.309798">
        <ele>0.1</ele>
        <time>2024-07-06T12:01:03Z</time>
      </trkpt>
      <trkpt lat="22.200346" lon="113.30979">
        <ele>0.1</ele>
        <time>2024-07-06T12:01:04Z</time>
      </trkpt>
      <trkpt lat="22.200352" lon="113.309776">
        <ele>0.1</ele>
        <time>2024-07-06T12:01:05Z</time>
      </trkpt>
      <trkpt lat="22.20036" lon="113.309768">
        <ele>0.1</ele>
        <time>2024-07-06T12:01:06Z</time>
      </trkpt>
      <trkpt lat="22.200364" lon="113.30976">
        <ele>0.1</ele>
        <time>2024-07-06T12:01:07Z</time>
      </trkpt>
      <trkpt lat="22.200367" lon="113.309752">
        <ele>0.1</ele>
        <time>2024-07-06T12:01:08Z</time>
      </trkpt>
      <trkpt lat="22.200371" lon="113.309738">
        <ele>0.1</ele>
        <time>2024-07-06T12:01:09Z</time>
      </trkpt>
      <trkpt lat="22.200379" lon="113.30973">
        <ele>0.1</ele>
        <time>2024-07-06T12:01:10Z</time>
      </trkpt>
      <trkpt lat="22.200387" lon="113.309722">
        <ele>0.1</ele>
        <time>2024-07-06T12:01:11Z</time>
      </trkpt>
      <trkpt lat="22.200394" lon="113.309715">
        <ele>0.1</ele>
        <time>2024-07-06T12:01:12Z</time>
      </trkpt>
      <trkpt lat="22.200402" lon="113.309706">
        <ele>0.1</ele>
        <time>2024-07-06T12:01:13Z</time>
      </trkpt>
      <trkpt lat="22.200407" lon="113.309692">
        <ele>0.2</ele>
        <time>2024-07-06T12:01:14Z</time>
      </trkpt>
      <trkpt lat="22.200413" lon="113.309684">
        <ele>0.2</ele>
        <time>2024-07-06T12:01:15Z</time>
      </trkpt>
      <trkpt lat="22.200421" lon="113.309676">
        <ele>0.2</ele>
        <time>2024-07-06T12:01:16Z</time>
      </trkpt>
      <trkpt lat="22.200426" lon="113.309669">
        <ele>0.2</ele>
        <time>2024-07-06T12:01:17Z</time>
      </trkpt>
      <trkpt lat="22.20043" lon="113.309661">
        <ele>0.2</ele>
        <time>2024-07-06T12:01:18Z</time>
      </trkpt>
      <trkpt lat="22.20043" lon="113.309654">
        <ele>0.2</ele>
        <time>2024-07-06T12:01:19Z</time>
      </trkpt>
      <trkpt lat="22.200436" lon="113.309654">
        <ele>0.2</ele>
        <time>2024-07-06T12:01:20Z</time>
      </trkpt>
      <trkpt lat="22.200438" lon="113.309646">
        <ele>0.2</ele>
        <time>2024-07-06T12:01:21Z</time>
      </trkpt>
      <trkpt lat="22.200444" lon="113.309638">
        <ele>0.2</ele>
        <time>2024-07-06T12:01:22Z</time>
      </trkpt>
      <trkpt lat="22.200454" lon="113.309631">
        <ele>0.2</ele>
        <time>2024-07-06T12:01:23Z</time>
      </trkpt>
      <trkpt lat="22.200466" lon="113.309623">
        <ele>0.2</ele>
        <time>2024-07-06T12:01:24Z</time>
      </trkpt>
      <trkpt lat="22.200485" lon="113.309616">
        <ele>0.2</ele>
        <time>2024-07-06T12:01:25Z</time>
      </trkpt>
      <trkpt lat="22.200504" lon="113.309616">
        <ele>0.2</ele>
        <time>2024-07-06T12:01:26Z</time>
      </trkpt>
      <trkpt lat="22.200521" lon="113.309616">
        <ele>0.2</ele>
        <time>2024-07-06T12:01:27Z</time>
      </trkpt>
      <trkpt lat="22.200536" lon="113.309615">
        <ele>0.2</ele>
        <time>2024-07-06T12:01:28Z</time>
      </trkpt>
      <trkpt lat="22.200549" lon="113.3096">
        <ele>0.2</ele>
        <time>2024-07-06T12:01:29Z</time>
      </trkpt>
      <trkpt lat="22.200565" lon="113.309585">
        <ele>0.2</ele>
        <time>2024-07-06T12:01:30Z</time>
      </trkpt>
      <trkpt lat="22.200582" lon="113.309577">
        <ele>0.2</ele>
        <time>2024-07-06T12:01:31Z</time>
      </trkpt>
      <trkpt lat="22.200599" lon="113.309561">
        <ele>0.2</ele>
        <time>2024-07-06T12:01:32Z</time>
      </trkpt>
      <trkpt lat="22.200614" lon="113.309547">
        <ele>0.2</ele>
        <time>2024-07-06T12:01:33Z</time>
      </trkpt>
      <trkpt lat="22.200626" lon="113.309539">
        <ele>0.3</ele>
        <time>2024-07-06T12:01:34Z</time>
      </trkpt>
      <trkpt lat="22.200639" lon="113.309523">
        <ele>0.3</ele>
        <time>2024-07-06T12:01:35Z</time>
      </trkpt>
      <trkpt lat="22.200654" lon="113.309508">
        <ele>0.3</ele>
        <time>2024-07-06T12:01:36Z</time>
      </trkpt>
      <trkpt lat="22.200672" lon="113.309493">
        <ele>0.3</ele>
        <time>2024-07-06T12:01:37Z</time>
      </trkpt>
      <trkpt lat="22.200693" lon="113.309478">
        <ele>0.3</ele>
        <time>2024-07-06T12:01:38Z</time>
      </trkpt>
      <trkpt lat="22.200712" lon="113.30947">
        <ele>0.3</ele>
        <time>2024-07-06T12:01:39Z</time>
      </trkpt>
      <trkpt lat="22.200729" lon="113.309455">
        <ele>0.3</ele>
        <time>2024-07-06T12:01:40Z</time>
      </trkpt>
      <trkpt lat="22.200742" lon="113.309447">
        <ele>0.3</ele>
        <time>2024-07-06T12:01:41Z</time>
      </trkpt>
      <trkpt lat="22.200757" lon="113.309432">
        <ele>0.3</ele>
        <time>2024-07-06T12:01:42Z</time>
      </trkpt>
      <trkpt lat="22.200771" lon="113.309424">
        <ele>0.3</ele>
        <time>2024-07-06T12:01:43Z</time>
      </trkpt>
      <trkpt lat="22.200788" lon="113.309409">
        <ele>0.3</ele>
        <time>2024-07-06T12:01:44Z</time>
      </trkpt>
      <trkpt lat="22.200807" lon="113.309394">
        <ele>0.3</ele>
        <time>2024-07-06T12:01:45Z</time>
      </trkpt>
      <trkpt lat="22.200826" lon="113.309386">
        <ele>0.3</ele>
        <time>2024-07-06T12:01:46Z</time>
      </trkpt>
      <trkpt lat="22.200843" lon="113.309371">
        <ele>0.3</ele>
        <time>2024-07-06T12:01:47Z</time>
      </trkpt>
      <trkpt lat="22.200862" lon="113.309356">
        <ele>0.4</ele>
        <time>2024-07-06T12:01:48Z</time>
      </trkpt>
      <trkpt lat="22.200871" lon="113.309348">
        <ele>0.4</ele>
        <time>2024-07-06T12:01:49Z</time>
      </trkpt>
      <trkpt lat="22.200877" lon="113.309341">
        <ele>0.4</ele>
        <time>2024-07-06T12:01:50Z</time>
      </trkpt>
      <trkpt lat="22.200887" lon="113.309333">
        <ele>0.4</ele>
        <time>2024-07-06T12:01:51Z</time>
      </trkpt>
      <trkpt lat="22.200903" lon="113.309325">
        <ele>0.4</ele>
        <time>2024-07-06T12:01:52Z</time>
      </trkpt>
      <trkpt lat="22.200922" lon="113.30931">
        <ele>0.4</ele>
        <time>2024-07-06T12:01:53Z</time>
      </trkpt>
      <trkpt lat="22.20094" lon="113.309295">
        <ele>0.4</ele>
        <time>2024-07-06T12:01:54Z</time>
      </trkpt>
      <trkpt lat="22.200953" lon="113.309287">
        <ele>0.4</ele>
        <time>2024-07-06T12:01:55Z</time>
      </trkpt>
      <trkpt lat="22.200961" lon="113.309279">
        <ele>0.4</ele>
        <time>2024-07-06T12:01:56Z</time>
      </trkpt>
      <trkpt lat="22.200971" lon="113.309263">
        <ele>0.4</ele>
        <time>2024-07-06T12:01:57Z</time>
      </trkpt>
      <trkpt lat="22.200987" lon="113.30924">
        <ele>0.4</ele>
        <time>2024-07-06T12:01:58Z</time>
      </trkpt>
      <trkpt lat="22.201007" lon="113.309217">
        <ele>0.4</ele>
        <time>2024-07-06T12:01:59Z</time>
      </trkpt>
      <trkpt lat="22.201024" lon="113.309195">
        <ele>0.4</ele>
        <time>2024-07-06T12:02:00Z</time>
      </trkpt>
      <trkpt lat="22.201042" lon="113.309171">
        <ele>0.4</ele>
        <time>2024-07-06T12:02:01Z</time>
      </trkpt>
      <trkpt lat="22.201059" lon="113.309149">
        <ele>0.5</ele>
        <time>2024-07-06T12:02:02Z</time>
      </trkpt>
      <trkpt lat="22.201076" lon="113.309133">
        <ele>0.5</ele>
        <time>2024-07-06T12:02:03Z</time>
      </trkpt>
      <trkpt lat="22.201091" lon="113.309112">
        <ele>0.5</ele>
        <time>2024-07-06T12:02:04Z</time>
      </trkpt>
      <trkpt lat="22.201102" lon="113.309104">
        <ele>0.5</ele>
        <time>2024-07-06T12:02:05Z</time>
      </trkpt>
      <trkpt lat="22.201112" lon="113.309097">
        <ele>0.5</ele>
        <time>2024-07-06T12:02:06Z</time>
      </trkpt>
      <trkpt lat="22.201121" lon="113.309088">
        <ele>0.5</ele>
        <time>2024-07-06T12:02:07Z</time>
      </trkpt>
      <trkpt lat="22.201133" lon="113.309073">
        <ele>0.5</ele>
        <time>2024-07-06T12:02:08Z</time>
      </trkpt>
      <trkpt lat="22.201149" lon="113.309057">
        <ele>0.5</ele>
        <time>2024-07-06T12:02:09Z</time>
      </trkpt>
      <trkpt lat="22.20117" lon="113.309026">
        <ele>0.5</ele>
        <time>2024-07-06T12:02:10Z</time>
      </trkpt>
      <trkpt lat="22.201191" lon="113.308995">
        <ele>0.5</ele>
        <time>2024-07-06T12:02:11Z</time>
      </trkpt>
      <trkpt lat="22.201214" lon="113.308957">
        <ele>0.5</ele>
        <time>2024-07-06T12:02:12Z</time>
      </trkpt>
      <trkpt lat="22.201234" lon="113.308926">
        <ele>0.6</ele>
        <time>2024-07-06T12:02:13Z</time>
      </trkpt>
      <trkpt lat="22.201252" lon="113.308889">
        <ele>0.6</ele>
        <time>2024-07-06T12:02:14Z</time>
      </trkpt>
      <trkpt lat="22.20127" lon="113.308858">
        <ele>0.6</ele>
        <time>2024-07-06T12:02:15Z</time>
      </trkpt>
      <trkpt lat="22.201286" lon="113.308827">
        <ele>0.6</ele>
        <time>2024-07-06T12:02:16Z</time>
      </trkpt>
      <trkpt lat="22.201302" lon="113.308789">
        <ele>0.6</ele>
        <time>2024-07-06T12:02:17Z</time>
      </trkpt>
      <trkpt lat="22.201323" lon="113.308758">
        <ele>0.6</ele>
        <time>2024-07-06T12:02:18Z</time>
      </trkpt>
      <trkpt lat="22.201343" lon="113.30872">
        <ele>0.6</ele>
        <time>2024-07-06T12:02:19Z</time>
      </trkpt>
      <trkpt lat="22.201366" lon="113.308674">
        <ele>0.7</ele>
        <time>2024-07-06T12:02:20Z</time>
      </trkpt>
      <trkpt lat="22.201385" lon="113.308629">
        <ele>0.7</ele>
        <time>2024-07-06T12:02:21Z</time>
      </trkpt>
      <trkpt lat="22.201406" lon="113.30859">
        <ele>0.7</ele>
        <time>2024-07-06T12:02:22Z</time>
      </trkpt>
      <trkpt lat="22.201425" lon="113.308553">
        <ele>0.7</ele>
        <time>2024-07-06T12:02:23Z</time>
      </trkpt>
      <trkpt lat="22.201446" lon="113.308514">
        <ele>0.7</ele>
        <time>2024-07-06T12:02:24Z</time>
      </trkpt>
      <trkpt lat="22.201467" lon="113.308477">
        <ele>0.7</ele>
        <time>2024-07-06T12:02:25Z</time>
      </trkpt>
      <trkpt lat="22.201486" lon="113.308446">
        <ele>0.7</ele>
        <time>2024-07-06T12:02:26Z</time>
      </trkpt>
      <trkpt lat="22.201501" lon="113.308417">
        <ele>0.7</ele>
        <time>2024-07-06T12:02:27Z</time>
      </trkpt>
      <trkpt lat="22.201507" lon="113.308402">
        <ele>0.7</ele>
        <time>2024-07-06T12:02:28Z</time>
      </trkpt>
      <trkpt lat="22.201506" lon="113.308394">
        <ele>0.7</ele>
        <time>2024-07-06T12:02:29Z</time>
      </trkpt>
      <trkpt lat="22.201515" lon="113.308378">
        <ele>0.7</ele>
        <time>2024-07-06T12:02:30Z</time>
      </trkpt>
      <trkpt lat="22.201532" lon="113.308355">
        <ele>0.7</ele>
        <time>2024-07-06T12:02:31Z</time>
      </trkpt>
      <trkpt lat="22.201553" lon="113.308332">
        <ele>0.7</ele>
        <time>2024-07-06T12:02:32Z</time>
      </trkpt>
      <trkpt lat="22.201574" lon="113.30831">
        <ele>0.7</ele>
        <time>2024-07-06T12:02:33Z</time>
      </trkpt>
      <trkpt lat="22.201591" lon="113.308286">
        <ele>0.7</ele>
        <time>2024-07-06T12:02:34Z</time>
      </trkpt>
      <trkpt lat="22.201608" lon="113.308256">
        <ele>0.7</ele>
        <time>2024-07-06T12:02:35Z</time>
      </trkpt>
      <trkpt lat="22.201622" lon="113.308233">
        <ele>0.7</ele>
        <time>2024-07-06T12:02:36Z</time>
      </trkpt>
      <trkpt lat="22.201636" lon="113.30821">
        <ele>0.7</ele>
        <time>2024-07-06T12:02:37Z</time>
      </trkpt>
      <trkpt lat="22.20165" lon="113.308187">
        <ele>0.7</ele>
        <time>2024-07-06T12:02:38Z</time>
      </trkpt>
      <trkpt lat="22.201659" lon="113.308157">
        <ele>0.7</ele>
        <time>2024-07-06T12:02:39Z</time>
      </trkpt>
      <trkpt lat="22.201675" lon="113.308134">
        <ele>0.7</ele>
        <time>2024-07-06T12:02:40Z</time>
      </trkpt>
      <trkpt lat="22.201696" lon="113.308112">
        <ele>0.7</ele>
        <time>2024-07-06T12:02:41Z</time>
      </trkpt>
      <trkpt lat="22.201713" lon="113.308097">
        <ele>0.7</ele>
        <time>2024-07-06T12:02:42Z</time>
      </trkpt>
      <trkpt lat="22.201732" lon="113.308081">
        <ele>0.7</ele>
        <time>2024-07-06T12:02:43Z</time>
      </trkpt>
      <trkpt lat="22.201749" lon="113.308058">
        <ele>0.6</ele>
        <time>2024-07-06T12:02:44Z</time>
      </trkpt>
      <trkpt lat="22.201763" lon="113.308035">
        <ele>0.6</ele>
        <time>2024-07-06T12:02:45Z</time>
      </trkpt>
      <trkpt lat="22.201782" lon="113.308011">
        <ele>0.6</ele>
        <time>2024-07-06T12:02:46Z</time>
      </trkpt>
      <trkpt lat="22.201799" lon="113.307982">
        <ele>0.6</ele>
        <time>2024-07-06T12:02:47Z</time>
      </trkpt>
      <trkpt lat="22.20182" lon="113.307958">
        <ele>0.6</ele>
        <time>2024-07-06T12:02:48Z</time>
      </trkpt>
      <trkpt lat="22.201839" lon="113.307935">
        <ele>0.6</ele>
        <time>2024-07-06T12:02:49Z</time>
      </trkpt>
      <trkpt lat="22.201856" lon="113.307903">
        <ele>0.6</ele>
        <time>2024-07-06T12:02:50Z</time>
      </trkpt>
      <trkpt lat="22.201872" lon="113.307866">
        <ele>0.6</ele>
        <time>2024-07-06T12:02:51Z</time>
      </trkpt>
      <trkpt lat="22.201889" lon="113.307836">
        <ele>0.6</ele>
        <time>2024-07-06T12:02:52Z</time>
      </trkpt>
      <trkpt lat="22.201908" lon="113.307805">
        <ele>0.6</ele>
        <time>2024-07-06T12:02:53Z</time>
      </trkpt>
      <trkpt lat="22.201927" lon="113.307776">
        <ele>0.6</ele>
        <time>2024-07-06T12:02:54Z</time>
      </trkpt>
      <trkpt lat="22.201941" lon="113.307759">
        <ele>0.6</ele>
        <time>2024-07-06T12:02:55Z</time>
      </trkpt>
      <trkpt lat="22.201947" lon="113.30773">
        <ele>0.6</ele>
        <time>2024-07-06T12:02:56Z</time>
      </trkpt>
      <trkpt lat="22.201964" lon="113.307715">
        <ele>0.6</ele>
        <time>2024-07-06T12:02:57Z</time>
      </trkpt>
      <trkpt lat="22.201993" lon="113.3077">
        <ele>0.6</ele>
        <time>2024-07-06T12:02:58Z</time>
      </trkpt>
      <trkpt lat="22.202029" lon="113.307684">
        <ele>0.6</ele>
        <time>2024-07-06T12:02:59Z</time>
      </trkpt>
      <trkpt lat="22.202061" lon="113.30766">
        <ele>0.6</ele>
        <time>2024-07-06T12:03:00Z</time>
      </trkpt>
      <trkpt lat="22.202089" lon="113.30763">
        <ele>0.6</ele>
        <time>2024-07-06T12:03:01Z</time>
      </trkpt>
      <trkpt lat="22.202108" lon="113.307599">
        <ele>0.6</ele>
        <time>2024-07-06T12:03:02Z</time>
      </trkpt>
      <trkpt lat="22.202123" lon="113.307569">
        <ele>0.6</ele>
        <time>2024-07-06T12:03:03Z</time>
      </trkpt>
      <trkpt lat="22.20214" lon="113.307538">
        <ele>0.6</ele>
        <time>2024-07-06T12:03:04Z</time>
      </trkpt>
      <trkpt lat="22.202153" lon="113.3075">
        <ele>0.6</ele>
        <time>2024-07-06T12:03:05Z</time>
      </trkpt>
      <trkpt lat="22.202162" lon="113.30747">
        <ele>0.5</ele>
        <time>2024-07-06T12:03:06Z</time>
      </trkpt>
      <trkpt lat="22.202161" lon="113.307439">
        <ele>0.5</ele>
        <time>2024-07-06T12:03:07Z</time>
      </trkpt>
      <trkpt lat="22.202157" lon="113.307407">
        <ele>0.5</ele>
        <time>2024-07-06T12:03:08Z</time>
      </trkpt>
      <trkpt lat="22.202152" lon="113.307363">
        <ele>0.5</ele>
        <time>2024-07-06T12:03:09Z</time>
      </trkpt>
      <trkpt lat="22.20215" lon="113.307341">
        <ele>0.5</ele>
        <time>2024-07-06T12:03:10Z</time>
      </trkpt>
      <trkpt lat="22.202146" lon="113.307318">
        <ele>0.5</ele>
        <time>2024-07-06T12:03:11Z</time>
      </trkpt>
      <trkpt lat="22.202142" lon="113.307303">
        <ele>0.5</ele>
        <time>2024-07-06T12:03:12Z</time>
      </trkpt>
      <trkpt lat="22.202139" lon="113.307288">
        <ele>0.5</ele>
        <time>2024-07-06T12:03:13Z</time>
      </trkpt>
      <trkpt lat="22.202139" lon="113.307273">
        <ele>0.5</ele>
        <time>2024-07-06T12:03:14Z</time>
      </trkpt>
      <trkpt lat="22.202141" lon="113.307266">
        <ele>0.5</ele>
        <time>2024-07-06T12:03:15Z</time>
      </trkpt>
      <trkpt lat="22.202143" lon="113.307258">
        <ele>0.5</ele>
        <time>2024-07-06T12:03:16Z</time>
      </trkpt>
      <trkpt lat="22.202145" lon="113.30725">
        <ele>0.5</ele>
        <time>2024-07-06T12:03:17Z</time>
      </trkpt>
      <trkpt lat="22.202144" lon="113.307243">
        <ele>0.5</ele>
        <time>2024-07-06T12:03:18Z</time>
      </trkpt>
      <trkpt lat="22.202143" lon="113.307234">
        <ele>0.5</ele>
        <time>2024-07-06T12:03:19Z</time>
      </trkpt>
      <trkpt lat="22.202145" lon="113.30722">
        <ele>0.5</ele>
        <time>2024-07-06T12:03:20Z</time>
      </trkpt>
      <trkpt lat="22.202145" lon="113.307212">
        <ele>0.5</ele>
        <time>2024-07-06T12:03:21Z</time>
      </trkpt>
      <trkpt lat="22.202147" lon="113.307206">
        <ele>0.5</ele>
        <time>2024-07-06T12:03:22Z</time>
      </trkpt>
      <trkpt lat="22.202151" lon="113.307213">
        <ele>0.5</ele>
        <time>2024-07-06T12:03:23Z</time>
      </trkpt>
      <trkpt lat="22.202156" lon="113.307213">
        <ele>0.5</ele>
        <time>2024-07-06T12:03:24Z</time>
      </trkpt>
      <trkpt lat="22.20216" lon="113.307212">
        <ele>0.5</ele>
        <time>2024-07-06T12:03:25Z</time>
      </trkpt>
      <trkpt lat="22.202162" lon="113.307205">
        <ele>0.5</ele>
        <time>2024-07-06T12:03:26Z</time>
      </trkpt>
      <trkpt lat="22.202372" lon="113.30693">
        <ele>0.5</ele>
        <time>2024-07-06T12:04:33Z</time>
      </trkpt>
      <trkpt lat="22.202392" lon="113.306922">
        <ele>0.5</ele>
        <time>2024-07-06T12:04:34Z</time>
      </trkpt>
      <trkpt lat="22.202411" lon="113.306914">
        <ele>0.5</ele>
        <time>2024-07-06T12:04:35Z</time>
      </trkpt>
      <trkpt lat="22.202422" lon="113.306898">
        <ele>0.5</ele>
        <time>2024-07-06T12:04:36Z</time>
      </trkpt>
      <trkpt lat="22.202432" lon="113.306876">
        <ele>0.5</ele>
        <time>2024-07-06T12:04:37Z</time>
      </trkpt>
      <trkpt lat="22.202446" lon="113.306869">
        <ele>0.5</ele>
        <time>2024-07-06T12:04:38Z</time>
      </trkpt>
      <trkpt lat="22.202467" lon="113.306861">
        <ele>0.5</ele>
        <time>2024-07-06T12:04:39Z</time>
      </trkpt>
      <trkpt lat="22.202491" lon="113.306845">
        <ele>0.5</ele>
        <time>2024-07-06T12:04:40Z</time>
      </trkpt>
      <trkpt lat="22.202514" lon="113.306822">
        <ele>0.5</ele>
        <time>2024-07-06T12:04:41Z</time>
      </trkpt>
      <trkpt lat="22.202536" lon="113.3068">
        <ele>0.5</ele>
        <time>2024-07-06T12:04:42Z</time>
      </trkpt>
      <trkpt lat="22.202559" lon="113.306792">
        <ele>0.6</ele>
        <time>2024-07-06T12:04:43Z</time>
      </trkpt>
      <trkpt lat="22.202585" lon="113.306786">
        <ele>0.6</ele>
        <time>2024-07-06T12:04:44Z</time>
      </trkpt>
      <trkpt lat="22.202606" lon="113.306785">
        <ele>0.6</ele>
        <time>2024-07-06T12:04:45Z</time>
      </trkpt>
      <trkpt lat="22.202623" lon="113.306777">
        <ele>0.6</ele>
        <time>2024-07-06T12:04:46Z</time>
      </trkpt>
      <trkpt lat="22.202636" lon="113.306769">
        <ele>0.6</ele>
        <time>2024-07-06T12:04:47Z</time>
      </trkpt>
      <trkpt lat="22.202655" lon="113.306754">
        <ele>0.6</ele>
        <time>2024-07-06T12:04:48Z</time>
      </trkpt>
      <trkpt lat="22.202668" lon="113.306738">
        <ele>0.6</ele>
        <time>2024-07-06T12:04:49Z</time>
      </trkpt>
      <trkpt lat="22.202676" lon="113.306723">
        <ele>0.6</ele>
        <time>2024-07-06T12:04:50Z</time>
      </trkpt>
      <trkpt lat="22.202691" lon="113.306699">
        <ele>0.6</ele>
        <time>2024-07-06T12:04:51Z</time>
      </trkpt>
      <trkpt lat="22.202703" lon="113.306668">
        <ele>0.6</ele>
        <time>2024-07-06T12:04:52Z</time>
      </trkpt>
      <trkpt lat="22.202714" lon="113.306638">
        <ele>0.6</ele>
        <time>2024-07-06T12:04:53Z</time>
      </trkpt>
      <trkpt lat="22.20273" lon="113.306607">
        <ele>0.7</ele>
        <time>2024-07-06T12:04:54Z</time>
      </trkpt>
      <trkpt lat="22.202745" lon="113.306577">
        <ele>0.7</ele>
        <time>2024-07-06T12:04:55Z</time>
      </trkpt>
      <trkpt lat="22.20276" lon="113.306547">
        <ele>0.7</ele>
        <time>2024-07-06T12:04:56Z</time>
      </trkpt>
      <trkpt lat="22.20278" lon="113.306523">
        <ele>0.7</ele>
        <time>2024-07-06T12:04:57Z</time>
      </trkpt>
      <trkpt lat="22.202805" lon="113.306492">
        <ele>0.7</ele>
        <time>2024-07-06T12:04:58Z</time>
      </trkpt>
      <trkpt lat="22.20283" lon="113.306454">
        <ele>0.7</ele>
        <time>2024-07-06T12:04:59Z</time>
      </trkpt>
      <trkpt lat="22.202852" lon="113.306417">
        <ele>0.7</ele>
        <time>2024-07-06T12:05:00Z</time>
      </trkpt>
      <trkpt lat="22.202873" lon="113.306386">
        <ele>0.7</ele>
        <time>2024-07-06T12:05:01Z</time>
      </trkpt>
      <trkpt lat="22.202894" lon="113.306357">
        <ele>0.8</ele>
        <time>2024-07-06T12:05:02Z</time>
      </trkpt>
      <trkpt lat="22.202912" lon="113.306333">
        <ele>0.8</ele>
        <time>2024-07-06T12:05:03Z</time>
      </trkpt>
      <trkpt lat="22.202926" lon="113.30631">
        <ele>0.8</ele>
        <time>2024-07-06T12:05:04Z</time>
      </trkpt>
      <trkpt lat="22.202944" lon="113.30628">
        <ele>0.8</ele>
        <time>2024-07-06T12:05:05Z</time>
      </trkpt>
      <trkpt lat="22.202962" lon="113.306257">
        <ele>0.8</ele>
        <time>2024-07-06T12:05:06Z</time>
      </trkpt>
      <trkpt lat="22.202978" lon="113.306227">
        <ele>0.8</ele>
        <time>2024-07-06T12:05:07Z</time>
      </trkpt>
      <trkpt lat="22.202995" lon="113.306204">
        <ele>0.8</ele>
        <time>2024-07-06T12:05:08Z</time>
      </trkpt>
      <trkpt lat="22.203014" lon="113.306181">
        <ele>0.8</ele>
        <time>2024-07-06T12:05:09Z</time>
      </trkpt>
      <trkpt lat="22.203033" lon="113.306157">
        <ele>0.8</ele>
        <time>2024-07-06T12:05:10Z</time>
      </trkpt>
      <trkpt lat="22.203052" lon="113.306126">
        <ele>0.9</ele>
        <time>2024-07-06T12:05:11Z</time>
      </trkpt>
      <trkpt lat="22.203073" lon="113.306089">
        <ele>0.9</ele>
        <time>2024-07-06T12:05:12Z</time>
      </trkpt>
      <trkpt lat="22.203095" lon="113.306058">
        <ele>0.9</ele>
        <time>2024-07-06T12:05:13Z</time>
      </trkpt>
      <trkpt lat="22.203118" lon="113.306027">
        <ele>0.9</ele>
        <time>2024-07-06T12:05:14Z</time>
      </trkpt>
      <trkpt lat="22.20314" lon="113.305989">
        <ele>0.9</ele>
        <time>2024-07-06T12:05:15Z</time>
      </trkpt>
      <trkpt lat="22.203161" lon="113.305959">
        <ele>0.9</ele>
        <time>2024-07-06T12:05:16Z</time>
      </trkpt>
      <trkpt lat="22.203178" lon="113.305928">
        <ele>0.9</ele>
        <time>2024-07-06T12:05:17Z</time>
      </trkpt>
      <trkpt lat="22.203193" lon="113.305898">
        <ele>1</ele>
        <time>2024-07-06T12:05:18Z</time>
      </trkpt>
      <trkpt lat="22.203205" lon="113.305867">
        <ele>1</ele>
        <time>2024-07-06T12:05:19Z</time>
      </trkpt>
      <trkpt lat="22.203224" lon="113.305837">
        <ele>1</ele>
        <time>2024-07-06T12:05:20Z</time>
      </trkpt>
      <trkpt lat="22.203245" lon="113.305807">
        <ele>1</ele>
        <time>2024-07-06T12:05:21Z</time>
      </trkpt>
      <trkpt lat="22.203266" lon="113.305784">
        <ele>1</ele>
        <time>2024-07-06T12:05:22Z</time>
      </trkpt>
      <trkpt lat="22.203283" lon="113.305753">
        <ele>1</ele>
        <time>2024-07-06T12:05:23Z</time>
      </trkpt>
      <trkpt lat="22.203302" lon="113.305723">
        <ele>1</ele>
        <time>2024-07-06T12:05:24Z</time>
      </trkpt>
      <trkpt lat="22.203324" lon="113.305701">
        <ele>1</ele>
        <time>2024-07-06T12:05:25Z</time>
      </trkpt>
      <trkpt lat="22.203352" lon="113.305685">
        <ele>1.1</ele>
        <time>2024-07-06T12:05:26Z</time>
      </trkpt>
      <trkpt lat="22.203376" lon="113.305662">
        <ele>1.1</ele>
        <time>2024-07-06T12:05:27Z</time>
      </trkpt>
      <trkpt lat="22.203393" lon="113.305639">
        <ele>1.1</ele>
        <time>2024-07-06T12:05:28Z</time>
      </trkpt>
      <trkpt lat="22.203406" lon="113.305616">
        <ele>1.1</ele>
        <time>2024-07-06T12:05:29Z</time>
      </trkpt>
      <trkpt lat="22.203416" lon="113.305586">
        <ele>1.1</ele>
        <time>2024-07-06T12:05:30Z</time>
      </trkpt>
      <trkpt lat="22.20343" lon="113.305562">
        <ele>1.1</ele>
        <time>2024-07-06T12:05:31Z</time>
      </trkpt>
      <trkpt lat="22.203447" lon="113.305533">
        <ele>1.1</ele>
        <time>2024-07-06T12:05:32Z</time>
      </trkpt>
      <trkpt lat="22.203462" lon="113.305516">
        <ele>1.1</ele>
        <time>2024-07-06T12:05:33Z</time>
      </trkpt>
      <trkpt lat="22.203481" lon="113.305486">
        <ele>1.1</ele>
        <time>2024-07-06T12:05:34Z</time>
      </trkpt>
      <trkpt lat="22.203501" lon="113.305455">
        <ele>1.1</ele>
        <time>2024-07-06T12:05:35Z</time>
      </trkpt>
      <trkpt lat="22.203524" lon="113.305426">
        <ele>1.1</ele>
        <time>2024-07-06T12:05:36Z</time>
      </trkpt>
      <trkpt lat="22.203544" lon="113.305402">
        <ele>1.1</ele>
        <time>2024-07-06T12:05:37Z</time>
      </trkpt>
      <trkpt lat="22.203562" lon="113.305372">
        <ele>1.1</ele>
        <time>2024-07-06T12:05:38Z</time>
      </trkpt>
      <trkpt lat="22.203583" lon="113.30535">
        <ele>1.1</ele>
        <time>2024-07-06T12:05:39Z</time>
      </trkpt>
      <trkpt lat="22.203608" lon="113.305326">
        <ele>1.1</ele>
        <time>2024-07-06T12:05:40Z</time>
      </trkpt>
      <trkpt lat="22.203636" lon="113.305304">
        <ele>1.1</ele>
        <time>2024-07-06T12:05:41Z</time>
      </trkpt>
      <trkpt lat="22.203659" lon="113.30528">
        <ele>1.1</ele>
        <time>2024-07-06T12:05:42Z</time>
      </trkpt>
      <trkpt lat="22.203676" lon="113.30525">
        <ele>1.1</ele>
        <time>2024-07-06T12:05:43Z</time>
      </trkpt>
      <trkpt lat="22.203693" lon="113.305227">
        <ele>1.1</ele>
        <time>2024-07-06T12:05:44Z</time>
      </trkpt>
      <trkpt lat="22.203715" lon="113.305204">
        <ele>1.1</ele>
        <time>2024-07-06T12:05:45Z</time>
      </trkpt>
      <trkpt lat="22.203743" lon="113.305173">
        <ele>1.1</ele>
        <time>2024-07-06T12:05:46Z</time>
      </trkpt>
      <trkpt lat="22.203765" lon="113.305143">
        <ele>1</ele>
        <time>2024-07-06T12:05:47Z</time>
      </trkpt>
      <trkpt lat="22.203777" lon="113.30512">
        <ele>1</ele>
        <time>2024-07-06T12:05:48Z</time>
      </trkpt>
      <trkpt lat="22.20379" lon="113.30509">
        <ele>1</ele>
        <time>2024-07-06T12:05:49Z</time>
      </trkpt>
      <trkpt lat="22.203806" lon="113.305068">
        <ele>1</ele>
        <time>2024-07-06T12:05:50Z</time>
      </trkpt>
      <trkpt lat="22.203829" lon="113.305052">
        <ele>1</ele>
        <time>2024-07-06T12:05:51Z</time>
      </trkpt>
      <trkpt lat="22.20385" lon="113.30503">
        <ele>1</ele>
        <time>2024-07-06T12:05:52Z</time>
      </trkpt>
      <trkpt lat="22.203872" lon="113.305014">
        <ele>1</ele>
        <time>2024-07-06T12:05:53Z</time>
      </trkpt>
      <trkpt lat="22.203891" lon="113.304999">
        <ele>1</ele>
        <time>2024-07-06T12:05:54Z</time>
      </trkpt>
      <trkpt lat="22.2039" lon="113.304981">
        <ele>1</ele>
        <time>2024-07-06T12:05:55Z</time>
      </trkpt>
      <trkpt lat="22.203908" lon="113.304945">
        <ele>1</ele>
        <time>2024-07-06T12:05:56Z</time>
      </trkpt>
      <trkpt lat="22.203916" lon="113.304923">
        <ele>1</ele>
        <time>2024-07-06T12:05:57Z</time>
      </trkpt>
      <trkpt lat="22.20394" lon="113.304907">
        <ele>1</ele>
        <time>2024-07-06T12:05:58Z</time>
      </trkpt>
      <trkpt lat="22.203962" lon="113.304892">
        <ele>1</ele>
        <time>2024-07-06T12:05:59Z</time>
      </trkpt>
      <trkpt lat="22.203983" lon="113.304869">
        <ele>1</ele>
        <time>2024-07-06T12:06:00Z</time>
      </trkpt>
      <trkpt lat="22.203998" lon="113.304846">
        <ele>1</ele>
        <time>2024-07-06T12:06:01Z</time>
      </trkpt>
      <trkpt lat="22.204012" lon="113.304824">
        <ele>1</ele>
        <time>2024-07-06T12:06:02Z</time>
      </trkpt>
      <trkpt lat="22.204018" lon="113.304807">
        <ele>1</ele>
        <time>2024-07-06T12:06:03Z</time>
      </trkpt>
      <trkpt lat="22.204022" lon="113.304777">
        <ele>1</ele>
        <time>2024-07-06T12:06:04Z</time>
      </trkpt>
      <trkpt lat="22.204032" lon="113.304756">
        <ele>0.9</ele>
        <time>2024-07-06T12:06:05Z</time>
      </trkpt>
      <trkpt lat="22.204048" lon="113.304748">
        <ele>0.9</ele>
        <time>2024-07-06T12:06:06Z</time>
      </trkpt>
      <trkpt lat="22.204069" lon="113.30474">
        <ele>0.9</ele>
        <time>2024-07-06T12:06:07Z</time>
      </trkpt>
      <trkpt lat="22.204094" lon="113.304724">
        <ele>0.9</ele>
        <time>2024-07-06T12:06:08Z</time>
      </trkpt>
      <trkpt lat="22.204121" lon="113.304708">
        <ele>0.9</ele>
        <time>2024-07-06T12:06:09Z</time>
      </trkpt>
      <trkpt lat="22.204144" lon="113.304686">
        <ele>0.9</ele>
        <time>2024-07-06T12:06:10Z</time>
      </trkpt>
      <trkpt lat="22.204166" lon="113.304663">
        <ele>0.9</ele>
        <time>2024-07-06T12:06:11Z</time>
      </trkpt>
      <trkpt lat="22.204185" lon="113.304647">
        <ele>0.9</ele>
        <time>2024-07-06T12:06:12Z</time>
      </trkpt>
      <trkpt lat="22.2042" lon="113.304625">
        <ele>0.9</ele>
        <time>2024-07-06T12:06:13Z</time>
      </trkpt>
      <trkpt lat="22.204218" lon="113.304602">
        <ele>0.9</ele>
        <time>2024-07-06T12:06:14Z</time>
      </trkpt>
      <trkpt lat="22.204241" lon="113.304587">
        <ele>0.9</ele>
        <time>2024-07-06T12:06:15Z</time>
      </trkpt>
      <trkpt lat="22.204262" lon="113.304572">
        <ele>0.9</ele>
        <time>2024-07-06T12:06:16Z</time>
      </trkpt>
      <trkpt lat="22.204283" lon="113.304556">
        <ele>0.9</ele>
        <time>2024-07-06T12:06:17Z</time>
      </trkpt>
      <trkpt lat="22.204307" lon="113.304534">
        <ele>0.9</ele>
        <time>2024-07-06T12:06:18Z</time>
      </trkpt>
      <trkpt lat="22.204329" lon="113.304518">
        <ele>0.9</ele>
        <time>2024-07-06T12:06:19Z</time>
      </trkpt>
      <trkpt lat="22.204352" lon="113.304495">
        <ele>0.9</ele>
        <time>2024-07-06T12:06:20Z</time>
      </trkpt>
      <trkpt lat="22.204374" lon="113.30448">
        <ele>0.9</ele>
        <time>2024-07-06T12:06:21Z</time>
      </trkpt>
      <trkpt lat="22.204395" lon="113.304457">
        <ele>0.8</ele>
        <time>2024-07-06T12:06:22Z</time>
      </trkpt>
      <trkpt lat="22.20442" lon="113.304442">
        <ele>0.8</ele>
        <time>2024-07-06T12:06:23Z</time>
      </trkpt>
      <trkpt lat="22.204447" lon="113.304418">
        <ele>0.8</ele>
        <time>2024-07-06T12:06:24Z</time>
      </trkpt>
      <trkpt lat="22.20447" lon="113.304395">
        <ele>0.8</ele>
        <time>2024-07-06T12:06:25Z</time>
      </trkpt>
      <trkpt lat="22.204493" lon="113.304372">
        <ele>0.8</ele>
        <time>2024-07-06T12:06:26Z</time>
      </trkpt>
      <trkpt lat="22.204522" lon="113.304342">
        <ele>0.8</ele>
        <time>2024-07-06T12:06:27Z</time>
      </trkpt>
      <trkpt lat="22.204556" lon="113.304319">
        <ele>0.8</ele>
        <time>2024-07-06T12:06:28Z</time>
      </trkpt>
      <trkpt lat="22.204584" lon="113.304288">
        <ele>0.8</ele>
        <time>2024-07-06T12:06:29Z</time>
      </trkpt>
      <trkpt lat="22.204607" lon="113.304258">
        <ele>0.8</ele>
        <time>2024-07-06T12:06:30Z</time>
      </trkpt>
      <trkpt lat="22.204632" lon="113.304227">
        <ele>0.8</ele>
        <time>2024-07-06T12:06:31Z</time>
      </trkpt>
      <trkpt lat="22.204657" lon="113.304196">
        <ele>0.8</ele>
        <time>2024-07-06T12:06:32Z</time>
      </trkpt>
      <trkpt lat="22.204688" lon="113.304158">
        <ele>0.8</ele>
        <time>2024-07-06T12:06:33Z</time>
      </trkpt>
      <trkpt lat="22.20472" lon="113.304121">
        <ele>0.8</ele>
        <time>2024-07-06T12:06:34Z</time>
      </trkpt>
      <trkpt lat="22.204755" lon="113.304098">
        <ele>0.8</ele>
        <time>2024-07-06T12:06:35Z</time>
      </trkpt>
      <trkpt lat="22.204791" lon="113.304075">
        <ele>0.9</ele>
        <time>2024-07-06T12:06:36Z</time>
      </trkpt>
      <trkpt lat="22.204826" lon="113.304052">
        <ele>1</ele>
        <time>2024-07-06T12:06:37Z</time>
      </trkpt>
      <trkpt lat="22.20486" lon="113.30403">
        <ele>1.1</ele>
        <time>2024-07-06T12:06:38Z</time>
      </trkpt>
      <trkpt lat="22.204894" lon="113.304013">
        <ele>1.2</ele>
        <time>2024-07-06T12:06:39Z</time>
      </trkpt>
      <trkpt lat="22.204922" lon="113.303984">
        <ele>1.2</ele>
        <time>2024-07-06T12:06:40Z</time>
      </trkpt>
      <trkpt lat="22.204949" lon="113.303962">
        <ele>1.3</ele>
        <time>2024-07-06T12:06:41Z</time>
      </trkpt>
      <trkpt lat="22.204979" lon="113.303946">
        <ele>1.4</ele>
        <time>2024-07-06T12:06:42Z</time>
      </trkpt>
      <trkpt lat="22.20501" lon="113.303931">
        <ele>1.5</ele>
        <time>2024-07-06T12:06:43Z</time>
      </trkpt>
      <trkpt lat="22.205038" lon="113.303916">
        <ele>1.5</ele>
        <time>2024-07-06T12:06:44Z</time>
      </trkpt>
      <trkpt lat="22.205063" lon="113.303909">
        <ele>1.6</ele>
        <time>2024-07-06T12:06:45Z</time>
      </trkpt>
      <trkpt lat="22.205088" lon="113.3039">
        <ele>1.6</ele>
        <time>2024-07-06T12:06:46Z</time>
      </trkpt>
      <trkpt lat="22.205114" lon="113.303885">
        <ele>1.7</ele>
        <time>2024-07-06T12:06:47Z</time>
      </trkpt>
      <trkpt lat="22.205135" lon="113.30387">
        <ele>1.7</ele>
        <time>2024-07-06T12:06:48Z</time>
      </trkpt>
      <trkpt lat="22.205156" lon="113.303854">
        <ele>1.8</ele>
        <time>2024-07-06T12:06:49Z</time>
      </trkpt>
      <trkpt lat="22.205174" lon="113.303832">
        <ele>1.8</ele>
        <time>2024-07-06T12:06:50Z</time>
      </trkpt>
      <trkpt lat="22.205186" lon="113.303824">
        <ele>1.9</ele>
        <time>2024-07-06T12:06:51Z</time>
      </trkpt>
      <trkpt lat="22.205199" lon="113.303809">
        <ele>1.9</ele>
        <time>2024-07-06T12:06:52Z</time>
      </trkpt>
      <trkpt lat="22.205213" lon="113.303794">
        <ele>1.9</ele>
        <time>2024-07-06T12:06:53Z</time>
      </trkpt>
      <trkpt lat="22.205226" lon="113.303787">
        <ele>2</ele>
        <time>2024-07-06T12:06:54Z</time>
      </trkpt>
      <trkpt lat="22.205239" lon="113.30378">
        <ele>2</ele>
        <time>2024-07-06T12:06:55Z</time>
      </trkpt>
      <trkpt lat="22.205248" lon="113.303788">
        <ele>2</ele>
        <time>2024-07-06T12:06:56Z</time>
      </trkpt>
      <trkpt lat="22.205131" lon="113.303872">
        <ele>2.3</ele>
        <time>2024-07-06T12:07:12Z</time>
      </trkpt>
      <trkpt lat="22.205097" lon="113.303887">
        <ele>2.4</ele>
        <time>2024-07-06T12:07:13Z</time>
      </trkpt>
      <trkpt lat="22.205068" lon="113.303903">
        <ele>2.4</ele>
        <time>2024-07-06T12:07:14Z</time>
      </trkpt>
      <trkpt lat="22.20504" lon="113.303918">
        <ele>2.5</ele>
        <time>2024-07-06T12:07:15Z</time>
      </trkpt>
      <trkpt lat="22.205013" lon="113.303932">
        <ele>2.6</ele>
        <time>2024-07-06T12:07:16Z</time>
      </trkpt>
      <trkpt lat="22.204988" lon="113.303933">
        <ele>2.6</ele>
        <time>2024-07-06T12:07:17Z</time>
      </trkpt>
      <trkpt lat="22.204962" lon="113.303939">
        <ele>2.7</ele>
        <time>2024-07-06T12:07:18Z</time>
      </trkpt>
      <trkpt lat="22.204933" lon="113.303931">
        <ele>2.7</ele>
        <time>2024-07-06T12:07:19Z</time>
      </trkpt>
      <trkpt lat="22.204907" lon="113.303915">
        <ele>2.8</ele>
        <time>2024-07-06T12:07:20Z</time>
      </trkpt>
      <trkpt lat="22.204885" lon="113.303884">
        <ele>2.9</ele>
        <time>2024-07-06T12:07:21Z</time>
      </trkpt>
      <trkpt lat="22.204882" lon="113.303853">
        <ele>2.9</ele>
        <time>2024-07-06T12:07:22Z</time>
      </trkpt>
      <trkpt lat="22.204889" lon="113.303823">
        <ele>3</ele>
        <time>2024-07-06T12:07:23Z</time>
      </trkpt>
      <trkpt lat="22.20491" lon="113.303794">
        <ele>3</ele>
        <time>2024-07-06T12:07:24Z</time>
      </trkpt>
      <trkpt lat="22.204937" lon="113.303787">
        <ele>3.1</ele>
        <time>2024-07-06T12:07:25Z</time>
      </trkpt>
      <trkpt lat="22.204964" lon="113.303787">
        <ele>3.2</ele>
        <time>2024-07-06T12:07:26Z</time>
      </trkpt>
      <trkpt lat="22.20499" lon="113.303779">
        <ele>3.2</ele>
        <time>2024-07-06T12:07:27Z</time>
      </trkpt>
      <trkpt lat="22.205016" lon="113.303772">
        <ele>3.3</ele>
        <time>2024-07-06T12:07:28Z</time>
      </trkpt>
      <trkpt lat="22.205044" lon="113.303771">
        <ele>3.3</ele>
        <time>2024-07-06T12:07:29Z</time>
      </trkpt>
      <trkpt lat="22.205069" lon="113.303764">
        <ele>3.4</ele>
        <time>2024-07-06T12:07:30Z</time>
      </trkpt>
      <trkpt lat="22.205098" lon="113.303756">
        <ele>3.4</ele>
        <time>2024-07-06T12:07:31Z</time>
      </trkpt>
      <trkpt lat="22.20513" lon="113.303748">
        <ele>3.5</ele>
        <time>2024-07-06T12:07:32Z</time>
      </trkpt>
      <trkpt lat="22.205161" lon="113.303741">
        <ele>3.6</ele>
        <time>2024-07-06T12:07:33Z</time>
      </trkpt>
      <trkpt lat="22.205196" lon="113.303734">
        <ele>3.6</ele>
        <time>2024-07-06T12:07:34Z</time>
      </trkpt>
      <trkpt lat="22.20523" lon="113.303732">
        <ele>3.7</ele>
        <time>2024-07-06T12:07:35Z</time>
      </trkpt>
      <trkpt lat="22.205267" lon="113.303718">
        <ele>3.8</ele>
        <time>2024-07-06T12:07:36Z</time>
      </trkpt>
      <trkpt lat="22.205304" lon="113.303703">
        <ele>3.9</ele>
        <time>2024-07-06T12:07:37Z</time>
      </trkpt>
      <trkpt lat="22.205341" lon="113.303694">
        <ele>3.9</ele>
        <time>2024-07-06T12:07:38Z</time>
      </trkpt>
      <trkpt lat="22.205381" lon="113.303679">
        <ele>4</ele>
        <time>2024-07-06T12:07:39Z</time>
      </trkpt>
      <trkpt lat="22.205417" lon="113.303656">
        <ele>4.1</ele>
        <time>2024-07-06T12:07:40Z</time>
      </trkpt>
      <trkpt lat="22.205453" lon="113.303641">
        <ele>4.2</ele>
        <time>2024-07-06T12:07:41Z</time>
      </trkpt>
      <trkpt lat="22.205482" lon="113.303627">
        <ele>4.2</ele>
        <time>2024-07-06T12:07:42Z</time>
      </trkpt>
      <trkpt lat="22.205502" lon="113.303628">
        <ele>4.3</ele>
        <time>2024-07-06T12:07:43Z</time>
      </trkpt>
      <trkpt lat="22.205508" lon="113.303637">
        <ele>4.3</ele>
        <time>2024-07-06T12:07:44Z</time>
      </trkpt>
      <trkpt lat="22.205511" lon="113.303658">
        <ele>4.3</ele>
        <time>2024-07-06T12:07:45Z</time>
      </trkpt>
      <trkpt lat="22.205512" lon="113.303665">
        <ele>4.4</ele>
        <time>2024-07-06T12:07:46Z</time>
      </trkpt>
      <trkpt lat="22.20556" lon="113.303736">
        <ele>4.7</ele>
        <time>2024-07-06T12:07:51Z</time>
      </trkpt>
      <trkpt lat="22.205573" lon="113.303759">
        <ele>4.7</ele>
        <time>2024-07-06T12:07:52Z</time>
      </trkpt>
      <trkpt lat="22.205589" lon="113.303789">
        <ele>4.9</ele>
        <time>2024-07-06T12:07:53Z</time>
      </trkpt>
      <trkpt lat="22.205603" lon="113.303813">
        <ele>5</ele>
        <time>2024-07-06T12:07:54Z</time>
      </trkpt>
      <trkpt lat="22.205622" lon="113.303843">
        <ele>5.1</ele>
        <time>2024-07-06T12:07:55Z</time>
      </trkpt>
      <trkpt lat="22.205645" lon="113.303865">
        <ele>5.2</ele>
        <time>2024-07-06T12:07:56Z</time>
      </trkpt>
      <trkpt lat="22.205677" lon="113.30388">
        <ele>5.3</ele>
        <time>2024-07-06T12:07:57Z</time>
      </trkpt>
      <trkpt lat="22.205715" lon="113.303895">
        <ele>5.5</ele>
        <time>2024-07-06T12:07:58Z</time>
      </trkpt>
      <trkpt lat="22.205755" lon="113.303911">
        <ele>5.6</ele>
        <time>2024-07-06T12:07:59Z</time>
      </trkpt>
      <trkpt lat="22.205802" lon="113.303927">
        <ele>5.8</ele>
        <time>2024-07-06T12:08:00Z</time>
      </trkpt>
      <trkpt lat="22.20585" lon="113.303949">
        <ele>6</ele>
        <time>2024-07-06T12:08:01Z</time>
      </trkpt>
      <trkpt lat="22.20589" lon="113.303972">
        <ele>6.2</ele>
        <time>2024-07-06T12:08:02Z</time>
      </trkpt>
      <trkpt lat="22.205933" lon="113.303996">
        <ele>6.4</ele>
        <time>2024-07-06T12:08:03Z</time>
      </trkpt>
      <trkpt lat="22.205978" lon="113.304027">
        <ele>6.6</ele>
        <time>2024-07-06T12:08:04Z</time>
      </trkpt>
      <trkpt lat="22.206018" lon="113.304065">
        <ele>6.8</ele>
        <time>2024-07-06T12:08:05Z</time>
      </trkpt>
      <trkpt lat="22.206052" lon="113.304104">
        <ele>6.9</ele>
        <time>2024-07-06T12:08:06Z</time>
      </trkpt>
      <trkpt lat="22.206086" lon="113.304149">
        <ele>7.1</ele>
        <time>2024-07-06T12:08:07Z</time>
      </trkpt>
      <trkpt lat="22.206116" lon="113.304188">
        <ele>7.3</ele>
        <time>2024-07-06T12:08:08Z</time>
      </trkpt>
      <trkpt lat="22.206145" lon="113.304233">
        <ele>7.5</ele>
        <time>2024-07-06T12:08:09Z</time>
      </trkpt>
      <trkpt lat="22.206175" lon="113.30428">
        <ele>7.7</ele>
        <time>2024-07-06T12:08:10Z</time>
      </trkpt>
      <trkpt lat="22.206204" lon="113.304332">
        <ele>7.9</ele>
        <time>2024-07-06T12:08:11Z</time>
      </trkpt>
      <trkpt lat="22.20624" lon="113.30437">
        <ele>8.1</ele>
        <time>2024-07-06T12:08:12Z</time>
      </trkpt>
      <trkpt lat="22.206283" lon="113.304408">
        <ele>8.3</ele>
        <time>2024-07-06T12:08:13Z</time>
      </trkpt>
      <trkpt lat="22.206329" lon="113.304438">
        <ele>8.5</ele>
        <time>2024-07-06T12:08:14Z</time>
      </trkpt>
      <trkpt lat="22.206376" lon="113.304468">
        <ele>8.7</ele>
        <time>2024-07-06T12:08:15Z</time>
      </trkpt>
      <trkpt lat="22.206432" lon="113.304492">
        <ele>8.9</ele>
        <time>2024-07-06T12:08:16Z</time>
      </trkpt>
      <trkpt lat="22.206484" lon="113.30453">
        <ele>9.2</ele>
        <time>2024-07-06T12:08:17Z</time>
      </trkpt>
      <trkpt lat="22.206532" lon="113.304568">
        <ele>9.4</ele>
        <time>2024-07-06T12:08:18Z</time>
      </trkpt>
      <trkpt lat="22.206584" lon="113.304607">
        <ele>9.6</ele>
        <time>2024-07-06T12:08:19Z</time>
      </trkpt>
      <trkpt lat="22.206627" lon="113.304645">
        <ele>9.8</ele>
        <time>2024-07-06T12:08:20Z</time>
      </trkpt>
      <trkpt lat="22.206671" lon="113.304683">
        <ele>10</ele>
        <time>2024-07-06T12:08:21Z</time>
      </trkpt>
      <trkpt lat="22.206717" lon="113.304721">
        <ele>10.2</ele>
        <time>2024-07-06T12:08:22Z</time>
      </trkpt>
      <trkpt lat="22.206768" lon="113.304752">
        <ele>10.5</ele>
        <time>2024-07-06T12:08:23Z</time>
      </trkpt>
      <trkpt lat="22.206817" lon="113.304789">
        <ele>10.7</ele>
        <time>2024-07-06T12:08:24Z</time>
      </trkpt>
      <trkpt lat="22.206871" lon="113.30482">
        <ele>10.9</ele>
        <time>2024-07-06T12:08:25Z</time>
      </trkpt>
      <trkpt lat="22.206922" lon="113.304858">
        <ele>10.9</ele>
        <time>2024-07-06T12:08:26Z</time>
      </trkpt>
      <trkpt lat="22.206975" lon="113.304889">
        <ele>10.8</ele>
        <time>2024-07-06T12:08:27Z</time>
      </trkpt>
      <trkpt lat="22.207024" lon="113.304927">
        <ele>10.6</ele>
        <time>2024-07-06T12:08:28Z</time>
      </trkpt>
      <trkpt lat="22.207073" lon="113.304965">
        <ele>10.4</ele>
        <time>2024-07-06T12:08:29Z</time>
      </trkpt>
      <trkpt lat="22.207125" lon="113.305002">
        <ele>10.2</ele>
        <time>2024-07-06T12:08:30Z</time>
      </trkpt>
      <trkpt lat="22.207181" lon="113.305026">
        <ele>10.1</ele>
        <time>2024-07-06T12:08:31Z</time>
      </trkpt>
      <trkpt lat="22.207236" lon="113.305056">
        <ele>9.9</ele>
        <time>2024-07-06T12:08:32Z</time>
      </trkpt>
      <trkpt lat="22.207296" lon="113.305086">
        <ele>9.7</ele>
        <time>2024-07-06T12:08:33Z</time>
      </trkpt>
      <trkpt lat="22.207357" lon="113.305109">
        <ele>9.5</ele>
        <time>2024-07-06T12:08:34Z</time>
      </trkpt>
      <trkpt lat="22.207414" lon="113.305132">
        <ele>9.3</ele>
        <time>2024-07-06T12:08:35Z</time>
      </trkpt>
      <trkpt lat="22.207472" lon="113.305154">
        <ele>9.1</ele>
        <time>2024-07-06T12:08:36Z</time>
      </trkpt>
      <trkpt lat="22.207526" lon="113.305169">
        <ele>9</ele>
        <time>2024-07-06T12:08:37Z</time>
      </trkpt>
      <trkpt lat="22.207579" lon="113.305184">
        <ele>8.8</ele>
        <time>2024-07-06T12:08:38Z</time>
      </trkpt>
      <trkpt lat="22.207614" lon="113.305191">
        <ele>8.7</ele>
        <time>2024-07-06T12:08:39Z</time>
      </trkpt>
      <trkpt lat="22.207631" lon="113.305191">
        <ele>8.7</ele>
        <time>2024-07-06T12:08:40Z</time>
      </trkpt>
      <trkpt lat="22.207643" lon="113.305192">
        <ele>8.6</ele>
        <time>2024-07-06T12:08:41Z</time>
      </trkpt>
      <trkpt lat="22.207654" lon="113.305199">
        <ele>8.6</ele>
        <time>2024-07-06T12:08:42Z</time>
      </trkpt>
      <trkpt lat="22.207667" lon="113.305206">
        <ele>8.5</ele>
        <time>2024-07-06T12:08:43Z</time>
      </trkpt>
      <trkpt lat="22.207699" lon="113.305197">
        <ele>8.4</ele>
        <time>2024-07-06T12:08:44Z</time>
      </trkpt>
      <trkpt lat="22.207731" lon="113.305182">
        <ele>8.3</ele>
        <time>2024-07-06T12:08:45Z</time>
      </trkpt>
      <trkpt lat="22.207771" lon="113.305168">
        <ele>8.2</ele>
        <time>2024-07-06T12:08:46Z</time>
      </trkpt>
      <trkpt lat="22.207817" lon="113.305161">
        <ele>8.1</ele>
        <time>2024-07-06T12:08:47Z</time>
      </trkpt>
      <trkpt lat="22.207865" lon="113.305161">
        <ele>7.9</ele>
        <time>2024-07-06T12:08:48Z</time>
      </trkpt>
      <trkpt lat="22.207917" lon="113.30516">
        <ele>7.8</ele>
        <time>2024-07-06T12:08:49Z</time>
      </trkpt>
      <trkpt lat="22.20797" lon="113.305153">
        <ele>7.6</ele>
        <time>2024-07-06T12:08:50Z</time>
      </trkpt>
      <trkpt lat="22.208022" lon="113.305152">
        <ele>7.5</ele>
        <time>2024-07-06T12:08:51Z</time>
      </trkpt>
      <trkpt lat="22.208076" lon="113.305144">
        <ele>7.3</ele>
        <time>2024-07-06T12:08:52Z</time>
      </trkpt>
      <trkpt lat="22.20813" lon="113.305129">
        <ele>7.2</ele>
        <time>2024-07-06T12:08:53Z</time>
      </trkpt>
      <trkpt lat="22.208176" lon="113.305113">
        <ele>7</ele>
        <time>2024-07-06T12:08:54Z</time>
      </trkpt>
      <trkpt lat="22.208225" lon="113.305098">
        <ele>6.9</ele>
        <time>2024-07-06T12:08:55Z</time>
      </trkpt>
      <trkpt lat="22.208275" lon="113.305083">
        <ele>6.7</ele>
        <time>2024-07-06T12:08:56Z</time>
      </trkpt>
      <trkpt lat="22.208323" lon="113.305067">
        <ele>6.6</ele>
        <time>2024-07-06T12:08:57Z</time>
      </trkpt>
      <trkpt lat="22.208373" lon="113.305044">
        <ele>6.4</ele>
        <time>2024-07-06T12:08:58Z</time>
      </trkpt>
      <trkpt lat="22.20843" lon="113.305021">
        <ele>6.2</ele>
        <time>2024-07-06T12:08:59Z</time>
      </trkpt>
      <trkpt lat="22.208482" lon="113.304998">
        <ele>6.1</ele>
        <time>2024-07-06T12:09:00Z</time>
      </trkpt>
      <trkpt lat="22.208539" lon="113.304976">
        <ele>5.9</ele>
        <time>2024-07-06T12:09:01Z</time>
      </trkpt>
      <trkpt lat="22.208595" lon="113.304961">
        <ele>5.8</ele>
        <time>2024-07-06T12:09:02Z</time>
      </trkpt>
      <trkpt lat="22.20865" lon="113.304946">
        <ele>5.9</ele>
        <time>2024-07-06T12:09:03Z</time>
      </trkpt>
      <trkpt lat="22.208706" lon="113.30493">
        <ele>5.9</ele>
        <time>2024-07-06T12:09:04Z</time>
      </trkpt>
      <trkpt lat="22.20876" lon="113.304908">
        <ele>6</ele>
        <time>2024-07-06T12:09:05Z</time>
      </trkpt>
      <trkpt lat="22.208818" lon="113.3049">
        <ele>6.1</ele>
        <time>2024-07-06T12:09:06Z</time>
      </trkpt>
      <trkpt lat="22.208876" lon="113.304885">
        <ele>6.2</ele>
        <time>2024-07-06T12:09:07Z</time>
      </trkpt>
      <trkpt lat="22.208932" lon="113.304869">
        <ele>6.2</ele>
        <time>2024-07-06T12:09:08Z</time>
      </trkpt>
      <trkpt lat="22.208989" lon="113.304855">
        <ele>6.3</ele>
        <time>2024-07-06T12:09:09Z</time>
      </trkpt>
      <trkpt lat="22.20905" lon="113.304847">
        <ele>6.4</ele>
        <time>2024-07-06T12:09:10Z</time>
      </trkpt>
      <trkpt lat="22.209111" lon="113.30484">
        <ele>6.5</ele>
        <time>2024-07-06T12:09:11Z</time>
      </trkpt>
      <trkpt lat="22.209171" lon="113.304841">
        <ele>6.5</ele>
        <time>2024-07-06T12:09:12Z</time>
      </trkpt>
      <trkpt lat="22.209234" lon="113.304847">
        <ele>6.6</ele>
        <time>2024-07-06T12:09:13Z</time>
      </trkpt>
      <trkpt lat="22.209297" lon="113.304839">
        <ele>6.7</ele>
        <time>2024-07-06T12:09:14Z</time>
      </trkpt>
      <trkpt lat="22.209353" lon="113.304832">
        <ele>6.8</ele>
        <time>2024-07-06T12:09:15Z</time>
      </trkpt>
      <trkpt lat="22.209417" lon="113.304832">
        <ele>6.9</ele>
        <time>2024-07-06T12:09:16Z</time>
      </trkpt>
      <trkpt lat="22.209474" lon="113.304824">
        <ele>6.9</ele>
        <time>2024-07-06T12:09:17Z</time>
      </trkpt>
      <trkpt lat="22.209537" lon="113.304817">
        <ele>7</ele>
        <time>2024-07-06T12:09:18Z</time>
      </trkpt>
      <trkpt lat="22.209602" lon="113.304817">
        <ele>7.1</ele>
        <time>2024-07-06T12:09:19Z</time>
      </trkpt>
      <trkpt lat="22.209665" lon="113.304817">
        <ele>7.2</ele>
        <time>2024-07-06T12:09:20Z</time>
      </trkpt>
      <trkpt lat="22.209728" lon="113.304818">
        <ele>7.3</ele>
        <time>2024-07-06T12:09:21Z</time>
      </trkpt>
      <trkpt lat="22.209792" lon="113.304824">
        <ele>7.4</ele>
        <time>2024-07-06T12:09:22Z</time>
      </trkpt>
      <trkpt lat="22.209853" lon="113.304821">
        <ele>7.4</ele>
        <time>2024-07-06T12:09:23Z</time>
      </trkpt>
      <trkpt lat="22.209913" lon="113.304817">
        <ele>7.5</ele>
        <time>2024-07-06T12:09:24Z</time>
      </trkpt>
      <trkpt lat="22.209974" lon="113.304817">
        <ele>7.6</ele>
        <time>2024-07-06T12:09:25Z</time>
      </trkpt>
      <trkpt lat="22.210032" lon="113.304817">
        <ele>7.7</ele>
        <time>2024-07-06T12:09:26Z</time>
      </trkpt>
      <trkpt lat="22.210092" lon="113.304802">
        <ele>7.7</ele>
        <time>2024-07-06T12:09:27Z</time>
      </trkpt>
      <trkpt lat="22.210145" lon="113.304802">
        <ele>7.8</ele>
        <time>2024-07-06T12:09:28Z</time>
      </trkpt>
      <trkpt lat="22.210199" lon="113.304802">
        <ele>7.9</ele>
        <time>2024-07-06T12:09:29Z</time>
      </trkpt>
      <trkpt lat="22.210251" lon="113.304802">
        <ele>7.9</ele>
        <time>2024-07-06T12:09:30Z</time>
      </trkpt>
      <trkpt lat="22.210302" lon="113.304802">
        <ele>8</ele>
        <time>2024-07-06T12:09:31Z</time>
      </trkpt>
      <trkpt lat="22.210352" lon="113.304802">
        <ele>8.1</ele>
        <time>2024-07-06T12:09:32Z</time>
      </trkpt>
      <trkpt lat="22.210401" lon="113.304794">
        <ele>8.2</ele>
        <time>2024-07-06T12:09:33Z</time>
      </trkpt>
      <trkpt lat="22.210449" lon="113.304794">
        <ele>8.3</ele>
        <time>2024-07-06T12:09:34Z</time>
      </trkpt>
      <trkpt lat="22.210502" lon="113.304787">
        <ele>8.5</ele>
        <time>2024-07-06T12:09:35Z</time>
      </trkpt>
      <trkpt lat="22.210558" lon="113.304778">
        <ele>8.7</ele>
        <time>2024-07-06T12:09:36Z</time>
      </trkpt>
      <trkpt lat="22.21061" lon="113.304771">
        <ele>8.8</ele>
        <time>2024-07-06T12:09:37Z</time>
      </trkpt>
      <trkpt lat="22.210662" lon="113.304764">
        <ele>9</ele>
        <time>2024-07-06T12:09:38Z</time>
      </trkpt>
      <trkpt lat="22.210715" lon="113.304764">
        <ele>9.1</ele>
        <time>2024-07-06T12:09:39Z</time>
      </trkpt>
      <trkpt lat="22.210768" lon="113.304763">
        <ele>9.3</ele>
        <time>2024-07-06T12:09:40Z</time>
      </trkpt>
      <trkpt lat="22.210826" lon="113.304755">
        <ele>9.5</ele>
        <time>2024-07-06T12:09:41Z</time>
      </trkpt>
      <trkpt lat="22.210882" lon="113.304749">
        <ele>9.6</ele>
        <time>2024-07-06T12:09:42Z</time>
      </trkpt>
      <trkpt lat="22.210936" lon="113.304748">
        <ele>9.8</ele>
        <time>2024-07-06T12:09:43Z</time>
      </trkpt>
      <trkpt lat="22.210992" lon="113.30474">
        <ele>9.9</ele>
        <time>2024-07-06T12:09:44Z</time>
      </trkpt>
      <trkpt lat="22.211047" lon="113.304733">
        <ele>10.1</ele>
        <time>2024-07-06T12:09:45Z</time>
      </trkpt>
      <trkpt lat="22.211102" lon="113.304726">
        <ele>10.3</ele>
        <time>2024-07-06T12:09:46Z</time>
      </trkpt>
      <trkpt lat="22.211161" lon="113.304726">
        <ele>10.4</ele>
        <time>2024-07-06T12:09:47Z</time>
      </trkpt>
      <trkpt lat="22.211213" lon="113.304726">
        <ele>10.6</ele>
        <time>2024-07-06T12:09:48Z</time>
      </trkpt>
      <trkpt lat="22.211265" lon="113.304733">
        <ele>10.8</ele>
        <time>2024-07-06T12:09:49Z</time>
      </trkpt>
      <trkpt lat="22.211331" lon="113.304726">
        <ele>10.9</ele>
        <time>2024-07-06T12:09:50Z</time>
      </trkpt>
      <trkpt lat="22.211389" lon="113.304724">
        <ele>11.1</ele>
        <time>2024-07-06T12:09:51Z</time>
      </trkpt>
      <trkpt lat="22.211446" lon="113.30471">
        <ele>11.3</ele>
        <time>2024-07-06T12:09:52Z</time>
      </trkpt>
      <trkpt lat="22.211501" lon="113.304703">
        <ele>11.4</ele>
        <time>2024-07-06T12:09:53Z</time>
      </trkpt>
      <trkpt lat="22.211556" lon="113.304702">
        <ele>11.6</ele>
        <time>2024-07-06T12:09:54Z</time>
      </trkpt>
      <trkpt lat="22.211612" lon="113.304694">
        <ele>11.8</ele>
        <time>2024-07-06T12:09:55Z</time>
      </trkpt>
      <trkpt lat="22.211671" lon="113.304687">
        <ele>11.9</ele>
        <time>2024-07-06T12:09:56Z</time>
      </trkpt>
      <trkpt lat="22.211726" lon="113.304679">
        <ele>12.1</ele>
        <time>2024-07-06T12:09:57Z</time>
      </trkpt>
      <trkpt lat="22.211783" lon="113.304672">
        <ele>12.3</ele>
        <time>2024-07-06T12:09:58Z</time>
      </trkpt>
      <trkpt lat="22.211838" lon="113.304672">
        <ele>12.4</ele>
        <time>2024-07-06T12:09:59Z</time>
      </trkpt>
      <trkpt lat="22.211894" lon="113.304665">
        <ele>12.6</ele>
        <time>2024-07-06T12:10:00Z</time>
      </trkpt>
      <trkpt lat="22.211957" lon="113.304663">
        <ele>12.8</ele>
        <time>2024-07-06T12:10:01Z</time>
      </trkpt>
      <trkpt lat="22.212014" lon="113.304649">
        <ele>13</ele>
        <time>2024-07-06T12:10:02Z</time>
      </trkpt>
      <trkpt lat="22.212071" lon="113.30464">
        <ele>13.1</ele>
        <time>2024-07-06T12:10:03Z</time>
      </trkpt>
      <trkpt lat="22.212125" lon="113.304625">
        <ele>13.3</ele>
        <time>2024-07-06T12:10:04Z</time>
      </trkpt>
      <trkpt lat="22.21218" lon="113.30461">
        <ele>13.4</ele>
        <time>2024-07-06T12:10:05Z</time>
      </trkpt>
      <trkpt lat="22.212233" lon="113.304594">
        <ele>13.4</ele>
        <time>2024-07-06T12:10:06Z</time>
      </trkpt>
      <trkpt lat="22.212283" lon="113.304571">
        <ele>13.4</ele>
        <time>2024-07-06T12:10:07Z</time>
      </trkpt>
      <trkpt lat="22.212334" lon="113.304548">
        <ele>13.4</ele>
        <time>2024-07-06T12:10:08Z</time>
      </trkpt>
      <trkpt lat="22.212382" lon="113.304525">
        <ele>13.4</ele>
        <time>2024-07-06T12:10:09Z</time>
      </trkpt>
      <trkpt lat="22.212433" lon="113.304495">
        <ele>13.5</ele>
        <time>2024-07-06T12:10:10Z</time>
      </trkpt>
      <trkpt lat="22.212481" lon="113.304471">
        <ele>13.5</ele>
        <time>2024-07-06T12:10:11Z</time>
      </trkpt>
      <trkpt lat="22.212526" lon="113.304441">
        <ele>13.5</ele>
        <time>2024-07-06T12:10:12Z</time>
      </trkpt>
      <trkpt lat="22.212571" lon="113.304409">
        <ele>13.5</ele>
        <time>2024-07-06T12:10:13Z</time>
      </trkpt>
      <trkpt lat="22.21262" lon="113.304364">
        <ele>13.5</ele>
        <time>2024-07-06T12:10:14Z</time>
      </trkpt>
      <trkpt lat="22.212666" lon="113.304325">
        <ele>13.6</ele>
        <time>2024-07-06T12:10:15Z</time>
      </trkpt>
      <trkpt lat="22.212711" lon="113.304278">
        <ele>13.6</ele>
        <time>2024-07-06T12:10:16Z</time>
      </trkpt>
      <trkpt lat="22.212755" lon="113.304226">
        <ele>13.6</ele>
        <time>2024-07-06T12:10:17Z</time>
      </trkpt>
      <trkpt lat="22.212797" lon="113.30418">
        <ele>13.6</ele>
        <time>2024-07-06T12:10:18Z</time>
      </trkpt>
      <trkpt lat="22.212841" lon="113.304134">
        <ele>13.6</ele>
        <time>2024-07-06T12:10:19Z</time>
      </trkpt>
      <trkpt lat="22.212884" lon="113.304089">
        <ele>13.7</ele>
        <time>2024-07-06T12:10:20Z</time>
      </trkpt>
      <trkpt lat="22.212924" lon="113.304043">
        <ele>13.7</ele>
        <time>2024-07-06T12:10:21Z</time>
      </trkpt>
      <trkpt lat="22.212962" lon="113.303997">
        <ele>13.7</ele>
        <time>2024-07-06T12:10:22Z</time>
      </trkpt>
      <trkpt lat="22.212994" lon="113.303952">
        <ele>13.7</ele>
        <time>2024-07-06T12:10:23Z</time>
      </trkpt>
      <trkpt lat="22.213029" lon="113.303913">
        <ele>13.7</ele>
        <time>2024-07-06T12:10:24Z</time>
      </trkpt>
      <trkpt lat="22.213066" lon="113.303867">
        <ele>13.7</ele>
        <time>2024-07-06T12:10:25Z</time>
      </trkpt>
      <trkpt lat="22.21311" lon="113.303821">
        <ele>13.8</ele>
        <time>2024-07-06T12:10:26Z</time>
      </trkpt>
      <trkpt lat="22.213151" lon="113.303776">
        <ele>13.8</ele>
        <time>2024-07-06T12:10:27Z</time>
      </trkpt>
      <trkpt lat="22.213189" lon="113.303738">
        <ele>13.8</ele>
        <time>2024-07-06T12:10:28Z</time>
      </trkpt>
      <trkpt lat="22.213225" lon="113.3037">
        <ele>13.8</ele>
        <time>2024-07-06T12:10:29Z</time>
      </trkpt>
      <trkpt lat="22.213258" lon="113.303653">
        <ele>13.8</ele>
        <time>2024-07-06T12:10:30Z</time>
      </trkpt>
      <trkpt lat="22.213286" lon="113.303601">
        <ele>13.8</ele>
        <time>2024-07-06T12:10:31Z</time>
      </trkpt>
      <trkpt lat="22.213319" lon="113.303563">
        <ele>13.9</ele>
        <time>2024-07-06T12:10:32Z</time>
      </trkpt>
      <trkpt lat="22.213357" lon="113.303525">
        <ele>13.9</ele>
        <time>2024-07-06T12:10:33Z</time>
      </trkpt>
      <trkpt lat="22.213395" lon="113.303486">
        <ele>13.9</ele>
        <time>2024-07-06T12:10:34Z</time>
      </trkpt>
      <trkpt lat="22.213432" lon="113.303448">
        <ele>13.9</ele>
        <time>2024-07-06T12:10:35Z</time>
      </trkpt>
      <trkpt lat="22.213468" lon="113.303411">
        <ele>13.9</ele>
        <time>2024-07-06T12:10:36Z</time>
      </trkpt>
      <trkpt lat="22.213506" lon="113.303381">
        <ele>13.9</ele>
        <time>2024-07-06T12:10:37Z</time>
      </trkpt>
      <trkpt lat="22.213547" lon="113.303357">
        <ele>13.9</ele>
        <time>2024-07-06T12:10:38Z</time>
      </trkpt>
      <trkpt lat="22.213593" lon="113.303319">
        <ele>13.8</ele>
        <time>2024-07-06T12:10:39Z</time>
      </trkpt>
      <trkpt lat="22.21364" lon="113.303288">
        <ele>13.7</ele>
        <time>2024-07-06T12:10:40Z</time>
      </trkpt>
      <trkpt lat="22.213684" lon="113.303251">
        <ele>13.6</ele>
        <time>2024-07-06T12:10:41Z</time>
      </trkpt>
      <trkpt lat="22.213733" lon="113.303221">
        <ele>13.5</ele>
        <time>2024-07-06T12:10:42Z</time>
      </trkpt>
      <trkpt lat="22.21378" lon="113.303191">
        <ele>13.4</ele>
        <time>2024-07-06T12:10:43Z</time>
      </trkpt>
      <trkpt lat="22.213827" lon="113.303161">
        <ele>13.3</ele>
        <time>2024-07-06T12:10:44Z</time>
      </trkpt>
      <trkpt lat="22.21388" lon="113.303138">
        <ele>13.2</ele>
        <time>2024-07-06T12:10:45Z</time>
      </trkpt>
      <trkpt lat="22.213937" lon="113.303115">
        <ele>13.1</ele>
        <time>2024-07-06T12:10:46Z</time>
      </trkpt>
      <trkpt lat="22.213995" lon="113.303085">
        <ele>13</ele>
        <time>2024-07-06T12:10:47Z</time>
      </trkpt>
      <trkpt lat="22.214058" lon="113.303062">
        <ele>12.9</ele>
        <time>2024-07-06T12:10:48Z</time>
      </trkpt>
      <trkpt lat="22.214121" lon="113.303039">
        <ele>12.8</ele>
        <time>2024-07-06T12:10:49Z</time>
      </trkpt>
      <trkpt lat="22.214184" lon="113.303024">
        <ele>12.7</ele>
        <time>2024-07-06T12:10:50Z</time>
      </trkpt>
      <trkpt lat="22.214249" lon="113.303001">
        <ele>12.6</ele>
        <time>2024-07-06T12:10:51Z</time>
      </trkpt>
      <trkpt lat="22.214314" lon="113.302986">
        <ele>12.5</ele>
        <time>2024-07-06T12:10:52Z</time>
      </trkpt>
      <trkpt lat="22.214383" lon="113.302971">
        <ele>12.4</ele>
        <time>2024-07-06T12:10:53Z</time>
      </trkpt>
      <trkpt lat="22.21445" lon="113.302963">
        <ele>12.3</ele>
        <time>2024-07-06T12:10:54Z</time>
      </trkpt>
      <trkpt lat="22.214519" lon="113.302948">
        <ele>12.2</ele>
        <time>2024-07-06T12:10:55Z</time>
      </trkpt>
      <trkpt lat="22.214587" lon="113.302933">
        <ele>12.1</ele>
        <time>2024-07-06T12:10:56Z</time>
      </trkpt>
      <trkpt lat="22.214661" lon="113.302925">
        <ele>11.9</ele>
        <time>2024-07-06T12:10:57Z</time>
      </trkpt>
      <trkpt lat="22.214731" lon="113.302909">
        <ele>11.8</ele>
        <time>2024-07-06T12:10:58Z</time>
      </trkpt>
      <trkpt lat="22.214806" lon="113.302894">
        <ele>11.7</ele>
        <time>2024-07-06T12:10:59Z</time>
      </trkpt>
      <trkpt lat="22.214874" lon="113.302886">
        <ele>11.6</ele>
        <time>2024-07-06T12:11:00Z</time>
      </trkpt>
      <trkpt lat="22.214944" lon="113.30287">
        <ele>11.5</ele>
        <time>2024-07-06T12:11:01Z</time>
      </trkpt>
      <trkpt lat="22.215012" lon="113.302855">
        <ele>11.4</ele>
        <time>2024-07-06T12:11:02Z</time>
      </trkpt>
      <trkpt lat="22.215083" lon="113.30284">
        <ele>11.3</ele>
        <time>2024-07-06T12:11:03Z</time>
      </trkpt>
      <trkpt lat="22.215149" lon="113.302832">
        <ele>11.1</ele>
        <time>2024-07-06T12:11:04Z</time>
      </trkpt>
      <trkpt lat="22.215219" lon="113.302818">
        <ele>11</ele>
        <time>2024-07-06T12:11:05Z</time>
      </trkpt>
      <trkpt lat="22.215283" lon="113.302818">
        <ele>11</ele>
        <time>2024-07-06T12:11:06Z</time>
      </trkpt>
      <trkpt lat="22.215342" lon="113.302818">
        <ele>10.9</ele>
        <time>2024-07-06T12:11:07Z</time>
      </trkpt>
      <trkpt lat="22.215394" lon="113.30282">
        <ele>10.8</ele>
        <time>2024-07-06T12:11:08Z</time>
      </trkpt>
      <trkpt lat="22.215433" lon="113.302834">
        <ele>10.8</ele>
        <time>2024-07-06T12:11:09Z</time>
      </trkpt>
      <trkpt lat="22.215453" lon="113.302834">
        <ele>10.8</ele>
        <time>2024-07-06T12:11:10Z</time>
      </trkpt>
      <trkpt lat="22.215465" lon="113.302833">
        <ele>10.8</ele>
        <time>2024-07-06T12:11:11Z</time>
      </trkpt>
      <trkpt lat="22.215478" lon="113.302826">
        <ele>10.7</ele>
        <time>2024-07-06T12:11:12Z</time>
      </trkpt>
      <trkpt lat="22.215495" lon="113.302825">
        <ele>10.7</ele>
        <time>2024-07-06T12:11:13Z</time>
      </trkpt>
      <trkpt lat="22.215513" lon="113.302818">
        <ele>10.7</ele>
        <time>2024-07-06T12:11:14Z</time>
      </trkpt>
      <trkpt lat="22.215532" lon="113.302818">
        <ele>10.7</ele>
        <time>2024-07-06T12:11:15Z</time>
      </trkpt>
      <trkpt lat="22.215547" lon="113.302818">
        <ele>10.7</ele>
        <time>2024-07-06T12:11:16Z</time>
      </trkpt>
      <trkpt lat="22.215571" lon="113.302818">
        <ele>10.6</ele>
        <time>2024-07-06T12:11:17Z</time>
      </trkpt>
      <trkpt lat="22.215604" lon="113.30281">
        <ele>10.6</ele>
        <time>2024-07-06T12:11:18Z</time>
      </trkpt>
      <trkpt lat="22.215643" lon="113.302802">
        <ele>10.5</ele>
        <time>2024-07-06T12:11:19Z</time>
      </trkpt>
      <trkpt lat="22.215684" lon="113.302787">
        <ele>10.5</ele>
        <time>2024-07-06T12:11:20Z</time>
      </trkpt>
      <trkpt lat="22.21572" lon="113.302771">
        <ele>10.5</ele>
        <time>2024-07-06T12:11:21Z</time>
      </trkpt>
      <trkpt lat="22.215756" lon="113.302756">
        <ele>10.4</ele>
        <time>2024-07-06T12:11:22Z</time>
      </trkpt>
      <trkpt lat="22.215791" lon="113.302732">
        <ele>10.4</ele>
        <time>2024-07-06T12:11:23Z</time>
      </trkpt>
      <trkpt lat="22.215823" lon="113.302708">
        <ele>10.3</ele>
        <time>2024-07-06T12:11:24Z</time>
      </trkpt>
      <trkpt lat="22.215858" lon="113.30267">
        <ele>10.3</ele>
        <time>2024-07-06T12:11:25Z</time>
      </trkpt>
      <trkpt lat="22.215891" lon="113.302633">
        <ele>10.2</ele>
        <time>2024-07-06T12:11:26Z</time>
      </trkpt>
      <trkpt lat="22.215922" lon="113.302601">
        <ele>10.2</ele>
        <time>2024-07-06T12:11:27Z</time>
      </trkpt>
      <trkpt lat="22.215957" lon="113.302564">
        <ele>10.1</ele>
        <time>2024-07-06T12:11:28Z</time>
      </trkpt>
      <trkpt lat="22.215995" lon="113.302534">
        <ele>10</ele>
        <time>2024-07-06T12:11:29Z</time>
      </trkpt>
      <trkpt lat="22.216037" lon="113.302503">
        <ele>10</ele>
        <time>2024-07-06T12:11:30Z</time>
      </trkpt>
      <trkpt lat="22.216077" lon="113.302473">
        <ele>9.9</ele>
        <time>2024-07-06T12:11:31Z</time>
      </trkpt>
      <trkpt lat="22.216117" lon="113.302442">
        <ele>9.9</ele>
        <time>2024-07-06T12:11:32Z</time>
      </trkpt>
      <trkpt lat="22.216158" lon="113.302411">
        <ele>9.8</ele>
        <time>2024-07-06T12:11:33Z</time>
      </trkpt>
      <trkpt lat="22.2162" lon="113.302381">
        <ele>9.8</ele>
        <time>2024-07-06T12:11:34Z</time>
      </trkpt>
      <trkpt lat="22.216244" lon="113.302358">
        <ele>9.7</ele>
        <time>2024-07-06T12:11:35Z</time>
      </trkpt>
      <trkpt lat="22.216294" lon="113.302329">
        <ele>9.6</ele>
        <time>2024-07-06T12:11:36Z</time>
      </trkpt>
      <trkpt lat="22.216344" lon="113.302313">
        <ele>9.6</ele>
        <time>2024-07-06T12:11:37Z</time>
      </trkpt>
      <trkpt lat="22.216401" lon="113.302291">
        <ele>9.5</ele>
        <time>2024-07-06T12:11:38Z</time>
      </trkpt>
      <trkpt lat="22.21646" lon="113.302276">
        <ele>9.4</ele>
        <time>2024-07-06T12:11:39Z</time>
      </trkpt>
      <trkpt lat="22.216519" lon="113.302268">
        <ele>9.4</ele>
        <time>2024-07-06T12:11:40Z</time>
      </trkpt>
      <trkpt lat="22.21658" lon="113.302261">
        <ele>9.3</ele>
        <time>2024-07-06T12:11:41Z</time>
      </trkpt>
      <trkpt lat="22.216634" lon="113.302253">
        <ele>9.2</ele>
        <time>2024-07-06T12:11:42Z</time>
      </trkpt>
      <trkpt lat="22.216693" lon="113.302245">
        <ele>9.2</ele>
        <time>2024-07-06T12:11:43Z</time>
      </trkpt>
      <trkpt lat="22.216752" lon="113.302238">
        <ele>9.1</ele>
        <time>2024-07-06T12:11:44Z</time>
      </trkpt>
      <trkpt lat="22.216805" lon="113.302231">
        <ele>9</ele>
        <time>2024-07-06T12:11:45Z</time>
      </trkpt>
      <trkpt lat="22.216852" lon="113.30223">
        <ele>9</ele>
        <time>2024-07-06T12:11:46Z</time>
      </trkpt>
      <trkpt lat="22.216893" lon="113.302223">
        <ele>8.9</ele>
        <time>2024-07-06T12:11:47Z</time>
      </trkpt>
      <trkpt lat="22.216925" lon="113.302222">
        <ele>8.9</ele>
        <time>2024-07-06T12:11:48Z</time>
      </trkpt>
      <trkpt lat="22.216947" lon="113.302216">
        <ele>8.9</ele>
        <time>2024-07-06T12:11:49Z</time>
      </trkpt>
      <trkpt lat="22.216968" lon="113.302215">
        <ele>8.9</ele>
        <time>2024-07-06T12:11:50Z</time>
      </trkpt>
      <trkpt lat="22.216988" lon="113.302207">
        <ele>8.9</ele>
        <time>2024-07-06T12:11:51Z</time>
      </trkpt>
      <trkpt lat="22.217009" lon="113.3022">
        <ele>8.8</ele>
        <time>2024-07-06T12:11:52Z</time>
      </trkpt>
      <trkpt lat="22.21704" lon="113.302193">
        <ele>8.8</ele>
        <time>2024-07-06T12:11:53Z</time>
      </trkpt>
      <trkpt lat="22.217079" lon="113.3022">
        <ele>8.8</ele>
        <time>2024-07-06T12:11:54Z</time>
      </trkpt>
      <trkpt lat="22.217124" lon="113.3022">
        <ele>8.7</ele>
        <time>2024-07-06T12:11:55Z</time>
      </trkpt>
      <trkpt lat="22.217174" lon="113.3022">
        <ele>8.7</ele>
        <time>2024-07-06T12:11:56Z</time>
      </trkpt>
      <trkpt lat="22.217223" lon="113.3022">
        <ele>8.6</ele>
        <time>2024-07-06T12:11:57Z</time>
      </trkpt>
      <trkpt lat="22.217277" lon="113.302191">
        <ele>8.6</ele>
        <time>2024-07-06T12:11:58Z</time>
      </trkpt>
      <trkpt lat="22.217332" lon="113.302176">
        <ele>8.5</ele>
        <time>2024-07-06T12:11:59Z</time>
      </trkpt>
      <trkpt lat="22.217385" lon="113.302161">
        <ele>8.5</ele>
        <time>2024-07-06T12:12:00Z</time>
      </trkpt>
      <trkpt lat="22.217436" lon="113.302144">
        <ele>8.4</ele>
        <time>2024-07-06T12:12:01Z</time>
      </trkpt>
      <trkpt lat="22.217485" lon="113.302114">
        <ele>8.4</ele>
        <time>2024-07-06T12:12:02Z</time>
      </trkpt>
      <trkpt lat="22.217531" lon="113.302082">
        <ele>8.3</ele>
        <time>2024-07-06T12:12:03Z</time>
      </trkpt>
      <trkpt lat="22.217576" lon="113.302037">
        <ele>8.2</ele>
        <time>2024-07-06T12:12:04Z</time>
      </trkpt>
      <trkpt lat="22.217617" lon="113.301996">
        <ele>8.2</ele>
        <time>2024-07-06T12:12:05Z</time>
      </trkpt>
      <trkpt lat="22.217659" lon="113.301955">
        <ele>8.1</ele>
        <time>2024-07-06T12:12:06Z</time>
      </trkpt>
      <trkpt lat="22.217704" lon="113.301916">
        <ele>8.1</ele>
        <time>2024-07-06T12:12:07Z</time>
      </trkpt>
      <trkpt lat="22.217747" lon="113.30187">
        <ele>8</ele>
        <time>2024-07-06T12:12:08Z</time>
      </trkpt>
      <trkpt lat="22.217786" lon="113.301825">
        <ele>8</ele>
        <time>2024-07-06T12:12:09Z</time>
      </trkpt>
      <trkpt lat="22.217824" lon="113.301772">
        <ele>7.9</ele>
        <time>2024-07-06T12:12:10Z</time>
      </trkpt>
      <trkpt lat="22.217861" lon="113.301718">
        <ele>7.8</ele>
        <time>2024-07-06T12:12:11Z</time>
      </trkpt>
      <trkpt lat="22.217901" lon="113.301672">
        <ele>7.8</ele>
        <time>2024-07-06T12:12:12Z</time>
      </trkpt>
      <trkpt lat="22.217937" lon="113.301627">
        <ele>7.7</ele>
        <time>2024-07-06T12:12:13Z</time>
      </trkpt>
      <trkpt lat="22.217973" lon="113.301581">
        <ele>7.7</ele>
        <time>2024-07-06T12:12:14Z</time>
      </trkpt>
      <trkpt lat="22.218003" lon="113.301543">
        <ele>7.6</ele>
        <time>2024-07-06T12:12:15Z</time>
      </trkpt>
      <trkpt lat="22.21803" lon="113.301505">
        <ele>7.6</ele>
        <time>2024-07-06T12:12:16Z</time>
      </trkpt>
      <trkpt lat="22.218053" lon="113.301459">
        <ele>7.5</ele>
        <time>2024-07-06T12:12:17Z</time>
      </trkpt>
      <trkpt lat="22.218078" lon="113.301421">
        <ele>7.5</ele>
        <time>2024-07-06T12:12:18Z</time>
      </trkpt>
      <trkpt lat="22.218112" lon="113.301383">
        <ele>7.5</ele>
        <time>2024-07-06T12:12:19Z</time>
      </trkpt>
      <trkpt lat="22.218152" lon="113.301345">
        <ele>7.4</ele>
        <time>2024-07-06T12:12:20Z</time>
      </trkpt>
      <trkpt lat="22.218197" lon="113.301313">
        <ele>7.3</ele>
        <time>2024-07-06T12:12:21Z</time>
      </trkpt>
      <trkpt lat="22.21824" lon="113.301268">
        <ele>7.3</ele>
        <time>2024-07-06T12:12:22Z</time>
      </trkpt>
      <trkpt lat="22.218284" lon="113.30123">
        <ele>7.3</ele>
        <time>2024-07-06T12:12:23Z</time>
      </trkpt>
      <trkpt lat="22.218332" lon="113.301192">
        <ele>7.3</ele>
        <time>2024-07-06T12:12:24Z</time>
      </trkpt>
      <trkpt lat="22.218381" lon="113.301162">
        <ele>7.3</ele>
        <time>2024-07-06T12:12:25Z</time>
      </trkpt>
      <trkpt lat="22.218431" lon="113.301131">
        <ele>7.3</ele>
        <time>2024-07-06T12:12:26Z</time>
      </trkpt>
      <trkpt lat="22.218482" lon="113.301101">
        <ele>7.3</ele>
        <time>2024-07-06T12:12:27Z</time>
      </trkpt>
      <trkpt lat="22.218534" lon="113.301078">
        <ele>7.3</ele>
        <time>2024-07-06T12:12:28Z</time>
      </trkpt>
      <trkpt lat="22.218598" lon="113.301055">
        <ele>7.3</ele>
        <time>2024-07-06T12:12:29Z</time>
      </trkpt>
      <trkpt lat="22.218655" lon="113.30104">
        <ele>7.3</ele>
        <time>2024-07-06T12:12:30Z</time>
      </trkpt>
      <trkpt lat="22.218715" lon="113.301033">
        <ele>7.4</ele>
        <time>2024-07-06T12:12:31Z</time>
      </trkpt>
      <trkpt lat="22.218773" lon="113.301025">
        <ele>7.4</ele>
        <time>2024-07-06T12:12:32Z</time>
      </trkpt>
      <trkpt lat="22.218834" lon="113.301025">
        <ele>7.4</ele>
        <time>2024-07-06T12:12:33Z</time>
      </trkpt>
      <trkpt lat="22.218894" lon="113.301018">
        <ele>7.4</ele>
        <time>2024-07-06T12:12:34Z</time>
      </trkpt>
      <trkpt lat="22.218955" lon="113.301016">
        <ele>7.4</ele>
        <time>2024-07-06T12:12:35Z</time>
      </trkpt>
      <trkpt lat="22.219014" lon="113.301002">
        <ele>7.4</ele>
        <time>2024-07-06T12:12:36Z</time>
      </trkpt>
      <trkpt lat="22.219072" lon="113.301002">
        <ele>7.4</ele>
        <time>2024-07-06T12:12:37Z</time>
      </trkpt>
      <trkpt lat="22.219135" lon="113.300995">
        <ele>7.4</ele>
        <time>2024-07-06T12:12:38Z</time>
      </trkpt>
      <trkpt lat="22.219195" lon="113.300994">
        <ele>7.5</ele>
        <time>2024-07-06T12:12:39Z</time>
      </trkpt>
      <trkpt lat="22.219255" lon="113.300987">
        <ele>7.5</ele>
        <time>2024-07-06T12:12:40Z</time>
      </trkpt>
      <trkpt lat="22.219316" lon="113.300979">
        <ele>7.5</ele>
        <time>2024-07-06T12:12:41Z</time>
      </trkpt>
      <trkpt lat="22.219379" lon="113.300971">
        <ele>7.5</ele>
        <time>2024-07-06T12:12:42Z</time>
      </trkpt>
      <trkpt lat="22.219441" lon="113.300964">
        <ele>7.5</ele>
        <time>2024-07-06T12:12:43Z</time>
      </trkpt>
      <trkpt lat="22.2195" lon="113.300956">
        <ele>7.5</ele>
        <time>2024-07-06T12:12:44Z</time>
      </trkpt>
      <trkpt lat="22.219554" lon="113.300949">
        <ele>7.5</ele>
        <time>2024-07-06T12:12:45Z</time>
      </trkpt>
      <trkpt lat="22.219613" lon="113.30094">
        <ele>7.5</ele>
        <time>2024-07-06T12:12:46Z</time>
      </trkpt>
      <trkpt lat="22.219676" lon="113.300926">
        <ele>7.6</ele>
        <time>2024-07-06T12:12:47Z</time>
      </trkpt>
      <trkpt lat="22.219736" lon="113.300918">
        <ele>7.6</ele>
        <time>2024-07-06T12:12:48Z</time>
      </trkpt>
      <trkpt lat="22.219795" lon="113.30091">
        <ele>7.6</ele>
        <time>2024-07-06T12:12:49Z</time>
      </trkpt>
      <trkpt lat="22.219856" lon="113.300904">
        <ele>7.6</ele>
        <time>2024-07-06T12:12:50Z</time>
      </trkpt>
      <trkpt lat="22.219919" lon="113.30091">
        <ele>7.6</ele>
        <time>2024-07-06T12:12:51Z</time>
      </trkpt>
      <trkpt lat="22.219988" lon="113.300902">
        <ele>7.6</ele>
        <time>2024-07-06T12:12:52Z</time>
      </trkpt>
      <trkpt lat="22.220051" lon="113.300887">
        <ele>7.6</ele>
        <time>2024-07-06T12:12:53Z</time>
      </trkpt>
      <trkpt lat="22.220109" lon="113.300881">
        <ele>7.6</ele>
        <time>2024-07-06T12:12:54Z</time>
      </trkpt>
      <trkpt lat="22.220169" lon="113.300888">
        <ele>7.6</ele>
        <time>2024-07-06T12:12:55Z</time>
      </trkpt>
      <trkpt lat="22.220232" lon="113.300888">
        <ele>7.6</ele>
        <time>2024-07-06T12:12:56Z</time>
      </trkpt>
      <trkpt lat="22.220296" lon="113.300887">
        <ele>7.6</ele>
        <time>2024-07-06T12:12:57Z</time>
      </trkpt>
      <trkpt lat="22.220362" lon="113.30088">
        <ele>7.5</ele>
        <time>2024-07-06T12:12:58Z</time>
      </trkpt>
      <trkpt lat="22.220428" lon="113.300872">
        <ele>7.5</ele>
        <time>2024-07-06T12:12:59Z</time>
      </trkpt>
      <trkpt lat="22.220487" lon="113.300864">
        <ele>7.5</ele>
        <time>2024-07-06T12:13:00Z</time>
      </trkpt>
      <trkpt lat="22.220547" lon="113.300849">
        <ele>7.5</ele>
        <time>2024-07-06T12:13:01Z</time>
      </trkpt>
      <trkpt lat="22.220611" lon="113.300832">
        <ele>7.5</ele>
        <time>2024-07-06T12:13:02Z</time>
      </trkpt>
      <trkpt lat="22.220672" lon="113.300803">
        <ele>7.5</ele>
        <time>2024-07-06T12:13:03Z</time>
      </trkpt>
      <trkpt lat="22.220731" lon="113.300787">
        <ele>7.5</ele>
        <time>2024-07-06T12:13:04Z</time>
      </trkpt>
      <trkpt lat="22.22079" lon="113.300765">
        <ele>7.4</ele>
        <time>2024-07-06T12:13:05Z</time>
      </trkpt>
      <trkpt lat="22.22084" lon="113.300749">
        <ele>7.4</ele>
        <time>2024-07-06T12:13:06Z</time>
      </trkpt>
      <trkpt lat="22.220887" lon="113.300726">
        <ele>7.4</ele>
        <time>2024-07-06T12:13:07Z</time>
      </trkpt>
      <trkpt lat="22.22093" lon="113.300711">
        <ele>7.4</ele>
        <time>2024-07-06T12:13:08Z</time>
      </trkpt>
      <trkpt lat="22.220973" lon="113.300687">
        <ele>7.4</ele>
        <time>2024-07-06T12:13:09Z</time>
      </trkpt>
      <trkpt lat="22.22102" lon="113.300657">
        <ele>7.4</ele>
        <time>2024-07-06T12:13:10Z</time>
      </trkpt>
      <trkpt lat="22.221065" lon="113.300625">
        <ele>7.4</ele>
        <time>2024-07-06T12:13:11Z</time>
      </trkpt>
      <trkpt lat="22.221107" lon="113.300588">
        <ele>7.4</ele>
        <time>2024-07-06T12:13:12Z</time>
      </trkpt>
      <trkpt lat="22.221151" lon="113.300558">
        <ele>7.4</ele>
        <time>2024-07-06T12:13:13Z</time>
      </trkpt>
      <trkpt lat="22.221194" lon="113.300527">
        <ele>7.3</ele>
        <time>2024-07-06T12:13:14Z</time>
      </trkpt>
      <trkpt lat="22.22123" lon="113.300497">
        <ele>7.3</ele>
        <time>2024-07-06T12:13:15Z</time>
      </trkpt>
      <trkpt lat="22.221265" lon="113.300466">
        <ele>7.3</ele>
        <time>2024-07-06T12:13:16Z</time>
      </trkpt>
      <trkpt lat="22.221301" lon="113.300436">
        <ele>7.3</ele>
        <time>2024-07-06T12:13:17Z</time>
      </trkpt>
      <trkpt lat="22.22134" lon="113.300413">
        <ele>7.3</ele>
        <time>2024-07-06T12:13:18Z</time>
      </trkpt>
      <trkpt lat="22.221382" lon="113.300389">
        <ele>7.3</ele>
        <time>2024-07-06T12:13:19Z</time>
      </trkpt>
      <trkpt lat="22.221426" lon="113.300351">
        <ele>7.3</ele>
        <time>2024-07-06T12:13:20Z</time>
      </trkpt>
      <trkpt lat="22.221467" lon="113.300312">
        <ele>7.3</ele>
        <time>2024-07-06T12:13:21Z</time>
      </trkpt>
      <trkpt lat="22.221508" lon="113.300274">
        <ele>7.3</ele>
        <time>2024-07-06T12:13:22Z</time>
      </trkpt>
      <trkpt lat="22.221552" lon="113.300236">
        <ele>7.2</ele>
        <time>2024-07-06T12:13:23Z</time>
      </trkpt>
      <trkpt lat="22.221598" lon="113.300198">
        <ele>7.2</ele>
        <time>2024-07-06T12:13:24Z</time>
      </trkpt>
      <trkpt lat="22.221647" lon="113.30016">
        <ele>7.2</ele>
        <time>2024-07-06T12:13:25Z</time>
      </trkpt>
      <trkpt lat="22.221697" lon="113.300114">
        <ele>7.1</ele>
        <time>2024-07-06T12:13:26Z</time>
      </trkpt>
      <trkpt lat="22.221745" lon="113.300076">
        <ele>7</ele>
        <time>2024-07-06T12:13:27Z</time>
      </trkpt>
      <trkpt lat="22.221792" lon="113.300037">
        <ele>7</ele>
        <time>2024-07-06T12:13:28Z</time>
      </trkpt>
      <trkpt lat="22.221842" lon="113.299991">
        <ele>6.9</ele>
        <time>2024-07-06T12:13:29Z</time>
      </trkpt>
      <trkpt lat="22.221892" lon="113.299946">
        <ele>6.8</ele>
        <time>2024-07-06T12:13:30Z</time>
      </trkpt>
      <trkpt lat="22.221939" lon="113.2999">
        <ele>6.8</ele>
        <time>2024-07-06T12:13:31Z</time>
      </trkpt>
      <trkpt lat="22.221989" lon="113.299847">
        <ele>6.7</ele>
        <time>2024-07-06T12:13:32Z</time>
      </trkpt>
      <trkpt lat="22.222043" lon="113.2998">
        <ele>6.6</ele>
        <time>2024-07-06T12:13:33Z</time>
      </trkpt>
      <trkpt lat="22.2221" lon="113.299748">
        <ele>6.5</ele>
        <time>2024-07-06T12:13:34Z</time>
      </trkpt>
      <trkpt lat="22.222155" lon="113.299701">
        <ele>6.4</ele>
        <time>2024-07-06T12:13:35Z</time>
      </trkpt>
      <trkpt lat="22.22221" lon="113.299648">
        <ele>6.3</ele>
        <time>2024-07-06T12:13:36Z</time>
      </trkpt>
      <trkpt lat="22.222262" lon="113.299603">
        <ele>6.3</ele>
        <time>2024-07-06T12:13:37Z</time>
      </trkpt>
      <trkpt lat="22.222313" lon="113.299556">
        <ele>6.2</ele>
        <time>2024-07-06T12:13:38Z</time>
      </trkpt>
      <trkpt lat="22.222364" lon="113.299507">
        <ele>6.1</ele>
        <time>2024-07-06T12:13:39Z</time>
      </trkpt>
      <trkpt lat="22.222415" lon="113.299457">
        <ele>6</ele>
        <time>2024-07-06T12:13:40Z</time>
      </trkpt>
      <trkpt lat="22.222462" lon="113.299403">
        <ele>6</ele>
        <time>2024-07-06T12:13:41Z</time>
      </trkpt>
      <trkpt lat="22.222505" lon="113.29935">
        <ele>5.9</ele>
        <time>2024-07-06T12:13:42Z</time>
      </trkpt>
      <trkpt lat="22.222549" lon="113.299297">
        <ele>5.8</ele>
        <time>2024-07-06T12:13:43Z</time>
      </trkpt>
      <trkpt lat="22.222593" lon="113.299243">
        <ele>5.7</ele>
        <time>2024-07-06T12:13:44Z</time>
      </trkpt>
      <trkpt lat="22.222631" lon="113.29919">
        <ele>5.7</ele>
        <time>2024-07-06T12:13:45Z</time>
      </trkpt>
      <trkpt lat="22.222673" lon="113.299137">
        <ele>5.6</ele>
        <time>2024-07-06T12:13:46Z</time>
      </trkpt>
      <trkpt lat="22.222715" lon="113.299083">
        <ele>5.5</ele>
        <time>2024-07-06T12:13:47Z</time>
      </trkpt>
      <trkpt lat="22.222753" lon="113.299022">
        <ele>5.4</ele>
        <time>2024-07-06T12:13:48Z</time>
      </trkpt>
      <trkpt lat="22.222795" lon="113.298961">
        <ele>5.4</ele>
        <time>2024-07-06T12:13:49Z</time>
      </trkpt>
      <trkpt lat="22.222837" lon="113.298908">
        <ele>5.3</ele>
        <time>2024-07-06T12:13:50Z</time>
      </trkpt>
      <trkpt lat="22.222881" lon="113.29885">
        <ele>5.2</ele>
        <time>2024-07-06T12:13:51Z</time>
      </trkpt>
      <trkpt lat="22.222924" lon="113.298793">
        <ele>5.2</ele>
        <time>2024-07-06T12:13:52Z</time>
      </trkpt>
      <trkpt lat="22.222958" lon="113.298733">
        <ele>5.2</ele>
        <time>2024-07-06T12:13:53Z</time>
      </trkpt>
      <trkpt lat="22.222993" lon="113.298679">
        <ele>5.2</ele>
        <time>2024-07-06T12:13:54Z</time>
      </trkpt>
      <trkpt lat="22.223029" lon="113.29863">
        <ele>5.2</ele>
        <time>2024-07-06T12:13:55Z</time>
      </trkpt>
      <trkpt lat="22.223066" lon="113.298579">
        <ele>5.3</ele>
        <time>2024-07-06T12:13:56Z</time>
      </trkpt>
      <trkpt lat="22.223101" lon="113.298527">
        <ele>5.3</ele>
        <time>2024-07-06T12:13:57Z</time>
      </trkpt>
      <trkpt lat="22.223136" lon="113.298481">
        <ele>5.3</ele>
        <time>2024-07-06T12:13:58Z</time>
      </trkpt>
      <trkpt lat="22.223169" lon="113.298426">
        <ele>5.3</ele>
        <time>2024-07-06T12:13:59Z</time>
      </trkpt>
      <trkpt lat="22.223202" lon="113.298373">
        <ele>5.3</ele>
        <time>2024-07-06T12:14:00Z</time>
      </trkpt>
      <trkpt lat="22.223236" lon="113.298321">
        <ele>5.4</ele>
        <time>2024-07-06T12:14:01Z</time>
      </trkpt>
      <trkpt lat="22.223275" lon="113.298283">
        <ele>5.4</ele>
        <time>2024-07-06T12:14:02Z</time>
      </trkpt>
      <trkpt lat="22.223313" lon="113.298238">
        <ele>5.4</ele>
        <time>2024-07-06T12:14:03Z</time>
      </trkpt>
      <trkpt lat="22.223352" lon="113.298208">
        <ele>5.4</ele>
        <time>2024-07-06T12:14:04Z</time>
      </trkpt>
      <trkpt lat="22.223396" lon="113.298178">
        <ele>5.4</ele>
        <time>2024-07-06T12:14:05Z</time>
      </trkpt>
      <trkpt lat="22.223442" lon="113.298164">
        <ele>5.5</ele>
        <time>2024-07-06T12:14:06Z</time>
      </trkpt>
      <trkpt lat="22.223488" lon="113.298157">
        <ele>5.5</ele>
        <time>2024-07-06T12:14:07Z</time>
      </trkpt>
      <trkpt lat="22.223532" lon="113.298157">
        <ele>5.5</ele>
        <time>2024-07-06T12:14:08Z</time>
      </trkpt>
      <trkpt lat="22.223573" lon="113.298165">
        <ele>5.5</ele>
        <time>2024-07-06T12:14:09Z</time>
      </trkpt>
      <trkpt lat="22.223617" lon="113.298173">
        <ele>5.5</ele>
        <time>2024-07-06T12:14:10Z</time>
      </trkpt>
      <trkpt lat="22.223659" lon="113.29819">
        <ele>5.5</ele>
        <time>2024-07-06T12:14:11Z</time>
      </trkpt>
      <trkpt lat="22.223698" lon="113.298221">
        <ele>5.5</ele>
        <time>2024-07-06T12:14:12Z</time>
      </trkpt>
      <trkpt lat="22.223735" lon="113.298259">
        <ele>5.6</ele>
        <time>2024-07-06T12:14:13Z</time>
      </trkpt>
      <trkpt lat="22.223771" lon="113.298298">
        <ele>5.6</ele>
        <time>2024-07-06T12:14:14Z</time>
      </trkpt>
      <trkpt lat="22.2238" lon="113.298344">
        <ele>5.6</ele>
        <time>2024-07-06T12:14:15Z</time>
      </trkpt>
      <trkpt lat="22.22383" lon="113.298389">
        <ele>5.6</ele>
        <time>2024-07-06T12:14:16Z</time>
      </trkpt>
      <trkpt lat="22.223858" lon="113.298435">
        <ele>5.6</ele>
        <time>2024-07-06T12:14:17Z</time>
      </trkpt>
      <trkpt lat="22.223888" lon="113.298482">
        <ele>5.6</ele>
        <time>2024-07-06T12:14:18Z</time>
      </trkpt>
      <trkpt lat="22.223925" lon="113.298531">
        <ele>5.7</ele>
        <time>2024-07-06T12:14:19Z</time>
      </trkpt>
      <trkpt lat="22.223962" lon="113.298581">
        <ele>5.7</ele>
        <time>2024-07-06T12:14:20Z</time>
      </trkpt>
      <trkpt lat="22.223998" lon="113.298633">
        <ele>5.7</ele>
        <time>2024-07-06T12:14:21Z</time>
      </trkpt>
      <trkpt lat="22.224034" lon="113.29868">
        <ele>5.7</ele>
        <time>2024-07-06T12:14:22Z</time>
      </trkpt>
      <trkpt lat="22.224069" lon="113.298733">
        <ele>5.7</ele>
        <time>2024-07-06T12:14:23Z</time>
      </trkpt>
      <trkpt lat="22.224105" lon="113.298786">
        <ele>5.8</ele>
        <time>2024-07-06T12:14:24Z</time>
      </trkpt>
      <trkpt lat="22.224141" lon="113.298836">
        <ele>5.9</ele>
        <time>2024-07-06T12:14:25Z</time>
      </trkpt>
      <trkpt lat="22.224177" lon="113.298885">
        <ele>6.1</ele>
        <time>2024-07-06T12:14:26Z</time>
      </trkpt>
      <trkpt lat="22.224218" lon="113.298931">
        <ele>6.3</ele>
        <time>2024-07-06T12:14:27Z</time>
      </trkpt>
      <trkpt lat="22.22426" lon="113.298985">
        <ele>6.5</ele>
        <time>2024-07-06T12:14:28Z</time>
      </trkpt>
      <trkpt lat="22.2243" lon="113.299038">
        <ele>6.7</ele>
        <time>2024-07-06T12:14:29Z</time>
      </trkpt>
      <trkpt lat="22.224339" lon="113.299092">
        <ele>6.9</ele>
        <time>2024-07-06T12:14:30Z</time>
      </trkpt>
      <trkpt lat="22.22437" lon="113.299153">
        <ele>7.1</ele>
        <time>2024-07-06T12:14:31Z</time>
      </trkpt>
      <trkpt lat="22.224404" lon="113.299214">
        <ele>7.3</ele>
        <time>2024-07-06T12:14:32Z</time>
      </trkpt>
      <trkpt lat="22.224439" lon="113.299275">
        <ele>7.6</ele>
        <time>2024-07-06T12:14:33Z</time>
      </trkpt>
      <trkpt lat="22.224478" lon="113.299335">
        <ele>7.8</ele>
        <time>2024-07-06T12:14:34Z</time>
      </trkpt>
      <trkpt lat="22.22452" lon="113.299393">
        <ele>8</ele>
        <time>2024-07-06T12:14:35Z</time>
      </trkpt>
      <trkpt lat="22.224561" lon="113.29945">
        <ele>8.2</ele>
        <time>2024-07-06T12:14:36Z</time>
      </trkpt>
      <trkpt lat="22.224599" lon="113.299504">
        <ele>8.4</ele>
        <time>2024-07-06T12:14:37Z</time>
      </trkpt>
      <trkpt lat="22.224639" lon="113.299561">
        <ele>8.7</ele>
        <time>2024-07-06T12:14:38Z</time>
      </trkpt>
      <trkpt lat="22.224679" lon="113.299618">
        <ele>8.9</ele>
        <time>2024-07-06T12:14:39Z</time>
      </trkpt>
      <trkpt lat="22.224717" lon="113.299671">
        <ele>9.1</ele>
        <time>2024-07-06T12:14:40Z</time>
      </trkpt>
      <trkpt lat="22.224755" lon="113.299724">
        <ele>9.3</ele>
        <time>2024-07-06T12:14:41Z</time>
      </trkpt>
      <trkpt lat="22.224795" lon="113.299782">
        <ele>9.5</ele>
        <time>2024-07-06T12:14:42Z</time>
      </trkpt>
      <trkpt lat="22.224836" lon="113.299839">
        <ele>9.7</ele>
        <time>2024-07-06T12:14:43Z</time>
      </trkpt>
      <trkpt lat="22.224875" lon="113.299892">
        <ele>9.9</ele>
        <time>2024-07-06T12:14:44Z</time>
      </trkpt>
      <trkpt lat="22.224914" lon="113.29995">
        <ele>10.2</ele>
        <time>2024-07-06T12:14:45Z</time>
      </trkpt>
      <trkpt lat="22.224953" lon="113.300007">
        <ele>10.4</ele>
        <time>2024-07-06T12:14:46Z</time>
      </trkpt>
      <trkpt lat="22.224992" lon="113.300068">
        <ele>10.6</ele>
        <time>2024-07-06T12:14:47Z</time>
      </trkpt>
      <trkpt lat="22.22503" lon="113.300129">
        <ele>10.8</ele>
        <time>2024-07-06T12:14:48Z</time>
      </trkpt>
      <trkpt lat="22.225065" lon="113.300184">
        <ele>11</ele>
        <time>2024-07-06T12:14:49Z</time>
      </trkpt>
      <trkpt lat="22.225106" lon="113.300244">
        <ele>11.3</ele>
        <time>2024-07-06T12:14:50Z</time>
      </trkpt>
      <trkpt lat="22.225145" lon="113.300305">
        <ele>11.5</ele>
        <time>2024-07-06T12:14:51Z</time>
      </trkpt>
      <trkpt lat="22.225185" lon="113.300359">
        <ele>11.7</ele>
        <time>2024-07-06T12:14:52Z</time>
      </trkpt>
      <trkpt lat="22.225227" lon="113.30042">
        <ele>11.7</ele>
        <time>2024-07-06T12:14:53Z</time>
      </trkpt>
      <trkpt lat="22.225267" lon="113.30048">
        <ele>11.6</ele>
        <time>2024-07-06T12:14:54Z</time>
      </trkpt>
      <trkpt lat="22.225305" lon="113.300534">
        <ele>11.5</ele>
        <time>2024-07-06T12:14:55Z</time>
      </trkpt>
      <trkpt lat="22.225342" lon="113.300594">
        <ele>11.4</ele>
        <time>2024-07-06T12:14:56Z</time>
      </trkpt>
      <trkpt lat="22.225381" lon="113.300649">
        <ele>11.3</ele>
        <time>2024-07-06T12:14:57Z</time>
      </trkpt>
      <trkpt lat="22.225414" lon="113.300708">
        <ele>11.2</ele>
        <time>2024-07-06T12:14:58Z</time>
      </trkpt>
      <trkpt lat="22.225445" lon="113.300761">
        <ele>11.1</ele>
        <time>2024-07-06T12:14:59Z</time>
      </trkpt>
      <trkpt lat="22.22548" lon="113.300807">
        <ele>11</ele>
        <time>2024-07-06T12:15:00Z</time>
      </trkpt>
      <trkpt lat="22.225514" lon="113.300853">
        <ele>10.9</ele>
        <time>2024-07-06T12:15:01Z</time>
      </trkpt>
      <trkpt lat="22.225548" lon="113.3009">
        <ele>10.8</ele>
        <time>2024-07-06T12:15:02Z</time>
      </trkpt>
      <trkpt lat="22.225581" lon="113.300953">
        <ele>10.7</ele>
        <time>2024-07-06T12:15:03Z</time>
      </trkpt>
      <trkpt lat="22.225617" lon="113.301007">
        <ele>10.6</ele>
        <time>2024-07-06T12:15:04Z</time>
      </trkpt>
      <trkpt lat="22.22565" lon="113.301068">
        <ele>10.5</ele>
        <time>2024-07-06T12:15:05Z</time>
      </trkpt>
      <trkpt lat="22.225681" lon="113.301121">
        <ele>10.4</ele>
        <time>2024-07-06T12:15:06Z</time>
      </trkpt>
      <trkpt lat="22.22571" lon="113.301182">
        <ele>10.3</ele>
        <time>2024-07-06T12:15:07Z</time>
      </trkpt>
      <trkpt lat="22.225742" lon="113.301234">
        <ele>10.2</ele>
        <time>2024-07-06T12:15:08Z</time>
      </trkpt>
      <trkpt lat="22.225774" lon="113.301273">
        <ele>10.2</ele>
        <time>2024-07-06T12:15:09Z</time>
      </trkpt>
      <trkpt lat="22.225812" lon="113.301319">
        <ele>10.1</ele>
        <time>2024-07-06T12:15:10Z</time>
      </trkpt>
      <trkpt lat="22.225847" lon="113.301364">
        <ele>10</ele>
        <time>2024-07-06T12:15:11Z</time>
      </trkpt>
      <trkpt lat="22.225878" lon="113.30141">
        <ele>9.9</ele>
        <time>2024-07-06T12:15:12Z</time>
      </trkpt>
      <trkpt lat="22.225904" lon="113.301455">
        <ele>9.8</ele>
        <time>2024-07-06T12:15:13Z</time>
      </trkpt>
      <trkpt lat="22.225931" lon="113.301493">
        <ele>9.8</ele>
        <time>2024-07-06T12:15:14Z</time>
      </trkpt>
      <trkpt lat="22.225956" lon="113.301523">
        <ele>9.7</ele>
        <time>2024-07-06T12:15:15Z</time>
      </trkpt>
      <trkpt lat="22.225981" lon="113.301545">
        <ele>9.6</ele>
        <time>2024-07-06T12:15:16Z</time>
      </trkpt>
      <trkpt lat="22.226012" lon="113.301559">
        <ele>9.6</ele>
        <time>2024-07-06T12:15:17Z</time>
      </trkpt>
      <trkpt lat="22.226042" lon="113.301551">
        <ele>9.5</ele>
        <time>2024-07-06T12:15:18Z</time>
      </trkpt>
      <trkpt lat="22.226072" lon="113.301535">
        <ele>9.5</ele>
        <time>2024-07-06T12:15:19Z</time>
      </trkpt>
      <trkpt lat="22.226099" lon="113.301511">
        <ele>9.4</ele>
        <time>2024-07-06T12:15:20Z</time>
      </trkpt>
      <trkpt lat="22.226123" lon="113.301482">
        <ele>9.4</ele>
        <time>2024-07-06T12:15:21Z</time>
      </trkpt>
      <trkpt lat="22.226137" lon="113.301468">
        <ele>9.3</ele>
        <time>2024-07-06T12:15:22Z</time>
      </trkpt>
      <trkpt lat="22.226141" lon="113.301464">
        <ele>9.3</ele>
        <time>2024-07-06T12:15:23Z</time>
      </trkpt>
      <trkpt lat="22.226207" lon="113.301382">
        <ele>9.2</ele>
        <time>2024-07-06T12:16:12Z</time>
      </trkpt>
      <trkpt lat="22.226226" lon="113.30136">
        <ele>9.1</ele>
        <time>2024-07-06T12:16:13Z</time>
      </trkpt>
      <trkpt lat="22.226249" lon="113.301345">
        <ele>9.1</ele>
        <time>2024-07-06T12:16:14Z</time>
      </trkpt>
      <trkpt lat="22.226272" lon="113.301338">
        <ele>9.1</ele>
        <time>2024-07-06T12:16:15Z</time>
      </trkpt>
      <trkpt lat="22.226287" lon="113.301331">
        <ele>9</ele>
        <time>2024-07-06T12:16:16Z</time>
      </trkpt>
      <trkpt lat="22.226308" lon="113.301332">
        <ele>9</ele>
        <time>2024-07-06T12:16:17Z</time>
      </trkpt>
      <trkpt lat="22.226329" lon="113.301347">
        <ele>9</ele>
        <time>2024-07-06T12:16:18Z</time>
      </trkpt>
      <trkpt lat="22.226352" lon="113.301358">
        <ele>8.9</ele>
        <time>2024-07-06T12:16:19Z</time>
      </trkpt>
      <trkpt lat="22.226376" lon="113.301369">
        <ele>8.9</ele>
        <time>2024-07-06T12:16:20Z</time>
      </trkpt>
      <trkpt lat="22.226404" lon="113.301376">
        <ele>8.9</ele>
        <time>2024-07-06T12:16:21Z</time>
      </trkpt>
      <trkpt lat="22.226423" lon="113.301377">
        <ele>8.9</ele>
        <time>2024-07-06T12:16:22Z</time>
      </trkpt>
      <trkpt lat="22.226427" lon="113.301384">
        <ele>8.9</ele>
        <time>2024-07-06T12:16:23Z</time>
      </trkpt>
      <trkpt lat="22.226431" lon="113.301385">
        <ele>8.9</ele>
        <time>2024-07-06T12:16:24Z</time>
      </trkpt>
      <trkpt lat="22.226433" lon="113.301392">
        <ele>8.9</ele>
        <time>2024-07-06T12:16:25Z</time>
      </trkpt>
      <trkpt lat="22.226435" lon="113.301408">
        <ele>8.9</ele>
        <time>2024-07-06T12:16:26Z</time>
      </trkpt>
      <trkpt lat="22.226435" lon="113.301422">
        <ele>8.9</ele>
        <time>2024-07-06T12:16:27Z</time>
      </trkpt>
      <trkpt lat="22.226433" lon="113.301422">
        <ele>8.9</ele>
        <time>2024-07-06T12:16:28Z</time>
      </trkpt>
      <trkpt lat="22.226433" lon="113.301422">
        <ele>8.9</ele>
        <time>2024-07-06T12:16:29Z</time>
      </trkpt>
      <trkpt lat="22.226433" lon="113.301422">
        <ele>8.9</ele>
        <time>2024-07-06T12:16:30Z</time>
      </trkpt>
      <trkpt lat="22.226433" lon="113.301422">
        <ele>8.9</ele>
        <time>2024-07-06T12:16:31Z</time>
      </trkpt>
      <trkpt lat="22.226433" lon="113.301422">
        <ele>8.9</ele>
        <time>2024-07-06T12:16:32Z</time>
      </trkpt>
      <trkpt lat="22.226433" lon="113.301422">
        <ele>8.9</ele>
        <time>2024-07-06T12:16:33Z</time>
      </trkpt>
      <trkpt lat="22.226489" lon="113.30149">
        <ele>8.9</ele>
        <time>2024-07-06T12:16:46Z</time>
      </trkpt>
      <trkpt lat="22.226523" lon="113.301482">
        <ele>8.9</ele>
        <time>2024-07-06T12:16:47Z</time>
      </trkpt>
      <trkpt lat="22.226553" lon="113.301458">
        <ele>8.9</ele>
        <time>2024-07-06T12:16:48Z</time>
      </trkpt>
      <trkpt lat="22.226575" lon="113.301427">
        <ele>8.9</ele>
        <time>2024-07-06T12:16:49Z</time>
      </trkpt>
      <trkpt lat="22.226601" lon="113.30139">
        <ele>8.9</ele>
        <time>2024-07-06T12:16:50Z</time>
      </trkpt>
      <trkpt lat="22.226629" lon="113.301367">
        <ele>8.9</ele>
        <time>2024-07-06T12:16:51Z</time>
      </trkpt>
      <trkpt lat="22.22666" lon="113.301337">
        <ele>8.9</ele>
        <time>2024-07-06T12:16:52Z</time>
      </trkpt>
      <trkpt lat="22.226691" lon="113.301313">
        <ele>8.9</ele>
        <time>2024-07-06T12:16:53Z</time>
      </trkpt>
      <trkpt lat="22.226726" lon="113.301284">
        <ele>8.9</ele>
        <time>2024-07-06T12:16:54Z</time>
      </trkpt>
      <trkpt lat="22.226763" lon="113.301259">
        <ele>8.9</ele>
        <time>2024-07-06T12:16:55Z</time>
      </trkpt>
      <trkpt lat="22.2268" lon="113.301221">
        <ele>8.9</ele>
        <time>2024-07-06T12:16:56Z</time>
      </trkpt>
      <trkpt lat="22.226835" lon="113.301184">
        <ele>8.9</ele>
        <time>2024-07-06T12:16:57Z</time>
      </trkpt>
      <trkpt lat="22.226868" lon="113.301153">
        <ele>8.9</ele>
        <time>2024-07-06T12:16:58Z</time>
      </trkpt>
      <trkpt lat="22.226909" lon="113.301123">
        <ele>8.9</ele>
        <time>2024-07-06T12:16:59Z</time>
      </trkpt>
      <trkpt lat="22.226953" lon="113.301092">
        <ele>8.9</ele>
        <time>2024-07-06T12:17:00Z</time>
      </trkpt>
      <trkpt lat="22.227001" lon="113.301061">
        <ele>8.9</ele>
        <time>2024-07-06T12:17:01Z</time>
      </trkpt>
      <trkpt lat="22.227046" lon="113.301023">
        <ele>8.9</ele>
        <time>2024-07-06T12:17:02Z</time>
      </trkpt>
      <trkpt lat="22.227088" lon="113.300985">
        <ele>8.9</ele>
        <time>2024-07-06T12:17:03Z</time>
      </trkpt>
      <trkpt lat="22.227134" lon="113.300946">
        <ele>8.9</ele>
        <time>2024-07-06T12:17:04Z</time>
      </trkpt>
      <trkpt lat="22.227174" lon="113.300909">
        <ele>8.9</ele>
        <time>2024-07-06T12:17:05Z</time>
      </trkpt>
      <trkpt lat="22.227222" lon="113.300871">
        <ele>8.9</ele>
        <time>2024-07-06T12:17:06Z</time>
      </trkpt>
      <trkpt lat="22.227265" lon="113.300839">
        <ele>8.9</ele>
        <time>2024-07-06T12:17:07Z</time>
      </trkpt>
      <trkpt lat="22.227305" lon="113.300794">
        <ele>8.9</ele>
        <time>2024-07-06T12:17:08Z</time>
      </trkpt>
      <trkpt lat="22.227352" lon="113.300756">
        <ele>8.9</ele>
        <time>2024-07-06T12:17:09Z</time>
      </trkpt>
      <trkpt lat="22.227399" lon="113.300725">
        <ele>8.9</ele>
        <time>2024-07-06T12:17:10Z</time>
      </trkpt>
      <trkpt lat="22.227442" lon="113.300687">
        <ele>8.9</ele>
        <time>2024-07-06T12:17:11Z</time>
      </trkpt>
      <trkpt lat="22.227485" lon="113.300649">
        <ele>8.9</ele>
        <time>2024-07-06T12:17:12Z</time>
      </trkpt>
      <trkpt lat="22.227529" lon="113.300619">
        <ele>8.9</ele>
        <time>2024-07-06T12:17:13Z</time>
      </trkpt>
      <trkpt lat="22.227574" lon="113.300588">
        <ele>8.9</ele>
        <time>2024-07-06T12:17:14Z</time>
      </trkpt>
      <trkpt lat="22.227618" lon="113.300551">
        <ele>8.9</ele>
        <time>2024-07-06T12:17:15Z</time>
      </trkpt>
      <trkpt lat="22.227656" lon="113.300519">
        <ele>8.9</ele>
        <time>2024-07-06T12:17:16Z</time>
      </trkpt>
      <trkpt lat="22.227692" lon="113.300481">
        <ele>8.9</ele>
        <time>2024-07-06T12:17:17Z</time>
      </trkpt>
      <trkpt lat="22.227729" lon="113.300443">
        <ele>8.9</ele>
        <time>2024-07-06T12:17:18Z</time>
      </trkpt>
      <trkpt lat="22.227767" lon="113.300405">
        <ele>8.9</ele>
        <time>2024-07-06T12:17:19Z</time>
      </trkpt>
      <trkpt lat="22.227805" lon="113.300375">
        <ele>8.9</ele>
        <time>2024-07-06T12:17:20Z</time>
      </trkpt>
      <trkpt lat="22.227843" lon="113.300344">
        <ele>8.9</ele>
        <time>2024-07-06T12:17:21Z</time>
      </trkpt>
      <trkpt lat="22.227883" lon="113.300313">
        <ele>8.9</ele>
        <time>2024-07-06T12:17:22Z</time>
      </trkpt>
      <trkpt lat="22.227923" lon="113.300276">
        <ele>8.9</ele>
        <time>2024-07-06T12:17:23Z</time>
      </trkpt>
      <trkpt lat="22.227959" lon="113.300245">
        <ele>8.9</ele>
        <time>2024-07-06T12:17:24Z</time>
      </trkpt>
      <trkpt lat="22.227997" lon="113.300207">
        <ele>8.9</ele>
        <time>2024-07-06T12:17:25Z</time>
      </trkpt>
      <trkpt lat="22.228035" lon="113.300176">
        <ele>8.9</ele>
        <time>2024-07-06T12:17:26Z</time>
      </trkpt>
      <trkpt lat="22.228074" lon="113.300138">
        <ele>8.9</ele>
        <time>2024-07-06T12:17:27Z</time>
      </trkpt>
      <trkpt lat="22.228108" lon="113.300108">
        <ele>8.9</ele>
        <time>2024-07-06T12:17:28Z</time>
      </trkpt>
      <trkpt lat="22.228142" lon="113.300077">
        <ele>8.9</ele>
        <time>2024-07-06T12:17:29Z</time>
      </trkpt>
      <trkpt lat="22.228175" lon="113.300047">
        <ele>8.9</ele>
        <time>2024-07-06T12:17:30Z</time>
      </trkpt>
      <trkpt lat="22.228209" lon="113.300016">
        <ele>8.9</ele>
        <time>2024-07-06T12:17:31Z</time>
      </trkpt>
      <trkpt lat="22.228245" lon="113.299986">
        <ele>8.9</ele>
        <time>2024-07-06T12:17:32Z</time>
      </trkpt>
      <trkpt lat="22.22828" lon="113.299955">
        <ele>8.9</ele>
        <time>2024-07-06T12:17:33Z</time>
      </trkpt>
      <trkpt lat="22.22831" lon="113.299933">
        <ele>8.9</ele>
        <time>2024-07-06T12:17:34Z</time>
      </trkpt>
      <trkpt lat="22.228341" lon="113.299912">
        <ele>8.9</ele>
        <time>2024-07-06T12:17:35Z</time>
      </trkpt>
      <trkpt lat="22.228377" lon="113.299912">
        <ele>8.9</ele>
        <time>2024-07-06T12:17:36Z</time>
      </trkpt>
      <trkpt lat="22.228407" lon="113.29992">
        <ele>8.9</ele>
        <time>2024-07-06T12:17:37Z</time>
      </trkpt>
      <trkpt lat="22.228437" lon="113.299926">
        <ele>8.9</ele>
        <time>2024-07-06T12:17:38Z</time>
      </trkpt>
      <trkpt lat="22.228461" lon="113.299918">
        <ele>8.9</ele>
        <time>2024-07-06T12:17:39Z</time>
      </trkpt>
      <trkpt lat="22.228474" lon="113.299902">
        <ele>8.9</ele>
        <time>2024-07-06T12:17:40Z</time>
      </trkpt>
      <trkpt lat="22.228484" lon="113.29988">
        <ele>8.9</ele>
        <time>2024-07-06T12:17:41Z</time>
      </trkpt>
      <trkpt lat="22.228492" lon="113.299865">
        <ele>8.9</ele>
        <time>2024-07-06T12:17:42Z</time>
      </trkpt>
      <trkpt lat="22.228505" lon="113.29985">
        <ele>8.9</ele>
        <time>2024-07-06T12:17:43Z</time>
      </trkpt>
      <trkpt lat="22.228525" lon="113.299842">
        <ele>8.9</ele>
        <time>2024-07-06T12:17:44Z</time>
      </trkpt>
      <trkpt lat="22.228542" lon="113.299835">
        <ele>8.9</ele>
        <time>2024-07-06T12:17:45Z</time>
      </trkpt>
      <trkpt lat="22.228561" lon="113.299828">
        <ele>8.9</ele>
        <time>2024-07-06T12:17:46Z</time>
      </trkpt>
      <trkpt lat="22.228581" lon="113.299835">
        <ele>8.9</ele>
        <time>2024-07-06T12:17:47Z</time>
      </trkpt>
      <trkpt lat="22.228601" lon="113.299844">
        <ele>8.9</ele>
        <time>2024-07-06T12:17:48Z</time>
      </trkpt>
      <trkpt lat="22.22862" lon="113.299867">
        <ele>8.9</ele>
        <time>2024-07-06T12:17:49Z</time>
      </trkpt>
      <trkpt lat="22.228639" lon="113.299882">
        <ele>8.9</ele>
        <time>2024-07-06T12:17:50Z</time>
      </trkpt>
      <trkpt lat="22.228664" lon="113.299897">
        <ele>8.9</ele>
        <time>2024-07-06T12:17:51Z</time>
      </trkpt>
      <trkpt lat="22.228694" lon="113.299912">
        <ele>8.9</ele>
        <time>2024-07-06T12:17:52Z</time>
      </trkpt>
    </trkseg>
  </trk>
</gpx>